MonthYear,Year,Month,Region,DissAmmonia,DissNitrate,DissNitrateNitrite,DissOrthophos,DON,TKN,TotPhos,Temperature,Salinity,Turbidity,DissolvedOxygen,Chlorophyll,pH,MVI,MVI_round,Sac_Inflow,SJR_Inflow,Total_Inflow,Sac_Index,Sac_WYtype,SJ_Index,SJ_WYtype,Clam_Filtration,Clam_Turnover,CorbiculaBiomass,PotamocorbulaBiomass,VegIndex_Subm,VegIndex_Surf,Wind_max,Wind_Ndays_AvLt3.0,Wind_Lstr_AvLt3.0,Wind_Ndays_AvLt4.5,Wind_Lstr_AvLt4.5,bv_Centric Diatoms,bv_Cryptophytes,bv_Cyanobacteria,bv_Green Algae,bv_Pennate Diatoms,units_Centric Diatoms,units_Cryptophytes,units_Cyanobacteria,units_Green Algae,units_Pennate Diatoms
Jan-2010,2010,1,Confluence,0.204,2.4,0.524,0.066,0.17500000000000002,0.5599999999999999,0.11,9.243366387622192,1.858834627097552,30.485333366458786,9.80625,1.5016666666666667,7.1683689931865615,NA,NA,831070,60610,981139,7.08,BN,3.55,AN,0.3375,0.255,10.9225,0.0275,NA,NA,8.14,14,5,22,20,NA,NA,NA,NA,NA,NA,NA,NA,NA,NA
Jan-2010,2010,1,North,0.13,1.411111111111111,0.28200000000000003,0.123,0.2,0.7154187,0.202,9.28166667620341,0.2048557075597003,22.269230622511635,8.79054054054054,1.94,7.586503112330296,NA,NA,831070,60610,981139,7.08,BN,3.55,AN,NA,NA,NA,NA,NA,NA,8.09,14,8,21,12,NA,NA,NA,NA,NA,NA,NA,NA,NA,NA
Jan-2010,2010,1,SouthCentral,0.10785714285714286,5.9625,1.2510714285714286,0.09178571428571429,0.3,0.60016625,0.16214285714285714,9.471428612300327,0.3299655047210015,19.351999942588805,9.725294117647058,2.603529411764706,7.768018170871249,NA,NA,831070,60610,981139,7.08,BN,3.55,AN,0.013333333333333332,0.013333333333333332,2.1366666666666667,0,NA,NA,10.31,8,2,18,12,NA,NA,NA,NA,NA,NA,NA,NA,NA,NA
Jan-2010,2010,1,Suisun Bay,0.19333333333333333,NA,0.5133333333333334,0.06333333333333334,0.3,0.6,0.10666666666666667,9.482666666666667,10.353802025287163,18.85789459630062,9.733333333333334,1.6185714285714285,7.369846489680825,NA,NA,831070,60610,981139,7.08,BN,3.55,AN,0.52,0.53,0,1.745,NA,NA,10.63,2,1,10,3,NA,NA,NA,NA,NA,NA,NA,NA,NA,NA
Jan-2010,2010,1,Suisun Marsh,NA,NA,NA,NA,NA,NA,NA,9.586363627693869,5.730025289761169,25.790909333662555,8.634615384615385,1.7750000000000001,7.247128104620114,NA,NA,831070,60610,981139,7.08,BN,3.55,AN,NA,NA,NA,NA,NA,NA,9.37,8,2,18,6,NA,NA,NA,NA,NA,NA,NA,NA,NA,NA
Feb-2010,2010,2,Confluence,0.10666666666666667,2.3,0.48333333333333334,0.05333333333333334,0.45,0.6666666666666666,0.18,11.227156870217694,0.12873873941677053,54.83595511199268,9.2425,1.324,7.5783227161525195,NA,NA,811800,67920,988266,7.08,BN,3.55,AN,0.2475,0.2025,6.68,0.0025,NA,NA,8.64,10,7,13,8,NA,NA,NA,NA,NA,NA,NA,NA,NA,NA
Feb-2010,2010,2,North,0.052222222222222225,0.875,0.1788888888888889,0.08222222222222222,0.5,0.6444444444444445,0.16555555555555557,11.23730159335666,0.19464807663873945,60.22307733389048,7.602162162162162,1.6,7.858953677235136,NA,NA,811800,67920,988266,7.08,BN,3.55,AN,NA,NA,NA,NA,NA,NA,8.58,10,6,13,8,NA,NA,NA,NA,NA,NA,NA,NA,NA,NA
Feb-2010,2010,2,SouthCentral,0.085,3.8333333333333335,0.957,0.119,0.525,0.84,0.18,11.723521126760563,0.23904678042165928,19.844074109395343,9.14,8.25,7.673907973142676,NA,NA,811800,67920,988266,7.08,BN,3.55,AN,0.09,0.08666666666666667,5.22,0,NA,NA,9.95,8,6,14,8,NA,NA,NA,NA,NA,NA,NA,NA,NA,NA
Feb-2010,2010,2,Suisun Bay,0.11,NA,0.4375,0.055,0.475,0.625,0.10500000000000001,10.869677450118528,0.5748905171454215,68.85714285714286,9.225,1.6914285714285715,7.501184784122795,NA,NA,811800,67920,988266,7.08,BN,3.55,AN,0.775,0.72,0,2.005,NA,NA,10.24,2,1,14,5,NA,NA,NA,NA,NA,NA,NA,NA,NA,NA
Feb-2010,2010,2,Suisun Marsh,NA,NA,NA,NA,NA,NA,NA,12.135000009536741,1.2577903637488124,56.92727238048207,6.959090909090909,1.165,7.21790820017657,NA,NA,811800,67920,988266,7.08,BN,3.55,AN,NA,NA,NA,NA,NA,NA,10.01,4,2,12,7,NA,NA,NA,NA,NA,NA,NA,NA,NA,NA
Mar-2010,2010,3,Confluence,0.10333333333333333,2.2,0.41333333333333333,0.05333333333333334,0.55,0.6333333333333333,0.10333333333333333,12.818181829741507,0.18353234054224937,30.302340364765822,9.7025,2.4718181818181817,7.910043080405274,NA,NA,612100,90960,750926,7.08,BN,3.55,AN,0.7333333333333334,0.5800000000000001,14.243333333333332,0.0033333333333333335,NA,NA,10.06,5,2,13,3,NA,NA,NA,NA,NA,NA,NA,NA,NA,NA
Mar-2010,2010,3,North,0.06047322222222222,0.945508,0.1911118888888889,0.08222222222222222,0.3,0.7,0.17333333333333334,13.27209300329519,0.2858920993256441,24.638461626493015,9.496818181818181,2.09,7.266253014006478,NA,NA,612100,90960,750926,7.08,BN,3.55,AN,NA,NA,NA,NA,NA,NA,9.31,6,2,12,3,NA,NA,NA,NA,NA,NA,NA,NA,NA,NA
Mar-2010,2010,3,SouthCentral,0.0608664,3.333333333333333,0.6960000000000001,0.075,0.7,0.74,0.115,14.187669919578777,0.22093143257097123,13.041818208549962,9.8488,20.754,7.859816345679905,NA,NA,612100,90960,750926,7.08,BN,3.55,AN,0.05,0.043333333333333335,4.183333333333334,0,NA,NA,11.12,3,1,10,2,NA,NA,NA,NA,NA,NA,NA,NA,NA,NA
Mar-2010,2010,3,Suisun Bay,0.11,NA,0.46599999999999997,0.07,0.44,0.6599999999999999,0.114,13.436666698455815,2.423453236644385,52.336363705721766,9.72,3.0766666666666667,7.946202754292347,NA,NA,612100,90960,750926,7.08,BN,3.55,AN,1.075,0.9500000000000001,0,2.725,NA,NA,13.59,0,0,9,3,NA,NA,NA,NA,NA,NA,NA,NA,NA,NA
Mar-2010,2010,3,Suisun Marsh,NA,NA,NA,NA,NA,NA,NA,13.6846153479356,1.3261355775837296,92.48181818181818,8.302727272727273,1.125,7.71781498754196,NA,NA,612100,90960,750926,7.08,BN,3.55,AN,NA,NA,NA,NA,NA,NA,10.92,3,1,11,3,NA,NA,NA,NA,NA,NA,NA,NA,NA,NA
Apr-2010,2010,4,Confluence,0.09,2.2,0.405,0.055,0.26666666666666666,0.4,0.07500000000000001,14.46578949041534,0.2113083930667169,23.868275973965517,9.698888888888888,6.774615384615385,8.013471746606037,NA,NA,565000,128310,761895,7.08,BN,3.55,AN,0.9833333333333333,0.7033333333333334,19.66,0.01,NA,NA,11.1,0,0,4,2,NA,NA,NA,NA,NA,NA,NA,NA,NA,NA
Apr-2010,2010,4,North,0.41500000000000004,0.8,0.165,0.0775,0.3,0.7999999999999999,0.105,14.708860757116513,0.2554576676897635,11.545454545454545,8.28875,1.59,6.7045253312878215,NA,NA,565000,128310,761895,7.08,BN,3.55,AN,NA,NA,NA,NA,NA,NA,10.41,1,1,7,4,NA,NA,NA,NA,NA,NA,NA,NA,NA,NA
Apr-2010,2010,4,SouthCentral,0.0375,2.5,0.67,0.06125,0.425,0.55,0.08375,15.744186079779336,0.1934911052266522,10.228055555555557,8.93,5.673846153846154,7.990042356673665,NA,NA,565000,128310,761895,7.08,BN,3.55,AN,0.06999999999999999,0.06333333333333334,1.5633333333333335,0,NA,NA,12.34,1,1,4,1,NA,NA,NA,NA,NA,NA,NA,NA,NA,NA
Apr-2010,2010,4,Suisun Bay,0.060000000000000005,NA,0.48,0.065,0.25,0.45,0.0975,14.911666592491997,2.572414720030345,24.1,9.5,9.99625,8.027155358126288,NA,NA,565000,128310,761895,7.08,BN,3.55,AN,2.645,2.245,0,6.675,NA,NA,14.3,0,0,4,2,NA,NA,NA,NA,NA,NA,NA,NA,NA,NA
Apr-2010,2010,4,Suisun Marsh,NA,NA,NA,NA,NA,NA,NA,15.131578917252384,1.7189874251279629,27.64,8.029,4.085,7.942428763937644,NA,NA,565000,128310,761895,7.08,BN,3.55,AN,NA,NA,NA,NA,NA,NA,12.39,0,0,5,2,NA,NA,NA,NA,NA,NA,NA,NA,NA,NA
May-2010,2010,5,Confluence,0.03666666666666667,1.3,0.2966666666666667,0.04,0.25,0.4,0.07,16.2342573823079,0.11658974720487275,26.559999819636364,9.477142857142857,16.36909090909091,7.871541510643025,NA,NA,535700,157030,774094,7.08,BN,3.55,AN,11.93648828125,1.230390625,18.20765625,0.31875,NA,NA,13.83,0,0,1,1,NA,NA,NA,NA,NA,NA,NA,NA,NA,NA
May-2010,2010,5,North,0.19,0.33205266666666666,0.095,0.05,0.1,0.475,0.09,17.255384627122147,0.21228729539580873,18.88888888888889,7.365757575757575,1.84,7.6618778932329485,NA,NA,535700,157030,774094,7.08,BN,3.55,AN,4.019220000000001,1.148,19.092,0,NA,NA,11.12,0,0,2,1,NA,NA,NA,NA,NA,NA,NA,NA,NA,NA
May-2010,2010,5,SouthCentral,0.02707022222222222,2.325,0.4888888888888889,0.060000000000000005,0.38,0.5,0.0875,17.119354822302377,0.1621820704773557,11.968095238095238,8.729166666666666,6.725925925925926,7.8192301090428895,NA,NA,535700,157030,774094,7.08,BN,3.55,AN,7.774377611940299,1.4284328358208955,28.55134328358209,1.4925373134328358e-4,NA,NA,13.88,0,0,2,1,NA,NA,NA,NA,NA,NA,NA,NA,NA,NA
May-2010,2010,5,Suisun Bay,0.0425,NA,0.2875,0.0475,0.275,0.475,0.105,16.408529501522295,1.4886682394471067,34.36363636363637,9.02,9.95625,7.774610008786423,NA,NA,535700,157030,774094,7.08,BN,3.55,AN,5.462010714285714,1.2885714285714285,1.0892857142857142,4.0007142857142854,NA,NA,16.23,0,0,0,0,NA,NA,NA,NA,NA,NA,NA,NA,NA,NA
May-2010,2010,5,Suisun Marsh,NA,NA,NA,NA,NA,NA,NA,17.147368350781896,0.8431674917035504,36.58,7.961,7.635,7.714741010663462,NA,NA,535700,157030,774094,7.08,BN,3.55,AN,17.61926923076923,3.4276923076923076,3.3176923076923077,12.357692307692307,NA,NA,13.8,0,0,3,2,NA,NA,NA,NA,NA,NA,NA,NA,NA,NA
Jun-2010,2010,6,Confluence,0.07,1.1,0.18333333333333335,0.03666666666666667,0.2,0.3333333333333333,0.07,19.934062520861627,0.10781440798465515,23.358902480731707,8.244666666666667,3.4363636363636365,7.641600029167415,1,1,628200,120010,813260,7.08,BN,3.55,AN,1.2,0.9733333333333333,13.63,0.13666666666666666,NA,NA,14.48,0,0,0,0,NA,NA,NA,NA,NA,NA,NA,NA,NA,NA
Jun-2010,2010,6,North,0.09666666666666666,1,0.17666666666666667,0.07333333333333333,0.2,0.43333333333333335,0.11,21.792063467843192,0.24987078540573274,31,7.6375,2.34,7.880426655728629,NA,NA,628200,120010,813260,7.08,BN,3.55,AN,NA,NA,NA,NA,NA,NA,12.36,0,0,0,0,NA,NA,NA,NA,NA,NA,NA,NA,NA,NA
Jun-2010,2010,6,SouthCentral,0.04111111111111111,1.075,0.29444444444444445,0.057777777777777775,0.22,0.3625,0.08,21.498245577291065,0.1191196704946572,14.277432432432432,7.821304347826087,9.32625,7.457412884690671,1,1,628200,120010,813260,7.08,BN,3.55,AN,0.45999999999999996,0.3933333333333333,7.703333333333333,0,NA,NA,14.23,0,0,0,0,NA,NA,NA,NA,NA,NA,NA,NA,NA,NA
Jun-2010,2010,6,Suisun Bay,0.066,NA,0.232,0.048,0.18000000000000002,0.38,0.09,19.88735295239617,1.9160193699643437,42.628571428571426,8.58,5.842222222222222,7.8326626261837715,1,1,628200,120010,813260,7.08,BN,3.55,AN,3.1300000000000003,2.855,0,8.38,NA,NA,16.2,0,0,0,0,NA,NA,NA,NA,NA,NA,NA,NA,NA,NA
Jun-2010,2010,6,Suisun Marsh,NA,NA,NA,NA,NA,NA,NA,20.768421112863642,0.9166100706876035,50.44,7.075,6.355,7.714741010663462,1,1,628200,120010,813260,7.08,BN,3.55,AN,NA,NA,NA,NA,NA,NA,14.57,0,0,0,0,NA,NA,NA,NA,NA,NA,NA,NA,NA,NA
Jul-2010,2010,7,Confluence,0.04,0.252613,0.256,0.056,0.17500000000000002,0.32,0.08600000000000001,20.488666692097983,0.49280222846750943,21.87871789474359,7.74375,3.6807142857142856,7.742669670857772,1.1428571428571428,1,539900,59910,649282,7.08,BN,3.55,AN,2.7766666666666664,1.9633333333333334,25.393333333333334,0.13999999999999999,NA,NA,16.25,0,0,0,0,NA,NA,NA,NA,NA,NA,NA,NA,NA,NA
Jul-2010,2010,7,North,0.135,0.4773935,0.13,0.058,0.1,0.5800000000000001,0.0825,22.002424230864555,0.13713745612822523,60,7.882,1.22,7.976042934235288,NA,NA,539900,59910,649282,7.08,BN,3.55,AN,NA,NA,NA,NA,NA,NA,13.14,0,0,0,0,NA,NA,NA,NA,NA,NA,NA,NA,NA,NA
Jul-2010,2010,7,SouthCentral,0.0510552,0.925,0.322,0.071,0.4166666666666667,0.375,0.09125,23.619819833566478,0.1412553137908892,12.089594594594594,7.6676,38.272,7.875683485481404,1.4666666666666666,1,539900,59910,649282,7.08,BN,3.55,AN,0.5966666666666667,0.5433333333333333,3.47,0,NA,NA,12.75,0,0,0,0,NA,NA,NA,NA,NA,NA,NA,NA,NA,NA
Jul-2010,2010,7,Suisun Bay,0.06333333333333334,NA,0.3433333333333333,0.07666666666666667,0.2,0.3666666666666667,0.10666666666666666,19.593750047683717,5.895622085015589,45.08888888888889,7.916666666666667,2.0842857142857145,7.9404935419641705,1,1,539900,59910,649282,7.08,BN,3.55,AN,6.89,5.76,0,17.935,NA,NA,17.92,0,0,0,0,NA,NA,NA,NA,NA,NA,NA,NA,NA,NA
Jul-2010,2010,7,Suisun Marsh,NA,NA,NA,NA,NA,NA,NA,20.04736842105263,2.9563251870827756,42.74545454545454,7.572,1.74,8.016734480854883,1,1,539900,59910,649282,7.08,BN,3.55,AN,NA,NA,NA,NA,NA,NA,15.27,0,0,0,0,NA,NA,NA,NA,NA,NA,NA,NA,NA,NA
Aug-2010,2010,8,Confluence,0.028,1.3,0.234,0.048,0.15,0.24,0.066,20.112474187628866,0.7138623949785141,16.81740746604938,7.827,2.883076923076923,7.903051956810339,1.6538461538461537,2,518000,39930,585518,7.08,BN,3.55,AN,1.5825,1.1500000000000001,14.969999999999999,0.03,NA,NA,13.84,1,1,1,1,NA,NA,NA,NA,NA,NA,NA,NA,NA,NA
Aug-2010,2010,8,North,0.105,0.42000000000000004,0.08333333333333334,0.058333333333333334,0.1,0.3,0.09333333333333334,22.034375035625,0.1709031007025596,37,8.299473684210525,1.79,7.954920877738366,NA,NA,518000,39930,585518,7.08,BN,3.55,AN,NA,NA,NA,NA,NA,NA,12.63,1,1,2,2,NA,NA,NA,NA,NA,NA,NA,NA,NA,NA
Aug-2010,2010,8,SouthCentral,0.02657381818181818,0.5005902,0.23940190909090908,0.05181818181818182,0.3666666666666667,0.3,0.07555555555555556,23.58387095139785,0.19149012101532847,9.181285714285714,7.003333333333333,23.71,7.845100399115868,1.8571428571428572,2,518000,39930,585518,7.08,BN,3.55,AN,0.2833333333333333,0.2733333333333333,1.25,0,NA,NA,11.39,0,0,1,1,NA,NA,NA,NA,NA,NA,NA,NA,NA,NA
Aug-2010,2010,8,Suisun Bay,0.05333333333333334,NA,0.3466666666666667,0.07333333333333333,0.16666666666666669,0.3666666666666667,0.11,19.489615384615384,6.995588161520531,44.124,8.466666666666667,2.2685714285714287,8.097241280716407,1.0833333333333333,1,518000,39930,585518,7.08,BN,3.55,AN,6.3100000000000005,5.4399999999999995,0,16.785,NA,NA,17.23,0,0,2,2,NA,NA,NA,NA,NA,NA,NA,NA,NA,NA
Aug-2010,2010,8,Suisun Marsh,NA,NA,NA,NA,NA,NA,NA,20.55625,4.220684470257802,27.3875,7.275,2.12,8.039884880917304,1,1,518000,39930,585518,7.08,BN,3.55,AN,NA,NA,NA,NA,NA,NA,14.16,0,0,2,2,NA,NA,NA,NA,NA,NA,NA,NA,NA,NA
Sep-2010,2010,9,Confluence,0.04,1.1,0.226,0.044000000000000004,0.225,0.32,0.056,20.388761839619047,0.9633849546573032,9.943932598741574,8.189411764705882,2.725,7.8978786805839345,1.5625,2,497400,55270,573781,7.08,BN,3.55,AN,1.46,1.1366666666666667,16.396666666666665,0.03333333333333333,NA,NA,11.29,4,2,6,2,NA,NA,NA,NA,NA,NA,NA,NA,NA,NA
Sep-2010,2010,9,North,0.08833333333333333,0.30676966666666666,0.06999999999999999,0.06571428571428571,0.3,0.5857142857142857,0.08166666666666667,20.638867888679243,0.21996812314136488,14.510526315789473,6.191,1.08,5.8900186949821345,1.1111111111111112,1,497400,55270,573781,7.08,BN,3.55,AN,NA,NA,NA,NA,NA,NA,9.42,6,2,12,7,NA,NA,NA,NA,NA,NA,NA,NA,NA,NA
Sep-2010,2010,9,SouthCentral,0.028821727272727273,0.9866042,0.37336063636363637,0.049090909090909095,0.43333333333333335,0.37777777777777777,0.06888888888888889,22.24886361909091,0.2530537007357818,7.2969841269841265,7.088372093023255,6.340434782608695,7.867343682850683,1.5625,2,497400,55270,573781,7.08,BN,3.55,AN,0.6333333333333333,0.5333333333333333,6.826666666666667,0,NA,NA,10.35,2,1,11,6,NA,NA,NA,NA,NA,NA,NA,NA,NA,NA
Sep-2010,2010,9,Suisun Bay,0.043333333333333335,NA,0.29,0.07,0.3,0.43333333333333335,0.10333333333333333,19.174,9.566499178603648,21.49655172413793,8.366666666666667,5.328571428571428,8.020514294116829,1,1,497400,55270,573781,7.08,BN,3.55,AN,3.12,2.915,0,9.135,NA,NA,13.19,1,1,7,3,NA,NA,NA,NA,NA,NA,NA,NA,NA,NA
Sep-2010,2010,9,Suisun Marsh,NA,NA,NA,NA,NA,NA,NA,19.323076923076922,6.229506811632253,13.22,7.682,4.83,7.928964659705939,1.3333333333333333,1,497400,55270,573781,7.08,BN,3.55,AN,NA,NA,NA,NA,NA,NA,11.61,3,2,11,6,NA,NA,NA,NA,NA,NA,NA,NA,NA,NA
Oct-2010,2010,10,Confluence,0.046,1.1,0.256,0.044000000000000004,0.125,0.26,0.058,19.350666664857144,1.2571654588394798,9.333370786314607,8.148823529411764,2.0715384615384616,7.665134586450213,1.4375,1,372160,74100,487639,10.54,W,5.58,W,4.002428125,0.5789062500000001,9.52296875,0.2215625,NA,NA,9.59,4,2,8,2,NA,NA,NA,NA,NA,NA,NA,NA,NA,NA
Oct-2010,2010,10,North,0.138617,0.4571428571428572,0.09875,0.068538875,0.1,0.475,0.1025,17.781159428550726,0.24164681903180324,12.205263157894736,7.728378378378379,0.93,7.7672188422478445,1,1,372160,74100,487639,10.54,W,5.58,W,3.8375399999999997,1.06,20.366,0,NA,NA,9.07,4,2,16,3,NA,NA,NA,NA,NA,NA,NA,NA,NA,NA
Oct-2010,2010,10,SouthCentral,0.054274666666666666,0.7450546666666666,0.36710725,0.04733283333333333,0.38333333333333336,0.37,0.062,19.946464633030303,0.2506834772621442,6.04955223880597,7.0861363636363635,4.110217391304348,7.733672674448971,1.3076923076923077,1,372160,74100,487639,10.54,W,5.58,W,5.778846323529412,0.9758088235294118,20.38764705882353,0,NA,NA,9.43,5,2,14,3,NA,NA,NA,NA,NA,NA,NA,NA,NA,NA
Oct-2010,2010,10,Suisun Bay,0.07666666666666667,NA,0.29333333333333333,0.07,0.23333333333333334,0.3333333333333333,0.09666666666666666,18.891750000000002,8.889459673502703,20.67241379310345,7.833333333333333,2.1471428571428572,7.634339490429694,1,1,372160,74100,487639,10.54,W,5.58,W,12.812996428571429,2.8275,0,9.204285714285714,NA,NA,12.83,2,1,5,2,NA,NA,NA,NA,NA,NA,NA,NA,NA,NA
Oct-2010,2010,10,Suisun Marsh,NA,NA,NA,NA,NA,NA,NA,18.58125,6.951668106760584,16.099999999999998,7.294615384615384,1.61,7.731526609715515,1,1,372160,74100,487639,10.54,W,5.58,W,46.87629999999999,6.696923076923077,4.206153846153846,21.663076923076922,NA,NA,10.71,3,2,10,3,NA,NA,NA,NA,NA,NA,NA,NA,NA,NA
Nov-2010,2010,11,Confluence,0.098,1.8,0.396,0.05,0.17500000000000002,0.34,0.076,15.3810000285,1.4324179731822309,9.159540216505746,8.819444444444445,1.3481818181818181,7.5986456108056295,1.375,1,391300,57050,475785,10.54,W,5.58,W,0.7266666666666667,0.5533333333333333,14.206666666666667,0.09666666666666666,NA,NA,8.11,8,5,14,7,NA,NA,NA,NA,NA,NA,NA,NA,NA,NA
Nov-2010,2010,11,North,0.2539513333333333,0.74,0.17500000000000002,0.06833333333333333,0.2,0.6,0.09833333333333333,14.115277777791666,0.22076816751064185,9.51578947368421,7.105641025641026,0.67,7.782131573842824,1,1,391300,57050,475785,10.54,W,5.58,W,NA,NA,NA,NA,NA,NA,8.4,8,3,16,7,NA,NA,NA,NA,NA,NA,NA,NA,NA,NA
Nov-2010,2010,11,SouthCentral,0.1994736842105263,4.069230769230769,0.7678947368421053,0.08105263157894736,0.3666666666666667,1.6705882352941177,0.16705882352941176,14.4635416646875,0.23950361673407233,5.745384615384616,8.72906976744186,4.350434782608696,7.749011172926479,1.4166666666666667,1,391300,57050,475785,10.54,W,5.58,W,0.05,0.04666666666666666,1.6733333333333333,0,NA,NA,9.14,10,5,16,6,NA,NA,NA,NA,NA,NA,NA,NA,NA,NA
Nov-2010,2010,11,Suisun Bay,0.11333333333333333,NA,0.4066666666666667,0.07,0.2,0.3666666666666667,0.1,16.497222222222224,10.02717473852378,12.127586206896552,8.216666666666667,1.2166666666666666,7.869057751573981,1.0384615384615385,1,391300,57050,475785,10.54,W,5.58,W,5.01,4.890000000000001,0,15.505,NA,NA,12.38,1,1,10,6,NA,NA,NA,NA,NA,NA,NA,NA,NA,NA
Nov-2010,2010,11,Suisun Marsh,NA,NA,NA,NA,NA,NA,NA,16.49230769230769,7.624774522535112,11.08,6.92,0.89,7.6626727924153295,1,1,391300,57050,475785,10.54,W,5.58,W,NA,NA,NA,NA,NA,NA,10.54,7,4,13,6,NA,NA,NA,NA,NA,NA,NA,NA,NA,NA
Dec-2010,2010,12,Confluence,0.136,2.3,0.346,0.042,0.17500000000000002,0.46,0.068,10.726804119783505,0.5746937221612503,18.628450867887324,9.2844444444444445,1.3507692307692307,7.183124616324891,1,1,1416700,215210,1783136,10.54,W,5.58,W,0.8233333333333334,0.5966666666666667,21.86,0.016666666666666666,NA,NA,6.96,14,7,22,10,NA,NA,NA,NA,NA,NA,NA,NA,NA,NA
Dec-2010,2010,12,North,0.07208,1.15,0.22777777777777777,0.1411111111111111,0.4,0.6222222222222222,0.20444444444444446,10.194202887507247,0.18837635135371142,15.133333333333333,8.627777777777778,3.31,7.894160728004126,1.1111111111111112,1,1416700,215210,1783136,10.54,W,5.58,W,NA,NA,NA,NA,NA,NA,7.34,14,3,21,8,NA,NA,NA,NA,NA,NA,NA,NA,NA,NA
Dec-2010,2010,12,SouthCentral,0.13133333333333333,2.5,0.5680000000000001,0.07933333333333334,0.25,0.7533333333333333,0.15066666666666667,10.819117638661766,0.19529110442148312,8.178666666666667,9.501111111111111,1.0961538461538463,7.546288221227218,1,1,1416700,215210,1783136,10.54,W,5.58,W,0.07666666666666666,0.07666666666666666,1.7933333333333332,0,NA,NA,10.38,9,4,19,7,NA,NA,NA,NA,NA,NA,NA,NA,NA,NA
Dec-2010,2010,12,Suisun Bay,0.15333333333333335,NA,0.33999999999999997,0.043333333333333335,0.3,0.5,0.08333333333333334,11.032162162162162,8.769017889394602,18.089655172413792,9.283333333333333,1.23,7.658288909371253,1,1,1416700,215210,1783136,10.54,W,5.58,W,1.34,1.3900000000000001,0,3.915,NA,NA,10.82,1,1,14,5,NA,NA,NA,NA,NA,NA,NA,NA,NA,NA
Dec-2010,2010,12,Suisun Marsh,NA,NA,NA,NA,NA,NA,NA,11.135714285714286,4.364275346349464,15.94,8.43909090909091,0.6950000000000001,7.538160530437834,1,1,1416700,215210,1783136,10.54,W,5.58,W,NA,NA,NA,NA,NA,NA,8.07,11,3,21,7,NA,NA,NA,NA,NA,NA,NA,NA,NA,NA
Jan-2011,2011,1,Confluence,0.084,1.8,0.35,0.04,0.2,0.44,0.074,8.584183666663883,0.1243119202759589,20.14346158422504,9.91,0.8271428571428572,7.158401420895539,NA,NA,1083900,365600,1568300,10.54,W,5.58,W,0.51,0.375,15.705,0.04,NA,NA,5.64,18,5,26,10,NA,NA,NA,NA,NA,NA,NA,NA,NA,NA
Jan-2011,2011,1,North,0.047142857142857146,0.9833333333333333,0.19285714285714287,0.09833333333333334,0.16666666666666669,0.5285714285714286,0.175,9.035616437062059,0.28458180791079646,16.718181783502747,8.9514,1.53,8.098468196780626,NA,NA,1083900,365600,1568300,10.54,W,5.58,W,NA,NA,NA,NA,NA,NA,5.9,19,6,25,10,NA,NA,NA,NA,NA,NA,NA,NA,NA,NA
Jan-2011,2011,1,SouthCentral,0.06416666666666666,3.1875,0.6749999999999999,0.07,0.37142857142857144,0.6166666666666667,0.1111111111111111,9.027951840515884,0.11627467229830962,17.507413807244134,9.665384615384616,1.3413793103448275,7.387513188256067,NA,NA,1083900,365600,1568300,10.54,W,5.58,W,0.09000000000000001,0.08333333333333333,4.676666666666667,0,NA,NA,6.1,25,11,27,26,NA,NA,NA,NA,NA,NA,NA,NA,NA,NA
Jan-2011,2011,1,Suisun Bay,0.11,NA,0.32333333333333336,0.043333333333333335,0.26666666666666666,0.5,0.09,8.556129063021752,1.7255107270584076,18.235000038146975,9.6,0.7442857142857143,7.485295415942948,NA,NA,1083900,365600,1568300,10.54,W,5.58,W,0.7849999999999999,0.73,0,3.0549999999999997,NA,NA,9.73,5,2,15,7,NA,NA,NA,NA,NA,NA,NA,NA,NA,NA
Jan-2011,2011,1,Suisun Marsh,NA,NA,NA,NA,NA,NA,NA,8.199999940395355,1.0451397527729887,25.562500095367426,8.973,0.825,7.399884880917305,NA,NA,1083900,365600,1568300,10.54,W,5.58,W,NA,NA,NA,NA,NA,NA,6.22,11,3,25,17,NA,NA,NA,NA,NA,NA,NA,NA,NA,NA
Feb-2011,2011,2,Confluence,0.126,2,0.384,0.046,0.15000000000000002,0.38,0.07200000000000001,10.162803761415606,0.34038744915935726,17.10967027421058,10.238888888888889,1.6453846153846154,7.397667587174625,NA,NA,688100,243570,999439,10.54,W,5.58,W,0.37,0.2825,11.73,0.065,NA,NA,11.56,5,2,10,4,NA,NA,NA,NA,NA,NA,NA,NA,NA,NA
Feb-2011,2011,2,North,0.058680625,1.042857142857143,0.22,0.07125000000000001,0.1,0.5375,0.11624999999999999,10.018181848470558,0.34333010317739804,16.484615472646862,9.865238095238094,2.05,8.212796860397694,NA,NA,688100,243570,999439,10.54,W,5.58,W,NA,NA,NA,NA,NA,NA,12.32,5,3,11,4,NA,NA,NA,NA,NA,NA,NA,NA,NA,NA
Feb-2011,2011,2,SouthCentral,0.041978100000000004,2.1833333333333336,0.488,0.0311633,0.25,0.51,0.062,10.417073205517923,0.12452134055713811,14.981785707814353,10.3565,4.20875,7.635218886584257,NA,NA,688100,243570,999439,10.54,W,5.58,W,0.08666666666666667,0.08333333333333334,2.783333333333333,0,NA,NA,10.41,7,4,17,5,NA,NA,NA,NA,NA,NA,NA,NA,NA,NA
Feb-2011,2011,2,Suisun Bay,0.13333333333333333,NA,0.41333333333333333,0.06,0.23333333333333334,0.4666666666666667,0.1,10.535483883273212,2.815594526533953,19.715000152587894,9.4,1.792857142857143,7.808786388023139,NA,NA,688100,243570,999439,10.54,W,5.58,W,2.3049999999999997,2.005,0,5.845,NA,NA,11.38,5,3,11,4,NA,NA,NA,NA,NA,NA,NA,NA,NA,NA
Feb-2011,2011,2,Suisun Marsh,NA,NA,NA,NA,NA,NA,NA,10.163157864620809,1.4168399769461288,34.172727619517936,9.354,0.8999999999999999,7.767128104620114,NA,NA,688100,243570,999439,10.54,W,5.58,W,NA,NA,NA,NA,NA,NA,8.31,8,2,18,6,NA,NA,NA,NA,NA,NA,NA,NA,NA,NA
Mar-2011,2011,3,Confluence,0.09999999999999999,1.8,0.3666666666666667,0.043333333333333335,0.2,0.5,0.07666666666666667,11.218527133236199,0.09806602210719949,31.465789523986047,9.8325,1.49,6.936242018378869,NA,NA,1797500,422750,3365977,10.54,W,5.58,W,0.7025,0.5925,18.76,0.0125,NA,NA,10.65,1,1,10,4,NA,NA,NA,NA,NA,NA,NA,NA,NA,NA
Mar-2011,2011,3,North,0.052222222222222225,0.8125,0.17666666666666667,0.05666666666666667,0.1,0.5666666666666667,0.13111111111111112,11.786904750542748,0.18986309329012807,39.225926116660794,9.409555555555556,2.99,8.33221069708416,NA,NA,1797500,422750,3365977,10.54,W,5.58,W,NA,NA,NA,NA,NA,NA,11.63,3,1,9,4,NA,NA,NA,NA,NA,NA,NA,NA,NA,NA
Mar-2011,2011,3,SouthCentral,0.09444452631578948,4.286666666666667,0.8315789473684211,0.06740968421052632,0.35,0.6578947368421053,0.1531578947368421,12.623333337620874,0.1240038923631043,15.523230784782996,9.687894736842106,3.088,7.5532836432357735,NA,NA,1797500,422750,3365977,10.54,W,5.58,W,0.16333333333333333,0.15333333333333332,4.0600000000000005,0,NA,NA,13.18,6,2,9,3,NA,NA,NA,NA,NA,NA,NA,NA,NA,NA
Mar-2011,2011,3,Suisun Bay,0.096,NA,0.352,0.04,0.22,0.42,0.076,11.665128195346922,0.3675727079271612,32.9103448473174,9.66,2.14875,7.238993104464569,NA,NA,1797500,422750,3365977,10.54,W,5.58,W,4.325,3.55,0,10.86,NA,NA,14.74,0,0,2,1,NA,NA,NA,NA,NA,NA,NA,NA,NA,NA
Mar-2011,2011,3,Suisun Marsh,NA,NA,NA,NA,NA,NA,NA,12.14919998474121,0.5548624166671707,51.09999977560605,8.828,2.4,7.298160530437833,NA,NA,1797500,422750,3365977,10.54,W,5.58,W,NA,NA,NA,NA,NA,NA,9.79,4,2,11,4,NA,NA,NA,NA,NA,NA,NA,NA,NA,NA
Apr-2011,2011,4,Confluence,0.04666666666666667,1.7,0.18333333333333335,0.03333333333333333,0.15000000000000002,0.36666666666666664,0.06666666666666667,14.524622618152087,0.08261368329485991,17.26425285096618,9.564285714285715,4.280909090909091,6.9896512211566035,NA,NA,1612000,791500,2793641,10.54,W,5.58,W,1.0075,0.845,18.55,0.0475,NA,NA,12.64,1,1,3,2,NA,NA,NA,NA,NA,NA,NA,NA,NA,NA
Apr-2011,2011,4,North,0.0299712,0.2,0.054,0.0969898,0.3,0.54,0.17,15.54861110320465,0.18304961005396725,19.41111103693644,8.94051282051282,6.15,7.882669566699052,NA,NA,1612000,791500,2793641,10.54,W,5.58,W,NA,NA,NA,NA,NA,NA,13.1,3,2,4,2,NA,NA,NA,NA,NA,NA,NA,NA,NA,NA
Apr-2011,2011,4,SouthCentral,0.02335088888888889,1.5,0.23777777777777778,0.044444444444444446,0.3,0.4444444444444444,0.08333333333333333,15.797701123117033,0.0897656548511321,12.91549017569598,8.424285714285714,4.867083333333333,7.44428602201278,NA,NA,1612000,791500,2793641,10.54,W,5.58,W,0.09666666666666666,0.09333333333333334,6.05,0,NA,NA,13.91,1,2,4,2,NA,NA,NA,NA,NA,NA,NA,NA,NA,NA
Apr-2011,2011,4,Suisun Bay,0.042,NA,0.126,0.028,0.2,0.32,0.062000000000000006,14.517222201029462,0.11978599472728084,25.096000022888184,9.7,4.678888888888888,7.343285744782259,NA,NA,1612000,791500,2793641,10.54,W,5.58,W,3.1550000000000002,2.69,0,7.930000000000001,NA,NA,18.43,0,0,1,2,NA,NA,NA,NA,NA,NA,NA,NA,NA,NA
Apr-2011,2011,4,Suisun Marsh,NA,NA,NA,NA,NA,NA,NA,15.38947364405581,0.44283408773488603,32.78000011444093,7.698,6.16,7.414280839205794,NA,NA,1612000,791500,2793641,10.54,W,5.58,W,NA,NA,NA,NA,NA,NA,11.84,3,3,4,3,NA,NA,NA,NA,NA,NA,NA,NA,NA,NA
May-2011,2011,5,Confluence,0.04,0.6,0.11333333333333334,0.026666666666666665,0.15000000000000002,0.26666666666666666,0.056666666666666664,16.088235404286177,0.07310829080181072,12.377811101877882,9.085,3.0975,7.106103533245069,NA,NA,1103000,392100,1620672,10.54,W,5.58,W,6.827795081967213,1.1608196721311475,21.181803278688523,0.12311475409836066,NA,NA,12.84,0,0,2,1,NA,NA,NA,NA,NA,NA,NA,NA,NA,NA
May-2011,2011,5,North,0.04571366666666667,0.3531256,0.06833333333333333,0.0512995,0.1,0.4666666666666667,0.11,17.708421024592905,0.23692845779778982,22.686956612960152,7.44258064516129,3.11,7.397581195368523,NA,NA,1103000,392100,1620672,10.54,W,5.58,W,4.8863666666666665,1.04,22.141666666666666,0,NA,NA,13.19,0,0,2,1,NA,NA,NA,NA,NA,NA,NA,NA,NA,NA
May-2011,2011,5,SouthCentral,0.02597788888888889,0.76,0.17444444444444446,0.051929888888888893,0.2,0.3333333333333333,0.09888888888888889,16.991208761864964,0.08924975851646236,12.73163639051264,8.830434782608696,4.953076923076923,7.489433819430179,NA,NA,1103000,392100,1620672,10.54,W,5.58,W,11.216680882352941,2.0598529411764708,42.97308823529412,0,NA,NA,14.3,0,0,0,0,NA,NA,NA,NA,NA,NA,NA,NA,NA,NA
May-2011,2011,5,Suisun Bay,0.03,NA,0.13,0.0325,0.1,0.25,0.07250000000000001,16.19655169125261,0.27882040760029625,20.81318176616322,9.125,6.2124999999999995,7.416847212325459,NA,NA,1103000,392100,1620672,10.54,W,5.58,W,6.363379310344827,0.7989655172413793,0,2.354137931034483,NA,NA,16.42,0,0,0,0,NA,NA,NA,NA,NA,NA,NA,NA,NA,NA
May-2011,2011,5,Suisun Marsh,NA,NA,NA,NA,NA,NA,NA,17.075,0.4382732342114692,37.35454552390359,7.701818181818182,8.17,7.588964659705939,NA,NA,1103000,392100,1620672,10.54,W,5.58,W,17.054416666666665,2.6691666666666665,5.6258333333333335,6.8758333333333335,NA,NA,13.15,0,0,3,1,NA,NA,NA,NA,NA,NA,NA,NA,NA,NA
Jun-2011,2011,6,Confluence,0.05333333333333334,0.8,0.16,0.03333333333333333,0.15000000000000002,0.26666666666666666,0.04666666666666667,18.52975999244703,0.06999648764827991,11.564907388558309,8.184666666666667,1.9963636363636363,7.327030408185558,1,1,1215200,319740,1641127,10.54,W,5.58,W,2.035,1.7225,26.655,0.03,NA,NA,12.48,0,0,0,0,NA,NA,NA,NA,NA,NA,NA,NA,NA,NA
Jun-2011,2011,6,North,0.061637333333333336,0.47086639999999996,0.10833333333333334,0.06943316666666667,0.1,0.3666666666666667,0.10333333333333333,20.78446600276559,0.2579120529411387,19.911612857080275,6.534603174603174,3.43,7.9243116647148115,1,1,1215200,319740,1641127,10.54,W,5.58,W,NA,NA,NA,NA,NA,NA,12.06,0,0,3,1,NA,NA,NA,NA,NA,NA,NA,NA,NA,NA
Jun-2011,2011,6,SouthCentral,0.10846153846153846,3.1222222222222222,0.5876923076923077,0.07846153846153846,0.25,1.0538461538461539,0.12615384615384614,19.91596635771632,0.08617097737162113,10.03703296965295,8.575227272727272,5.2396666666666665,7.40860572095006,1.0714285714285714,1,1215200,319740,1641127,10.54,W,5.58,W,0.29333333333333333,0.2833333333333333,3.9633333333333334,0,NA,NA,12.9,0,0,1,1,NA,NA,NA,NA,NA,NA,NA,NA,NA,NA
Jun-2011,2011,6,Suisun Bay,0.05,NA,0.17800000000000002,0.04,0.16,0.27999999999999997,0.064,18.38205124292618,0.22612771852866526,21.149999945504323,8.85,3.641111111111111,7.484856104988704,1,1,1215200,319740,1641127,10.54,W,5.58,W,1.48,1.425,0,3.87,NA,NA,14.79,0,0,1,1,NA,NA,NA,NA,NA,NA,NA,NA,NA,NA
Jun-2011,2011,6,Suisun Marsh,NA,NA,NA,NA,NA,NA,NA,18.413636346296826,0.3179218150225656,48.928571646554126,7.433,5.125,7.458160530437834,1,1,1215200,319740,1641127,10.54,W,5.58,W,NA,NA,NA,NA,NA,NA,12.71,0,0,2,1,NA,NA,NA,NA,NA,NA,NA,NA,NA,NA
Jul-2011,2011,7,Confluence,0.043333333333333335,0.6,0.14333333333333334,0.03666666666666667,0.2,0.26666666666666666,0.056666666666666664,21.679009036462602,0.07858746330569104,14.286842102220614,7.371333333333333,2.579090909090909,7.146436051016167,1,1,670600,266170,1036011,10.54,W,5.58,W,3.7874999999999996,2.63,36.5475,0.005,NA,NA,13.56,0,0,0,0,NA,NA,NA,NA,NA,NA,NA,NA,NA,NA
Jul-2011,2011,7,North,0.0860465,0.4585203,0.0946145,0.10259644444444445,0.08968266666666667,0.5545454545454546,0.15333333333333332,23.10684929935139,0.258316127848774,25.450000055631,7.277027027027027,3.47,8.069172932462994,1,1,670600,266170,1036011,10.54,W,5.58,W,NA,NA,NA,NA,NA,NA,11.9,0,0,2,1,NA,NA,NA,NA,NA,NA,NA,NA,NA,NA
Jul-2011,2011,7,SouthCentral,0.01744025,1.35496175,0.24463266666666666,0.05468666666666667,0.2,0.3416666666666667,0.08666666666666667,22.84081633819326,0.09423306707729728,12.21346153479356,7.707551020408164,10.41375,7.39857316913563,1.1428571428571428,1,670600,266170,1036011,10.54,W,5.58,W,0.8933333333333333,0.8633333333333333,3.44,0,NA,NA,12.37,0,0,0,0,NA,NA,NA,NA,NA,NA,NA,NA,NA,NA
Jul-2011,2011,7,Suisun Bay,0.026,NA,0.158,0.038,0.14,0.27999999999999997,0.07,21.263529434204102,1.0175888540441227,33.24166671435038,8.16,3.8155555555555556,7.501141017480372,1,1,670600,266170,1036011,10.54,W,5.58,W,4.255,3.835,0,10.83,NA,NA,17.18,0,0,0,0,NA,NA,NA,NA,NA,NA,NA,NA,NA,NA
Jul-2011,2011,7,Suisun Marsh,NA,NA,NA,NA,NA,NA,NA,21.799999999999994,0.36569461190229563,61.20909097844905,6.771,4.9,7.358964659705938,1,1,670600,266170,1036011,10.54,W,5.58,W,NA,NA,NA,NA,NA,NA,13.53,0,0,0,0,NA,NA,NA,NA,NA,NA,NA,NA,NA,NA
Aug-2011,2011,8,Confluence,0.0325,1,0.21000000000000002,0.04,0.1,0.275,0.07250000000000001,21.409019615294117,0.23908051801158375,17.759759031325302,7.6776470588235295,3.6107692307692307,7.58961978069159,1.1923076923076923,1,532900,167110,753082,10.54,W,5.58,W,2.9,2.4699999999999998,24.573333333333334,0.17,NA,NA,13.22,0,0,1,1,NA,NA,NA,NA,NA,NA,NA,NA,NA,NA
Aug-2011,2011,8,North,0.10339842857142857,0.25229999999999997,0.06571428571428571,0.0717265,0.16666666666666666,0.35714285714285715,0.115,22.67941175352941,0.2718706249994122,26.147058823529413,7.839444444444444,1.71,8.07513033308067,1,1,532900,167110,753082,10.54,W,5.58,W,NA,NA,NA,NA,NA,NA,11.07,1,1,1,1,NA,NA,NA,NA,NA,NA,NA,NA,NA,NA
Aug-2011,2011,8,SouthCentral,0.021048636363636363,1.2749345714285714,0.2535349090909091,0.042222222222222223,0.18333333333333335,0.32727272727272727,0.07111111111111111,22.022549041960783,0.111568187817625,11.434871794871794,8.148653846153847,8.077222222222222,7.607098803421361,1.1904761904761905,1,532900,167110,753082,10.54,W,5.58,W,0.6666666666666667,0.6366666666666667,4.58,0,NA,NA,11.38,0,0,1,1,NA,NA,NA,NA,NA,NA,NA,NA,NA,NA
Aug-2011,2011,8,Suisun Bay,0.0325,NA,0.2425,0.05,0.17500000000000002,0.35,0.0925,20.362222222222222,4.523822642886612,29.66875,8.375,3.04375,7.897103202139653,1.1666666666666667,1,532900,167110,753082,10.54,W,5.58,W,3.1,2.89,0,8.015,NA,NA,16.63,0,0,0,0,NA,NA,NA,NA,NA,NA,NA,NA,NA,NA
Aug-2011,2011,8,Suisun Marsh,NA,NA,NA,NA,NA,NA,NA,21.3625,2.080887370377648,46.2625,7.252,5.0649999999999995,7.74586846482847,1,1,532900,167110,753082,10.54,W,5.58,W,NA,NA,NA,NA,NA,NA,13.1,0,0,1,1,NA,NA,NA,NA,NA,NA,NA,NA,NA,NA
Sep-2011,2011,9,Confluence,0.04,1,0.194,0.046,0.125,0.26,0.068,21.15780954552381,0.17478093069092457,21.483258500752807,7.979473684210526,4.96076923076923,7.920375069203709,1.5625,2,631400,128160,792189,10.54,W,5.58,W,3.8866666666666663,2.7266666666666666,38.410000000000004,0,NA,NA,12.41,1,1,3,2,NA,NA,NA,NA,NA,NA,NA,NA,NA,NA
Sep-2011,2011,9,North,0.0971775,0.22929585714285713,0.05550125,0.06543433333333333,0.13333333333333333,0.325,0.10333333333333333,21.3171874821875,0.2460039846130975,25.7,6.830666666666667,2.03,8.092648654873868,1.0555555555555556,1,631400,128160,792189,10.54,W,5.58,W,NA,NA,NA,NA,NA,NA,9.88,5,3,12,7,NA,NA,NA,NA,NA,NA,NA,NA,NA,NA
Sep-2011,2011,9,SouthCentral,0.01872909090909091,1.7929455714285714,0.3430345454545454,0.03666666666666667,0.21666666666666667,0.2909090909090909,0.06666666666666667,21.5809999962,0.12175327573747498,9.282739726027398,7.637708333333333,5.572222222222222,7.606431325896644,1.3076923076923077,1,631400,128160,792189,10.54,W,5.58,W,0.42000000000000004,0.4,8.49,0,NA,NA,10.59,1,1,7,2,NA,NA,NA,NA,NA,NA,NA,NA,NA,NA
Sep-2011,2011,9,Suisun Bay,0.05,NA,0.24000000000000002,0.05666666666666667,0.23333333333333334,0.4,0.09333333333333334,20.016000000000002,3.8001162875781693,70.48620689655172,8.175,5.74,7.966486940822017,1.88,2,631400,128160,792189,10.54,W,5.58,W,6.3100000000000005,5.5649999999999995,0,16.17,NA,NA,15.68,0,0,2,1,NA,NA,NA,NA,NA,NA,NA,NA,NA,NA
Sep-2011,2011,9,Suisun Marsh,NA,NA,NA,NA,NA,NA,NA,20.726666666666667,2.8715440079917727,56.1,7.088333333333333,2.45,7.940826959098556,1.6666666666666667,2,631400,128160,792189,10.54,W,5.58,W,NA,NA,NA,NA,NA,NA,11.42,2,2,8,3,NA,NA,NA,NA,NA,NA,NA,NA,NA,NA
Oct-2011,2011,10,Confluence,0.0625,1.1,0.215,0.045,0.1,0.25,0.0625,18.2737000532,0.13518131555194834,11.211571469414286,8.314375,3.7083333333333335,7.56853691897293,1.46875,1,547300,155840,743037,6.89,BN,2.18,D,6.850165714285715,1.1322857142857143,18.83385714285714,0.1737142857142857,NA,NA,9.03,6,2,14,5,NA,NA,NA,NA,NA,NA,NA,NA,NA,NA
Oct-2011,2011,10,North,0.138179125,0.37168,0.088470875,0.07126216666666667,0.1,0.4125,0.11,17.793243238108108,0.24346006877238194,12.694736842105263,7.669047619047619,1.3,8.074940688130264,1,1,547300,155840,743037,6.89,BN,2.18,D,4.104866666666666,0.8344444444444444,13.040000000000001,0,NA,NA,8.54,11,3,17,5,NA,NA,NA,NA,NA,NA,NA,NA,NA,NA
Oct-2011,2011,10,SouthCentral,0.08284564705882352,4.185019846153846,0.808235294117647,0.07502264285714286,0.22857142857142856,1.5176470588235293,0.175,17.612643726206898,0.11107640335020917,10.16765625,8.082272727272727,2.2355555555555555,7.499153826142332,1.25,1,547300,155840,743037,6.89,BN,2.18,D,8.290242857142857,1.4912857142857143,31.36542857142857,0,NA,NA,9.31,8,2,16,5,NA,NA,NA,NA,NA,NA,NA,NA,NA,NA
Oct-2011,2011,10,Suisun Bay,0.08,NA,0.2475,0.057499999999999996,0.15000000000000002,0.325,0.0875,18.874634146341464,4.524373459706189,33.656666666666666,8.4375,2.3,7.952682379027333,1.04,1,547300,155840,743037,6.89,BN,2.18,D,7.2998551724137934,2.269655172413793,0.05344827586206897,7.203448275862069,NA,NA,12.21,3,1,11,5,NA,NA,NA,NA,NA,NA,NA,NA,NA,NA
Oct-2011,2011,10,Suisun Marsh,NA,NA,NA,NA,NA,NA,NA,17.864285714285714,2.9137231742823815,17.76,6.001666666666667,2.85,7.734691405490644,1,1,547300,155840,743037,6.89,BN,2.18,D,11.051475,2.2516666666666665,9.819166666666666,4.69,NA,NA,9.74,7,2,15,6,NA,NA,NA,NA,NA,NA,NA,NA,NA,NA
Nov-2011,2011,11,Confluence,0.1,NA,0.23800000000000002,0.038,0.1,0.32,0.06,13.562352955147059,0.8717187026835799,14.023333284761906,9.375294117647059,5.344615384615384,7.6156056954364715,1.0625,1,381300,82660,491155,6.89,BN,2.18,D,1.1866666666666665,0.86,24.35666666666667,0.09333333333333334,NA,NA,8.34,11,4,18,10,NA,NA,NA,NA,NA,NA,NA,NA,NA,NA
Nov-2011,2011,11,North,0.26166666666666666,0.46,0.105,0.06166666666666667,0.2,0.55,0.08333333333333333,12.08421052881579,0.21472861714360886,18.24736842105263,8.471111111111112,2.44,7.797563612380948,1,1,381300,82660,491155,6.89,BN,2.18,D,NA,NA,NA,NA,NA,NA,8.56,14,4,20,11,NA,NA,NA,NA,NA,NA,NA,NA,NA,NA
Nov-2011,2011,11,SouthCentral,0.03892536363636364,3.9428571428571426,0.7081818181818182,0.044444444444444446,0.18333333333333335,0.26363636363636367,0.05666666666666667,13.07474227,0.1515552406549422,6.168333333333333,9.315238095238096,3.1896428571428572,7.6496853503953295,1,1,381300,82660,491155,6.89,BN,2.18,D,0.09666666666666666,0.09,2.86,0,NA,NA,10.39,5,2,14,4,NA,NA,NA,NA,NA,NA,NA,NA,NA,NA
Nov-2011,2011,11,Suisun Bay,0.11666666666666667,NA,0.2733333333333333,0.056666666666666664,0.2,0.43333333333333335,0.09000000000000001,14.5825,7.936790587980536,17.17241379310345,8.883333333333333,1.98,7.85049354196417,1.1153846153846154,1,381300,82660,491155,6.89,BN,2.18,D,9.065,7.565,0,23.495,NA,NA,11.43,5,2,12,4,NA,NA,NA,NA,NA,NA,NA,NA,NA,NA
Nov-2011,2011,11,Suisun Marsh,NA,NA,NA,NA,NA,NA,NA,13.176923076923076,4.8826852878628655,19.225,7.295,2.365,7.70586846482847,1,1,381300,82660,491155,6.89,BN,2.18,D,NA,NA,NA,NA,NA,NA,9.54,10,3,17,6,NA,NA,NA,NA,NA,NA,NA,NA,NA,NA
Dec-2011,2011,12,Confluence,0.158,1.6,0.23,0.04,0.17500000000000002,0.38,0.07200000000000001,9.53962963551852,1.1467546819753174,14.01134328641791,9.658636363636363,1.07,7.723294783517686,1,1,448900,56310,520871,6.89,BN,2.18,D,1.3933333333333333,0.9666666666666666,37.223333333333336,0.21,NA,NA,8.04,13,5,25,10,NA,NA,NA,NA,NA,NA,NA,NA,NA,NA
Dec-2011,2011,12,North,0.20403716666666669,1,0.16666666666666666,0.04666666666666667,0.2,0.48333333333333334,0.07833333333333334,8.092405077759494,0.22577053631902247,16.21481482888889,10.604363636363637,2.2,7.489797508972659,1,1,448900,56310,520871,6.89,BN,2.18,D,NA,NA,NA,NA,NA,NA,7.32,19,7,24,11,NA,NA,NA,NA,NA,NA,NA,NA,NA,NA
Dec-2011,2011,12,SouthCentral,0.06095144444444445,1.7000000000000002,0.5411111111111111,0.04666666666666667,0.2,0.34444444444444444,0.06,8.808333293633334,0.21467196655220042,7.741063842404255,11.128214285714286,7.369047619047619,7.788230518396582,1,1,448900,56310,520871,6.89,BN,2.18,D,0.056666666666666664,0.056666666666666664,3.6100000000000003,0,NA,NA,7.91,14,7,25,11,NA,NA,NA,NA,NA,NA,NA,NA,NA,NA
Dec-2011,2011,12,Suisun Bay,0.15666666666666668,NA,0.25666666666666665,0.043333333333333335,0.23333333333333334,0.4666666666666667,0.11,10.306111111111111,9.593682680592748,16.83103448275862,9.466666666666667,1.0866666666666667,7.843230478694705,1,1,448900,56310,520871,6.89,BN,2.18,D,4.425,3.775,0,17.195,NA,NA,10.87,3,1,16,6,NA,NA,NA,NA,NA,NA,NA,NA,NA,NA
Dec-2011,2011,12,Suisun Marsh,NA,NA,NA,NA,NA,NA,NA,9.123076923076923,5.867252062354105,16.78,8.443,1.365,7.647128104620114,1,1,448900,56310,520871,6.89,BN,2.18,D,NA,NA,NA,NA,NA,NA,10.07,11,4,20,7,NA,NA,NA,NA,NA,NA,NA,NA,NA,NA
Jan-2012,2012,1,Confluence,0.182,1.585739,0.37,0.046,0.17500000000000002,0.48,0.076,8.797826080739789,1.681963687583401,13.492368417358449,11.7003125,1.9007692307692308,7.796085497106303,NA,NA,465100,56460,540154,6.89,BN,2.18,D,1.1333333333333333,0.7666666666666667,36.20333333333333,0.06666666666666667,NA,NA,8.25,14,6,19,14,NA,NA,NA,NA,NA,NA,NA,NA,NA,NA
Jan-2012,2012,1,North,0.18914877777777778,1,0.20666666666666667,0.06142857142857143,0.23333333333333334,0.5444444444444445,0.1142857142857143,8.753521125416771,0.2326254402995884,25.93846126742075,10.062758620689655,4.71,8.017050472347817,NA,NA,465100,56460,540154,6.89,BN,2.18,D,NA,NA,NA,NA,NA,NA,8.66,17,5,23,7,NA,NA,NA,NA,NA,NA,NA,NA,NA,NA
Jan-2012,2012,1,SouthCentral,0.2467165294117647,5.292307692307692,1.0952941176470588,0.09088313333333334,0.3,1.223529411764706,0.1771772,9.006097557508962,0.3238280591832456,7.560563376024567,10.09157894736842,4.66962962962963,7.677644872417232,NA,NA,465100,56460,540154,6.89,BN,2.18,D,0.25,0.22333333333333333,8.11,0,NA,NA,8.33,15,4,22,7,NA,NA,NA,NA,NA,NA,NA,NA,NA,NA
Jan-2012,2012,1,Suisun Bay,0.2,NA,0.43333333333333335,0.056666666666666664,0.23333333333333334,0.5333333333333333,0.09,9.385625029802323,11.594929142077534,18.63809527442569,9.95,1.8357142857142859,7.931017143326528,NA,NA,465100,56460,540154,6.89,BN,2.18,D,1.9649999999999999,1.79,0,7.805,NA,NA,10.99,3,1,12,4,NA,NA,NA,NA,NA,NA,NA,NA,NA,NA
Jan-2012,2012,1,Suisun Marsh,NA,NA,NA,NA,NA,NA,NA,9.284210536354466,3.462366821719799,37.009091186523435,8.71,3.0700000000000003,7.793591190636447,NA,NA,465100,56460,540154,6.89,BN,2.18,D,NA,NA,NA,NA,NA,NA,9.57,10,3,21,6,NA,NA,NA,NA,NA,NA,NA,NA,NA,NA
Feb-2012,2012,2,Confluence,0.14600000000000002,2,0.506,0.057999999999999996,0.25,0.58,0.114,10.76775278977,0.5373894429698167,20.183378384558964,9.926551724137932,1.634,7.677246056272668,NA,NA,383600,45950,443752,6.89,BN,2.18,D,0.955,0.625,30.1875,0,NA,NA,9.3,6,2,12,8,NA,NA,NA,NA,NA,NA,NA,NA,NA,NA
Feb-2012,2012,2,North,0.226227,0.84,0.16666666666666666,0.058333333333333334,0.1,0.5150661666666667,0.43833333333333335,11.096078420164663,0.3458614422062382,45.205999890353674,9.638181818181819,6.94,8.173958835006264,NA,NA,383600,45950,443752,6.89,BN,2.18,D,NA,NA,NA,NA,NA,NA,10.09,4,2,12,7,NA,NA,NA,NA,NA,NA,NA,NA,NA,NA
Feb-2012,2012,2,SouthCentral,0.06999999999999999,2.88,0.8633333333333333,0.06228433333333334,0.3665835,0.4888888888888889,0.39555555555555555,11.436046498337912,0.27086440530819333,9.31400002492192,9.655897435897437,3.024137931034483,7.6415288621520085,NA,NA,383600,45950,443752,6.89,BN,2.18,D,0.09333333333333334,0.09,2.626666666666667,0,NA,NA,10.81,4,3,14,9,NA,NA,NA,NA,NA,NA,NA,NA,NA,NA
Feb-2012,2012,2,Suisun Bay,0.17333333333333334,NA,0.4866666666666667,0.043333333333333335,0.16666666666666669,0.43333333333333335,0.08333333333333333,10.952758620689652,5.599244491141754,28.333333351498563,9.799999999999999,1.54,7.819013371327671,NA,NA,383600,45950,443752,6.89,BN,2.18,D,4.04,3.4749999999999996,0,10.445,NA,NA,12.8,0,0,6,2,NA,NA,NA,NA,NA,NA,NA,NA,NA,NA
Feb-2012,2012,2,Suisun Marsh,NA,NA,NA,NA,NA,NA,NA,11.084210516277105,1.8042332986003797,46.6636364329945,8.464,2.815,7.651526609715514,NA,NA,383600,45950,443752,6.89,BN,2.18,D,NA,NA,NA,NA,NA,NA,10.85,3,2,10,3,NA,NA,NA,NA,NA,NA,NA,NA,NA,NA
Mar-2012,2012,3,Confluence,0.128,2.4,0.55,0.06,0.275,0.54,0.098,12.137540935225466,0.5362483421046823,24.164857077448335,9.677241379310345,1.9923076923076923,7.810177742181176,NA,NA,607930,50080,697195,6.89,BN,2.18,D,1.36,1.1033333333333333,37.37,0.16,NA,NA,10.4,6,2,10,2,NA,NA,NA,NA,NA,NA,NA,NA,NA,NA
Mar-2012,2012,3,North,0.12695725,1.2,0.225,0.0675,0.1,0.7125,0.1425,12.733761473132748,0.34188653650577283,52.00289716622047,9.343373493975903,6.19,8.217140203383979,NA,NA,607930,50080,697195,6.89,BN,2.18,D,NA,NA,NA,NA,NA,NA,11.85,6,2,11,3,NA,NA,NA,NA,NA,NA,NA,NA,NA,NA
Mar-2012,2012,3,SouthCentral,0.3005263157894737,3.5980120666666666,0.8805263157894737,0.09346194736842106,0.4,1.125,0.1905,13.263157868721372,0.24852651842539705,10.486987963019132,9.9875,14.9696,7.812565620040129,NA,NA,607930,50080,697195,6.89,BN,2.18,D,0.24,0.22,5.45,0,NA,NA,11.16,6,2,12,3,NA,NA,NA,NA,NA,NA,NA,NA,NA,NA
Mar-2012,2012,3,Suisun Bay,0.14333333333333334,NA,0.5,0.06,0.33333333333333337,0.6,0.15333333333333332,12.260937446355822,4.5849581748757995,45.30000041780018,9.616666666666667,2.07,7.9169502485984,NA,NA,607930,50080,697195,6.89,BN,2.18,D,12.445,8.955,0,31.285,NA,NA,14.64,0,0,6,2,NA,NA,NA,NA,NA,NA,NA,NA,NA,NA
Mar-2012,2012,3,Suisun Marsh,NA,NA,NA,NA,NA,NA,NA,12.435000009536745,2.8038342591032537,54.2545451077548,8.695454545454545,1.5299999999999998,7.711526609715515,NA,NA,607930,50080,697195,6.89,BN,2.18,D,NA,NA,NA,NA,NA,NA,12.42,1,1,10,3,NA,NA,NA,NA,NA,NA,NA,NA,NA,NA
Apr-2012,2012,4,Confluence,0.11,2,0.41333333333333333,0.05,0.35,0.5,0.07666666666666666,15.104948463424792,0.11009621862278282,28.75518517338421,8.897333333333334,1.97,7.666910807060115,NA,NA,770100,74970,894602,6.89,BN,2.18,D,2.975,1.49,37.1975,0,NA,NA,11.32,2,1,4,1,NA,NA,NA,NA,NA,NA,NA,NA,NA,NA
Apr-2012,2012,4,North,0.13,0.88,0.19333333333333333,0.085,0.2,0.75,0.17500000000000002,17.052340457934882,0.30032375470592604,50.03258429312955,7.928857142857143,2.44,8.013399607716693,NA,NA,770100,74970,894602,6.89,BN,2.18,D,NA,NA,NA,NA,NA,NA,11.21,4,2,6,3,NA,NA,NA,NA,NA,NA,NA,NA,NA,NA
Apr-2012,2012,4,SouthCentral,0.07,2.98,0.5911111111111111,0.044444444444444446,0.325,0.5555555555555556,0.09222222222222222,17.002247221014475,0.2274237882203882,9.917741944405341,8.56913043478261,5.61962962962963,7.735231710858537,NA,NA,770100,74970,894602,6.89,BN,2.18,D,0.2833333333333333,0.25666666666666665,5.053333333333334,0,NA,NA,11.83,2,1,6,2,NA,NA,NA,NA,NA,NA,NA,NA,NA,NA
Apr-2012,2012,4,Suisun Bay,0.08,NA,0.392,0.05,0.24,0.52,0.17600000000000002,14.281176459368538,1.7655898562953567,61.07434804170028,9.16,2.4066666666666667,7.830479054087318,NA,NA,770100,74970,894602,6.89,BN,2.18,D,7.4350000000000005,6.18,0,18.72,NA,NA,16.22,0,0,1,1,NA,NA,NA,NA,NA,NA,NA,NA,NA,NA
Apr-2012,2012,4,Suisun Marsh,NA,NA,NA,NA,NA,NA,NA,17.026315709164262,0.9652454623008379,69.0636366410689,7.2,3.05,7.651526609715514,NA,NA,770100,74970,894602,6.89,BN,2.18,D,NA,NA,NA,NA,NA,NA,12.74,1,1,6,2,NA,NA,NA,NA,NA,NA,NA,NA,NA,NA
May-2012,2012,5,Confluence,0.05,1.2,0.18666666666666668,0.04,0.1,0.3333333333333333,0.07333333333333333,18.565444359722385,0.19940720193024838,28.544722165054132,8.9678125,3.595833333333333,7.739456546022778,NA,NA,435310,92760,566437,6.89,BN,2.18,D,10.36641551724138,1.581206896551724,33.50206896551724,0.09482758620689655,NA,NA,14.2,0,0,0,0,NA,NA,NA,NA,NA,NA,NA,NA,NA,NA
May-2012,2012,5,North,0.15714285714285714,0.4649515,0.09610314285714286,0.084,0.1,0.5714285714285714,0.152,20.11792795704027,0.29312335892480673,67.03430232671595,7.964303797468355,3.54,7.974797886987278,NA,NA,435310,92760,566437,6.89,BN,2.18,D,3.3584599999999996,1.21,20.758,0,NA,NA,13.83,0,0,1,1,NA,NA,NA,NA,NA,NA,NA,NA,NA,NA
May-2012,2012,5,SouthCentral,0.038181818181818185,1.9909597142857143,0.2509090909090909,0.04617433333333333,0.21666666666666667,0.4181818181818182,0.07666666666666666,20.173295476219874,0.15816409184266947,9.056842111119053,7.961724137931035,3.36625,7.5903789167600415,NA,NA,435310,92760,566437,6.89,BN,2.18,D,8.429614705882353,1.5763235294117648,20.6925,0,NA,NA,13.28,0,0,2,1,NA,NA,NA,NA,NA,NA,NA,NA,NA,NA
May-2012,2012,5,Suisun Bay,0.026,NA,0.298,0.056,0.2,0.4,0.122,18.348823551851158,2.777838234443629,63.28260886150858,8.59,6.862222222222222,7.881103398974001,NA,NA,435310,92760,566437,6.89,BN,2.18,D,9.584760714285714,1.8914285714285715,0.013571428571428571,5.7717857142857145,NA,NA,16.82,0,0,1,1,NA,NA,NA,NA,NA,NA,NA,NA,NA,NA
May-2012,2012,5,Suisun Marsh,NA,NA,NA,NA,NA,NA,NA,19.20000002007736,1.1656503915547498,83.3090913252397,6.908,4.595,7.659539645663693,NA,NA,435310,92760,566437,6.89,BN,2.18,D,15.066133333333333,3.6506666666666665,22.516666666666666,7.064,NA,NA,14.71,0,0,1,1,NA,NA,NA,NA,NA,NA,NA,NA,NA,NA
Jun-2012,2012,6,Confluence,0.068,2.5,0.374,0.056,0.15000000000000002,0.34,0.088,20.547945793850477,0.6142068025272511,20.61643561992788,8.160232558139535,2.5475,7.746119582264646,1.6538461538461537,2,405020,47770,481551,6.89,BN,2.18,D,7.5625,6.2124999999999995,45.4125,0,NA,NA,14.56,0,0,0,0,NA,NA,NA,NA,NA,NA,NA,NA,NA,NA
Jun-2012,2012,6,North,0.262,0.95,0.184,0.104,0.2,0.68,0.178,21.895964915704283,0.22775193193948798,82.77561799266063,7.874929577464789,8.715454545454545,7.783788972743934,1,1,405020,47770,481551,6.89,BN,2.18,D,NA,NA,NA,NA,NA,NA,15.49,0,0,0,0,NA,NA,NA,NA,NA,NA,NA,NA,NA,NA
Jun-2012,2012,6,SouthCentral,0.05,1.2765266,0.39297333333333334,0.05888888888888889,0.2,0.34444444444444444,0.08444444444444445,22.515206621028174,0.17715631709983384,9.262222213745117,7.593333333333334,14.228181818181818,7.684472716902817,2.2142857142857144,2,405020,47770,481551,6.89,BN,2.18,D,2.22,1.86,23.106666666666666,0,NA,NA,13.93,0,0,0,0,NA,NA,NA,NA,NA,NA,NA,NA,NA,NA
Jun-2012,2012,6,Suisun Bay,0.07333333333333333,NA,0.45333333333333337,0.07333333333333333,0.2,0.43333333333333335,0.13666666666666666,19.6554054054054,7.551287168173346,36.70370366131817,7.883333333333333,3.16,7.866336424332813,1.4166666666666667,1,405020,47770,481551,6.89,BN,2.18,D,6.04,5.005,0,15.444999999999999,NA,NA,17.81,0,0,1,1,NA,NA,NA,NA,NA,NA,NA,NA,NA,NA
Jun-2012,2012,6,Suisun Marsh,NA,NA,NA,NA,NA,NA,NA,20.868181852860886,3.823232604320716,49.79999972752163,7.152,1.815,7.764741010663462,1.1666666666666667,1,405020,47770,481551,6.89,BN,2.18,D,NA,NA,NA,NA,NA,NA,15.26,0,0,0,0,NA,NA,NA,NA,NA,NA,NA,NA,NA,NA
Jul-2012,2012,7,Confluence,0.04,1.6,0.27999999999999997,0.048,0.15000000000000002,0.34,0.078,21.6932999734,0.6576405152799629,16.98432099804008,8.421219512195123,3.5473333333333334,7.830285113924777,2.1923076923076925,2,628800,29509,687335,6.89,BN,2.18,D,5.383333333333334,3.09,50.06,0,NA,NA,14.64,0,0,0,0,NA,NA,NA,NA,NA,NA,NA,NA,NA,NA
Jul-2012,2012,7,North,0.14625000000000002,0.45714285714285713,0.0925,0.07666666666666667,0.13333333333333333,0.425,0.12166666666666667,22.669333297984245,0.21493711507077476,50.31471700262571,8.336,8.857272727272727,7.75330524367485,1.375,1,628800,29509,687335,6.89,BN,2.18,D,NA,NA,NA,NA,NA,NA,13.86,0,0,1,1,NA,NA,NA,NA,NA,NA,NA,NA,NA,NA
Jul-2012,2012,7,SouthCentral,0.045368454545454545,3.412848142857143,0.612997,0.060428333333333334,0.35,0.4181818181818182,0.07777777777777778,24.188118770378633,0.22114482722976883,12.337340355581198,8.432575757575759,42.87676470588235,7.782260315080563,2.9285714285714284,3,628800,29509,687335,6.89,BN,2.18,D,1.31,1.1433333333333333,8.786666666666667,0,NA,NA,11.41,0,0,0,0,NA,NA,NA,NA,NA,NA,NA,NA,NA,NA
Jul-2012,2012,7,Suisun Bay,0.04666666666666667,NA,0.39,0.06666666666666667,0.2,0.5,0.14333333333333334,20.68312505960465,7.421599493002927,23.38333338782901,7.8,2.3285714285714287,7.863411153940312,1.9166666666666667,2,628800,29509,687335,6.89,BN,2.18,D,3.9,3.51,0,10.42,NA,NA,17.45,0,0,0,0,NA,NA,NA,NA,NA,NA,NA,NA,NA,NA
Jul-2012,2012,7,Suisun Marsh,NA,NA,NA,NA,NA,NA,NA,21.87368421052632,4.992060560649,17.681818251176317,7.256,6.33,7.74,1.6666666666666667,2,628800,29509,687335,6.89,BN,2.18,D,NA,NA,NA,NA,NA,NA,13.97,0,0,0,0,NA,NA,NA,NA,NA,NA,NA,NA,NA,NA
Aug-2012,2012,8,Confluence,0.042,1.1,0.194,0.05,0.125,0.26,0.082,21.467840922045454,0.5715522407604474,16.63399999442857,8.057380952380953,4.175882352941176,7.662751853269283,2.076923076923077,2,554200,24107,604415,6.89,BN,2.18,D,3.0050000000000003,2.355,30.630000000000003,0,NA,NA,13.4,0,0,0,0,NA,NA,NA,NA,NA,NA,NA,NA,NA,NA
Aug-2012,2012,8,North,0.17250000000000001,0.24285714285714285,0.04875,0.06666666666666667,0.13333333333333333,0.475,0.12,22.730933358666668,0.22268531893688975,47.81795917828571,7.6668085106382975,13.725454545454546,7.694766229306152,1,1,554200,24107,604415,6.89,BN,2.18,D,NA,NA,NA,NA,NA,NA,12.22,0,0,2,1,NA,NA,NA,NA,NA,NA,NA,NA,NA,NA
Aug-2012,2012,8,SouthCentral,0.03861963636363636,3.3648935714285715,0.5636177272727273,0.05106733333333333,0.3,0.4181818181818182,0.08777777777777777,24.4281553176699,0.231083150940857,9.491573091573034,7.821940298507463,16.746666666666666,7.677644790182231,2.857142857142857,3,554200,24107,604415,6.89,BN,2.18,D,0.3933333333333333,0.37,2.7199999999999998,0,NA,NA,11.3,0,0,1,1,NA,NA,NA,NA,NA,NA,NA,NA,NA,NA
Aug-2012,2012,8,Suisun Bay,0.04,NA,0.31,0.06999999999999999,0.2,0.43333333333333335,0.11333333333333334,20.60423076923077,6.8205005032882555,27.28,7.95,2.3014285714285716,7.9329282675045905,1.5,2,554200,24107,604415,6.89,BN,2.18,D,3.825,3.48,0,10.335,NA,NA,17.95,0,0,0,0,NA,NA,NA,NA,NA,NA,NA,NA,NA,NA
Aug-2012,2012,8,Suisun Marsh,NA,NA,NA,NA,NA,NA,NA,21.1,5.156254594305008,18.037499999999998,7.117,4.005,7.803591190636447,1.1666666666666667,1,554200,24107,604415,6.89,BN,2.18,D,NA,NA,NA,NA,NA,NA,14.67,0,0,1,1,NA,NA,NA,NA,NA,NA,NA,NA,NA,NA
Sep-2012,2012,9,Confluence,0.056,1.6,0.24200000000000002,0.052,0.225,0.36,0.092,20.342826062173913,1.1413542159578407,13.911756769594595,8.186341463414633,2.688,7.622906651025911,1.375,1,460500,28685,507570,6.89,BN,2.18,D,4.1433333333333335,2.72,43.03,0.0033333333333333335,NA,NA,12.26,0,0,0,0,NA,NA,NA,NA,NA,NA,NA,NA,NA,NA
Sep-2012,2012,9,North,0.19,0.2542925714285714,0.05625,0.07,0.1,0.4375,0.1,20.71083331222222,0.25954441444607235,25.149600006100002,7.59,6.285,7.934920614763441,1.0555555555555556,1,460500,28685,507570,6.89,BN,2.18,D,NA,NA,NA,NA,NA,NA,10.1,0,0,5,2,NA,NA,NA,NA,NA,NA,NA,NA,NA,NA
Sep-2012,2012,9,SouthCentral,0.047785636363636363,3.027111,0.5644288181818182,0.065224,0.3666666666666667,0.45454545454545453,0.1,22.72926830195122,0.28882666309451605,6.178799972586667,8.010727272727273,13.106317185185185,7.590918660584295,1.5333333333333334,2,460500,28685,507570,6.89,BN,2.18,D,0.29666666666666663,0.27,2.163333333333333,0,NA,NA,9.26,0,0,12,3,NA,NA,NA,NA,NA,NA,NA,NA,NA,NA
Sep-2012,2012,9,Suisun Bay,0.060000000000000005,NA,0.38,0.08333333333333333,0.26666666666666666,0.43333333333333335,0.12333333333333334,19.08625,9.923157336424246,16.20689655172414,8.216666666666667,2.64,7.889876592244116,1.1923076923076923,1,460500,28685,507570,6.89,BN,2.18,D,1.915,1.9749999999999999,0,5.795,NA,NA,17.05,0,0,0,0,NA,NA,NA,NA,NA,NA,NA,NA,NA,NA
Sep-2012,2012,9,Suisun Marsh,NA,NA,NA,NA,NA,NA,NA,19.26923076923077,6.963927123828001,12.56,8.318,3.57,7.9471281046201145,1.3333333333333333,1,460500,28685,507570,6.89,BN,2.18,D,NA,NA,NA,NA,NA,NA,12.3,0,0,3,1,NA,NA,NA,NA,NA,NA,NA,NA,NA,NA
Oct-2012,2012,10,Confluence,0.0264426,1.5,0.198,0.044000000000000004,0.15,0.34,0.086,18.846666700196078,0.9592124956932484,15.101547591904762,8.325,15.562,7.703345436162374,1.40625,1,355000,55468,425675,5.83,D,1.71,C,7.4813457627118645,1.1227118644067797,26.066101694915254,0.303728813559322,NA,NA,9.76,4,2,11,4,NA,NA,NA,NA,NA,NA,NA,NA,NA,NA
Oct-2012,2012,10,North,0.135451,0.21033500000000002,0.049773333333333336,0.06166666666666667,0.2,0.4666666666666667,0.10666666666666666,18.118658573658536,0.27721623928522865,43.5213333416,8.538245614035088,12.922727272727274,7.898361710053272,1,1,355000,55468,425675,5.83,D,1.71,C,6.123659999999999,1.198,22.934,0,NA,NA,9.51,6,3,13,5,NA,NA,NA,NA,NA,NA,NA,NA,NA,NA
Oct-2012,2012,10,SouthCentral,0.0243485,0.31145275,0.35330875,0.074699375,0.2,0.3125,0.10375,19.487628850309278,0.2595405510316418,6.5617582421538465,7.774411764705882,5.88684848275862,7.600780081290119,1.588235294117647,2,355000,55468,425675,5.83,D,1.71,C,7.4191,1.2768115942028986,30.057536231884058,0,NA,NA,9.13,5,3,16,5,NA,NA,NA,NA,NA,NA,NA,NA,NA,NA
Oct-2012,2012,10,Suisun Bay,0.07333333333333333,NA,0.37,0.08333333333333333,0.16666666666666669,0.3333333333333333,0.11666666666666667,18.7475,10.207912434327095,21.503793103448277,8.133333333333333,1.4585714285714286,7.90330781488395,1.1153846153846154,1,355000,55468,425675,5.83,D,1.71,C,15.92500357142857,3.092142857142857,0.09142857142857143,9.860357142857143,NA,NA,13.31,3,2,7,3,NA,NA,NA,NA,NA,NA,NA,NA,NA,NA
Oct-2012,2012,10,Suisun Marsh,NA,NA,NA,NA,NA,NA,NA,17.55,6.835469273255151,27.54,6.828181818181818,2.345,7.837128104620114,1.6666666666666667,2,355000,55468,425675,5.83,D,1.71,C,23.086693333333333,4.543333333333333,1.0293333333333334,15.141333333333334,NA,NA,10.49,3,2,11,4,NA,NA,NA,NA,NA,NA,NA,NA,NA,NA
Nov-2012,2012,11,Confluence,0.144,0.515169,0.342,0.06,0.17500000000000002,0.4,0.08,16.0804999639,1.8568472670033838,12.306588194847059,7.776538461538461,1.4183333333333334,7.486933238980503,1.34375,1,357310,38840,407603,5.83,D,1.71,C,0.5825,0.465,9.81,0.01,NA,NA,5.89,17,5,22,7,NA,NA,NA,NA,NA,NA,NA,NA,NA,NA
Nov-2012,2012,11,North,0.2225,0.6285714285714286,0.14125000000000001,0.06333333333333334,0.23333333333333334,0.5375,0.09166666666666667,14.12972971945946,0.23343282219250103,40.57246153316923,7.965,1.22,7.510192009627355,1,1,357310,38840,407603,5.83,D,1.71,C,NA,NA,NA,NA,NA,NA,7.24,17,5,19,7,NA,NA,NA,NA,NA,NA,NA,NA,NA,NA
Nov-2012,2012,11,SouthCentral,0.042727272727272725,4.991193,0.8529981818181819,0.05555555555555556,0.2833333333333333,0.36363636363636365,0.0811111111111111,15.75,0.23201509662196387,6.823750000578125,8.405909090909091,3.4707692307692306,7.480848431808317,1.75,2,357310,38840,407603,5.83,D,1.71,C,0.35,0.32,4.493333333333333,0,NA,NA,7.25,15,5,22,11,NA,NA,NA,NA,NA,NA,NA,NA,NA,NA
Nov-2012,2012,11,Suisun Bay,0.12666666666666668,NA,0.34,0.07,0.3,0.5666666666666667,0.11666666666666667,16.737837837837837,12.428282739317222,16.368965517241378,8.083333333333334,1.5525,7.831017143326528,1,1,357310,38840,407603,5.83,D,1.71,C,1.44,1.6400000000000001,0,4.775,NA,NA,10.27,7,4,15,4,NA,NA,NA,NA,NA,NA,NA,NA,NA,NA
Nov-2012,2012,11,Suisun Marsh,NA,NA,NA,NA,NA,NA,NA,14.853333333333333,6.287369773605087,11.78,7.325,1.285,7.534280839205794,1,1,357310,38840,407603,5.83,D,1.71,C,NA,NA,NA,NA,NA,NA,8.67,10,2,19,6,NA,NA,NA,NA,NA,NA,NA,NA,NA,NA
Dec-2012,2012,12,Confluence,0.14666666666666667,1.9,0.4766666666666667,0.05,0.35,0.5666666666666667,0.09666666666666666,12.21549998664193,0.27548335811175534,52.01764721867647,9.33470588235294,1.8099999682108567,7.097204399200627,1,1,1425900,60780,1646011,5.83,D,1.71,C,1.565,0.9475,32.21,0.015,NA,NA,7.85,9,5,17,9,NA,NA,NA,NA,NA,NA,NA,NA,NA,NA
Dec-2012,2012,12,North,0.10400000000000001,1.75,0.35,0.23,0.6,0.94,0.366,11.168870880383935,0.19434863777058753,118.19565235630435,8.46657894736842,3.730908934853293,7.0997389582323,1,1,1425900,60780,1646011,5.83,D,1.71,C,NA,NA,NA,NA,NA,NA,9.58,10,4,14,8,NA,NA,NA,NA,NA,NA,NA,NA,NA,NA
Dec-2012,2012,12,SouthCentral,0.12666666666666668,4.8999999999999995,1.1588888888888889,0.11888888888888889,0.30000000000000004,0.7,0.19,11.613333361883333,0.2655861073334749,25.689152558474575,8.511714285714286,1.981851851851852,7.435551044482479,1,1,1425900,60780,1646011,5.83,D,1.71,C,0.06333333333333334,0.056666666666666664,1.3633333333333333,0,NA,NA,10.07,4,3,13,5,NA,NA,NA,NA,NA,NA,NA,NA,NA,NA
Dec-2012,2012,12,Suisun Bay,0.14400000000000002,NA,0.458,0.060000000000000005,0.32,0.64,0.14,13.698,2.9098969699163106,25.7,7.48,1.2057142857142857,7.201453626730537,1,1,1425900,60780,1646011,5.83,D,1.71,C,2.195,1.97,0,5.755,NA,NA,10.83,7,3,14,3,NA,NA,NA,NA,NA,NA,NA,NA,NA,NA
Dec-2012,2012,12,Suisun Marsh,NA,NA,NA,NA,NA,NA,NA,11.026666666666667,2.0082806127302084,24.52,7.534166666666667,1.25,7.179539645663693,1,1,1425900,60780,1646011,5.83,D,1.71,C,NA,NA,NA,NA,NA,NA,9.39,12,4,19,9,NA,NA,NA,NA,NA,NA,NA,NA,NA,NA
Jan-2013,2013,1,Confluence,0.144,1.9,0.46799999999999997,0.056,0.14391600000000002,0.4,0.084,7.60088000656128,0.1736354397899369,41.50555538450301,9.655510204081633,1.354666655540466,7.568346365420803,NA,NA,735300,57000,831960,5.83,D,1.71,C,1.1733333333333333,0.7466666666666667,37.583333333333336,0.016666666666666666,NA,NA,6.74,18,11,21,11,NA,NA,NA,NA,NA,NA,NA,NA,NA,NA
Jan-2013,2013,1,North,0.16666666666666666,1.2,0.25333333333333335,0.11,0.1,0.6833333333333333,0.19,7.541546353803293,0.2683616064865356,54.05512821996231,11.136478873239437,3.242727186029607,7.805368105382048,NA,NA,735300,57000,831960,5.83,D,1.71,C,NA,NA,NA,NA,NA,NA,6.69,18,8,23,9,NA,NA,NA,NA,NA,NA,NA,NA,NA,NA
Jan-2013,2013,1,SouthCentral,0.1,5.12,1.2466666666666666,0.10777777777777778,0.375,0.7555555555555555,0.16555555555555557,7.561176485181284,0.21495608304386463,14.743289475507773,9.825263157894737,2.47,7.510339915504199,NA,NA,735300,57000,831960,5.83,D,1.71,C,0.006666666666666667,0.0033333333333333335,0.255,0,NA,NA,6.83,18,11,24,12,NA,NA,NA,NA,NA,NA,NA,NA,NA,NA
Jan-2013,2013,1,Suisun Bay,0.13999999999999999,NA,0.4166666666666667,0.05333333333333333,0.16666666666666669,0.5,0.09333333333333334,7.953714307512556,2.7624914392599647,78.33703719245062,9.683333333333334,0.8575,7.734396114997031,NA,NA,735300,57000,831960,5.83,D,1.71,C,1.055,0.9500000000000001,0,2.735,NA,NA,11.25,1,1,11,3,NA,NA,NA,NA,NA,NA,NA,NA,NA,NA
Jan-2013,2013,1,Suisun Marsh,NA,NA,NA,NA,NA,NA,NA,6.912499992052714,1.216130801849114,73.30714280264719,9.8966666666666665,3.12,7.583591190636447,NA,NA,735300,57000,831960,5.83,D,1.71,C,NA,NA,NA,NA,NA,NA,9.71,8,3,21,6,NA,NA,NA,NA,NA,NA,NA,NA,NA,NA
Feb-2013,2013,2,Confluence,0.158,2.3,0.48,0.056,0.1,0.4,0.098,10.187663572692152,0.21695945163226674,21.841111071665946,10.234,2.314999979564122,7.79097079334311,NA,NA,444600,62450,522479,5.83,D,1.71,C,1.3366666666666667,0.8066666666666666,42.88,0.04,NA,NA,9.29,7,4,12,7,NA,NA,NA,NA,NA,NA,NA,NA,NA,NA
Feb-2013,2013,2,North,0.14166666666666666,1.1400000000000001,0.24,0.06166666666666667,0.05326,0.49614383333333334,0.105,10.523773542444593,0.3635999209914617,42.364358968037685,10.472530120481927,3.49818172714927,7.784688741618745,NA,NA,444600,62450,522479,5.83,D,1.71,C,NA,NA,NA,NA,NA,NA,9.27,11,6,16,8,NA,NA,NA,NA,NA,NA,NA,NA,NA,NA
Feb-2013,2013,2,SouthCentral,0.07555555555555556,4.08,0.9366666666666666,0.06444444444444444,0.35,0.6666666666666666,0.09888888888888889,10.616172823074074,0.2266795637965624,8.2581428256905,9.935263157894736,3.8346428571428572,7.6439676539102575,NA,NA,444600,62450,522479,5.83,D,1.71,C,0.22,0.19333333333333336,6.303333333333333,0,NA,NA,9.25,10,6,14,8,NA,NA,NA,NA,NA,NA,NA,NA,NA,NA
Feb-2013,2013,2,Suisun Bay,0.15,NA,0.4766666666666667,0.06,0.16666666666666669,0.3666666666666667,0.09999999999999999,10.515172407216042,4.525913786291983,33.00952366420202,10.15,2.5974999999999997,7.892998511742523,NA,NA,444600,62450,522479,5.83,D,1.71,C,0.8400000000000001,0.785,0,2.1399999999999997,NA,NA,10.84,2,1,9,5,NA,NA,NA,NA,NA,NA,NA,NA,NA,NA
Feb-2013,2013,2,Suisun Marsh,NA,NA,NA,NA,NA,NA,NA,10.35238097962879,1.6176898824934756,64.94545461481268,8.244166666666667,4.555,7.584382303200648,NA,NA,444600,62450,522479,5.83,D,1.71,C,NA,NA,NA,NA,NA,NA,10.26,5,1,15,10,NA,NA,NA,NA,NA,NA,NA,NA,NA,NA
Mar-2013,2013,3,Confluence,0.084,2.4,0.386,0.05,0.225,0.5599999999999999,0.10200000000000001,13.764000011250351,0.46634180328037184,25.908878498970314,10.042244897959185,15.453333311080932,7.895040669813047,NA,NA,416500,46800,491889,5.83,D,1.71,C,2.216666666666667,1.3933333333333333,59.47666666666667,0.06999999999999999,NA,NA,10.02,5,4,10,4,NA,NA,NA,NA,NA,NA,NA,NA,NA,NA
Mar-2013,2013,3,North,0.245,0.9285948,0.17442666666666667,0.05333333333333334,0.2,0.6,0.09,14.984700810672555,0.3353373147442511,33.399680849804604,10.097682926829268,7.493332880338032,7.640475556297971,NA,NA,416500,46800,491889,5.83,D,1.71,C,NA,NA,NA,NA,NA,NA,10.13,7,4,11,5,NA,NA,NA,NA,NA,NA,NA,NA,NA,NA
Mar-2013,2013,3,SouthCentral,0.04666666666666667,3.3,0.8366666666666667,0.05888888888888889,0.3,0.5888888888888889,0.09111111111111111,14.964772725121986,0.21625147611108392,6.972948708205128,9.42081081081081,5.631,7.754333722992186,NA,NA,416500,46800,491889,5.83,D,1.71,C,0.27,0.23333333333333334,4.42,0,NA,NA,9.58,7,4,14,5,NA,NA,NA,NA,NA,NA,NA,NA,NA,NA
Mar-2013,2013,3,Suisun Bay,0.07,NA,0.42,0.06333333333333334,0.23333333333333334,0.4,0.09333333333333334,13.661714334760388,6.400978131309098,30.56555571803341,9.15,3.8274999999999997,7.9590133713276705,NA,NA,416500,46800,491889,5.83,D,1.71,C,1.815,1.62,0,4.5600000000000005,NA,NA,13.97,0,0,3,1,NA,NA,NA,NA,NA,NA,NA,NA,NA,NA
Mar-2013,2013,3,Suisun Marsh,NA,NA,NA,NA,NA,NA,NA,14.591666754086809,2.8212475910338504,64.164285332816,7.4725,5.45,7.6846914054906446,NA,NA,416500,46800,491889,5.83,D,1.71,C,NA,NA,NA,NA,NA,NA,11.25,2,1,11,5,NA,NA,NA,NA,NA,NA,NA,NA,NA,NA
Apr-2013,2013,4,Confluence,0.074,1.8,0.36,0.05,0.15000000000000002,0.38,0.094,16.836752141630214,0.6594224025217582,32.228039384330955,9.854791666666667,8.136666666666667,7.848228687818793,NA,NA,371930,64860,467632,5.83,D,1.71,C,2.42,1.5066666666666666,62.65333333333333,0.15,NA,NA,14.9,0,0,2,1,NA,NA,NA,NA,NA,NA,NA,NA,NA,NA
Apr-2013,2013,4,North,0.20707116666666667,0.4530574,0.115,0.06666666666666667,0.1,0.6666666666666666,0.11166666666666666,17.4781608735768,0.21215158772606607,40.14109587213138,8.81225806451613,5.13,7.87467611292359,NA,NA,371930,64860,467632,5.83,D,1.71,C,NA,NA,NA,NA,NA,NA,12.3,2,1,4,1,NA,NA,NA,NA,NA,NA,NA,NA,NA,NA
Apr-2013,2013,4,SouthCentral,0.03371244444444445,1.68,0.5888888888888889,0.06666666666666667,0.35,0.4777777777777778,0.09111111111111111,17.76956524643215,0.2070110809464591,11.200117652704678,8.51871794871795,7.2463999999999995,7.821149269884251,NA,NA,371930,64860,467632,5.83,D,1.71,C,0.39666666666666667,0.36,6.286666666666667,0,NA,NA,13.72,1,1,3,1,NA,NA,NA,NA,NA,NA,NA,NA,NA,NA
Apr-2013,2013,4,Suisun Bay,0.09666666666666666,NA,0.41,0.07666666666666667,0.2,0.4666666666666667,0.13,16.747333339691163,7.338173849079716,44.21818169680509,8.066666666666666,2.96,7.77977153860398,NA,NA,371930,64860,467632,5.83,D,1.71,C,2.855,2.525,0,7.175,NA,NA,16.1,0,0,2,1,NA,NA,NA,NA,NA,NA,NA,NA,NA,NA
Apr-2013,2013,4,Suisun Marsh,NA,NA,NA,NA,NA,NA,NA,16.847619056701664,2.8112872303705174,56.00909174138849,7.905833333333334,3.3200000000000003,7.679539645663693,NA,NA,371930,64860,467632,5.83,D,1.71,C,NA,NA,NA,NA,NA,NA,14.01,0,0,5,2,NA,NA,NA,NA,NA,NA,NA,NA,NA,NA
May-2013,2013,5,Confluence,0.086,2.2,0.418,0.064,0.25,0.42000000000000004,0.114,19.237647079391305,0.621832783519914,36.52325585930308,8.529583333333333,4.389285690443856,7.7780414049251005,NA,NA,352710,71873,455511,5.83,D,1.71,C,1.52,1.1033333333333333,29.37666666666667,0.17,NA,NA,14.52,0,0,0,0,NA,NA,NA,NA,NA,NA,NA,NA,NA,NA
May-2013,2013,5,North,0.29333333333333333,1.18,0.22,0.08166666666666667,0.3,0.6833333333333333,0.14,20.425237849928447,0.23517378214844098,69.4513157580738,7.683015873015873,4.714761742410206,7.89932938266751,NA,NA,352710,71873,455511,5.83,D,1.71,C,NA,NA,NA,NA,NA,NA,13.8,0,0,2,1,NA,NA,NA,NA,NA,NA,NA,NA,NA,NA
May-2013,2013,5,SouthCentral,0.04,0.07567360000000001,0.18051433333333333,0.05148366666666667,0.25,0.5444444444444445,0.10666666666666667,19.842708329374997,0.15335021884301098,15.726352930051872,8.423207547169811,4.539047619047619,7.499443898479718,NA,NA,352710,71873,455511,5.83,D,1.71,C,0.4,0.36333333333333334,3.34,0,NA,NA,12.68,0,0,0,0,NA,NA,NA,NA,NA,NA,NA,NA,NA,NA
May-2013,2013,5,Suisun Bay,0.09,NA,0.5233333333333333,0.07666666666666667,0.23333333333333334,0.5,0.12,18.918518391361935,7.891235738407652,44.9834998664856,8.2,1.91,7.922998511742524,NA,NA,352710,71873,455511,5.83,D,1.71,C,3.7249999999999996,3.195,0,9.495000000000001,NA,NA,17.41,0,0,0,0,NA,NA,NA,NA,NA,NA,NA,NA,NA,NA
May-2013,2013,5,Suisun Marsh,NA,NA,NA,NA,NA,NA,NA,19.78095234462193,2.9589910903037677,39.690909229625355,7.7275,2.1,7.779539645663693,NA,NA,352710,71873,455511,5.83,D,1.71,C,NA,NA,NA,NA,NA,NA,14.4,0,0,1,1,NA,NA,NA,NA,NA,NA,NA,NA,NA,NA
Jun-2013,2013,6,Confluence,0.05,2.3,0.51,0.07200000000000001,0.17500000000000002,0.44,0.128,20.354480057164135,0.6853850434477026,30.145945887437755,8.915882352941177,2.38333332935969,7.8167940631250845,1.1153846153846154,1,396100,22122,446020,5.83,D,1.71,C,2.0933333333333333,1.4233333333333333,38.07666666666667,0.14666666666666667,NA,NA,14.9,0,0,1,1,NA,NA,NA,NA,NA,NA,NA,NA,NA,NA
Jun-2013,2013,6,North,0.32166666666666666,0.96,0.22666666666666666,0.095,0.4,0.7666666666666666,0.13833333333333334,22.630521551083163,0.252827264275762,65.76847824836355,8.87986301369863,3.849090796383944,7.876923040054615,1,1,396100,22122,446020,5.83,D,1.71,C,NA,NA,NA,NA,NA,NA,14.05,0,0,0,0,NA,NA,NA,NA,NA,NA,NA,NA,NA,NA
Jun-2013,2013,6,SouthCentral,0.028888888888888888,1.4337036,0.4072511111111111,0.0788888888888889,0.4,0.4666666666666667,0.11444444444444445,22.74999997044122,0.20978720621807875,15.089433932521548,8.425,16.744444444444444,7.527169926031224,1.5714285714285714,2,396100,22122,446020,5.83,D,1.71,C,1.19,1.0999999999999999,9.763333333333334,0,NA,NA,12.62,0,0,1,1,NA,NA,NA,NA,NA,NA,NA,NA,NA,NA
Jun-2013,2013,6,Suisun Bay,0.06,NA,0.5266666666666666,0.08333333333333333,0.23333333333333334,0.5333333333333333,0.13666666666666666,19.70882350697237,7.623260911297221,47.859259372287326,8.2,2.0166666666666666,7.993230478694706,1,1,396100,22122,446020,5.83,D,1.71,C,2.745,2.495,0,7.32,NA,NA,17.92,0,0,0,0,NA,NA,NA,NA,NA,NA,NA,NA,NA,NA
Jun-2013,2013,6,Suisun Marsh,NA,NA,NA,NA,NA,NA,NA,20.55833342870077,4.35895738126099,44.52142889840261,7.14,2.885,7.924741010663462,1,1,396100,22122,446020,5.83,D,1.71,C,NA,NA,NA,NA,NA,NA,15.46,0,0,0,0,NA,NA,NA,NA,NA,NA,NA,NA,NA,NA
Jul-2013,2013,7,Confluence,0.044,2.5,0.334,0.064,0.17500000000000002,0.36,0.1,22.421779648160502,0.8712004332092871,21.703627506138258,8.796333333333333,3.216666666666667,7.792238508866338,1.9666666666666666,2,542100,17857,589000,5.83,D,1.71,C,3.026666666666667,2.0733333333333333,44.53333333333333,0.18999999999999997,NA,NA,14.72,0,0,0,0,NA,NA,NA,NA,NA,NA,NA,NA,NA,NA
Jul-2013,2013,7,North,0.129970625,0.6,0.09375,0.0925,0.300271,0.5625,0.15375,23.347999976592774,0.2285093634737579,31.88622645783405,8.587317073170732,2.81,7.760314449455509,1,1,542100,17857,589000,5.83,D,1.71,C,NA,NA,NA,NA,NA,NA,14.49,0,0,0,0,NA,NA,NA,NA,NA,NA,NA,NA,NA,NA
Jul-2013,2013,7,SouthCentral,0.027160444444444445,1.047708,0.27024233333333336,0.08444444444444445,0.225,0.43333333333333335,0.11777777777777777,25.316216199046135,0.2280200648939517,10.808235304330324,6.43390625,24.673076923076923,7.482973491814462,3.130434782608696,3,542100,17857,589000,5.83,D,1.71,C,0.2633333333333333,0.25333333333333335,1.5466666666666666,0,NA,NA,11.58,0,0,0,0,NA,NA,NA,NA,NA,NA,NA,NA,NA,NA
Jul-2013,2013,7,Suisun Bay,0.05,NA,0.42666666666666664,0.08666666666666667,0.3,0.5666666666666667,0.16999999999999998,21.55516129032258,8.409346507999917,54.633333405994236,8.133333333333333,2.4116666666666666,7.906336424332814,1.25,1,542100,17857,589000,5.83,D,1.71,C,5.055,4.2299999999999995,0,13.065000000000001,NA,NA,19.09,0,0,0,0,NA,NA,NA,NA,NA,NA,NA,NA,NA,NA
Jul-2013,2013,7,Suisun Marsh,NA,NA,NA,NA,NA,NA,NA,22.23809520176479,5.906137770539104,25.718181610107408,7.725,3.3649999999999998,7.809884880917305,1,1,542100,17857,589000,5.83,D,1.71,C,NA,NA,NA,NA,NA,NA,15.65,0,0,0,0,NA,NA,NA,NA,NA,NA,NA,NA,NA,NA
Aug-2013,2013,8,Confluence,0.044,1.4,0.23800000000000002,0.08600000000000001,0.21615175,0.5800000000000001,0.066,21.199705924135603,1.0337416416745793,19.772023773333334,9.104035087719298,2.593124995529651,7.683949060751191,2.4705882352941178,2,545800,16283,584369,5.83,D,1.71,C,0.09,0.085,NA,0,NA,NA,14.21,0,0,0,0,NA,NA,NA,NA,NA,NA,NA,NA,NA,NA
Aug-2013,2013,8,North,0.08636363636363636,0.3,0.06545454545454546,0.09727272727272727,0.34285714285714286,0.41707716666666667,0.11666666666666667,22.655068255584304,0.24764303290308254,34.55020001408,8.493913043478262,3.5599998872930363,7.923325596973544,1.25,1,545800,16283,584369,5.83,D,1.71,C,NA,NA,NA,NA,NA,NA,13.73,0,0,1,1,NA,NA,NA,NA,NA,NA,NA,NA,NA,NA
Aug-2013,2013,8,SouthCentral,0.02036688888888889,0.191478,0.13270222222222222,0.08222222222222222,0.20468575,0.21862633333333334,0.07888888888888888,24.276842105263157,0.2799352818873828,9.644022995172413,7.696060606060606,10.263333333333334,7.461347908093036,3.264705882352941,3,545800,16283,584369,5.83,D,1.71,C,0,0,NA,0,NA,NA,12,0,0,1,1,NA,NA,NA,NA,NA,NA,NA,NA,NA,NA
Aug-2013,2013,8,Suisun Bay,0.06333333333333332,NA,0.36,0.1,0.2,0.3,0.08666666666666667,20.0584,8.874369825947383,34.53333333333333,8.183333333333334,2.1983333333333333,8,1.5,2,545800,16283,584369,5.83,D,1.71,C,0,0,0,0,NA,NA,17.63,0,0,0,0,NA,NA,NA,NA,NA,NA,NA,NA,NA,NA
Aug-2013,2013,8,Suisun Marsh,NA,NA,NA,NA,NA,NA,NA,21.053333333333335,6.557974817527379,28.05,7.99,24.55,8.207649187976246,1,1,545800,16283,584369,5.83,D,1.71,C,NA,NA,NA,NA,NA,NA,15,0,0,0,0,NA,NA,NA,NA,NA,NA,NA,NA,NA,NA
Sep-2013,2013,9,Confluence,0.04833333333333333,1.4,0.29333333333333333,0.07333333333333333,0.08367225,0.17247583333333333,0.07833333333333334,21.283529349057904,0.9936480740335989,18.246111149222223,8.645087719298246,2.5293749925494193,7.895994610463229,1.85,2,404400,25472,444467,5.83,D,1.71,C,2.9566666666666666,2.0633333333333335,32.97,0.7033333333333333,NA,NA,12.65,1,1,2,1,471147.47000000003,44536.9675,24276.5275,4145.5525,126260.79250000001,859.5725,150.14,35592.024999999994,18.7675,300.295
Sep-2013,2013,9,North,0.11708829032258064,0.5952380952380952,0.2571875,0.149375,0.5181818181818182,0.484375,0.1765625,21.463661765877962,0.30537233643119194,23.07300000002,7.89375,3.7263635019822545,7.795863994606049,1,1,404400,25472,444467,5.83,D,1.71,C,NA,NA,NA,NA,NA,NA,12.27,2,1,6,2,14456.23,NA,20225.73,NA,495454.49,225.21,NA,30778.7,NA,3077.87
Sep-2013,2013,9,SouthCentral,0.0287349,0.08011083333333333,0.19007380000000001,0.09,0.17193250000000002,0.37,0.11,22.70326084478261,0.3121850435167546,8.5627499866625,7.735964912280702,6.873571428571428,7.7671059670307345,1.967741935483871,2,404400,25472,444467,5.83,D,1.71,C,0.08333333333333334,0.08,0.7233333333333334,0,NA,NA,11.12,0,0,6,2,5824828.8375,44325.595,201996.855,3459.0275,269243.33,1770.4325000000001,142.76250000000002,22461.78,107.9125,533.2225
Sep-2013,2013,9,Suisun Bay,0.07,NA,0.45666666666666667,0.09666666666666666,0.16666666666666666,0.3666666666666667,0.1,21.31230769230769,9.569254851192422,27.658620689655173,8.299999999999999,2.0433333333333334,8.105319952112293,1.0384615384615385,1,404400,25472,444467,5.83,D,1.71,C,4.21,3.17,0,11.645,NA,NA,16.52,1,1,3,2,64913.82666666666,50633.74333333334,14676.076666666668,2398.8966666666665,34011.9,223.11666666666667,125.11666666666666,22107.86666666667,16.683333333333334,164.73333333333332
Sep-2013,2013,9,Suisun Marsh,NA,NA,NA,NA,NA,NA,NA,20.68,7.872703921488382,12.92,7.194166666666667,1.585,7.9,1,1,404400,25472,444467,5.83,D,1.71,C,NA,NA,NA,NA,NA,NA,13.89,0,0,5,2,NA,NA,NA,NA,NA,NA,NA,NA,NA,NA
Oct-2013,2013,10,Confluence,0.08,1.75,0.32,0.075,0.1,0.26666666666666666,0.085,17.759066689466668,1.5367688313905161,13.869857139057142,8.556666666666667,1.9185714285714286,7.797190276818196,1.53125,2,247220,44621,304281,4.07,C,1.16,C,1.0466666666666666,0.8066666666666666,17.923333333333336,0.7266666666666667,NA,NA,9.74,6,1,14,5,NA,NA,NA,NA,NA,NA,NA,NA,NA,NA
Oct-2013,2013,10,North,0.20551724137931035,0.9619047619047619,0.194,0.08700000000000001,0.26666666666666666,0.5,0.10066666666666667,17.238169030140845,0.19267355650613158,42.838548391870965,9.235576923076923,1.27,7.875577780179994,1,1,247220,44621,304281,4.07,C,1.16,C,NA,NA,NA,NA,NA,NA,8.41,13,7,18,7,231664.49666666667,977523.7333333334,193139.01,105675.09333333334,2107207.446666667,829.3633333333333,2273.6,332788.9633333333,3374.6533333333336,4618.706666666667
Oct-2013,2013,10,SouthCentral,0.025,0.16831266666666667,0.224,0.067,0.175,0.3732067,0.075,18.08255813511628,0.26999121198256404,5.208701293285714,7.859464285714286,3.398285714285714,7.435200563931063,1.6666666666666667,2,247220,44621,304281,4.07,C,1.16,C,0,0,0.01,0,NA,NA,8.74,7,2,21,10,NA,NA,NA,NA,NA,NA,NA,NA,NA,NA
Oct-2013,2013,10,Suisun Bay,0.09666666666666666,NA,0.37333333333333335,0.09666666666666666,0.16666666666666666,0.4,0.12666666666666668,18.1345,9.878498350858242,14.675862068965516,8.166666666666666,1.8057142857142856,7.84707346911643,1.1153846153846154,1,247220,44621,304281,4.07,C,1.16,C,2.79,2.075,0,8.735,NA,NA,12.64,1,1,9,4,NA,NA,NA,NA,NA,NA,NA,NA,NA,NA
Oct-2013,2013,10,Suisun Marsh,NA,NA,NA,NA,NA,NA,NA,18.066666666666666,9.171679147109291,15,6.634545454545455,1.5499999999999998,7.729539645663693,1.3333333333333333,1,247220,44621,304281,4.07,C,1.16,C,NA,NA,NA,NA,NA,NA,10.71,8,4,14,4,NA,NA,NA,NA,NA,NA,NA,NA,NA,NA
Nov-2013,2013,11,Confluence,0.13166666666666665,1.95,0.435,0.07333333333333333,0.15000000000000002,0.4666666666666667,0.10666666666666666,14.662692281507839,2.106011794260526,14.097790746069768,9.162075471698113,1.8606666587193808,7.6417511490915615,1.03125,1,263500,32614,306404,4.07,C,1.16,C,1.5233333333333332,1.1166666666666667,29.886666666666667,0.24666666666666667,NA,NA,8.24,11,8,21,8,479749.10750000004,55578.590000000004,18622.5625,2170.7275,200649.135,1163.6000000000001,106.35,27375.8625,31.279999999999998,656.8675
Nov-2013,2013,11,North,0.24458333333333332,1.4428571428571428,0.27,0.07708333333333334,0.2,0.5958333333333333,0.11833333333333333,13.26187493125491,0.20128707836416937,37.07306450720968,9.559615384615384,3.533636272603811,7.801016888292416,1,1,263500,32614,306404,4.07,C,1.16,C,NA,NA,NA,NA,NA,NA,7.15,18,8,23,9,173582.45333333334,88870.92,114781.78333333333,126403.19333333334,1183291.96,1681.9633333333334,475.4533333333334,209594.9833333333,2261.0866666666666,3038.65
Nov-2013,2013,11,SouthCentral,0.028,0.448953,0.2675522,0.055,0.225,0.2884974,0.081,13.910000019,0.2653477627569666,4.433291142848101,9.330701754385965,2.6010714285714287,7.5844695260611,1,1,263500,32614,306404,4.07,C,1.16,C,0.23,0.20666666666666667,4.6899999999999995,0,NA,NA,7.9,14,8,24,10,2621290.9650000003,75325.575,16872.855,27179.269999999997,231506.98249999998,1170.1275,323.26,25247.8225,295.5875,372.6475
Nov-2013,2013,11,Suisun Bay,0.12333333333333334,NA,0.44,0.08666666666666667,0.3,0.6,0.14333333333333334,14.967,11.781795879443882,16.96896551724138,8.533333333333333,2.0228571428571427,7.97221691940543,1,1,263500,32614,306404,4.07,C,1.16,C,1.6,1.355,0,4.53,NA,NA,11.32,2,1,14,4,53374.15666666667,42144.1,17120.579999999998,2300.8966666666665,74474.8,312.8066666666667,87.58999999999999,26132.85666666667,25.02333333333333,339.6133333333333
Nov-2013,2013,11,Suisun Marsh,NA,NA,NA,NA,NA,NA,NA,15.253333333333334,7.680560918763134,12.98,7.526666666666666,1.545,7.644280839205794,1,1,263500,32614,306404,4.07,C,1.16,C,NA,NA,NA,NA,NA,NA,10.11,8,3,18,5,NA,NA,NA,NA,NA,NA,NA,NA,NA,NA
Dec-2013,2013,12,Confluence,0.19333333333333333,1.3167205,0.5066666666666667,0.075,0.17500000000000002,0.5666666666666667,0.11166666666666666,9.748080800414142,2.6159343075664347,19.998554239879518,10.0194,1.5764285714285715,7.639388128046701,1,1,254350,28997,293355,4.07,C,1.16,C,1.9533333333333334,1.19,43.00333333333333,0.043333333333333335,NA,NA,7.04,20,9,24,11,NA,NA,NA,NA,NA,NA,NA,NA,NA,NA
Dec-2013,2013,12,North,0.298796875,1.8380952380952382,0.4,0.0975,0.33333333333333337,0.6708333333333334,0.135,7.376621626797297,0.25444504408661694,21.06343750359375,11.827592592592593,2.27,8.00620587328352,1,1,254350,28997,293355,4.07,C,1.16,C,NA,NA,NA,NA,NA,NA,5.68,21,9,25,10,343089.08666666667,1677225.2833333332,87329.36666666667,73920.13666666667,1252130.8666666667,720.6866666666666,1321.2566666666664,149722.86666666667,1201.14,960.93
Dec-2013,2013,12,SouthCentral,0.0462131,2.0169751666666667,0.7251921,0.0645283,0.275,0.39,0.08600000000000001,8.292424255409092,0.3191568216602362,5.523508771245614,11.049714285714286,3.720416666666667,7.594673706486855,1,1,254350,28997,293355,4.07,C,1.16,C,0.03666666666666667,0.03666666666666667,1.2166666666666666,0,NA,NA,6.85,19,9,23,11,NA,NA,NA,NA,NA,NA,NA,NA,NA,NA
Dec-2013,2013,12,Suisun Bay,0.16333333333333333,NA,0.4766666666666667,0.07333333333333333,0.3,0.6666666666666666,0.14,10.80923076923077,13.153481602804106,28.79206896551724,9.75,1.5933333333333333,7.896972815268153,1,1,254350,28997,293355,4.07,C,1.16,C,0.965,0.815,0,3.945,NA,NA,10.32,3,2,13,5,NA,NA,NA,NA,NA,NA,NA,NA,NA,NA
Dec-2013,2013,12,Suisun Marsh,NA,NA,NA,NA,NA,NA,NA,10.442857142857143,7.2436620066625315,21.32,8.237272727272726,1.58,7.789884880917305,1,1,254350,28997,293355,4.07,C,1.16,C,NA,NA,NA,NA,NA,NA,8.84,11,4,20,5,NA,NA,NA,NA,NA,NA,NA,NA,NA,NA
Jan-2014,2014,1,Confluence,0.25333333333333335,2.6,0.5783333333333334,0.06833333333333334,0.275,0.75,0.09833333333333333,9.302142862642409,2.912227737142566,15.5517204452014,10.2846,2.173124988079071,7.5482385207175975,NA,NA,196200,24462,233755,4.07,C,1.16,C,1.3333333333333333,0.7633333333333333,42.239999999999995,0.08333333333333333,NA,NA,5.83,20,13,23,18,525927.6575,93868.15,18816.65,NA,528826.8525,656.37,176.96249999999998,28436.265,NA,691.7625
Jan-2014,2014,1,North,0.29332995833333336,1.6654986666666667,0.4044119583333333,0.08931954166666667,0.6,0.7458333333333333,0.13208333333333333,9.484059365739583,0.3496990200597746,25.983750007132908,10.697307692307692,7.311817930394949,7.82240762073543,NA,NA,196200,24462,233755,4.07,C,1.16,C,NA,NA,NA,NA,NA,NA,5.6,24,15,27,16,1022329.025,704702.6425000001,80038.22750000001,200799.8,2087072.3325,1603.6825,474.895,94030.3625,3515.2549999999997,4845.705
Jan-2014,2014,1,SouthCentral,0.083132,2.5158926666666668,0.849,0.0611045,0.35,0.57,0.092,9.597065192484683,0.40842190613471857,5.249873419637562,10.490444444444444,7.603055555555556,7.491109178882717,NA,NA,196200,24462,233755,4.07,C,1.16,C,0.006666666666666667,0.006666666666666667,0.21,0,NA,NA,6.14,23,15,27,22,62189.9,356720.7825,11574.5875,12436.1075,271784.44,294.545,662.6375,17069.6425,56.3,423.3925
Jan-2014,2014,1,Suisun Bay,0.21666666666666667,NA,0.48,0.060000000000000005,0.3333333333333333,0.7,0.11666666666666667,9.711935502329178,13.247867820396541,14.771500000000007,9.966666666666667,4.145,7.865472693116397,NA,NA,196200,24462,233755,4.07,C,1.16,C,0.9199999999999999,0.815,0,2.565,NA,NA,9.87,2,1,11,6,2362281.516666667,51994.94333333333,14325.103333333333,NA,47434.34333333333,774.5833333333334,333.6666666666667,21659.733333333334,NA,114.39999999999999
Jan-2014,2014,1,Suisun Marsh,NA,NA,NA,NA,NA,NA,NA,9.438095201764787,6.752169829692461,18.254545359178024,9.059999999999999,3.585,7.804971218322152,NA,NA,196200,24462,233755,4.07,C,1.16,C,NA,NA,NA,NA,NA,NA,9.24,10,6,20,7,NA,NA,NA,NA,NA,NA,NA,NA,NA,NA
Feb-2014,2014,2,Confluence,0.19833333333333333,3.15,0.655,0.06833333333333334,0.275,0.6333333333333333,0.11,11.566190443563059,1.9413327486748928,20.032790632292155,9.624666666666666,2.017692307692308,7.61204388664246,NA,NA,300630,23013,342333,4.07,C,1.16,C,1.4933333333333334,0.9433333333333334,47.11,0.13333333333333333,NA,NA,8.78,1,1,7,2,173318.31999999998,24090.0225,18563.755,NA,120363.4875,284.185,58.98,26488.7,NA,190.3525
Feb-2014,2014,2,North,0.26166666666666666,2.580952380952381,0.54,0.16416666666666666,0.5,0.975,0.25166666666666665,12.20569894104081,0.34429974682479203,42.09283949293953,8.786455696202532,6.51,7.645394637800154,NA,NA,300630,23013,342333,4.07,C,1.16,C,NA,NA,NA,NA,NA,NA,9.16,7,2,13,5,1218958.5899999999,75081.9525,40697.1275,157901.90000000002,2350877.1725,1223.355,512.1675,81219.37,3009.1,1807.785
Feb-2014,2014,2,SouthCentral,0.07444444444444445,4.18,1.1944444444444444,0.07666666666666666,0.425,0.6777777777777778,0.11,12.217910490364314,0.43924708910102817,6.9864406651542765,9.273548387096774,5.637083333333333,7.4294650553481265,NA,NA,300630,23013,342333,4.07,C,1.16,C,0.0033333333333333335,0.0033333333333333335,0.13333333333333333,0,NA,NA,9.97,5,3,15,6,494023.2875,96772.4375,14476.259999999998,NA,209123.93,388.8925,295.84749999999997,19783.1325,NA,476.7475
Feb-2014,2014,2,Suisun Bay,0.19,NA,0.6866666666666666,0.07,0.3666666666666667,0.6666666666666666,0.10666666666666667,11.534516092115835,9.891335967406391,20.549523982093447,9.6,2.025,7.8482805255646415,NA,NA,300630,23013,342333,4.07,C,1.16,C,0.46,0.42,0,1.15,NA,NA,11.61,0,0,1,1,127207.42333333334,34411.33666666667,16028.080000000002,NA,38024.60666666667,398.29,100.09333333333332,23934.916666666668,NA,148.05666666666664
Feb-2014,2014,2,Suisun Marsh,NA,NA,NA,NA,NA,NA,NA,11.227272718602968,5.626914506699385,27.536363809758964,8.533076923076923,3.085,7.521526609715514,NA,NA,300630,23013,342333,4.07,C,1.16,C,NA,NA,NA,NA,NA,NA,10.44,3,2,10,5,NA,NA,NA,NA,NA,NA,NA,NA,NA,NA
Mar-2014,2014,3,Confluence,0.17666666666666667,3.65,0.7283333333333333,0.08,0.44999999999999996,0.8166666666666667,0.14,14.71309526228367,0.5336034167043536,32.52805557520293,8.707083333333333,2.799333320617676,7.398102918795322,NA,NA,458020,26263,504119,4.07,C,1.16,C,1.91,1.2566666666666666,40.75333333333334,0.5633333333333334,NA,NA,9.84,3,1,12,4,344079.835,NA,41047.8425,NA,216139.7775,112.61250000000001,NA,54721.16,NA,563.055
Mar-2014,2014,3,North,0.19434782608695653,2.895,0.6208695652173913,0.1373913043478261,0.7333333333333334,0.9695652173913043,0.29434782608695653,15.147058742928213,0.3519617228796658,41.43500000457349,8.510694444444445,4.260908997709098,8.178211781872383,NA,NA,458020,26263,504119,4.07,C,1.16,C,NA,NA,NA,NA,NA,NA,10.27,5,2,11,3,NA,NA,147757.69,NA,5662019,NA,NA,171165.3,NA,8708.41
Mar-2014,2014,3,SouthCentral,0.069,2.6515785,1.113,0.093,0.575,0.88,0.156,15.628089889758765,0.30796495200304924,8.162692342777817,10.087777777777777,16.93148148148148,7.548094234585585,NA,NA,458020,26263,504119,4.07,C,1.16,C,0.04,0.04,0.77,0,NA,NA,9.73,2,1,16,3,30293.3225,52606.28,237138.52250000002,NA,7161.365,79.365,171.095,61006.869999999995,NA,78.5925
Mar-2014,2014,3,Suisun Bay,0.17666666666666667,NA,0.8133333333333334,0.09,0.4,0.7666666666666667,0.1366666666666667,14.935405456955367,6.203994821671711,25.192592620849616,8.533333333333333,3.5949999999999998,7.7667310043896896,NA,NA,458020,26263,504119,4.07,C,1.16,C,1.205,1.04,0,3.02,NA,NA,13.58,1,1,5,1,40799.083333333336,NA,100542.84666666666,22110.353333333333,75731.12666666666,417.0733333333333,NA,118758.24666666666,100.09666666666668,280.27000000000004
Mar-2014,2014,3,Suisun Marsh,NA,NA,NA,NA,NA,NA,NA,14.796,1.7003080934077635,44.199999891008645,6.958461538461538,2.72,7.4471281046201145,NA,NA,458020,26263,504119,4.07,C,1.16,C,NA,NA,NA,NA,NA,NA,11.9,3,1,8,3,NA,NA,NA,NA,NA,NA,NA,NA,NA,NA
Apr-2014,2014,4,Confluence,0.12000000000000001,2.95,0.585,0.07833333333333334,0.35,0.6499999999999999,0.13666666666666666,16.590719977223515,0.6907808389884303,36.598148110232216,8.904489795918368,4.638666663487752,7.577779988904277,NA,NA,289100,53362,365255,4.07,C,1.16,C,2.543333333333333,1.4666666666666666,41.14666666666667,0.09333333333333334,NA,NA,11.04,3,2,6,2,12018.3325,6903.2725,74278.085,NA,176875.875,75.07,12.5125,106684.515,NA,278.8375
Apr-2014,2014,4,North,0.21392857142857144,1.904,0.44285714285714284,0.14357142857142857,0.6666666666666666,0.8,0.21464285714285714,17.85984607670581,0.3225774922594697,31.637523873555704,8.058988764044944,3.7027271556854253,8.148278132350649,NA,NA,289100,53362,365255,4.07,C,1.16,C,NA,NA,NA,NA,NA,NA,10.53,4,2,6,2,63369.74,45337.86444444444,21208.256666666664,13980.543333333335,691454.2044444444,85.98,343.06,36335.37111111111,825.7866666666665,458.06666666666666
Apr-2014,2014,4,SouthCentral,0.043000000000000003,2.7666666666666666,0.867,0.083,0.45,0.71,0.129,17.852336445053595,0.2357586653484013,8.522234031239584,8.847547169811321,3.3069444444444445,7.597606314830403,NA,NA,289100,53362,365255,4.07,C,1.16,C,0.043333333333333335,0.04,0.6233333333333333,0,NA,NA,10.43,2,1,9,4,14112.84,245560.44,20326.68,478.09250000000003,141669.41,54.555,474.9725,26579.33,6.7575,244.48499999999999
Apr-2014,2014,4,Suisun Bay,0.1,NA,0.6599999999999999,0.09,0.4,0.6333333333333333,0.13999999999999999,16.3528570992606,6.772617032519554,39.231999870300285,8.833333333333334,2.13,7.847073323120578,NA,NA,289100,53362,365255,4.07,C,1.16,C,1.355,1.185,0,3.395,NA,NA,16.28,0,0,0,0,24749.12,50059.87,18975.13666666667,2647.0866666666666,2256.0533333333333,214.73666666666665,85.08333333333333,24570.940000000002,37.53666666666667,20.02
Apr-2014,2014,4,Suisun Marsh,NA,NA,NA,NA,NA,NA,NA,17.303846131838284,2.080829868686301,45.478571292332234,7.753571428571428,6.66,7.584741010663462,NA,NA,289100,53362,365255,4.07,C,1.16,C,NA,NA,NA,NA,NA,NA,12.89,0,0,5,1,NA,NA,NA,NA,NA,NA,NA,NA,NA,NA
May-2014,2014,5,Confluence,0.05857142857142857,2.75,0.5971428571428572,0.09142857142857143,0.32,0.5571428571428572,0.14714285714285713,19.356700076851126,1.440280967567023,23.488750037817212,8.514324324324324,2.6024999791383743,7.913450852707515,NA,NA,178240,47566,254124,4.07,C,1.16,C,9.015414999999999,1.2186666666666666,16.893333333333334,0.46049999999999996,NA,NA,13.5,0,0,2,3,130147.2325,81906.2,918805.465,6200.935,201478.1275,522.085,183.41000000000003,117146.975,180.85250000000002,484.5525
May-2014,2014,5,North,0.2959259259259259,1.871135,0.413087,0.12481481481481482,0.4666666666666667,0.7851851851851852,0.18851851851851853,21.109345738776376,0.25665854116420417,56.57068966449965,8.27125,4.120908963030034,7.906274015888458,NA,NA,178240,47566,254124,4.07,C,1.16,C,22.117714285714285,3.5757142857142856,54.42857142857143,0,NA,NA,13.04,2,2,4,3,8753.14,NA,456383.62000000005,NA,NA,180.18,NA,24984.96,NA,NA
May-2014,2014,5,SouthCentral,0.028666666666666667,1.641203,0.3473333333333333,0.07333333333333333,0.35555555555555557,0.52,0.11,20.070103102501562,0.20116053561665587,9.177073146720137,8.081346153846154,7.111666666666666,7.610375696685179,NA,NA,178240,47566,254124,4.07,C,1.16,C,6.818512307692307,1.2669230769230768,18.75523076923077,0,NA,NA,12.65,1,1,5,3,42737.9975,446342.0125,2683121.4925,10749.345,90856.115,71.85749999999999,540.53,114313.85,80.4375,211.27
May-2014,2014,5,Suisun Bay,0.07333333333333333,NA,0.54,0.08,0.4,0.6,0.15666666666666668,19.075757633556023,9.925720380962828,24.637391304347823,8.283333333333333,2.5183333333333335,7.992358370267848,NA,NA,178240,47566,254124,4.07,C,1.16,C,6.99886,1.23,0,3.957,NA,NA,16.85,0,0,0,0,319559.5233333333,NA,41365.986666666664,NA,NA,690.6466666666666,NA,48756.01333333333,NA,NA
May-2014,2014,5,Suisun Marsh,NA,NA,NA,NA,NA,NA,NA,19.536363723061303,4.267323977564713,25.5636364329945,7.138461538461539,2.285,7.9,NA,NA,178240,47566,254124,4.07,C,1.16,C,22.567508333333333,3.9516666666666667,29.626666666666665,9.1,NA,NA,14.57,0,0,4,3,NA,NA,NA,NA,NA,NA,NA,NA,NA,NA
Jun-2014,2014,6,Confluence,0.04111111111111111,2.5,0.51,0.0788888888888889,0.2571428571428571,0.45555555555555555,0.12777777777777777,21.691538469652986,2.1252666954225674,18.572522582046595,7.831063829787234,2.558421048867075,7.812173784946515,1.6341463414634145,2,267000,9760,306854,4.07,C,1.16,C,2.643333333333333,1.68,24.526666666666667,0.08333333333333333,NA,NA,14.09,0,0,0,0,1384055.4400000002,55552.2125,568954.4125,905.3449999999999,1144951.645,1683.015,197.06,57772.655,150.14,829.0899999999999
Jun-2014,2014,6,North,0.18259259259259258,1.461754,0.334570037037037,0.10333333333333333,0.43333333333333335,0.704,0.17,22.742621208116844,0.19389227248345856,60.98433736086674,8.323015873015873,4.12818167296323,7.737538941482919,1,1,267000,9760,306854,4.07,C,1.16,C,NA,NA,NA,NA,NA,NA,13.84,0,0,0,0,530206.4575,67854.12,161908.22749999998,210609.0175,1050150.4200000002,5818.054999999999,337.8225,193322.3875,4554.3525,5880.6325
Jun-2014,2014,6,SouthCentral,0.0175088125,0.6429091666666666,0.2232184375,0.080625,0.27999999999999997,0.4533333333333333,0.11937500000000001,23.92603173396825,0.3105329251225296,6.898909084873657,7.523731343283582,4.346111111111111,7.750461244393699,2.65,3,267000,9760,306854,4.07,C,1.16,C,0.12666666666666668,0.12,0.9166666666666666,0,NA,NA,12.64,0,0,0,0,568035.925,502491.12000000005,171962.6375,3854.87,107454.88500000001,668.56,682.7075,32001.019999999997,189.1575,216.805
Jun-2014,2014,6,Suisun Bay,0.05333333333333334,NA,0.62,0.10333333333333333,0.3333333333333333,0.7000000000000001,0.16,20.597567495397616,12.383071608480343,33.47407407407407,7.9,2.5683333333333334,8,1,1,267000,9760,306854,4.07,C,1.16,C,1.96,1.6099999999999999,0,4.904999999999999,NA,NA,17.17,0,0,0,0,165566.04333333333,13221.013333333334,1568181.7033333334,13757.776666666667,NA,407.2033333333334,41.70666666666667,85310.31666666667,41.70666666666667,NA
Jun-2014,2014,6,Suisun Marsh,NA,NA,NA,NA,NA,NA,NA,21.15600001525879,8.0524061606268,22.635714176722942,7.369230769230769,7.234999999999999,7.988587392869642,1,1,267000,9760,306854,4.07,C,1.16,C,NA,NA,NA,NA,NA,NA,15.24,0,0,0,0,NA,NA,NA,NA,NA,NA,NA,NA,NA,NA
Jul-2014,2014,7,Confluence,0.0289282,2.05,0.374,0.084,0.2625,0.43,0.124,22.40330357472957,1.876827810182926,25.7790653375474,8.387457627118645,3.2790476133709863,7.767922599030714,2.3076923076923075,2,283470,8718,321337,4.07,C,1.16,C,3.7899999999999996,2.3400000000000003,27.11,0.4266666666666667,NA,NA,14.24,0,0,0,0,157146.95333333334,195277.89833333332,771283.8266666667,68.73833333333333,65032.329999999994,510.7733333333333,816.07,96400.56333333334,23.459999999999997,441.3233333333333
Jul-2014,2014,7,North,0.15925925925925927,0.8681264399999999,0.1925925925925926,0.09,0.35,0.6222222222222222,0.15037037037037038,23.859090877746137,0.20702565874197754,35.135294118788714,7.1869565217391305,4.120908932685852,7.70663661243571,1.6551724137931034,2,283470,8718,321337,4.07,C,1.16,C,NA,NA,NA,NA,NA,NA,14.5,0,0,1,1,198803.18,NA,1515000.88,2113.39,1721836.03,360.34,NA,66122.39,180.17,9909.35
Jul-2014,2014,7,SouthCentral,0.019987428571428573,0.316602,0.14093066666666668,0.09380952380952381,0.28,0.4666666666666667,0.19333333333333333,25.415737695549677,0.3596098899233226,8.917522137345133,6.903561643835617,9.660388395833333,7.67226951128292,2.914285714285714,3,283470,8718,321337,4.07,C,1.16,C,0.08333333333333333,0.08,0.51,0,NA,NA,12.57,0,0,1,1,66327.26999999999,316208.2525,745772.5625,91519.30249999999,113969.99500000001,259.645,856.6575,40503.755,357.925,348.10999999999996
Jul-2014,2014,7,Suisun Bay,0.043333333333333335,NA,0.5433333333333333,0.10666666666666667,0.5,0.8666666666666667,0.17,21.26100006357829,11.792033343711116,56.27407412352385,7.816666666666666,2.3466666666666667,7.830843835705681,1.1666666666666667,1,283470,8718,321337,4.07,C,1.16,C,2.38,1.915,0,5.95,NA,NA,18.83,0,0,0,0,410897.14666666667,50511.1,299174.7166666667,NA,1584952.91,400.3733333333333,200.18666666666664,62858.613333333335,NA,400.3733333333333
Jul-2014,2014,7,Suisun Marsh,NA,NA,NA,NA,NA,NA,NA,22.21199996948242,9.33778159333661,26.771428516932893,7.3538461538461535,2.465,7.747128104620114,1.3333333333333333,1,283470,8718,321337,4.07,C,1.16,C,NA,NA,NA,NA,NA,NA,15.04,0,0,0,0,NA,NA,NA,NA,NA,NA,NA,NA,NA,NA
Aug-2014,2014,8,Confluence,0.022595444444444446,1.75,0.30444444444444446,0.07555555555555556,0.22857142857142856,0.34444444444444444,0.12111111111111111,21.957362661546885,1.6424452819863014,28.450684999452054,8.349272727272727,2.8505263095153004,7.779129566393157,2.380952380952381,2,264850,8674,295825,4.07,C,1.16,C,2.8833333333333333,1.97,21.416666666666668,0.21666666666666667,NA,NA,13.77,0,0,0,0,109913.73571428572,122048.79428571429,516510.33285714284,22193.648571428574,391949.79,419.6857142857143,357.5857142857143,107423.83,210.81285714285715,764.9157142857142
Aug-2014,2014,8,North,0.136021,0.63860808,0.11794117647058824,0.085,0.22222222222222224,0.5441176470588235,0.13794117647058823,22.807346787594664,0.22551686583443248,26.525454533363636,7.491666666666667,3.239090792049061,7.703835543802374,1.8,2,264850,8674,295825,4.07,C,1.16,C,NA,NA,NA,NA,NA,NA,13.72,0,0,0,0,1070699.3216666668,22128.84,426640.9496666667,10195.444,728728.5753333333,653.9823333333333,36.034,156096.13033333333,332.9873333333333,1215.544
Aug-2014,2014,8,SouthCentral,0.020666666666666667,0.1722046,0.13090826666666666,0.092,0.22,0.4,0.12666666666666668,24.820824738350517,0.38146621699530675,7.781341472670731,7.095757575757576,8.711666666666666,7.703277829497931,2.925925925925926,3,264850,8674,295825,4.07,C,1.16,C,0.049999999999999996,0.04666666666666666,0.3233333333333333,0,NA,NA,10.67,0,0,4,1,10434.3525,367292.83999999997,545226.5275,17442.747499999998,53901.0475,56.302499999999995,1235.895,56606.5325,555.535,253.37
Aug-2014,2014,8,Suisun Bay,0.030000000000000002,NA,0.4666666666666667,0.1,0.3,0.5333333333333333,0.16,20.622631578947367,12.433700156366747,43.96,7.733333333333333,2.185,8,1.1666666666666667,1,264850,8674,295825,4.07,C,1.16,C,2.455,1.94,0,6.135,NA,NA,17.71,0,0,0,0,396407.82,96653.71,281796.39999999997,NA,45924.253333333334,577.9333333333334,217.47000000000003,96243.87666666666,NA,208.53333333333333
Aug-2014,2014,8,Suisun Marsh,NA,NA,NA,NA,NA,NA,NA,21.7,9.774316101939599,26.9,7.4,2.615,7.9,1,1,264850,8674,295825,4.07,C,1.16,C,NA,NA,NA,NA,NA,NA,14.42,0,0,0,0,NA,NA,NA,NA,NA,NA,NA,NA,NA,NA
Sep-2014,2014,9,Confluence,0.031104333333333335,1.7,0.33666666666666667,0.09,0.12294914285714287,0.3,0.11444444444444445,21.702844019266056,1.6331612632057246,20.598064587849464,8.254333333333333,4.737222222222222,7.863024904903073,2.6,3,247630,9746,273701,4.07,C,1.16,C,3.4966666666666666,2.3233333333333333,27.063333333333336,0.7200000000000001,NA,NA,12.97,0,0,1,1,74692.62428571428,192444.05714285714,441227.40142857144,9764.182857142858,98565.05142857143,244.06,594.0371428571428,97510.44499999999,119.39999999999999,507.0157142857143
Sep-2014,2014,9,North,0.13,0.58134352,0.13506823529411766,0.09764705882352942,0.43333333333333335,0.5494534705882353,0.13205882352941176,22.648904067945207,0.2512471335916132,27.347580626403225,7.025283018867925,0.99,7.807906789564814,1.2272727272727273,1,247630,9746,273701,4.07,C,1.16,C,NA,NA,NA,NA,NA,NA,11.75,3,3,6,3,645351.2286666667,13957.106,479523.84866666666,9518.760666666665,353849.6076666667,756.0243333333334,75.40599999999999,73372.99366666666,455.41066666666666,726.9316666666667
Sep-2014,2014,9,SouthCentral,0.022224266666666666,0.1064444,0.1359206,0.094,0.2030704,0.36,0.116,23.66990476552381,0.37315413222863053,5.976847814826087,6.9427536231884055,8.225714285714286,7.613832769692964,2.84375,3,247630,9746,273701,4.07,C,1.16,C,0.49333333333333335,0.43,3.2733333333333334,0,NA,NA,9.92,1,1,7,3,80771.92,662363.96,2849650.93,48890.0425,409574.3875,367.855,1516.4575,91100.0475,472.9725,533.01
Sep-2014,2014,9,Suisun Bay,0.04,NA,0.4666666666666667,0.12,0.33333333333333337,0.43333333333333335,0.13333333333333333,20.446153846153845,11.77894665588381,39.96896551724138,7.35,2.1166666666666667,8.012282104010197,1.4615384615384615,1,247630,9746,273701,4.07,C,1.16,C,3.725,2.9,0,9.305,NA,NA,16.46,0,0,0,0,119256.31666666667,79417.67,62847.04,NA,514783.39999999997,90.99333333333334,477.72333333333336,65167.01333333333,NA,141.04
Sep-2014,2014,9,Suisun Marsh,NA,NA,NA,NA,NA,NA,NA,21.075,7.783413656879123,20.86,6.4423076923076925,2.525,7.824280839205794,1.3333333333333333,1,247630,9746,273701,4.07,C,1.16,C,NA,NA,NA,NA,NA,NA,13,0,0,3,1,NA,NA,NA,NA,NA,NA,NA,NA,NA,NA
Oct-2014,2014,10,Confluence,0.046,1.5,0.363,0.094,0.2375,0.38,0.111,20.612956529559657,2.3592262632866263,12.573124952885417,7.823225806451613,3.731904757363455,7.638283367318229,2.15,2,196060,16677,241424,4,C,0.81,C,10.803923333333334,1.4516666666666667,11.737166666666667,2.1736666666666666,NA,NA,8.69,9,4,13,5,175146.99714285714,161985.51285714286,536140.75,29813.294285714284,149189.72428571427,879.8842857142857,1240.0357142857142,84057.96285714286,712.2714285714285,628.8000000000001
Oct-2014,2014,10,North,0.18722222222222223,0.94792672,0.19223716666666668,0.09555555555555556,0.22833818181818183,0.5305555555555556,0.12444444444444445,19.879268239505944,0.24039876880904443,33.125862073913794,7.605961538461538,5.609999783255834,7.045064360059065,1.3636363636363635,1,196060,16677,241424,4,C,0.81,C,3.4917142857142855,1.0414285714285714,18.90714285714286,0,NA,NA,7.23,12,5,22,7,1190890.2272,17414.75,265365.7366666667,62177.7282,219841.43513333338,1144.481,165.156,60663.5596,794.7638,1033.8472
Oct-2014,2014,10,SouthCentral,0.0325,0.1677814,0.21548555,0.094,0.20666666666666667,0.375,0.1135,20.93138614990099,0.427912508603003,4.4030681831136365,7.154461538461539,11.4585,7.540108096367593,2.15625,2,196060,16677,241424,4,C,0.81,C,7.3485,1.2147692307692308,23.392968749999998,0,NA,NA,7.64,8,5,24,10,73629.9475,306950.6425,695164.865,45365.1225,127273.16,329.3625,1672.0375,41065.2175,347.84749999999997,439.2725
Oct-2014,2014,10,Suisun Bay,0.03333333333333333,NA,0.44,0.11,0.43333333333333335,0.5,0.13,20.89923076923077,13.979963728554766,21.451724137931034,7.266666666666667,2.7483333333333335,7.978786388023139,1.1923076923076923,1,196060,16677,241424,4,C,0.81,C,11.414006666666667,2.2946666666666666,0.20133333333333334,7.758333333333334,NA,NA,12.75,0,0,5,1,106933.57666666666,268754.2,127413.5,421983.13999999996,82312.79333333333,378.1433333333334,595.02,68944.27,55.61000000000001,155.70333333333335
Oct-2014,2014,10,Suisun Marsh,NA,NA,NA,NA,NA,NA,NA,19.78235294117647,9.915664418457965,20.86,7.260714285714286,2.26,7.824595133227496,1.3333333333333333,1,196060,16677,241424,4,C,0.81,C,15.684683333333334,3.13,2.546666666666667,10.195833333333333,NA,NA,10.16,4,3,16,5,NA,NA,NA,NA,NA,NA,NA,NA,NA,NA
Nov-2014,2014,11,Confluence,0.08333333333333334,1.7999999999999998,0.5233333333333333,0.08666666666666667,0.21428571428571427,0.4,0.11222222222222222,16.561203700878004,1.916720327015025,11.89842695260674,8.386607142857143,2.257142854872204,7.466963083157786,1.6341463414634145,2,227900,28688,277894,4,C,0.81,C,0.9233333333333333,0.7266666666666667,11.876666666666667,0.25666666666666665,NA,NA,6.07,14,5,23,8,266471.99833333335,199683.33166666667,2269179.4966666666,299.8483333333333,52311.995,282.41,850.7983333333333,89070.83166666667,21.448333333333334,213.29666666666665
Nov-2014,2014,11,North,0.2375127037037037,1.46,0.30463311111111113,0.09259259259259259,0.25,0.5083712962962963,0.1259259259259259,14.345781182704163,0.2340171789454994,19.08739134697826,8.506571428571428,4.870908882834689,7.288339657020576,1.15,1,227900,28688,277894,4,C,0.81,C,NA,NA,NA,NA,NA,NA,6.12,19,8,23,8,167115.9625,95539.825,484282.7,28140.704999999998,165361.065,830.97,186.75,95769.215,440.7325,1196.6
Nov-2014,2014,11,SouthCentral,0.04904493333333333,0.3594786,0.34830466666666665,0.07733333333333334,0.22,0.32666666666666666,0.09866666666666667,15.6,0.3444645378670278,5.733580231864198,8.205593220338983,5.523870967741935,7.455546549355319,1.375,1,227900,28688,277894,4,C,0.81,C,0.055,0.055,1.04,0,NA,NA,6.81,16,5,23,10,75296.6075,204673.13749999998,1155778.585,14915.3975,121321.66500000001,506.73,1415.2575000000002,67872.42499999999,154.39000000000001,481.44500000000005
Nov-2014,2014,11,Suisun Bay,0.08333333333333333,NA,0.48333333333333334,0.1,0.26666666666666666,0.4666666666666667,0.12,17.154102564102566,12.415524189189883,15.948275862068966,8.25,1.725,7.866035468023998,1,1,227900,28688,277894,4,C,0.81,C,1.8199999999999998,1.5350000000000001,0,4.55,NA,NA,10.4,0,0,6,2,586847.28,96184.8,2008757.4966666664,NA,18205.766666666666,235.34333333333333,473.6666666666667,70346.81999999999,NA,163.84666666666666
Nov-2014,2014,11,Suisun Marsh,NA,NA,NA,NA,NA,NA,NA,16.558823529411764,9.303921530440665,18.8,6.792857142857143,1.675,7.324280839205794,1,1,227900,28688,277894,4,C,0.81,C,NA,NA,NA,NA,NA,NA,7.99,9,3,19,8,NA,NA,NA,NA,NA,NA,NA,NA,NA,NA
Dec-2014,2014,12,Confluence,0.16857142857142857,2.45,0.62,0.07571428571428572,0.42,0.7428571428571429,0.15714285714285714,13.399767443604205,1.167096693943603,44.948738746018016,8.41891304347826,1.7599999745686854,7.437144333424906,1,1,1025050,37582,1164565,4,C,0.81,C,0.7266666666666667,0.4966666666666667,17.986666666666668,0.09000000000000001,NA,NA,8.99,11,4,17,8,1030782.03,NA,5761630.3,NA,674672.0700000001,6306.02,NA,554929.76,NA,5405.16
Dec-2014,2014,12,North,0.1992857142857143,2.248,0.48142857142857143,0.1467857142857143,0.4666666666666667,0.8357142857142857,0.2282142857142857,12.284623577841376,0.2000438409790813,119.69888894286112,7.604821428571428,4.67909075303511,7.876412335176324,1,1,1025050,37582,1164565,4,C,0.81,C,NA,NA,NA,NA,NA,NA,8.29,13,3,19,6,3239779.8800000004,297604.0333333333,600376.7944444445,5404.233333333334,3122021.4488888886,1298.16,120.11333333333333,971762.5811111112,184.27333333333334,2383.1588888888887
Dec-2014,2014,12,SouthCentral,0.134375,3.1479015,0.8531206875,0.123125,0.39,0.64375,0.14125000000000001,12.98488372311628,0.3318535300864706,25.83786656392,8.132368421052632,1.587,7.462444066513396,1,1,1025050,37582,1164565,4,C,0.81,C,0.07500000000000001,0.065,2.41,0,NA,NA,9.69,11,4,17,4,NA,NA,NA,NA,NA,NA,NA,NA,NA,NA
Dec-2014,2014,12,Suisun Bay,0.17666666666666667,NA,0.6,0.08666666666666667,0.4666666666666667,0.8,0.13333333333333333,14.261372549019608,10.91837851032289,19.774634146341462,8.416666666666666,1.005,7.516241031110505,1,1,1025050,37582,1164565,4,C,0.81,C,1.36,1.165,0,3.92,NA,NA,11.9,2,1,12,3,NA,NA,1420919.73,NA,123248.03,NA,NA,143538.62,NA,900.8700000000001
Dec-2014,2014,12,Suisun Marsh,NA,NA,NA,NA,NA,NA,NA,13.706,6.4616094728836835,24.02857142857143,6.753333333333333,0.8799999999999999,7.388587392869641,1,1,1025050,37582,1164565,4,C,0.81,C,NA,NA,NA,NA,NA,NA,9.91,11,2,17,5,NA,NA,NA,NA,NA,NA,NA,NA,NA,NA
Jan-2015,2015,1,Confluence,0.17,2.7,0.63875,0.07250000000000001,0.38333333333333336,0.75,0.1275,9.505809513099615,0.8451932825105025,41.08181810585064,9.862045454545454,0.791176469185773,7.605024445002724,NA,NA,332730,27417,387353,4,C,0.81,C,0.29333333333333333,0.23,8.793333333333333,0.05333333333333334,NA,NA,4.37,24,11,30,30,46725.08,79327.05,741291.1575,NA,374158.04750000004,173.005,90.085,103191.26,NA,1046.5549999999998
Jan-2015,2015,1,North,0.24857142857142858,2.872,0.6346428571428572,0.14535714285714285,0.4666666666666667,0.9214285714285715,0.2282142857142857,9.937127610465389,0.2970346523368396,38.87450705797504,9.510140845070422,4.019090787714176,8.259639458476409,NA,NA,332730,27417,387353,4,C,0.81,C,NA,NA,NA,NA,NA,NA,4.67,28,15,30,30,1827506.9875000003,559667.1475,252660.1041666667,130327.31416666666,659691.625,2023.2916666666667,1700.5850000000003,123080.96,1280.9125000000001,1440.6525000000001
Jan-2015,2015,1,SouthCentral,0.11833333333333333,6.26,1.0477777777777777,0.08833333333333333,0.5538461538461539,1,0.14722222222222223,9.659615398373836,0.29699557257046055,10.470444429689563,9.689166666666667,1.6174418604651164,7.573014388250233,NA,NA,332730,27417,387353,4,C,0.81,C,0.06666666666666667,0.06333333333333334,2.19,0,NA,NA,5.73,22,15,28,23,76565.13,357256.01,853446.595,30576.595,124066.33499999999,212.7025,869.58,93519.3225,103.2225,653.7375
Jan-2015,2015,1,Suisun Bay,0.15666666666666668,NA,0.45666666666666667,0.06666666666666667,0.4666666666666667,0.8,0.13666666666666666,10.307586239781868,6.040593043916754,36.057894576223276,8.866666666666667,0.9433333333333334,7.70330781488395,NA,NA,332730,27417,387353,4,C,0.81,C,0.615,0.53,0,2.29,NA,NA,9.2,3,2,14,3,491138.9000000001,146563.98,1687361.9000000001,98185.83333333333,120195.92666666665,205.55333333333337,259.1766666666667,91799.15666666666,83.41333333333334,259.1766666666667
Jan-2015,2015,1,Suisun Marsh,NA,NA,NA,NA,NA,NA,NA,10.239565233976947,2.8583643225294337,41.44545482288708,9.010833333333334,6.2250000000000005,7.564741010663462,NA,NA,332730,27417,387353,4,C,0.81,C,NA,NA,NA,NA,NA,NA,7.54,13,4,23,7,NA,NA,NA,NA,NA,NA,NA,NA,NA,NA
Feb-2015,2015,2,Confluence,0.21285714285714286,2.9000000000000004,0.6014285714285714,0.06857142857142857,0.34,0.7714285714285715,0.13428571428571429,12.828285696190479,0.7091426132530549,46.214772624284045,8.987441860465117,1.73125,7.558158683452862,NA,NA,500340,25538,583723,4,C,0.81,C,0.4766666666666667,0.33,14.173333333333334,0.09333333333333334,NA,NA,8.85,15,6,15,6,270607.63749999995,37737.025,1915657.0375,11951.035,400492.995,938.3975,112.6075,342064.46,225.215,1501.4375
Feb-2015,2015,2,North,0.19294117647058823,2.2933333333333334,0.4835294117647059,0.10941176470588236,0.4,0.8058823529411765,0.1776470588235294,13.3324324247198,0.27919441181061144,110.78785718373149,9.047096774193548,2.11,8.055090454647887,NA,NA,500340,25538,583723,4,C,0.81,C,NA,NA,NA,NA,NA,NA,9.22,13,6,19,6,1541859.4675,802503.075,453536.0225,181312.1575,979009.6074999999,2461.3599999999997,1764.75,341138.5625,3381.17,2881.4425
Feb-2015,2015,2,SouthCentral,0.115,4.316666666666666,1.0675000000000001,0.100625,0.54,0.9125,0.15812500000000002,13.437974693192459,0.32518250028784923,12.03656716982138,9.597058823529412,5.9944444444444445,7.652272917414324,NA,NA,500340,25538,583723,4,C,0.81,C,0.02666666666666667,0.02666666666666667,0.84,0,NA,NA,8.51,13,6,19,7,91304.7425,362576.16000000003,657219.9875,3305.6549999999997,1236417.7375,611.8275,885.835,115647.79,135.1275,2706.3225
Feb-2015,2015,2,Suisun Bay,0.20666666666666667,NA,0.5066666666666667,0.07,0.3,0.7666666666666667,0.14333333333333334,13.122258052210656,7.207805405779171,26.623809532892132,8.6,1.6433333333333333,7.692358370267847,NA,NA,500340,25538,583723,4,C,0.81,C,0.48,0.435,0,1.2,NA,NA,12,0,0,8,4,18243.62,564910.5533333333,2284195.9233333333,NA,2211708.9233333333,200.19333333333336,1901.8366666666668,212004.74,NA,500.4833333333334
Feb-2015,2015,2,Suisun Marsh,NA,NA,NA,NA,NA,NA,NA,13.33181816447865,2.3337509194037254,39.78181818181818,7.846153846153847,4.18,7.547128104620114,NA,NA,500340,25538,583723,4,C,0.81,C,NA,NA,NA,NA,NA,NA,11.27,6,2,15,6,NA,NA,NA,NA,NA,NA,NA,NA,NA,NA
Mar-2015,2015,3,Confluence,0.11375,3.3,0.565,0.07375000000000001,0.43333333333333335,0.725,0.13,15.827971015864241,0.9636105684010966,30.924074004213697,9.059574468085106,6.1022222089767455,7.725156353140539,NA,NA,247160,19793,319724,4,C,0.81,C,1.04,0.7133333333333333,17.033333333333335,0.023333333333333334,NA,NA,9.13,4,2,11,5,463227.65499999997,176935.6325,1166751.5599999998,6368.7075,7450697.175,402.885,357.84250000000003,155438.6325,107.60249999999999,2183.9674999999997
Mar-2015,2015,3,North,0.24851851851851853,1.888,0.37222222222222223,0.11370370370370371,0.5,0.8703703703703703,0.17296296296296296,16.546249894736732,0.35440797728017154,31.76824322976807,8.414393939393939,11.884545116424563,7.862734947287407,NA,NA,247160,19793,319724,4,C,0.81,C,NA,NA,NA,NA,NA,NA,8.56,9,5,16,12,1318824,1004917.73,123614.7225,143809.1175,869692.815,2259.7175,1841.385,171538.9775,4056.0725,2127.7225
Mar-2015,2015,3,SouthCentral,0.0574785,3.66,0.684375,0.08625000000000001,0.45454545454545453,0.8,0.133125,16.696330294430634,0.29467684387307247,10.248924711118583,9.46111111111111,12.302972972972972,7.647968673764992,NA,NA,247160,19793,319724,4,C,0.81,C,0.02666666666666667,0.02333333333333333,0.4266666666666667,0,NA,NA,8.48,10,4,18,12,520639.71,279561.79000000004,489419.835,7232.35,167426.3275,305.1,502.89250000000004,75371.515,112.1275,431.1825
Mar-2015,2015,3,Suisun Bay,0.10333333333333333,NA,0.5066666666666667,0.07666666666666667,0.4666666666666667,0.9,0.13333333333333333,15.570810846895789,8.047790310368638,28.940740726612223,8.5,2.788333333333333,7.971664062753702,NA,NA,247160,19793,319724,4,C,0.81,C,1.055,0.9199999999999999,0,2.645,NA,NA,12.88,1,1,4,1,293617.18,217691.04000000004,1784099.3066666666,7533.4766666666665,690797.5266666667,725.6966666666667,775.7466666666666,166985.57333333333,125.12,250.24
Mar-2015,2015,3,Suisun Marsh,NA,NA,NA,NA,NA,NA,NA,16.956000038146975,2.956920133193815,48.72857186453682,8.736923076923077,9.870000000000001,7.8,NA,NA,247160,19793,319724,4,C,0.81,C,NA,NA,NA,NA,NA,NA,10.21,5,2,13,6,NA,NA,NA,NA,NA,NA,NA,NA,NA,NA
Apr-2015,2015,4,Confluence,0.08333333333333333,2.3,0.4066666666666667,0.060000000000000005,0.32857142857142857,0.6222222222222222,0.13444444444444445,17.158376086214197,1.830918868027217,30.44862375173783,8.821458333333334,8.996999988079072,7.895260344865291,NA,NA,190240,26244,273969,4,C,0.81,C,1.1066666666666667,0.7633333333333334,14.216666666666665,0.04,NA,NA,12.54,1,1,2,1,2311601.3383333334,39905.155000000006,407325.1516666667,4574.606666666667,869719.4166666666,897.4683333333334,215.44500000000002,111041.435,428.9866666666667,706.2333333333332
Apr-2015,2015,4,North,0.2725925925925926,1.392,0.31333333333333335,0.1088888888888889,0.5,0.7666666666666667,0.17074074074074075,18.028482028828996,0.3062309507428528,44.336304328254094,8.256666666666666,4.791817995418203,8.210046661075273,NA,NA,190240,26244,273969,4,C,0.81,C,NA,NA,NA,NA,NA,NA,12.13,1,1,5,3,2114100.83625,563508.8475,729311.7109166667,125433.28658333333,909854.4437500001,5166.229583333334,518.235,108493.40041666666,3394.065666666667,958.5757500000001
Apr-2015,2015,4,SouthCentral,0.03980061111111111,1.6770022222222223,0.3159835,0.045921277777777776,0.35833333333333334,0.7833333333333333,0.11611111111111111,18.32982295829002,0.2506634887598393,11.325208314753828,8.480689655172414,17.666190476190476,7.795956457936582,NA,NA,190240,26244,273969,4,C,0.81,C,0.14,0.12666666666666668,2.25,0,NA,NA,11.16,0,0,9,3,8237638.435,377859.97250000003,90480.6775,11813.122500000001,38122.3575,1577.065,1533.085,35736.075,360.3525,143.1725
Apr-2015,2015,4,Suisun Bay,0.10333333333333333,NA,0.4033333333333333,0.06,0.3666666666666667,0.6333333333333333,0.14,16.914594532734633,9.273189947069062,25.540740677162447,8.533333333333333,2.24,7.889768005410225,NA,NA,190240,26244,273969,4,C,0.81,C,0.7050000000000001,0.625,0,1.76,NA,NA,17.17,0,0,1,1,787341.5166666666,66798.28666666667,94012.31333333334,NA,332824.8933333333,233.78666666666666,100.09333333333332,63060.90666666667,NA,420.32666666666665
Apr-2015,2015,4,Suisun Marsh,NA,NA,NA,NA,NA,NA,NA,17.004000038146973,4.445892005333908,40.52857167380197,7.984615384615385,1.48,7.7,NA,NA,190240,26244,273969,4,C,0.81,C,NA,NA,NA,NA,NA,NA,13.75,1,1,3,2,NA,NA,NA,NA,NA,NA,NA,NA,NA,NA
May-2015,2015,5,Confluence,0.0975,2.2,0.47875,0.0825,0.35,0.6124999999999999,0.1525,18.61819995880127,2.356462679955087,27.74875002636221,8.273333333333333,2.2349999947018095,7.803137862971362,NA,NA,226930,10506,287711,4,C,0.81,C,10.945524615384615,1.362923076923077,9.622,2.1444615384615386,NA,NA,13.54,1,1,1,1,61908.527500000004,24762.625,256424.8275,9278.147500000001,123257.29,173.74,203.23250000000002,59405.235,540.265,188.76
May-2015,2015,5,North,0.2128412222222222,1.116,0.2674074074074074,0.10148148148148148,0.30000000000000004,0.662962962962963,0.16592592592592592,19.54626111949916,0.2300342268861291,60.48461538461539,7.767142857142857,3.513636250929398,8.165092395498954,NA,NA,226930,10506,287711,4,C,0.81,C,2.30356,0.652,7.572,0,NA,NA,14.87,0,0,0,0,305074.9425,7096.4475,99410.6225,111174.4925,405746.21749999997,272.8525,40.1325,193200.9325,951.1425,869.145
May-2015,2015,5,SouthCentral,0.12055555555555555,0.5883731666666666,0.32130922222222225,0.09111111111111111,0.35,0.7944444444444444,0.15388888888888888,20.505684206526315,0.35618071884416935,10.561999996087277,8.0514,3.785909564102564,7.633499804320053,NA,NA,226930,10506,287711,4,C,0.81,C,6.615666153846154,1.293076923076923,17.497230769230768,0,NA,NA,11.96,0,0,4,2,208341.535,180096.91,149298.34999999998,22902.1875,72508.7875,54.74,726.345,42754.58,1371.0149999999999,191.75
May-2015,2015,5,Suisun Bay,0.09333333333333334,NA,0.54,0.10333333333333333,0.3666666666666667,0.6666666666666666,0.15,17.489677370132938,11.230673305557161,30.047619020371204,8.233333333333333,2.2199999999999998,7.9,NA,NA,226930,10506,287711,4,C,0.81,C,7.095944827586207,1.0810344827586207,0,3.2220689655172414,NA,NA,16.2,0,0,0,0,593202.0533333333,16592.23,53288.43666666667,1561.4966666666667,81689.29,198.91,86.36,21292.01,58.879999999999995,43.18
May-2015,2015,5,Suisun Marsh,NA,NA,NA,NA,NA,NA,NA,17.90499996185302,6.062634744046513,31.99999982660467,7.595454545454546,3.0700000000000003,7.824280839205794,NA,NA,226930,10506,287711,4,C,0.81,C,37.491409090909094,5.497272727272727,15.41,18.976363636363637,NA,NA,14.53,0,0,0,0,NA,NA,NA,NA,NA,NA,NA,NA,NA,NA
Jun-2015,2015,6,Confluence,0.05777777777777778,2.25,0.5244444444444444,0.08222222222222222,0.2571428571428571,0.4666666666666667,0.13,21.2712403219744,2.2227887052426984,19.2669564495416,8.029375,2.5907142857142857,7.6530146434287785,1.5476190476190477,2,206580,5737,276476,4,C,0.81,C,1.5866666666666667,1.1866666666666668,14.303333333333333,0.12333333333333334,NA,NA,14.41,0,0,0,0,1047008.5583333332,85039.90833333333,196852.37666666668,7192.855,477828.4166666667,555.6033333333334,422.3733333333333,55607.119999999995,442.81666666666666,397.76
Jun-2015,2015,6,North,0.21,1.06752848,0.24210285714285715,0.10628571428571429,0.28,0.6485714285714286,0.16657142857142856,22.913125003392857,0.16514769425789458,46.83549019842198,7.128101265822785,2.4057142857142857,7.916139782676537,1,1,206580,5737,276476,4,C,0.81,C,NA,NA,NA,NA,NA,NA,13.78,0,0,1,1,290540.43,25296.414166666666,471447.44416666665,31561.444166666664,1012951.9954166667,262.035,129.56833333333336,94526.72916666667,362.4266666666667,512.2408333333333
Jun-2015,2015,6,SouthCentral,0.04294117647058824,0.8604763333333334,0.28511217647058823,0.07882352941176471,0.3,0.5235294117647059,0.12235294117647058,24.433333351989408,0.40014119347974014,7.52374997921711,6.663114754098361,3.3194871794871794,7.55490025879003,2.5161290322580645,3,206580,5737,276476,4,C,0.81,C,0.22333333333333333,0.20666666666666667,1.6033333333333333,0,NA,NA,11.32,0,0,3,1,18185.42,293953.15,350597.5475,61400.057499999995,88105.2,58.387499999999996,1064.015,30906.307500000003,4350.5025000000005,95.9225
Jun-2015,2015,6,Suisun Bay,0.07333333333333333,NA,0.5833333333333334,0.1,0.43333333333333335,0.6,0.15333333333333332,20.22769227834848,11.5136625952667,26.55172421027874,7.7,2.89,7.8097715386039805,1.0588235294117647,1,206580,5737,276476,4,C,0.81,C,2.16,1.7550000000000001,0,5.41,NA,NA,17.62,0,0,0,0,464399.55666666664,24554.913333333334,22035.19,1213.2133333333334,79299.12333333334,332.67,203.97,46530.4,85.8,74.17999999999999
Jun-2015,2015,6,Suisun Marsh,NA,NA,NA,NA,NA,NA,NA,21.255555569684066,8.242891596902963,25.40588231928208,7.270833333333333,5.115,7.747128104620114,1,1,206580,5737,276476,4,C,0.81,C,NA,NA,NA,NA,NA,NA,14.79,0,0,0,0,NA,NA,NA,NA,NA,NA,NA,NA,NA,NA
Jul-2015,2015,7,Confluence,0.037,2.0999999999999996,0.43,0.088,0.2875,0.47,0.128,22.350495880245553,2.3040471806990817,21.29523808596926,7.768095238095238,4.522352927151848,7.646204751477651,2.3823529411764706,2,244470,3779,305633,4,C,0.81,C,1.1733333333333333,0.9166666666666666,8.446666666666665,0.14333333333333334,NA,NA,14.59,0,0,0,0,952901.0683333334,58402.174999999996,329122.125,6769.836666666667,1331012.32,92.79666666666667,400.13333333333327,51527.12333333333,365.51500000000004,154.56
Jul-2015,2015,7,North,0.15795874193548387,0.69642392,0.15387096774193548,0.08903225806451613,0.25796066666666667,0.5516129032258065,0.14,23.502790640777903,0.21004715758550618,25.63524589478788,7.543255813953488,3.625714159693033,7.688477064872981,2.2,2,244470,3779,305633,4,C,0.81,C,NA,NA,NA,NA,NA,NA,20.82,0,0,1,1,190273.02916666665,28920.575,479627.41791666666,68752.95999999999,120840.93,621.475,431.415,94101.96708333332,1507.2566666666664,448.635
Jul-2015,2015,7,SouthCentral,0.029473684210526315,0.604198,0.23634510526315788,0.09473684210526316,0.3,0.48947368421052634,0.1394736842105263,25.16829057551787,0.42169372883647166,9.881346146072898,7.24203125,6.585,7.6124014444098345,2.676470588235294,3,244470,3779,305633,4,C,0.81,C,0.04666666666666667,0.043333333333333335,0.3,0,NA,NA,12.39,0,0,2,1,34660.72,142227.96250000002,787425.495,21600.28,49293.597499999996,75.075,957.165,22962.525,741.365,150.14499999999998
Jul-2015,2015,7,Suisun Bay,0.043333333333333335,NA,0.5266666666666667,0.11,0.43333333333333335,0.6333333333333333,0.16666666666666666,21.67733335876465,12.798707560106948,40.95000019073487,7.7875,6.6925,7.857007447761685,1.1538461538461537,1,244470,3779,305633,4,C,0.81,C,4.38,3.43,0,10.955,NA,NA,17.78,0,0,0,0,9355163.576666666,40282.323333333334,24941.126666666667,NA,316883.48000000004,132.40666666666667,172.76,26602.736666666664,NA,139.51
Jul-2015,2015,7,Suisun Marsh,NA,NA,NA,NA,NA,NA,NA,22.49999996366955,10.534329849516334,27.75454552390358,7.425,5.715,7.788587392869641,1,1,244470,3779,305633,4,C,0.81,C,NA,NA,NA,NA,NA,NA,15.55,0,0,0,0,NA,NA,NA,NA,NA,NA,NA,NA,NA,NA
Aug-2015,2015,8,Confluence,0.022633666666666667,1.65,0.3011111111111111,0.07666666666666666,0.44285714285714284,0.5777777777777777,0.11555555555555556,22.166847854904148,1.9340102120418798,24.87013701232877,8.015409836065574,2.5714999928474427,7.717868381323717,2.129032258064516,2,241170,4649,299895,4,C,0.81,C,1.4692625517557742,0.49915290617329094,8.965705238317257,1.5074600840237429,NA,NA,13.67,0,0,1,1,529290.83,68249.84285714285,1880602.4192857142,25232.247857142855,593261.8735714286,404.64035714285717,400.89428571428573,65613.33357142858,1398.9578571428572,485.84000000000003
Aug-2015,2015,8,North,0.10735567567567568,0.64047664,0.1416671891891892,0.07810810810810812,0.3,0.5405405405405406,0.12972972972972974,23.144920563237463,0.24281554228275645,20.84738095302381,7.050697674418605,3.863999947547913,7.65413972106327,1.8,2,241170,4649,299895,4,C,0.81,C,NA,NA,NA,NA,NA,NA,13.74,1,1,3,2,504222.17114583333,95851.99416666666,655601.4821875,1837963.9559375,912833.7486458333,1315.6227083333333,466.76750000000004,177817.7809375,4911.3915625,1004.2633333333333
Aug-2015,2015,8,SouthCentral,0.021875,0.35827600000000004,0.162799375,0.09,0.4636363636363636,0.625,0.138125,24.783999964235296,0.43857211288716896,7.56144735443421,7.328,4.548787878787879,7.595962774340745,2.6129032258064515,3,241170,4649,299895,4,C,0.81,C,0.5385,0.42,3.6021450266808004,0,NA,NA,10.88,1,1,5,2,33378.8525,127509.6525,459439.8425,23138.865,110951.4025,93.83500000000001,437.25,18940.8175,1002.3275000000001,200.1275
Aug-2015,2015,8,Suisun Bay,0.026810666666666667,NA,0.35333333333333333,0.08333333333333333,0.5,0.7666666666666666,0.14333333333333334,21.384999999999998,12.936788170115367,29.975555555555555,7.944,2.275714285714286,7.799445049661044,1.2222222222222223,1,241170,4649,299895,4,C,0.81,C,7.48,5.69,0,18.705,NA,NA,17.08,0,0,0,0,203804.41666666666,13787.050000000001,37589.77333333333,1415.32,63677.17333333334,417.07,239.11666666666667,77257.34333333334,100.09333333333332,133.46
Aug-2015,2015,8,Suisun Marsh,NA,NA,NA,NA,NA,NA,NA,22.169333333333334,11.935317865455255,27.080000000000002,6.816666666666666,3.17,7.732672792415329,1.2,1,241170,4649,299895,4,C,0.81,C,NA,NA,NA,NA,NA,NA,14.16,0,0,2,2,NA,NA,NA,NA,NA,NA,NA,NA,NA,NA
Sep-2015,2015,9,Confluence,0.032081,1.45,0.34,0.084,0.2375,0.36,0.109,22.047522893944954,2.3315441695080867,14.176521721152174,7.6585245901639345,2.651666666666667,7.60043973451998,2.2,2,237030,6380,291499,4,C,0.81,C,0.9066569310071512,0.2822695753656062,5.950285012023388,1.0048183272485343,NA,NA,10.47,3,2,7,4,70382.22285714286,182858.37285714288,5063433.67,39384.56464285714,193716.7757142857,319.58,564.2785714285715,102373.83714285714,1191.1296428571427,434.83714285714285
Sep-2015,2015,9,North,0.14127755,0.64179396,0.160535375,0.07125000000000001,0.36,0.525,0.1245,21.868552596578947,0.24240196789470334,16.57691176360294,6.11438596491228,1.7742857142857142,7.5655142825962765,1.4210526315789473,1,237030,6380,291499,4,C,0.81,C,NA,NA,NA,NA,NA,NA,10.37,7,4,10,4,600530.791,120519.05916666666,186677.3954375,1872629.9178125001,750401.76675,1321.6333541666665,445.945,95834.6455,5273.45275,1357.7769375
Sep-2015,2015,9,SouthCentral,0.024792777777777778,0.27588816666666666,0.206556,0.08388888888888889,0.25833333333333336,0.38333333333333336,0.11222222222222222,23.355698924731183,0.4138993836918484,6.522117643129412,7.116190476190476,6.335675675675676,7.549998391008267,1.9444444444444444,2,237030,6380,291499,4,C,0.81,C,0.16999999999999998,0.0925,1.5150000000000001,0,NA,NA,8.58,5,2,15,4,201607.5775,818401.7575000001,1272378.875,54269.0375,39839.46,218.96,1091.645,34640.68,1266.81,334.69
Sep-2015,2015,9,Suisun Bay,0.025406,NA,0.3933333333333333,0.08666666666666667,0.5,0.6333333333333333,0.13,21.61102564102564,13.278435691689667,19.124137931034483,7.55,1.5485714285714287,7.870086463048564,1.1724137931034482,1,237030,6380,291499,4,C,0.81,C,5.744999999999999,4.53,0,14.370000000000001,NA,NA,14.38,0,0,2,2,NA,120286.61666666665,1253282.52,NA,NA,NA,552.6133333333333,77470.13333333333,NA,NA
Sep-2015,2015,9,Suisun Marsh,NA,NA,NA,NA,NA,NA,NA,20.59375,8.64226187079796,23.22,7.342307692307692,6.54,7.824595133227496,1.2,1,237030,6380,291499,4,C,0.81,C,NA,NA,NA,NA,NA,NA,11.73,3,1,8,5,NA,NA,NA,NA,NA,NA,NA,NA,NA,NA
Oct-2015,2015,10,Confluence,0.04857142857142857,1.95,0.44285714285714284,0.08857142857142858,0.18,0.32857142857142857,0.10428571428571429,20.486788990771753,2.099703364999616,14.146222206166666,7.9173770491803275,2.2694444417953488,7.50319249252485,1.6666666666666667,2,217150,15994,241902,6.71,BN,2.35,D,22.813064615384615,2.238153846153846,11.32276923076923,4.868307692307693,NA,NA,9.4,2,1,13,3,225247.38799999998,245974.13199999998,239651.30640000003,21609.7564,382054.1572,233.0295,1094.7836,57989.4152,892.7776,401.6172
Oct-2015,2015,10,North,0.14177184615384616,0.924,0.18897435897435896,0.08871794871794872,0.2785714285714286,0.48205128205128206,0.12487179487179488,19.644944909967325,0.19598860131434548,27.08971428585714,7.187868852459016,2.570714243991031,7.745291914162004,1.5263157894736843,2,217150,15994,241902,6.71,BN,2.35,D,3.0524,0.606,8.148,0,NA,NA,8.95,7,3,16,4,354450.2213125,58721.652708333335,163814.0695,152342.25216666667,978581.88175,924.5726875,417.35252083333336,108268.54225,3911.2091666666665,1138.43125
Oct-2015,2015,10,SouthCentral,0.029556176470588235,0.3836926666666666,0.31069917647058826,0.08529411764705883,0.24545454545454545,0.36470588235294116,0.11058823529411765,21.044811320754718,0.3767325100376688,5.137582411604396,7.048059701492537,3.985121951219512,7.572002400861548,2.0555555555555554,2,217150,15994,241902,6.71,BN,2.35,D,4.272390769230769,0.9003076923076924,11.647384615384615,0,NA,NA,8.03,9,3,19,7,72811.6625,396715.83249999996,101481.8075,16850.9875,261118.695,325.51,1622.89,24884.665,1131.1775,625.11
Oct-2015,2015,10,Suisun Bay,0.019852333333333333,NA,0.51,0.10666666666666667,0.4,0.5333333333333333,0.12,19.97725,12.843517549223776,17.348275862068967,7.6625,1.6814285714285715,7.920034560722821,1,1,217150,15994,241902,6.71,BN,2.35,D,16.943148275862068,2.823448275862069,0,8.909310344827587,NA,NA,13.43,0,0,1,1,17698.803333333333,75958.31666666667,14345.243333333332,10260.46,17094.796666666665,91.43333333333334,486.0466666666667,34956.77333333334,175.65333333333334,60.153333333333336
Oct-2015,2015,10,Suisun Marsh,NA,NA,NA,NA,NA,NA,NA,20.725,8.2101229727077,16.22,6.69,1.335,7.639884880917306,1,1,217150,15994,241902,6.71,BN,2.35,D,22.890533333333334,3.401666666666667,5.625,9.931666666666667,NA,NA,10.87,2,1,9,2,NA,NA,NA,NA,NA,NA,NA,NA,NA,NA
Nov-2015,2015,11,Confluence,0.06,1.9500000000000002,0.5275,0.09444444444444444,0.17612485714285714,0.35555555555555557,0.11333333333333333,15.439047600952382,2.373337992735832,15.682000040122222,8.729152542372882,1.846,7.6624916764761775,1.7,2,183660,26765,218671,6.71,BN,2.35,D,0.8327678346598868,0.2062665482754069,11.120211846803818,0.7530741626372437,NA,NA,8.26,13,5,17,6,418833.195,135226.575,251762.13166666668,8424.52,3104171.676666667,488.56166666666667,859.1416666666668,99529.54166666667,377.14166666666665,1014.0516666666667
Nov-2015,2015,11,North,0.2773913043478261,1.3342948666666667,0.34055073913043477,0.06956521739130435,0.375,0.6782608695652174,0.11782608695652175,13.13909088687013,0.14090327015934623,21.824769233261538,8.79103448275862,1.1490757142857142,7.619767995654206,1.263157894736842,1,183660,26765,218671,6.71,BN,2.35,D,NA,NA,NA,NA,NA,NA,7.94,13,6,20,7,1129293.3925,87991.5625,343646.4925,18164.645,7004926.205,190.2125,317.6425,214757.32000000004,1527.52,1095.9375
Nov-2015,2015,11,SouthCentral,0.03735533333333333,0.5528995,0.28717116666666664,0.07400000000000001,0.24444444444444444,0.3933333333333333,0.10066666666666667,13.786103908454546,0.2771842091012891,6.319154929056338,8.91673076923077,5.943333333333333,7.593412287158026,1.4444444444444444,1,183660,26765,218671,6.71,BN,2.35,D,0.31143623315230745,0.16483757292326934,4.598734861127476,0,NA,NA,8.22,15,4,21,10,145666.3675,395465.2925,134753.2275,30279.965,127665.23999999999,506.8775,1708.3125,26440.23,457.185,415.9575
Nov-2015,2015,11,Suisun Bay,0.043333333333333335,NA,0.53,0.10333333333333333,0.288445,0.43333333333333335,0.12333333333333334,17.114444444444445,13.17524910452152,22.541379310344826,8.116666666666667,1.0733333333333333,7.809013371327671,1,1,183660,26765,218671,6.71,BN,2.35,D,2.31,1.96,0,5.775,NA,NA,11.48,2,1,11,6,188804.59666666665,87788.03666666667,24003.236666666664,NA,89790.66333333333,92.12,348.37000000000006,58738.64333333333,NA,53.623333333333335
Nov-2015,2015,11,Suisun Marsh,NA,NA,NA,NA,NA,NA,NA,15.366875,7.534057879585606,19.759999999999998,6.969230769230769,1.75,7.488160530437834,1.2,1,183660,26765,218671,6.71,BN,2.35,D,NA,NA,NA,NA,NA,NA,10.19,8,3,17,5,NA,NA,NA,NA,NA,NA,NA,NA,NA,NA
Dec-2015,2015,12,Confluence,0.11666666666666667,2.5,0.5744444444444444,0.06555555555555556,0.24285714285714285,0.5444444444444444,0.12111111111111111,10.691929818596492,2.753184500142636,23.32079997824,9.861818181818181,7.219375,7.752625450681705,1.1666666666666667,1,326810,23978,367825,6.71,BN,2.35,D,0.24333333333333335,0.20666666666666667,6.403333333333333,0.13,NA,NA,8.58,11,5,18,11,6344460.011666667,54170.368333333325,228903.45333333334,2425.54,4269916.943333333,2304.063333333333,167.86,88794.94333333334,211.1,779.2600000000001
Dec-2015,2015,12,North,0.263448275862069,2.058333333333333,0.40586206896551724,0.05758620689655172,0.36,0.7172413793103448,0.11724137931034483,9.716666659729167,0.19433281289078452,18.00011497234483,9.762058823529411,2.079090909090909,7.547370432076794,1.05,1,326810,23978,367825,6.71,BN,2.35,D,NA,NA,NA,NA,NA,NA,7.57,10,5,18,10,897492.2475,331071.415,140370.7475,17708.746666666666,760918.8825000001,680.47,645.7149999999999,131120.33666666667,486.63166666666666,707.4483333333333
Dec-2015,2015,12,SouthCentral,0.053125000000000006,0.9237118333333333,0.40934975,0.038364375,0.28,0.50625,0.084375,9.994878049963415,0.32698930183029723,6.180563370352113,10.86139534883721,9.533428571428571,7.952871300860953,1,1,326810,23978,367825,6.71,BN,2.35,D,0.03333333333333333,0.03,0.8666666666666667,0,NA,NA,8.96,10,5,17,11,7336252.915,697315.355,85889.45499999999,4710.9575,1135083.545,2626.125,2230.73,31525.585000000003,410.005,464.865
Dec-2015,2015,12,Suisun Bay,0.09666666666666666,NA,0.49333333333333335,0.09,0.4,0.7333333333333334,0.13333333333333333,11.07911111111111,13.957349956484407,20.47142857142857,9.183333333333334,1.6633333333333333,7.748083294497246,1,1,326810,23978,367825,6.71,BN,2.35,D,2.56,2.015,0,9.47,NA,NA,10.91,6,2,14,6,212325.13333333333,148697.55000000002,27780.13333333333,2890.31,24214.58,101.41000000000001,352.96000000000004,72979.75,251.54999999999998,75.07000000000001
Dec-2015,2015,12,Suisun Marsh,NA,NA,NA,NA,NA,NA,NA,9.955,7.959140828879484,15.275,9.335714285714285,2.27,7.5,1,1,326810,23978,367825,6.71,BN,2.35,D,NA,NA,NA,NA,NA,NA,10.58,8,2,16,5,NA,NA,NA,NA,NA,NA,NA,NA,NA,NA
Jan-2016,2016,1,Confluence,0.182,2.8499999999999996,0.606,0.057,0.2875,0.6699999999999999,0.115,9.440185189582946,1.4626426755396027,38.435555526109674,9.951960784313725,2.2177777777777776,7.720286203210666,1,1,849530,50308,950957,6.71,BN,2.35,D,0.4796107032074971,0.13151854006362315,7.440433038282229,0.4334724849151115,NA,NA,7.7,9,3,19,5,1163010.3466666667,250579.30666666664,113992.90000000001,1437.6283333333333,2246442.901666667,877.6216666666668,256.19666666666666,79621.77666666667,125.12,1587.8083333333334
Jan-2016,2016,1,North,0.21866666666666668,2.864,0.516,0.10233333333333333,0.4,0.9033333333333333,0.206,9.62155842915663,0.23948215425791933,55.98128564563376,9.3890625,2.831818181818182,7.73817777118455,1,1,849530,50308,950957,6.71,BN,2.35,D,NA,NA,NA,NA,NA,NA,9.69,6,3,17,6,4326716.1033333335,102654.9075,74773.24,745270.2716666667,943336.7241666666,2234.8683333333333,176.41750000000002,134807.51499999998,3386.264166666667,1713.2350000000001
Jan-2016,2016,1,SouthCentral,0.13894736842105262,2.6166666666666667,0.7326315789473684,0.06263157894736843,0.4076923076923077,0.6842105263157895,0.11789473684210526,9.69290322275949,0.29918112329136476,19.653703670356762,9.167446808510638,2.1469396666666665,7.7720761032309555,1,1,849530,50308,950957,6.71,BN,2.35,D,0.15082714074668493,0.07418724468453769,2.9979861442569145,0,NA,NA,9.12,9,2,16,5,280594.38,273312.7925,131253.5275,1868.9075,269256.34500000003,505.4925,723.1999999999999,56771.895000000004,162.655,427.9075
Jan-2016,2016,1,Suisun Bay,0.18666666666666668,NA,0.5233333333333333,0.07333333333333333,0.3,0.6666666666666666,0.12000000000000001,9.776206870243467,8.281869300384638,25.85714272090366,9.842857142857143,1.5728571428571427,7.792358370267848,1,1,849530,50308,950957,6.71,BN,2.35,D,1.18,1.025,0,4.38,NA,NA,10.63,3,1,9,2,736130.08,90358.42,27035.423333333336,NA,133216.64333333334,842.4566666666666,200.19000000000003,80367.95666666667,NA,1076.01
Jan-2016,2016,1,Suisun Marsh,NA,NA,NA,NA,NA,NA,NA,9.476086956521735,3.532162800161892,39.65454531582919,9.307142857142857,2.6900000000000004,7.659884880917305,1,1,849530,50308,950957,6.71,BN,2.35,D,NA,NA,NA,NA,NA,NA,10.26,6,2,13,4,NA,NA,NA,NA,NA,NA,NA,NA,NA,NA
Feb-2016,2016,2,Confluence,0.132,2.8,0.544,0.052000000000000005,0.4666666666666667,0.78,0.098,11.823627432360144,0.18903780446235793,46.06170210032322,9.73235294117647,1.594999976158142,7.592827775339828,1,1,613800,30418,676251,6.71,BN,2.35,D,0.21,0.18,5.206666666666667,0.06999999999999999,NA,NA,7.5,11,7,19,8,473250.155,247120.655,1428815.135,NA,3540549.81,1801.725,300.29,180397.97999999998,NA,1801.725
Feb-2016,2016,2,North,0.12974826666666667,2.032,0.4033333333333333,0.096,0.38,0.68,0.15733333333333333,11.9792552615092,0.3021419018632265,43.3983117041588,9.12125,2.8485713740757532,7.832978584549113,1,1,613800,30418,676251,6.71,BN,2.35,D,NA,NA,NA,NA,NA,NA,7.96,16,8,19,9,2444001.1925,156840.51,266240.3,240330.125,1720808.3924999998,2589.975,875.835,218383.39250000002,2815.195,2927.8
Feb-2016,2016,2,SouthCentral,0.098125,5.666666666666667,0.9706250000000001,0.07625,0.63,0.9750000000000001,0.16375,13.002474230744376,0.24314880199079647,17.929012333229117,9.634210526315789,5.053125,7.733792324035388,1,1,613800,30418,676251,6.71,BN,2.35,D,0.05333333333333334,0.05,1.6400000000000001,0,NA,NA,7.51,13,8,21,10,1815674.3375000001,365718.41000000003,530832.1125,15215.7975,928682.9349999999,2224.6325,1003.4625,138660.5375,72.57249999999999,2827.71
Feb-2016,2016,2,Suisun Bay,0.124,NA,0.524,0.048,0.36,0.6,0.094,11.995925940054429,3.4918412228303186,45.92608681554378,9.45,1.208888888888889,7.6521426450304215,1,1,613800,30418,676251,6.71,BN,2.35,D,0.99,0.875,0,2.48,NA,NA,10.72,2,1,12,6,70705.268,41438.058,865347.5900000001,36529.508,394506.694,720.682,120.11399999999999,169932.282,360.346,2102.0080000000003
Feb-2016,2016,2,Suisun Marsh,NA,NA,NA,NA,NA,NA,NA,12.172608728823452,1.5208696474917012,53.12727279663086,8.32857142857143,2.075,7.494382924941131,1,1,613800,30418,676251,6.71,BN,2.35,D,NA,NA,NA,NA,NA,NA,9.64,9,2,17,6,NA,NA,NA,NA,NA,NA,NA,NA,NA,NA
Mar-2016,2016,3,Confluence,0.11714285714285715,1.8,0.39142857142857146,0.047142857142857146,0.3,0.5285714285714286,0.09285714285714286,13.86307691915185,0.22626446225696928,31.29272719736449,9.504130434782608,2.768421051376744,7.720877006276131,1,1,1667500,61775,2120145,6.71,BN,2.35,D,0.3233333333333333,0.29333333333333333,4.0633333333333335,0.35333333333333333,NA,NA,10.5,2,1,6,2,124388.675,1010188.275,649640.5,63016.9275,3181953.855,187.68,2496.135,278385.9925,638.11,825.7900000000001
Mar-2016,2016,3,North,0.11575757575757575,1.592,0.27026554545454545,0.09818181818181819,0.3125,0.8,0.19454545454545455,14.433916612955262,0.19062151023788096,80.52399992536563,8.521309523809524,8.157586160034969,7.650892294578178,1,1,1667500,61775,2120145,6.71,BN,2.35,D,NA,NA,NA,NA,NA,NA,10.8,1,1,8,3,13750252.665,490850.8,532984.1160714285,1381684.0196428571,2181402.8570238096,25433.020416666666,1485.795,680105.4431785714,24706.435214285713,5572.285238095238
Mar-2016,2016,3,SouthCentral,0.0675,3.3333333333333335,0.5856250000000001,0.075,0.52,0.7375,0.13625,15.632783514978756,0.22567640466974503,15.739518126933369,8.591702127659575,8.7025,7.768016330235769,1,1,1667500,61775,2120145,6.71,BN,2.35,D,0.056666666666666664,0.056666666666666664,1.0799999999999998,0,NA,NA,10.26,1,1,12,11,87888.2825,595618.1,60189.5325,3135.37,181242.3275,143.9075,1273.9025,80170.89,90.77,243.64499999999998
Mar-2016,2016,3,Suisun Bay,0.10666666666666667,NA,0.47000000000000003,0.05666666666666667,0.3333333333333333,0.5333333333333333,0.1,14.475405364165432,1.9835909576857624,36.91212103294604,8.92142857142857,2.5814285714285714,7.848083294497246,1,1,1667500,61775,2120145,6.71,BN,2.35,D,1.14,1.02,0,2.855,NA,NA,12.72,0,0,6,2,286712.88666666666,105379.89333333333,524838.0866666667,39349.82,433771.0933333333,100.09666666666668,675.65,286524.66,450.4333333333334,825.7933333333334
Mar-2016,2016,3,Suisun Marsh,NA,NA,NA,NA,NA,NA,NA,14.617037051165541,1.6610019270917007,52.042857415335526,7.633333333333333,3.0250000000000004,7.612673024705742,1,1,1667500,61775,2120145,6.71,BN,2.35,D,NA,NA,NA,NA,NA,NA,12.23,2,1,7,2,NA,NA,NA,NA,NA,NA,NA,NA,NA,NA
Apr-2016,2016,4,Confluence,0.125,1.25,0.25,0.05,0.2,0.48333333333333334,0.09666666666666666,17.03722764621705,0.1262163905288582,27.69643684948441,8.978,5.881764683442957,7.788230570833115,1,1,583100,52976,684953,6.71,BN,2.35,D,0.6333333333333333,0.5133333333333333,9.03,0.02666666666666667,NA,NA,12.43,1,1,4,2,117204.14000000001,273867.27,1472957.995,55576.305,274629.425,675.645,536.225,136029.76,675.645,675.645
Apr-2016,2016,4,North,0.14454545454545456,1.28073064,0.22305766666666665,0.09787878787878788,0.1875,0.6636363636363637,0.17545454545454545,18.16163923573218,0.27478919795862516,33.8531818218314,7.608888888888889,5.917352834589338,7.95482737294814,1,1,583100,52976,684953,6.71,BN,2.35,D,NA,NA,NA,NA,NA,NA,12.29,2,2,4,3,6112128.333749999,414785.0675,319662.41000000003,883180.8424999999,822352.0650000001,9807.4825,1715.3899999999999,366820.7275,25875.32,3906.22875
Apr-2016,2016,4,SouthCentral,0.06352941176470589,1.8333333333333333,0.3276470588235294,0.06529411764705882,0.34545454545454546,0.6411764705882353,0.12000000000000001,18.52218397586538,0.21589198125452275,12.597692317407633,9.192340425531915,4.492666666666667,7.791143173537741,1,1,583100,52976,684953,6.71,BN,2.35,D,0.02666666666666667,0.02666666666666667,0.3566666666666667,0,NA,NA,10.76,4,2,10,4,2766362.995,177363.93000000002,97792.03,59427.3325,145196.34,1111.0675,502.98,82593.7175,777,379.11
Apr-2016,2016,4,Suisun Bay,0.084,NA,0.26,0.048,0.22,0.46,0.108,16.96103439067972,1.85254169519678,52.760869274968684,9.05,11.487777777777778,7.937286727508605,1,1,583100,52976,684953,6.71,BN,2.35,D,0.6599999999999999,0.605,0,1.6500000000000001,NA,NA,16.17,0,0,1,1,350482.286,504357.282,1168959.698,44865.598,6397211.36,1081.032,1081.032,327252.754,1321.264,2252.15
Apr-2016,2016,4,Suisun Marsh,NA,NA,NA,NA,NA,NA,NA,17.75000016585641,1.1863018173499433,66.11818126331676,7.053571428571429,11.55,7.757254075307732,1,1,583100,52976,684953,6.71,BN,2.35,D,NA,NA,NA,NA,NA,NA,13.41,0,0,3,3,NA,NA,NA,NA,NA,NA,NA,NA,NA,NA
May-2016,2016,5,Confluence,0.013492,0.8,0.17166666666666666,0.03833333333333333,0.275,0.65,0.14166666666666666,18.579519289357954,0.4869218830510115,48.18586977026046,9.244,48.2075,8.256295343656639,1,1,413200,60680,509451,6.71,BN,2.35,D,0.9366666666666666,0.76,9.78,0.0033333333333333335,NA,NA,13.42,0,0,0,0,19586329.9725,25408.7575,117344.72750000001,5972.7025,1366803.1949999998,6331.1125,225.215,165240.88999999998,225.215,529.6725
May-2016,2016,5,North,0.17595892857142856,0.41558896,0.10038046428571429,0.07964285714285714,0.33333333333333337,0.6785714285714286,0.15535714285714286,20.00261683305664,0.21688041308839212,44.53464647982603,7.320361445783132,8.6455,7.8072725072174745,1,1,413200,60680,509451,6.71,BN,2.35,D,NA,NA,NA,NA,NA,NA,12.92,0,0,2,1,1997246.3350000002,17177.71,214683.7475,926146.06775,251502.32124999998,2138.501,65.15,440113.074625,21316.04925,640.5187500000001
May-2016,2016,5,SouthCentral,0.0243124,1.0663443333333333,0.2240852,0.056,0.25,0.59,0.112,19.48450548825791,0.1551252664341894,12.83518518749813,9.948636363636364,12.977741935483872,7.758989849142164,1,1,413200,60680,509451,6.71,BN,2.35,D,0.4066666666666667,0.37,4.416666666666667,0,NA,NA,10.52,2,1,10,6,24351877.044999998,129580.2525,345307.69250000006,19506.6025,1935612.02,6733.0475,295.48249999999996,93102.4925,1739.805,257.39
May-2016,2016,5,Suisun Bay,0.09666666666666666,NA,0.21333333333333332,0.05333333333333334,0.3666666666666667,0.5666666666666667,0.1366666666666667,18.092812571525574,6.13815161655853,68.88095218113492,8.628571428571428,9.382857142857143,7.9084073077732935,1,1,413200,60680,509451,6.71,BN,2.35,D,1.3150000000000002,1.17,0,3.295,NA,NA,15.73,0,0,0,0,3495101.446666667,NA,200803.28000000003,NA,156792.03333333333,1584.8466666666666,NA,227684.17333333334,NA,533.8433333333334
May-2016,2016,5,Suisun Marsh,NA,NA,NA,NA,NA,NA,NA,18.902857161022375,2.3399982777853467,63.399999514493075,7.5625,2.18,7.809539645663693,1,1,413200,60680,509451,6.71,BN,2.35,D,NA,NA,NA,NA,NA,NA,13.37,0,0,0,0,NA,NA,NA,NA,NA,NA,NA,NA,NA,NA
Jun-2016,2016,6,Confluence,0.08,1.75,0.281,0.06,0.2,0.46,0.112,21.410671621808678,0.5919426218606886,38.48868428257862,8.329830508474576,6.401904758498782,7.667298570166236,1.8095238095238095,2,415200,18285,465964,6.71,BN,2.35,D,1.1417634950146824,1.42,9.434434265237245,0.9543038561300393,NA,NA,14.24,0,0,0,0,913277.8325,13479.84,171208.45875,136460.595,1377744.125,1456.32375,57.5675,242548.5825,11744.3925,363.81
Jun-2016,2016,6,North,0.15390218421052632,0.503806,0.10111131578947369,0.18605263157894736,0.4604964615384615,0.7157894736842105,0.2992105263157895,22.729432551648866,0.17668252684078908,49.88222222045616,7.827415730337079,4.5948648481111265,7.672908733814534,1.0588235294117647,1,415200,18285,465964,6.71,BN,2.35,D,0.29767045713233636,NA,3.6392218923780155,0,NA,NA,13.12,0,0,2,2,1906344.629375,838267.9650000001,242485.88999999998,541211.67125,354888.870625,4491.114375,7826.21875,498425.4359375,24023.25625,1408.2625
Jun-2016,2016,6,SouthCentral,0.034318800000000003,0.5178915,0.1776244,0.085,0.325,0.5,0.134,23.5952459078809,0.1800694202678846,11.16416664235534,8.186190476190475,29.529500000000002,7.598369073373445,2.6578947368421053,3,415200,18285,465964,6.71,BN,2.35,D,0.22666666666666668,0.21333333333333335,1.8833333333333335,0,NA,NA,11.37,0,0,2,2,122619.85,149404.38499999998,83838.775,40455.57,74846.63500000001,387.2875,551.4925,86685.52249999999,1094.56,327.9
Jun-2016,2016,6,Suisun Bay,0.08,NA,0.23333333333333334,0.05666666666666667,0.3333333333333333,0.5666666666666667,0.12666666666666668,20.745789453606854,7.900041703892044,41.02222225047924,8.347142857142856,3.2642857142857142,7.889768005410225,1.0666666666666667,1,415200,18285,465964,6.71,BN,2.35,D,1.130866213769273,1.6500000000000001,0,3.1159017694634517,NA,NA,16.63,0,0,0,0,28696.896666666667,197848.37666666668,155828.35666666666,126036.33333333333,547188.37,450.43,500.48,227417.7333333333,250.24,300.2866666666667
Jun-2016,2016,6,Suisun Marsh,NA,NA,NA,NA,NA,NA,NA,21.3875,4.10744643746334,40.43846156780537,7.225,3.075,7.847128104620114,1,1,415200,18285,465964,6.71,BN,2.35,D,NA,NA,NA,NA,NA,NA,14.69,0,0,2,1,NA,NA,NA,NA,NA,NA,NA,NA,NA,NA
Jul-2016,2016,7,Confluence,0.07692307692307693,1.5499999999999998,0.21384615384615385,0.048461538461538466,0.2,0.3923076923076923,0.08461538461538462,22.049380514016217,0.6776770230885986,30.668383774781677,8.416964285714286,7.17999999318804,7.662038240519452,2.5714285714285716,3,571700,9671,614099,6.71,BN,2.35,D,1,0.8233333333333334,8.32,0.006666666666666667,NA,NA,13.91,0,0,0,0,331594.55593750003,412054.92875,447042.30375,123784.3884375,31227.801666666666,698.7884375,1245.44625,266458.4621875,7213.703750000001,401.14708333333334
Jul-2016,2016,7,North,0.08809003125,0.36556472,0.0944478125,0.19359375,0.31142857142857144,0.5733333333333334,0.33796875,22.647023694244616,0.18633791347961215,26.716190460758657,7.729574468085106,3.3634782173322595,7.634127538288822,1.4705882352941178,1,571700,9671,614099,6.71,BN,2.35,D,NA,NA,NA,NA,NA,NA,13.77,0,0,1,1,4198419.342395834,4028042.18375,327239.181875,530771.2477083333,629196.4564583333,6075.505,29403.231666666667,422628.32125,35289.69479166667,1096.880625
Jul-2016,2016,7,SouthCentral,0.017562,0.276934,0.0915445,0.074,0.35,0.55,0.124,24.75095747103256,0.21826464295039374,14.272247198479018,7.757068965517242,29.063333333333333,7.678128931449838,2.8684210526315788,3,571700,9671,614099,6.71,BN,2.35,D,0.08333333333333333,0.08333333333333333,0.6133333333333333,0,NA,NA,11.22,0,0,3,1,2245004.1149999998,333422.0625,2314806.5325,376352.095,133937.265,1882.115,1399.5249999999999,121475.26999999999,4584.635,300.28
Jul-2016,2016,7,Suisun Bay,0.03666666666666667,NA,0.2866666666666667,0.06,0.33333333333333337,0.5,0.11333333333333333,21.295714312962122,8.401620614772574,53.29047648111979,8.376666666666667,2.566666666666667,7.88221691940543,1.5333333333333334,2,571700,9671,614099,6.71,BN,2.35,D,2.37,2.005,0,5.93,NA,NA,18,0,0,0,0,125657.96,140660.28333333333,257472.75,48317.14666666667,NA,150.14333333333335,1351.29,235675.20333333334,5571.986666666667,NA
Jul-2016,2016,7,Suisun Marsh,NA,NA,NA,NA,NA,NA,NA,22.116190530686154,5.726818765800698,42.09090912558816,7.54,9.425,7.927254075307732,1.125,1,571700,9671,614099,6.71,BN,2.35,D,NA,NA,NA,NA,NA,NA,14.76,0,0,0,0,NA,NA,NA,NA,NA,NA,NA,NA,NA,NA
Aug-2016,2016,8,Confluence,0.06933333333333333,1.05,0.18533333333333335,0.05533333333333334,0.14667853846153847,0.31333333333333335,0.08133333333333334,21.20624998903846,0.7407356167153935,37.916551741724135,8.431384615384616,8.126842105263158,7.696758415719294,2.4651162790697674,2,584400,8845,616679,6.71,BN,2.35,D,1.0233333333333332,0.79,9.443333333333333,0.016666666666666666,NA,NA,15.14,0,0,0,0,4787804.820555556,293178.8905555556,333146.3911111111,436699.01111111115,758882.5133333333,2113.11962962963,1950.7194444444442,326396.31796296296,12337.730925925925,999.1215555555555
Aug-2016,2016,8,North,0.136269625,0.18237756,0.09814654166666667,0.3225,0.32500552272727273,0.4802416811594203,0.3943055555555556,22.07369858849315,0.18751861234294856,29.302000006383334,7.817826086956522,4.651612903225806,7.695487524865676,1.8823529411764706,2,584400,8845,616679,6.71,BN,2.35,D,NA,NA,NA,NA,NA,NA,14.28,0,0,0,0,2810836.808354167,699498.1016666667,272816.76266666665,331081.12859226187,292929.0837708333,4049.9167113095236,6738.284166666666,259397.45064285712,8687.156029761905,1262.8452291666667
Aug-2016,2016,8,SouthCentral,0.017328800000000002,0.1797895,0.06760970000000001,0.055,0.09677025,0.46,0.089,24.452608716304347,0.20295396414113087,14.26298853862069,7.7424193548387095,25.904285714285713,7.706231680886817,3.0526315789473686,3,584400,8845,616679,6.71,BN,2.35,D,0.01,0.01,0.060000000000000005,0,NA,NA,10.82,0,0,3,3,613531.7225,272452.6775,390535.16000000003,174283.6425,8935.5825,713.165,1238.655,95864.39,6493.555,262.745
Aug-2016,2016,8,Suisun Bay,0.05,NA,0.32666666666666666,0.09,0.16666666666666669,0.43333333333333335,0.11666666666666667,20.16722222222222,8.36152059776772,54.373333333333335,8.383333333333333,2.425,7.882849199213062,1.2666666666666666,1,584400,8845,616679,6.71,BN,2.35,D,2.705,2.1950000000000003,0,6.76,NA,NA,18.78,0,0,0,0,NA,139157.94666666666,109150.77333333333,37953.653333333335,NA,NA,250.24,213319.32000000004,3303.19,NA
Aug-2016,2016,8,Suisun Marsh,NA,NA,NA,NA,NA,NA,NA,21.016315789473683,6.285801243692072,42.9375,7.16,3.67,7.809884880917305,1,1,584400,8845,616679,6.71,BN,2.35,D,NA,NA,NA,NA,NA,NA,15.08,0,0,0,0,NA,NA,NA,NA,NA,NA,NA,NA,NA,NA
Sep-2016,2016,9,Confluence,0.08272727272727273,1.2000000000000002,0.25363636363636366,0.07090909090909091,0.22222222222222224,0.38181818181818183,0.10545454545454545,20.306354186458332,1.013051216726005,20.247000076333332,8.712131147540983,2.069,7.785771251467575,2.0833333333333335,2,498900,8477,525782,6.71,BN,2.35,D,1.3466666666666667,1.0366666666666666,12.553333333333335,0.013333333333333334,NA,NA,12.17,3,2,5,2,298277.700625,773472.7318749999,288527.7025,156596.6825,81566.96375000001,878.025625,3254.35375,328832.92875,7065.800625,650.93375
Sep-2016,2016,9,North,0.08910030434782609,0.34990196,0.09659452173913044,0.11608695652173913,0.3952380952380952,0.508695652173913,0.14956521739130435,20.738941180941175,0.16164919241920653,43.86188405686956,8.35375,3.0648,7.888127116221946,1.6,2,498900,8477,525782,6.71,BN,2.35,D,NA,NA,NA,NA,NA,NA,11.02,3,2,8,3,2108424.208125,700873.4902083332,247173.91875,16804787.176458333,681372.905,6895.534583333333,3500.6716666666666,509722.85083333333,13339.022083333333,2898.0695833333334
Sep-2016,2016,9,SouthCentral,0.0172285,0.273937,0.0761487,0.061,0.225,0.41,0.093,22.542258031827956,0.2668150746958518,12.348192807710843,8.612153846153847,23.42794117647059,7.827883761557165,3.7777777777777777,4,498900,8477,525782,6.71,BN,2.35,D,0.24,0.22666666666666668,2.0033333333333334,0,NA,NA,9.16,4,2,12,5,68961.93,381083.47,430496.045,248849.54499999998,24025.0275,563.025,1163.585,85091.845,7281.789999999999,187.67499999999998
Sep-2016,2016,9,Suisun Bay,0.06,NA,0.4066666666666667,0.10333333333333333,0.3666666666666667,0.5333333333333333,0.17333333333333334,19.317096774193548,10.322234570764714,22.486206896551725,8.458,2.0140000000000002,7.85330781488395,1,1,498900,8477,525782,6.71,BN,2.35,D,2.25,1.8599999999999999,0,5.62,NA,NA,15.27,0,0,2,1,7239.883333333334,314125.7166666667,85106.52333333333,90488.36333333334,17665.443333333333,45.49666666666667,586.92,225546.61000000002,2597.933333333333,90.99333333333334
Sep-2016,2016,9,Suisun Marsh,NA,NA,NA,NA,NA,NA,NA,19.13533333333333,7.57536322682628,24.64,7.8341666666666665,2.63,7.759539645663693,1,1,498900,8477,525782,6.71,BN,2.35,D,NA,NA,NA,NA,NA,NA,12.46,1,1,5,2,NA,NA,NA,NA,NA,NA,NA,NA,NA,NA
Oct-2016,2016,10,Confluence,0.09166666666666667,1.75,0.39999999999999997,0.0875,0.21000000000000002,0.39166666666666666,0.095,17.950618564536082,2.1619841217764084,13.774555606644444,8.538730158730159,1.7641666666666667,7.6108070871973865,1.4509803921568627,1,360650,38218,418109,14.14,W,6.46,W,1.5502923796697503,0.586,11.98302470988689,1.3046243519947225,NA,NA,9.27,7,2,10,4,414275.316,542834.767,106202.80900000001,71406.993,89027.58,1224.736,2640.807,230232.35499999998,3196.549,472.94899999999996
Oct-2016,2016,10,North,0.1668899696969697,0.65465208,0.1590909090909091,0.09363636363636364,0.21250000000000002,0.44242424242424244,0.11272727272727273,17.221123591235955,0.12927800465516037,22.86500000684375,8.635185185185184,1.9464285714285714,7.691272393768925,1.0526315789473684,1,360650,38218,418109,14.14,W,6.46,W,0.7747319447953227,NA,7.775995227151688,0,NA,NA,9.23,7,3,12,4,1867912.9041666666,612236.8658333333,300470.49666666664,131065.57,774828.6791666667,5937.362499999999,3769.141666666667,622370.6941666666,9555.545,3620.6066666666666
Oct-2016,2016,10,SouthCentral,0.06477827272727273,0.411572,0.33879118181818185,0.09909090909090909,0.28,0.4,0.10272727272727272,18.878717914615386,0.2848701837369726,7.9435211163521124,8.225818181818182,11.002142857142857,7.70700532160518,2.72972972972973,3,360650,38218,418109,14.14,W,6.46,W,0.06166666666666667,0.058333333333333334,0.995,0,NA,NA,8.46,9,3,18,6,260631.77800000002,151563.23799999998,377517.672,39434.971999999994,610309.8699999999,469.10599999999994,982.918,76009.666,3125.5899999999997,308.28799999999995
Oct-2016,2016,10,Suisun Bay,0.11333333333333334,NA,0.4033333333333333,0.11333333333333333,0.26666666666666666,0.5333333333333333,0.14,18.154848484848486,9.91682355184377,11.620689655172415,8.271428571428572,1.9014285714285715,7.771506507539151,1,1,360650,38218,418109,14.14,W,6.46,W,3.1891380264527083,3.3225,0,8.639128278029597,NA,NA,13.29,0,0,2,2,453668.5,330615.16333333333,90177.77,197396.54333333333,31783.00333333333,1151.1000000000001,3303.1566666666663,226366.59333333335,3853.6800000000003,550.5266666666666
Oct-2016,2016,10,Suisun Marsh,NA,NA,NA,NA,NA,NA,NA,17.898,8.874877287721153,22.64,7.0825,1.315,7.524741010663462,1,1,360650,38218,418109,14.14,W,6.46,W,NA,NA,NA,NA,NA,NA,10.35,5,3,15,7,NA,NA,NA,NA,NA,NA,NA,NA,NA,NA
Nov-2016,2016,11,Confluence,0.1375,2,0.4825,0.12583333333333332,0.2,0.4083333333333333,0.10916666666666666,16.7074757207767,1.7458007949899859,11.772717376228261,8.377704918032787,1.7527777777777778,7.349183119486091,1.2941176470588236,1,451700,34414,506845,14.14,W,6.46,W,0.19,0.19,1.94,0.16,NA,NA,6.62,15,6,24,12,172409.023,135175.998,101639.041,11585.897,336693.34900000005,909.3710000000001,514.205,134456.56300000002,341.32399999999996,480.45799999999997
Nov-2016,2016,11,North,0.17312121212121212,1.3625,0.28006060606060607,0.22021212121212122,0.2888888888888889,0.48696969696969694,0.21912121212121213,14.885,0.16842495857176895,10.992105194631579,8.119024390243903,1.8576470588235294,7.633999703120075,1,1,451700,34414,506845,14.14,W,6.46,W,NA,NA,NA,NA,NA,NA,6.51,17,5,24,15,5556623.125,851688.275,216526.11416666667,132838.745,577465.2275,9990.787499999999,2836.12,436882.7291666666,4913.1175,2698.8175
Nov-2016,2016,11,SouthCentral,0.04411690909090909,1.4333333333333333,0.41363636363636364,0.08090909090909092,0.28,0.35454545454545455,0.10818181818181818,16.201413033152175,0.2795423223979781,5.091627926918605,8.056363636363637,6.240769230769231,7.468430085176064,1.864864864864865,2,451700,34414,506845,14.14,W,6.46,W,NA,NA,NA,NA,NA,NA,6.58,15,10,25,20,131244.52,251776.472,85433.16399999999,30489.397999999997,30168.594,387.368,1495.432,60708.904,3798.5880000000006,97.092
Nov-2016,2016,11,Suisun Bay,0.10333333333333333,NA,0.4533333333333333,0.09,0.4,0.5333333333333333,0.16,17.04625,11.176445734859689,11.436666666666667,8.265714285714285,2.347142857142857,7.681760139239227,1.0333333333333334,1,451700,34414,506845,14.14,W,6.46,W,NA,NA,NA,NA,NA,NA,10.59,0,0,6,1,31061.653333333335,363041.76,110488.17333333334,38414.153333333335,32207.246666666662,450.43,1901.8066666666666,166258.22,2452.3399999999997,450.43
Nov-2016,2016,11,Suisun Marsh,NA,NA,NA,NA,NA,NA,NA,17.532941176470587,5.949729881828266,13.66,6.771428571428571,2.045,7.338964659705939,1,1,451700,34414,506845,14.14,W,6.46,W,NA,NA,NA,NA,NA,NA,8.78,7,2,21,12,NA,NA,NA,NA,NA,NA,NA,NA,NA,NA
Dec-2016,2016,12,Confluence,0.1690909090909091,3.45,0.4954545454545454,0.07818181818181819,0.26666666666666666,0.5181818181818182,0.09363636363636364,10.164822673431173,1.3816208501504403,31.132786839869844,9.927624999999999,1.7695454545454545,7.513750480825959,1,1,1237700,32970,1395782,14.14,W,6.46,W,0.24666666666666665,0.20333333333333334,6.956666666666667,0.07333333333333333,NA,NA,8.36,13,5,16,5,802185.778888889,686521.29,177428.62666666668,61698.13444444444,985230.2666666667,1138.59,3898.1688888888884,471282.38,5027.022222222223,1179.601111111111
Dec-2016,2016,12,North,0.12243243243243243,1.9240000000000002,0.3108108108108108,0.10351351351351351,0.31666666666666665,0.5091891891891892,0.13959459459459458,9.167500000837459,0.17376630788325775,41.69409092196522,9.275,2.504782608695652,7.575846300922737,1,1,1237700,32970,1395782,14.14,W,6.46,W,NA,NA,NA,NA,NA,NA,8.01,14,4,21,5,1646353.46875,3330542.8425,798032.1049999999,627391.91625,363987.67375,5960.872083333334,6985.155,1134304.1683333335,20158.895416666666,3218.85125
Dec-2016,2016,12,SouthCentral,0.054386000000000004,1.8166666666666667,0.5003113636363636,0.06636363636363636,0.27999999999999997,0.4190909090909091,0.07754545454545454,9.918571431279004,0.28408340578827473,9.022380954202141,9.95264705882353,2.1108,7.741666437127682,1,1,1237700,32970,1395782,14.14,W,6.46,W,0.08,0.07333333333333333,2.623333333333333,0,NA,NA,9.63,12,4,20,6,231787.266,399956.61799999996,56289.038,108857.018,402658.458,759.2940000000001,1486.836,120588.178,3285.1099999999997,543.092
Dec-2016,2016,12,Suisun Bay,0.15333333333333335,NA,0.5266666666666667,0.09,0.3333333333333333,0.6,0.21666666666666667,11.67452829109048,9.842932361526946,34.6976189386277,9.688,1.4442857142857142,7.736336424332813,1,1,1237700,32970,1395782,14.14,W,6.46,W,2.335,1.88,0,8.65,NA,NA,11.59,0,0,7,2,NA,926414.1766666666,236014.74333333332,394797.37999999995,56097.63999999999,NA,7357.013333333333,645614.82,14864.186666666666,400.37999999999994
Dec-2016,2016,12,Suisun Marsh,NA,NA,NA,NA,NA,NA,NA,10.671,4.946026107832253,34.611111111111114,9.05642857142857,3.0749999999999997,7.568160530437834,1,1,1237700,32970,1395782,14.14,W,6.46,W,NA,NA,NA,NA,NA,NA,9.61,10,3,19,6,NA,NA,NA,NA,NA,NA,NA,NA,NA,NA
Jan-2017,2017,1,Confluence,0.1175,1.9,0.34375,0.060000000000000005,0.23333333333333334,0.4875,0.0825,9.011529378092288,0.07332334910696825,65.83877563480581,10.790000000000001,1.619,7.481465650019654,1,1,2092500,413758,4676980,14.14,W,6.46,W,0.02,0.02,0.24333333333333335,0.03333333333333333,NA,NA,10.29,9,4,14,6,195131.71,323105.0766666667,178376.94833333333,116751.90666666666,376398.4716666667,1474.785,1227.1499999999999,514096.69999999995,5742.509999999999,1318.7333333333333
Jan-2017,2017,1,North,0.05419354838709677,1.6736842105263159,0.3067741935483871,0.08032258064516129,0.16666666666666669,0.5064516129032258,0.15225806451612903,9.20957895741268,0.09071807054903855,90.17337495702198,10.372083333333332,1.33,7.509201573937852,1,1,2092500,413758,4676980,14.14,W,6.46,W,NA,NA,NA,NA,NA,NA,10.93,8,4,14,6,420927.56000000006,385014.90499999997,1068562.2679166666,503497.6333333333,4666785.425,3153.0099999999998,1698.6525000000001,1944257.02,15332.100833333334,5563.2525
Jan-2017,2017,1,SouthCentral,0.08727272727272728,3.3,0.7554545454545455,0.11090909090909092,0.44,0.6636363636363637,0.15,9.684700019046137,0.17037001387049014,32.055375012704594,10.126938775510204,1.8947058823529412,7.49262749709552,1,1,2092500,413758,4676980,14.14,W,6.46,W,0,0,0.01,0,NA,NA,12.37,7,5,14,5,40665.094,419013.91000000003,305937.216,121895.848,442054.512,674.624,3031.99,570866.438,8569.215999999999,2292.356
Jan-2017,2017,1,Suisun Bay,0.13333333333333333,NA,0.35,0.06333333333333334,0.23333333333333334,0.5,0.13333333333333333,9.124500057220459,0.5173918451321793,104.075862016349,10.636,1.598,7.563173325795206,1,1,2092500,413758,4676980,14.14,W,6.46,W,0.79,0.685,0,2.8850000000000002,NA,NA,11.52,1,1,5,2,2143096.0466666664,559644.8833333333,1375403.17,158416.40333333335,718974.9766666667,6506.213333333333,3002.8700000000003,1517949.54,4504.303333333333,4604.3966666666665
Jan-2017,2017,1,Suisun Marsh,NA,NA,NA,NA,NA,NA,NA,8.969230820582464,0.6842324112812802,111.5076923076923,8.904117647058824,1.835,7.534280839205794,1,1,2092500,413758,4676980,14.14,W,6.46,W,NA,NA,NA,NA,NA,NA,11.16,5,3,11,3,NA,NA,NA,NA,NA,NA,NA,NA,NA,NA
Feb-2017,2017,2,Confluence,0.06555555555555556,2.05,0.4011111111111111,0.06444444444444444,0.22857142857142856,0.4222222222222222,0.09555555555555556,11.001034461986503,0.0718581690886528,87.68490574198285,10.321785714285713,4.738181818181818,7.1370531454323505,1,1,2299000,811000,7699389,14.14,W,6.46,W,0.013333333333333334,0.013333333333333334,0.4366666666666667,0,NA,NA,10.92,4,5,9,6,1464555.1275,959177.1699999999,4684253.5375,1802143.405,733606.3325,2702.58,6756.45,1127426.29,71393.155,1801.72
Feb-2017,2017,2,North,0.0484375,0.98,0.24125,0.0896875,0.10817385714285715,0.40790403125,0.13790625,10.506538454211539,0.09153669400517678,83.64121959157055,10.848450704225352,5.815384615384615,7.57020122098824,1,1,2299000,811000,7699389,14.14,W,6.46,W,NA,NA,NA,NA,NA,NA,11.44,5,5,9,6,345637.875,678151.135,931591.32875,405917.5775,574091.46,1577.04,5491.015,1081786.6375,15462.39375,3631.885
Feb-2017,2017,2,SouthCentral,0.07,4.016666666666667,0.9336363636363636,0.10545454545454545,0.38,0.7363636363636363,0.13636363636363635,11.86127656733736,0.11318346594933026,30.012438825303093,9.182830188679246,2.7405555555555554,7.190626379555731,1,1,2299000,811000,7699389,14.14,W,6.46,W,0.0033333333333333335,0.0033333333333333335,0.11333333333333333,0,NA,NA,12.99,4,6,8,6,354743.49,101558.64,1672386.59,152945.12,104085.775,525.5025,1463.9075,496074.475,10022.1125,525.5025
Feb-2017,2017,2,Suisun Bay,0.06333333333333334,NA,0.35,0.06666666666666667,0.16666666666666669,0.3,0.10333333333333333,10.958474566572805,0.08436776840228964,97.652273126082,10.498571428571429,4.625,7.283574420260977,1,1,2299000,811000,7699389,14.14,W,6.46,W,0.705,0.635,0,1.76,NA,NA,13.38,0,0,5,3,3785686.98,3758499.0233333334,11104246.593333334,1825205.42,9506349.173333334,12311.753333333334,27926.66,2494781.626666667,158851.64666666667,5705.446666666667
Feb-2017,2017,2,Suisun Marsh,0.09,NA,0.405,0.095,0.4,0.65,0.235,11.551538417522725,0.2816747181318868,130.6733334350586,8.445,3.1100000000000003,7.433591190636447,1,1,2299000,811000,7699389,14.14,W,6.46,W,NA,NA,NA,NA,NA,NA,12.08,1,1,8,5,NA,NA,NA,NA,NA,NA,NA,NA,NA,NA
Mar-2017,2017,3,Confluence,0.05444444444444445,1.2,0.3611111111111111,0.06111111111111111,0.24285714285714285,0.32222222222222224,0.07555555555555556,13.154047630820024,0.07734207526294196,34.096340201699384,10.023703703703704,3.6241176470588234,7.379548647377717,1,1,2069900,920600,3980925,14.14,W,6.46,W,0.02,0.02,0.3966666666666666,0,NA,NA,9.77,4,2,12,3,905628.6016666667,1821812.9583333333,4482617.205,1375870.0983333334,21465.991666666665,2902.771666666667,11861.326666666668,1114163.8633333333,39938.13166666667,150.14333333333335
Mar-2017,2017,3,North,0.0413729696969697,1.1543668,0.2498111212121212,0.06545454545454546,0.15714285714285714,0.400553303030303,0.10787878787878788,13.388865230650008,0.15207649724473865,42.02184871556232,10.85969387755102,10.895151515151515,7.851394402930856,1,1,2069900,920600,3980925,14.14,W,6.46,W,0.28373545581135057,NA,5.0603506146191295,0.0025148634141694817,NA,NA,9.89,9,3,13,5,5773752.64,1208430.1191666666,1631664.2308333332,406466.6808333333,1380647.2149999999,7909.376666666667,5597.27,886783.5758333333,30735.370833333334,4540.5875
Mar-2017,2017,3,SouthCentral,0.027534272727272727,2.083333333333333,0.51,0.07363636363636364,0.3,0.35454545454545455,0.08727272727272728,13.69189190048355,0.08440479810657371,16.710294176737467,9.181111111111111,2.82,7.253235225672803,1,1,2069900,920600,3980925,14.14,W,6.46,W,0,0,0.04666666666666666,0,NA,NA,11.08,6,2,12,4,1780955.068,317183.51,3299620.456,360019.918,205886.148,2342.234,2852.722,675614.416,15885.15,540.516
Mar-2017,2017,3,Suisun Bay,0.052500000000000005,NA,0.3375,0.057499999999999996,0.325,0.325,0.07500000000000001,13.380000006692448,0.15064949688551577,49.79086950716764,10.134615384615385,3.79875,7.4399732299059504,1,1,2069900,920600,3980925,14.14,W,6.46,W,0.20894444456781316,0.485,1.1342334322144974,0.5045088898708836,NA,NA,12.9,0,0,4,2,884842.71,1104348.51,9804253.0675,1216431.2574999998,61168.395,900.86,11485.965,2380522.55,48421.225,1126.075
Mar-2017,2017,3,Suisun Marsh,0.075,NA,0.31000000000000005,0.08,0.45,0.7,0.155,14.67966669845581,0.4602524284794166,61.177777777777784,8.130555555555555,6.915,7.474280839205794,1,1,2069900,920600,3980925,14.14,W,6.46,W,NA,NA,NA,NA,NA,NA,10.95,4,2,12,4,NA,NA,NA,NA,NA,NA,NA,NA,NA,NA
Apr-2017,2017,4,Confluence,0.058888888888888886,0.8,0.21888888888888888,0.05555555555555556,0.2285714285714286,0.2777777777777778,0.07111111111111111,14.570749998817094,0.07017357781512486,22.40838028308195,10.388543689320388,3.6065,7.342707156262549,1,1,2020100,705900,3377381,14.14,W,6.46,W,0.02666666666666667,0.023333333333333334,0.24333333333333332,0.03666666666666667,NA,NA,11.28,2,2,5,3,623086.4083333333,470763.60666666663,4258967.283333333,789891.0499999999,120277.68000000001,3570.0733333333333,1167.7816666666668,701285.7566666667,29911.873333333333,1017.6383333333333
Apr-2017,2017,4,North,0.04156451515151515,0.8893128,0.1927238181818182,0.06515151515151515,0.2,0.38484848484848483,0.08666666666666667,14.885760033516425,0.15457576459868602,26.76476186202312,10.315974025974025,5.1575,7.705594516787819,1,1,2020100,705900,3377381,14.14,W,6.46,W,NA,NA,NA,NA,NA,NA,10.71,2,1,10,3,1848823.9041666668,866973.5958333333,1139193.08375,346153.10208333336,620432.0175,10810.317916666667,1651.5758333333333,850561.6729166667,17416.625,2552.4375
Apr-2017,2017,4,SouthCentral,0.027079272727272726,1.0833333333333333,0.2809090909090909,0.0707250909090909,0.34,0.4090909090909091,0.09454545454545454,15.455249992939299,0.06917629350267444,13.876153841329158,9.619111111111112,3.0925,7.332559618722875,1,1,2020100,705900,3377381,14.14,W,6.46,W,0.06333333333333334,0.060000000000000005,1.0533333333333335,0,NA,NA,13.02,0,0,6,2,1777880.788,855836.908,3665622.4800000004,528571.344,39349.564,2512.392,2112.0099999999998,461429.69800000003,18207.338,90.086
Apr-2017,2017,4,Suisun Bay,0.052500000000000005,NA,0.235,0.055,0.225,0.275,0.057499999999999996,14.788571401323589,0.16650463894725057,31.652083333333337,9.825555555555555,4.40125,7.4069351814945605,1,1,2020100,705900,3377381,14.14,W,6.46,W,0.365,0.345,0,0.91,NA,NA,14.5,0,0,2,2,402880.36750000005,624633.8025,4367465.0425,740100.8975000001,723219.4175,3778.6075,4053.87,779519.285,34107.565,450.43
Apr-2017,2017,4,Suisun Marsh,0.1,NA,0.32,0.085,0.6499999999999999,0.8,0.155,15.431304331240444,0.4860031390261173,45.145454545454555,8.03,8.93,7.454971218322152,1,1,2020100,705900,3377381,14.14,W,6.46,W,NA,NA,NA,NA,NA,NA,11.87,1,1,9,4,NA,NA,NA,NA,NA,NA,NA,NA,NA,NA
May-2017,2017,5,Confluence,0.061,0.4,0.116,0.049,0.10922075,0.23,0.061,17.674858729048747,0.0733577770207469,19.071686765224992,9.907563025210084,2.043529411764706,7.449822307539648,1,1,1498700,594600,2303407,14.14,W,6.46,W,7.222983606557377,1.018032786885246,17.68655737704918,0.30098360655737705,NA,NA,13.43,0,0,0,0,53801.29625,110402.07,113143.20875,80307.9425,93745.51375,632.7475000000001,691.73125,326862.40125,7284.64,249.345
May-2017,2017,5,North,0.04181694444444444,0.38652188,0.12382611111111111,0.07194444444444445,0.28,0.40555555555555556,0.10666666666666667,18.744509801437907,0.2132784135943175,32.36769240075743,8.76,3.7922727272727275,7.843415886530146,1,1,1498700,594600,2303407,14.14,W,6.46,W,0.09845000000000001,0.03666666666666667,0.48333333333333334,0,NA,NA,13.4,0,0,5,3,3531492.0145833334,185534.7875,3635843.391666667,722033.9654166667,2498994.3924999996,13711.300416666667,831.1500000000001,853563.6549999999,19314.860416666666,9105.155
May-2017,2017,5,SouthCentral,0.023864727272727274,0.38870616666666663,0.12425890909090909,0.06765172727272727,0.18,0.3204750909090909,0.08363636363636363,17.934504502806035,0.07687225984478949,12.85254898601359,9.28736111111111,3.45448275862069,7.469772851785563,1,1,1498700,594600,2303407,14.14,W,6.46,W,7.4193265625,1.26734375,22.16703125,0,NA,NA,13.76,0,0,3,3,438032.316,219302.57800000004,78306.396,66393.534,368317.31,2154.558,487.968,223308.492,7176.85,795.762
May-2017,2017,5,Suisun Bay,0.0575,NA,0.14,0.0475,0.08691375,0.17500000000000002,0.0625,17.969268274074643,0.3047537172138172,43.420588392369886,9.574375,4.535,7.777281946006696,1,1,1498700,594600,2303407,14.14,W,6.46,W,3.2021357142857143,0.41464285714285715,0,1.0917857142857144,NA,NA,16.93,0,0,0,0,439431.4875,598252.115,148924.375,409796.5375,62143.575,2308.4525,3378.225,385623.88749999995,12780.9375,675.645
May-2017,2017,5,Suisun Marsh,0.08,NA,0.22,0.08,0.5,0.6,0.16,19.668695718516474,0.41589917503090085,37.99166717529297,7.887857142857143,12.055,7.73994883159502,1,1,1498700,594600,2303407,14.14,W,6.46,W,12.516586666666667,1.9166666666666667,6.0873333333333335,4.3406666666666665,NA,NA,13.71,0,0,2,1,132517.745,1134406.2,391987.015,339007.75999999995,241902.76,1973.31,14156.349999999999,1093514.3599999999,30071.56,3045.76
Jun-2017,2017,6,Confluence,0.08600000000000001,0.75,0.527,0.048,0.155948625,0.27,0.054,20.34940480949225,0.10615112317972901,16.974200024123533,9.626326530612245,2.190434782608696,7.310391994159293,1,1,785000,420700,1285617,14.14,W,6.46,W,0.2633333333333333,0.24,2.663333333333333,0.08666666666666667,NA,NA,13.88,0,0,0,0,291150.1588888889,155750.71555555554,82425.63555555555,280223.63666666666,54489.821111111116,1914.978888888889,578.5344444444445,209126.2688888889,11388.521111111111,521.9277777777778
Jun-2017,2017,6,North,0.08354851219512195,0.484,0.2275609756097561,0.11926829268292682,0.38846714285714284,0.535,0.15878048780487805,21.900425558865248,0.23508374996817402,31.348644064619865,7.384090909090909,6.357647058823529,7.6539875279247696,1,1,785000,420700,1285617,14.14,W,6.46,W,1.2086457442744072,NA,21.996145046980068,0,NA,NA,12.09,0,0,2,1,1771631.3025,1265943.17625,624094.1302083334,435057.521875,1765648.410625,5383.7075,3591.709375,861592.8622916667,11607.9525,3282.711875
Jun-2017,2017,6,SouthCentral,0.027737,0.474366,0.1409090909090909,0.06948309090909091,0.2365864,0.4181818181818182,0.08818181818181818,20.971052642908063,0.0781084373931489,13.710079387141084,8.329655172413792,3.8858333333333333,7.223419197563076,1,1,785000,420700,1285617,14.14,W,6.46,W,0.25,0.216,1.826,0,NA,NA,12.13,0,0,1,1,67712.066,84443.542,74028.114,56506.464,107737.73999999999,560.534,340.324,184157.106,5453.912,635.15
Jun-2017,2017,6,Suisun Bay,0.054000000000000006,NA,0.208,0.056,0.08949280000000001,0.26,0.064,20.903673477172852,1.2909138483231304,39.782972993592956,8.86,2.84,7.717229058921663,1,1,785000,420700,1285617,14.14,W,6.46,W,0.5341275647580827,0.48,2.4749017054191293,0.767147599254527,NA,NA,16.86,0,0,0,0,68826.19200000001,391143.206,148675.99599999998,158749.55,46473.566000000006,489.038,2110.586,403250.324,10810.32,360.344
Jun-2017,2017,6,Suisun Marsh,0.04,NA,0.365,0.11499999999999999,0.44999999999999996,0.7,0.22499999999999998,21.627692293020395,0.6669590078005255,55.00666687011719,7.0685714285714285,8.5,7.663591190636447,1,1,785000,420700,1285617,14.14,W,6.46,W,NA,NA,NA,NA,NA,NA,14.06,0,0,0,0,1370748.575,607864.295,688774.645,72672.375,NA,3603.44,1801.72,1851041.07,20719.780000000002,NA
Jul-2017,2017,7,Confluence,0.075,0.4,0.13,0.04833333333333333,0.1692263,0.325,0.1375,22.99899992392086,0.43772387311814553,24.274959986048565,8.715813953488372,12.361666666666666,7.2998808846464325,1,1,465000,247560,775684,14.14,W,6.46,W,0.7166666666666667,0.63,5.766666666666667,0.043333333333333335,NA,NA,13.31,0,0,0,0,12303130.21875,327153.93799999997,148790.37925,357339.44,259158.96783333333,10235.3345,3268.954666666667,410853.456,13671.366,1398.5856666666666
Jul-2017,2017,7,North,0.13335112765957446,0.40854152,0.2517615957446808,0.16085106382978723,0.30445616666666664,0.4881526666666667,0.1874468085106383,23.617850477916452,0.23456089911050096,25.750697676984654,8.323380281690142,3.2928571428571427,7.761242380058353,1,1,465000,247560,775684,14.14,W,6.46,W,1.1001699134629237,NA,14.41159023056887,0,NA,NA,11.28,0,0,1,1,1494705.9501041668,842922.6366666667,369353.63502083335,421949.7590833333,759613.6576041667,5440.6640625,6428.18875,700838.5751875,20080.975625000003,2507.953958333333
Jul-2017,2017,7,SouthCentral,0.03514718181818182,0.5676093333333334,1.4864843636363636,0.07909090909090909,0.213924,0.4090909090909091,0.10363636363636364,23.13118184592507,0.07350825471730701,14.699811311038035,8.0532,9.2878125,7.2237609515991545,1,1,465000,247560,775684,14.14,W,6.46,W,0.09,0.08666666666666667,0.54,0,NA,NA,11.68,0,0,1,1,2534947.724,714187.9120000001,104133.182,331902.208,36882.576,3032.898,2102.01,210741.3,12597.032,555.53
Jul-2017,2017,7,Suisun Bay,0.085,NA,0.1775,0.0675,0.225,0.325,0.09,21.81937503576279,3.774399852466288,51.537241622661725,8.817857142857143,4.024285714285714,7.761209903580336,1,1,465000,247560,775684,14.14,W,6.46,W,0.5677082797556793,0.47,2.648909277767212,0.8056699115121062,NA,NA,17.41,0,0,0,0,1387838.545,1227721.5625,197789.84000000003,449497.97,411724.5525,3828.65,6925.3575,556393.1699999999,35077.2175,900.86
Jul-2017,2017,7,Suisun Marsh,NA,NA,NA,NA,NA,NA,NA,22.709090874411842,1.3569020418427185,74.82727238048206,7.504615384615384,NA,NA,1,1,465000,247560,775684,14.14,W,6.46,W,NA,NA,NA,NA,NA,NA,13.52,0,0,0,0,NA,NA,NA,NA,NA,NA,NA,NA,NA,NA
Aug-2017,2017,8,Confluence,0.07916666666666666,1.1,0.3416666666666667,0.065,0.1450334,0.26158766666666666,0.0675,22.142735013391217,0.5216178887279256,19.221441402210804,8.355057471264368,2.8242857142857143,7.526321536261572,1.2093023255813953,1,619400,145650,798796,14.14,W,6.46,W,0.52,0.47000000000000003,4.526666666666667,0,NA,NA,14.89,0,0,0,0,529060.7440909091,289652.6046212121,132671.7430909091,124441.57927272726,694725.805090909,1892.7518636363639,1321.6670454545454,355776.54545454547,12358.131818181819,941.7432727272727
Aug-2017,2017,8,North,0.08768804651162791,0.26552788,0.22886588372093025,0.1427906976744186,0.2492903125,0.40069280952380953,0.18325581395348836,23.051367524615387,0.2120683195887596,26.38234037139011,7.922098765432099,2.683181818181818,7.817072836856217,1,1,619400,145650,798796,14.14,W,6.46,W,0.8763334958584355,NA,10.940863085397337,6.210352551997625e-5,NA,NA,12.4,0,0,4,3,1272610.9650714286,787008.0027708333,215716.530875,848246.7726875,399099.172125,4000.517404761905,5129.033229166666,545046.377875,26444.339729166666,1740.4712083333334
Aug-2017,2017,8,SouthCentral,0.02727272727272727,0.49181233333333335,0.17571763636363635,0.07363636363636364,0.26,0.34796727272727274,0.0809090909090909,22.802095216380952,0.10140094260599472,13.50305263968421,8.146567164179105,6.0058974358974355,7.385673157374736,1.1538461538461537,1,619400,145650,798796,14.14,W,6.46,W,0,0,0.02,0,NA,NA,11.05,0,0,6,3,299279.392,422528.412,83841.06,194406.87399999998,21553.616,2629.666,1741.6680000000001,161813.81,14244.34,240.23200000000003
Aug-2017,2017,8,Suisun Bay,0.04666666666666667,NA,0.31333333333333335,0.07666666666666667,0.03888133333333333,0.2,0.08,21.149750057220462,5.43623842843275,43.681388740539546,8.833571428571428,2.9785714285714286,8.068372216822253,1,1,619400,145650,798796,14.14,W,6.46,W,0.48174465297883956,0.855,2.71399141071479,0.9643300043472764,NA,NA,16.24,0,0,0,0,604248.8433333334,36926.25,177380.83666666667,62198.37666666667,2345180.31,1801.72,900.86,384967.50666666665,9609.173333333334,750.7166666666667
Aug-2017,2017,8,Suisun Marsh,0.04,NA,0.42000000000000004,0.125,0.15000000000000002,0.30000000000000004,0.135,21.55478254235309,3.816512985344378,37.929999923706056,7.645294117647059,4.355,8.02,1,1,619400,145650,798796,14.14,W,6.46,W,NA,NA,NA,NA,NA,NA,14.05,0,0,2,2,304635.715,1501642.495,268894.665,148793.26,51331.9,1126.07,3378.21,525553.5800000001,12949.805,563.035
Sep-2017,2017,9,Confluence,0.084,1.35,0.267,0.07,0.1389505,0.26,0.074,21.719860166402732,0.2536780595951788,16.1028800111154,8.39625,2.304375,7.521287466454222,2.3617021276595747,2,638000,96450,761652,14.14,W,6.46,W,0.30333333333333334,0.2733333333333333,2.603333333333333,0.013333333333333334,NA,NA,11.91,1,1,6,3,323171.68799999997,209349.007,67968.2235,154906.1805,242604.55750000002,1616.7914999999998,590.307,179727.20549999998,7167.2815,585.159
Sep-2017,2017,9,North,0.08152466666666666,0.2984792,0.08929033333333333,0.10272727272727272,0.3,0.35279675757575757,0.11696969696969697,20.777824003063518,0.14990183208832106,17.143039257132315,8.309186046511629,2.182,7.732056530568659,1,1,638000,96450,761652,14.14,W,6.46,W,NA,NA,NA,NA,NA,NA,11.58,3,2,8,4,735229.6960416667,556895.21875,279346.5579166667,5659409.939062499,438415.2734375,5034.464166666667,6736.214375,507244.69395833334,25378.76614583333,2400.7413541666665
Sep-2017,2017,9,SouthCentral,0.0291958125,2.001663181818182,0.428174125,0.08375,0.1611725,0.3,0.09125,21.760287225894903,0.10925236086967334,9.542555566987309,8.178088235294117,4.738648648648649,7.369921017509552,1.775,2,638000,96450,761652,14.14,W,6.46,W,0.13999999999999999,0.13333333333333333,1.3666666666666667,0,NA,0,10.09,3,2,11,5,165247.15999999997,197357.642,74981.51800000001,87775.318,95640.994,802.178,950.1879999999999,80913.652,6445.370000000001,645.612
Sep-2017,2017,9,Suisun Bay,0.08499999999999999,NA,0.335,0.08499999999999999,0.175,0.275,0.10250000000000001,21.66437840415336,5.035796121045611,31.676031600709944,8.318780487804878,2.3780952380952383,7.696513092148604,1.1333333333333333,1,638000,96450,761652,14.14,W,6.46,W,1.935,1.6099999999999999,0,4.845,NA,NA,13.99,0,0,2,1,135317.78499999997,294122.1325,146413.685,107588.435,108694.68250000001,844.5525000000001,994.695,275785.62,4185.225,769.4825000000001
Sep-2017,2017,9,Suisun Marsh,0.060000000000000005,NA,0.33999999999999997,0.11,0.2,0.35,0.13,22.65064003051758,4.012173405827359,35.20000012715658,7.098181818181818,3.2985714285714285,7.614547774191523,1.4,1,638000,96450,761652,14.14,W,6.46,W,NA,NA,NA,NA,NA,NA,11.61,1,1,7,2,517975.65,184630.845,214532.095,802304.665,219028.61,2402.29,4504.29,625346.375,32280.765,1501.43
Oct-2017,2017,10,Confluence,0.09090909090909091,1.1,0.25181818181818183,0.06181818181818182,0.10655400000000001,0.2909090909090909,0.06818181818181819,17.377949686709723,0.36042465069201085,17.07198338761756,8.88191489361702,2.1639285714285714,7.566848444740805,1.0434782608695652,1,412800,85060,527101,7.14,BN,3.03,BN,5.959231147540984,0.7724590163934426,13.660655737704918,0.13098360655737706,NA,NA,9.87,9,5,14,6,122826.08799999999,117087.53,75585.505,114280.116,177883.63499999998,764.1220000000001,592.172,203834.812,3382.5150000000003,995.0559999999999
Oct-2017,2017,10,North,0.12378708823529412,0.38745408000000003,0.09879738235294118,0.07676470588235294,0.14285714285714288,0.3588235294117647,0.08205882352941177,16.65970370228541,0.1017366359227246,17.73521738217791,8.972803738317756,2.1640540540540543,7.5303829712797725,1,1,412800,85060,527101,7.14,BN,3.03,BN,2.3906804943559714,1.885,21.95110813843974,0,NA,1,9.4,13,6,19,8,307702.10142857145,648768.0057142858,135310.2867142857,172975.9182857143,203406.492,1742.5323809523811,3723.5632857142855,281549.71357142855,11216.429,1096.3985714285714
Oct-2017,2017,10,SouthCentral,0.024283333333333334,0.433376,0.3484574,0.07333333333333333,0.22,0.25739053333333334,0.08133333333333334,17.166060656063518,0.11452818709427791,9.07711108417199,9.013043478260869,3.8629032258064515,7.5439518208625005,1.08,1,412800,85060,527101,7.14,BN,3.03,BN,4.692090625,0.92984375,17.31078125,0,1.5,1.1538461538461537,9.18,10,6,18,7,74754.84,317468.33999999997,125197.822,104153.986,180630.454,779.358,1331.078,89223.544,2515.232,414.398
Oct-2017,2017,10,Suisun Bay,0.10333333333333333,NA,0.33333333333333337,0.08333333333333333,0.084177,0.23333333333333334,0.08333333333333333,18.140932468517406,5.8403261806084315,21.54698418753488,8.75,1.6757692307692307,7.7222018435020505,1,1,412800,85060,527101,7.14,BN,3.03,BN,4.152224534582239,1.5310714285714286,0.8174207033015015,4.041125552556136,NA,NA,12.33,0,0,8,3,81407.14,186388.76,68937.36666666665,19019.489999999998,123850.97000000002,1126.08,312.8,172165.12,1751.68,281.52
Oct-2017,2017,10,Suisun Marsh,0.11499999999999999,NA,0.425,0.1,0.25,0.44999999999999996,0.10500000000000001,17.58076918675349,4.73594718538231,34.10538461538461,7.551304347826087,3.5483333333333333,7.560291358519273,1,1,412800,85060,527101,7.14,BN,3.03,BN,9.288553333333333,1.426,4.939333333333333,3.128,NA,NA,10.36,7,2,17,4,34206.555,428988.58,156104.02,344307.93,29480.7,375.36,6005.72,448928.57,6756.435,1501.435
Nov-2017,2017,11,Confluence,0.116,1.5,0.41700000000000004,0.07100000000000001,0.15380655555555556,0.31,0.075,15.31338128533224,0.8898015159259847,14.243145149448626,8.831182795698926,1.535666664282481,7.493475467776643,1.125,1,410000,61390,519172,7.14,BN,3.03,BN,0.24666666666666667,0.21666666666666667,4.383333333333334,0.013333333333333334,NA,1,7.06,10,2,21,7,109495.14777777778,203211.0311111111,71915.66,70926.88444444444,754989.92,467.11777777777775,444.87111111111113,208267.60555555555,12708.988888888889,499.2877777777778
Nov-2017,2017,11,North,0.15212916666666668,1.05382024,0.5147222222222222,0.08,0.19,0.4111111111111111,0.08861111111111111,14.533358614112592,0.16305998199374552,22.540420155773266,8.688703703703704,1.9306521739130433,7.545663469362833,1,1,410000,61390,519172,7.14,BN,3.03,BN,NA,NA,NA,NA,NA,NA,6.59,13,3,22,8,367462.427,621519.2626666666,68346.10633333333,457954.28599999996,421677.301,1318.1763333333333,4204.715999999999,145119.65733333334,19345.456,1055.6223333333332
Nov-2017,2017,11,SouthCentral,0.04356817857142857,0.59369175,0.8114285714285714,0.08392857142857144,0.26,0.3678571428571429,0.09392857142857143,14.576523814966377,0.1525083124389922,6.939494984849049,8.756052631578948,2.1441463414634145,7.486193021687162,1.0675675675675675,1,410000,61390,519172,7.14,BN,3.03,BN,0.03,0.02666666666666667,0.6,0,1.3333333333333333,1.175,6.39,13,2,26,11,160979.49599999998,300698.12799999997,28069.296000000002,45812.090000000004,906648.742,801.0519999999999,853.4,66091.362,5536.933999999999,568.8340000000001
Nov-2017,2017,11,Suisun Bay,0.14,NA,0.42,0.08333333333333333,0.07151966666666668,0.3333333333333333,0.1,15.47602856234596,8.969074612721974,17.673972586017765,8.685098039215687,1.8135714285714286,7.721263488884555,1,1,410000,61390,519172,7.14,BN,3.03,BN,3.185,2.685,0,7.970000000000001,NA,NA,10.08,3,1,10,3,39574.78,210035.51,94989.68,16927.156666666666,273553.64666666667,600.5733333333334,1201.1466666666668,265753.7,2402.2933333333335,150.14333333333335
Nov-2017,2017,11,Suisun Marsh,0.18,NA,0.4,0.08,0.3,0.5,0.10500000000000001,14.879473664133174,6.560639108494014,27.0371427481515,7.085,3.0475,7.465244957324376,1,1,410000,61390,519172,7.14,BN,3.03,BN,NA,NA,NA,NA,NA,NA,8.41,9,2,20,6,363154.685,1425241.6,222521.43,227719.39,39917.105,900.86,4954.7300000000005,644114.9,29728.379999999997,450.43
Dec-2017,2017,12,Confluence,0.17500000000000002,2.05,0.47833333333333333,0.08083333333333334,0.2094894,0.43333333333333335,0.08333333333333333,10.95677420341134,1.1390993224516142,18.0575182382582,9.604893617021277,1.2893454347826088,7.610544309719173,1,1,447200,66670,535905,7.14,BN,3.03,BN,0.19,0.15666666666666668,5.293333333333333,0,0.5,0.4,7.54,24,10,24,10,203609.597,71090.22,91264.091,59220.71800000001,585143.67,692.803,396.003,265398.231,5960.673,1099.2630000000001
Dec-2017,2017,12,North,0.14119663636363636,1.692,0.3012121212121212,0.09531424242424243,0.29068885714285714,0.4727272727272727,0.09696969696969697,9.735294120120717,0.2071553812947233,16.674274803405428,10.754678899082569,2.6279310344827587,7.740470437257918,1,1,447200,66670,535905,7.14,BN,3.03,BN,NA,NA,NA,NA,0,0,6.88,23,10,24,10,547749.55,1084879.17,96352.82,665033.8075,4068286.1625,2831.275,2809.8250000000003,222949.715,28559.42,1447.8225
Dec-2017,2017,12,SouthCentral,0.045549318181818184,1.2467205000000001,0.698729090909091,0.07136363636363637,0.32,0.38636363636363635,0.08272727272727273,9.965146357713785,0.2174933728733137,7.989066694694611,10.194782608695652,1.6492307692307693,7.60532914571719,1,1,447200,66670,535905,7.14,BN,3.03,BN,0.013333333333333334,0.013333333333333334,0.46,0,0.7777777777777778,1.2857142857142858,6.45,23,10,25,11,71596.252,482240.628,26907.366,37366.848,138409.312,365.484,1530.146,76961.63200000001,2717.972,363.34
Dec-2017,2017,12,Suisun Bay,0.17666666666666667,NA,0.4766666666666667,0.08333333333333333,0.056065333333333335,0.3,0.08333333333333333,11.955396822369286,9.134608672006484,23.801346139174246,9.031666666666666,1.4433333333333334,7.723976181886936,1,1,447200,66670,535905,7.14,BN,3.03,BN,5.494999999999999,4.3100000000000005,0,13.73,NA,NA,10.61,6,3,15,5,59134.085,159910.36,58386.64,30104.434999999998,48830.985,1126.065,900.84,168459.85,3941.26,450.425
Dec-2017,2017,12,Suisun Marsh,0.235,NA,0.52,0.08499999999999999,0.35,0.7,0.115,10.684642863954814,7.032483135525425,28.506666819254562,8.69590909090909,1.5875,7.579539645663693,1,1,447200,66670,535905,7.14,BN,3.03,BN,NA,NA,NA,NA,NA,NA,9.2,14,6,19,9,55303.795,330410.64,138725.215,39133.36,230212.04,450.43,750.72,393676.58999999997,5405.16,375.36
Jan-2018,2018,1,Confluence,0.18928571428571428,2.2,0.4564285714285714,0.06714285714285714,0.20833333333333334,0.44285714285714284,0.07357142857142858,10.519251066877251,0.974598352551862,18.818719249521088,9.89716129032258,1.4138095238095238,7.50680627872907,1,1,563600,70230,660132,7.14,BN,3.03,BN,0.12,0.1,3.463333333333333,0,NA,NA,6.27,16,4,25,15,269665.62272727274,305119.06636363635,59995.34272727273,298852.06,436427.9090909091,1064.6536363636365,2417.8936363636362,174384.5481818182,12347.834545454545,453.8427272727273
Jan-2018,2018,1,North,0.16722222222222222,1.904,0.4127777777777778,0.1527777777777778,0.43,0.6095586944444444,0.17722222222222223,10.539047605459912,0.23450505457309756,26.160583930128606,9.494179104477611,2.405,7.621154501480802,1,1,563600,70230,660132,7.14,BN,3.03,BN,NA,NA,NA,NA,NA,NA,6.27,19,14,23,18,3207780.8166666664,894139.7925,139747.74333333332,872090.3674999999,1101592.8433333333,5173.241666666666,4419.845,266028.4725,38440.700833333336,2485.4125
Jan-2018,2018,1,SouthCentral,0.056976187500000004,2.316666666666667,0.8834375,0.0971875,0.35,0.4375,0.1059375,10.570719350069314,0.25979042246165435,8.8216505371988,10.02796875,1.9091674324324324,7.687060439560202,1,1,563600,70230,660132,7.14,BN,3.03,BN,0.026666666666666665,0.026666666666666665,0.7866666666666667,0,0.9166666666666666,0.84,7.44,13,12,22,17,61444.054000000004,258010.838,19707.14,73617.61600000001,199643.612,366.768,1183.9479999999999,57556.8,3944.364,418.24399999999997
Jan-2018,2018,1,Suisun Bay,0.2,NA,0.46,0.08,0.036289,0.3333333333333333,0.08333333333333333,10.912884597044721,7.988379365236695,22.86750005960465,9.559642857142858,1.4314285714285715,7.658372059916359,1,1,563600,70230,660132,7.14,BN,3.03,BN,5.395,3.5700000000000003,0,13.495,NA,NA,9.97,0,0,13,4,107409.51333333335,610742.91,69055.32333333332,448276.1966666666,39352.566666666666,1025.9766666666667,5630.383333333332,191757.72666666665,19268.356666666667,300.2866666666667
Jan-2018,2018,1,Suisun Marsh,0.23,NA,0.73,0.095,0.6,0.85,0.155,10.477297297297296,3.3872972007462456,40.38695657149605,8.7732,1.645,7.427128104620114,1,1,563600,70230,660132,7.14,BN,3.03,BN,NA,NA,NA,NA,NA,NA,8.33,8,2,19,10,970359.195,515091.3,187713.07,1126278.41,NA,1930.41,7078.17,545662.56,42469.020000000004,NA
Feb-2018,2018,2,Confluence,0.1390909090909091,2.65,0.55,0.07,0.35555555555555557,0.4454545454545455,0.08454545454545455,11.4766348208278,0.41824206067141967,22.855448706176578,10.092479338842976,2.068947368421053,7.46111989189539,1,1,378900,60060,457052,7.14,BN,3.03,BN,0.18333333333333335,0.15333333333333335,4.153333333333333,0.04666666666666667,NA,NA,9.68,10,9,14,14,251050.3188888889,372038.50444444444,73607.67777777778,574026.6011111111,1000199.2888888889,1201.1455555555556,2771.3966666666665,214982.35555555555,21558.08777777778,648.5377777777778
Feb-2018,2018,2,North,0.18747282352941178,1.096,0.27058823529411763,0.11323529411764706,0.5285714285714286,0.5941176470588235,0.14558823529411766,11.275217383050725,0.29819568553263126,19.462619078967705,10.14698275862069,2.257857142857143,7.92172415708744,1,1,378900,60060,457052,7.14,BN,3.03,BN,NA,NA,NA,NA,NA,0,9.45,10,9,12,11,1236172.63625,1250748.6175,118904.30625,864148.23125,546338.92,3978.7962500000003,3788.44,248814.21625,36455.32875,2147.58875
Feb-2018,2018,2,SouthCentral,0.029601772727272727,2.216666666666667,0.8195454545454546,0.08090909090909092,0.41333333333333333,0.5181818181818182,0.09318181818181819,11.5157126634232,0.21368846502952643,9.250769222924998,10.272115384615384,1.9696668695652173,7.718675833109736,1,1,378900,60060,457052,7.14,BN,3.03,BN,0.04,0.03333333333333333,1.1433333333333333,0,0.6666666666666666,0.5882352941176471,10.28,9,9,14,9,590661.28,302707.516,22857.510000000002,79088.464,172156.25,495.95,913.2299999999999,64651.48,4121.701999999999,532.306
Feb-2018,2018,2,Suisun Bay,0.15333333333333332,NA,0.5533333333333333,0.08,0.116346,0.3333333333333333,0.08333333333333333,11.803653824145975,5.858352933579737,31.50487806738877,9.445555555555556,2.68,7.6869728152681525,1,1,378900,60060,457052,7.14,BN,3.03,BN,4.855,3.3400000000000003,0,12.145,NA,NA,13.17,1,1,6,3,70639.56999999999,263407.42333333334,86855.08333333333,388031,1563624.3333333333,1951.8666666666668,2502.3933333333334,249989.14333333334,20970.056666666667,450.4333333333334
Feb-2018,2018,2,Suisun Marsh,0.195,NA,0.69,0.07,0.5,0.8500000000000001,0.135,12.603548393249513,1.9630766179465975,50.906250286102285,8.288181818181817,4.9275,7.497128104620114,1,1,378900,60060,457052,7.14,BN,3.03,BN,NA,NA,NA,NA,NA,NA,12.17,6,3,11,3,458589.735,1676752.7,221667.99,2092834,404621.27,3346.05,7206.88,647460.37,44013.41,900.86
Mar-2018,2018,3,Confluence,0.15625,2.05,0.489375,0.06875,0.2642857142857143,0.4875,0.0775,12.299775933378372,0.3913607045370164,23.017758673519786,10.408442622950819,3.39,7.659268477897312,1,1,823300,112590,1015191,7.14,BN,3.03,BN,0.17333333333333334,0.15,4.346666666666667,0,NA,NA,8.26,8,3,18,6,478474.50222222216,404363.98666666663,65488.678888888884,343246.2511111111,2858265.3899999997,983.0422222222221,1467.6477777777777,178708.5077777778,17246.385555555556,1451.7866666666666
Mar-2018,2018,3,North,0.134273175,1.248,0.28375,0.1095,0.35714285714285715,0.6075,0.13725,12.727515524426925,0.27888427493515766,24.227462722878027,9.71940170940171,3.5064285714285712,7.933147820935456,1,1,823300,112590,1015191,7.14,BN,3.03,BN,NA,NA,NA,NA,NA,NA,8.56,10,3,16,7,537329.7658333334,328900.61333333334,112945.55083333334,737166.7275,688212.745,3013.59,1941.14,254077.28666666668,28044.619166666667,1442.4508333333333
Mar-2018,2018,3,SouthCentral,0.04350007142857143,2,0.8196428571428571,0.08779814285714285,0.45454545454545453,0.5785714285714285,0.11821428571428572,13.138841110806782,0.2066360751269009,19.872058794094936,9.919,3.369705882352941,7.677041570046942,1,1,823300,112590,1015191,7.14,BN,3.03,BN,0.0033333333333333335,0.0033333333333333335,0.05666666666666667,0,0,0.4090909090909091,9.7,8,2,17,9,750200.452,314439.75,21433.36,160025.774,362077.1,360.34000000000003,1044.9879999999998,58839.288,5495.206,471.44399999999996
Mar-2018,2018,3,Suisun Bay,0.13125,NA,0.4225,0.06,0.425,0.8,0.11624999999999999,12.762199908447268,4.2925629957998375,43.40434772242671,10.563461538461539,3.1750000000000003,7.76819557953987,1,1,823300,112590,1015191,7.14,BN,3.03,BN,4.025,2.8899999999999997,0,10.065000000000001,NA,NA,13.29,0,0,4,1,1116513.49,571081.8766666667,81958.62999999999,326126.85333333333,6200207.06,550.5266666666666,2218.7866666666664,225048.33,21770.8,1668.2600000000002
Mar-2018,2018,3,Suisun Marsh,0.17200000000000001,NA,1.146,0.1169912,0.5,1.2,0.238,12.317837837837837,1.547885718869874,56.89523775009882,9.2764,4.96,7.790153841386583,1,1,823300,112590,1015191,7.14,BN,3.03,BN,NA,NA,NA,NA,NA,NA,10.71,5,2,11,3,NA,NA,218698.425,1710198.5,NA,NA,NA,602674.76,53794.149999999994,NA
Apr-2018,2018,4,Confluence,0.08214285714285714,1.1,0.22857142857142856,0.05142857142857143,0.1892395,0.34285714285714286,0.05785714285714286,15.591798499026519,0.07913182841899484,22.33895998806287,9.2825,2.0833333333333335,7.532058163877911,1,1,1065600,214350,1376252,7.14,BN,3.03,BN,0.33999999999999997,0.27,6.8,0,NA,0,11.91,0,0,4,1,19288.515714285713,10456.432857142858,86509.80142857143,9867.970000000001,4143.581428571429,249.16285714285715,65.71000000000001,238735.99,1932.6885714285713,54.75857142857143
Apr-2018,2018,4,North,0.08309083783783784,0.96099016,0.1945945945945946,0.10621621621621621,0.2835029,0.4945945945945946,0.14081081081081082,17.05211609010897,0.23274041183254948,25.541555585197727,8.426575342465753,3.7661818181818183,7.772415733015904,1,1,1065600,214350,1376252,7.14,BN,3.03,BN,NA,NA,NA,NA,NA,NA,10.89,2,1,7,3,2379297.5275,2077364.48,215384.71250000002,924868.6275000001,3624682.395,10313.862500000001,3646.335,504634.8625,49829.3975,2782.135
Apr-2018,2018,4,SouthCentral,0.059130434782608696,1.8833333333333333,0.4160869565217391,0.09565217391304348,0.3125,0.6,0.11826086956521739,16.649666696018937,0.13078314634791102,23.46387494390535,8.946744186046512,3.3389285714285712,7.561476298303334,1,1,1065600,214350,1376252,7.14,BN,3.03,BN,0.06666666666666667,0.06666666666666667,0.9400000000000001,0,0.6666666666666666,0.5882352941176471,11.22,2,1,9,3,8209.538,177921.624,100263.94200000001,38373.276,12591.492,90.086,636.326,284338.284,3849.692,45.042
Apr-2018,2018,4,Suisun Bay,0.06714285714285714,NA,0.2442857142857143,0.045714285714285714,0.17933542857142856,0.37142857142857144,0.08,15.42481478655779,0.6885635069624383,36.29565207439921,9.472222222222221,2.113,7.673704536181381,1,1,1065600,214350,1376252,7.14,BN,3.03,BN,5.045,3.535,0,12.610000000000001,NA,NA,15.07,0,0,2,1,16419.074,NA,155941.80800000002,35063.526,57988.35,180.172,NA,430555.29800000007,2386.2560000000003,679.568
Apr-2018,2018,4,Suisun Marsh,0.13999999999999999,NA,1.035,0.15,0.65,1.05,0.28500000000000003,16.618181922219026,0.7883429885839388,55.24545454545454,7.55,3.49,7.514280839205794,1,1,1065600,214350,1376252,7.14,BN,3.03,BN,NA,NA,NA,NA,NA,NA,12.29,0,0,4,1,184162.79,NA,419050.41000000003,52177.81,890455.925,919.94,NA,1155384.8800000001,7206.88,3679.76
May-2018,2018,5,Confluence,0.075,2,0.29857142857142854,0.06785714285714287,0.24545454545454545,0.38571428571428573,0.08214285714285714,18.331897844908536,0.18604054598272368,35.52707951555175,9.082530120481927,3.2895,7.858686545313586,1,1,335980,160610,548594,7.14,BN,3.03,BN,6.036354054054054,0.9713513513513513,14.825405405405405,0.011081081081081082,NA,NA,14.26,0,0,0,0,73406.94875,17699.5925,106361.8625,6330.64625,983104.09125,373.71000000000004,142.29,290544.31625000003,422.22125,635.4512500000001
May-2018,2018,5,North,0.17776912820512822,0.5,0.1382051282051282,0.13333333333333333,0.3,0.5358974358974359,0.14794871794871794,19.68783580951933,0.23651500750731583,22.473500004264185,8.263510638297872,3.502727272727273,7.900311020443307,1,1,335980,160610,548594,7.14,BN,3.03,BN,1.5863346532907048,1.18,16.394178230092827,0,NA,0,14.9,0,0,1,1,1403521.4033333333,576762.9575,204339.65916666665,1085705.085,1320308.0091666665,7742.76,4230.281666666667,427687.00333333336,54713.04,2214.096666666667
May-2018,2018,5,SouthCentral,0.026451,0.9589518333333333,0.300031,0.08666666666666667,0.23086405882352942,0.37916666666666665,0.09583333333333334,18.710784946189147,0.12191127259438955,15.23329115848789,9.049827586206897,2.2657894736842104,7.656457493694247,1,1,335980,160610,548594,7.14,BN,3.03,BN,7.0417475000000005,1.37875,24.04975,0,0,0.4090909090909091,12.7,0,0,3,1,838001.948,76690.61799999999,698215.496,6208.38,34930.270000000004,445.072,356.616,176838.968,1172.14,170.85999999999999
May-2018,2018,5,Suisun Bay,0.048,NA,0.344,0.07400000000000001,0.194451,0.38,0.10200000000000001,17.62352938932531,3.75114129223103,51.50500017339534,9.133333333333333,6.647,7.852363234642475,1,1,335980,160610,548594,7.14,BN,3.03,BN,4.317187734400851,1.3011764705882352,1.5483561097254184,3.761276134327099,NA,NA,16.33,0,0,0,0,15932.1425,209490.05,118884.82250000001,15818.445,2025498.265,143.74,328.55,326890.57,780.3050000000001,952.7950000000001
May-2018,2018,5,Suisun Marsh,0.0575,NA,0.8,0.2,0.725,0.95,0.32,18.49000003317128,1.427193034633672,67.41818126331677,8.285,11.66,7.7726730247057425,1,1,335980,160610,548594,7.14,BN,3.03,BN,12.867014285714287,3.052857142857143,20.055714285714284,5.292857142857143,NA,NA,14.94,0,0,0,0,NA,NA,289284.335,NA,14475255.9,NA,NA,791148.3999999999,NA,1839.88
Jun-2018,2018,6,Confluence,0.055487,2.7,0.32,0.080625,0.225,0.36875,0.093125,21.224242759207744,0.5670315512459231,24.51188318074624,8.073689320388349,2.4234999999999998,7.5622307917864395,1.511111111111111,2,361900,44748,444915,7.14,BN,3.03,BN,1.05,0.7466666666666666,9.01,0,NA,NA,12.67,0,0,1,1,129724.73222222223,46132.48,133966.86555555556,39494.38333333333,122300.96333333332,711.661111111111,136.89555555555555,359373.17888888885,5688.8711111111115,343.1711111111111
Jun-2018,2018,6,North,0.13333997142857143,0.5514422,0.16342857142857142,0.12457142857142857,0.25,0.4542857142857143,0.13857142857142857,22.145197365901712,0.17427958869266133,26.335954204008292,7.805865384615385,2.3953846153846152,7.943627637541095,1,1,361900,44748,444915,7.14,BN,3.03,BN,1.042344925811783,NA,11.620503646170276,NA,NA,NA,12.66,0,0,2,1,683755.855,408346.62,249333.0225,1274089.8699999999,553213.865,3428.1299999999997,3009.1225,545054.5,65625.6875,1459.775
Jun-2018,2018,6,SouthCentral,0.03224858333333333,1.1857392222222223,0.20721333333333333,0.08416666666666667,0.3,0.38333333333333336,0.0925,22.90601847264169,0.16714523592796035,13.38894233108703,8.544117647058824,7.993333333333333,7.594026235393777,1.837837837837838,2,361900,44748,444915,7.14,BN,3.03,BN,0.11333333333333334,0.10666666666666667,0.7666666666666666,0,0.3333333333333333,0.75,12.17,0,0,3,2,85605.45,47613.764,173131.454,21498.447999999997,74659.49799999999,243.686,141.12800000000001,154700.548,2101.6420000000003,296.2
Jun-2018,2018,6,Suisun Bay,0.056,NA,0.426,0.09,0.26,0.44,0.116,20.069122807017546,7.183261545147788,51.673913142992106,8.483846153846153,2.7875,7.821376487544763,1,1,361900,44748,444915,7.14,BN,3.03,BN,3.9499999999999997,3.0549999999999997,0,9.875,NA,NA,17.11,0,0,0,0,72646.34,NA,103187.84333333334,12140.513333333334,NA,166.82666666666668,NA,281426.42,2731.4666666666667,NA
Jun-2018,2018,6,Suisun Marsh,0.060000000000000005,NA,1.115,0.29000000000000004,0.525,0.775,0.3375,21.31285718645368,3.5801927309248747,55.287499999999994,7.580869565217391,3.01,7.809884880917305,1,1,361900,44748,444915,7.14,BN,3.03,BN,NA,NA,NA,NA,NA,NA,14.29,0,0,1,1,NA,71676.925,262447.54500000004,16350.61,242655.65,NA,450.43,744110.36,3603.44,900.86
Jul-2018,2018,7,Confluence,0.06333333333333334,1.85,0.32916666666666666,0.07916666666666666,0.14255833333333334,0.3,0.08833333333333333,22.324367807415445,0.6274440042112985,18.554333426956337,8.180672268907562,4.551304347826087,7.7040675202064435,2.5319148936170213,3,475400,17437,520230,7.14,BN,3.03,BN,1.448917230224225,0.8760515604661002,10.957184377838372,0.0472910488747926,0,0,14.32,0,0,0,0,302073.57166666666,51804.76499999999,204695.34083333332,26999.31625,265965.4791666667,676.7012500000001,136.16,248971.76875000002,2179.882916666667,779.6304166666667
Jul-2018,2018,7,North,0.10580663636363637,0.48042052,0.09913736363636363,0.15106060606060606,0.36645628571428573,0.40093939393939393,0.16672727272727272,23.075467606720295,0.1494479462677541,18.030769248907355,7.71625,2.4442857142857144,7.651769448397865,1,1,475400,17437,520230,7.14,BN,3.03,BN,NA,NA,NA,NA,NA,NA,12.55,0,0,0,0,401026.5225,219573.0575,295378.799375,590130.22875,387923.62749999994,1675.2425,993.8675,375569.29875,16307.032500000001,604.6681249999999
Jul-2018,2018,7,SouthCentral,0.02121375,1.6278604166666668,0.19275133333333333,0.08666666666666667,0.18,0.325,0.0925,25.123831768625603,0.17969411402886346,9.727789525346392,7.357352941176471,9.04390243902439,7.648171986560971,3.168831168831169,3,475400,17437,520230,7.14,BN,3.03,BN,0.03333333333333333,0.03,0.17333333333333334,0,0.9523809523809523,0.8181818181818182,12.56,0,0,2,1,96000.548,130361.018,688932.8359999999,27917.667999999998,29172.55,330.192,275.982,138378.85,4344.512000000001,235.814
Jul-2018,2018,7,Suisun Bay,0.05333333333333334,NA,0.45,0.10333333333333333,0.1,0.26666666666666666,0.10666666666666666,21.082500000000003,8.000739636829588,51.091666539510086,8.087407407407408,2.5663636363636364,7.866121492167691,1.3333333333333333,1,475400,17437,520230,7.14,BN,3.03,BN,2.6453863313713635,1.8657130239951563,0,6.615465828428406,NA,NA,18.67,0,0,0,0,34598.11,126632.80666666666,73283.57,4365.31,8948.836666666666,379.6566666666667,306.6466666666667,200356.6466666667,474.57,73.01
Jul-2018,2018,7,Suisun Marsh,0.035,NA,0.54,0.135,0.25,0.4,0.14500000000000002,21.87634147271877,5.2008072161144945,42.57142850330898,7.2775,3.435,7.804280839205794,1.25,1,475400,17437,520230,7.14,BN,3.03,BN,2.5259066936446075,0.48509227602162003,5.50340856641125,4.668857569716024,NA,NA,15.51,0,0,0,0,NA,NA,120149.23000000001,13049.130000000001,NA,NA,NA,339311.99,2787.37,NA
Aug-2018,2018,8,Confluence,0.08166666666666667,3.725,0.24675,0.07375,0.15371374999999998,0.23341666666666666,0.0825,21.418809894354165,0.8765357675684288,17.096802667070694,7.994545454545454,3.308122060775757,7.695219766183372,2.276595744680851,2,572800,17097,614534,7.14,BN,3.03,BN,1.6033333333333333,1.1300000000000001,13.646666666666667,0,1,0,12.43,0,0,0,0,3649359.0290833334,15798.771666666667,141712.57433333332,20544.559166666666,24849.324444444446,1358.2537916666668,124.37583333333333,259984.44850000003,2478.3386666666665,171.9259722222222
Aug-2018,2018,8,North,0.10042932352941177,0.46158736,0.09228908823529412,0.15964705882352942,0.43666666666666665,0.42758823529411766,0.17329411764705882,22.074084486108983,0.15524853220012144,15.330347837022979,7.8395283018867925,2.356585337359731,7.828154337034761,1.0333333333333334,1,572800,17097,614534,7.14,BN,3.03,BN,1.2480582559011824,NA,16.009269893992222,NA,0,0,11.75,0,0,1,1,181205.2696875,534076.395,510649.3186666667,454887.98325,372391.17575,929.4366666666666,2338.846875,334026.96808333334,15737.0095,1035.4009166666667
Aug-2018,2018,8,SouthCentral,0.023095214285714285,1.8770250666666666,0.09423064285714286,0.08007142857142857,0.13666666666666666,0.40885714285714286,0.09721428571428571,24.135641320869567,0.23075313960414837,9.61102274465909,7.791538461538462,8.621212121212121,7.732225711916563,2.3815789473684212,2,572800,17097,614534,7.14,BN,3.03,BN,0.12333333333333334,0.11666666666666665,0.6666666666666666,0,0.972972972972973,1.2702702702702702,11.97,0,0,6,3,1878510.1520000002,68040.754,230439.28199999998,47232.612,86842.988,620.536,390.256,171780.644,2406.714,277.648
Aug-2018,2018,8,Suisun Bay,0.05333333333333334,NA,0.362,0.10033333333333333,0.124753,0.29000000000000004,0.108,20.247550965912485,8.893843715631645,38.48648644524652,7.761666666666667,2.7279999999999998,7.864396114997031,1.4,1,572800,17097,614534,7.14,BN,3.03,BN,1.6904863912208343,2.2600000000000002,2.5785949991574317,5.451532944474845,NA,NA,16.73,0,0,0,0,NA,NA,95979.76000000001,2404.57,NA,NA,NA,265560.23666666663,127.76666666666667,NA
Aug-2018,2018,8,Suisun Marsh,0.0615,NA,0.315,0.11000000000000001,0.3,0.44999999999999996,0.127,20.891463330896887,4.253627027505225,40.307407428600165,7.425428571428571,2.6475,7.808160530437833,1.25,1,572800,17097,614534,7.14,BN,3.03,BN,NA,NA,NA,NA,NA,NA,14.19,0,0,0,0,69861.625,NA,210308.85499999998,NA,3399827.625,766.615,NA,584972.885,NA,900.86
Sep-2018,2018,9,Confluence,0.0664375,0.8,0.2268125,0.0790625,0.13789292857142857,0.26775,0.0886875,20.264836478024396,0.9077654694896767,10.557122307829868,8.120265486725664,1.8038461538461539,7.718260355683021,2.0392156862745097,2,506300,29999,568989,7.14,BN,3.03,BN,1.346567420106218,0.7826236065122911,12.70503338767852,0.060958312263457826,NA,NA,13.08,0,0,2,1,38414.484375,123214.73840277777,72331.35208333333,13339.666875,250890.985,236.29520833333333,440.33520833333336,188732.22624999998,1715.1579166666668,561.8280555555556
Sep-2018,2018,9,North,0.10515079411764706,0.22651268,0.06233161764705882,0.10964705882352942,0.24893200000000001,0.3720588235294118,0.12382352941176471,20.48650000806937,0.20820393767168696,11.885378163892474,7.712058823529412,2.7426,7.715327848671718,1.032258064516129,1,506300,29999,568989,7.14,BN,3.03,BN,NA,NA,NA,NA,NA,NA,10.5,2,1,9,4,439066.9895833333,414910.42541666667,81522.52322916666,134768.12802083333,379932.3375,1506.1936458333334,955.8784374999999,219464.67708333334,4956.262708333334,827.7358333333333
Sep-2018,2018,9,SouthCentral,0.02075825,2.0432464,0.15935766666666665,0.0935,0.184,0.35,0.11166666666666666,21.857807653295648,0.2910287865849256,6.672638914758165,8.25462962962963,8.789166666666667,7.727902091459504,2.1666666666666665,2,506300,29999,568989,7.14,BN,3.03,BN,0.05666666666666667,0.05333333333333334,0.41333333333333333,0,0.625,1,9.91,0,0,7,2,68937.076,67442.328,107422.74799999999,70046.228,34342.31,689.414,178.31799999999998,121501.624,6085.255999999999,192.09
Sep-2018,2018,9,Suisun Bay,0.04932325,NA,0.31025,0.0955,0.09199675,0.2425,0.10775,19.259166666666665,9.775455772151869,31.2796611042346,8.091794871794871,2.5316666666666667,7.809287868496223,1.0344827586206897,1,506300,29999,568989,7.14,BN,3.03,BN,2.0262881900195793,1.5062868833385672,0.00183869110588455,5.060280568201865,NA,NA,16.06,0,0,0,0,120512.14,565780.74,71305.15666666666,10997.169999999998,281906.9733333333,306.6466666666667,1324.1499999999999,183973.44333333336,906,139.38333333333333
Sep-2018,2018,9,Suisun Marsh,0.07233333333333333,NA,0.7733333333333334,0.28200000000000003,0.38,0.6,0.317,19.90571434020996,5.634247081022417,39.357142530168794,7.67375,6.55,7.724472130886207,1,1,506300,29999,568989,7.14,BN,3.03,BN,2.0767910339322837,0.3485453858930577,3.9232153976517945,4.224746141474929,NA,NA,12.66,0,0,3,1,NA,572531.23,65191.5,2340.92,NA,NA,328.55,182682.55,328.55,NA
Oct-2018,2018,10,Confluence,0.07805882352941176,0.9500000000000001,0.30476470588235294,0.08211764705882353,0.0886594,0.2576470588235294,0.0888235294117647,18.309743119279542,1.4924722521298854,10.358894744746374,8.593859649122807,1.5467560196078431,7.805692509101758,2.1132075471698113,2,346190,58510,429305,10.34,W,4.94,W,4.760827027027027,1.094054054054054,14.43108108108108,0.07594594594594595,0.5,0,11.79,2,1,5,2,170629.04166666666,57645.30777777778,39171.39979166666,29346.323263888888,151549.94208333333,235.99791666666667,278.8570138888889,87786.42541666667,2118.788541666667,198.71729166666668
Oct-2018,2018,10,North,0.12210927027027027,0.57140172,0.21108332432432433,0.17763664864864864,0.4216666666666667,0.4834864864864865,0.19905405405405405,18.124432992628865,0.14643837251485228,13.97425804740451,8.248896103896104,1.9075870806451614,7.801538678432996,1.037037037037037,1,346190,58510,429305,10.34,W,4.94,W,1.6460106599925282,0.435,17.9774436592452,0,0.5,0,9.79,7,5,14,6,81187.71925,227305.20095833333,83176.58194444445,108777.46802083333,1120812.9575520833,555.13325,1122.5921250000001,214788.6872777778,6249.339930555556,861.0055729166667
Oct-2018,2018,10,SouthCentral,0.029784214285714285,2.2833824615384617,0.35885685714285714,0.093,0.182,0.34285714285714286,0.10385714285714286,18.660354834623657,0.26157636673734946,7.089874990525,8.203970588235293,2.196471942857143,7.67999247796331,1.8405797101449275,2,346190,58510,429305,10.34,W,4.94,W,9.3438025,1.95,29.055,0,0.45161290322580644,1.21875,9.57,6,4,17,6,12761.748000000001,234054.042,72181.22,22953.806,89112.394,228.9,645.192,47503.884000000005,2459.25,251.91
Oct-2018,2018,10,Suisun Bay,0.0925,NA,0.3375,0.0885,0.0109085,0.20525,0.0995,18.107387401134044,11.473094230056226,18.11610527118884,8.388955223880597,2.931025641025641,7.841238113767232,1.025,1,346190,58510,429305,10.34,W,4.94,W,6.026397168797985,2.108235294117647,2.6331974535087252,5.347336425494656,NA,NA,13.71,0,0,0,0,NA,126486.68666666665,50322.823333333334,72185.65333333334,NA,NA,422.22,132675.18,4739.003333333334,NA
Oct-2018,2018,10,Suisun Marsh,0.16333333333333333,NA,0.38333333333333336,0.13866666666666666,1,0.8216666666666667,0.22133333333333333,18.173272741144352,7.689208629936549,22.00135138743632,7.634807692307692,4.075555555555556,7.680344952832939,1,1,346190,58510,429305,10.34,W,4.94,W,31.223328571428574,6.731428571428571,35.30428571428571,13.635714285714286,NA,NA,10.8,3,1,14,5,NA,NA,53816.535,31212.85,NA,NA,NA,145513.55,1581.15,NA
Nov-2018,2018,11,Confluence,0.13976923076923078,1,0.4563846153846154,0.08415384615384615,0.10530872727272728,0.3153846153846154,0.08723076923076924,14.994012382227556,2.2200970802457967,8.221400022920383,9.052627118644068,1.4248275862068966,7.549912094427116,1.3478260869565217,1,288350,46920,351700,10.34,W,4.94,W,0.7766666666666667,0.61,11.713333333333333,0.04,0,1,7.41,15,10,21,13,109206.68999999999,29143.902727272725,32371.699090909093,19736.844545454547,234408.92636363636,68.41454545454546,109.37636363636362,78822.76,2150.8154545454545,172.23090909090908
Nov-2018,2018,11,North,0.15948045833333332,1.5440492307692308,0.3826495833333333,0.17723291666666666,0.3209090909090909,0.4499166666666667,0.20795833333333333,13.851037051162066,0.17631482612351032,11.12976189486026,8.780092592592593,2.1375757575757577,7.819506795819216,1,1,288350,46920,351700,10.34,W,4.94,W,NA,NA,NA,NA,0.16666666666666666,0,7.38,18,9,24,13,31467.24625,370592.87,75618.65166666667,55387.864375,1115556.9068749999,163.2475,516.5425,204547.6575,2111.84625,502.324375
Nov-2018,2018,11,SouthCentral,0.05489036363636364,2.8538667,0.6335104545454545,0.08043036363636363,0.20800000000000002,0.31972727272727275,0.09072727272727273,14.34124135636664,0.23159109059890623,5.743888899588097,9.13404761904762,2.598603333333333,7.7512767981096715,1.2608695652173914,1,288350,46920,351700,10.34,W,4.94,W,0.016666666666666666,0.016666666666666666,0.29,0,0.15789473684210525,1.25,7.83,16,12,22,12,43517.482,38467.056,20701.129999999997,10585.272,2537793.146,31.122000000000003,132.53400000000002,54546.08,1252.9180000000001,2444.684
Nov-2018,2018,11,Suisun Bay,0.125,NA,0.385,0.07305425,0.0772685,0.3185,0.085,15.412307719206199,12.762701096901282,11.112112764976397,8.341785714285715,2.9021875,7.880675616322049,1,1,288350,46920,351700,10.34,W,4.94,W,3.495,2.94,0,8.75,NA,NA,9.36,3,1,17,7,NA,88817.38666666667,17811.45,12144.163333333336,NA,NA,411.3733333333333,46328.06,1436.8433333333335,NA
Nov-2018,2018,11,Suisun Marsh,0.201,NA,0.4295,0.0885,0.4,0.625,0.127,14.671666648501441,7.1548015986489535,17.59259247532597,7.461025641025641,4.675833333333333,7.661942552310411,1,1,288350,46920,351700,10.34,W,4.94,W,NA,NA,NA,NA,NA,NA,8.09,17,8,23,10,NA,NA,50003.729999999996,50565.93000000001,251408.995,NA,NA,137139.27000000002,5687.765,107.315
Dec-2018,2018,12,Confluence,0.1704375,2.165,0.5415625,0.08125,0.26571428571428574,0.4170625,0.0900625,11.403088374651473,1.4421382671378549,13.63327161365955,9.061652892561984,0.9027777777777778,7.697837673252701,1,1,467900,42930,527161,10.34,W,4.94,W,0.8833333333333333,0.48,25.2,0,0,0,7.82,14,7,20,18,48480.01,27861.618,119653.951,13841.903999999999,305944.93600000005,136.828,33.388,328669.987,884.174,584.874
Dec-2018,2018,12,North,0.20374290625,1.60076,0.350484125,0.1314615625,0.4357142857142857,0.5698125,0.15503125,10.831885497640759,0.21420328344673284,21.291308357356773,8.62945054945055,1.723529411764706,7.468863843867049,1,1,467900,42930,527161,10.34,W,4.94,W,NA,NA,NA,NA,0.3333333333333333,0,7.74,16,5,21,12,94114.035,209558.77,154990.135,271081.32,1010069.7549999999,1034.93,536.63,310643.13,2140.7625,1333.8975
Dec-2018,2018,12,SouthCentral,0.1007049090909091,3.0477777777777777,0.5879323636363637,0.07799518181818182,0.28400000000000003,0.43745454545454543,0.09036363636363637,11.226950607892162,0.29218013231897677,6.96272721963466,8.955416666666666,1.428468052631579,7.607795158342296,1.0263157894736843,1,467900,42930,527161,10.34,W,4.94,W,0.03666666666666667,0.03666666666666667,0.9966666666666667,0,0.13043478260869565,1.0869565217391304,8.19,15,5,22,10,45825.784,237375.57,19836.536,33357.009999999995,31447.876,55.236000000000004,423.17600000000004,50971.256,3395.2879999999996,102.96
Dec-2018,2018,12,Suisun Bay,0.11688516666666666,NA,0.44466666666666665,0.07433333333333333,0.08895866666666666,0.30816666666666664,0.09433333333333334,11.810769242506758,10.895529906383386,23.831730802242568,8.588076923076922,1.5085714285714287,7.629771538603981,1,1,467900,42930,527161,10.34,W,4.94,W,3.84,3.09,0,9.605,NA,NA,11.29,0,0,9,4,NA,NA,42425.70666666667,8453.269999999999,NA,NA,NA,117019.92,677.07,NA
Dec-2018,2018,12,Suisun Marsh,0.2155,NA,0.5375,0.07899999999999999,0.21000000000000002,0.5905,0.11499999999999999,11.482068965517238,4.774132987503466,34.13124995231628,8.48304347826087,2.9299999999999997,7.442672792415329,1,1,467900,42930,527161,10.34,W,4.94,W,NA,NA,NA,NA,NA,NA,9.85,9,2,19,10,NA,NA,130652.465,16645.46,NA,NA,NA,336308.97,3155.11,NA
Jan-2019,2019,1,Confluence,0.2193,2.4,1.1107,0.0813,0.38875,0.5495,0.1032,9.81293303746804,0.6648479508390743,39.1750476006624,9.462162162162162,1.4633333333333334,7.56770414800466,1,1,978900,47450,1133577,10.34,W,4.94,W,0.37666666666666665,0.27666666666666667,9.323333333333334,0.03333333333333333,0,0,8.44,15,6,19,9,261827.48333333334,61471.05888888889,114613.3711111111,46586.70222222222,1283743.621111111,314.79555555555555,200.32444444444445,313768.97222222225,4100.69,843.0322222222222
Jan-2019,2019,1,North,0.13090264285714287,2.8685714285714288,0.5607142857142857,0.1678117142857143,0.41428571428571426,0.8094285714285714,0.25292857142857145,10.203492306185545,0.21430179976295313,67.12051731094658,8.754117647058823,6.524705882352941,7.6290817346674045,1,1,978900,47450,1133577,10.34,W,4.94,W,NA,NA,NA,NA,0,0,8.25,18,9,20,9,2670409.0949999997,576413.6599999999,613140.8775000001,151789.5075,2907152.6550000003,1183.1675,1674.14,1103510.29875,10776.22,4255.715
Jan-2019,2019,1,SouthCentral,0.1112796,6.24,1.05,0.1102,0.55,0.6525,0.1283,10.082761931957249,0.303166088628329,15.666082472972994,9.61377049180328,1.32298712,7.679562198696198,1,1,978900,47450,1133577,10.34,W,4.94,W,0.023333333333333334,0.023333333333333334,0.7033333333333334,0,0.13793103448275862,0.5862068965517241,9.43,16,9,19,9,350467.97400000005,116615.11799999999,58949.454000000005,17658.412,224515.234,438.20799999999997,157.756,157565.91400000002,1792.92,1044.19
Jan-2019,2019,1,Suisun Bay,0.20433333333333334,NA,0.5433333333333333,0.08966666666666666,0.13842633333333335,0.36,0.09133333333333334,10.511785717691696,6.0965344733601,57.34897970861318,9.3228,0.8133333333333334,7.47622326571446,1,1,978900,47450,1133577,10.34,W,4.94,W,1.87,1.605,0,4.675,NA,NA,11.52,0,0,9,4,160825.11666666667,57809.34333333333,61188.556666666664,32192.890000000003,NA,166.93666666666667,107.31666666666666,168686.91666666666,2579.93,NA
Jan-2019,2019,1,Suisun Marsh,0.2215,NA,0.6950000000000001,0.096,0.28500000000000003,0.65,0.155,10.425526310770138,1.4146232029445491,67.15599948120116,8.358076923076924,1.235,7.774280839205794,1,1,978900,47450,1133577,10.34,W,4.94,W,NA,NA,NA,NA,NA,NA,10.4,4,2,16,5,NA,NA,360385.67500000005,27508.05,164250.52,NA,NA,693222.74,7662.41,450.73
Feb-2019,2019,2,Confluence,0.102625,1.6,0.449625,0.0695,0.2885714285714286,0.5277499999999999,0.105875,9.67564371370253,0.08562930989904492,60.895789532547305,9.777857142857142,1.879375,7.491928704437526,1,1,1548100,242320,2407685,10.34,W,4.94,W,0.39,0.2833333333333333,9.986666666666666,0,0,0,11.86,4,2,7,3,50097.38,NA,130267.09,8352.042857142857,72755.08428571429,225.3657142857143,NA,341271.76714285713,2232.9514285714286,482.9257142857142
Feb-2019,2019,2,North,0.06762911764705883,2.2928571428571427,0.42164705882352943,0.11076405882352941,0.28,0.6529411764705882,0.21229411764705883,9.712857130003396,0.1608534605109551,104.50650940970341,9.645520833333334,3.60875,7.842083661053878,1,1,1548100,242320,2407685,10.34,W,4.94,W,NA,NA,NA,NA,0,0,11.41,5,2,9,4,5788366.4725,81247.655,251055.30166666667,88032.7225,2479345.0908333333,14433.31875,627.8025,686194.37,11752.92,2620.6341666666667
Feb-2019,2019,2,SouthCentral,0.0729409,3.2333333333333334,0.894,0.2008123,0.504,0.703,0.1847,10.353904777738094,0.16624162066651438,24.805949314484984,9.624791666666667,1.62351405,7.584717763831043,1,1,1548100,242320,2407685,10.34,W,4.94,W,0.01,0.01,0.25666666666666665,0,0.20833333333333334,0.625,12.55,4,2,7,3,3277753.2959999996,71449.92199999999,77624.174,6397.178,2608766.044,419.99800000000005,239.01999999999998,213555.688,1781.944,2080.672
Feb-2019,2019,2,Suisun Bay,0.08,NA,0.44,0.07366666666666666,0.3333333333333333,0.609,0.162,9.76763631508567,0.36964298945405827,94.92045473618941,9.900689655172414,1.92,7.667895833701252,1,1,1548100,242320,2407685,10.34,W,4.94,W,1.1700000000000002,0.99,0,2.925,NA,NA,14.33,0,0,0,0,NA,NA,225725.40666666665,18851.506666666668,323127.0366666666,NA,NA,620504.4733333333,3705.9966666666664,1602.5933333333335
Feb-2019,2019,2,Suisun Marsh,0.09633333333333334,NA,0.6706666666666667,0.177,0.6333333333333333,0.9666666666666667,0.29833333333333334,9.559999981541788,0.4474702665320701,115.47894720780222,9.249545454545455,2.9366666666666665,7.498160530437834,1,1,1548100,242320,2407685,10.34,W,4.94,W,NA,NA,NA,NA,NA,NA,12.94,2,1,5,3,NA,NA,378721.375,9708.725,NA,NA,NA,840160.72,2704.38,NA
Mar-2019,2019,3,Confluence,0.04454961538461538,1.3,0.2882727272727273,0.06227268181818182,0.18193592307692308,0.33231818181818185,0.0785,12.206107678658082,0.08441219592751349,49.98670279408741,9.663684210526316,4.398,7.571591803716316,1,1,2167400,496300,3939117,10.34,W,4.94,W,0.7533333333333334,0.43333333333333335,18.87,0.049999999999999996,0,0,9.6,5,4,12,4,430563.3428571429,208455.44142857142,102440.49714285714,16254.792857142858,314071.6142857143,296.3828571428571,252.95999999999998,267807.1542857143,4527.797142857143,597.7714285714285
Mar-2019,2019,3,North,0.04856505,1.8285714285714285,0.2681956842105263,0.08450157894736843,0.23750000000000002,0.47057894736842104,0.1311578947368421,13.040675673132935,0.15390473326845705,53.04120963430975,9.86785046728972,8.591052631578947,7.8254942521415485,1,1,2167400,496300,3939117,10.34,W,4.94,W,NA,NA,NA,NA,NA,NA,10.13,7,4,12,4,2667670.98625,166286.4725,155179.94333333333,37784.81333333333,1596386.2000000002,6017.78375,583.5325,376160.60750000004,6389.864166666666,833.8199999999999
Mar-2019,2019,3,SouthCentral,0.0278622,1.9525000000000001,0.5927,0.0776361,0.41333333333333333,0.46849999999999997,0.0781,12.715427173390927,0.1112300813661484,14.359795904234533,9.729491525423729,1.75890092,7.504057200420973,1,1,2167400,496300,3939117,10.34,W,4.94,W,0.19666666666666666,0.18000000000000002,4.476666666666667,0,0.1724137931034483,0.4482758620689655,10.39,8,4,15,6,68700.96599999999,307866.332,49919.86,19650.238,153794.444,357.562,291.54200000000003,105732.308,2713.264,417.15
Mar-2019,2019,3,Suisun Bay,0.061677875,NA,0.36887446153846154,0.09610657692307692,0.38375,0.4514230769230769,0.1266923076923077,12.518103412102002,0.0945976189493405,74.1553191042961,9.594444444444445,3.292222222222222,7.64981407591083,1,1,2167400,496300,3939117,10.34,W,4.94,W,0.6299999999999999,0.5800000000000001,0,1.575,NA,NA,12.66,0,0,5,1,27628.685999999998,NA,120367.54,13042.304,99401.562,400.648,NA,314268.452,3685.964,470.762
Mar-2019,2019,3,Suisun Marsh,0.0895,NA,0.406275,0.101025,0.425,0.809225,0.210375,13.196764722711901,0.3505410534630153,103.12173879872198,8.321363636363637,3.005,7.380153841386583,1,1,2167400,496300,3939117,10.34,W,4.94,W,NA,NA,NA,NA,NA,NA,11.66,1,1,9,2,NA,NA,234029.32,64724.83,NA,NA,NA,639907.82,18029.2,NA
Apr-2019,2019,4,Confluence,0.03874958333333333,0.7,0.16485714285714287,0.04788947619047619,0.16008236363636363,0.3017142857142857,0.07119047619047619,15.582540897334383,0.07722086101090289,19.06037598789522,9.4663,1.8472340425531915,7.675984717984613,1,1,1910100,356310,2709344,10.34,W,4.94,W,1.25,0.8,24.810000000000002,0.08666666666666667,0,0,10.88,3,2,8,5,NA,NA,70497.435,7553.528333333333,88409.98833333333,NA,NA,187358.01333333334,2048.3333333333335,208.13
Apr-2019,2019,4,North,0.038018750000000004,1.4678845714285713,0.1782898888888889,0.05560048148148148,0.2010527619047619,0.36962962962962964,0.11359259259259259,16.7010909213463,0.1895973211840338,23.4169696623832,9.548041958041958,3.793230769230769,7.931935204035679,1,1,1910100,356310,2709344,10.34,W,4.94,W,NA,NA,NA,NA,0,0,11.34,3,2,8,2,4078876.1925000004,298572.0275,171353.988,54398.572250000005,1598430.9975,5978.559375,1129.51,450369.01925,7859.41925,3704.4116666666664
Apr-2019,2019,4,SouthCentral,0.021503111111111112,1.2314285714285713,0.2611111111111111,0.04937844444444445,0.22,0.29255555555555557,0.06777777777777778,15.795400019,0.09630861698781855,12.809605292607833,9.643953488372093,1.662261923076923,7.468862821325601,1,1,1910100,356310,2709344,10.34,W,4.94,W,0.13999999999999999,0.1366666666666667,2.86,0,0.25,0.3,10.26,4,1,17,9,96982.442,98545.43999999999,37887.721999999994,15039.704000000002,502758.02,434.03599999999994,160.26,104038.388,2461.4700000000003,641.038
Apr-2019,2019,4,Suisun Bay,0.044298333333333335,NA,0.187,0.0597042962962963,0.161413,0.34614814814814815,0.09266666666666667,15.906666656070284,0.1260843406635319,25.918636485013096,9.63896551724138,2.1906666666666665,7.797946852268884,1,1,1910100,356310,2709344,10.34,W,4.94,W,0.42000000000000004,0.39,0,1.05,NA,NA,14.65,0,0,1,1,136575.104,130065.8,94479.574,14981.392000000002,233041.57599999997,339.01,238.848,260615.32799999998,4173.09,128.78
Apr-2019,2019,4,Suisun Marsh,0.1014065,NA,0.3429367567567568,0.10642032432432433,1.0116666666666667,1.015891891891892,0.24221756756756757,18.157272715713038,0.6904390054067805,47.14421074716668,7.7025,3.8208333333333333,7.566300534522557,1,1,1910100,356310,2709344,10.34,W,4.94,W,NA,NA,NA,NA,NA,NA,12.34,1,1,4,3,NA,135755.37,106363.095,25480.24,NA,NA,225.365,291722.02,6610.700000000001,NA
May-2019,2019,5,Confluence,0.06243625,0.7,0.14533333333333334,0.03803566666666667,0.1336291818181818,0.27266666666666667,0.059083333333333335,17.018350597580184,0.06531889761946792,14.951846218013987,9.243645833333334,1.327027027027027,7.760065510891259,1,1,1131600,342950,1616351,10.34,W,4.94,W,3.9095714285714287,0.7728571428571429,18.596190476190475,0.1738095238095238,0,0,13.4,0,0,1,1,87616.14857142858,31444.56428571429,45396.37142857142,12755.77142857143,49388.23571428571,730.6842857142857,87.85714285714286,123957.21142857142,2505.235714285714,289.09714285714284
May-2019,2019,5,North,0.0706011052631579,0.4144502857142857,0.3102414705882353,0.10476164705882353,0.34091791666666665,0.4711118235294118,0.15294117647058825,18.17767080156649,0.23546871450322057,25.44352945022435,8.163217391304348,2.0488,7.833913225271293,1,1,1131600,342950,1616351,10.34,W,4.94,W,1.9215000000000002,1.05,17.87,0,0,0,12.44,0,0,4,3,2674564.2416666667,607224.4375,130048.72,71898.325,417576.1625,2003.5199999999998,403.20666666666665,332242.28708333336,10483.231249999999,1481.2766666666666
May-2019,2019,5,SouthCentral,0.0278144,1.0922222222222222,0.1949806,0.06483370000000001,0.17600000000000002,0.2753,0.0732,16.978123347685248,0.07893881802458906,14.369565170569063,9.30342105263158,1.6732093181818182,7.484346242029118,1,1,1131600,342950,1616351,10.34,W,4.94,W,2.906228571428571,0.7176190476190476,22.913809523809523,0,0.2222222222222222,0.37037037037037035,12.23,0,0,4,1,50412.25,219695.52000000002,42980.9775,26063.107500000002,162003.245,527.3925,352.245,117581.4625,2693.6325,173.205
May-2019,2019,5,Suisun Bay,0.0471094,NA,0.1674,0.050114,0.0817474,0.2106,0.08600000000000001,17.34690911171653,0.3266896090157276,24.164888816833493,9.327,2.866875,7.9135991561103465,1,1,1131600,342950,1616351,10.34,W,4.94,W,3.363211111111111,0.7222222222222222,0.0022222222222222222,2.042222222222222,NA,NA,16.38,0,0,0,0,791495.1619999999,86966.15,155034.418,77204.542,1512856.05,739.488,114.992,423820.816,8303.428,367.976
May-2019,2019,5,Suisun Marsh,0.07500000000000001,NA,0.39475,0.19725,0.47500000000000003,0.77375,0.29625,17.425769201425403,0.639402957408203,51.298461817227874,8.248235294117647,3.8344444444444443,7.751395307547718,1,1,1131600,342950,1616351,10.34,W,4.94,W,10.460650000000001,2.6825,16.0675,4.745,NA,NA,13.82,0,0,1,1,534641.525,NA,244740.83999999997,25597.33,457256.175,2299.8500000000004,NA,664196.6799999999,2299.8500000000004,2759.82
Jun-2019,2019,6,Confluence,0.02781166666666667,0.6,0.13758333333333334,0.04990466666666667,0.21454545454545454,0.2855,0.0599,20.64150589576335,0.061474435555847175,14.703066643781641,8.532268041237113,1.1640102962962964,7.656355874288904,1,1,896400,373310,1391814,10.34,W,4.94,W,1.42,1.17,11.953333333333333,0.12,2,0,14.52,1,1,2,2,640097.3142857143,62767.701428571425,48756.53571428572,28995.104285714286,271081.47714285715,818.6642857142857,192.95857142857145,132200.72857142857,4988.57,306.69714285714286
Jun-2019,2019,6,North,0.059460565217391306,0.48238285714285717,0.21678505555555555,0.123118,0.3423076923076923,0.4537777777777778,0.138,22.28759298776085,0.22374401774282116,22.293539321657068,7.4414,2.6047826086956523,7.8321748394543835,1,1,896400,373310,1391814,10.34,W,4.94,W,NA,NA,NA,NA,1.3333333333333333,0.6666666666666666,12.22,2,2,5,2,337152.1108333333,100835.36499999999,150321.81716666667,35302.43716666666,179738.17,1397.3258333333333,518.3725000000001,325304.9743333333,3093.0375,1252.03
Jun-2019,2019,6,SouthCentral,0.02589611111111111,0.8337335714285714,0.16130066666666668,0.076,0.21,0.2921111111111111,0.08022222222222222,21.660078987465113,0.05393331647674972,13.254520575309206,7.70945945945946,2.0496681666666667,7.281789758007856,1,1,896400,373310,1391814,10.34,W,4.94,W,0.14,0.13333333333333333,2.2033333333333336,0,0.6666666666666666,0.8518518518518519,11.9,1,1,5,3,50760.64,292933.336,37305.588,29842.458000000002,42403.64200000001,156.382,233.046,99369.9,5847.558,156.384
Jun-2019,2019,6,Suisun Bay,0.020825166666666665,NA,0.15633333333333332,0.05583333333333333,0.14400166666666667,0.29059999999999997,0.055,20.599518065395124,0.9777866671994132,40.8013888835907,8.590769230769231,1.9523333333333333,7.876854343298648,1,1,896400,373310,1391814,10.34,W,4.94,W,3.79,3.21,0,9.48,NA,NA,16.13,0,0,2,2,165925.82,224063.17599999998,99515.676,53195.583999999995,69735,1026.214,330.536,272915.498,8137.2339999999995,300.488
Jun-2019,2019,6,Suisun Marsh,0.03520925,NA,0.3185,0.24725000000000003,0.61,0.875,0.3425,21.867758614112592,0.38118941124699535,62.59347826916238,7.358260869565218,2.442222222222222,7.619284676959786,1,1,896400,373310,1391814,10.34,W,4.94,W,NA,NA,NA,NA,NA,NA,14.16,2,2,2,2,332827.88,274482.5,149973.155,11463.885,NA,2441.385,459.97,411320.125,2547.53,NA
Jul-2019,2019,7,Confluence,0.05538822222222222,1.06,0.22477777777777777,0.059666666666666666,0.105698875,0.2431111111111111,0.07511111111111111,22.24460418457868,0.41780174811126675,20.246494254806105,8.13875,1.8626829268292684,7.418456340994499,1,1,558700,104510,716905,10.34,W,4.94,W,2.674166063054194,1.6493113206424383,21.382296790890514,0.1181565447494192,0.3333333333333333,0,13.26,0,0,0,0,98850.655,11402.2125,66559.10125,36047.7325,576762.0975,518.62375,35.21375,179381.9725,5269.83375,644.23375
Jul-2019,2019,7,North,0.09641483333333334,0.396406,0.14953542857142857,0.107539,0.299247875,0.4165714285714286,0.1432142857142857,22.836289186491786,0.17473643962078467,16.81310349442376,7.780573770491803,2.279433962264151,7.752839078456133,1,1,558700,104510,716905,10.34,W,4.94,W,NA,NA,NA,NA,0.14285714285714285,0,10.98,0,0,2,1,1228316.2866666669,269584.42,156910.23,27800.98125,265748.53,1505.2716666666665,463.89250000000004,284345.4920833333,2511.4370833333332,922.4175
Jul-2019,2019,7,SouthCentral,0.04102828571428571,2.05,0.197,0.07257142857142856,0.17200000000000001,0.27085714285714285,0.07842857142857143,23.217197188533504,0.11237051750332892,13.186197232772354,8.689512195121951,8.983125,7.5156500260135095,1.2244897959183674,1,558700,104510,716905,10.34,W,4.94,W,0.6166666666666667,0.57,4.1499999999999995,0,0.8064516129032258,0.7096774193548387,10.4,1,1,14,3,31969.604,179522.24,57277.632000000005,34181.134000000005,339035.73199999996,287.476,520.1139999999999,101253.57800000001,8549.998,56.342
Jul-2019,2019,7,Suisun Bay,0.05510025,NA,0.25675000000000003,0.07200000000000001,0.077313,0.21375,0.08775,21.35653844197591,4.664175688984444,37.34552238862906,8.170188679245284,1.7306666666666666,7.600728132204363,1,1,558700,104510,716905,10.34,W,4.94,W,1.8459007568588615,1.4879884680259847,0.001998850922897335,4.611654141581763,NA,NA,16.11,0,0,0,0,NA,NA,102276.82250000001,7982.1875,2752132.0300000003,NA,NA,280275.7525,2018.905,939.0250000000001
Jul-2019,2019,7,Suisun Marsh,0.0443055,NA,0.375,0.1175,0.22999999999999998,0.38,0.16999999999999998,22.196612890920328,1.924998937869514,54.0167307472229,7.04188679245283,3.2745454545454544,7.2640744855923725,1,1,558700,104510,716905,10.34,W,4.94,W,1.3140202618305004,0.3031858792953677,4.038273365871561,2.0006991092843016,NA,NA,13.36,0,0,0,0,NA,NA,272601.235,23193.035,4931518.06,NA,NA,744304.73,6460.455,901.46
Aug-2019,2019,8,Confluence,0.06344166666666667,NA,0.20425,0.06591666666666667,0.11192583333333334,0.24675,0.06708333333333334,22.90166256507576,0.6341365041463536,12.819241332453453,7.931885245901639,1.92712525,7.576749483445522,1.7297297297297298,2,640200,100580,773858,10.34,W,4.94,W,2.6266666666666665,1.9633333333333334,19.38,0.08,1,0,13.38,0,0,0,0,850894.582,15415.932,84292.0325,14665.613000000001,16238.969999999998,1255.305,32.195,225738.56800000003,1928.7670000000003,224.033
Aug-2019,2019,8,North,0.12521196551724137,0.3559138571428571,0.44317292857142854,0.22605325,0.30291425,0.49338461538461537,0.26285714285714284,23.25515891764128,0.16714965185470607,13.490079337842129,7.547280701754386,2.5488636363636363,7.78522607323926,1,1,640200,100580,773858,10.34,W,4.94,W,NA,NA,NA,NA,0,0.375,10.65,3,3,7,5,1065952.6875,85422.81625,96807.608125,248198.17125,1697711.745,2109.821875,289.69125,250691.399375,4548.59375,912.57125
Aug-2019,2019,8,SouthCentral,0.02963975,1.5684203333333333,0.18122212499999998,0.0845,0.228,0.3025,0.087875,23.78325398031746,0.11035119247380856,11.583636374,8.216216216216216,7.09,7.554953783529708,2.1333333333333333,2,640200,100580,773858,10.34,W,4.94,W,0.12,0.11333333333333334,0.99,0,1,1.0344827586206897,9.98,3,3,13,5,185259.538,176217.452,486460.484,121619.53600000001,151533.764,1366.9779999999998,427.76599999999996,93637.05600000001,3459.222,326.002
Aug-2019,2019,8,Suisun Bay,0.024120333333333334,NA,0.19533333333333333,0.07633333333333334,0.13,0.22366666666666668,0.08866666666666667,22.107878758979563,5.214288172091801,26.05607159887041,8.143333333333333,2.221923076923077,7.728669405591976,1.2666666666666666,1,640200,100580,773858,10.34,W,4.94,W,4.88,4.09,0,12.205,NA,NA,16.33,0,0,0,0,41443.12,235977.75333333333,149254.38999999998,786.3299999999999,NA,600.9733333333334,219.03333333333333,396973.58666666667,219.03333333333333,NA
Aug-2019,2019,8,Suisun Marsh,0.049457,NA,0.215,0.10200000000000001,0.2,0.4345,0.13,23.08551731372702,3.6515609749600415,36.33468076990006,6.779038461538462,4.47,7.621962321863176,1.25,1,640200,100580,773858,10.34,W,4.94,W,NA,NA,NA,NA,NA,NA,12.86,0,0,3,3,2443562.7550000004,NA,216230.53999999998,NA,NA,1313.17,NA,309728.87,NA,NA
Sep-2019,2019,9,Confluence,0.05938492307692308,NA,0.17885707692307692,0.06554915384615384,0.18825138461538463,0.3354615384615385,0.07276923076923077,21.25304142468496,0.326836979306973,17.277171099604008,8.030420168067227,1.253211894736842,7.757804789488748,1.8333333333333333,2,626100,87620,751408,10.34,W,4.94,W,1.7749750745002395,1.071924005535436,15.706996810922279,0.4500617268284078,1,0,12.23,1,1,4,2,385844.49222222227,115888.91888888889,76020.82944444445,16906.722222222223,104650.04999999999,746.7561111111112,210.89666666666668,183203.58166666667,2725.0261111111113,428.37111111111113
Sep-2019,2019,9,North,0.062684,0.3510391428571429,0.25017181818181816,0.123325,0.63821492,0.444,0.15775757575757576,21.27452701159183,0.18842504471723065,15.953065612411192,7.727520661157024,1.879767441860465,7.785245016065451,1,1,626100,87620,751408,10.34,W,4.94,W,NA,NA,NA,NA,0.3333333333333333,0.5,10.38,4,3,13,4,433245.9366666667,88277.0925,80249.43541666667,58818.50504166667,521114.63416666666,1490.5820833333332,302.81,176057.85858333332,3609.7035,620.4620833333333
Sep-2019,2019,9,SouthCentral,0.017123875,2.66626975,0.19571125,0.08125,0.228,0.332625,0.09075,21.98975859448276,0.10550626672831058,11.10875000017857,7.753829787234043,3.3857391249999997,7.500969386882322,2.0555555555555554,2,626100,87620,751408,10.34,W,4.94,W,0.05666666666666667,0.05333333333333334,0.48333333333333334,0,0.6785714285714286,1.0357142857142858,9.41,5,3,11,4,45588.182,62060.438,713340.63,47753.574,111480.23599999999,497.17600000000004,396.72799999999995,78215.168,4298.438,200.862
Sep-2019,2019,9,Suisun Bay,0.04325866666666667,NA,0.24183333333333334,0.0895,0.24472466666666667,0.3205,0.13066666666666665,21.060625091393792,4.625683255437571,37.386707549676665,7.937719298245614,1.2782142857142857,7.713954735729861,1.1388888888888888,1,626100,87620,751408,10.34,W,4.94,W,3.873638104098354,2.556275683901554,0.0151514606730174,9.680041508790396,NA,NA,15.61,0,0,1,1,416176.4975,32770.7425,80468.9725,1685.54,225551.33500000002,565.3375,140.8525,214219.91999999998,469.51,281.705
Sep-2019,2019,9,Suisun Marsh,0.2151896666666667,NA,0.6083333333333333,0.12966666666666665,0.6166666666666667,2.28,0.35633333333333334,21.52245283018868,3.4327684356206083,39.93285728817894,7.103877551020408,2.211764705882353,7.526949986526226,1.3333333333333333,1,626100,87620,751408,10.34,W,4.94,W,1.3123481524474476,0.25129788366454725,5.015777029302154,1.7815153048937054,NA,NA,12.42,2,1,6,4,319796.44,77592.34,125723.59999999999,NA,6267479.925,1609.895,229.985,345437.47,NA,2529.835
Oct-2019,2019,10,Confluence,0.11423913333333334,NA,0.183372,0.07151707692307692,0.14853726666666667,0.206091,0.06640093333333333,17.448155129688214,0.39174592036721145,14.195063288263748,8.96264705882353,1.171063829787234,7.815603086003166,1.4864864864864864,1,442700,82910,554134,6.12,D,2.35,D,5.051666666666667,1.0342857142857143,20.823809523809523,0.3404761904761905,1,0,10.42,6,2,10,3,114867.835,203617.7895,79531.75200000001,7818.512,409462.2525,448.33000000000004,586.9035,184537.2395,1057.049,512.748
Oct-2019,2019,10,North,0.08344993333333334,0.34600000000000003,0.4543615172413793,0.16882475862068966,0.22533784,0.44192592592592594,0.22047503448275863,16.61567741524116,0.16371533682317443,15.982215181865751,9.034125874125873,1.8001612903225808,7.820551289537555,1,1,442700,82910,554134,6.12,D,2.35,D,0.39649999999999996,0.13,2.02,0,0.5,0.5,9.63,12,5,16,5,1818805.678875,114490.94208333333,63589.77183333333,335506.3185,653833.8404999999,3772.34425,238.21458333333334,152340.56175,1609.0956250000002,917.6495
Oct-2019,2019,10,SouthCentral,0.0421245,1.6819076,0.232759125,0.07554716666666667,0.14810600000000002,0.18717725000000002,0.07075000000000001,17.325694866949153,0.10956518197404641,7.578727261636364,8.871162790697674,2.7714814814814814,7.657535973792072,1.825,2,442700,82910,554134,6.12,D,2.35,D,3.5213523809523815,0.6852380952380953,13.397619047619047,0,0.92,1.1818181818181819,8.98,13,3,18,6,57216.490000000005,232401.02999999997,118218.732,33850.86,144442.64200000002,327.79,437.216,50139.280000000006,557.792,153.476
Oct-2019,2019,10,Suisun Bay,0.1144564,NA,0.1549045,0.06632539999999999,0.24822160000000001,0.3854156,0.09280000000000001,17.444042559278774,5.641440471658038,28.281686820524282,8.51044776119403,1.254375,7.716722626728409,1.0434782608695652,1,442700,82910,554134,6.12,D,2.35,D,11.846066666666667,2.548888888888889,0,8.14,NA,NA,13.73,0,0,6,2,360068.88000000006,NA,92146.32333333332,NA,22938.783333333336,643.9,NA,246613.54333333333,NA,381.57
Oct-2019,2019,10,Suisun Marsh,0.13214766666666666,NA,0.654,0.19166666666666668,0.34808,0.5264679999999999,0.21133333333333332,17.06358973380847,4.047922475081982,35.877407251993816,7.852972972972973,2.058333333333333,7.602524775806545,1.5,2,442700,82910,554134,6.12,D,2.35,D,8.026800000000001,1.72,0,4.845,NA,NA,11.33,9,2,15,3,140948.57,NA,103924.51999999999,NA,2305843.4699999997,287.48,NA,281731.75,NA,766.62
Nov-2019,2019,11,Confluence,0.119059,NA,0.3227046,0.0647803,0.20500000000000002,0.27733227272727273,0.06654545454545455,14.387483868478203,1.4160102455140053,13.739571374244862,9.581696428571428,1.1476470588235295,7.6553384973413285,1.119047619047619,1,318630,51640,386547,6.12,D,2.35,D,1.1966666666666668,0.8166666666666667,23.68,0.02,0,1,8.49,12,6,17,8,60648.391111111116,95536.48333333334,86135.08444444445,8586.593333333332,523658.0877777778,543.5544444444445,319.09333333333336,231730.10888888888,1369.8866666666665,256.47222222222223
Nov-2019,2019,11,North,0.2047572105263158,1.0242857142857142,0.18980911111111112,0.06849666666666666,0.193,0.3878888888888889,0.082111111111111107,13.78524476592223,0.13583512513956159,16.778854977702245,9.311176470588235,1.22739684,7.688009201376433,1,1,318630,51640,386547,6.12,D,2.35,D,NA,NA,NA,NA,NA,NA,6.04,21,14,23,14,265790.65499999997,38731.9875,62717.37875,5063.8125,463954.62124999997,1539.0612499999997,215.35250000000002,170248.99875,655.085,1138.3100000000002
Nov-2019,2019,11,SouthCentral,0.084145,4.512,0.4451428571428572,0.08130528571428572,NA,0.2739991428571429,0.074265,14.359729146875,0.19212778528874988,6.523333345977778,9.341111111111111,1.677260590909091,7.539953043685441,1.2580645161290323,1,318630,51640,386547,6.12,D,2.35,D,0.049999999999999996,0.043333333333333335,1.03,0,0.4117647058823529,0.9411764705882353,7.14,21,15,23,15,39084.974,173270.12399999998,31052.121999999996,29873.29,165681.856,152.60999999999999,671.676,56508.554000000004,1167.352,149.476
Nov-2019,2019,11,Suisun Bay,0.13034575,NA,1.4448153333333333,0.07133333333333333,0.2156285,0.23127825,0.07725,14.788640778550826,9.170006594518231,21.244777804056802,8.793142857142858,1.0702458333333333,7.70774513003922,1,1,318630,51640,386547,6.12,D,2.35,D,7.029999999999999,4.92,0,17.575,NA,NA,11.09,1,1,11,3,6594,96116.70333333332,86984.91666666667,6111.186666666666,NA,109.51666666666667,324.15000000000003,234940.33333333334,1292.2,NA
Nov-2019,2019,11,Suisun Marsh,0.162993,NA,0.767,0.426,0.48563433333333333,0.9,0.214,14.333529445423794,4.550075995217502,31.68913043478261,7.942903225806452,2.615555555555556,7.4345285445523395,1,1,318630,51640,386547,6.12,D,2.35,D,NA,NA,NA,NA,NA,NA,8.26,14,6,20,14,NA,NA,143804.685,254430.49,29677.265,NA,NA,384886.25,1821.4,459.97
Dec-2019,2019,12,Confluence,0.18794958823529412,NA,0.3382469411764706,0.06328105882352941,0.28833333333333333,0.4181764705882353,0.05309576470588235,10.983090922749637,1.7732890250098639,20.33694735174929,9.531176470588235,0.9471428571428572,7.593309327931062,1,1,601700,112470,739191,6.12,D,2.35,D,1.58,1.01,34.12,0.62,0,0.3333333333333333,9.2,8,4,18,6,155955.80909090908,66596.73363636363,85222.50454545455,8377.845454545455,429978.7490909091,52.26909090909091,167.18636363636367,229146.64363636365,218.08636363636361,889.9427272727273
Dec-2019,2019,12,North,0.1464944761904762,2.5976666666666666,0.56469055,0.1313911,0.46599999999999997,0.6527499999999999,0.1810498,10.635525014281125,0.1786905546328962,26.574907446407682,8.95411111111111,1.397,7.464624767416036,1,1,601700,112470,739191,6.12,D,2.35,D,NA,NA,NA,NA,0.2,0.6666666666666666,6.47,14,3,26,11,2104544.0975,199193.87375,145078.215,24251.595,1377097.9212500001,1079.0162500000001,404.73749999999995,186599.23875,2328.875,672.9675
Dec-2019,2019,12,SouthCentral,0.09896255555555555,3.136833333333333,0.8004444444444444,0.10987133333333333,NA,0.37626211111111113,0.08852655555555555,11.048901243981106,0.17328797913076946,11.287721545679176,9.589344262295082,1.1772222222222222,7.534361818777489,1,1,601700,112470,739191,6.12,D,2.35,D,0.03,0.02666666666666667,0.9766666666666667,0,0.3,0.7,7.24,14,3,22,6,3156530.016,126981.92,43097.582,25639.192000000003,226058.72000000003,1492.01,290.27200000000005,113207.23799999998,318.17600000000004,423.35
Dec-2019,2019,12,Suisun Bay,0.20819025000000002,NA,0.156243,0.068,0.2,0.41,0.07511125,11.54385715375628,8.174498764113062,25.771186440677962,9.428709677419354,1.195,7.614396114997031,1,1,601700,112470,739191,6.12,D,2.35,D,6.065,4.71,0,15.16,NA,NA,11.09,2,1,12,4,108443.52333333333,65609.11666666667,69187.08,4346.716666666667,9766.653333333334,804.9466666666667,214.63333333333333,184505.02333333335,613.2933333333334,191.65333333333334
Dec-2019,2019,12,Suisun Marsh,0.2793333333333333,NA,0.6361996666666666,0.252,1.1,0.9333333333333333,0.30774,11.130344840740342,4.529633874599905,42.91176508735208,8.119130434782608,2.5733333333333333,7.57,1,1,601700,112470,739191,6.12,D,2.35,D,NA,NA,NA,NA,NA,NA,9.58,7,2,20,6,NA,NA,180409.43,NA,NA,NA,NA,489408.07999999996,NA,NA
Jan-2020,2020,1,Confluence,0.097062,NA,0.456,0.0635,0.3,0.363,0.036088,9.717326264319357,1.413252264215612,16.134046260342476,10.585038167938931,1.492114882352941,7.695666215912732,1,1,510200,70040,600594,6.12,D,2.35,D,NA,NA,NA,NA,NA,NA,7.28,11,2,22,9,458491.95666666667,11467.711111111112,51556.100000000006,NA,85186.29888888888,375.47444444444443,35.138888888888886,131270.29222222223,NA,237.37111111111113
Jan-2020,2020,1,North,0.13513953333333334,1.6657142857142857,0.4722857142857143,0.07865092857142857,0.33666666666666667,0.4885,0.11584615384615385,9.763763874324388,0.22451108658724503,20.084715370496887,10.441487603305784,2.220666666666667,7.727379302419406,1,1,510200,70040,600594,6.12,D,2.35,D,NA,NA,NA,NA,0,0,6.32,18,9,24,17,469214.20125,806931.80125,87415.58125,18709.005,587934.9562499999,597.61875,979.4875,238163.69375,1559.2224999999999,1229.2225
Jan-2020,2020,1,SouthCentral,0.09443477777777777,4.208098833333334,0.8491607777777778,0.06828211111111111,NA,0.37333333333333335,0.087636,9.938102033021643,0.2220405681858463,5.089777789226448,10.365142857142857,3.4152315,7.606990418284577,1,1,510200,70040,600594,6.12,D,2.35,D,NA,NA,NA,NA,0.19047619047619047,0.5714285714285714,6.58,17,5,27,12,207534.952,33151.578,16821.568,311.37399999999997,473555.038,119.86799999999998,68.096,43352.232,9.292,281.78200000000004
Jan-2020,2020,1,Suisun Bay,0.018135666666666668,NA,0.4766666666666667,0.068,NA,0.43666666666666665,0.051153000000000004,10.236666624281135,7.691131286129537,25.59285719281151,10.033666666666667,1.66,7.758786388023139,1,1,510200,70040,600594,6.12,D,2.35,D,NA,NA,NA,NA,NA,NA,11.29,2,1,12,3,NA,NA,101108.09000000001,NA,648163.2633333333,NA,NA,276699.0733333333,NA,150.24333333333334
Jan-2020,2020,1,Suisun Marsh,0.10401450000000001,NA,0.51,0.059,NA,0.615,0.0608605,9.635882296842686,2.856568111084344,36.30000013871626,9.6664,1.7850000000000001,7.644971218322152,1,1,510200,70040,600594,6.12,D,2.35,D,NA,NA,NA,NA,NA,NA,9.1,9,2,19,4,1394746.4349999998,NA,25732.760000000002,NA,NA,695.0699999999999,NA,71479.89,NA,NA
Feb-2020,2020,2,Confluence,0.13781263636363636,NA,0.40800000000000003,0.0575625,NA,0.383375,0.1049230625,11.224597877057661,0.9709462296688124,24.215555495044374,10.658484848484848,2.4247619047619047,7.675335478884393,1,1,394000,65520,476200,6.12,D,2.35,D,NA,NA,NA,NA,0,0,10.16,7,3,13,4,547813.355,8783.932,30338.164,17249.819,1221235.576,658.124,55.784000000000006,83677.713,99.59100000000001,494.56499999999994
Feb-2020,2020,2,North,0.1438499411764706,1.4065714285714286,0.40535714285714286,0.10561692857142857,0.42,0.49307142857142855,0.14335714285714285,11.53812597670174,0.2610724042847492,20.872017521601144,10.369523809523809,1.687414625,7.880065081571302,1,1,394000,65520,476200,6.12,D,2.35,D,NA,NA,NA,NA,0,0.5,9.03,10,3,18,4,509765.51875,360215.32375,53078.494999999995,50285.69,3915803.375,1237.45625,209.93875,124668.27,1537.2325,462.92749999999995
Feb-2020,2020,2,SouthCentral,0.101942,3.3,0.73875,0.046365125,NA,0.359875,0.07454675,11.047666689197944,0.20389129954570764,9.397608651908174,10.808260869565217,5.85,7.838918914566062,1,1,394000,65520,476200,6.12,D,2.35,D,NA,NA,NA,NA,0.43333333333333335,0.7,8.89,14,4,18,5,217574.28399999999,42104.684,22047.816,7007.022,982703.862,418.812,84.69200000000001,59693.12999999999,86.332,532.64
Feb-2020,2020,2,Suisun Bay,0.13933,NA,0.6013333333333333,0.059219,NA,0.44255555555555554,0.11933333333333333,11.739824624981797,6.640950274593987,31.584782529913863,10.0515625,2.4366666666666665,7.712415392472854,1,1,394000,65520,476200,6.12,D,2.35,D,NA,NA,NA,NA,NA,NA,10.64,4,1,14,4,197708.60666666666,NA,26316.803333333333,25505.82666666667,216662.14666666664,547.5733333333334,NA,72093.78666666667,452.12000000000006,187.46
Feb-2020,2020,2,Suisun Marsh,0.1332955,NA,0.4953125,0.04198425,NA,0.625625,0.1193125,10.99848481958563,1.6173728590080287,51.54090881347656,10.441666666666666,3.7575000000000003,7.77994883159502,1,1,394000,65520,476200,6.12,D,2.35,D,NA,NA,NA,NA,NA,NA,11.25,10,3,14,4,57609.4,NA,86754.595,NA,64497.71,597.36,NA,235832.75,NA,572.47
Mar-2020,2020,3,Confluence,0.11877364285714286,NA,0.35813008333333335,0.06375,0.27,0.3443302916666667,0.080541625,13.705336602141982,1.2685725496493951,18.597202090331496,9.580074626865672,3.29,7.80151183664489,1,1,374100,65560,466329,6.12,D,2.35,D,NA,NA,NA,NA,1,0,10.17,2,1,12,5,550591.8444444445,26265.58222222222,40930.903333333335,4370.522222222222,2488439.651111111,448.2311111111111,120.20333333333332,111476.38111111111,185.31111111111113,445.31555555555553
Mar-2020,2020,3,North,0.20325430769230768,0.7,0.2566762727272727,0.09449827272727274,0.5333333333333333,0.5909090909090909,0.11727272727272728,13.731681420940934,0.22799918976338737,13.618653832613106,10.051341463414634,2.3466666666666667,8.052658933310692,1,1,374100,65560,466329,6.12,D,2.35,D,NA,NA,NA,NA,0,0,8.63,11,5,16,7,3387904.375,438697.7475,20356.07,23455.6025,721427.655,2611.3675,88.455,43670.6025,1011.7524999999999,606.4625
Mar-2020,2020,3,SouthCentral,0.0872915,3.13,0.620875,0.042187375,NA,0.43875,0.085407,13.926849431641411,0.193286130223277,5.764395577347359,9.7121875,1.8425,7.666515591221021,1.0333333333333334,1,374100,65560,466329,6.12,D,2.35,D,NA,NA,NA,NA,0.4074074074074074,0.7777777777777778,10.04,7,3,15,5,192499.34,99771.28,21791.951999999997,4295.820000000001,380992.808,330.204,243.132,58842.98,165.964,253.906
Mar-2020,2020,3,Suisun Bay,0.14658866666666667,NA,0.5726666666666667,0.0714,NA,0.4210676,0.0958382,13.58120688010906,6.883903717890266,31.267391258737316,9.331111111111111,1.84,7.636035468023998,1,1,374100,65560,466329,6.12,D,2.35,D,NA,NA,NA,NA,NA,NA,14.18,1,1,6,3,97562.23,73800.25666666667,63344.03,786.3299999999999,NA,956.16,336.97333333333336,172763.88,219.03333333333333,NA
Mar-2020,2020,3,Suisun Marsh,0.15764233333333333,NA,0.5045172413793103,0.04498641379310345,NA,0.7052068965517242,0.11418075862068966,13.6716,1.8962786198053874,39.20434805828592,9.114615384615384,5.575,7.622673024705742,1,1,374100,65560,466329,6.12,D,2.35,D,NA,NA,NA,NA,NA,NA,11.25,3,2,13,5,102422.805,NA,23785.22,4571.81,3510356.02,490.41,NA,66070.06,95.825,721.5250000000001
Apr-2020,2020,4,Confluence,NA,NA,NA,NA,NA,NA,NA,16.556415563460646,0.7403142334021946,19.512337627287767,8.889109589041096,1.1071428571428572,7.559032474969757,1,1,354200,58760,455066,6.12,D,2.35,D,NA,NA,NA,NA,1,0.5,13.05,0,0,3,2,NA,NA,NA,NA,NA,NA,NA,NA,NA,NA
Apr-2020,2020,4,North,0.54,NA,NA,NA,NA,NA,NA,16.619014510652175,0.18895308805863475,14.983333330014492,8.931739130434783,0.952275075,7.787191570408659,1,1,354200,58760,455066,6.12,D,2.35,D,NA,NA,NA,NA,0.3333333333333333,0.14285714285714285,10.72,2,2,4,2,NA,NA,NA,NA,NA,NA,NA,NA,NA,NA
Apr-2020,2020,4,SouthCentral,0.026996,2.632,0.04049,5.33e-4,NA,0.4,0.05,17.313804339533267,0.21222434001525253,4.708260865418808,9.07655172413793,1.47267075,7.6392598523995465,1,1,354200,58760,455066,6.12,D,2.35,D,NA,NA,NA,NA,0.7,0.5666666666666667,10.57,0,0,4,2,NA,NA,NA,NA,NA,NA,NA,NA,NA,NA
Apr-2020,2020,4,Suisun Bay,NA,NA,NA,NA,NA,NA,NA,15.747058823529411,5.804964650660282,33.4343137254902,8.892549019607843,1.913125,7.760958259914179,NA,NA,354200,58760,455066,6.12,D,2.35,D,NA,NA,NA,NA,NA,NA,16.59,0,0,0,0,NA,NA,NA,NA,NA,NA,NA,NA,NA,NA
Apr-2020,2020,4,Suisun Marsh,NA,NA,NA,NA,NA,NA,NA,17.806451612903228,1.4514822757180925,45.08387096774194,8.226774193548387,2.5307142857142857,7.764662152642582,NA,NA,354200,58760,455066,6.12,D,2.35,D,NA,NA,NA,NA,NA,NA,13.16,0,0,1,1,NA,NA,NA,NA,NA,NA,NA,NA,NA,NA
May-2020,2020,5,Confluence,NA,NA,NA,NA,NA,NA,NA,19.99456049972283,1.2857220735831114,19.453717926050626,8.279375,1.26,7.776931459778303,2,2,327130,54450,405521,6.12,D,2.35,D,NA,NA,NA,NA,0,0,14.06,0,0,0,0,NA,NA,NA,NA,NA,NA,NA,NA,NA,NA
May-2020,2020,5,North,0.0291515,NA,NA,NA,NA,NA,NA,20.61388485653619,0.16709854961132922,12.176417915546088,7.8178125,1.0539130434782609,7.931773702340493,1,1,327130,54450,405521,6.12,D,2.35,D,NA,NA,NA,NA,0.75,0.5,11.95,2,1,4,2,NA,NA,NA,NA,NA,NA,NA,NA,NA,NA
May-2020,2020,5,SouthCentral,0.033749,1.9756666666666667,0.044009,0.087,NA,0.4,0.1,21.0780465204993,0.16947248313989338,4.616097556323539,7.852592592592592,1.3682495238095238,7.55361973805821,1.7307692307692308,2,327130,54450,405521,6.12,D,2.35,D,NA,NA,NA,NA,1.0714285714285714,0.7407407407407407,12.04,0,0,5,2,NA,NA,NA,NA,NA,NA,NA,NA,NA,NA
May-2020,2020,5,Suisun Bay,NA,NA,NA,NA,NA,NA,NA,19.173015806410046,7.136975000990915,28.214210546393144,8.207647058823529,1.9238461538461538,7.756173811245033,NA,NA,327130,54450,405521,6.12,D,2.35,D,NA,NA,NA,NA,NA,NA,18.54,0,0,0,0,NA,NA,NA,NA,NA,NA,NA,NA,NA,NA
May-2020,2020,5,Suisun Marsh,NA,NA,NA,NA,NA,NA,NA,20.01960787305645,2.309111840715516,39.337105323389956,7.741777777777778,3.3526315789473684,7.53935092768358,NA,NA,327130,54450,405521,6.12,D,2.35,D,NA,NA,NA,NA,NA,NA,13.72,0,0,0,0,NA,NA,NA,NA,NA,NA,NA,NA,NA,NA
Jun-2020,2020,6,Confluence,0.04031076923076923,NA,0.43046153846153845,0.08315384615384615,0.19846153846153847,0.35384615384615387,0.09653846153846155,21.8504549905147,1.1205499139459243,16.003135141852518,7.936714285714285,1.413,7.72694301943554,2.225806451612903,2,368700,45392,426168,6.12,D,2.35,D,NA,NA,NA,NA,1,0,16.04,0,0,0,0,46460.69181818182,27204.00772727273,186551.84818181818,6317.005909090909,396945.8286363637,187.78,74.76954545454545,59886.12181818182,475.94954545454544,405.6859090909091
Jun-2020,2020,6,North,0.201520375,NA,0.08725000000000001,0.16899999999999998,0.3,0.57625,0.1795,22.17553638351776,0.14136119019748924,11.615673746687422,7.663587786259542,1.2497826086956523,7.801926223097327,2.6363636363636362,3,368700,45392,426168,6.12,D,2.35,D,NA,NA,NA,NA,0.6666666666666666,0,13.38,0,0,2,1,34469.144166666665,4846.385833333333,33005.659166666665,10173.560833333333,1223301.4491666667,124.2675,18.294166666666666,89622.3325,983.7841666666667,591.3000000000001
Jun-2020,2020,6,SouthCentral,0.0209145,0.7677025,0.32089883333333336,0.10166666666666667,0.28400000000000003,0.359,0.10716666666666666,23.213344287309493,0.14670163093157879,5.151409834502173,7.763030303030303,3.2676511,7.612243373236549,2.404255319148936,2,368700,45392,426168,6.12,D,2.35,D,NA,NA,NA,NA,1.3666666666666667,1.0333333333333334,12.15,0,0,3,1,70645.912,55313.036,303869.51999999996,23194.432,258533.244,72.80600000000001,134.356,15137.967999999999,354.492,224.27800000000002
Jun-2020,2020,6,Suisun Bay,0.051424000000000004,NA,0.4,0.09333333333333334,0.16666666666666669,0.23333333333333334,0.11233333333333334,20.920694433848062,7.058289663685444,26.717692266610953,8.1146,1.8492592592592592,8.11964912987691,2.1666666666666665,2,368700,45392,426168,6.12,D,2.35,D,NA,NA,NA,NA,NA,NA,20.29,0,0,0,0,525505.9566666667,100977.48333333334,33514.57666666667,25033.08666666667,4340.7733333333335,554.5733333333334,170.35999999999999,92011.09333333334,585.9866666666667,85.17999999999999
Jun-2020,2020,6,Suisun Marsh,0.11,NA,0.45999999999999996,0.121,0.4,0.65,0.1545,21.756923088660606,4.290426513572986,35.30636360168457,7.777118644067796,4.236,7.929524546436769,1,1,368700,45392,426168,6.12,D,2.35,D,NA,NA,NA,NA,NA,NA,15.54,0,0,0,0,19087.175,NA,423841.95,22035.34,38954.2,209.45,NA,85389.89,718.7,65.71
Jul-2020,2020,7,Confluence,0.046523,NA,0.22741666666666666,0.06991666666666667,0.1531845,0.28125,0.078,22.24521507224536,1.2140460254309595,11.14136097100503,8.09424,2.3655263157894737,7.66894878874036,2.422222222222222,2,427800,29377,467534,6.12,D,2.35,D,1.564290811807755,0.1528730268171425,11.284922916083294,0.2597215785159675,0,0,16.57,0,0,0,0,720348.8031818182,2920.7963636363634,376513.1122727273,395.1695454545454,51280.777272727275,199.22454545454545,13.067272727272728,50758.458636363626,41.525000000000006,117.10636363636364
Jul-2020,2020,7,North,0.10242655555555556,NA,0.24972357142857143,0.2215050357142857,0.2842034210526316,0.4251923076923077,0.25525000000000003,22.610980157752163,0.16350481671633788,11.175895501466591,7.779310344827586,1.5523684210526316,7.78045807936796,1.52,2,427800,29377,467534,6.12,D,2.35,D,NA,NA,NA,NA,0,0.5,13.91,0,0,0,0,4570323.731875,2866.95625,273230.241875,251753.933125,2892760.643125,2169.23625,16.665,98632.1775,1224.2562500000001,1528.795
Jul-2020,2020,7,SouthCentral,0.022060625,1.83725,0.1700305,0.098875,0.254,0.34575,0.10075,24.4587868852459,0.14583302951648086,5.117857147114617,7.286052631578947,4.664,7.606479825828413,2.98,3,427800,29377,467534,6.12,D,2.35,D,NA,NA,NA,NA,0.9411764705882353,1.1176470588235294,11.96,0,0,3,1,310542.26,NA,2567012.998,28028.798,359327.238,70.88,NA,41794.513999999996,307.618,343.456
Jul-2020,2020,7,Suisun Bay,0.023448666666666666,NA,0.3283333333333333,0.09366666666666666,0.12666666666666668,0.2,0.105,20.718915621286417,9.763155432006243,31.79855263408862,8.546545454545454,2.9859999999999998,7.472402052042031,1.7777777777777777,2,427800,29377,467534,6.12,D,2.35,D,0.8921493563851505,0.3976126825592891,3.7971810367603e-4,2.230259837366374,NA,NA,17.98,0,0,0,0,NA,7830.4766666666665,52121.89000000001,NA,NA,NA,47.913333333333334,55389.236666666664,NA,NA
Jul-2020,2020,7,Suisun Marsh,0.044582000000000004,NA,0.3855,0.12,0.4,0.44999999999999996,0.139,21.50885246527,6.2852241241115525,24.93760009918213,7.957959183673469,5.842222222222222,7.520329049674546,1.8181818181818181,2,427800,29377,467534,6.12,D,2.35,D,2.9795174927843204,0.2874288640475069,3.545116040606489,6.476648951122497,NA,NA,15.28,0,0,0,0,NA,NA,253326.15000000002,NA,36550.535,NA,NA,142933.35,NA,91.995
Aug-2020,2020,8,Confluence,0.03491876923076923,NA,0.13448430769230768,0.06169784615384615,0.1676923076923077,0.2754615384615385,0.07492307692307693,23.024929183284794,0.9927070864167786,8.689207922114004,7.912933333333333,2.5105405405405405,7.734106018157173,2.5428571428571427,3,421700,13978,444713,6.12,D,2.35,D,NA,NA,NA,NA,NA,NA,14.07,0,0,0,0,2781306.0775,17575.455625000002,336491.2,3114.975625,351472.645,627.64125,40.353125,69975.584375,73.00125,288.36375
Aug-2020,2020,8,North,0.13747299999999998,0.012866,0.11019821052631579,0.13288526315789473,0.246,0.4086111111111111,0.15778947368421053,22.825079162597657,0.1486161253322222,14.079444389237299,7.1385,1.8611468775510205,7.748531979051516,1.1875,1,421700,13978,444713,6.12,D,2.35,D,NA,NA,NA,NA,0.3333333333333333,0.8333333333333334,11.34,0,0,3,2,2643882.89875,NA,529444.48,950574.28625,6264272.66625,1085.6525000000001,NA,81835.5325,860.73375,1276.42375
Aug-2020,2020,8,SouthCentral,0.03089325,2.1789692,0.147875875,0.08185071428571429,0.26,0.407875,0.10800000000000001,25.056272727272727,0.20606563536684303,5.177209302325581,6.479655172413793,10.892068965517241,7.466326374913781,3.0714285714285716,3,421700,13978,444713,6.12,D,2.35,D,NA,NA,NA,NA,0.64,1.32,10.77,1,1,7,3,6470285.495999999,4185.16,913591.7380000001,97992.89800000002,398994.55,1738.604,24.532,40718.184,187.428,431.36800000000005
Aug-2020,2020,8,Suisun Bay,0.0471786,NA,0.1828822,0.0787258,0.262,0.34,0.09,21.659677443965787,11.516757204626108,21.542000033291906,7.533023255813953,2.51314964,7.765285781587058,1.9333333333333333,2,421700,13978,444713,6.12,D,2.35,D,NA,NA,NA,NA,NA,NA,17.13,0,0,0,0,676580.64,25100.469999999998,117619.37888888888,2897.75,4747218.435555556,119.48222222222222,37.66111111111111,253649.19444444444,23.84777777777778,1844.6000000000001
Aug-2020,2020,8,Suisun Marsh,0.039168,NA,0.275,0.1105,0.35,0.4235,0.14100000000000001,22.5861363289573,8.106201711542209,21.625625005960458,6.694473684210527,5.475625,7.8114815969209666,1.625,2,421700,13978,444713,6.12,D,2.35,D,NA,NA,NA,NA,NA,NA,13.9,0,0,1,1,780343.38,NA,23205.38666666667,NA,2550079.303333333,165.76,NA,64459.41,NA,711.8566666666667
Sep-2020,2020,9,Confluence,0.0579782,NA,0.209,0.0797,0.1683638,0.3,0.1666,21.242739100017122,1.8817052062524906,9.83476188183194,8.169468085106383,2.6082926829268294,7.847425025372955,2.380952380952381,2,349200,17338,374211,6.12,D,2.35,D,0.7377707841889897,0.08924291324789017,6.12152030690655,0.2066230292577361,0,0,12.62,1,1,2,1,379277.43615384615,32257.936923076923,313245.8153846154,14101.964615384615,524967.3653846154,530.4838461538461,95.33692307692307,56617.85461538461,57.18,447.3246153846154
Sep-2020,2020,9,North,0.23014083333333332,0.1019,0.08801511111111111,0.12422222222222222,0.1,0.41044444444444445,0.12877777777777777,21.437229340366972,0.1934135731328489,10.826288637583737,7.747682926829269,2.2465714285714284,7.9247837042156934,1.0476190476190477,1,349200,17338,374211,6.12,D,2.35,D,NA,NA,NA,NA,0.2,0.5,10.04,4,2,8,3,655917.2933333333,NA,26425.966666666664,276814.55,669405.1,1119.5633333333333,NA,63669.003333333334,905.1266666666667,424.42333333333335
Sep-2020,2020,9,SouthCentral,0.036354875,6.325,0.296132,0.12457142857142857,0.26,0.3875,0.132125,22.53651162790698,0.3007261840757673,3.8690243902439025,7.110666666666667,5.0566106818181815,7.692825562488755,2.75,3,349200,17338,374211,6.12,D,2.35,D,NA,NA,NA,NA,0.8260869565217391,1.5454545454545454,9.71,4,2,13,5,787602.35,63047.594000000005,804334.1699999999,10283.434,818287.564,330.216,140.466,32151.372000000003,104.04,291.56000000000006
Sep-2020,2020,9,Suisun Bay,0.07666666666666667,NA,0.26166666666666666,0.10099999999999999,0.20666666666666667,0.4333333333333333,0.11433333333333333,20.161976761928827,11.441874348845577,24.74192307447776,7.430754716981132,2.6184375,7.7998570839441985,1.5862068965517242,2,349200,17338,374211,6.12,D,2.35,D,1.5209476616231514,0.680725098111244,0,3.802369154057876,NA,NA,14.92,0,0,1,1,192563.43666666668,39951.996666666666,15051.993333333334,750.0066666666667,15230.693333333335,57.199999999999996,81.77333333333333,27786.406666666666,8.156666666666666,40.88666666666666
Sep-2020,2020,9,Suisun Marsh,0.085,NA,0.315,0.10600000000000001,0.175,0.4,0.129,20.427631588986046,6.989861446979693,24.55346150911771,7.226857142857143,4.2912395,7.71598406368927,2.6,3,349200,17338,374211,6.12,D,2.35,D,1.3928728363862994,0.17202607233458325,4.216574979078326,2.354010598891584,NA,NA,12.26,4,2,7,2,2254245.26,31524,45900.799999999996,13883.166666666666,991527.9883333333,562.57,77.13333333333334,74967.69666666667,85.86666666666667,306.2866666666667
Oct-2020,2020,10,Confluence,0.029114666666666667,NA,0.24126666666666668,0.07611706666666666,0.23866666666666667,0.2614666666666667,0.1,19.929272707782452,2.751084377717549,9.853841439585674,8.05469696969697,2.0578348125,7.825269823019034,1.7555555555555555,2,266270,35885,311044,3.8,C,1.32,C,NA,NA,NA,NA,0,0,9.91,8,4,11,5,538977.665,116697.45000000001,168830.54666666666,6930.948888888889,748148.0688888889,180.1872222222222,319.82666666666665,81877.32111111112,402.4511111111111,361.5055555555556
Oct-2020,2020,10,North,0.09839133333333333,0.2,0.07698082352941177,0.1743529411764706,0.3711111111111111,0.4623529411764706,0.1653529411764706,18.980522883359228,0.14124770406902093,15.23618702476316,8.101825396825397,2.037680509090909,7.75268067872439,1,1,266270,35885,311044,3.8,C,1.32,C,NA,NA,NA,NA,0.6666666666666666,0.6666666666666666,8.27,16,5,19,6,73465.04999999999,118487.89333333334,716197.4088888889,39071.69111111111,325752.23333333334,627.8444444444444,477.1133333333334,118740.99000000002,1013.4000000000001,373.6244444444444
Oct-2020,2020,10,SouthCentral,0.01995875,5.0650585,0.528275375,0.12857142857142856,0.21,0.339125,0.11475,19.626943403396226,0.24299066993780694,2.5720833341041667,8.136666666666667,2.6319184375,7.522291265128718,1.6304347826086956,2,266270,35885,311044,3.8,C,1.32,C,NA,NA,NA,NA,0.6,1.4193548387096775,8.34,16,5,21,7,11689.57,96243.946,135991.632,4094.6099999999997,44212.68,162.26999999999998,515.89,41152.858,681.774,87.374
Oct-2020,2020,10,Suisun Bay,0.064,NA,0.2792,0.092067,0.1576348,0.462,0.0996,19.246190448942638,12.864205726179636,16.425974095332162,7.834313725490196,2.5425,7.8433673129961345,1.103448275862069,1,266270,35885,311044,3.8,C,1.32,C,NA,NA,NA,NA,NA,NA,11.94,0,0,7,3,5479.561428571428,150002.28857142857,44625.39142857143,29882.192857142858,12932.067142857142,61.332857142857144,499.6228571428572,119553.17857142857,62.31428571428571,117.07142857142857
Oct-2020,2020,10,Suisun Marsh,0.093,NA,0.28500000000000003,0.0645,0.25,0.39,0.099,19.674042561307868,8.20380471161311,20.33942863137382,7.438409090909091,3.3623529411764705,7.670540590545123,1,1,266270,35885,311044,3.8,C,1.32,C,NA,NA,NA,NA,NA,NA,10.99,9,4,18,5,4070217.0375,180002.675,55089.57,4317.3724999999995,1667820.6175,398.5,462.9625,98946.53375,21.725,630.96
Nov-2020,2020,11,Confluence,0.06500554545454545,NA,0.28300000000000003,0.079,0.1356539090909091,0.2511818181818182,0.08545454545454546,14.596827587328415,3.005665186721669,13.79617282389861,9.033384615384616,1.59354175,7.801619958622061,1.3333333333333333,1,253630,31642,295826,3.8,C,1.32,C,NA,NA,NA,NA,0,0.5,8.03,9,6,17,7,51056.58,44870.80818181818,30022.994545454545,2112.4418181818182,635844.9990909091,83.08363636363636,93.34454545454545,62084.05454545454,9.956363636363635,243.48454545454544
Nov-2020,2020,11,North,0.10844684210526316,0.6,0.7584174444444445,0.3031625,0.1984604,0.3473888888888889,0.3036666666666667,13.495198688118403,0.15247915460792774,15.795144961128681,9.062983870967741,1.647631918367347,7.902458274845356,1,1,253630,31642,295826,3.8,C,1.32,C,NA,NA,NA,NA,0,0.3333333333333333,6.9,18,7,23,10,187097.22375,41402.8625,60547.402500000004,6594.797500000001,2217928.2275,122.98750000000001,36.3975,14624.61125,50.06125,346.195
Nov-2020,2020,11,SouthCentral,0.023385625,NA,0.49610675,0.082538875,0.224,0.274875,0.08375,13.773666648062832,0.26238876257580035,3.554081620889777,9.485135135135135,1.1072548235294117,7.663066631405218,1.5,2,253630,31642,295826,3.8,C,1.32,C,NA,NA,NA,NA,0.21428571428571427,1.2857142857142858,8.39,16,7,21,10,967174.726,263749.24,562439.3300000001,5111.576,102669.076,69.186,592.284,23388.06,17.948,110.826
Nov-2020,2020,11,Suisun Bay,0.11233333333333333,NA,0.31866666666666665,0.092,0.17333333333333334,0.329,0.12166666666666667,15.26064102808634,12.938043688911181,17.885454582610688,8.508039215686274,2.335384615384615,7.762417559594998,1.0344827586206897,1,253630,31642,295826,3.8,C,1.32,C,NA,NA,NA,NA,NA,NA,11.73,1,1,10,3,68925.57333333333,NA,13752.433333333334,NA,30647.506666666668,151.23333333333335,NA,38201.20333333333,NA,60.88666666666666
Nov-2020,2020,11,Suisun Marsh,0.163,NA,0.275,0.0685,0.345,0.55,0.1095,14.316938759940014,6.966374401732645,24.756944391462532,8.386739130434783,3.1478571428571427,7.469490016630588,1,1,253630,31642,295826,3.8,C,1.32,C,NA,NA,NA,NA,NA,NA,9.82,11,3,19,6,75793.59,64660.565,42708.525,NA,86232.955,209.08,191.655,118634.805,NA,209.08
Dec-2020,2020,12,Confluence,0.09875,NA,0.34,0.077,0.11658025,0.27025,0.081,10.880813978619395,2.7906975526483238,13.864596812829237,9.769761904761905,1.65875,7.770870023315007,1.1081081081081081,1,272160,28598,311105,3.8,C,1.32,C,NA,NA,NA,NA,0,0.5,7.24,13,7,24,9,43109.53,72211.9275,9234.535,8212.7625,97146.9125,46.3175,482.5375,23065.0475,102.6275,87.385
Dec-2020,2020,12,North,0.201044,0.8,0.12625,0.08375,0.18,0.4,0.09,9.873703698956415,0.11019404463007047,23.219850691074907,10.411428571428571,1.4914285714285713,7.6450507192430806,1,1,272160,28598,311105,3.8,C,1.32,C,NA,NA,NA,NA,0,0.75,7.02,12,9,27,10,3622.4500000000003,9606.916666666666,11390.073333333334,905.3133333333334,50516.99333333334,10.873333333333333,76.11333333333333,23271.463333333333,21.746666666666666,104.11000000000001
Dec-2020,2020,12,SouthCentral,0.0414095,NA,0.26667625,0.056999999999999995,0.20666666666666667,0.27275,0.04575,10.25727693188007,0.294409988793536,4.047538443932166,10.316944444444445,2.6620486249999997,7.550480062105349,1.0333333333333334,1,272160,28598,311105,3.8,C,1.32,C,NA,NA,NA,NA,0.19047619047619047,1.3333333333333333,8.1,15,9,22,10,26087.693333333333,48103.746666666666,29647.899999999998,4995.169999999999,119782.74666666666,22.686666666666667,324.7666666666667,13921.539999999999,136.44,90.47333333333334
Dec-2020,2020,12,Suisun Bay,NA,NA,NA,NA,NA,NA,NA,11.732608637602434,12.400756049964471,17.728260774197782,9.432105263157895,1.7,NA,1,1,272160,28598,311105,3.8,C,1.32,C,NA,NA,NA,NA,NA,NA,10.29,0,0,10,4,NA,NA,NA,NA,NA,NA,NA,NA,NA,NA
Dec-2020,2020,12,Suisun Marsh,NA,NA,NA,NA,NA,NA,NA,10.104166746139525,6.592910782426697,27.25999980926514,9.321052631578947,2,NA,1,1,272160,28598,311105,3.8,C,1.32,C,NA,NA,NA,NA,NA,NA,9.5,10,5,21,10,NA,NA,NA,NA,NA,NA,NA,NA,NA,NA
Jan-2021,2021,1,Confluence,NA,NA,NA,NA,NA,NA,NA,9.851851846174297,4.342792376403282,16.877819588274523,9.865054945054945,1.2,NA,NA,NA,282780,33460,330826,3.8,C,1.32,C,NA,NA,NA,NA,0,0,8.19,16,5,21,17,NA,NA,NA,NA,NA,NA,NA,NA,NA,NA
Jan-2021,2021,1,North,NA,NA,NA,NA,NA,NA,NA,9.666101704584234,0.11627591872887792,16.16312507798856,10.867368421052632,NA,7.888587392869641,NA,NA,282780,33460,330826,3.8,C,1.32,C,NA,NA,NA,NA,0,0,9.11,17,5,21,13,NA,NA,NA,NA,NA,NA,NA,NA,NA,NA
Jan-2021,2021,1,SouthCentral,NA,NA,1.45,NA,NA,NA,NA,9.420680026688181,0.30779346996523727,7.213799998664856,10.437307692307693,1.546,7.635983343670113,1.0769230769230769,1,282780,33460,330826,3.8,C,1.32,C,NA,NA,NA,NA,0.20833333333333334,0.9583333333333334,9.41,14,4,23,13,NA,NA,NA,NA,NA,NA,NA,NA,NA,NA
Jan-2021,2021,1,Suisun Bay,NA,NA,NA,NA,NA,NA,NA,10.318181783502753,9.324524911481745,15.090909069234677,9.953,NA,NA,NA,NA,282780,33460,330826,3.8,C,1.32,C,NA,NA,NA,NA,NA,NA,11.26,0,0,14,3,NA,NA,NA,NA,NA,NA,NA,NA,NA,NA
Jan-2021,2021,1,Suisun Marsh,NA,NA,NA,NA,NA,NA,NA,9.987499960263568,5.63757221613177,25.77692339970517,9.332777777777778,NA,NA,NA,NA,282780,33460,330826,3.8,C,1.32,C,NA,NA,NA,NA,NA,NA,10.95,10,2,19,6,NA,NA,NA,NA,NA,NA,NA,NA,NA,NA
Feb-2021,2021,2,Confluence,NA,NA,NA,NA,NA,NA,NA,11.011111126040554,1.6228656249346332,21.673758902457795,9.958247422680412,1.8666666666666667,NA,1,1,330200,41666,387041,3.8,C,1.32,C,NA,NA,NA,NA,0.5,1,10.93,2,2,10,5,NA,NA,NA,NA,NA,NA,NA,NA,NA,NA
Feb-2021,2021,2,North,NA,NA,NA,NA,NA,NA,NA,11.073437511932411,0.1503501908853413,29.220566038792207,10.221111111111112,1.7999999999999998,7.788587392869641,NA,NA,330200,41666,387041,3.8,C,1.32,C,NA,NA,NA,NA,0,1,10.07,7,4,11,4,NA,NA,NA,NA,NA,NA,NA,NA,NA,NA
Feb-2021,2021,2,SouthCentral,0.202729,1.20813625,NA,0.038549,NA,0.006912,0.055866,11.421960765671862,0.30606269230978284,11.374313797030332,9.792068965517242,2.836666666666667,7.600868773934716,1,1,330200,41666,387041,3.8,C,1.32,C,NA,NA,NA,NA,0.28,0.875,9.44,11,4,18,8,NA,NA,NA,NA,NA,NA,NA,NA,NA,NA
Feb-2021,2021,2,Suisun Bay,NA,NA,NA,NA,NA,NA,NA,11.38913045551465,8.396929314121207,27.692307716760883,9.91421052631579,2.8,NA,NA,NA,330200,41666,387041,3.8,C,1.32,C,NA,NA,NA,NA,NA,NA,12.54,1,1,6,5,NA,NA,NA,NA,NA,NA,NA,NA,NA,NA
Feb-2021,2021,2,Suisun Marsh,NA,NA,NA,NA,NA,NA,NA,11.360714278902329,3.1259227432897934,34.756249547004685,9.584736842105263,NA,NA,NA,NA,330200,41666,387041,3.8,C,1.32,C,NA,NA,NA,NA,NA,NA,11.85,4,3,6,4,NA,NA,NA,NA,NA,NA,NA,NA,NA,NA
Mar-2021,2021,3,Confluence,0.10241666666666667,NA,0.5596666666666666,0.08575,0.2725,0.44558333333333333,0.09008333333333333,12.659445572899603,1.358622775522764,23.64962951774776,9.918373983739837,3.618,7.838920676596198,1,1,293170,30636,337979,3.8,C,1.32,C,NA,NA,NA,NA,0,0,12.61,1,1,6,4,1515011.6915,260476.233,26057.407,5899.557,769259.06,214.08050000000003,1539.6765,59920.860499999995,235.95999999999998,460.46850000000006
Mar-2021,2021,3,North,0.1771722,0.080048,0.625501,0.124,0.6133333333333334,0.82975,0.16899999999999998,13.005455284517002,0.2536708095578861,16.51171168166594,10.054408602150538,2.6184615384615384,8.028584301484491,1,1,293170,30636,337979,3.8,C,1.32,C,NA,NA,NA,NA,0,0,11.12,2,1,10,3,1610920.5716666665,309533.27499999997,45513.519166666665,76622.15,4970622.001666667,629.6891666666667,400.14916666666664,95975.90500000001,1630.0908333333334,883.6158333333333
Mar-2021,2021,3,SouthCentral,0.07322166666666666,NA,1.0152,0.1496,0.464,0.5668333333333333,0.12266666666666666,13.168329994277952,0.2671800117126817,5.477789512833506,10.2845,4.663235294117647,7.784419976328093,1,1,293170,30636,337979,3.8,C,1.32,C,NA,NA,NA,NA,0.2727272727272727,0.7575757575757576,9.18,10,3,16,6,13965.63,161850.764,17722.432,7797.37,19727.036,30.522,1118.396,22256.324,266.838,38.327999999999996
Mar-2021,2021,3,Suisun Bay,0.13466666666666668,NA,0.5276666666666666,0.09066666666666666,0.13499033333333332,0.33366666666666667,0.09533333333333333,12.596249969346182,7.456645156712501,38.530612209865026,9.80375,3.67,7.882784335106317,1,1,293170,30636,337979,3.8,C,1.32,C,NA,NA,NA,NA,NA,NA,14.39,0,0,3,1,46159.89333333333,583406.4133333333,25958.213333333337,89658.41666666667,1627.96,85.17999999999999,4589.506666666667,61157.926666666666,2093.4666666666667,29.486666666666665
Mar-2021,2021,3,Suisun Marsh,0.133,NA,0.563,0.0885,0.345,0.5295000000000001,0.121,12.888333365122477,2.482642695478277,56.67583330154419,9.49611111111111,6.78125,8.016603987410859,1,1,293170,30636,337979,3.8,C,1.32,C,NA,NA,NA,NA,NA,NA,12.75,3,2,6,3,139370.18,408155.805,41652.1,59544.354999999996,191736.825,76.66,3608.9399999999996,66370.34,1155.8049999999998,88.455
Apr-2021,2021,4,Confluence,0.06890253846153846,NA,0.4165384615384615,0.07992307692307692,0.24692307692307694,0.44869230769230767,0.09438461538461539,16.23604344974996,1.6674937896531858,28.992577237832748,9.4675,4.279782608695652,7.862108191755185,1,1,235860,36305,288575,3.8,C,1.32,C,NA,NA,NA,NA,0,0,14.92,0,0,1,1,645973.2968,45962.1024,67698.6324,3513.5996,4660184.1256,206.1404,262.4652,74555.2268,136.704,1259.5792
Apr-2021,2021,4,North,0.089145,0.013887,0.12603364705882353,0.11747152941176471,0.29555555555555557,0.4056470588235294,0.12711764705882353,17.339592964816735,0.1772461137537417,11.1390659319275,8.990124223602484,2.6580701754385965,7.922684091435924,1,1,235860,36305,288575,3.8,C,1.32,C,NA,NA,NA,NA,0.2857142857142857,0.2857142857142857,13.4,1,1,2,2,630790.885,70244.70136363636,49272.75045454546,8524.921818181818,1175263.2931818182,158.48090909090908,216.84181818181816,96159.08727272727,223.8390909090909,1648.144090909091
Apr-2021,2021,4,SouthCentral,0.035012375,NA,0.8281818181818181,0.10728571428571429,0.43,0.6215,0.107875,17.473166669845583,0.2615586030252382,3.1577192886252154,8.96225806451613,5.835075161290322,7.750604190916833,1.09375,1,235860,36305,288575,3.8,C,1.32,C,NA,NA,NA,NA,0.48148148148148145,0.37037037037037035,11.43,1,2,5,2,33283.762,56632.35799999999,7746.1900000000005,8803,238980.608,27.904000000000003,325.976,19565.694,146.04000000000002,185.042
Apr-2021,2021,4,Suisun Bay,0.06223675,NA,0.37523975,0.07601975,0.266581125,0.584125,0.142625,15.461829286900963,8.497037715227526,34.92173334604899,8.770576923076923,3.6753125,7.9437096879539055,1,1,235860,36305,288575,3.8,C,1.32,C,NA,NA,NA,NA,NA,NA,16.57,0,0,1,1,983965.8710526316,32643.445263157893,50725.31526315789,4456.145263157895,238054.92263157896,458.9168421052632,229.46684210526314,110847.76789473684,248.0926315789474,241.6094736842105
Apr-2021,2021,4,Suisun Marsh,0.026687,NA,0.475,0.086,0.365,0.5225,0.125,16.214642833300996,2.797621063900547,48.91767443191173,8.548636363636364,7.1095,7.735157303182216,1,1,235860,36305,288575,3.8,C,1.32,C,NA,NA,NA,NA,NA,NA,14.78,0,0,1,1,65170.224,5184.636,30640.904,7424.879999999999,5374251.387999999,328.394,43.806,84544.00200000001,157.154,844.058
May-2021,2021,5,Confluence,0.05067858333333333,NA,0.32666666666666666,0.087,0.17166666666666666,0.28941666666666666,0.09083333333333334,18.82649995846351,2.485479639591771,22.684850321826822,8.661832061068703,2.457450980392157,7.829220119673251,1.0769230769230769,1,220860,26626,263070,3.8,C,1.32,C,NA,NA,NA,NA,0,0,16.63,0,0,0,0,1048196.1841666667,90389.26416666666,24946.49166666667,14261.527499999998,2480496.825833333,112.76166666666666,445.24083333333334,56347.70916666667,210.62750000000003,474.60833333333335
May-2021,2021,5,North,0.02678484210526316,0.126,0.138634,0.11499388888888888,0.2230668,0.26133333333333336,0.12422222222222222,20.08073564535493,0.18609888332829938,14.936748472858154,8.17203947368421,2.3110940204081634,7.980164673969501,1,1,220860,26626,263070,3.8,C,1.32,C,NA,NA,NA,NA,0,0,14.93,0,0,0,0,44185.85,6164.4725,12515.46,3256.5025,282282.38375,224.735,50.4375,31148.955,199.7825,296.43
May-2021,2021,5,SouthCentral,0.03254792307692308,NA,0.3948196,0.10941666666666666,0.269,0.36423076923076925,0.09869230769230769,20.258745807746788,0.21224791207866772,10.690339052331728,10.407441860465116,3.8435650740740743,7.731348806626102,1.2413793103448276,1,220860,26626,263070,3.8,C,1.32,C,NA,NA,NA,NA,1.0869565217391304,0.5454545454545454,12.73,0,0,2,1,NA,256143.88799999998,9760.912,14774.047999999999,42964.564,NA,904.698,21099.522,255.19399999999996,72.598
May-2021,2021,5,Suisun Bay,0.107,NA,0.44133333333333336,0.09433333333333334,0.09044466666666667,0.29633333333333334,0.10766666666666667,18.11150000635783,11.142373442278965,40.06037734517511,8.300731707317073,3.2195238095238095,7.792083478163608,1,1,220860,26626,263070,3.8,C,1.32,C,NA,NA,NA,NA,NA,NA,17.38,0,0,0,0,120557.79,127905.08,29791.263333333332,6170.576666666667,NA,121.75666666666666,847.0433333333332,60363.26666666667,315.6766666666667,NA
May-2021,2021,5,Suisun Marsh,0.1498,NA,0.957,0.1834,0.71,1.2226,0.3004,18.644150964988853,5.037708682834044,30.074047609965003,7.9621276595744686,3.7473684210526317,7.577682400442782,1,1,220860,26626,263070,3.8,C,1.32,C,NA,NA,NA,NA,NA,NA,15.57,0,0,0,0,105793.15538461538,100176.20769230768,52451.439999999995,29818.03923076923,6688831.208461539,230.91846153846154,433.3784615384615,137905.05846153846,478.78846153846155,640.823076923077
Jun-2021,2021,6,Confluence,0.04024,NA,0.2808333333333333,0.09075,0.16034891666666667,0.2265,0.09316666666666666,20.981608710416264,3.619645228497031,16.904256433042576,8.29045112781955,1.945744680851064,7.858167226131713,1.3076923076923077,1,197950,32162,238953,3.8,C,1.32,C,NA,NA,NA,NA,1,0,17.71,0,0,0,0,1074715.339090909,28131.86909090909,12166.09090909091,15339.25,213201.77272727274,149.96454545454546,134.51363636363638,33768.48272727273,218.23909090909092,183.68363636363637
Jun-2021,2021,6,North,0.027121315789473684,0.515,0.11610355555555556,0.11079566666666667,0.1851371,0.2721111111111111,0.12669827777777778,22.40909231752634,0.39963264105592355,17.352131135129767,7.965064935064935,2.0736206896551725,8.083023250741613,1.2857142857142858,1,197950,32162,238953,3.8,C,1.32,C,NA,NA,NA,NA,0,0,14.97,0,0,1,1,4373.2725,NA,8708.74875,1889.0049999999999,70519.20625,28.14375,NA,23799.6925,95.41625,159.785
Jun-2021,2021,6,SouthCentral,0.0418825,NA,0.36310186666666666,0.1085,0.19968522222222224,0.34225,0.13708333333333333,22.87860249690983,0.25272443187884325,6.730361458642252,8.341162790697675,3.2757692307692308,7.610230914550115,2.2142857142857144,2,197950,32162,238953,3.8,C,1.32,C,NA,NA,NA,NA,0.8461538461538461,0.4230769230769231,12.1,0,0,4,1,33479.814,127057.624,20682.172,9814.782,99539.398,110.516,523.004,17569.739999999998,515.942,113.106
Jun-2021,2021,6,Suisun Bay,0.07233333333333333,NA,0.436,0.09966666666666667,0.16666666666666669,0.32033333333333336,0.12033333333333333,19.485441148421344,13.023577948792658,27.990327768169465,8.007567567567568,2.8268181818181817,7.845889443204358,1,1,197950,32162,238953,3.8,C,1.32,C,NA,NA,NA,NA,NA,NA,19.74,0,0,0,0,64452.79,80659.84333333334,17250.149999999998,NA,16104.279999999999,217.20333333333335,333.6166666666666,47902.88333333333,NA,82.34
Jun-2021,2021,6,Suisun Marsh,0.066,NA,0.5395,0.11499999999999999,0.265,0.42100000000000004,0.14600000000000002,20.120909153331407,9.089644290030504,36.523255773145095,7.723255813953489,3.916315789473684,7.6786824397776,1,1,197950,32162,238953,3.8,C,1.32,C,NA,NA,NA,NA,NA,NA,17.08,0,0,0,0,764703.65,57267.155,15407.890000000001,NA,41799.130000000005,611.48,255.54,38267.405,NA,82.14
Jul-2021,2021,7,Confluence,0.0272315,NA,0.09832016666666667,0.08066666666666666,0.18416666666666667,0.23391666666666666,0.09158333333333334,22.01585642203163,3.0510837421530055,16.51060447800867,8.152888888888889,2.8940816326530614,7.92992857309802,2.871794871794872,3,231100,38330,278349,3.8,C,1.32,C,0.6218157218137079,0.2254478702657231,5.417040082663,0.1052180414938695,0.5,0,16.67,0,0,0,0,26658.52090909091,98630.46636363637,191282.53272727272,6303.179999999999,50036.36727272728,190.47454545454548,366.8909090909091,44055.41090909091,201.1181818181818,101.79090909090907
Jul-2021,2021,7,North,0.024683315789473685,0.265,0.06463511111111112,0.10347066666666667,0.1559298,0.26722222222222225,0.10422222222222222,22.896129212875177,0.1653190177595837,21.564191120070955,7.888173913043478,2.1746,8.02585643640561,2.05,2,231100,38330,278349,3.8,C,1.32,C,NA,NA,NA,NA,0,0,13.48,0,0,0,0,22215.0875,30510.75,591057.7450000001,3780.64625,259559.3925,98.86749999999999,396.835,98401.15374999998,127.745,177.9775
Jul-2021,2021,7,SouthCentral,0.03000376923076923,NA,0.15563912500000002,0.11053846153846154,0.263,0.39692307692307693,0.12338461538461538,24.244999975507575,0.2378695378655179,5.6314515958819955,7.5343243243243245,7.199642857142857,7.435924790090658,2.727272727272727,3,231100,38330,278349,3.8,C,1.32,C,NA,NA,NA,NA,1.0769230769230769,0.8846153846153846,11.06,0,0,4,2,40892.172000000006,140418.48,899394.7980000001,17577.235999999997,768077.7139999999,205.536,514.528,23145.178,530.058,176.046
Jul-2021,2021,7,Suisun Bay,0.044157,NA,0.24666666666666667,0.10133333333333333,0.1366666666666667,0.201,0.115,20.291714312962124,12.962929758166661,34.37825398944673,8.040222222222223,4.1625,7.802844103721928,1.2666666666666666,1,231100,38330,278349,3.8,C,1.32,C,1.860073903000708,0.736208487546548,0,4.650184757501773,NA,NA,19.16,0,0,0,0,2039.9466666666667,53004.926666666666,14645.273333333333,676.8000000000001,63448.243333333325,18.036666666666665,197.62,21310.930000000004,35.29,35.07333333333333
Jul-2021,2021,7,Suisun Marsh,0.0515535,NA,0.2975,0.1205,0.23,0.3695,0.14250000000000002,21.106610175957115,10.258311285908444,29.7265307173437,7.0536,4.329130434782608,7.550125355922389,1,1,231100,38330,278349,3.8,C,1.32,C,1.0512285006326771,0.21165769575793478,3.7096442603529436,1.649014603631872,NA,NA,16.15,0,0,0,0,185526.63,93020.81999999999,20723.02,3696.36,14088.53,209.07,627.21,57563.94,139.38,69.69
Aug-2021,2021,8,Confluence,0.02660884210526316,NA,0.0802571052631579,0.07821052631578948,0.18052631578947367,0.2653157894736842,0.07921052631578948,21.66079629636888,2.67512711690865,19.83846666793275,8.343170731707318,3.1986,7.948429898387129,2.5,2,234640,28073,270556,3.8,C,1.32,C,NA,NA,NA,NA,0,0,16.47,0,0,1,1,457627.6705882353,55949.11647058823,448972.0088235294,3687.544705882353,95394.90588235293,238.66294117647058,307.1294117647059,29070.953529411763,141.75941176470587,200.19470588235293
Aug-2021,2021,8,North,0.03390010416666667,0.304,0.5421772765957447,0.4604997234042553,0.23444444444444446,0.3103863636363636,0.45348936170212767,22.267527420785598,0.16116559084917276,15.108676473806758,7.973388429752066,2.1163829787234043,7.978099684852441,1.1428571428571428,1,234640,28073,270556,3.8,C,1.32,C,NA,NA,NA,NA,0.6666666666666666,0.8333333333333334,12.79,1,1,3,3,120369.85227272728,29345.49818181818,26753.63272727273,1544.671818181818,343776.52590909094,131.38954545454547,144.42454545454547,19438.700454545455,75.26863636363636,213.10636363636365
Aug-2021,2021,8,SouthCentral,0.02627823076923077,NA,0.18589623529411764,0.10476923076923077,0.262,0.4603846153846154,0.12092307692307692,23.963426210819673,0.22153831034732877,5.421999997933334,7.06953488372093,9.014666666666667,7.33899383944632,1.9795918367346939,2,234640,28073,270556,3.8,C,1.32,C,NA,NA,NA,NA,0.8275862068965517,1.1333333333333333,10.1,1,1,7,3,31906.341999999997,242831.546,1213875.9719999998,27229.834000000003,158191.302,249.598,963.818,35179.676,726.482,398.742
Aug-2021,2021,8,Suisun Bay,0.0333342,NA,0.1568,0.087441,0.198,0.286,0.10780000000000001,20.204153846153844,13.333102409137418,35.49827586469979,7.70804347826087,3.9208,7.808546677182718,1.7333333333333334,2,234640,28073,270556,3.8,C,1.32,C,NA,NA,NA,NA,NA,NA,17.92,0,0,1,1,1679397.8525,32546.644999999997,12249.032500000001,498.2525,79618.8675,205.35500000000002,110.57499999999999,34025.0925,31.9425,53.215
Aug-2021,2021,8,Suisun Marsh,0.026927,NA,0.1965,0.1125,0.3,0.33,0.1325,20.89448974920779,10.973487921237304,34.24763165925678,7.0451162790697675,5.940555555555555,7.590856912743868,1,1,234640,28073,270556,3.8,C,1.32,C,NA,NA,NA,NA,NA,NA,14.96,0,0,1,1,1355816.31,16356.023333333333,15132.720000000001,4102.320000000001,1456.57,109.04,81.66000000000001,35427.63,61.45333333333334,34.07333333333333
Sep-2021,2021,9,Confluence,0.02596285714285714,NA,0.10135714285714285,0.07778571428571429,0.1957142857142857,0.21371428571428572,0.07107142857142856,21.54254968753358,2.595361216245835,12.410580654747996,8.333174603174603,1.7472,7.833857748029874,1.9777777777777779,2,228240,11653,246664,3.8,C,1.32,C,3.346533101326001,0.29632843883481386,7.184933948685545,6.444014035626735,0.5,0,14.28,1,1,1,1,89281.7468888889,86318.14733333333,27768.29288888889,4573.556666666667,35903.40866666667,111.77199999999999,327.426,26031.667777777777,134.37199999999999,89.70488888888889
Sep-2021,2021,9,North,0.03389551428571429,0.267,0.6227168,0.3975644857142857,0.23083333333333333,0.28534375,0.413764705882353,21.904851050396307,0.1536282532432722,14.640833366925774,7.978859649122807,1.9470782127659574,7.839589602880092,1,1,228240,11653,246664,3.8,C,1.32,C,NA,NA,NA,NA,0.16666666666666666,0.8,10.9,3,1,6,3,32938.11583333333,7382.17875,5731.771875,2576.561875,63809.690833333334,120.02916666666667,33.77375,14956.13625,115.896875,151.49354166666666
Sep-2021,2021,9,SouthCentral,0.02310723076923077,NA,0.255859125,0.09959523076923077,0.232,0.32084615384615384,0.09376923076923077,23.7166128847913,0.25786050153836176,4.441129028407038,7.09063829787234,2.300357142857143,7.383387609270184,1.9795918367346939,2,228240,11653,246664,3.8,C,1.32,C,NA,NA,NA,NA,0.6296296296296297,0.8461538461538461,9.53,3,2,14,5,487722.002,218947.49599999998,4933583.734,52935.846000000005,84215.094,338.11600000000004,869.4280000000001,49892.524000000005,848,353.696
Sep-2021,2021,9,Suisun Bay,0.05194666666666667,NA,0.19233333333333333,0.101,0.20666666666666667,0.291,0.10366666666666667,20.253529443179865,12.46361454336794,17.156081086751577,8.089803921568627,2.8548275862068966,7.7548928623682825,1.4482758620689655,1,228240,11653,246664,3.8,C,1.32,C,4.033895140455543,1.8676748231791644,0,10.08473785113887,NA,NA,16.17,0,0,0,0,76086.8725,78606.4025,16655.615,868.74,2750.6325,229.5825,385.6525,45495.21,57.775,35.9325
Sep-2021,2021,9,Suisun Marsh,0.024015,NA,0.1815,0.096,0.32,0.35950000000000004,0.1395,20.748823499492566,7.811028090001971,26.310975693493358,7.484375,3.575,7.591476751718962,1.4,1,228240,11653,246664,3.8,C,1.32,C,2.9724449125919827,0.35512733285307907,9.384945614616308,5.0805219315311705,NA,NA,13.69,0,0,3,1,2131453.1,113260.48,24095.62142857143,10654.6,224470.0042857143,543.82,425.9842857142857,66932.27285714286,143.37142857142857,251.9414285714286
Oct-2021,2021,10,Confluence,0.0253754,NA,0.14773333333333333,0.06714906666666666,0.15157546666666666,0.20980000000000001,0.07133333333333333,17.55775425300848,3.2378867499597863,12.82616351690574,8.626846153846154,1.519423076923077,7.784687677489772,1.2444444444444445,1,363980,25388,416703,4.55,C,1.56,C,NA,NA,NA,NA,0,1,9.83,9,4,15,4,848103.2294444445,107385.25777777779,34736.25,2645.4194444444443,394852.8561111111,137.9572222222222,372.635,28066.727777777778,135.23055555555555,297.88
Oct-2021,2021,10,North,0.025490714285714287,0.209,0.07405148148148148,0.10300014814814815,0.2470403,0.28311096296296295,0.10855555555555556,17.04181425162299,0.1516092847293629,20.782403155005106,8.444070796460178,1.818110075,7.789306572519104,1,1,363980,25388,416703,4.55,C,1.56,C,NA,NA,NA,NA,0,0.14285714285714285,9.1,11,5,16,5,15600.676000000001,98300.798,96607.95749999999,7984.150500000001,87345.28,79.603,302.06399999999996,20836.544,133.68699999999998,212.81150000000002
Oct-2021,2021,10,SouthCentral,0.02478253846153846,NA,0.3921009375,0.08497723076923076,0.219,0.24136030769230768,0.09461538461538462,17.82255317531915,0.303467904632758,5.1676595712127655,7.953225806451613,1.4122848,7.505082791457715,1.3170731707317074,1,363980,25388,416703,4.55,C,1.56,C,NA,NA,NA,NA,0.45,1.0476190476190477,8.66,15,5,21,6,30581.77,96773.688,12041.058,4561.016,98822.742,113.702,617.1020000000001,11041.070000000002,163.592,145.892
Oct-2021,2021,10,Suisun Bay,0.0693832,NA,0.1908,0.0886,0.1100006,0.2348,0.1004,17.731411814072555,11.993412553411988,20.755945868620998,8.384615384615385,2.1323333333333334,7.626365816776269,1,1,363980,25388,416703,4.55,C,1.56,C,NA,NA,NA,NA,NA,NA,12.54,1,1,7,2,1615668.1333333335,59209.119999999995,10193.736666666666,4828.526666666667,163739.48166666666,198.45166666666668,269.48333333333335,28260.318333333333,65.86833333333333,188.55499999999998
Oct-2021,2021,10,Suisun Marsh,0.095,NA,0.1705,0.072,0.2,0.352,0.099,16.735454523780128,8.381002015988427,28.05727264057507,7.86609756097561,2.736111111111111,7.476273874646747,1,1,363980,25388,416703,4.55,C,1.56,C,NA,NA,NA,NA,NA,NA,11.13,3,2,14,5,472088.1557142857,74802.82142857142,24050.675714285717,25916.63142857143,249133.77857142856,392.09714285714284,300.1228571428572,66807.41428571429,321.39,501.1828571428572
Nov-2021,2021,11,Confluence,0.0885,NA,0.509,0.07800991666666666,0.3416666666666667,0.46125,0.10475,15.574388887697905,2.0905135884925152,21.29308212662545,7.875726495726496,1.4838766279069768,7.394660600627043,1.0227272727272727,1,258180,22208,293048,4.55,C,1.56,C,NA,NA,NA,NA,0.5,0.5,6.15,16,6,22,9,119665.85363636365,48404.43272727273,13287.737272727274,822.3627272727273,159702.54545454544,111.94727272727273,173.23181818181817,32155.29090909091,11.217272727272727,214.48727272727274
Nov-2021,2021,11,North,0.0770472380952381,2.01,0.3569203,0.21877844999999999,0.43846153846153846,0.6224,0.24355,14.938486101859692,0.20676469293141994,18.221333342719916,6.842368421052631,2.484722222222222,7.430170912889397,1,1,258180,22208,293048,4.55,C,1.56,C,NA,NA,NA,NA,0,0.8,5.63,21,6,26,10,97898.77,19637.9075,27690.03625,1914.35375,32469.88375,234.2875,69.8175,13973.03875,47.1725,177.14000000000001
Nov-2021,2021,11,SouthCentral,0.06566614285714285,NA,0.5983815,0.09737585714285714,0.32727272727272727,0.4218571428571429,0.10557142857142857,15.729590926363636,0.2251167702009903,5.491363636590909,7.3914285714285715,0.8343821363636363,7.236315374321402,1.125,1,258180,22208,293048,4.55,C,1.56,C,NA,NA,NA,NA,0.7619047619047619,0.8571428571428571,6.58,18,6,27,14,4414640.933999999,119408.68400000001,16934.052,1255.6219999999998,25899334.394,3342.79,386.87199999999996,46608.509999999995,21.562,2393.296
Nov-2021,2021,11,Suisun Bay,0.177,NA,0.3853333333333333,0.09166666666666666,0.24666666666666667,0.4726666666666667,0.121,16.003086382077065,8.871590120164523,30.048806004310723,7.9475,2.131111111111111,7.4910932098825285,1,1,258180,22208,293048,4.55,C,1.56,C,NA,NA,NA,NA,NA,NA,9.22,2,1,15,5,284854.0366666667,11876.443333333335,17634.986666666668,1939.9733333333334,3676.793333333333,533.48,40.34666666666667,49187.806666666664,42.589999999999996,40.34666666666667
Nov-2021,2021,11,Suisun Marsh,0.269,NA,0.4435,0.07350000000000001,0.45999999999999996,0.7969999999999999,0.154,15.061132068274155,5.455341559277287,43.39170724264005,6.901,3.873,7.24179432611041,1,1,258180,22208,293048,4.55,C,1.56,C,NA,NA,NA,NA,NA,NA,7.66,12,4,22,6,269763.995,NA,18467.875,NA,3750.05,319.425,NA,51299.655,NA,63.885
Dec-2021,2021,12,Confluence,0.0995135,NA,0.5225,0.0808,0.219,0.3643,0.0974,11.339950495026367,2.7919302643604937,28.935860197607447,9.548650793650793,1.3434026666666667,7.701992230872301,1,1,554030,31130,638445,4.55,C,1.56,C,NA,NA,NA,NA,0,1,8.49,9,8,14,8,138024.75999999998,32782.670000000006,16350.269999999999,756.1466666666666,81500.36555555556,328.2877777777778,93.07333333333332,45503.52,11.11,111.41888888888889
Dec-2021,2021,12,North,0.04050476923076923,4.52,0.656689,0.13984058333333332,0.3763855,0.5163333333333333,0.17391666666666666,10.11182298859959,0.17902083923711506,44.60766999914734,8.543536585365853,1.3685323333333332,7.552711672106342,1,1,554030,31130,638445,4.55,C,1.56,C,NA,NA,NA,NA,0,2,7.95,14,8,19,14,563232.4079166666,2993.2925,23771.864166666666,3940.185,393341.40708333335,496.95625,9.8025,43864.055,52.27,600.12625
Dec-2021,2021,12,SouthCentral,0.0493992,NA,0.9559095384615385,0.0846769,0.31,0.4283,0.0886,11.174641023195706,0.2826386239273177,6.5612820161917265,9.6004,1.284064318181818,7.503967078258718,1.0526315789473684,1,554030,31130,638445,4.55,C,1.56,C,NA,NA,NA,NA,0.48,1.0384615384615385,8.85,15,14,18,22,139378.646,205753.90600000002,5705.544,153.21800000000002,92168.76999999999,44.02,522.984,15848.732,5.476,112.744
Dec-2021,2021,12,Suisun Bay,0.18966666666666668,NA,0.47633333333333333,0.08333333333333334,0.11693066666666665,0.3943333333333333,0.112,12.134578336233115,10.420951507602787,32.926389079623746,9.182432432432432,1.4328571428571428,7.686352587609584,1,1,554030,31130,638445,4.55,C,1.56,C,NA,NA,NA,NA,NA,NA,12.58,0,0,6,2,2392462.58,10682.733333333334,19877.693333333333,NA,NA,172.1833333333333,30.666666666666668,55215.81666666666,NA,NA
Dec-2021,2021,12,Suisun Marsh,0.1935,NA,0.6134999999999999,0.0735,0.535,0.7605,0.1365,11.297999974568686,5.640036975476634,54.46000036239624,8.326190476190476,0.7848915000000001,7.624971218322152,1,1,554030,31130,638445,4.55,C,1.56,C,NA,NA,NA,NA,NA,NA,9.87,5,2,12,4,52363.23,5639.555,16529.35,1248.74,3875.69,175.96,30.26,45914.86,170.36,85.18
Jan-2022,2022,1,Confluence,0.0639362,NA,0.7001000000000001,0.0717,0.499,0.5371,0.0938,9.461851858891787,0.6395107783575845,30.493448274032612,9.962735042735043,0.904639,7.472065355104425,1,1,528100,33884,585080,4.55,C,1.56,C,NA,NA,NA,NA,0,2,6.02,20,9,26,15,144412.59888888887,29599.186666666665,14846.315555555555,397.18111111111114,168573.5288888889,288.85,104.4588888888889,39097.19666666667,11.357777777777777,405.43
Jan-2022,2022,1,North,0.032627250000000003,1.34,0.4319090909090909,0.12941636363636363,0.291,0.45345454545454544,0.16518181818181818,9.825674599383056,0.23095773264563565,24.555486739251663,9.654761904761905,1.2306364166666666,7.823981706647397,1,1,528100,33884,585080,4.55,C,1.56,C,NA,NA,NA,NA,0,0.5,5.98,19,10,24,13,1228057.24875,17348.3325,9984.69875,2295.1150000000002,187943.81625,857.9762499999999,44.23,24088.5225,130.19,380.26750000000004
Jan-2022,2022,1,SouthCentral,0.0978333,NA,1.2263076923076923,0.112,0.6444444444444445,0.7623,0.1242,9.714261922883388,0.20796697324223148,7.973614460839258,9.689464285714285,1.0712580416666666,7.532982050044997,1,1,528100,33884,585080,4.55,C,1.56,C,NA,NA,NA,NA,0.4827586206896552,0.8275862068965517,6.23,22,6,29,22,1236.48,29131.933999999997,7947.1539999999995,189.628,50010.174000000006,5.75,125.67999999999999,20150.446,9.581999999999999,155.116
Jan-2022,2022,1,Suisun Bay,0.10866666666666666,NA,0.63,0.08166666666666667,0.31,0.4786666666666667,0.11966666666666666,10.070196048512184,4.342624424585866,50.46749974250794,10.184242424242424,0.9479965,7.346361911960856,1,1,528100,33884,585080,4.55,C,1.56,C,NA,NA,NA,NA,NA,NA,9.75,1,1,14,3,174490.84333333332,28157.306666666667,21817.75,NA,5853.246666666667,285.34999999999997,229.98666666666668,60604.86666666667,NA,51.10666666666666
Jan-2022,2022,1,Suisun Marsh,0.1395,NA,0.7115,0.07050000000000001,0.595,0.7875,0.1475,10.336399999999998,2.86658408953863,65.78181783502752,8.921818181818182,4.706666666666667,7.4595396456636935,1,1,528100,33884,585080,4.55,C,1.56,C,NA,NA,NA,NA,NA,NA,9.03,15,3,20,8,62616,NA,27989.32,417.565,222574.175,258.73,NA,77748.12,71.87,258.73
Feb-2022,2022,2,Confluence,0.055811545454545454,NA,0.4380909090909091,0.05796763636363637,0.21727272727272728,0.29972727272727273,0.06736363636363636,10.831288896309301,1.1177756519059057,23.280999965807208,10.269421487603307,1.3210774210526315,7.666563760347942,1,1,341400,37539,395671,4.55,C,1.56,C,NA,NA,NA,NA,0,0,9.22,13,10,17,11,71593.50899999999,85072.452,8319.952000000001,1275.321,117593.073,135.01,265.59499999999997,21410.448,52.412,283.225
Feb-2022,2022,2,North,0.023640923076923077,1.9,0.21833333333333332,0.103972,0.2589987,0.3565,0.11383333333333333,11.57277390470771,0.2505203338345596,17.509807705298325,10.235425531914894,3.5191666666666666,7.912861770038544,1,1,341400,37539,395671,4.55,C,1.56,C,NA,NA,NA,NA,0,0.25,8.42,17,11,18,11,1093278.09875,17076.137499999997,8274.37375,5366.98625,231541.52999999997,1350.43625,57.1375,10480.202500000001,183.52249999999998,474.82
Feb-2022,2022,2,SouthCentral,0.037779,NA,1.0283333333333333,0.08009736363636363,0.3925,0.497,0.10254545454545455,11.072962970039562,0.18504578600292382,6.063888901235271,10.714363636363636,1.8896052727272727,7.668898702940416,1,1,341400,37539,395671,4.55,C,1.56,C,NA,NA,NA,NA,0.4482758620689655,0.9655172413793104,9.16,17,11,19,11,36344.198,268923.68799999997,3575.8900000000003,2554.1459999999997,31826.983999999997,49.94799999999999,661.9159999999999,9933.034,80.39,82.024
Feb-2022,2022,2,Suisun Bay,0.11133333333333333,NA,0.5056666666666667,0.079,0.13666666666666666,0.32233333333333336,0.089,11.447843140994804,6.9434260467864615,24.914999969005578,9.795769230769231,1.68625,7.626987934025191,1,1,341400,37539,395671,4.55,C,1.56,C,NA,NA,NA,NA,NA,NA,11.46,0,0,12,9,144001.98666666666,114551.38666666667,8736.8,5750.21,32638.66666666666,217.54333333333332,416.7366666666667,24268.89,366.93666666666667,72.07666666666667
Feb-2022,2022,2,Suisun Marsh,0.09,NA,0.5780000000000001,0.0695,0.355,0.6165,0.1465,11.332413852297027,2.861360866854959,40.12352943420411,9.443,5.986666666666666,7.778964659705938,1,1,341400,37539,395671,4.55,C,1.56,C,NA,NA,NA,NA,NA,NA,10.69,14,4,19,11,308400.455,7316.24,20146.575,NA,100060.02000000002,2539.4750000000004,95.825,55962.705,NA,287.48
Mar-2022,2022,3,Confluence,0.0173526,NA,0.2866,0.0421848,0.248,0.2822,0.0556,13.851495162304357,0.9144711478509213,22.640315755333024,9.967703703703704,4.609473684210526,8.008202551781128,1,1,325390,29944,369805,4.55,C,1.56,C,NA,NA,NA,NA,0,0,12.52,0,0,3,1,375978.51999999996,152010.06444444446,7196.971111111111,548.4555555555555,3179363.8233333332,317.9511111111111,496.5233333333333,19628.756666666668,28.814444444444447,798
Mar-2022,2022,3,North,0.028299923076923077,0.070726,0.19364916666666668,0.12038916666666667,0.317,0.46491666666666664,0.15658333333333332,14.295023071054311,0.24303834428337695,15.559218763397165,9.743457943925234,3.9825,8.048029439768962,1,1,325390,29944,369805,4.55,C,1.56,C,NA,NA,NA,NA,0,0.6,10.79,3,1,10,6,5071702.319999999,11228.7375,7380.978749999999,6609.9025,272333.21,7148.391250000001,23.58,7887.0975,284.98249999999996,309.495
Mar-2022,2022,3,SouthCentral,0.025517833333333333,NA,0.677,0.04949866666666667,0.32,0.4080833333333333,0.060083333333333336,14.423676201347329,0.18748246475123997,4.891619067293688,9.874927536231883,1.7660131538461539,7.7701575077352,1.0666666666666667,1,325390,29944,369805,4.55,C,1.56,C,NA,NA,NA,NA,0.4375,0.65625,11.18,3,1,10,7,757295.896,250951.642,4654.96,342.088,134484.712,422.134,644.0400000000001,10828.828,42.674,139.714
Mar-2022,2022,3,Suisun Bay,0.06266666666666666,NA,0.35233333333333333,0.07266666666666667,0.19666666666666666,0.32866666666666666,0.08466666666666667,13.83090906489979,6.473473032564322,44.42927291523327,9.700909090909091,7.378571428571429,7.819734686748386,1,1,325390,29944,369805,4.55,C,1.56,C,NA,NA,NA,NA,NA,NA,14,0,0,1,1,161152.14333333334,84060.87666666666,9289.153333333334,NA,3168339.0399999996,860.5566666666667,284.89000000000004,25803.210000000003,NA,407.50666666666666
Mar-2022,2022,3,Suisun Marsh,0.044552499999999995,NA,0.397,0.0735,0.38,0.522,0.16749999999999998,15.246388878292509,2.696021880945128,64.07999980163574,8.563333333333333,6.5,7.9071281046201145,1,1,325390,29944,369805,4.55,C,1.56,C,NA,NA,NA,NA,NA,NA,12.31,0,0,7,7,133945.76,32102.23,17622.965,3590.1099999999997,5525226.58,765.585,60.52,46373.845,118.015,765.585
Apr-2022,2022,4,Confluence,0.04537873684210526,NA,0.23673684210526316,0.07063157894736842,0.20315789473684212,0.30778947368421056,0.09152631578947368,16.313613858578908,1.5501799126657847,28.874946195895173,9.251632653061224,4.374333333333333,7.722435063948955,1,1,246940,28322,304353,4.55,C,1.56,C,NA,NA,NA,NA,0,0,14.51,1,1,1,1,127368.03861111113,62220.88333333333,19748.686388888887,3660.696111111111,1178397.7269444445,150.2147222222222,105.86972222222222,53337.5475,434.19888888888886,516.281111111111
Apr-2022,2022,4,North,0.036152894736842106,0.3,0.14034055555555555,0.18916072222222222,0.36062500000000003,0.3581666666666667,0.2106111111111111,16.817899298235304,0.1929484633082636,12.049591829932321,8.837539682539683,1.9320643333333334,7.906467526148219,1,1,246940,28322,304353,4.55,C,1.56,C,NA,NA,NA,NA,0,0.25,11.83,1,1,5,2,189037.9036,46387.3332,155598.6834,1375189.4326000002,949826.2490000001,464.74160000000006,171.00080000000003,73692.7274,996.7098000000001,1616.9424000000001
Apr-2022,2022,4,SouthCentral,0.03712476923076923,NA,0.597535125,0.07403699999999999,0.272,0.36853846153846154,0.08423076923076923,17.48188606406358,0.196048165300937,5.173333371771198,8.787818181818182,2.0872,7.790214411294912,1.032258064516129,1,246940,28322,304353,4.55,C,1.56,C,NA,NA,NA,NA,0.3548387096774194,0.40625,13.32,1,1,2,2,115818.2,306238.63600000006,4727.008,3238.816,51318.928,1059.518,797.108,11395.538,90.142,61.822
Apr-2022,2022,4,Suisun Bay,0.12933333333333333,NA,0.3333333333333333,0.08966666666666666,0.19,0.35633333333333334,0.13466666666666666,15.961904716491697,7.8899558031910635,51.58192312827477,8.99736842105263,3.0964285714285715,7.790033541303239,1,1,246940,28322,304353,4.55,C,1.56,C,NA,NA,NA,NA,NA,NA,17.17,0,0,0,0,272648.98333333334,24595.039999999997,23244.690000000002,NA,NA,471.87000000000006,61.32,64568.573333333334,NA,NA
Apr-2022,2022,4,Suisun Marsh,0.1092,NA,0.876,0.155,0.738,1.0832,0.2934,16.28250000397364,3.7529971701405356,85.3018918712719,8.084615384615384,5.35,7.727689020916725,1,1,246940,28322,304353,4.55,C,1.56,C,NA,NA,NA,NA,NA,NA,14.65,0,0,3,3,168411.35,16637.5725,31448.005,8922.260625,462132.193125,367.30625,26.08625,84693.6925,1070.043125,724.9275
May-2022,2022,5,Confluence,0.04300975,NA,0.24091666666666667,0.07258333333333333,0.1775,0.27191666666666664,0.07925,18.047854618062942,2.3712091474461308,28.092938432805113,8.748333333333333,1.7527272727272727,7.900094825974932,1,1,222180,22158,266068,4.55,C,1.56,C,NA,NA,NA,NA,0,0,15.17,0,0,0,0,548083.005625,56254.40625,19861.329375,10123.106875,111238.49,328.23625,196.411875,51688.07,630.13375,253.433125
May-2022,2022,5,North,0.02224781818181818,0.32,0.0771405,0.14398930000000001,0.27843425,0.32180000000000003,0.1601,18.96936365584556,0.15847335910155008,12.66092484987407,8.643642384105961,1.925625,7.999090706588826,1,1,222180,22158,266068,4.55,C,1.56,C,NA,NA,NA,NA,0,1,12.53,0,0,1,1,27217.75625,85492.0325,13399.89875,26279.62125,85630.7475,208.31625,400.2275,31617.313125,1350.670625,182.926875
May-2022,2022,5,SouthCentral,0.024572615384615384,NA,0.3915178888888889,0.077722,0.22727272727272727,0.3323076923076923,0.0886923076923077,19.340316421988106,0.1568895501396064,5.01329112963085,8.54375,2.535561675675676,7.844360510493997,1.0625,1,222180,22158,266068,4.55,C,1.56,C,NA,NA,NA,NA,1.0285714285714285,0.8,14.62,0,0,1,1,105735.532,193705.46800000002,6920.876000000001,4211.056,86343.808,290.756,717.874,17498.338,418.41999999999996,237.75799999999998
May-2022,2022,5,Suisun Bay,0.07767128571428572,NA,0.29357142857142854,0.087717,0.1957142857142857,0.3914285714285714,0.12142857142857143,17.416578927291063,9.998423311927686,56.12292314734826,8.672941176470589,2.636,7.889121313446509,1,1,222180,22158,266068,4.55,C,1.56,C,NA,NA,NA,NA,NA,NA,17.67,0,0,0,0,545786.5711111111,47895.987222222226,29148.003333333338,10211.311111111112,113443.16666666667,385.24111111111114,69.84722222222223,80286.2711111111,813.0300000000001,313.2716666666667
May-2022,2022,5,Suisun Marsh,0.076,NA,0.3248,0.0748,0.246,0.4224,0.1232,18.18258065131403,3.9890803499138907,42.602692315028264,8.232641509433963,2.67,7.721062216572759,1,1,222180,22158,266068,4.55,C,1.56,C,NA,NA,NA,NA,NA,NA,16.3,0,0,0,0,124074.00142857143,67613.58142857143,17309.37285714286,3000.4049999999997,139952.3692857143,188.22285714285712,77.30642857142857,46490.45857142857,270.8614285714286,346.36857142857144
Jun-2022,2022,6,Confluence,0.0273715,NA,0.17975,0.0675,0.16,0.2105,0.07108333333333333,21.81536111815495,2.7325714002331525,13.477749997216815,8.182941176470589,1.7486363636363635,7.917203209709014,1.3846153846153846,1,266000,20927,299507,4.55,C,1.56,C,NA,NA,NA,NA,0,0,14.26,0,0,0,0,69751.1490909091,231264.14818181816,7150.47090909091,4435.289090909091,168132.50545454546,288.7190909090909,779.3590909090909,19003.453636363636,82.78999999999999,160.9690909090909
Jun-2022,2022,6,North,0.03047376923076923,0.25,0.09786308333333334,0.105758,0.1640137,0.22038950000000002,0.11449999999999999,22.54954242592953,0.14819530759609847,18.75700001412899,7.990404624277456,1.8462745098039215,7.958917291998711,1.0476190476190477,1,266000,20927,299507,4.55,C,1.56,C,NA,NA,NA,NA,0.75,0.3333333333333333,12.25,0,0,0,0,712097.8075,58384.3225,14289.961249999998,35481.73625,344028.9925,263.63125,215.1075,35454.506250000006,2421.03875,365.90125
Jun-2022,2022,6,SouthCentral,0.0281285,NA,0.3187041875,0.10714285714285715,0.24181818181818182,0.27587114285714287,0.11542857142857144,23.11463769761726,0.2111786558450759,3.487681158025143,7.602631578947369,2.2279310344827588,7.62247712202686,1.8780487804878048,2,266000,20927,299507,4.55,C,1.56,C,NA,NA,NA,NA,0.896551724137931,0.8275862068965517,13,0,0,1,1,55865.778000000006,527003.076,52578.60799999999,15693.891999999998,30314.685999999998,398.806,1086.7540000000001,9727.972,482.57,73.498
Jun-2022,2022,6,Suisun Bay,0.043304999999999996,NA,0.245,0.093,0.17,0.2763333333333333,0.10866666666666666,20.698627424801096,12.478038694391111,28.68846150911771,8.05676923076923,3.896176470588235,7.890273744615852,1,1,266000,20927,299507,4.55,C,1.56,C,NA,NA,NA,NA,NA,NA,17.3,0,0,0,0,97644.16666666667,140768.91,16541.94,950.7800000000001,18994.54,430.49666666666667,363.15000000000003,45949.83666666667,13.450000000000001,48.296666666666674
Jun-2022,2022,6,Suisun Marsh,0.044551999999999994,NA,0.2385,0.096,0.275,0.4235,0.1365,21.49695654385332,8.370204027955634,28.73879309358268,7.191666666666666,4.858333333333333,7.660673798917638,1,1,266000,20927,299507,4.55,C,1.56,C,NA,NA,NA,NA,NA,NA,15.42,0,0,0,0,95357.64499999999,49367.41,16609.245,2685.785,NA,241.265,356.255,42141.990000000005,421.63,NA
Jul-2022,2022,7,Confluence,0.031398416666666665,NA,0.08541666666666667,0.06375,0.1625,0.212,0.0935,22.32311252374081,2.0084923298808075,14.662620661572978,8.234793388429752,1.711818181818182,7.981351285123901,2.0256410256410255,2,375300,7859,395272,4.55,C,1.56,C,NA,NA,NA,NA,0,0,15.6,0,0,0,0,102182.89363636365,178071.96363636362,63061.84181818182,1584.7263636363639,252266.77454545454,324.93454545454546,507.1872727272728,28605.107272727273,242.5772727272727,206.78181818181818
Jul-2022,2022,7,North,0.026923076923076925,0.021482,0.06985016666666667,0.08740966666666666,0.1130444,0.21283333333333332,0.09708333333333333,22.756189856191334,0.13889226474886573,16.8568421003395,7.964416666666667,1.43,7.854947546198344,1,1,375300,7859,395272,4.55,C,1.56,C,NA,NA,NA,NA,0.75,0.25,13.63,0,0,0,0,85489.3725,10311.94,9094.685000000001,24239.181249999998,53540.8425,190.125,59.7,22547.66625,2706.51125,196.80375
Jul-2022,2022,7,SouthCentral,0.02468535714285714,NA,0.13169893333333332,0.09492857142857143,0.20416666666666666,0.3825,0.1105,24.976070175438597,0.23963570047414207,4.8708772147192985,7.554883720930232,6.191034482758621,7.630055215810716,2.525,3,375300,7859,395272,4.55,C,1.56,C,NA,NA,NA,NA,0.967741935483871,1,12.07,0,0,0,0,70813.716,598576.676,293980.57,27081.514000000003,62863.314,568.908,1098.8419999999999,13384.862,1685.8380000000002,123.352
Jul-2022,2022,7,Suisun Bay,0.07066666666666667,NA,0.151,0.096,0.19999999999999998,0.3303333333333333,0.146,20.99935483255694,10.82416625890316,41.03725470374613,8.295581395348837,3.7979310344827586,7.975504691598412,1.0666666666666667,1,375300,7859,395272,4.55,C,1.56,C,NA,NA,NA,NA,NA,NA,18.27,0,0,0,0,63439.49,72856.58333333333,11135.983333333332,17250.246666666666,107549.01666666666,265.4166666666667,178.85666666666665,30933.289999999997,462.19,64.58
Jul-2022,2022,7,Suisun Marsh,0.07150000000000001,NA,0.1855,0.104,0.275,0.4175,0.14650000000000002,21.689999981834777,8.743504169786004,34.132812345027915,7.179444444444444,2.206875,7.7933681634264005,1,1,375300,7859,395272,4.55,C,1.56,C,NA,NA,NA,NA,NA,NA,16.49,0,0,0,0,529645.485,83009.39,15363.18,14243.63,45237.100000000006,377.36,283.02,37985.2,33.82,161.98000000000002
Aug-2022,2022,8,Confluence,0.028154176470588235,NA,0.09065211764705883,0.05744794117647059,0.13677235294117648,0.1983529411764706,0.07511764705882353,22.164927534381935,2.737453519965412,19.092303708483858,8.116331360946745,1.6400000000000001,7.825148043687971,2.026315789473684,2,307420,6072,324786,4.55,C,1.56,C,NA,NA,NA,NA,0,0,15.59,0,0,0,0,68258.01583333332,47376.91416666666,35163.41625,2281.02125,97493.65875,243.6604166666667,135.93625,32609.46375,323.73541666666665,192.55125
Aug-2022,2022,8,North,0.02065244,0.065965,0.046328,0.12439020833333334,0.15457036363636364,0.24399495833333334,0.14083333333333334,23.020047613797566,0.1553030574262307,13.013194416727407,7.785384615384616,1.2873469387755103,7.733520181231659,1.2380952380952381,1,307420,6072,324786,4.55,C,1.56,C,NA,NA,NA,NA,0.2857142857142857,0.2857142857142857,12.64,0,0,2,2,35183.92088235294,27522.630588235297,32004.231764705884,11101.528823529412,237241.555,134.23676470588236,88.0164705882353,26573.741176470587,1070.2741176470588,464.49382352941177
Aug-2022,2022,8,SouthCentral,0.02146646153846154,NA,0.2759026875,0.07836230769230769,0.1668219090909091,0.27715384615384614,0.08892307692307692,24.97093442,0.23224502035201092,4.627377052327868,7.749787234042553,2.966206896551724,7.469527761769427,2,2,307420,6072,324786,4.55,C,1.56,C,NA,NA,NA,NA,0.9375,1.0625,11.02,0,0,4,2,78763.196,431743.002,460299.404,27427.956,94596.88399999999,536.858,937.058,35003.37,1181.794,231.64000000000001
Aug-2022,2022,8,Suisun Bay,0.077,NA,0.2202,0.10878700000000001,0.13147920000000002,0.2944,0.1362,21.41279415130615,11.933357719559602,41.00052631445099,7.817959183673469,2.6,7.787357746539774,1.4,1,307420,6072,324786,4.55,C,1.56,C,NA,NA,NA,NA,NA,NA,17.59,0,0,0,0,36292.50875,2360.43875,84952.6525,7307.76125,65448.04,139.545,30.665,40484.24625,746.2625,143.605
Aug-2022,2022,8,Suisun Marsh,0.022106499999999998,NA,0.35550000000000004,0.114,0.285,0.371,0.166,21.845200076293946,10.132907596552291,45.36924992275238,6.988409090909091,4.371666666666667,7.600561468087683,1,1,307420,6072,324786,4.55,C,1.56,C,NA,NA,NA,NA,NA,NA,15.21,0,0,0,0,2261382.4899999998,NA,23828.093333333334,450.66333333333336,261186.03000000003,255.54,NA,61267.18666666667,92.92,127.77
Sep-2022,2022,9,Confluence,0.015369363636363636,NA,0.13345454545454546,0.06581818181818182,0.10998190909090909,0.15754545454545454,0.07445454545454545,22.044594414790904,3.022078061510955,13.18353664373179,7.8285294117647055,1.5953333333333333,7.779556676152555,1.3953488372093024,1,262580,8272,281821,4.55,C,1.56,C,NA,NA,NA,NA,0,0,12.64,0,0,1,1,658627.6238461538,92008.4276923077,23105.49769230769,7719.931538461538,95428.03846153847,149.2630769230769,286.05846153846153,34178.407692307694,168.73615384615385,147.76307692307694
Sep-2022,2022,9,North,0.02938552380952381,0.2,0.051410000000000004,0.11072561904761904,0.1716201052631579,0.27224361904761907,0.1346190476190476,22.259253754106627,0.13292342219840056,12.621578957485145,7.4040869565217395,1.139,7.6677794443142915,1,1,262580,8272,281821,4.55,C,1.56,C,NA,NA,NA,NA,0.3333333333333333,0.5,10.96,0,0,5,3,356150.296875,288.79375,7093.8412499999995,24901.775,141167.35875,335.55437500000005,3.7825,17067.109375,885.51,221.414375
Sep-2022,2022,9,SouthCentral,0.026308083333333333,NA,0.3317316,0.08375291666666666,0.1669194,0.2525,0.09375,23.9226406309375,0.264092232593234,4.338593756078125,7.716666666666667,3.420769230769231,7.606420527707469,1.8936170212765957,2,262580,8272,281821,4.55,C,1.56,C,NA,NA,NA,NA,1.1612903225806452,1.2580645161290323,10.28,0,0,5,3,1673664.276,191278.5,32299.984000000004,4377.596,31694.977999999996,340.01,786.438,18249.252,350.156,122.936
Sep-2022,2022,9,Suisun Bay,0.03316266666666667,NA,0.257,0.10633333333333334,0.109087,0.17566666666666667,0.12566666666666668,21.64065221537715,13.051328681567139,26.045555518350483,7.660677966101695,2.6215151515151516,7.753262063873824,1.0689655172413792,1,262580,8272,281821,4.55,C,1.56,C,NA,NA,NA,NA,NA,NA,16.29,0,0,0,0,167714.41999999998,82479.89800000002,14451.204000000002,5237.280000000001,105902.236,350.252,264.718,41237.414000000004,281.238,65.30199999999999
Sep-2022,2022,9,Suisun Marsh,0.028397,NA,0.21250000000000002,0.0725,0.195,0.3035,0.1145,21.364883712058845,9.05244480919727,34.13674422153207,6.54975,4.2776,7.447560463785802,1,1,262580,8272,281821,4.55,C,1.56,C,NA,NA,NA,NA,NA,NA,13.63,0,0,1,1,1400871.7171428571,122382.6557142857,37036.99428571428,24988.571428571428,537829.7100000001,1763.802857142857,209.76857142857145,61899.17428571428,411.88571428571424,347.8828571428571
Oct-2022,2022,10,Confluence,0.026232,NA,0.1329725294117647,0.06030164705882353,0.12253429411764706,0.16173558823529413,0.067,19.155401066478447,3.172533057367312,13.213546522347688,8.449361702127659,2.082127659574468,7.899797254073578,1.5909090909090908,2,212230,26143,243054,9.33,W,6.4,W,NA,NA,NA,NA,0,0,NA,NA,NA,NA,NA,342106.6177777778,96738.55444444445,17004.49740740741,7080.670740740741,158896.98037037035,206.1196296296296,259.80925925925925,34029.17222222222,476.1859259259259,210.08777777777777
Oct-2022,2022,10,North,0.023331538461538463,0.084297,0.06548092307692308,0.07581215384615385,0.16766558333333334,0.24405376923076924,0.09338461538461539,19.269245009151764,0.13347165681699566,14.2912162535347,8.014469696969696,0.9427800243902439,7.7309299274604495,1,1,212230,26143,243054,9.33,W,6.4,W,NA,NA,NA,NA,0.5,1.1666666666666667,NA,NA,NA,NA,NA,26615.135294117645,88019.15411764706,12993.56705882353,11277.08794117647,51994.07352941176,117.68352941176471,290.6870588235294,15470.149705882352,578.5182352941176,147.70470588235295
Oct-2022,2022,10,SouthCentral,0.022492642857142857,NA,0.22716629411764705,0.06769564285714286,0.16373416666666668,0.224,0.08042857142857143,20.419482761896553,0.2577616667382619,3.8755172329827587,7.787608695652174,2.8669509090909093,7.602264252966842,1.891304347826087,2,212230,26143,243054,9.33,W,6.4,W,NA,NA,NA,NA,1.25,1.5757575757575757,NA,NA,NA,NA,NA,196678.468,156131.644,9875.645999999999,16588.938000000002,61068.9,355.21,719.732,22056.594,762.636,254.248
Oct-2022,2022,10,Suisun Bay,0.0636396,NA,0.232,0.0873054,0.164,0.2644,0.1008,18.61680001525879,12.506377541297843,28.318461532592774,8.602790697674418,2.538,7.909328389491766,1.0344827586206897,1,212230,26143,243054,9.33,W,6.4,W,NA,NA,NA,NA,NA,NA,NA,NA,NA,NA,NA,271816.374,53382.045000000006,165668.548,14749.682999999999,178080.55,244.97200000000004,178.44299999999998,52082.674,553.083,241.644
Oct-2022,2022,10,Suisun Marsh,0.098,NA,0.277,0.0635,0.215,0.366,0.098,18.73269228568444,8.020699933938689,36.16333334695725,7.658163265306122,3.9804761904761907,7.564218998791706,1,1,212230,26143,243054,9.33,W,6.4,W,NA,NA,NA,NA,NA,NA,NA,NA,NA,NA,NA,184899.17714285714,79855.32285714286,26895.292857142857,5122.174285714286,439961.4242857142,257.20285714285717,121.55714285714285,74709.11,251.53142857142856,357.6828571428572
Nov-2022,2022,11,Confluence,0.04972,NA,0.20933333333333334,0.06458333333333334,0.08159933333333333,0.18558333333333332,0.07458333333333333,13.768687500007655,3.125856862998565,17.241136417753964,9.482297297297297,1.146271186440678,7.71049098360537,1.1111111111111112,1,205380,20094,229923,9.33,W,6.4,W,NA,NA,NA,NA,0,0,NA,NA,NA,NA,NA,358448.35454545455,171248.51545454544,16384.73,12416.650000000001,97191.23727272729,285.26272727272726,566.5818181818181,39037.64272727273,565.4118181818181,100.85272727272728
Nov-2022,2022,11,North,0.02368769230769231,0.033002,0.1409383076923077,0.05210838461538462,0.11919972727272728,0.17812969230769232,0.06323076923076923,12.377141930542718,0.13924318448597164,11.412012980701691,9.829264705882354,0.9257979591836735,7.815922710492359,1,1,205380,20094,229923,9.33,W,6.4,W,NA,NA,NA,NA,0,0.2857142857142857,NA,NA,NA,NA,NA,138693.12666666668,2811.22,6775.206666666667,8559.289583333333,215413.87458333332,665.5145833333335,8.3325,12602.972916666668,541.1970833333334,198.01874999999998
Nov-2022,2022,11,SouthCentral,0.02899207142857143,NA,0.24277246666666666,0.05597235714285714,0.18,0.23364285714285715,0.06807142857142857,12.838092578481481,0.2877118276984229,3.26851852148367,9.733571428571429,1.686,7.690515881697076,1.3095238095238095,1,205380,20094,229923,9.33,W,6.4,W,NA,NA,NA,NA,0.9285714285714286,1.1071428571428572,NA,NA,NA,NA,NA,121997.852,489226.394,15718.001999999999,5677.3279999999995,56107.992000000006,278.512,1624.384,18004.818,467.424,109.792
Nov-2022,2022,11,Suisun Bay,0.125,NA,0.286,0.091,0.065302,0.26066666666666666,0.12233333333333334,13.864555578867591,11.8607385660414,26.695949396060993,9.15859649122807,2.6348387096774193,7.647215062968715,1,1,205380,20094,229923,9.33,W,6.4,W,NA,NA,NA,NA,NA,NA,NA,NA,NA,NA,NA,1386159.2833333334,3207.0699999999997,20729.26,24809.679999999997,3420.5699999999997,166.1,38.33,57581.28,238.5,76.66
Nov-2022,2022,11,Suisun Marsh,0.14150000000000001,NA,0.2505,0.06,0.25,0.475,0.107,13.182962977091467,6.52597652348544,31.43795466683128,8.833333333333334,3.3962499999999998,7.485472022350125,1,1,205380,20094,229923,9.33,W,6.4,W,NA,NA,NA,NA,NA,NA,NA,NA,NA,NA,NA,1341858.9100000001,65970.92,20692.864999999998,NA,NA,477.74,283.255,57480.18,NA,NA
Dec-2022,2022,12,Confluence,0.06283954545454545,NA,0.3668181818181818,0.06427272727272727,0.16636363636363638,0.2933636363636364,0.0839090909090909,9.920607959950027,2.7770288191296055,17.020778501196176,10.073714285714285,1.1657142857142857,7.652846011232682,1,1,362750,36333,471991,9.33,W,6.4,W,NA,NA,NA,NA,0,1,NA,NA,NA,NA,NA,45860.50636363636,90838.69363636363,20818.073636363635,38254.12454545454,112032.69090909092,306.5209090909091,215.5381818181818,54346.30818181818,2355.220909090909,281.70909090909095
Dec-2022,2022,12,North,0.021754583333333334,0.231,0.335908,0.10368325,0.315,0.35208333333333336,0.121,8.875163031033267,0.14949552636750857,16.517666690568763,9.145072463768116,1.1159999999999999,7.453945822804946,1,1,362750,36333,471991,9.33,W,6.4,W,NA,NA,NA,NA,0,0.3333333333333333,NA,NA,NA,NA,NA,311580.95583333337,NA,10082.686666666666,9048.845416666667,317301.4129166667,318.6895833333333,NA,27109.68,764.68125,518.6854166666667
Dec-2022,2022,12,SouthCentral,0.0512119,NA,0.5715384615384616,0.0453833,0.23,0.307075,0.072,9.737897459167739,0.30210222307117346,6.498589753246702,9.954,1.415,7.60633935391541,1,1,362750,36333,471991,9.33,W,6.4,W,NA,NA,NA,NA,0.9166666666666666,1.125,NA,NA,NA,NA,NA,172511.342,138752.456,50104.740000000005,34303.97,147210.1,218.544,420.64,26927.056,1938.462,356.87199999999996
Dec-2022,2022,12,Suisun Bay,0.141,NA,0.32633333333333336,0.07733333333333334,0.012717,0.25966666666666666,0.10266666666666667,10.330735282897951,12.266269443754165,21.67704915531346,9.934782608695652,1.7999999999999998,7.588847673695034,1,1,362750,36333,471991,9.33,W,6.4,W,NA,NA,NA,NA,NA,NA,NA,NA,NA,NA,NA,99779.51,74971.34,27657.940000000002,28005.683333333334,41115.083333333336,571.2133333333334,90.19,65436.11333333334,2319.2233333333334,208.29999999999998
Dec-2022,2022,12,Suisun Marsh,0.1585,NA,0.334,0.052,0.21500000000000002,0.477,0.1165,9.807499971389769,6.977374818804459,35.15000001362392,10.001612903225807,1.0750000000000002,7.5901538413865826,1,1,362750,36333,471991,9.33,W,6.4,W,NA,NA,NA,NA,NA,NA,NA,NA,NA,NA,NA,355760.81,NA,46095.979999999996,85068.20499999999,194616.775,862.44,NA,115998.18,3449.76,143.74
Jan-2023,2023,1,Confluence,0.08175614285714286,NA,0.8115714285714286,0.10271428571428572,0.5985714285714285,0.7584285714285715,0.20814285714285716,9.521446435958332,0.08784841912882839,113.6239610773329,9.82039603960396,1.4444444444444444,7.178160530437833,1,1,1899500,396890,2959659,9.33,W,6.4,W,NA,NA,NA,NA,0,0,NA,NA,NA,NA,NA,31964.489999999998,53694.17571428571,100000.13428571429,49860.635714285716,644396.7514285714,82.13714285714286,193.17000000000002,266584.24,2267.002857142857,1233.6828571428573
Jan-2023,2023,1,North,0.043857428571428575,1.06,0.5289047619047619,0.09492757142857143,0.33627515789473683,0.6975238095238095,0.22166666666666668,9.448469393613715,0.11469879407265614,147.05958332197616,9.45202380952381,2.1875,7.343076473893836,1,1,1899500,396890,2959659,9.33,W,6.4,W,NA,NA,NA,NA,0,0.75,NA,NA,NA,NA,NA,190185.2475,3933.705,61896.528125,63960.909375,180417.60791666666,505.01,63.885,173372.20125,4670.757916666667,692.1166666666667
Jan-2023,2023,1,SouthCentral,0.2278888888888889,NA,1.5119166666666666,0.15826177777777778,0.7328571428571429,1.0325555555555554,0.22433333333333333,10.16707868380763,0.16274042669105465,54.56730332136985,8.848983050847458,1.4769565217391305,7.234782394436655,1,1,1899500,396890,2959659,9.33,W,6.4,W,NA,NA,NA,NA,0.375,1.0625,NA,NA,NA,NA,NA,226306.26200000002,225987.008,179475.534,16986.334,130582.31199999999,416.26000000000005,901.46,484991.358,1161.7720000000002,550.964
Jan-2023,2023,1,Suisun Bay,0.08233333333333334,NA,0.68,0.09566666666666666,0.5866666666666667,0.7183333333333333,0.20633333333333334,9.714117643318923,0.305848217336994,146.20500020980836,10.051538461538462,1.225,NA,NA,NA,1899500,396890,2959659,9.33,W,6.4,W,NA,NA,NA,NA,NA,NA,NA,NA,NA,NA,NA,NA,NA,96543.20666666667,28903.946666666667,206176.9,NA,NA,268175.58,3040.9133333333334,1188.2533333333333
Jan-2023,2023,1,Suisun Marsh,0.10600000000000001,NA,0.6134999999999999,0.0835,0.645,0.8625,0.2425,9.349999994039536,0.8674617216377413,130.21428571428572,9.922608695652174,4.3,NA,NA,NA,1899500,396890,2959659,9.33,W,6.4,W,NA,NA,NA,NA,NA,NA,NA,NA,NA,NA,NA,70566.275,NA,44878.85,41428.47,896764.085,481.875,NA,124663.475,2201.3,492.82500000000005
Feb-2023,2023,2,Confluence,0.06277988888888889,NA,0.6915555555555556,0.07844444444444444,0.31222222222222223,0.4267777777777778,0.10588888888888888,9.22905489314186,0.24047488194608677,38.55722976119507,10.545754716981133,1.70375,7.379884880917305,1,1,538700,131610,712554,9.33,W,6.4,W,NA,NA,NA,NA,0,0,NA,NA,NA,NA,NA,275324.8833333333,81258.71777777777,48432.817777777775,42910.563333333324,108317.13666666666,672.1177777777779,155.08666666666667,119495.69444444444,2349.844444444445,313.42777777777775
Feb-2023,2023,2,North,0.022376666666666666,0.802,0.3855,0.176269,0.301,0.5064166666666666,0.23291666666666666,9.377719661833902,0.21732708951026655,39.6879048370738,10.191956521739131,9.717692307692309,7.7617497905058705,1,1,538700,131610,712554,9.33,W,6.4,W,NA,NA,NA,NA,0,0.4,NA,NA,NA,NA,NA,443450.7945833333,5650.1675,20061.7875,19075.13,238763.81666666668,1269.495,136.3775,47448.72666666666,1070.27,374.5183333333333
Feb-2023,2023,2,SouthCentral,0.06803133333333333,NA,1.1070833333333334,0.11855555555555555,0.4757142857142857,0.6602222222222223,0.1391111111111111,9.669304894295918,0.16840902683622103,14.545487864269079,10.165438596491228,3.1823529411764704,7.300442579003978,1,1,538700,131610,712554,9.33,W,6.4,W,NA,NA,NA,NA,0.5357142857142857,0.6071428571428571,NA,NA,NA,NA,NA,549694.126,466924.5140000001,23965.964,37249.146,16826.988,1061.152,674.912,66572.12,1967.518,115.792
Feb-2023,2023,2,Suisun Bay,0.11533333333333333,NA,0.727,0.08933333333333333,0.25666666666666665,0.44966666666666666,0.134,9.55954545888034,2.6295964859224177,52.68636353810628,10.496315789473684,1.45,NA,NA,NA,538700,131610,712554,9.33,W,6.4,W,NA,NA,NA,NA,NA,NA,NA,NA,NA,NA,NA,431097.34,43207.02,75390.99,4462.636666666666,NA,984.2833333333334,50.080000000000005,179566.06666666665,1072.24,NA
Feb-2023,2023,2,Suisun Marsh,0.16049999999999998,NA,0.7765,0.079,0.52,0.8445,0.191,9.61333338101705,1.3988751972682973,73.98333348168268,9.57857142857143,NA,NA,NA,NA,538700,131610,712554,9.33,W,6.4,W,NA,NA,NA,NA,NA,NA,NA,NA,NA,NA,NA,127838.805,NA,75093.39,103098.98999999999,53586.505,1478.475,NA,197294.275,5256.8,328.55
Mar-2023,2023,3,Confluence,0.03075157142857143,NA,0.36728571428571427,0.05286814285714286,0.29285714285714287,0.3555714285714286,0.08957142857142858,10.386004868761269,0.09367547073929408,39.783967319687775,10.646259541984733,3.618888888888889,7.4665092698474,1,1,1810900,732590,3154313,9.33,W,6.4,W,NA,NA,NA,NA,0,0,NA,NA,NA,NA,NA,2101166.6700000004,303075.2057142857,50512.601428571434,44416.42428571429,824792.3414285714,1023.46,302.6028571428571,133976.18142857144,3252.782857142857,1393.2785714285715
Mar-2023,2023,3,North,0.025794833333333333,2.25,0.35125,0.06883183333333333,0.22432660000000001,0.5156666666666666,0.14166666666666666,10.829629603116754,0.14600045590707098,63.310285713628815,10.211807228915662,5.7875,7.681190660193315,NA,NA,1810900,732590,3154313,9.33,W,6.4,W,NA,NA,NA,NA,NA,NA,NA,NA,NA,NA,NA,1946796.7466666666,3512.215,24187.933333333334,27852.423749999998,2215017.5258333334,705.06125,62.1575,48732.166666666664,1462.4033333333334,1113.8595833333334
Mar-2023,2023,3,SouthCentral,0.11495175,NA,0.6614375,0.12587500000000001,0.49833333333333335,0.69875,0.165,11.27229888344549,0.11609291132919437,26.534137986180465,9.68290909090909,5.55,7.27192618240331,1,1,1810900,732590,3154313,9.33,W,6.4,W,NA,NA,NA,NA,0.19047619047619047,0.5454545454545454,NA,NA,NA,NA,NA,468456.664,169197.904,38931.138,98551.936,886078.434,1154.584,426.26800000000003,86939.074,3187.974,907.836
Mar-2023,2023,3,Suisun Bay,0.053044,NA,0.401,0.056666666666666664,0.31666666666666665,0.39966666666666667,0.09766666666666667,10.222835857903778,0.45902199722603515,66.9375000340598,10.560666666666666,3.66,NA,NA,NA,1810900,732590,3154313,9.33,W,6.4,W,NA,NA,NA,NA,NA,NA,NA,NA,NA,NA,NA,180651.45666666667,37114.82,43058.36666666667,36879.73666666667,157210.49666666667,346.8,173.4,119606.57666666666,1642.75,447.18333333333334
Mar-2023,2023,3,Suisun Marsh,0.0746755,NA,0.509,0.0871118,0.616,0.969,0.2143,11.180645155137586,0.6302425335904225,51.16499977111816,9.406875,5.9,NA,NA,NA,1810900,732590,3154313,9.33,W,6.4,W,NA,NA,NA,NA,NA,NA,NA,NA,NA,NA,NA,190823.87346153846,140770.4523076923,53615.38846153847,48798.70230769231,428790.9326923077,628.4061538461539,439.41692307692307,143847.53884615385,3372.776923076923,928.5080769230769
Apr-2023,2023,4,Confluence,0.0220926,NA,0.2566,0.042574600000000004,0.1645938,0.2356,0.0719,14.210855826359762,0.07840072402641007,22.34584622367206,9.891937500000001,4.245555555555556,7.369884880917305,1,1,1369000,853200,2329955,9.33,W,6.4,W,NA,NA,NA,NA,0,0,NA,NA,NA,NA,NA,420663.3557142857,180206.9642857143,19089.414285714283,38379.30857142857,247201.91214285715,1093.3714285714286,280.30642857142857,50498.06285714286,2264.7485714285713,480.0521428571428
Apr-2023,2023,4,North,0.015178352941176471,0.688,0.12742629411764705,0.06528970588235294,0.2533144666666667,0.47111764705882353,0.13370588235294117,15.273108283899393,0.21407936990128115,24.71916127699474,9.752556390977444,14.316428571428572,8.089879944751967,1,1,1369000,853200,2329955,9.33,W,6.4,W,NA,NA,NA,NA,0,0,NA,NA,NA,NA,NA,2192180.6169354836,146934.5851612903,37571.884032258065,99938.79241935484,1158503.1925806452,3930.3425806451614,364.4748387096774,30651.92258064516,3214.96935483871,889.1332258064516
Apr-2023,2023,4,SouthCentral,0.031182125,NA,0.27116666666666667,0.068375,0.2583333333333333,0.317,0.095625,15.421594568879195,0.07603643201829566,12.297162096188138,9.6742,2.9635,7.292353676294526,1,1,1369000,853200,2329955,9.33,W,6.4,W,NA,NA,NA,NA,0.30434782608695654,0.5217391304347826,NA,NA,NA,NA,NA,1115824.02,123655.28600000001,11686.173999999999,9934.009999999998,162066.244,426.24799999999993,262.096,31116.452,767.25,222.856
Apr-2023,2023,4,Suisun Bay,0.029192375,NA,0.207125,0.074,0.2521095,0.437875,0.133,14.613676479003004,0.1421584034357014,39.88214289801462,9.742093023255814,5.7,NA,NA,NA,1369000,853200,2329955,9.33,W,6.4,W,NA,NA,NA,NA,NA,NA,NA,NA,NA,NA,NA,655935.0375,607120.6591666668,36521.2575,292498.74666666664,381950.9575,5277.1025,1888.8616666666667,91170.15083333333,7563.09,809.0416666666666
Apr-2023,2023,4,Suisun Marsh,0.039368,NA,0.311,0.0675,0.51,0.6165,0.17149999999999999,15.527272662249477,0.6194616191021455,53.66249974966049,8.91542857142857,6.4,NA,NA,NA,1369000,853200,2329955,9.33,W,6.4,W,NA,NA,NA,NA,NA,NA,NA,NA,NA,NA,NA,623440.3525,1383026.1600000001,49226.055,234019.97999999998,297141.775,4436.6925,3658.745,133149.935,16524.225,1144.395
May-2023,2023,5,Confluence,0.0178739,NA,0.13483900000000001,0.055067399999999996,0.176,0.2692,0.0718,17.005381838940266,0.05354736649171065,14.833133311464323,9.338,2.9425,7.45,1,1,1439100,763000,2256654,9.33,W,6.4,W,NA,NA,NA,NA,0,0,NA,NA,NA,NA,NA,1526316.441388889,81161.22972222223,18611.3225,19091.591388888886,173043.06083333335,621.67,201.25972222222222,16340.799166666668,1229.318611111111,322.33000000000004
May-2023,2023,5,North,0.0295901,0.028958,0.2073992,0.1590694,0.278145875,0.4349,0.19899999999999998,18.352843144691473,0.20481166506370044,21.888800022570184,8.126846153846154,5.016,7.72053419277723,1,1,1439100,763000,2256654,9.33,W,6.4,W,NA,NA,NA,NA,0,0.5,NA,NA,NA,NA,NA,1065716.53625,4646.7425,12570.0025,11514.99375,717743.28,2574.2799999999997,28.165,19106.0325,1434.6912499999999,679.35375
May-2023,2023,5,SouthCentral,0.022833714285714287,NA,0.110468,0.10357142857142856,0.235,0.30042857142857143,0.13842857142857143,18.765517195415878,0.05256552142290848,8.441724126413074,8.013823529411765,2.8204,7.043488549717876,1,1,1439100,763000,2256654,9.33,W,6.4,W,NA,NA,NA,NA,0.6666666666666666,0.4444444444444444,NA,NA,NA,NA,NA,732110.9940000001,156611.854,27873.206,14006.096,76411.55,730.3219999999999,309.334,26521.392,699.4419999999999,96.938
May-2023,2023,5,Suisun Bay,0.02339557142857143,NA,0.15485714285714286,0.057160999999999997,0.18571428571428572,0.25871428571428573,0.08242857142857143,16.98249999659402,0.09276367430062885,30.308510638297875,9.41875,6.263333333333334,NA,NA,NA,1439100,763000,2256654,9.33,W,6.4,W,NA,NA,NA,NA,NA,NA,NA,NA,NA,NA,NA,327128.5925,173097.855,15823.664166666667,28227.034166666665,324888.04250000004,1702.1341666666667,433.72083333333336,40234.7925,1531.745,622.6775
May-2023,2023,5,Suisun Marsh,0.053598,NA,0.1865,0.07,0.39,0.5845,0.16699999999999998,17.718867913731987,0.5643157666074431,54.882051301613835,8.131590909090908,NA,NA,NA,NA,1439100,763000,2256654,9.33,W,6.4,W,NA,NA,NA,NA,NA,NA,NA,NA,NA,NA,NA,631486.23,176056.2,86393.55,19097.69,64973.225000000006,5350.9400000000005,383.31,227503.22000000003,2867.1250000000005,950.575
Jun-2023,2023,6,Confluence,0.020622,NA,0.117125,0.054701,0.16125,0.2015,0.06125,19.361613666582556,0.05382935309162823,13.974331211959058,8.527663551401869,2.884,7.58,1,1,767000,581780,1372292,9.33,W,6.4,W,NA,NA,NA,NA,0,0,NA,NA,NA,NA,NA,160535.3475,57914.095,112733.79125000001,20560.49625,183004.115,404.05125,182.135,17823.341249999998,1339.07125,242.48499999999999
Jun-2023,2023,6,North,0.03830738888888889,0.076266,0.2518993333333333,0.2306588333333333,0.2651608,0.40947058823529414,0.25527777777777777,20.014143696646705,0.18595775831993727,22.31682928167907,7.855531914893617,2.503846153846154,7.909284341071045,1,1,767000,581780,1372292,9.33,W,6.4,W,NA,NA,NA,NA,0,0.5,NA,NA,NA,NA,NA,246355.65690476188,NA,4276.956666666667,13796.030238095236,428433.6335714286,527.9766666666667,NA,11371.83380952381,435.377380952381,561.527619047619
Jun-2023,2023,6,SouthCentral,0.023807714285714286,NA,0.09815384615384616,0.08985714285714286,0.21,0.3254285714285714,0.10628571428571429,20.496999993171073,0.04565497734089544,11.936181852647104,7.609259259259259,3.561818181818182,6.8828891861715364,1,1,767000,581780,1372292,9.33,W,6.4,W,NA,NA,NA,NA,0.5,0.25,NA,NA,NA,NA,NA,278360.298,89530.934,15237.306,30662.628000000004,172652.48799999998,476.17600000000004,223.88400000000001,25950.476000000002,1222.004,378.13
Jun-2023,2023,6,Suisun Bay,0.0332058,NA,0.1216,0.0666,0.1472842,0.1958,0.0908,18.907540952338543,0.4944627726172234,37.05579995422364,9.136,4.24,NA,1,1,767000,581780,1372292,9.33,W,6.4,W,NA,NA,NA,NA,NA,NA,NA,NA,NA,NA,NA,489416.896,113411.916,25811.326,47750.286,622601.54,2348.4280000000003,351.496,67874.16,4677.879999999999,954.1619999999999
Jun-2023,2023,6,Suisun Marsh,0.07450000000000001,NA,0.187,0.079,0.49,0.6055,0.197,19.192857179187595,0.42095408324393635,62.122500047683715,7.21,10.2,NA,1,1,767000,581780,1372292,9.33,W,6.4,W,NA,NA,NA,NA,NA,NA,NA,NA,NA,NA,NA,65416.445,55423.1,32815.51,32690.17,373177.555,231.92000000000002,164.275,91154.19499999999,4077.97,860.0350000000001
Jul-2023,2023,7,Confluence,0.0247233,NA,0.1131,0.052044900000000005,0.15,0.2171,0.0615,22.12260995608049,0.38740139808363727,15.530320044697763,8.24047619047619,3.338181818181818,7.6498848809173055,1,1,439200,190700,643630,9.33,W,6.4,W,NA,NA,NA,NA,0,0,NA,NA,NA,NA,NA,269347.06166666665,74219.30888888889,23437.29111111111,45544.53944444444,193045.21777777778,1701.2716666666665,285.6044444444444,50842.53555555556,4221.598333333333,828.8311111111111
Jul-2023,2023,7,North,0.031399384615384614,0.041473,0.1633746153846154,0.21720561538461539,0.21232486363636366,0.354375,0.24426923076923077,22.84306667031371,0.14698545315461245,18.35077674067295,7.812073170731707,3.3778571428571427,7.654934063035327,1,1,439200,190700,643630,9.33,W,6.4,W,NA,NA,NA,NA,0,0.3333333333333333,NA,NA,NA,NA,NA,400269.935625,18294.892499999998,97506.265625,29898.328125,169310.058125,847.744375,37.4675,25301.725,950.219375,379.556875
Jul-2023,2023,7,SouthCentral,0.02835,NA,0.18385364285714287,0.1,0.21833333333333332,0.343375,0.117,24.352946476150166,0.07294804659167042,15.28714292731744,7.018857142857143,6.1516,7.066461704232039,1,1,439200,190700,643630,9.33,W,6.4,W,NA,NA,NA,NA,0.71875,0.75,NA,NA,NA,NA,NA,133453.91600000003,67895.786,39588.81,76859.19200000001,56874.5,1301.268,379.884,18759.984,4739.272,230.73600000000002
Jul-2023,2023,7,Suisun Bay,0.03582275,NA,0.10525,0.06825,0.1725,0.296,0.08299999999999999,20.918888863457575,4.181321015293652,29.908823467703428,8.657,6.454,NA,1,1,439200,190700,643630,9.33,W,6.4,W,NA,NA,NA,NA,NA,NA,NA,NA,NA,NA,NA,127851.41,79220.8675,13168.605,39777.4475,107239.435,561.81,193.6825,33865.049999999996,5445.7699999999995,23.4675
Jul-2023,2023,7,Suisun Marsh,0.066,NA,0.154,0.086,0.33999999999999997,0.552,0.1575,21.794594635834564,1.4368308568486612,63.08888846503364,6.768928571428571,12,NA,1,1,439200,190700,643630,9.33,W,6.4,W,NA,NA,NA,NA,NA,NA,NA,NA,NA,NA,NA,50370.045,NA,20905.934999999998,47152.27500000001,68259.64,91.99,NA,45733.36,2840.81,484.055
Aug-2023,2023,8,Confluence,0.028224533333333333,NA,0.0803728,0.05387106666666667,0.110532,0.19986666666666666,0.0568,23.241166636666666,0.612336691536739,11.654591847237073,7.852898550724638,2.601,7.742020246011414,1.0357142857142858,1,537500,107040,655194,9.33,W,6.4,W,NA,NA,NA,NA,0,0,NA,NA,NA,NA,NA,199320.59449999998,75793.99399999999,13705.261499999999,18476.945,393688.667,513.447,213.33200000000002,26569.2085,1251.8475,332.549
Aug-2023,2023,8,North,0.0242595,0.134,0.13765396428571428,0.17766392857142857,0.24664791666666666,0.3651923076923077,0.20889285714285713,23.77387127582703,0.15275477276841276,17.574285712399753,7.1875,2.874,7.610475120141981,1,1,537500,107040,655194,9.33,W,6.4,W,NA,NA,NA,NA,0.5714285714285714,0.14285714285714285,NA,NA,NA,NA,NA,253898.67,4254.84,51187.64874999999,11644.990625,567981.4612499999,1124.151875,23.83625,23524.951875,957.04,515.62
Aug-2023,2023,8,SouthCentral,0.04773,NA,0.26163584615384616,0.087,0.18,0.29914285714285715,0.09571428571428571,23.57897726409091,0.10191015573961003,11.449090878863636,8.414,9.555454545454545,7.269724313250833,1.121212121212121,1,537500,107040,655194,9.33,W,6.4,W,NA,NA,NA,NA,0.5833333333333334,0.5833333333333334,NA,NA,NA,NA,NA,65294.034,621184.566,84568.546,23920.056,99722.80399999999,423.992,964.156,15474.447999999999,2008.122,148.10399999999998
Aug-2023,2023,8,Suisun Bay,0.0247016,NA,0.0441752,0.0712,0.110629,0.2246,0.091,22.28311102634006,6.689808526658495,30.056470483892102,8.062727272727273,4.1,NA,1,1,537500,107040,655194,9.33,W,6.4,W,NA,NA,NA,NA,NA,NA,NA,NA,NA,NA,NA,2688820.68,4324.39,10389.4,1617.1833333333334,241420.15000000002,221.6966666666667,38.33,28859.436666666665,30.66333333333333,68.99333333333333
Aug-2023,2023,8,Suisun Marsh,0.043435,NA,0.11549999999999999,0.074,0.225,0.4185,0.1165,22.920689642018274,2.9210686490589417,41.85263161910208,6.5,2.37,NA,1,1,537500,107040,655194,9.33,W,6.4,W,NA,NA,NA,NA,NA,NA,NA,NA,NA,NA,NA,643012,2496.005,26091.585,18330.32,205778.13,781.335,46.935,72476.625,1369.41,463.83000000000004
Sep-2023,2023,9,Confluence,0.029905083333333332,NA,0.1235,0.05893725,0.14836491666666668,0.19666666666666666,0.06533333333333333,21.062160614484736,0.5029647934172495,15.591487637384555,8.293870967741935,2.5707142857142857,7.864382924941131,1.088235294117647,1,547900,56420,613595,9.33,W,6.4,W,NA,NA,NA,NA,0,0,NA,NA,NA,NA,NA,219528.5007142857,55777.950000000004,24707.043928571427,10989.91142857143,390872.06,509.3803571428571,273.8392857142857,27531.596428571425,833.6446428571428,323.5957142857143
Sep-2023,2023,9,North,0.023673458333333335,0.022049,0.07338404,0.12615420833333332,0.2697892,0.3609090909090909,0.1555,20.87439172120681,0.1745254381302679,18.00124992034563,7.6772368421052635,2.6692857142857145,7.611120894745301,1,1,547900,56420,613595,9.33,W,6.4,W,NA,NA,NA,NA,0.3333333333333333,0.5,NA,NA,NA,NA,NA,694358.624375,4286.21375,73419.075625,42082.12125,514104.6875,617.8975,9.5825,28722.596250000002,689.20125,523.473125
Sep-2023,2023,9,SouthCentral,0.037976249999999996,NA,0.40807392857142855,0.075625,0.16,0.26125,0.084875,22.432706909655174,0.13247730942492825,10.553396201320755,7.4609756097560975,5.24037037037037,7.319740045506948,1.6744186046511629,2,547900,56420,613595,9.33,W,6.4,W,NA,NA,NA,NA,0.5675675675675675,0.8421052631578947,NA,NA,NA,NA,NA,583970.5160000001,31025.144,110019.33,14623.935999999998,122632.83399999999,437.65200000000004,206.814,18195.956,1200.06,148.362
Sep-2023,2023,9,Suisun Bay,0.06733333333333333,NA,0.11533333333333333,0.07866666666666666,0.16,0.29733333333333334,0.085,20.63278691651391,6.1869923651045,33.86600012207031,8.382857142857143,3.2266666666666666,NA,1,1,547900,56420,613595,9.33,W,6.4,W,NA,NA,NA,NA,NA,NA,NA,NA,NA,NA,NA,1306226.34,56569.054000000004,17231.934,8597.108,462085.944,387.264,195.398,47866.53600000001,812.934,230.68200000000002
Sep-2023,2023,9,Suisun Marsh,0.052000000000000005,NA,0.1395,0.07150000000000001,0.2,0.405,0.11699999999999999,20.89999998728434,1.7506938027470123,46.37999988555908,7.5304166666666665,3.2,NA,1,1,547900,56420,613595,9.33,W,6.4,W,NA,NA,NA,NA,NA,NA,NA,NA,NA,NA,NA,261535.02857142856,154305.7285714286,80863.16857142858,24004.722857142857,830055.3285714284,1020.2985714285714,331.87142857142857,129038.89857142858,1815.5028571428572,672.6428571428571
Oct-2023,2023,10,Confluence,0.03402221428571429,NA,0.1349035,0.04944771428571429,0.11876371428571429,0.17757142857142857,0.05392857142857143,19.074630181373813,0.8326267273655884,14.039685000212947,8.557450980392156,2.3625,7.594595133227496,1.088235294117647,1,371870,77050,478832,8.41,AN,3.49,AN,NA,NA,NA,NA,0,0,NA,NA,NA,NA,NA,174545.2569230769,87391.83307692308,39470.583076923074,30231.31923076923,1452987.900769231,488.90615384615387,531.04,32092.07461538462,1018.5861538461539,270.39230769230767
Oct-2023,2023,10,North,0.02944695652173913,0.104,0.1608668695652174,0.10842895652173913,0.217,0.29389590909090907,0.12652173913043477,18.3551731922905,0.13266671429903845,19.242419328057114,8.34509433962264,2.1142737333333335,7.517777879051998,1,1,371870,77050,478832,8.41,AN,3.49,AN,NA,NA,NA,NA,0.75,0.25,NA,NA,NA,NA,NA,164614.67250000002,10636.602499999999,35836.862499999996,32169.587499999998,376067.80125,774.26875,68.74875,24417.4625,1621.275,434.74
Oct-2023,2023,10,SouthCentral,0.021680375000000002,NA,0.4252335,0.065741125,0.17666666666666667,0.25025,0.0675,19.276350857210527,0.13411019025542406,9.893333334839134,8.170681818181817,4.780714285714286,7.2835788802955514,1.441860465116279,1,371870,77050,478832,8.41,AN,3.49,AN,NA,NA,NA,NA,0.26666666666666666,0.7333333333333333,NA,NA,NA,NA,NA,698184.72,105088.38200000001,98243.26999999999,30054.408000000003,44452.471999999994,366.768,406.78,12181.359999999999,438.52,74.52
Oct-2023,2023,10,Suisun Bay,0.0607434,NA,0.1758,0.0838,0.0945614,0.2272,0.0884,19.463174669780432,7.706375537563563,22.935849013418522,8.290322580645162,2.785,NA,1,1,371870,77050,478832,8.41,AN,3.49,AN,NA,NA,NA,NA,NA,NA,NA,NA,NA,NA,NA,69812.20599999999,41275.026,17393.7,9730.568000000001,5272.832,355.996,214.254,39308.276,541.608,48.525999999999996
Oct-2023,2023,10,Suisun Marsh,0.07550000000000001,NA,0.1585,0.07,0.22,0.40049999999999997,0.119,19.287878845677234,2.731588920366999,51.24782582158628,7.2085185185185185,3.3,NA,1,1,371870,77050,478832,8.41,AN,3.49,AN,NA,NA,NA,NA,NA,NA,NA,NA,NA,NA,NA,175187.35,42436.635714285716,31684.674285714285,19732.13142857143,136040.7857142857,561.4628571428572,210.08428571428573,79210.78857142858,1093.2457142857143,431.52857142857147
Nov-2023,2023,11,Confluence,0.035866999999999996,NA,0.202,0.06911111111111111,0.08499355555555556,0.18155555555555555,0.06866666666666667,15.252859284668801,1.6123251269734755,12.289583316676305,9.093913043478262,2.55,7.21,1.0303030303030303,1,249470,47640,316995,8.41,AN,3.49,AN,NA,NA,NA,NA,0,0,NA,NA,NA,NA,NA,313915.1022222222,75077.58888888889,120376.24555555555,10661.862222222222,381035.73666666663,253.4944444444444,302.4844444444445,27030.82222222222,276.6488888888889,133.11666666666667
Nov-2023,2023,11,North,0.022289999999999997,0.11,0.14699366666666666,0.06685763636363637,0.15444444444444444,0.19937327272727273,0.07,13.962283360400885,0.13508956284872184,14.586638707384955,9.23090909090909,1.878494625,7.630845350844502,1,1,249470,47640,316995,8.41,AN,3.49,AN,NA,NA,NA,NA,0.3333333333333333,1,NA,NA,NA,NA,NA,59960.56,755.28,6087.84,1161.84,445144.21,219.05,43.81,16910.66,43.81,350.48
Nov-2023,2023,11,SouthCentral,0.023657428571428572,NA,0.6843846153846154,0.06657142857142857,0.164,0.2681428571428571,0.062312285714285716,13.687891938108109,0.17910637539437088,9.054054122864866,9.5052,2.205,7.344761297855689,1.24,1,249470,47640,316995,8.41,AN,3.49,AN,NA,NA,NA,NA,0.3333333333333333,0.7777777777777778,NA,NA,NA,NA,NA,2713417.7539999997,68133.72,267521.794,30106.985999999997,100815.75200000001,250.65,421.552,14849.289999999999,353.956,171.624
Nov-2023,2023,11,Suisun Bay,0.09366666666666666,NA,0.21266666666666667,0.08433333333333333,0.03673833333333333,0.226,0.093,16.04953842339149,9.100265577319316,19.867894641140055,8.650625,2.08,NA,1,1,249470,47640,316995,8.41,AN,3.49,AN,NA,NA,NA,NA,NA,NA,NA,NA,NA,NA,NA,88928.55666666666,24376.596666666668,8126.323333333334,9377.023333333333,408061.2966666667,294.67,169.04,22806.436666666665,318.24333333333334,206.74666666666667
Nov-2023,2023,11,Suisun Marsh,0.1325,NA,0.239,0.0645,0.25,0.45699999999999996,0.115,15.288571504865372,4.683044663016728,38.27083342870077,7.802758620689655,2,NA,1,1,249470,47640,316995,8.41,AN,3.49,AN,NA,NA,NA,NA,NA,NA,NA,NA,NA,NA,NA,11033.28,138103.95,14088.650000000001,17021.625,84190.59,137.98499999999999,359.35,36072.67,692.825,261.605
Dec-2023,2023,12,Confluence,0.06033154545454546,NA,0.2819090909090909,0.066,0.08356063636363636,0.2,0.06454545454545454,11.668752131924307,3.5560125571577386,10.587916636940067,9.597954545454545,2.0944444444444446,7.540153841386583,1.0303030303030303,1,397260,40430,460735,8.41,AN,3.49,AN,NA,NA,NA,NA,0,0.5,NA,NA,NA,NA,NA,770094.7899999999,95005.63636363637,106606.99,4932.038181818181,398642.73272727267,285.7081818181818,359.3018181818182,23896.655454545456,160.52727272727273,177.01545454545456
Dec-2023,2023,12,North,0.028067444444444443,0.297,0.1943744,0.10999633333333333,0.31142857142857144,0.3937777777777778,0.12977777777777777,10.659999994825144,0.1691377741544129,15.083521095567836,7.563673469387755,1.5,7.395053735391909,1,1,397260,40430,460735,8.41,AN,3.49,AN,NA,NA,NA,NA,0,0,NA,NA,NA,NA,NA,363155.77,43232.57,5100.9400000000005,3717.96,239214.36000000002,328.5,32.85,12483,197.10000000000002,394.2
Dec-2023,2023,12,SouthCentral,0.05989775,NA,0.8955067142857143,0.054090624999999996,0.16993233333333332,0.267125,0.06025,11.389953160755447,0.2651839493668996,5.673015836210558,9.799166666666666,1.822,7.53367562420371,1.1142857142857143,1,397260,40430,460735,8.41,AN,3.49,AN,NA,NA,NA,NA,0.2222222222222222,0.5555555555555556,NA,NA,NA,NA,NA,42812.954,190988.68,79817.826,12833.011999999999,69204.48000000001,134.906,945.5199999999999,9729.984,127.668,95.006
Dec-2023,2023,12,Suisun Bay,0.13499999999999998,NA,0.27599999999999997,0.08133333333333333,0.12000000000000001,0.29766666666666663,0.09533333333333334,12.846734709447741,12.968553978223747,15.07631581206071,8.25,3.3600000000000003,NA,1,1,397260,40430,460735,8.41,AN,3.49,AN,NA,NA,NA,NA,NA,NA,NA,NA,NA,NA,NA,95902.84999999999,17130.166666666668,14019.6,1611.4733333333334,103679.11666666665,232.57666666666668,79.31,38943.33,148.70333333333335,63.88666666666666
Dec-2023,2023,12,Suisun Marsh,0.1345,NA,0.3045,0.0665,0.21,0.434,0.09,11.995833349227905,5.222770910076002,16.79999993642171,8.55,2.2,NA,1,1,397260,40430,460735,8.41,AN,3.49,AN,NA,NA,NA,NA,NA,NA,NA,NA,NA,NA,NA,104432.49500000001,3902.25,15972.560000000001,1816.18,49048.045,395.41,51.11,44368.22,325.48,162.74
Jan-2024,2024,1,Confluence,0.0634469,NA,0.3848,0.063,0.196,0.3212,0.0689,10.553466628607072,1.1806914385642948,28.070138719260726,9.77086956521739,1.3088888888888888,7.4085873928696415,1,1,826800,72550,962832,8.41,AN,3.49,AN,NA,NA,NA,NA,0,0.5,NA,NA,NA,NA,NA,123750.88857142859,30920.674285714285,10413.368571428571,9666.775714285714,1103993.2471428572,168.91857142857143,209.57857142857142,28926.027142857143,354.4785714285714,377.03000000000003
Jan-2024,2024,1,North,0.0264537,0.383,0.3215,0.1194,0.38125000000000003,0.4621,0.1418,10.597246186053379,0.18504127600926917,46.04290323131403,8.217704918032787,2.2053846153846153,7.483569689848072,1,1,826800,72550,962832,8.41,AN,3.49,AN,NA,NA,NA,NA,0,0.75,NA,NA,NA,NA,NA,54765.89,NA,9203.18,21319.88,258093.04,261.35,NA,19392.170000000002,784.0500000000001,679.51
Jan-2024,2024,1,SouthCentral,0.115475125,NA,0.637,0.05708675,0.24000000000000002,0.40175,0.0625,10.76877195993235,0.2855267036798722,12.143157852645452,9.840975609756098,1.426961,7.499486840931776,1.0740740740740742,1,826800,72550,962832,8.41,AN,3.49,AN,NA,NA,NA,NA,0.3235294117647059,0.7058823529411765,NA,NA,NA,NA,NA,77594.74,149376.306,2894.98,4176.692,138120.514,109.272,831.8119999999999,8041.610000000001,84.84,135.212
Jan-2024,2024,1,Suisun Bay,0.12833333333333333,NA,0.3373333333333333,0.07133333333333333,0.086312,0.28500000000000003,0.077,11.051250071525569,8.222512698462523,17.841666460037217,8.5,1.68,NA,NA,NA,826800,72550,962832,8.41,AN,3.49,AN,NA,NA,NA,NA,NA,NA,NA,NA,NA,NA,NA,70765.84666666666,NA,13869.233333333332,6280.993333333333,400428.77333333326,196.43999999999997,NA,38525.64,362.8733333333333,255.62666666666667
Jan-2024,2024,1,Suisun Marsh,0.1255,NA,0.3895,0.062,0.20500000000000002,0.41900000000000004,0.08449999999999999,10.237499868869783,1.5993366304561027,27.049999554951967,9.76,2.2,NA,NA,NA,826800,72550,962832,8.41,AN,3.49,AN,NA,NA,NA,NA,NA,NA,NA,NA,NA,NA,NA,NA,NA,19485.495000000003,11131.95,NA,NA,NA,54126.375,749.63,NA
Feb-2024,2024,2,Confluence,0.04416,NA,0.4035,0.070625,0.232886375,0.36425,0.09325,11.69244448143992,0.19521647768252853,52.577230798719576,8.43452380952381,1.288888888888889,7.402672792415329,1,1,1692100,207790,2406632,8.41,AN,3.49,AN,NA,NA,NA,NA,0,0,NA,NA,NA,NA,NA,56996.624285714286,112743.12571428572,28005.722857142857,16449.63714285714,345960.8414285714,318.44571428571425,241.20000000000002,77307.99428571427,356.61428571428576,593.5857142857143
Feb-2024,2024,2,North,0.0334204,1.55,0.2430625,0.08595953333333334,0.3030769230769231,0.5835333333333333,0.1868,12.152486491594594,0.11745770035943552,72.7201516308021,8.540571428571429,2.326363636363636,7.435217193854701,1,1,1692100,207790,2406632,8.41,AN,3.49,AN,NA,NA,NA,NA,0,0,NA,NA,NA,NA,NA,1676113.41,NA,12234.93,6639.530000000001,239127.84,536.62,NA,30050.72,306.64,919.92
Feb-2024,2024,2,SouthCentral,0.099614375,NA,0.966,0.105,0.35833333333333334,0.55225,0.106375,12.293200031157719,0.16569014762501777,27.801886759658803,9.142564102564103,1.926,7.341263048355886,1,1,1692100,207790,2406632,8.41,AN,3.49,AN,NA,NA,NA,NA,0.17647058823529413,0.47058823529411764,NA,NA,NA,NA,NA,42147.906,78924.014,4921.358,6026.244,202643.394,87.11800000000001,363.322,13324.720000000001,223.93400000000003,156.558
Feb-2024,2024,2,Suisun Bay,0.07625,NA,0.384,0.07625,0.153371,0.3445,0.089,11.921250035762794,1.1948066587508495,27.07499996821085,8.025,1.22,NA,NA,NA,1692100,207790,2406632,8.41,AN,3.49,AN,NA,NA,NA,NA,NA,NA,NA,NA,NA,NA,NA,114031.53000000001,777.4666666666667,15058.103333333333,5094.653333333333,131711.84666666665,305.7633333333333,45.096666666666664,41828.07,371.60999999999996,256.14666666666665
Feb-2024,2024,2,Suisun Marsh,0.0795,NA,0.447,0.083,0.28500000000000003,0.5345,0.162,11.756250059604644,0.8736408305571388,40.933333396911635,8.53,2.2,NA,NA,NA,1692100,207790,2406632,8.41,AN,3.49,AN,NA,NA,NA,NA,NA,NA,NA,NA,NA,NA,NA,799728,NA,16266.880000000001,18564.84,436406.59500000003,848.56,NA,45185.775,999.23,346.29499999999996
Mar-2024,2024,3,Confluence,0.020232,NA,0.19385714285714287,0.03491885714285714,0.15757142857142856,0.21528571428571427,0.061285714285714284,12.809504747519558,0.08450477802148215,21.562178132428272,9.925833333333333,2.9714285714285715,7.9,1,1,1600100,202900,2075675,8.41,AN,3.49,AN,NA,NA,NA,NA,0,0,NA,NA,NA,NA,NA,347602.9657142857,82627.62571428572,6663.394285714286,25169.537142857145,72824.04142857144,1595.5442857142857,457.5185714285714,16345.618571428571,515.0757142857143,182.95714285714286
Mar-2024,2024,3,North,0.02600775,0.812,0.13910238461538463,0.0557625,0.20354350000000002,0.4106666666666667,0.10241666666666667,13.739104631221634,0.15805074944113517,23.320000029532558,9.69054054054054,4.934444444444444,7.855268695800787,1,1,1600100,202900,2075675,8.41,AN,3.49,AN,NA,NA,NA,NA,0,0.25,NA,NA,NA,NA,NA,150882,90434.92,8715.79,7825.3,1133316.1600000001,511.03999999999996,255.52,24210.52,511.04,511.04
Mar-2024,2024,3,SouthCentral,0.03872085714285714,NA,0.5514285714285714,0.08885714285714286,0.3588,0.475,0.10014285714285714,13.908913796341302,0.14311185103845817,12.06086205099551,9.804054054054054,2.7405,7.423137983408158,1.0869565217391304,1,1600100,202900,2075675,8.41,AN,3.49,AN,NA,NA,NA,NA,0.1111111111111111,0.2222222222222222,NA,NA,NA,NA,NA,204331.106,148656.90600000002,2671.984,9707.776000000002,30672.482,340.004,651.848,5864.5740000000005,295.78200000000004,108.7
Mar-2024,2024,3,Suisun Bay,0.03405533333333333,NA,0.19866666666666666,0.041552,0.10277433333333333,0.22433333333333333,0.07933333333333333,13.052727220708677,0.6751455687735554,18.031249880790707,10.275,2.68,NA,NA,NA,1600100,202900,2075675,8.41,AN,3.49,AN,NA,NA,NA,NA,NA,NA,NA,NA,NA,NA,NA,259066.79999999996,220100.16,6344.666666666667,4864.093333333333,116179.01000000001,703.54,749.48,17755.673333333336,400.38000000000005,133.21333333333334
Mar-2024,2024,3,Suisun Marsh,0.0765,NA,0.324,0.0655,0.405,0.588,0.164,13.431578897175031,0.6365195587568732,29.933333079020166,8.86,5.5,NA,NA,NA,1600100,202900,2075675,8.41,AN,3.49,AN,NA,NA,NA,NA,NA,NA,NA,NA,NA,NA,NA,102430.075,129739.205,47854.705,5436.105,24259.265,434.04999999999995,231.115,66819.7,366.405,231.115
Apr-2024,2024,4,Confluence,0.031928375,NA,0.17925,0.036160875,0.129533375,0.195,0.055875,15.629397899014142,0.08579799881577091,16.738021958284587,9.275614035087719,1.984,7.57,1,1,996000,158840,1251136,8.41,AN,3.49,AN,NA,NA,NA,NA,0,0,NA,NA,NA,NA,NA,248539.19857142857,79186.02428571429,4328.61,7092.818571428572,77061.2757142857,332.3071428571429,450.8228571428572,9994.294285714286,312.60857142857145,164.94285714285712
Apr-2024,2024,4,North,0.024860888888888887,0.127,0.1401735,0.0654281111111111,0.24799057142857142,0.40944444444444444,0.112,16.571037488097446,0.17705278988063572,22.588333357032248,8.627966101694915,4.33,7.8792095301223295,1,1,996000,158840,1251136,8.41,AN,3.49,AN,NA,NA,NA,NA,0,0.25,NA,NA,NA,NA,NA,439037.64999999997,4759.38,6071.16,3878.79,704431.2899999999,574.92,47.91,16864.32,191.64,2108.04
Apr-2024,2024,4,SouthCentral,0.03881383333333333,NA,0.4165,0.069969,0.264,0.3495,0.08116666666666666,16.420603144502767,0.13504796873128871,10.926984093352543,9.258648648648649,2.464736842105263,7.519076071353993,1,1,996000,158840,1251136,8.41,AN,3.49,AN,NA,NA,NA,NA,0.11538461538461539,0.2692307692307692,NA,NA,NA,NA,NA,97659.206,125054.202,3486.952,27340.953999999998,87296.272,767.304,500.71000000000004,8692.47,789.0020000000001,151.068
Apr-2024,2024,4,Suisun Bay,0.0370905,NA,0.18,0.0595,0.1275,0.21025,0.069,15.4318749165535,0.8515619282630335,11.899999777475982,9.9,2.64,NA,NA,NA,996000,158840,1251136,8.41,AN,3.49,AN,NA,NA,NA,NA,NA,NA,NA,NA,NA,NA,NA,107987.02333333333,209757.77000000002,5899.593333333333,6566.573333333334,66394.74,565.8766666666667,1029.2433333333333,15289.373333333331,424.8333333333333,140.04999999999998
Apr-2024,2024,4,Suisun Marsh,0.0715,NA,0.35750000000000004,0.0785,0.375,0.634,0.14800000000000002,16.524999988079074,0.6996828566237008,25.333333333333332,7.63,NA,NA,NA,NA,996000,158840,1251136,8.41,AN,3.49,AN,NA,NA,NA,NA,NA,NA,NA,NA,NA,NA,NA,141480.78,30133.55,21077.84,4537.79,39184.245,1039.71,512.6700000000001,58549.56,953.47,431.22
May-2024,2024,5,Confluence,0.023120428571428573,NA,0.14114285714285715,0.04554,0.1396257142857143,0.17657142857142857,0.05714285714285714,18.497048687786958,0.08606404824156721,17.843205157563446,9.002291666666666,2.3226666666666667,7.563719578829471,1,1,706600,192410,962806,8.41,AN,3.49,AN,NA,NA,NA,NA,0,0,NA,NA,NA,NA,NA,155047.64428571428,49108.525714285715,3889.558571428571,11830.822857142859,116333.15714285713,392.2514285714286,333.61857142857144,10550.982857142857,632.9928571428571,310.42
May-2024,2024,5,North,0.059790666666666666,0.096893,0.224287,0.15923566666666666,0.31258657142857144,0.468,0.183,20.277336985466732,0.21590648292160405,24.675444438240984,7.105443037974683,2.48,7.799162333348216,2,2,706600,192410,962806,8.41,AN,3.49,AN,NA,NA,NA,NA,0.3333333333333333,0,NA,NA,NA,NA,NA,112268.59,NA,3348.82,5660.28,1322672.39,26.13,NA,9302.28,209.04,1045.2
May-2024,2024,5,SouthCentral,0.0247915,NA,0.238375,0.078625,0.21333333333333332,0.33025,0.088625,18.73983078368787,0.09674887201453496,12.563076991251663,8.811666666666667,2.000967741935484,7.483814218224237,1,1,706600,192410,962806,8.41,AN,3.49,AN,NA,NA,NA,NA,0.5151515151515151,0.3333333333333333,NA,NA,NA,NA,NA,87394.73000000001,417679.60799999995,44716.646,10090.318,55942.27,374.42400000000004,1189.414,7939.736,580.248,93.894
May-2024,2024,5,Suisun Bay,0.022178,NA,0.1648,0.07339999999999999,0.1116234,0.2148,0.084,18.54142860775902,0.7738964285246193,19.88888888888888,9.5,4.155,NA,NA,NA,706600,192410,962806,8.41,AN,3.49,AN,NA,NA,NA,NA,NA,NA,NA,NA,NA,NA,NA,377947.5266666667,32285.463333333333,13414.716666666667,16369.483333333332,2796997.65,421.2166666666667,207.45000000000002,37263.1,747.6933333333333,667.6233333333333
May-2024,2024,5,Suisun Marsh,0.0303125,NA,0.298,0.11099999999999999,0.312,0.535,0.194,18.269999847412105,0.5488061461040485,31.011111259460446,8.10909090909091,NA,NA,NA,NA,706600,192410,962806,8.41,AN,3.49,AN,NA,NA,NA,NA,NA,NA,NA,NA,NA,NA,NA,460678.645,23474.9,35857.72,30663.57,31609.66,1215.6299999999999,164.275,99988.07500000001,1927.4550000000002,569.485
Jun-2024,2024,6,Confluence,0.023872,NA,0.122625,0.065,0.15762500000000002,0.194875,0.071875,21.62092549142682,0.5202887557971957,22.93733347593664,8.152105263157894,2.242,7.832428763937645,1,1,431400,83710,548616,8.41,AN,3.49,AN,NA,NA,NA,NA,0,0,NA,NA,NA,NA,NA,74046.93571428572,41681.30285714286,16494.308571428573,10534.550000000001,61319.82857142857,358.1771428571428,293.0942857142857,11117.471428571429,423.5785714285715,144.7057142857143
Jun-2024,2024,6,North,0.026984,0.011535,0.16551173333333333,0.17010214285714284,0.27314191666666665,0.3925,0.20707142857142857,22.956451912200176,0.16863295666487663,23.143627458801323,6.8613513513513515,2.2561577692307693,7.832591281098011,1,1,431400,83710,548616,8.41,AN,3.49,AN,NA,NA,NA,NA,0.5,0.25,NA,NA,NA,NA,NA,63037.91,NA,3252.59,8729.24,340759.91000000003,188.72,NA,9034.97,424.62,212.31
Jun-2024,2024,6,SouthCentral,0.029988374999999998,NA,0.145406625,0.09924999999999999,0.20166666666666666,0.32637499999999997,0.1105,23.128175639550978,0.10221414496072248,9.329452046323034,8.265454545454546,2.6046153846153848,7.485609709918479,1.2432432432432432,1,431400,83710,548616,8.41,AN,3.49,AN,NA,NA,NA,NA,0.5416666666666666,0.2916666666666667,NA,NA,NA,NA,NA,128416.74200000001,75469.28,5955.432,13548.556,111946.96200000001,567.288,325.99,8389.66,1318.424,230.7
Jun-2024,2024,6,Suisun Bay,0.049890666666666666,NA,0.18266666666666667,0.08066666666666666,0.12333333333333334,0.17233333333333334,0.09466666666666666,20.42629626803928,4.3566871144633765,30.39130428148352,8.775,3.2399999999999998,NA,1,1,431400,83710,548616,8.41,AN,3.49,AN,NA,NA,NA,NA,NA,NA,NA,NA,NA,NA,NA,164470.48,70168.00333333334,3731.19,19927.926666666666,6744.360000000001,432.17333333333335,974.1566666666666,10364.416666666666,597.9366666666666,54.13333333333333
Jun-2024,2024,6,Suisun Marsh,0.0945,NA,0.3365,0.1015,0.395,0.362,0.1735,21.43636365370317,1.7366533568649947,55.34999996821086,6.69,12.5,NA,1,1,431400,83710,548616,8.41,AN,3.49,AN,NA,NA,NA,NA,NA,NA,NA,NA,NA,NA,NA,209253.16999999998,24791.275,29027.39,9239.71,595379.705,747.4449999999999,167.26,74083.485,1544.5500000000002,431.22
