Region,Month,Year,FunctionalGroup,BPUE,Grazing
Confluence,1,2010,Herbivore,590.8146875000001,738.8643125
Confluence,1,2010,Omnivor,243.6165,1395.0916875
Confluence,1,2010,Predator,94.5095,9797.175
Confluence,1,2011,Herbivore,1353.4841428571428,1634.1937142857143
Confluence,1,2011,Omnivor,366.63235714285713,868.4042857142857
Confluence,1,2011,Predator,107.38285714285713,11245.294857142857
Confluence,1,2012,Herbivore,1700.0986875,1864.4481250000001
Confluence,1,2012,Omnivor,1311.896125,3396.9539375
Confluence,1,2012,Predator,222.23175,24367.733187499998
Confluence,1,2013,Herbivore,1479.6459375000002,1347.708125
Confluence,1,2013,Omnivor,735.7825625,4254.544
Confluence,1,2013,Predator,90.39575,9315.7549375
Confluence,1,2014,Herbivore,1564.1035,1885.3607142857143
Confluence,1,2014,Omnivor,1198.0317142857143,3604.934142857143
Confluence,1,2014,Predator,177.47335714285714,19379.390714285713
Confluence,1,2015,Herbivore,1830.0579285714286,1991.5214285714287
Confluence,1,2015,Omnivor,542.1695,3988.0421428571426
Confluence,1,2015,Predator,292.15792857142856,26972.301357142856
Confluence,1,2016,Herbivore,2184.9973,3202.9005
Confluence,1,2016,Omnivor,602.3644,4810.0032
Confluence,1,2016,Predator,552.5399,55794.9184
Confluence,1,2017,Herbivore,2024.4975454545456,1695.425909090909
Confluence,1,2017,Omnivor,792.5475454545455,265.3372727272727
Confluence,1,2017,Predator,13.491272727272728,58.595454545454544
Confluence,1,2018,Herbivore,1545.466277777778,1578.752777777778
Confluence,1,2018,Omnivor,745.7506666666667,3480.8300555555556
Confluence,1,2018,Predator,215.07861111111112,21799.607666666667
Confluence,1,2019,Herbivore,1928.106388888889,2241.049722222222
Confluence,1,2019,Omnivor,847.6345,4051.524722222222
Confluence,1,2019,Predator,132.64755555555556,11815.196777777777
Confluence,1,2020,Herbivore,670.7347222222222,864.4755555555556
Confluence,1,2020,Omnivor,480.2831111111111,3373.8746666666666
Confluence,1,2020,Predator,116.20966666666666,12654.168833333333
Confluence,1,2022,Herbivore,1671.5890714285715,1970.642857142857
Confluence,1,2022,Omnivor,591.552,985.5532142857143
Confluence,1,2022,Predator,107.09485714285714,10176.117928571428
Confluence,1,2023,Herbivore,1761.606142857143,4064.5105714285714
Confluence,1,2023,Omnivor,778.1018571428572,415.6015
Confluence,1,2023,Predator,21.816857142857142,59.64928571428572
Confluence,2,2010,Herbivore,2596.8970000000004,2890.0033333333336
Confluence,2,2010,Omnivor,519.78925,193.31208333333333
Confluence,2,2010,Predator,19.891000000000002,174.2625
Confluence,2,2011,Herbivore,1230.63225,2698.51375
Confluence,2,2011,Omnivor,386.3234375,1633.1075
Confluence,2,2011,Predator,87.968,6988.31775
Confluence,2,2012,Herbivore,1904.958625,2786.03625
Confluence,2,2012,Omnivor,938.417875,1163.4928125
Confluence,2,2012,Predator,113.911125,10097.760125
Confluence,2,2013,Herbivore,1568.5132857142858,1803.97
Confluence,2,2013,Omnivor,1576.564357142857,2209.8340714285714
Confluence,2,2013,Predator,81.73478571428572,8105.143214285715
Confluence,2,2014,Herbivore,2209.253923076923,5551.522307692308
Confluence,2,2014,Omnivor,856.5476153846154,2827.8515384615384
Confluence,2,2014,Predator,147.7931538461538,15996.461538461539
Confluence,2,2015,Herbivore,1498.3792857142857,1765.6464285714285
Confluence,2,2015,Omnivor,785.3679285714286,862.1607857142857
Confluence,2,2015,Predator,87.26314285714285,6429.9115
Confluence,2,2016,Herbivore,2443.88325,3015.371666666667
Confluence,2,2016,Omnivor,572.2084166666667,867.3975833333334
Confluence,2,2016,Predator,28.68,157.8595
Confluence,2,2017,Herbivore,5696.42,5495.458833333333
Confluence,2,2017,Omnivor,7357.089333333333,931.0058333333334
Confluence,2,2017,Predator,118.2105,463.7174166666667
Confluence,2,2018,Herbivore,1146.6595,1811.5044444444445
Confluence,2,2018,Omnivor,433.69399999999996,2118.283388888889
Confluence,2,2018,Predator,95.30183333333333,8849.675
Confluence,2,2019,Herbivore,2630.417642857143,4178.2235
Confluence,2,2019,Omnivor,997.6743571428572,331.37385714285716
Confluence,2,2019,Predator,41.12528571428572,155.9345
Confluence,2,2020,Herbivore,1003.8911666666667,1799.1616666666666
Confluence,2,2020,Omnivor,411.1117777777778,1812.5146666666667
Confluence,2,2020,Predator,59.222833333333334,4408.833333333333
Confluence,2,2022,Herbivore,1421.4922142857145,1507.1642857142858
Confluence,2,2022,Omnivor,451.31114285714284,2522.208857142857
Confluence,2,2022,Predator,142.12042857142856,10755.568928571429
Confluence,2,2023,Herbivore,1846.2847857142858,3465.7568571428574
Confluence,2,2023,Omnivor,735.9471428571428,487.0893571428571
Confluence,2,2023,Predator,53.88392857142857,1927.1355
Confluence,3,2010,Herbivore,692.861347334525,4024.522532861997
Confluence,3,2010,Omnivor,198.4614285391696,386.7934998801909
Confluence,3,2010,Predator,5.6526,71.74297142857142
Confluence,3,2011,Herbivore,1403.5969050660208,6849.33835727114
Confluence,3,2011,Omnivor,279.5975987035145,399.0752267169127
Confluence,3,2011,Predator,4.757142857142857,30.04657142857143
Confluence,3,2012,Herbivore,872.4395862499599,5009.3250301868065
Confluence,3,2012,Omnivor,311.5251049191673,1086.6304714430335
Confluence,3,2012,Predator,36.32967654220245,3613.71520461426
Confluence,3,2013,Herbivore,3034.442919339343,12283.55564326027
Confluence,3,2013,Omnivor,940.4283903141707,4909.449688293539
Confluence,3,2013,Predator,60.49969140325664,6038.5796750127765
Confluence,3,2014,Herbivore,1291.545142291814,5381.844514575757
Confluence,3,2014,Omnivor,339.58582413013187,1522.8417138755456
Confluence,3,2014,Predator,70.90166587039721,5361.803450886474
Confluence,3,2015,Herbivore,2142.7379824332306,6449.237628140145
Confluence,3,2015,Omnivor,908.518223176804,4223.815138448224
Confluence,3,2015,Predator,190.45819804115848,14768.986410902842
Confluence,3,2016,Herbivore,2412.671087618959,10605.289437544732
Confluence,3,2016,Omnivor,715.9354936818851,2623.213661113654
Confluence,3,2016,Predator,127.48243487318555,7501.516164503126
Confluence,3,2017,Herbivore,1744.2556058006649,8269.393773578517
Confluence,3,2017,Omnivor,910.8119706123891,458.26016590443294
Confluence,3,2017,Predator,20.803317641071274,125.0007510469799
Confluence,3,2018,Herbivore,1856.4185918678704,7835.476086918144
Confluence,3,2018,Omnivor,542.651352017935,2029.2289444401408
Confluence,3,2018,Predator,51.5137671452597,5108.584748321092
Confluence,3,2019,Herbivore,1520.9735388169654,8735.17655381677
Confluence,3,2019,Omnivor,488.1342491491663,355.46131447998755
Confluence,3,2019,Predator,9.86290909090909,54.19509090909091
Confluence,3,2020,Herbivore,3286.2934537718597,14190.21985604358
Confluence,3,2020,Omnivor,798.0833086420967,3591.7662221454957
Confluence,3,2020,Predator,72.56966482548795,6642.310955703558
Confluence,3,2021,Herbivore,3465.7968502435883,15161.777571979967
Confluence,3,2021,Omnivor,468.78936329106443,1362.599083170966
Confluence,3,2021,Predator,75.5312181900124,8192.471239147866
Confluence,3,2022,Herbivore,4033.2489679718988,18871.96273001023
Confluence,3,2022,Omnivor,322.5903688747206,1586.1209506380087
Confluence,3,2022,Predator,147.40791185703893,8903.298753240044
Confluence,3,2023,Herbivore,4983.861571428572,5625.683214285714
Confluence,3,2023,Omnivor,3065.4944285714287,470.3469285714286
Confluence,3,2023,Predator,142.7237142857143,214.40042857142856
Confluence,4,2010,Herbivore,4451.3408167512,36728.20385139985
Confluence,4,2010,Omnivor,663.1596963991663,2854.816853214335
Confluence,4,2010,Predator,14.882572597390215,1516.8336692374994
Confluence,4,2011,Herbivore,2498.7641591596544,11493.325112291323
Confluence,4,2011,Omnivor,1601.0726883050577,642.758297169032
Confluence,4,2011,Predator,17.418750366002875,166.6147987483165
Confluence,4,2012,Herbivore,1217.6330387464907,8167.033451010182
Confluence,4,2012,Omnivor,382.5392391246803,1453.1274600166519
Confluence,4,2012,Predator,2.637511348535469,46.40522883491093
Confluence,4,2013,Herbivore,5071.9815373676465,27018.38398935508
Confluence,4,2013,Omnivor,2092.316499121466,12570.917885311539
Confluence,4,2013,Predator,107.25697459806855,10187.229657546002
Confluence,4,2014,Herbivore,2186.000188623103,10679.450465413418
Confluence,4,2014,Omnivor,1548.8799460902273,10328.97711720495
Confluence,4,2014,Predator,123.04890255747074,9750.172848777236
Confluence,4,2015,Herbivore,6864.373036674269,27936.132048929132
Confluence,4,2015,Omnivor,4187.095211410908,14795.940225717235
Confluence,4,2015,Predator,376.00849493960243,14648.966134609997
Confluence,4,2016,Herbivore,4408.50134174899,24911.77218586343
Confluence,4,2016,Omnivor,3750.1901886233804,21196.870202238
Confluence,4,2016,Predator,287.79353718327724,20451.05481836229
Confluence,4,2017,Herbivore,1678.0536898935263,7829.448822075218
Confluence,4,2017,Omnivor,1209.221360154536,1353.8960458694432
Confluence,4,2017,Predator,59.249447782840406,444.456402574646
Confluence,4,2018,Herbivore,2137.858552384321,7380.514902706065
Confluence,4,2018,Omnivor,477.8430659239623,1091.2122267497398
Confluence,4,2018,Predator,14.75036111563443,109.74749663396547
Confluence,4,2019,Herbivore,2470.427932104739,17980.6223732692
Confluence,4,2019,Omnivor,800.8722589107274,849.309462290038
Confluence,4,2019,Predator,19.76450142756744,91.58105428522431
Confluence,4,2020,Herbivore,3562.8739320911436,20780.52675971837
Confluence,4,2020,Omnivor,1125.0500966718776,6832.708747970676
Confluence,4,2020,Predator,16.199732590657757,1753.4480703215588
Confluence,4,2021,Herbivore,8229.89511068081,45543.74218646068
Confluence,4,2021,Omnivor,353.64182441581204,2062.478370646227
Confluence,4,2021,Predator,113.13016417096821,9943.53919331754
Confluence,4,2022,Herbivore,7590.7938208610985,44001.71668630179
Confluence,4,2022,Omnivor,485.65666886398435,3345.2583223623233
Confluence,4,2022,Predator,138.072230270939,6904.433770394676
Confluence,4,2023,Herbivore,1827.544142857143,3609.978857142857
Confluence,4,2023,Omnivor,1610.2366428571427,206.82114285714286
Confluence,4,2023,Predator,104.997,817.5209285714286
Confluence,5,2010,Herbivore,8151.27830926814,53440.73588375451
Confluence,5,2010,Omnivor,1948.948096358308,12286.139371103816
Confluence,5,2010,Predator,37.66971346073313,333.8305941396028
Confluence,5,2011,Herbivore,1911.6930820391485,10758.262784361523
Confluence,5,2011,Omnivor,931.4702228504556,3494.084958399226
Confluence,5,2011,Predator,5.0448571428571425,37.457
Confluence,5,2012,Herbivore,4969.727887899589,36177.45493385628
Confluence,5,2012,Omnivor,4345.923846839896,32375.173259603795
Confluence,5,2012,Predator,8.897996142850829,676.4190867537048
Confluence,5,2013,Herbivore,10093.444623422309,52824.66094677246
Confluence,5,2013,Omnivor,6749.370296181714,46319.364628145006
Confluence,5,2013,Predator,227.93573277472981,24505.19409751346
Confluence,5,2014,Herbivore,4882.939769411149,18979.624487017158
Confluence,5,2014,Omnivor,10892.144819137227,80362.10859255385
Confluence,5,2014,Predator,311.15483709342874,21706.851482010214
Confluence,5,2015,Herbivore,4734.628208427823,16733.464491325634
Confluence,5,2015,Omnivor,9774.741950762746,77997.82654723988
Confluence,5,2015,Predator,354.1242287142526,18033.740354519858
Confluence,5,2016,Herbivore,16349.261542913364,80859.85548430296
Confluence,5,2016,Omnivor,7964.570026826344,40117.47516956817
Confluence,5,2016,Predator,673.5444451708548,31953.562365004233
Confluence,5,2017,Herbivore,5350.860773800216,15179.538716713563
Confluence,5,2017,Omnivor,3451.4853021860436,19667.993917054304
Confluence,5,2017,Predator,569.3101690262022,4845.248934953273
Confluence,5,2018,Herbivore,4761.342284597517,26254.78088446287
Confluence,5,2018,Omnivor,9954.832587166336,67307.05516417984
Confluence,5,2018,Predator,49.87608645022302,4999.127366663494
Confluence,5,2019,Herbivore,5561.0792594065915,28877.72450128353
Confluence,5,2019,Omnivor,2587.5964572232765,17043.797913734714
Confluence,5,2019,Predator,14.000039360819041,183.2369100736232
Confluence,5,2020,Herbivore,2292.7670401770797,13168.991183679618
Confluence,5,2020,Omnivor,6946.232172483651,48656.63332685445
Confluence,5,2020,Predator,254.40378044499673,22124.51273783069
Confluence,5,2021,Herbivore,4429.06803888785,19072.647558097113
Confluence,5,2021,Omnivor,2645.4144504800797,15825.723290917127
Confluence,5,2021,Predator,353.6556602736605,16156.27513630638
Confluence,5,2022,Herbivore,4649.202836732348,22209.599917054456
Confluence,5,2022,Omnivor,2332.7262884611127,15951.679325217667
Confluence,5,2022,Predator,438.260766395868,10696.93110316202
Confluence,5,2023,Herbivore,1846.5174285714286,6553.703571428571
Confluence,5,2023,Omnivor,721.7196428571428,578.2271428571429
Confluence,5,2023,Predator,24.20992857142857,196.45492857142858
Confluence,6,2010,Herbivore,3490.2614495818934,26012.82412430857
Confluence,6,2010,Omnivor,8864.305167985558,67176.44309908737
Confluence,6,2010,Predator,71.12311359333403,5942.53987021886
Confluence,6,2011,Herbivore,1533.6912375048723,9493.866423857102
Confluence,6,2011,Omnivor,6423.689579437072,46395.70107146925
Confluence,6,2011,Predator,39.5545457285991,342.0973685521638
Confluence,6,2012,Herbivore,4164.682998348729,22145.61771907888
Confluence,6,2012,Omnivor,8284.98212460556,65653.45498473456
Confluence,6,2012,Predator,183.47656549892807,16350.63545688724
Confluence,6,2013,Herbivore,2327.721435813579,8772.026884576317
Confluence,6,2013,Omnivor,10399.687859936786,81578.96186156465
Confluence,6,2013,Predator,382.4302205374382,37091.468484891
Confluence,6,2014,Herbivore,5326.210379985707,17322.543181376303
Confluence,6,2014,Omnivor,9714.976219140599,76388.02509550756
Confluence,6,2014,Predator,1592.0820424118142,107417.78631510075
Confluence,6,2015,Herbivore,4541.613489525203,14148.594966016113
Confluence,6,2015,Omnivor,7574.791502652659,56675.12582936607
Confluence,6,2015,Predator,656.1773186481079,25917.542007260647
Confluence,6,2016,Herbivore,8860.317018270243,43741.40020920751
Confluence,6,2016,Omnivor,8551.755060557472,61707.9935578652
Confluence,6,2016,Predator,1402.5008496708533,146620.0658129762
Confluence,6,2017,Herbivore,2455.052903223493,12836.101763156992
Confluence,6,2017,Omnivor,14459.914787982305,93638.61735678822
Confluence,6,2017,Predator,115.53687769401614,3665.936257219752
Confluence,6,2018,Herbivore,3576.3642607437514,25635.185404955646
Confluence,6,2018,Omnivor,15008.389761809518,110385.52387848299
Confluence,6,2018,Predator,561.0924993376562,47455.02355241454
Confluence,6,2019,Herbivore,1783.7780126344096,9175.946306939213
Confluence,6,2019,Omnivor,15191.603362438098,115563.38740977464
Confluence,6,2019,Predator,166.26228581731044,12226.49097516732
Confluence,6,2020,Herbivore,4342.3172057309985,37517.443028531176
Confluence,6,2020,Omnivor,6709.520399328097,49318.48278703595
Confluence,6,2020,Predator,1277.5103733904248,124781.20735854685
Confluence,6,2021,Herbivore,3189.634660859567,15629.284887713698
Confluence,6,2021,Omnivor,8330.860230607303,60058.1350612911
Confluence,6,2021,Predator,1609.9660159002306,77656.85990146591
Confluence,6,2022,Herbivore,2542.732178865702,12332.299990409032
Confluence,6,2022,Omnivor,6800.6385515040565,49581.15965542456
Confluence,6,2022,Predator,1240.9449521565055,51179.9291562369
Confluence,6,2023,Herbivore,2240.9579,12305.1424
Confluence,6,2023,Omnivor,9579.912575,65970.002825
Confluence,6,2023,Predator,55.014125,1681.35975
Confluence,7,2010,Herbivore,3109.815242684984,14265.854199304484
Confluence,7,2010,Omnivor,8823.177625005943,64547.00294431753
Confluence,7,2010,Predator,205.7161958119103,17403.99062451968
Confluence,7,2011,Herbivore,949.3841096734839,6282.710939806378
Confluence,7,2011,Omnivor,10226.520314357878,79931.98269635448
Confluence,7,2011,Predator,67.05489994484095,5395.781691044438
Confluence,7,2012,Herbivore,2530.0749118553767,7175.20260995313
Confluence,7,2012,Omnivor,5114.8488352679005,38027.56336607672
Confluence,7,2012,Predator,407.63856669884154,41720.1132575707
Confluence,7,2013,Herbivore,3195.539369454728,4879.026986569762
Confluence,7,2013,Omnivor,5622.376619446945,37487.59038022502
Confluence,7,2013,Predator,890.526943662537,80963.90216963005
Confluence,7,2014,Herbivore,5007.062158890672,9994.484549843002
Confluence,7,2014,Omnivor,9340.368781085703,62851.91849802384
Confluence,7,2014,Predator,1650.7998501980408,114847.57032994925
Confluence,7,2015,Herbivore,5278.11316829122,12785.753330498912
Confluence,7,2015,Omnivor,5523.788801658696,39066.09058608869
Confluence,7,2015,Predator,1339.4438083947286,88050.69041703087
Confluence,7,2016,Herbivore,4050.2512918670154,15129.919982953748
Confluence,7,2016,Omnivor,6707.748117017131,40209.0148956014
Confluence,7,2016,Predator,1029.5304913538132,96269.2082094397
Confluence,7,2017,Herbivore,8298.293524287563,46300.53274039835
Confluence,7,2017,Omnivor,18062.758947585407,105669.39989717472
Confluence,7,2017,Predator,887.5523636616032,71952.99376153744
Confluence,7,2018,Herbivore,5286.784684064712,17370.044742709826
Confluence,7,2018,Omnivor,8433.112795771764,60878.16457935684
Confluence,7,2018,Predator,2222.1470968511526,234861.00100744038
Confluence,7,2019,Herbivore,1334.8562925911674,5003.339555150689
Confluence,7,2019,Omnivor,16451.35856374463,125201.89114544926
Confluence,7,2019,Predator,976.2465601305253,102075.53673427744
Confluence,7,2020,Herbivore,2718.58879048295,21073.699136887542
Confluence,7,2020,Omnivor,3503.071788562108,23386.68330196732
Confluence,7,2020,Predator,2004.4293184347123,201899.44769700416
Confluence,7,2021,Herbivore,4693.3391991809085,10251.856287465678
Confluence,7,2021,Omnivor,3576.1248070263423,24732.890352170038
Confluence,7,2021,Predator,3821.4997254220825,274045.9299286474
Confluence,7,2022,Herbivore,1582.1878450438153,4407.684513743404
Confluence,7,2022,Omnivor,1932.7459754350004,13267.494256784586
Confluence,7,2022,Predator,1118.4473543320573,73570.34368513028
Confluence,7,2023,Herbivore,3986.89815,16089.217499999999
Confluence,7,2023,Omnivor,15298.992175,119589.32175
Confluence,7,2023,Predator,799.605175,82077.653775
Confluence,7,2024,Herbivore,164.10458333333332,2604.4416666666666
Confluence,7,2024,Omnivor,2394.2489166666664,18088.747041666666
Confluence,7,2024,Predator,1366.6390833333332,135323.19454166666
Confluence,8,2010,Herbivore,1575.3884210526317,3484.029210526316
Confluence,8,2010,Omnivor,4712.269447368421,30838.594657894737
Confluence,8,2010,Predator,340.9446052631579,28356.694736842106
Confluence,8,2011,Herbivore,1666.8731842105265,4474.219447368421
Confluence,8,2011,Omnivor,6704.562052631579,46286.80752631579
Confluence,8,2011,Predator,600.6116052631579,58360.95047368421
Confluence,8,2012,Herbivore,1812.261552631579,2799.7076315789473
Confluence,8,2012,Omnivor,3645.8105,24255.25157894737
Confluence,8,2012,Predator,498.580947368421,45938.544842105264
Confluence,8,2013,Herbivore,2272.798325,5765.434125
Confluence,8,2013,Omnivor,4887.826375,29915.5547
Confluence,8,2013,Predator,775.233675,61269.42
Confluence,8,2014,Herbivore,8098.685206896552,17396.44103448276
Confluence,8,2014,Omnivor,6817.233517241379,48019.67906896552
Confluence,8,2014,Predator,1230.351724137931,94571.86551724139
Confluence,8,2015,Herbivore,5686.918473684211,10315.563684210527
Confluence,8,2015,Omnivor,4140.694421052632,28602.21715789474
Confluence,8,2015,Predator,1035.631105263158,92915.58421052631
Confluence,8,2016,Herbivore,3861.786073170732,10342.332341463414
Confluence,8,2016,Omnivor,6226.028731707317,33975.74268292683
Confluence,8,2016,Predator,1056.7705853658535,104039.71292682926
Confluence,8,2017,Herbivore,4169.080714285715,8049.1580952380955
Confluence,8,2017,Omnivor,7719.488023809524,49112.45269047619
Confluence,8,2017,Predator,1975.7782857142856,209520.1407857143
Confluence,8,2018,Herbivore,4341.598090909091,15090.36681818182
Confluence,8,2018,Omnivor,5055.355727272727,30822.299727272726
Confluence,8,2018,Predator,1054.87825,103249.80922727272
Confluence,8,2019,Herbivore,1963.5644497161347,7702.1733217473675
Confluence,8,2019,Omnivor,4309.592074285212,27594.319151854983
Confluence,8,2019,Predator,2049.7568840032304,219754.92609521534
Confluence,8,2020,Herbivore,2975.122904161121,15096.17160304214
Confluence,8,2020,Omnivor,2834.7994667106686,18325.084901133938
Confluence,8,2020,Predator,1745.3043250848775,168368.81720415826
Confluence,8,2021,Herbivore,3629.389667005372,21560.907057360062
Confluence,8,2021,Omnivor,6491.929703023091,49194.95324642518
Confluence,8,2021,Predator,1915.2816350469918,172557.67184626253
Confluence,8,2022,Herbivore,1135.8812425881713,4110.19454352463
Confluence,8,2022,Omnivor,1995.9802316404255,13841.016121942534
Confluence,8,2022,Predator,1360.3817005676156,98689.28976579967
Confluence,8,2023,Herbivore,4661.4595500000005,25750.31375
Confluence,8,2023,Omnivor,5320.8901,38414.7572
Confluence,8,2023,Predator,2029.468725,217650.06205
Confluence,8,2024,Herbivore,39.03525,457.04875
Confluence,8,2024,Omnivor,1215.44725,6574.0666249999995
Confluence,8,2024,Predator,1032.958875,82496.65475
Confluence,9,2010,Herbivore,7867.863,8059.499411764707
Confluence,9,2010,Omnivor,3327.622705882353,26961.605294117646
Confluence,9,2010,Predator,2115.351705882353,159089.78235294117
Confluence,9,2011,Herbivore,1917.5941200000002,4461.4244
Confluence,9,2011,Omnivor,4676.00912,31607.41328
Confluence,9,2011,Predator,1094.64472,120843.02488
Confluence,9,2012,Herbivore,6565.90775,7937.973571428572
Confluence,9,2012,Omnivor,5930.444607142857,33143.717142857146
Confluence,9,2012,Predator,966.1791071428571,89250.01785714286
Confluence,9,2013,Herbivore,4485.676333333334,6240.588958333334
Confluence,9,2013,Omnivor,5624.030624999999,37275.01354166667
Confluence,9,2013,Predator,1188.8304166666667,119691.20833333334
Confluence,9,2014,Herbivore,4708.804035714285,16939.875714285714
Confluence,9,2014,Omnivor,8623.35475,63154.78067857143
Confluence,9,2014,Predator,1212.8011428571428,116306.625
Confluence,9,2015,Herbivore,8543.25459375,14922.8871875
Confluence,9,2015,Omnivor,8774.2259375,71869.776
Confluence,9,2015,Predator,1475.4158125,133301.384375
Confluence,9,2016,Herbivore,6876.225038461538,11294.840384615385
Confluence,9,2016,Omnivor,6429.575769230769,42352.39169230769
Confluence,9,2016,Predator,1046.8048076923076,89380.1935
Confluence,9,2017,Herbivore,3399.2028395783423,6294.440210813725
Confluence,9,2017,Omnivor,6985.106143821353,48912.191576961566
Confluence,9,2017,Predator,815.9148216283118,90290.3959163134
Confluence,9,2018,Herbivore,3852.7304358214465,4823.59190405685
Confluence,9,2018,Omnivor,5235.251678165419,35352.16712600979
Confluence,9,2018,Predator,1776.3387907128558,175758.7405843439
Confluence,9,2019,Herbivore,1111.4433957497286,5738.20579892236
Confluence,9,2019,Omnivor,3954.2801415849353,26017.835283772227
Confluence,9,2019,Predator,718.6150574089995,77694.14773446892
Confluence,9,2020,Herbivore,2839.369898738952,5407.102570471155
Confluence,9,2020,Omnivor,2446.3952357202584,16859.901235841542
Confluence,9,2020,Predator,2106.000472937158,207034.9374609756
Confluence,9,2021,Herbivore,2488.4083325790543,3746.929193649615
Confluence,9,2021,Omnivor,3608.1292302169704,26505.438102285298
Confluence,9,2021,Predator,1416.1359103605741,123210.03348458983
Confluence,9,2022,Herbivore,2331.07656002948,6876.772528954602
Confluence,9,2022,Omnivor,2345.515410538525,18027.871198295332
Confluence,9,2022,Predator,1833.9445731997928,159904.84795391044
Confluence,9,2023,Herbivore,2605.923870967742,16398.869354838713
Confluence,9,2023,Omnivor,4393.640838709677,29923.486225806453
Confluence,9,2023,Predator,813.7069064516129,85287.96370967742
Confluence,9,2024,Herbivore,45.764,570.7342857142858
Confluence,9,2024,Omnivor,3850.964142857143,29489.786214285716
Confluence,9,2024,Predator,1057.8464999999999,112638.85835714286
Confluence,10,2010,Herbivore,5504.299357142858,5604.111428571429
Confluence,10,2010,Omnivor,2926.3,24898.94
Confluence,10,2010,Predator,895.3599999999999,87687.75
Confluence,10,2011,Herbivore,775.6792083333333,1828.7911666666666
Confluence,10,2011,Omnivor,3064.38925,20723.137333333332
Confluence,10,2011,Predator,563.680125,62275.57745833333
Confluence,10,2012,Herbivore,6711.888333333333,7969.979333333334
Confluence,10,2012,Omnivor,5768.1727083333335,44652.41370833333
Confluence,10,2012,Predator,534.7535833333333,49706.50833333333
Confluence,10,2013,Herbivore,5425.617357142857,6039.740000000001
Confluence,10,2013,Omnivor,3859.208642857143,31049.61675
Confluence,10,2013,Predator,1574.1743928571427,166971.64392857143
Confluence,10,2014,Herbivore,6243.4556,12546.696
Confluence,10,2014,Omnivor,8238.494466666667,62684.7907
Confluence,10,2014,Predator,2122.5897,191830.299
Confluence,10,2015,Herbivore,6149.030142857143,13585.283071428572
Confluence,10,2015,Omnivor,6508.374285714285,49666.56225
Confluence,10,2015,Predator,1938.476857142857,195001.92142857143
Confluence,10,2016,Herbivore,5311.69625,6155.840357142857
Confluence,10,2016,Omnivor,3982.079142857143,30211.995214285715
Confluence,10,2016,Predator,1518.4260714285713,133786.494
Confluence,10,2017,Herbivore,2287.4956578698416,5370.262424911627
Confluence,10,2017,Omnivor,6575.49111327727,42695.67559830533
Confluence,10,2017,Predator,342.24348596590727,36267.427682645095
Confluence,10,2018,Herbivore,2710.64120558647,3285.467058482376
Confluence,10,2018,Omnivor,2633.7487620279335,20646.505921809756
Confluence,10,2018,Predator,1743.0983206167946,180107.48403881543
Confluence,10,2019,Herbivore,607.4879228630188,2572.749337768772
Confluence,10,2019,Omnivor,3218.1929378655846,21831.87784586802
Confluence,10,2019,Predator,550.0036920415823,61335.25650332531
Confluence,10,2020,Herbivore,4098.263058353592,5400.387589228981
Confluence,10,2020,Omnivor,3655.0502897453475,27693.284888236685
Confluence,10,2020,Predator,2573.389604720197,242643.78957366227
Confluence,10,2021,Herbivore,2050.2694425943314,2877.176064354734
Confluence,10,2021,Omnivor,2374.019333292304,19150.16462237479
Confluence,10,2021,Predator,2145.1503804707104,182767.00153975002
Confluence,10,2022,Herbivore,1506.5612619389256,2476.3139987585278
Confluence,10,2022,Omnivor,1904.797868008521,14506.745670805609
Confluence,10,2022,Predator,2424.17237011281,210974.39843345463
Confluence,10,2023,Herbivore,1777.9216451612904,6470.79
Confluence,10,2023,Omnivor,4559.969677419354,31978.018612903226
Confluence,10,2023,Predator,725.2967096774194,75842.5829032258
Confluence,10,2024,Herbivore,44.55735714285714,517.7614285714285
Confluence,10,2024,Omnivor,5289.350571428571,42311.5595
Confluence,10,2024,Predator,3273.576857142857,347000.0642857143
Confluence,11,2010,Herbivore,3886.1607500000005,3999.3256250000004
Confluence,11,2010,Omnivor,1532.629125,13467.5728125
Confluence,11,2010,Predator,622.003,63762.626124999995
Confluence,11,2011,Herbivore,1545.4490833333334,2304.170375
Confluence,11,2011,Omnivor,1901.9491666666668,15854.127708333333
Confluence,11,2011,Predator,1040.926375,111215.10629166667
Confluence,11,2012,Herbivore,1874.4513461538463,2938.776153846154
Confluence,11,2012,Omnivor,2930.527923076923,20648.266038461537
Confluence,11,2012,Predator,840.902076923077,69121.63461538461
Confluence,11,2013,Herbivore,2007.5058846153847,2310.5711538461537
Confluence,11,2013,Omnivor,3587.121923076923,29381.007192307694
Confluence,11,2013,Predator,739.5074230769231,72791.89615384616
Confluence,11,2014,Herbivore,2706.2919333333334,3201.5393333333336
Confluence,11,2014,Omnivor,3544.9843666666666,28182.559633333334
Confluence,11,2014,Predator,1741.5230999999999,180741.45503333333
Confluence,11,2015,Herbivore,4805.7108333333335,8861.7993
Confluence,11,2015,Omnivor,4329.054866666666,35253.49546666667
Confluence,11,2015,Predator,2158.575233333333,233879.03333333333
Confluence,11,2016,Herbivore,3937.6937931034486,4197.371034482759
Confluence,11,2016,Omnivor,2459.35824137931,20333.739827586207
Confluence,11,2016,Predator,1280.7406896551724,134820.1310689655
Confluence,11,2017,Herbivore,812.856121780301,2068.061978331747
Confluence,11,2017,Omnivor,4346.029974847972,30259.128481602518
Confluence,11,2017,Predator,933.79552105349,99239.23407499869
Confluence,11,2018,Herbivore,1942.9256075197968,2398.078239419516
Confluence,11,2018,Omnivor,2013.7866450089145,16767.112562715614
Confluence,11,2018,Predator,1489.5292100288443,149667.17831837275
Confluence,11,2019,Herbivore,749.8413106518136,1197.3307340511
Confluence,11,2019,Omnivor,2702.772981011277,21711.752140338853
Confluence,11,2019,Predator,710.0416864829037,78486.60887158176
Confluence,11,2020,Herbivore,1655.7366883571488,2627.8890091859757
Confluence,11,2020,Omnivor,2429.3049351285417,19931.556709126467
Confluence,11,2020,Predator,1951.596460045885,204494.0892278453
Confluence,11,2021,Herbivore,1071.7475919325905,1548.5462172024208
Confluence,11,2021,Omnivor,1052.6623596006943,9034.785714835254
Confluence,11,2021,Predator,814.9853133763336,81488.737196802
Confluence,11,2022,Herbivore,1117.3648846153847,2265.627692307692
Confluence,11,2022,Omnivor,2663.8493461538465,23014.46126923077
Confluence,11,2022,Predator,2128.984923076923,221255.80384615384
Confluence,11,2023,Herbivore,1218.5583461538463,3414.868076923077
Confluence,11,2023,Omnivor,4552.759307692308,33889.649576923075
Confluence,11,2023,Predator,1873.004269230769,197669.55
Confluence,12,2010,Herbivore,1081.0659375,1220.559375
Confluence,12,2010,Omnivor,546.8290000000001,3138.411125
Confluence,12,2010,Predator,244.446375,25787.6581875
Confluence,12,2011,Herbivore,891.6162307692308,1786.2957692307693
Confluence,12,2011,Omnivor,812.4403846153846,6432.958538461538
Confluence,12,2011,Predator,946.2024615384615,103737.24315384615
Confluence,12,2012,Herbivore,885.7331250000001,1831.5
Confluence,12,2012,Omnivor,768.3932500000001,2969.5803333333333
Confluence,12,2012,Predator,53.15095833333333,3740.308
Confluence,12,2013,Herbivore,1311.2686153846155,1882.5265384615386
Confluence,12,2013,Omnivor,1112.324423076923,8914.585807692307
Confluence,12,2013,Predator,405.6386153846154,41378.95
Confluence,12,2014,Herbivore,1167.3463076923078,2258.4191923076924
Confluence,12,2014,Omnivor,1240.4939615384617,7442.7433846153845
Confluence,12,2014,Predator,645.1305769230769,67517.74038461539
Confluence,12,2015,Herbivore,2370.3335333333334,7101.478766666667
Confluence,12,2015,Omnivor,2976.6676333333335,23778.705266666668
Confluence,12,2015,Predator,1438.7844666666667,149742.8408
Confluence,12,2016,Herbivore,1299.4431333333334,1581.5326666666667
Confluence,12,2016,Omnivor,795.2794,6714.2239
Confluence,12,2016,Predator,661.9205333333333,66802.24476666667
Confluence,12,2017,Herbivore,1367.4828214285715,2333.4781071428574
Confluence,12,2017,Omnivor,1412.9196071428573,11741.955285714286
Confluence,12,2017,Predator,498.5625357142857,52755.45717857143
Confluence,12,2018,Herbivore,1845.9073666666668,2523.2713333333336
Confluence,12,2018,Omnivor,904.1814,7843.531833333333
Confluence,12,2018,Predator,530.3691,55734.38853333333
Confluence,12,2019,Herbivore,1620.2826785714287,2421.947857142857
Confluence,12,2019,Omnivor,2331.4389642857145,19915.663428571428
Confluence,12,2019,Predator,623.2015714285715,60599.09539285714
Confluence,12,2020,Herbivore,514.7264,849.4495000000001
Confluence,12,2020,Omnivor,845.5991,7569.2985
Confluence,12,2020,Predator,797.3584,86625
Confluence,12,2021,Herbivore,1368.4751071428573,2004.7921428571428
Confluence,12,2021,Omnivor,675.2052142857143,6078.842678571428
Confluence,12,2021,Predator,771.6633928571429,78427.525
Confluence,12,2022,Herbivore,687.2018461538462,2228.383846153846
Confluence,12,2022,Omnivor,933.9552692307693,7180.452653846154
Confluence,12,2022,Predator,741.9879615384615,80434.43157692307
Confluence,12,2023,Herbivore,547.1943600000001,1379.5476
Confluence,12,2023,Omnivor,1499.87248,13388.1788
Confluence,12,2023,Predator,1434.10056,131301.66136
North,3,2010,Herbivore,4685.205984692705,46187.861394290514
North,3,2010,Omnivor,600.2178871845722,2818.0460486564075
North,3,2010,Predator,0,0
North,3,2011,Herbivore,4261.983743588708,36360.09291521072
North,3,2011,Omnivor,333.0031221605564,883.0205716811813
North,3,2011,Predator,0,0
North,3,2012,Herbivore,7289.922538759186,58899.37562422832
North,3,2012,Omnivor,351.40521400399734,1160.6018994409555
North,3,2012,Predator,0,0
North,3,2013,Herbivore,8379.14311855098,83004.54133126978
North,3,2013,Omnivor,764.1973657342792,3020.669209497451
North,3,2013,Predator,0,0
North,3,2014,Herbivore,2691.4161468218545,23250.252254511623
North,3,2014,Omnivor,730.3260820095927,3543.544010166107
North,3,2014,Predator,136.35199155152108,1217.428495995724
North,3,2015,Herbivore,8382.245599077656,70745.94641861168
North,3,2015,Omnivor,2380.098921076093,11552.31085594087
North,3,2015,Predator,39.74309957616877,354.84910335864976
North,3,2016,Herbivore,9125.413106528058,63602.88705053903
North,3,2016,Omnivor,1188.9714010076711,4608.036634828399
North,3,2016,Predator,190.2663753199223,1698.8069224993064
North,3,2017,Herbivore,8547.805771186613,67561.89647231241
North,3,2017,Omnivor,785.783903379036,1950.9786101749817
North,3,2017,Predator,0,0
North,3,2018,Herbivore,3932.022752247446,32415.086932185328
North,3,2018,Omnivor,488.5262899492177,1623.767104081187
North,3,2018,Predator,0,0
North,3,2019,Herbivore,4499.916158942751,39791.01151290174
North,3,2019,Omnivor,503.28769739063006,1087.55438054911
North,3,2019,Predator,0,0
North,3,2020,Herbivore,5699.712684701023,49247.89825331342
North,3,2020,Omnivor,465.71570122836107,1912.4778613442118
North,3,2020,Predator,0,0
North,3,2021,Herbivore,6893.039056748643,43818.75040997715
North,3,2021,Omnivor,307.9355795009936,1506.7941970689567
North,3,2021,Predator,0,0
North,3,2022,Herbivore,16155.60640736801,83105.30567972912
North,3,2022,Omnivor,426.4155435494554,1826.5987565977612
North,3,2022,Predator,0,0
North,4,2010,Herbivore,24161.361235442244,225370.85751064122
North,4,2010,Omnivor,1725.644922700028,7541.672935527572
North,4,2010,Predator,0,0
North,4,2011,Herbivore,17850.75578059649,119036.43463894795
North,4,2011,Omnivor,2102.5785568027327,4081.40495784835
North,4,2011,Predator,0,0
North,4,2012,Herbivore,9141.661260095418,85637.33715653357
North,4,2012,Omnivor,615.7467166542215,2623.4954328108056
North,4,2012,Predator,0,0
North,4,2013,Herbivore,17889.73048085956,165441.69388511055
North,4,2013,Omnivor,2272.0130607835367,10867.919520400215
North,4,2013,Predator,0,0
North,4,2014,Herbivore,8135.553884962863,72466.89745502852
North,4,2014,Omnivor,3123.6015703933213,18359.248399121072
North,4,2014,Predator,161.4340040056259,1438.1309915526633
North,4,2015,Herbivore,10398.132703418276,66517.80182559334
North,4,2015,Omnivor,8518.283189761145,52364.0378284737
North,4,2015,Predator,53.32011599789828,476.07246426694894
North,4,2016,Herbivore,9302.115156499121,63942.75183966416
North,4,2016,Omnivor,6366.756985245117,41187.78663889752
North,4,2016,Predator,105.59412943286183,942.8047270791235
North,4,2017,Herbivore,3375.475542794869,24824.00749817667
North,4,2017,Omnivor,332.7815215492116,970.7008929496304
North,4,2017,Predator,809.4689254439904,7038.178262467237
North,4,2018,Herbivore,5297.109762667481,37515.66394905145
North,4,2018,Omnivor,732.3899140925607,3426.767481586105
North,4,2018,Predator,0,0
North,4,2019,Herbivore,40174.6011421125,274792.3224421337
North,4,2019,Omnivor,850.8720894772007,3173.4713677320665
North,4,2019,Predator,2.9092831555958134,14.938872370937228
North,4,2020,Herbivore,21650.684489584182,129587.27249578445
North,4,2020,Omnivor,1119.2029947754318,5817.909329758486
North,4,2020,Predator,0.5908590292330188,9.343082117552076
North,4,2021,Herbivore,22974.432999524168,134021.30313538245
North,4,2021,Omnivor,687.8556865035121,3186.2796351191178
North,4,2021,Predator,0.4693030281939726,21.951289038915753
North,4,2022,Herbivore,11777.935550507527,84929.09266760109
North,4,2022,Omnivor,464.74139855789485,2445.8602741212408
North,4,2022,Predator,2.3197578817421243,193.14872110680088
North,5,2010,Herbivore,46263.3524013053,285677.18086766574
North,5,2010,Omnivor,5403.314572590287,38298.73464367209
North,5,2010,Predator,0,0
North,5,2011,Herbivore,39926.55858775214,191291.56847561515
North,5,2011,Omnivor,2162.3293075491565,6310.317948590812
North,5,2011,Predator,0,0
North,5,2012,Herbivore,23617.587167359907,180653.84402046376
North,5,2012,Omnivor,3095.13215210791,22832.093492880285
North,5,2012,Predator,0,0
North,5,2013,Herbivore,11063.182348138296,97101.1576914375
North,5,2013,Omnivor,6148.835682591535,39987.37184884658
North,5,2013,Predator,0,0
North,5,2014,Herbivore,9465.849859560025,73857.4709922992
North,5,2014,Omnivor,12785.164663151509,78646.8376925267
North,5,2014,Predator,179.61429121352134,1493.2251156345912
North,5,2015,Herbivore,53937.841261794456,256541.70158770808
North,5,2015,Omnivor,11024.52731696709,73864.51536061736
North,5,2015,Predator,9.587390921188478,564.9313261511446
North,5,2016,Herbivore,53812.60668785112,261582.3119088576
North,5,2016,Omnivor,7183.808507651896,51954.436614159655
North,5,2016,Predator,85.39432250741494,759.7264854844152
North,5,2017,Herbivore,17400.633532782413,99287.62983138993
North,5,2017,Omnivor,2464.5626877744216,14731.557030640428
North,5,2017,Predator,1047.7658216732837,9178.330362454493
North,5,2018,Herbivore,10095.983430953953,66476.90385170547
North,5,2018,Omnivor,12024.866542224196,96261.308498446655
North,5,2018,Predator,0,0
North,5,2019,Herbivore,33407.238600862,184563.52998170833
North,5,2019,Omnivor,2044.5313262935158,9704.059795428344
North,5,2019,Predator,8.770117385915,0.29233724619716667
North,5,2020,Herbivore,59381.54612809714,301499.62651390675
North,5,2020,Omnivor,5531.631346077362,38809.42448226951
North,5,2020,Predator,3.1148740237499997,78.95354440789859
North,5,2021,Herbivore,27166.396320548673,161471.8631523671
North,5,2021,Omnivor,5709.920546026026,34089.45037208437
North,5,2021,Predator,0.08500841425142856,0.3445474423034921
North,5,2022,Herbivore,14166.463234958543,85368.53861880797
North,5,2022,Omnivor,2686.450542250413,15638.087172838043
North,5,2022,Predator,0.20392218645625657,19.764986221297814
North,6,2010,Herbivore,13655.953038964963,107404.48975264118
North,6,2010,Omnivor,8587.03465510815,60324.54985516909
North,6,2010,Predator,28.40651787172485,251.3503512451732
North,6,2011,Herbivore,17521.107148812873,147947.82267819418
North,6,2011,Omnivor,8860.53691347374,60987.070760737515
North,6,2011,Predator,25.3413,229.18906666666666
North,6,2012,Herbivore,18284.063965173405,142915.6263850843
North,6,2012,Omnivor,9007.804778775826,65197.1549880796
North,6,2012,Predator,14.5502,168.2014
North,6,2013,Herbivore,6994.316724016377,70420.9454597522
North,6,2013,Omnivor,8658.767886119005,59680.969450747674
North,6,2013,Predator,6.0496702074790285,146.84467168371975
North,6,2014,Herbivore,8818.83179901354,82586.16375044262
North,6,2014,Omnivor,10996.53551442022,73755.91949840699
North,6,2014,Predator,27.57651779743685,833.9647545970699
North,6,2015,Herbivore,26868.411012606255,152825.3855039646
North,6,2015,Omnivor,11941.691852439317,79333.58823305203
North,6,2015,Predator,6.076567985554522,279.6858365401874
North,6,2016,Herbivore,26369.0141911091,159417.7355084874
North,6,2016,Omnivor,12384.22302635908,84562.05096947205
North,6,2016,Predator,57.303167739581355,502.3856987897561
North,6,2017,Herbivore,17279.246840163014,113014.7982585104
North,6,2017,Omnivor,21984.92608235536,146514.63965258462
North,6,2017,Predator,93.07257576519953,972.667577388251
North,6,2018,Herbivore,3931.0542399635783,34560.981261876215
North,6,2018,Omnivor,11198.717338147997,79335.47397094299
North,6,2018,Predator,4.908859935077995,112.62296167333855
North,6,2019,Herbivore,31402.84946382579,180628.65187559082
North,6,2019,Omnivor,9900.228593343563,70992.94615973564
North,6,2019,Predator,109.72851768945394,1030.268694799422
North,6,2020,Herbivore,34421.66678784137,176127.2336623803
North,6,2020,Omnivor,9821.334208610144,67498.95545965935
North,6,2020,Predator,22.867256459000366,2442.4413419061093
North,6,2021,Herbivore,67161.58873450778,350896.7379727405
North,6,2021,Omnivor,15231.656417826038,88876.44402427436
North,6,2021,Predator,473.5805947927281,11171.853274095674
North,6,2022,Herbivore,7093.478900796057,60672.14893567312
North,6,2022,Omnivor,6815.336566626563,43031.198213737785
North,6,2022,Predator,3.339152776683384,361.5602799952436
North,6,2023,Herbivore,10638.845312500001,89865.6225
North,6,2023,Omnivor,10302.3063125,79540.96549999999
North,6,2023,Predator,6.02775,138.5683125
North,7,2010,Herbivore,4323.8808802480535,45729.19981661145
North,7,2010,Omnivor,10600.083465899823,83013.07316568829
North,7,2010,Predator,0,0
North,7,2011,Herbivore,13559.881850472437,112327.97319318034
North,7,2011,Omnivor,10474.647884680104,79896.19986816499
North,7,2011,Predator,6.907217391304347,60.393608695652176
North,7,2012,Herbivore,6921.457705464713,79937.19958842848
North,7,2012,Omnivor,6748.038338446482,45225.24049405894
North,7,2012,Predator,1.650782608695652,14.73913043478261
North,7,2013,Herbivore,6262.1187359919195,74336.32708266129
North,7,2013,Omnivor,10228.123197319923,61772.446268609994
North,7,2013,Predator,4.701217391304348,286.3304347826087
North,7,2014,Herbivore,6107.470113741084,68845.2457033399
North,7,2014,Omnivor,9689.552567809727,56350.25779095635
North,7,2014,Predator,30.560745291124277,3045.547251831443
North,7,2015,Herbivore,15661.862916804852,112742.1855899622
North,7,2015,Omnivor,11187.720036499482,63971.47628250805
North,7,2015,Predator,13.75855592073468,1530.4702119384183
North,7,2016,Herbivore,15561.267401982279,130210.69926158898
North,7,2016,Omnivor,11021.108112655327,63895.132805427485
North,7,2016,Predator,329.1696861216258,597.0209607858544
North,7,2017,Herbivore,6452.795866666667,72777.88266666667
North,7,2017,Omnivor,22657.469733333335,151643.77346666667
North,7,2017,Predator,50.6388,498.4266666666667
North,7,2018,Herbivore,4496.483369407112,57690.8865287659
North,7,2018,Omnivor,12039.032634562216,75163.59669856318
North,7,2018,Predator,4.731631578947368,327.6676842105263
North,7,2019,Herbivore,5311.417298645377,69945.23142292831
North,7,2019,Omnivor,9650.832743537723,65160.66363641684
North,7,2019,Predator,11.026479280577922,174.91033990124492
North,7,2020,Herbivore,18036.122459638573,108758.38191613993
North,7,2020,Omnivor,6434.833664369075,36119.405980429394
North,7,2020,Predator,8.962469611810784,324.0760179085473
North,7,2021,Herbivore,18226.454695681394,111399.0413162587
North,7,2021,Omnivor,9462.802723465118,53846.724142445135
North,7,2021,Predator,84.74253442213816,6366.504495147951
North,7,2022,Herbivore,1958.0534450076127,22932.156390740158
North,7,2022,Omnivor,3670.2996142575776,24265.622917468256
North,7,2022,Predator,9.6951450292725,1078.3122281378999
North,7,2023,Herbivore,7557.811875,83613.981875
North,7,2023,Omnivor,8442.392,61061.8048125
North,7,2023,Predator,5.3221875,123.925
North,8,2011,Herbivore,5209.722133333334,73729.01386666666
North,8,2011,Omnivor,6632.727466666666,43089.8764
North,8,2011,Predator,5.5607999999999995,334.0106666666667
North,8,2012,Herbivore,3752.0014375,47208.10875
North,8,2012,Omnivor,8352.40225,47412.4995
North,8,2012,Predator,0.315,2.8125
North,8,2013,Herbivore,2594.3848125,35070.349375
North,8,2013,Omnivor,6116.5166874999995,31946.386000000002
North,8,2013,Predator,1.1287500000000001,112.50425
North,8,2014,Herbivore,6782.331375000001,94230.52125
North,8,2014,Omnivor,13357.995625,82286.37475
North,8,2014,Predator,9.15175,691.05
North,8,2015,Herbivore,1931.1815000000001,30012.69875
North,8,2015,Omnivor,7667.705125,47642.520000000004
North,8,2015,Predator,29.336625,3296.25
North,8,2016,Herbivore,3746.69575,46827.36125
North,8,2016,Omnivor,10192.00975,58709.186875
North,8,2016,Predator,14.507624999999999,1147.875
North,8,2017,Herbivore,2144.2443125,31984.730812499998
North,8,2017,Omnivor,13235.3426875,74846.0194375
North,8,2017,Predator,2.7693749999999997,12.2343125
North,8,2018,Herbivore,3984.1895,55201.63275
North,8,2018,Omnivor,10273.3608125,50235.1268125
North,8,2018,Predator,6.590437499999999,375.385375
North,8,2019,Herbivore,2743.3431001225,38160.94033930367
North,8,2019,Omnivor,8002.2711476585755,47691.475093551286
North,8,2019,Predator,30.88712398247263,81.40087650324122
North,8,2020,Herbivore,8775.002983355436,59593.011683007186
North,8,2020,Omnivor,6917.622335929807,42763.083870697286
North,8,2020,Predator,377.7975296065629,563.2488054982491
North,8,2021,Herbivore,29673.400157425083,165916.68883685308
North,8,2021,Omnivor,8950.747172939944,50993.39459582727
North,8,2021,Predator,89.37080166279125,3311.4203112520663
North,8,2022,Herbivore,1815.296645913724,21454.04372121517
North,8,2022,Omnivor,2641.9999936228296,18299.85487848353
North,8,2022,Predator,11.92383459594923,625.4314739411677
North,8,2023,Herbivore,7085.314875,98994.58375
North,8,2023,Omnivor,8804.5839375,58805.7311875
North,8,2023,Predator,9.083125,566.3841874999999
North,9,2011,Herbivore,4001.3250000000003,46978.51
North,9,2011,Omnivor,5316.772285714285,35058.49814285714
North,9,2011,Predator,1.4857142857142855,104.74971428571429
North,9,2012,Herbivore,3710.752428571429,42941.83642857143
North,9,2012,Omnivor,10640.308142857142,64822.14071428572
North,9,2012,Predator,1.437142857142857,11.4
North,9,2013,Herbivore,4195.874428571428,47757.724285714285
North,9,2013,Omnivor,13723.114,78237.543
North,9,2013,Predator,5.152285714285714,443.3165714285714
North,9,2014,Herbivore,5099.251428571429,65825.73857142856
North,9,2014,Omnivor,16479.235857142856,97134.04985714286
North,9,2014,Predator,7.599,298.37142857142857
North,9,2015,Herbivore,6582.136285714286,92712.62714285713
North,9,2015,Omnivor,22967.261142857144,157459.67942857143
North,9,2015,Predator,0.48057142857142854,2.4857142857142853
North,9,2016,Herbivore,2953.8425714285713,36706.349
North,9,2016,Omnivor,15802.273571428572,84260.57871428572
North,9,2016,Predator,4.257428571428571,37.28842857142857
North,9,2017,Herbivore,11262.258185512554,65894.0541823629
North,9,2017,Omnivor,7623.03603644719,52055.03394196352
North,9,2017,Predator,28.10824563509875,74.85295941264292
North,9,2018,Herbivore,4559.288781563761,43454.393739530315
North,9,2018,Omnivor,11794.366129243364,75649.74712773753
North,9,2018,Predator,12.3206958513,212.96730197987
North,9,2019,Herbivore,6953.1351108221115,57545.38693450573
North,9,2019,Omnivor,8741.344197088718,50467.31192992922
North,9,2019,Predator,8.677304683526666,90.55111266738804
North,9,2020,Herbivore,17585.928695126913,109362.4072225488
North,9,2020,Omnivor,7914.147860568601,46539.74945623531
North,9,2020,Predator,38.977305470171814,963.5223426359264
North,9,2021,Herbivore,3478.3967612340093,39325.85343057222
North,9,2021,Omnivor,6462.64977782052,39613.20358178589
North,9,2021,Predator,45.731720844766606,4906.99556567624
North,9,2022,Herbivore,2060.0968993239567,24034.74014684397
North,9,2022,Omnivor,3047.9760722267893,22476.035390946545
North,9,2022,Predator,23.2425787430756,2524.77018035794
North,9,2023,Herbivore,4578.351,61521.94857142857
North,9,2023,Omnivor,4130.4742857142855,25990.243428571426
North,9,2023,Predator,0.576,5.142857142857143
North,10,2011,Herbivore,3902.737285714286,37520.78
North,10,2011,Omnivor,4530.941,31240.34642857143
North,10,2011,Predator,9.430285714285713,293.1581428571429
North,10,2012,Herbivore,5152.658857142857,50704.58342857143
North,10,2012,Omnivor,16675.631857142856,134620.73985714285
North,10,2012,Predator,22.416857142857143,1659.857142857143
North,10,2013,Herbivore,3933.1444285714288,39568.88285714285
North,10,2013,Omnivor,6378.486142857143,37207.059571428574
North,10,2013,Predator,4.005,450
North,10,2014,Herbivore,4085.8085714285717,45736.29857142857
North,10,2014,Omnivor,14396.545428571428,89611.05985714286
North,10,2014,Predator,30.365142857142857,3064.285714285714
North,10,2015,Herbivore,4186.206714285714,51185.037142857145
North,10,2015,Omnivor,13867.427857142857,87931.43528571428
North,10,2015,Predator,84.906,9540
North,10,2016,Herbivore,3629.6498571428574,43959.82
North,10,2016,Omnivor,7600.6425714285715,45972.993714285716
North,10,2016,Predator,12.472714285714286,1401.4285714285713
North,10,2017,Herbivore,982.9622859658159,7952.3831426351
North,10,2017,Omnivor,4957.892450904863,32757.236202029588
North,10,2017,Predator,53.11620854906364,2218.389623394215
North,10,2018,Herbivore,3910.9373626768515,33838.61548492463
North,10,2018,Omnivor,5071.983133889101,33458.70969062672
North,10,2018,Predator,8.268408499549825,636.191837899284
North,10,2019,Herbivore,1884.0567173985928,18212.209802212325
North,10,2019,Omnivor,4222.166984149651,25913.443561851753
North,10,2019,Predator,1.3601066290114492,40.083705243565944
North,10,2020,Herbivore,5785.150325065498,48007.31034172851
North,10,2020,Omnivor,6569.091001804704,39973.104111802044
North,10,2020,Predator,15.238276662273174,1060.0149226323438
North,10,2021,Herbivore,4390.356473421612,43535.627588521515
North,10,2021,Omnivor,4500.697974412495,27868.492569013833
North,10,2021,Predator,41.3725324737898,4141.54360227139
North,10,2022,Herbivore,2683.140883549779,29517.266933717437
North,10,2022,Omnivor,2963.326305455217,21163.513587529655
North,10,2022,Predator,49.36646243820882,5519.944191811086
North,10,2023,Herbivore,3397.0248571428574,40728.444285714286
North,10,2023,Omnivor,3841.861857142857,21025.900285714284
North,10,2023,Predator,1.782142857142857,111.42857142857143
North,11,2011,Herbivore,3283.2085714285718,30295.338571428572
North,11,2011,Omnivor,2791.143857142857,23388.539714285715
North,11,2011,Predator,6.3745714285714286,43.763571428571424
North,11,2012,Herbivore,5305.082428571429,51812.44571428571
North,11,2012,Omnivor,7235.385,44273.84871428572
North,11,2012,Predator,6.442285714285714,56.4
North,11,2013,Herbivore,3411.028142857143,34805.974285714285
North,11,2013,Omnivor,3413.113,20549.208142857144
North,11,2013,Predator,6.816,60.857142857142854
North,11,2014,Herbivore,5708.5821428571435,53674.074
North,11,2014,Omnivor,6680.709428571428,42176.497285714286
North,11,2014,Predator,13.311857142857143,1495.7142857142858
North,11,2015,Herbivore,2414.878142857143,26771.97157142857
North,11,2015,Omnivor,4518.300428571429,31193.114142857143
North,11,2015,Predator,56.27057142857143,6308.5755714285715
North,11,2016,Herbivore,3238.895285714286,34048.87142857143
North,11,2016,Omnivor,4579.688571428571,27777.04042857143
North,11,2016,Predator,5.146285714285714,223.72814285714287
North,11,2017,Herbivore,9806.403517074767,61862.52975821744
North,11,2017,Omnivor,4378.493417853606,28659.125795469856
North,11,2017,Predator,17.889705522149246,475.62270796581925
North,11,2018,Herbivore,5460.685898395812,45694.62559627418
North,11,2018,Omnivor,1666.9975807892893,11640.43615018663
North,11,2018,Predator,4.866147799641861,402.625544196247
North,11,2019,Herbivore,5908.530745355226,47851.21382792566
North,11,2019,Omnivor,1743.8650020091488,12273.594035765298
North,11,2019,Predator,0.512187988588,19.479681046457554
North,11,2020,Herbivore,8820.793050926632,67040.46913975984
North,11,2020,Omnivor,2455.3650516368602,17941.494640346085
North,11,2020,Predator,1.8025542022964063,144.41667165651296
North,11,2021,Herbivore,4036.022293363863,31929.989079148996
North,11,2021,Omnivor,1989.4826623667363,13574.05259957476
North,11,2021,Predator,2.7422857412065382,165.70749686179923
North,11,2022,Herbivore,3810.4145714285714,35272.038571428566
North,11,2022,Omnivor,3194.006142857143,24023.41385714286
North,11,2022,Predator,38.953714285714284,4362.861285714286
North,11,2023,Herbivore,6889.395571428572,69272.89571428571
North,11,2023,Omnivor,4197.0804285714285,29243.95242857143
North,11,2023,Predator,13.504285714285714,901.7142857142857
North,12,2011,Herbivore,2053.014,20470.908571428572
North,12,2011,Omnivor,731.8675714285714,6118.664571428571
North,12,2011,Predator,9.594857142857142,19.106571428571428
North,12,2012,Herbivore,2297.4286666666667,23369.208333333332
North,12,2012,Omnivor,971.838,7436.256
North,12,2012,Predator,31.55,227.70233333333331
North,12,2013,Herbivore,4499.895142857143,42445.084285714285
North,12,2013,Omnivor,3126.093142857143,27110.32742857143
North,12,2013,Predator,8.322857142857142,254.149
North,12,2014,Herbivore,6578.7742499999995,63769.3275
North,12,2014,Omnivor,3144.83925,23405.5145
North,12,2014,Predator,86.92200000000001,933.78
North,12,2015,Herbivore,2960.571142857143,29640.167142857143
North,12,2015,Omnivor,2641.665142857143,17838.298428571426
North,12,2015,Predator,44.64114285714285,4215
North,12,2016,Herbivore,3254.7457142857147,30557.188571428575
North,12,2016,Omnivor,1012.6574285714286,7007.349714285714
North,12,2016,Predator,4.728428571428571,249.86257142857144
North,12,2017,Herbivore,6837.018428571429,54677.90714285714
North,12,2017,Omnivor,3389.6458571428575,28361.841
North,12,2017,Predator,8.070428571428572,134.58842857142858
North,12,2018,Herbivore,3661.8193333333334,33329.340000000004
North,12,2018,Omnivor,2992.0495,25998.921333333332
North,12,2018,Predator,15.234499999999999,269.5
North,12,2019,Herbivore,7389.600333333334,66305.12166666667
North,12,2019,Omnivor,1673.6958333333334,13870.040666666666
North,12,2019,Predator,11.009,92.0235
North,12,2020,Herbivore,1444.9062000000001,11240.87
North,12,2020,Omnivor,791.548,7241.7728
North,12,2020,Predator,8.7042,978
North,12,2021,Herbivore,3524.1920000000005,32414.294285714288
North,12,2021,Omnivor,1191.0467142857144,10152.969714285715
North,12,2021,Predator,11.506428571428572,483.85714285714283
North,12,2022,Herbivore,5707.782714285714,52323.49571428571
North,12,2022,Omnivor,1673.209142857143,13359.686
North,12,2022,Predator,23.121,971.4251428571429
North,12,2023,Herbivore,4184.132857142858,39168.671428571426
North,12,2023,Omnivor,824.7825714285714,6474.623714285714
North,12,2023,Predator,3.0205714285714285,123.02442857142857
SouthCentral,1,2010,Herbivore,3681.43725,9118.29375
SouthCentral,1,2010,Omnivor,364.49225,1652.363875
SouthCentral,1,2010,Predator,6.8336250000000005,326.252125
SouthCentral,1,2011,Herbivore,1032.807125,973.965
SouthCentral,1,2011,Omnivor,312.882125,199.48975000000002
SouthCentral,1,2011,Predator,4.91625,24.447875
SouthCentral,1,2012,Herbivore,9671.852875,6550.46125
SouthCentral,1,2012,Omnivor,2966.3377499999997,1319.41325
SouthCentral,1,2012,Predator,24.022875,1233.798125
SouthCentral,1,2013,Herbivore,1418.86625,1103.94875
SouthCentral,1,2013,Omnivor,394.854375,286.499375
SouthCentral,1,2013,Predator,3.199125,36.783875
SouthCentral,1,2014,Herbivore,3704.781125,13383.96125
SouthCentral,1,2014,Omnivor,1319.0575,1378.503625
SouthCentral,1,2014,Predator,2.936375,291.75
SouthCentral,1,2015,Herbivore,739.749,1479.22625
SouthCentral,1,2015,Omnivor,189.561,229.03199999999998
SouthCentral,1,2015,Predator,19.424625,251.34625
SouthCentral,1,2016,Herbivore,5811.680875,23440.41
SouthCentral,1,2016,Omnivor,379.488625,2112.216125
SouthCentral,1,2016,Predator,22.89975,716.182375
SouthCentral,1,2017,Herbivore,2576.5750000000003,6656.74875
SouthCentral,1,2017,Omnivor,1013.342,1082.49875
SouthCentral,1,2017,Predator,7.0455,82.710375
SouthCentral,1,2018,Herbivore,2989.038,7611.326666666667
SouthCentral,1,2018,Omnivor,775.346,436.87333333333333
SouthCentral,1,2018,Predator,13.222,604.6428333333333
SouthCentral,1,2019,Herbivore,2466.7163333333338,3129.2116666666666
SouthCentral,1,2019,Omnivor,723.7101666666666,1419.5165
SouthCentral,1,2019,Predator,29.820999999999998,586.1983333333333
SouthCentral,1,2020,Herbivore,1588.5073333333335,1875.645
SouthCentral,1,2020,Omnivor,871.2616666666667,1448.1005
SouthCentral,1,2020,Predator,14.411999999999999,26.383333333333333
SouthCentral,1,2022,Herbivore,1090.8238333333334,2694.825
SouthCentral,1,2022,Omnivor,457.532,667.8075
SouthCentral,1,2022,Predator,3.356,23.026
SouthCentral,1,2023,Herbivore,1832.7498333333333,4470.4203333333335
SouthCentral,1,2023,Omnivor,846.4685,787.6153333333333
SouthCentral,1,2023,Predator,14.413499999999999,80.93766666666667
SouthCentral,2,2010,Herbivore,1681.8246250000002,3124.495
SouthCentral,2,2010,Omnivor,361.6095,598.622875
SouthCentral,2,2010,Predator,7.25175,63.380125
SouthCentral,2,2011,Herbivore,1463.93225,1794.18625
SouthCentral,2,2011,Omnivor,1087.31375,343.4785
SouthCentral,2,2011,Predator,15.918,123.445
SouthCentral,2,2012,Herbivore,2947.558125,8862.6375
SouthCentral,2,2012,Omnivor,1340.321375,1403.347125
SouthCentral,2,2012,Predator,53.203125,544.884875
SouthCentral,2,2013,Herbivore,2361.645125,5149.34625
SouthCentral,2,2013,Omnivor,1187.3365,540.790625
SouthCentral,2,2013,Predator,14.19825,126.002875
SouthCentral,2,2014,Herbivore,5683.7335,20090.182500000003
SouthCentral,2,2014,Omnivor,756.22925,439.314125
SouthCentral,2,2014,Predator,19.09875,343.125
SouthCentral,2,2015,Herbivore,2307.58675,5172.685
SouthCentral,2,2015,Omnivor,1158.895,383.106625
SouthCentral,2,2015,Predator,27.53625,313.930375
SouthCentral,2,2016,Herbivore,2445.625142857143,7418.001428571429
SouthCentral,2,2016,Omnivor,599.0001428571428,1589.34
SouthCentral,2,2016,Predator,9.075,186.8597142857143
SouthCentral,2,2017,Herbivore,2675.91025,3822.1600000000003
SouthCentral,2,2017,Omnivor,1954.63125,640.886875
SouthCentral,2,2017,Predator,44.043749999999996,182.66412499999998
SouthCentral,2,2018,Herbivore,2533.5231249999997,8340.012499999999
SouthCentral,2,2018,Omnivor,456.227125,304.82687500000003
SouthCentral,2,2018,Predator,22.253999999999998,118.9025
SouthCentral,2,2019,Herbivore,3643.8920000000003,5095.3502499999995
SouthCentral,2,2019,Omnivor,753.195,400.013
SouthCentral,2,2019,Predator,29.325,45.8095
SouthCentral,2,2020,Herbivore,1957.4453333333333,6819.67
SouthCentral,2,2020,Omnivor,559.9936666666666,626.5458333333333
SouthCentral,2,2020,Predator,13.715,117.5185
SouthCentral,2,2022,Herbivore,1401.4995000000001,3835.9216666666666
SouthCentral,2,2022,Omnivor,274.20616666666666,143.222
SouthCentral,2,2022,Predator,11.052499999999998,144.55233333333334
SouthCentral,2,2023,Herbivore,1935.3275,5060.806666666666
SouthCentral,2,2023,Omnivor,837.3985,429.3063333333333
SouthCentral,2,2023,Predator,37.936,338.00266666666664
SouthCentral,3,2010,Herbivore,2622.9673373595383,12587.049298312151
SouthCentral,3,2010,Omnivor,462.4084158625932,1216.5893930980217
SouthCentral,3,2010,Predator,2.9539999999999997,26.375
SouthCentral,3,2011,Herbivore,1386.3459744097115,6367.805813265109
SouthCentral,3,2011,Omnivor,282.9460757494195,414.57429533723695
SouthCentral,3,2011,Predator,5.875752628121528,50.28962429441606
SouthCentral,3,2012,Herbivore,1944.131620705144,12729.44128123373
SouthCentral,3,2012,Omnivor,627.7638395496608,1500.8056795724651
SouthCentral,3,2012,Predator,7.190362312333822,86.10138902627212
SouthCentral,3,2013,Herbivore,3950.927883592683,18198.423909415265
SouthCentral,3,2013,Omnivor,1570.857571347655,2953.522873253133
SouthCentral,3,2013,Predator,7.5511851866265545,73.95573257976267
SouthCentral,3,2014,Herbivore,2579.417901762365,17090.274489348893
SouthCentral,3,2014,Omnivor,1340.288418406135,2260.8258941957583
SouthCentral,3,2014,Predator,10.841862853967504,96.71895405328128
SouthCentral,3,2015,Herbivore,5685.918284353825,27796.26854554094
SouthCentral,3,2015,Omnivor,2433.599001014613,6565.297721211107
SouthCentral,3,2015,Predator,48.31528620609746,418.407522944052
SouthCentral,3,2016,Herbivore,2097.8473470994004,10244.406137877557
SouthCentral,3,2016,Omnivor,1185.854524418081,3252.4108948349917
SouthCentral,3,2016,Predator,15.424302736651583,127.89789707342537
SouthCentral,3,2017,Herbivore,2532.814292971711,17519.997543437483
SouthCentral,3,2017,Omnivor,550.3449637396527,337.47380223714566
SouthCentral,3,2017,Predator,83.19993259987223,735.0944789584865
SouthCentral,3,2018,Herbivore,5429.207545756396,26244.730413226673
SouthCentral,3,2018,Omnivor,689.7466123146783,2346.978564227244
SouthCentral,3,2018,Predator,1.6480000000000001,14.714285714285714
SouthCentral,3,2019,Herbivore,1031.2638107369758,3486.8164435248455
SouthCentral,3,2019,Omnivor,345.20664379894646,284.8683499440965
SouthCentral,3,2019,Predator,5.438454545454546,34.96004545454546
SouthCentral,3,2020,Herbivore,12343.41454925958,56301.22473509084
SouthCentral,3,2020,Omnivor,1448.3455287714485,4961.713986081593
SouthCentral,3,2020,Predator,3.4633846153846153,30.923076923076923
SouthCentral,3,2021,Herbivore,6541.2695158426295,31330.111663119314
SouthCentral,3,2021,Omnivor,574.0243443337661,1476.130783224012
SouthCentral,3,2021,Predator,2.6712857142857143,59.357142857142854
SouthCentral,3,2022,Herbivore,9752.25653665195,49019.171617584914
SouthCentral,3,2022,Omnivor,363.84855903765134,1005.9236872914346
SouthCentral,3,2022,Predator,6.071999999999999,54.214285714285715
SouthCentral,3,2023,Herbivore,3144.1685,6982.016666666666
SouthCentral,3,2023,Omnivor,1856.5169999999998,1119.9943333333333
SouthCentral,3,2023,Predator,38.84,272.77733333333333
SouthCentral,4,2010,Herbivore,7449.983918963322,34916.23716352893
SouthCentral,4,2010,Omnivor,1023.0814845109225,2976.6990672745487
SouthCentral,4,2010,Predator,6.15375,50.018458333333335
SouthCentral,4,2011,Herbivore,2852.6058765935195,17250.581568106358
SouthCentral,4,2011,Omnivor,745.7279635826443,461.3119825492015
SouthCentral,4,2011,Predator,15.691772727272728,147.71445454545454
SouthCentral,4,2012,Herbivore,5141.499659620832,26170.3740569498
SouthCentral,4,2012,Omnivor,1842.8651618902509,4716.337596267655
SouthCentral,4,2012,Predator,15.479999999999999,106.36933333333334
SouthCentral,4,2013,Herbivore,11609.943070493482,65048.85515153466
SouthCentral,4,2013,Omnivor,3067.0304735231175,13488.511882594777
SouthCentral,4,2013,Predator,6.3915,45.16958333333333
SouthCentral,4,2014,Herbivore,5037.788647242379,32240.05544271941
SouthCentral,4,2014,Omnivor,3338.383271898201,18548.516308025908
SouthCentral,4,2014,Predator,32.83788233717521,291.6878745640265
SouthCentral,4,2015,Herbivore,35320.336106242095,169351.7302548155
SouthCentral,4,2015,Omnivor,7379.397918927903,29855.674340140624
SouthCentral,4,2015,Predator,85.91824940856267,811.2455792350008
SouthCentral,4,2016,Herbivore,16672.500633631666,72685.09257294664
SouthCentral,4,2016,Omnivor,8000.103139819485,47497.26566502678
SouthCentral,4,2016,Predator,111.24418522997617,980.4896062200254
SouthCentral,4,2017,Herbivore,1502.902866349402,11537.182705067265
SouthCentral,4,2017,Omnivor,470.18360225202184,348.4991311505869
SouthCentral,4,2017,Predator,11.103130434782608,98.09086956521739
SouthCentral,4,2018,Herbivore,6335.153596165402,23823.22213003587
SouthCentral,4,2018,Omnivor,1002.934173492285,3558.5461878825386
SouthCentral,4,2018,Predator,9.282285714285713,46.28
SouthCentral,4,2019,Herbivore,5143.848410458968,22346.76639403879
SouthCentral,4,2019,Omnivor,400.79387825417945,693.7948290654167
SouthCentral,4,2019,Predator,31.14109090909091,278.04545454545456
SouthCentral,4,2020,Herbivore,15576.27545849439,91774.54072682877
SouthCentral,4,2020,Omnivor,2202.8942182267374,12029.217786115452
SouthCentral,4,2020,Predator,0,0
SouthCentral,4,2021,Herbivore,32935.00058842161,164003.04863822347
SouthCentral,4,2021,Omnivor,912.7255175599724,4079.621381767743
SouthCentral,4,2021,Predator,2.688,24
SouthCentral,4,2022,Herbivore,18653.827903688572,107406.96674888242
SouthCentral,4,2022,Omnivor,620.7350229303257,3084.571890939184
SouthCentral,4,2022,Predator,2.6765454545454546,59.04545454545455
SouthCentral,4,2023,Herbivore,2957.6658333333335,15713.936666666666
SouthCentral,4,2023,Omnivor,573.46,218.6641666666667
SouthCentral,4,2023,Predator,125.2085,5730.188333333333
SouthCentral,5,2010,Herbivore,11818.350426885827,64572.8338226974
SouthCentral,5,2010,Omnivor,3672.060451271119,20584.376960443966
SouthCentral,5,2010,Predator,23.653690533215624,222.27774039109613
SouthCentral,5,2011,Herbivore,3602.768074541807,17730.631798081326
SouthCentral,5,2011,Omnivor,1466.3268729955694,3254.5734565346916
SouthCentral,5,2011,Predator,41.887375,232.663375
SouthCentral,5,2012,Herbivore,10685.563490630984,59065.62594705936
SouthCentral,5,2012,Omnivor,11466.909378517532,83857.72289922836
SouthCentral,5,2012,Predator,16.1785,106.26808333333334
SouthCentral,5,2013,Herbivore,48874.58012571653,238158.2122395713
SouthCentral,5,2013,Omnivor,17940.411793385803,101660.22763168241
SouthCentral,5,2013,Predator,2.198,19.625
SouthCentral,5,2014,Herbivore,19385.929017644652,102411.0896852287
SouthCentral,5,2014,Omnivor,18649.11813908675,113896.07979774439
SouthCentral,5,2014,Predator,52.848976351097946,492.98054317870054
SouthCentral,5,2015,Herbivore,30104.34496275966,147937.2517221078
SouthCentral,5,2015,Omnivor,20001.289393846713,138877.6734123087
SouthCentral,5,2015,Predator,14.82717091812271,298.1535748827834
SouthCentral,5,2016,Herbivore,30168.68849668135,148354.0956224541
SouthCentral,5,2016,Omnivor,11359.817866307641,57571.44232037928
SouthCentral,5,2016,Predator,25.72325965576505,193.6655538084329
SouthCentral,5,2017,Herbivore,3017.224963185682,8502.518180200987
SouthCentral,5,2017,Omnivor,1672.5043619962898,7596.054440523037
SouthCentral,5,2017,Predator,37.60568270263569,154.67761551652475
SouthCentral,5,2018,Herbivore,12527.101066463694,52091.92805311382
SouthCentral,5,2018,Omnivor,7627.462812055462,48760.20826955782
SouthCentral,5,2018,Predator,20.276191695362808,37.791858699199025
SouthCentral,5,2019,Herbivore,8824.31272751723,44724.62130967359
SouthCentral,5,2019,Omnivor,1677.3057213227407,7926.3400882678025
SouthCentral,5,2019,Predator,0.5201052631578948,4.264578947368421
SouthCentral,5,2020,Herbivore,22372.079328797325,115727.71858012356
SouthCentral,5,2020,Omnivor,16788.823948551097,112934.89115525085
SouthCentral,5,2020,Predator,0,0
SouthCentral,5,2021,Herbivore,22592.98100737868,115556.19482313875
SouthCentral,5,2021,Omnivor,6930.342011830757,40704.32390975466
SouthCentral,5,2021,Predator,22.89555915409013,77.81574641548728
SouthCentral,5,2022,Herbivore,34744.39270661209,183990.1408923316
SouthCentral,5,2022,Omnivor,15707.268589643778,96335.86067085253
SouthCentral,5,2022,Predator,1.0440636199586328,7.837427760784843
SouthCentral,5,2023,Herbivore,1490.1680000000001,6221.798333333334
SouthCentral,5,2023,Omnivor,291.23499999999996,120.826
SouthCentral,5,2023,Predator,8.118,71.50366666666666
SouthCentral,6,2010,Herbivore,9111.292845283295,52496.74209446249
SouthCentral,6,2010,Omnivor,16567.614935237347,103741.6854109124
SouthCentral,6,2010,Predator,16.843205667709555,85.30049413063495
SouthCentral,6,2011,Herbivore,3307.957355420433,17785.53819177959
SouthCentral,6,2011,Omnivor,5793.283509936766,36183.6037253889
SouthCentral,6,2011,Predator,9.742702702702703,110.526
SouthCentral,6,2012,Herbivore,12077.621034554832,74078.5363283137
SouthCentral,6,2012,Omnivor,18056.05249235625,121643.2702836648
SouthCentral,6,2012,Predator,77.13241801043611,780.3083107527265
SouthCentral,6,2013,Herbivore,12578.738140458729,101594.82756770971
SouthCentral,6,2013,Omnivor,17434.5956823265,114861.30026197316
SouthCentral,6,2013,Predator,9.385940502315806,263.94529594323063
SouthCentral,6,2014,Herbivore,44017.47162229393,270394.35219310335
SouthCentral,6,2014,Omnivor,23351.42314788036,154325.0295744821
SouthCentral,6,2014,Predator,11.713407472762002,999.4835292322888
SouthCentral,6,2015,Herbivore,40578.1287747727,233252.74290177395
SouthCentral,6,2015,Omnivor,20344.087201339542,133848.42882571404
SouthCentral,6,2015,Predator,9.226294255010034,69.6405483999172
SouthCentral,6,2016,Herbivore,45900.682948615744,259976.40229984542
SouthCentral,6,2016,Omnivor,21534.608046934914,134522.58738299878
SouthCentral,6,2016,Predator,71.23599409250204,2317.771650408459
SouthCentral,6,2017,Herbivore,4565.035941800934,39964.28254052665
SouthCentral,6,2017,Omnivor,10682.354340230231,75007.21585477603
SouthCentral,6,2017,Predator,41.491902475784165,250.8773122834038
SouthCentral,6,2018,Herbivore,26389.587757101915,178714.49024051786
SouthCentral,6,2018,Omnivor,24527.607330279956,156856.00577830183
SouthCentral,6,2018,Predator,12.10122760509748,153.26788500292707
SouthCentral,6,2019,Herbivore,5462.333728076216,31163.631368996037
SouthCentral,6,2019,Omnivor,9864.581376829734,73461.86630594872
SouthCentral,6,2019,Predator,42.78523529411765,151.2694411764706
SouthCentral,6,2020,Herbivore,25803.10749769484,199590.00764977332
SouthCentral,6,2020,Omnivor,14379.870279509112,94538.9450729353
SouthCentral,6,2020,Predator,5.076393329773473,261.01984621123563
SouthCentral,6,2021,Herbivore,30156.12452005699,244873.28070878919
SouthCentral,6,2021,Omnivor,29753.47184934934,179121.91239353654
SouthCentral,6,2021,Predator,18.539551297529822,761.7346341500887
SouthCentral,6,2022,Herbivore,28892.469278851917,229111.33922610866
SouthCentral,6,2022,Omnivor,16643.494720198516,110188.33138242047
SouthCentral,6,2022,Predator,8.806633378260914,490.8314639965402
SouthCentral,6,2023,Herbivore,2388.3126,12212.5806
SouthCentral,6,2023,Omnivor,4236.9592999999995,28168.935700000002
SouthCentral,6,2023,Predator,19.3068,56.0858
SouthCentral,7,2010,Herbivore,11189.008092324984,80911.2948322239
SouthCentral,7,2010,Omnivor,14246.068360155228,89780.08481495615
SouthCentral,7,2010,Predator,19.552799999999998,24.96066666666667
SouthCentral,7,2011,Herbivore,3187.47904278625,13245.544708107327
SouthCentral,7,2011,Omnivor,12017.672017186955,91238.10616230076
SouthCentral,7,2011,Predator,22.607400000000002,112.5347
SouthCentral,7,2012,Herbivore,6017.303854461489,60655.90662400555
SouthCentral,7,2012,Omnivor,10130.272538622563,64646.72708565251
SouthCentral,7,2012,Predator,6.882109509578101,147.96354796108977
SouthCentral,7,2013,Herbivore,12433.36585107247,115594.7698314572
SouthCentral,7,2013,Omnivor,14365.49849145622,85322.86609831586
SouthCentral,7,2013,Predator,18.906020785037008,534.3812262798975
SouthCentral,7,2014,Herbivore,31889.515618179372,265993.23952593905
SouthCentral,7,2014,Omnivor,38036.33686590681,230479.49527273816
SouthCentral,7,2014,Predator,29.470309763630024,1897.328330932844
SouthCentral,7,2015,Herbivore,11219.844870494442,102922.43392505968
SouthCentral,7,2015,Omnivor,20645.478410763993,125447.84671214424
SouthCentral,7,2015,Predator,60.49451803128188,761.5052761961083
SouthCentral,7,2016,Herbivore,18488.538191464024,113841.14480485793
SouthCentral,7,2016,Omnivor,20336.282349886354,89761.01556841657
SouthCentral,7,2016,Predator,129.42961853701064,6269.801077969954
SouthCentral,7,2017,Herbivore,11942.246066730382,30073.681477407772
SouthCentral,7,2017,Omnivor,18974.588669911038,103246.79985982609
SouthCentral,7,2017,Predator,208.661034197001,175.7144073338772
SouthCentral,7,2018,Herbivore,22459.770517650595,153404.62634014364
SouthCentral,7,2018,Omnivor,25333.84643320753,158404.61439387358
SouthCentral,7,2018,Predator,208.44684489224022,2340.3355432693684
SouthCentral,7,2019,Herbivore,8766.488637553213,54575.90106817811
SouthCentral,7,2019,Omnivor,16758.212719502484,111288.15250127374
SouthCentral,7,2019,Predator,58.696370370370374,553.4342962962963
SouthCentral,7,2020,Herbivore,21404.600692098586,266556.31941960665
SouthCentral,7,2020,Omnivor,13952.653836487814,86563.21253244391
SouthCentral,7,2020,Predator,24.977999999999998,663.5604814814815
SouthCentral,7,2021,Herbivore,12483.379908349949,105539.6818028588
SouthCentral,7,2021,Omnivor,17591.120131228894,101723.28628918064
SouthCentral,7,2021,Predator,47.20573426820556,1918.9952014320145
SouthCentral,7,2022,Herbivore,10656.29545,115181.7585
SouthCentral,7,2022,Omnivor,9683.58235,57207.3911
SouthCentral,7,2022,Predator,19.01015,734.1535
SouthCentral,7,2023,Herbivore,5878.4000000000005,36466.35825
SouthCentral,7,2023,Omnivor,6630.170349999999,39661.31705
SouthCentral,7,2023,Predator,35.5893,117.89895
SouthCentral,8,2010,Herbivore,4701.555545454546,31838.79
SouthCentral,8,2010,Omnivor,9922.268227272727,53233.06295454545
SouthCentral,8,2010,Predator,6.888,80.82409090909091
SouthCentral,8,2011,Herbivore,2160.882909090909,12872.571045454546
SouthCentral,8,2011,Omnivor,7665.546681818182,43399.37640909091
SouthCentral,8,2011,Predator,23.74927272727273,255.18413636363636
SouthCentral,8,2012,Herbivore,2594.4116363636363,31836.434090909093
SouthCentral,8,2012,Omnivor,8445.582681818181,48481.80372727273
SouthCentral,8,2012,Predator,21.58281818181818,293.5776818181818
SouthCentral,8,2013,Herbivore,9716.31185,132524.20485
SouthCentral,8,2013,Omnivor,20587.7098,121791.31235
SouthCentral,8,2013,Predator,69.6866,1895.97925
SouthCentral,8,2014,Herbivore,7799.665733333333,99365.02666666667
SouthCentral,8,2014,Omnivor,22197.419133333333,137768.27793333333
SouthCentral,8,2014,Predator,47.87786666666666,3972.96
SouthCentral,8,2015,Herbivore,4074.7922727272726,46828.56727272727
SouthCentral,8,2015,Omnivor,11351.742,68362.90463636363
SouthCentral,8,2015,Predator,37.23863636363636,1403.63
SouthCentral,8,2016,Herbivore,10068.76538095238,115308.03133333333
SouthCentral,8,2016,Omnivor,13089.459095238095,62655.277
SouthCentral,8,2016,Predator,124.83271428571427,5243.3574761904765
SouthCentral,8,2017,Herbivore,8883.472136363636,24419.925
SouthCentral,8,2017,Omnivor,13185.539181818182,59485.45777272727
SouthCentral,8,2017,Predator,360.9265909090909,1852.3539090909092
SouthCentral,8,2018,Herbivore,21197.066,251013.71435
SouthCentral,8,2018,Omnivor,20633.6859,97326.2212
SouthCentral,8,2018,Predator,62.5025,1804.02535
SouthCentral,8,2019,Herbivore,11567.59685,94960.84465
SouthCentral,8,2019,Omnivor,16373.412199999999,94853.1209
SouthCentral,8,2019,Predator,57.854949999999995,1647.5871
SouthCentral,8,2020,Herbivore,15030.33535,216999.5673
SouthCentral,8,2020,Omnivor,8814.2014,54460.58075
SouthCentral,8,2020,Predator,49.82785,3010
SouthCentral,8,2021,Herbivore,16811.48535,195208.15899999999
SouthCentral,8,2021,Omnivor,25472.56065,163960.0981
SouthCentral,8,2021,Predator,49.3944,383.80375
SouthCentral,8,2022,Herbivore,10042.74745,141518.64985
SouthCentral,8,2022,Omnivor,11712.4093,72997.69345
SouthCentral,8,2022,Predator,15.3111,296.61
SouthCentral,8,2023,Herbivore,10232.345150000001,136221.6285
SouthCentral,8,2023,Omnivor,9111.089399999999,50497.438350000004
SouthCentral,8,2023,Predator,39.5762,1872.99425
SouthCentral,9,2010,Herbivore,6209.23625,22134.68125
SouthCentral,9,2010,Omnivor,8455.990249999999,47874.44
SouthCentral,9,2010,Predator,35.345375000000004,2636.475
SouthCentral,9,2011,Herbivore,5241.493,15627.670909090908
SouthCentral,9,2011,Omnivor,5209.1089999999995,20519.83909090909
SouthCentral,9,2011,Predator,170.6170909090909,360.2437272727273
SouthCentral,9,2012,Herbivore,6282.875,43831.799999999996
SouthCentral,9,2012,Omnivor,6652.275636363636,36881.287454545454
SouthCentral,9,2012,Predator,16.71427272727273,1103.7272727272727
SouthCentral,9,2013,Herbivore,7121.614181818182,53843.307272727274
SouthCentral,9,2013,Omnivor,7785.439181818182,48013.50045454546
SouthCentral,9,2013,Predator,41.47727272727273,3883.690909090909
SouthCentral,9,2014,Herbivore,11438.342454545455,100720.15927272727
SouthCentral,9,2014,Omnivor,14207.148363636363,91374.12418181819
SouthCentral,9,2014,Predator,81.06854545454546,6068.9518181818185
SouthCentral,9,2015,Herbivore,9469.444,82082.05799999999
SouthCentral,9,2015,Omnivor,14264.713500000002,99345.7405
SouthCentral,9,2015,Predator,1509.6998999999998,105897.395
SouthCentral,9,2016,Herbivore,8217.015272727273,98110.89090909091
SouthCentral,9,2016,Omnivor,17890.85290909091,103663.24818181818
SouthCentral,9,2016,Predator,63.254909090909095,5606.130636363637
SouthCentral,9,2017,Herbivore,7062.977545454545,13740.197272727273
SouthCentral,9,2017,Omnivor,13784.73709090909,62694.63145454545
SouthCentral,9,2017,Predator,723.5776363636363,1845.247
SouthCentral,9,2018,Herbivore,8460.34688888889,102869.41
SouthCentral,9,2018,Omnivor,14648.210111111111,98602.73522222223
SouthCentral,9,2018,Predator,50.56611111111111,1838.2585555555556
SouthCentral,9,2019,Herbivore,4595.136666666666,20532.588888888888
SouthCentral,9,2019,Omnivor,7369.861,41514.71688888889
SouthCentral,9,2019,Predator,35.52466666666667,425.0098888888889
SouthCentral,9,2020,Herbivore,6859.133222222222,54738.403333333335
SouthCentral,9,2020,Omnivor,4681.915888888889,27040.315666666665
SouthCentral,9,2020,Predator,35.321000000000005,2328.6033333333335
SouthCentral,9,2021,Herbivore,13613.829666666667,132418.59555555557
SouthCentral,9,2021,Omnivor,13075.542,86996.06522222223
SouthCentral,9,2021,Predator,26.87011111111111,1087.7405555555556
SouthCentral,9,2022,Herbivore,13734.952333333333,133745.66644444445
SouthCentral,9,2022,Omnivor,11221.076888888889,52092.353444444445
SouthCentral,9,2022,Predator,8.699777777777777,168.39999999999998
SouthCentral,9,2023,Herbivore,6065.8985555555555,52814.74333333333
SouthCentral,9,2023,Omnivor,12000.376,62211.80566666667
SouthCentral,9,2023,Predator,18.958555555555556,566.2548888888889
SouthCentral,10,2010,Herbivore,2871.477,10617.15625
SouthCentral,10,2010,Omnivor,5050.68425,31172.353375000002
SouthCentral,10,2010,Predator,44.96575,4146.2249999999995
SouthCentral,10,2011,Herbivore,3405.114,7739.538909090909
SouthCentral,10,2011,Omnivor,4461.2190909090905,22798.588727272727
SouthCentral,10,2011,Predator,8.415272727272727,811.3706363636363
SouthCentral,10,2012,Herbivore,6919.783909090909,27268.30363636364
SouthCentral,10,2012,Omnivor,6028.189636363636,36024.640636363634
SouthCentral,10,2012,Predator,21.602545454545453,1891.0923636363634
SouthCentral,10,2013,Herbivore,6492.101000000001,36510.14590909091
SouthCentral,10,2013,Omnivor,8133.815636363636,46188.467818181816
SouthCentral,10,2013,Predator,42.44018181818181,2748.2181818181816
SouthCentral,10,2014,Herbivore,7023.995666666667,60397.81888888888
SouthCentral,10,2014,Omnivor,13350.036222222223,93759.52088888889
SouthCentral,10,2014,Predator,383.9648888888889,28031.733333333334
SouthCentral,10,2015,Herbivore,9688.412363636364,72141.166
SouthCentral,10,2015,Omnivor,9992.391545454546,64309.17690909091
SouthCentral,10,2015,Predator,833.1076363636364,63827.604636363634
SouthCentral,10,2016,Herbivore,4374.206,30755.472
SouthCentral,10,2016,Omnivor,7714.5446,52503.8468
SouthCentral,10,2016,Predator,48.673,4102.607
SouthCentral,10,2017,Herbivore,12289.42488888889,11076.563333333334
SouthCentral,10,2017,Omnivor,9267.722444444444,42390.34055555555
SouthCentral,10,2017,Predator,145.33633333333333,485.8586666666667
SouthCentral,10,2018,Herbivore,6620.276111111111,29898.62
SouthCentral,10,2018,Omnivor,8564.005111111112,48109.25555555555
SouthCentral,10,2018,Predator,68.86955555555555,2278.3411111111113
SouthCentral,10,2019,Herbivore,5451.595444444444,15523.711111111112
SouthCentral,10,2019,Omnivor,4176.851333333333,18871.463555555554
SouthCentral,10,2019,Predator,90.88833333333332,347.9557777777778
SouthCentral,10,2020,Herbivore,10219.867444444444,52129.59444444445
SouthCentral,10,2020,Omnivor,10314.626555555556,62208.806444444446
SouthCentral,10,2020,Predator,23.657444444444444,1560
SouthCentral,10,2021,Herbivore,5667.380666666667,25843.06777777778
SouthCentral,10,2021,Omnivor,5920.583,38504.976777777774
SouthCentral,10,2021,Predator,17.254555555555555,872.6666666666667
SouthCentral,10,2022,Herbivore,9552.552444444445,84855.3411111111
SouthCentral,10,2022,Omnivor,10429.389777777778,67466.54422222222
SouthCentral,10,2022,Predator,29.381444444444444,1802.3333333333333
SouthCentral,10,2023,Herbivore,4286.146555555556,15176.648888888889
SouthCentral,10,2023,Omnivor,6851.742888888889,32411.883444444444
SouthCentral,10,2023,Predator,15.242111111111111,505.72177777777785
SouthCentral,11,2010,Herbivore,3344.9048749999997,9550.94875
SouthCentral,11,2010,Omnivor,2598.3505,10685.0365
SouthCentral,11,2010,Predator,8.007249999999999,657.3
SouthCentral,11,2011,Herbivore,3951.196090909091,10939.619818181818
SouthCentral,11,2011,Omnivor,924.1856363636363,3496.6892727272725
SouthCentral,11,2011,Predator,4.908545454545455,349.9660909090909
SouthCentral,11,2012,Herbivore,4708.727272727273,16025.819090909092
SouthCentral,11,2012,Omnivor,6100.5952727272725,33884.83536363636
SouthCentral,11,2012,Predator,5.3451818181818185,210.54681818181817
SouthCentral,11,2013,Herbivore,4420.993363636364,17373.63627272727
SouthCentral,11,2013,Omnivor,7147.177,53521.219
SouthCentral,11,2013,Predator,19.72909090909091,1069.909090909091
SouthCentral,11,2014,Herbivore,2248.0523636363637,4587.735454545455
SouthCentral,11,2014,Omnivor,4141.441909090909,25588.90790909091
SouthCentral,11,2014,Predator,174.09272727272727,15474.218181818182
SouthCentral,11,2015,Herbivore,4356.991818181818,18626.51818181818
SouthCentral,11,2015,Omnivor,5693.324090909091,37599.021272727274
SouthCentral,11,2015,Predator,82.74581818181818,8451.87609090909
SouthCentral,11,2016,Herbivore,2423.6065,6813.447999999999
SouthCentral,11,2016,Omnivor,5457.0383999999995,35743.3566
SouthCentral,11,2016,Predator,72.5157,5881.2358
SouthCentral,11,2017,Herbivore,6816.452555555556,21916.943333333333
SouthCentral,11,2017,Omnivor,2473.040111111111,13808.805777777778
SouthCentral,11,2017,Predator,3.5025555555555554,109.80944444444444
SouthCentral,11,2018,Herbivore,4228.7429999999995,23058.108333333334
SouthCentral,11,2018,Omnivor,3551.6698333333334,23854.13133333333
SouthCentral,11,2018,Predator,13.1245,389.1365
SouthCentral,11,2019,Herbivore,2425.1092222222223,6734.506666666666
SouthCentral,11,2019,Omnivor,3144.3285555555553,15773.618444444444
SouthCentral,11,2019,Predator,267.8722222222222,52.89366666666667
SouthCentral,11,2020,Herbivore,2578.3105555555558,10795.967777777778
SouthCentral,11,2020,Omnivor,7019.078555555556,42701.47477777778
SouthCentral,11,2020,Predator,50.56166666666667,180.27522222222223
SouthCentral,11,2021,Herbivore,1564.8153333333335,6210.416666666667
SouthCentral,11,2021,Omnivor,1831.8302222222223,11887.223
SouthCentral,11,2021,Predator,4.769666666666667,411.6748888888889
SouthCentral,11,2022,Herbivore,2457.9822222222224,10571.496666666666
SouthCentral,11,2022,Omnivor,3017.795777777778,20021.292555555556
SouthCentral,11,2022,Predator,1.7279999999999998,14.266666666666666
SouthCentral,11,2023,Herbivore,6673.245555555556,15477.701111111111
SouthCentral,11,2023,Omnivor,5305.952333333333,23460.29811111111
SouthCentral,11,2023,Predator,19.512666666666664,46.81077777777778
SouthCentral,12,2010,Herbivore,780.179875,1646.25375
SouthCentral,12,2010,Omnivor,254.76525,688.3265
SouthCentral,12,2010,Predator,3.08025,96.375625
SouthCentral,12,2011,Herbivore,1585.2836363636363,5282.609090909091
SouthCentral,12,2011,Omnivor,421.04254545454546,984.2267272727273
SouthCentral,12,2011,Predator,13.199181818181819,1254.5476363636365
SouthCentral,12,2012,Herbivore,1241.2626363636364,2966.2181818181816
SouthCentral,12,2012,Omnivor,567.6844545454545,2444.6474545454544
SouthCentral,12,2012,Predator,12.32318181818182,179.47663636363637
SouthCentral,12,2013,Herbivore,4375.626727272727,16440.845454545455
SouthCentral,12,2013,Omnivor,1910.2686363636362,13467.595181818182
SouthCentral,12,2013,Predator,2.85,70.63636363636364
SouthCentral,12,2014,Herbivore,1806.4874545454545,7122.541818181818
SouthCentral,12,2014,Omnivor,1982.9178181818181,13284.249090909092
SouthCentral,12,2014,Predator,21.424272727272726,1213.2281818181818
SouthCentral,12,2015,Herbivore,6998.193363636364,25847.963090909092
SouthCentral,12,2015,Omnivor,3578.2866363636367,18187.597545454548
SouthCentral,12,2015,Predator,16.266545454545454,119.27909090909091
SouthCentral,12,2016,Herbivore,979.1771,2505.863
SouthCentral,12,2016,Omnivor,1226.1841,7907.0386
SouthCentral,12,2016,Predator,27.1829,2559.74
SouthCentral,12,2017,Herbivore,3077.1961111111113,8245.3
SouthCentral,12,2017,Omnivor,670.336,2753.090666666667
SouthCentral,12,2017,Predator,16.486666666666665,494.2403333333333
SouthCentral,12,2018,Herbivore,1951.1983333333333,8088.433333333333
SouthCentral,12,2018,Omnivor,365.37533333333334,1848.3397777777777
SouthCentral,12,2018,Predator,1.2863333333333333,87.33655555555556
SouthCentral,12,2019,Herbivore,1504.9477142857143,8661.192857142856
SouthCentral,12,2019,Omnivor,1179.762,7079.578428571428
SouthCentral,12,2019,Predator,9.074142857142858,144.0447142857143
SouthCentral,12,2020,Herbivore,836.3442,5278.262000000001
SouthCentral,12,2020,Omnivor,887.6806,6958.8859999999995
SouthCentral,12,2020,Predator,14.788799999999998,1501.8
SouthCentral,12,2021,Herbivore,763.7141111111112,3280.067777777778
SouthCentral,12,2021,Omnivor,590.3567777777778,2323.6312222222223
SouthCentral,12,2021,Predator,4.212666666666666,209.00166666666667
SouthCentral,12,2022,Herbivore,2058.6947777777777,8084.6577777777775
SouthCentral,12,2022,Omnivor,687.4634444444445,3075.1051111111115
SouthCentral,12,2022,Predator,20.458666666666666,406.42633333333333
SouthCentral,12,2023,Herbivore,2716.0141249999997,13052.164999999999
SouthCentral,12,2023,Omnivor,980.5118749999999,5905.944
SouthCentral,12,2023,Predator,11.75175,783.819
Suisun Bay,1,2010,Herbivore,819.8696666666667,901.2166666666667
Suisun Bay,1,2010,Omnivor,6247.924666666666,48976.6895
Suisun Bay,1,2010,Predator,13.688833333333335,866
Suisun Bay,1,2011,Herbivore,1647.2436666666667,2515.9833333333336
Suisun Bay,1,2011,Omnivor,1128.9498333333333,5877.602666666667
Suisun Bay,1,2011,Predator,152.93866666666665,14077.6
Suisun Bay,1,2012,Herbivore,2404.434666666667,2330.263333333334
Suisun Bay,1,2012,Omnivor,5248.170999999999,26789.517166666665
Suisun Bay,1,2012,Predator,55.568,3050
Suisun Bay,1,2013,Herbivore,1642.754,1697.9133333333334
Suisun Bay,1,2013,Omnivor,2076.8068333333335,9155.129500000001
Suisun Bay,1,2013,Predator,267.76783333333333,6347.15
Suisun Bay,1,2014,Herbivore,2907.772166666667,3530.2200000000003
Suisun Bay,1,2014,Omnivor,3984.7298333333333,17054.50433333333
Suisun Bay,1,2014,Predator,104.556,3507.2666666666664
Suisun Bay,1,2015,Herbivore,1683.7858333333336,1839.4666666666667
Suisun Bay,1,2015,Omnivor,963.6885,3826.8418333333334
Suisun Bay,1,2015,Predator,450.32983333333334,10291.283333333335
Suisun Bay,1,2016,Herbivore,2135.0903333333335,2557.86
Suisun Bay,1,2016,Omnivor,2406.849833333333,6545.092500000001
Suisun Bay,1,2016,Predator,408.00733333333335,7408.3
Suisun Bay,1,2017,Herbivore,2937.0335,2992.7813333333334
Suisun Bay,1,2017,Omnivor,1065.6681666666666,1092.9865
Suisun Bay,1,2017,Predator,405.6094999999999,43493.538166666665
Suisun Bay,1,2018,Herbivore,3264.0321666666664,3360.235
Suisun Bay,1,2018,Omnivor,2797.168166666667,15350.515
Suisun Bay,1,2018,Predator,97.64666666666668,5710.283333333333
Suisun Bay,1,2019,Herbivore,3579.5180000000005,3727.7950000000005
Suisun Bay,1,2019,Omnivor,3165.8575,15072.946166666667
Suisun Bay,1,2019,Predator,145.87916666666666,4536.25
Suisun Bay,1,2020,Herbivore,1460.624,1467.21
Suisun Bay,1,2020,Omnivor,1381.8885,8262.758166666667
Suisun Bay,1,2020,Predator,119.09666666666668,4418.25
Suisun Bay,1,2022,Herbivore,3376.4021666666667,3928.7850000000003
Suisun Bay,1,2022,Omnivor,1875.3831666666667,7351.724
Suisun Bay,1,2022,Predator,713.1518333333333,29997.352666666666
Suisun Bay,1,2023,Herbivore,1950.7368333333334,4326.05
Suisun Bay,1,2023,Omnivor,681.7725,1685.4728333333335
Suisun Bay,1,2023,Predator,859.0595000000001,95036.59233333333
Suisun Bay,2,2010,Herbivore,2285.75525,6114.06875
Suisun Bay,2,2010,Omnivor,691.347375,596.835
Suisun Bay,2,2010,Predator,80.96275,7374.364875
Suisun Bay,2,2011,Herbivore,1946.7740000000001,2426.1833333333334
Suisun Bay,2,2011,Omnivor,3216.9175,19282.259666666665
Suisun Bay,2,2011,Predator,59.40616666666667,1749.5833333333333
Suisun Bay,2,2012,Herbivore,4367.8295,4706.530000000001
Suisun Bay,2,2012,Omnivor,4988.123,14985.087666666666
Suisun Bay,2,2012,Predator,92.88283333333332,5984.916666666667
Suisun Bay,2,2013,Herbivore,4530.376333333334,4902.143333333333
Suisun Bay,2,2013,Omnivor,2161.5651666666668,14188.514833333335
Suisun Bay,2,2013,Predator,206.73166666666668,6179.416666666667
Suisun Bay,2,2014,Herbivore,4396.782,6000.541666666667
Suisun Bay,2,2014,Omnivor,3191.2718333333332,17835.7505
Suisun Bay,2,2014,Predator,124.03966666666668,4577.75
Suisun Bay,2,2015,Herbivore,9429.5826,10115.774000000001
Suisun Bay,2,2015,Omnivor,2086.0748,14600.1198
Suisun Bay,2,2015,Predator,926.7444,39738.18
Suisun Bay,2,2016,Herbivore,5191.310875,8459.57625
Suisun Bay,2,2016,Omnivor,1157.024,5367.33725
Suisun Bay,2,2016,Predator,820.321375,71782.63775
Suisun Bay,2,2017,Herbivore,4952.085333333333,4154.668833333333
Suisun Bay,2,2017,Omnivor,9917.244999999999,1004.4601666666667
Suisun Bay,2,2017,Predator,92.06099999999999,606.3081666666667
Suisun Bay,2,2018,Herbivore,2977.8668333333335,3063.4500000000003
Suisun Bay,2,2018,Omnivor,2225.1626666666666,9412.3455
Suisun Bay,2,2018,Predator,54.65183333333333,3967
Suisun Bay,2,2019,Herbivore,5220.706,10329.229500000001
Suisun Bay,2,2019,Omnivor,1747.2631666666668,432.54816666666665
Suisun Bay,2,2019,Predator,74.349,298.3695
Suisun Bay,2,2020,Herbivore,3273.6048333333333,3356.02
Suisun Bay,2,2020,Omnivor,1351.4893333333332,7117.318666666666
Suisun Bay,2,2020,Predator,34.359,1496.9166666666667
Suisun Bay,2,2022,Herbivore,5070.792666666667,5104.776666666667
Suisun Bay,2,2022,Omnivor,2657.010333333333,8942.675333333333
Suisun Bay,2,2022,Predator,1477.0339999999999,27270.411666666667
Suisun Bay,2,2023,Herbivore,3729.5688333333333,10371.336666666666
Suisun Bay,2,2023,Omnivor,4185.997333333334,17784.823666666667
Suisun Bay,2,2023,Predator,844.1028333333333,41144.25
Suisun Bay,3,2010,Herbivore,1479.3119185918802,7485.230021722108
Suisun Bay,3,2010,Omnivor,851.4581628619501,1952.613912039275
Suisun Bay,3,2010,Predator,61.772905204163614,4048.6700028644764
Suisun Bay,3,2011,Herbivore,2623.620798790853,10108.336452212996
Suisun Bay,3,2011,Omnivor,889.0966070009623,1659.2341340021999
Suisun Bay,3,2011,Predator,67.67324958266181,6541.157472863106
Suisun Bay,3,2012,Herbivore,1537.3755643042339,3241.318951778965
Suisun Bay,3,2012,Omnivor,758.2102012691878,2890.9349259908
Suisun Bay,3,2012,Predator,34.418165657091826,3096.6314200537886
Suisun Bay,3,2013,Herbivore,5753.329549666378,12533.83652658031
Suisun Bay,3,2013,Omnivor,1856.100175989732,10660.436366316022
Suisun Bay,3,2013,Predator,225.8235179056995,8070.855235117983
Suisun Bay,3,2014,Herbivore,4280.637878366284,8106.658418745541
Suisun Bay,3,2014,Omnivor,1495.4342458610006,6620.76257870749
Suisun Bay,3,2014,Predator,139.221824950029,4880.453363259944
Suisun Bay,3,2015,Herbivore,3944.8516304108384,4231.311391816221
Suisun Bay,3,2015,Omnivor,1574.5420403930557,6408.839530638392
Suisun Bay,3,2015,Predator,2123.2976570115866,22365.14252159759
Suisun Bay,3,2016,Herbivore,3826.4167836945007,11171.964959121113
Suisun Bay,3,2016,Omnivor,3419.66240011051,5149.947278164121
Suisun Bay,3,2016,Predator,870.4302732518445,17813.35724700628
Suisun Bay,3,2017,Herbivore,2232.1839788513894,8480.158544336584
Suisun Bay,3,2017,Omnivor,1827.0086082853343,735.1329883252355
Suisun Bay,3,2017,Predator,37.19716666666667,249.98600000000002
Suisun Bay,3,2018,Herbivore,2672.6207438074834,7930.5057373226355
Suisun Bay,3,2018,Omnivor,1257.4920664420777,5346.07024142252
Suisun Bay,3,2018,Predator,62.158815358829045,1747.8565896271098
Suisun Bay,3,2019,Herbivore,2798.0498102117704,9952.958221936944
Suisun Bay,3,2019,Omnivor,1566.9671842976284,3992.7806764355933
Suisun Bay,3,2019,Predator,181.57150181059427,16593.23904838138
Suisun Bay,3,2020,Herbivore,2832.3595639075943,3592.651845776901
Suisun Bay,3,2020,Omnivor,1867.6770595668588,8767.07402447982
Suisun Bay,3,2020,Predator,165.99832478409255,3029.8310272157923
Suisun Bay,3,2021,Herbivore,2649.6163393276697,4672.647716577307
Suisun Bay,3,2021,Omnivor,2819.5855346127723,7138.0713312637845
Suisun Bay,3,2021,Predator,679.9189889482238,15715.345323258576
Suisun Bay,3,2022,Herbivore,8769.718608020827,12711.966561626297
Suisun Bay,3,2022,Omnivor,2569.9568782209194,8493.29423895063
Suisun Bay,3,2022,Predator,3126.1723458533575,47073.8894772991
Suisun Bay,3,2023,Herbivore,5690.1016666666665,10568.810166666666
Suisun Bay,3,2023,Omnivor,2584.9945,2364.063
Suisun Bay,3,2023,Predator,335.54966666666667,18372.546833333334
Suisun Bay,4,2010,Herbivore,5687.980358307623,46271.354294882876
Suisun Bay,4,2010,Omnivor,703.8442055863076,3183.932153580928
Suisun Bay,4,2010,Predator,89.18666038734659,4066.511378204366
Suisun Bay,4,2011,Herbivore,6524.917097359432,32093.44365330273
Suisun Bay,4,2011,Omnivor,1908.8836240277233,1625.1368990398664
Suisun Bay,4,2011,Predator,28.73272727272727,528.5417727272727
Suisun Bay,4,2012,Herbivore,2998.859757209534,10860.00484905701
Suisun Bay,4,2012,Omnivor,625.3039213431754,2979.7270116483523
Suisun Bay,4,2012,Predator,27.670096207089525,1504.925750148168
Suisun Bay,4,2013,Herbivore,5290.511705168882,11034.691241044302
Suisun Bay,4,2013,Omnivor,1350.7890239982066,9397.506538538522
Suisun Bay,4,2013,Predator,686.8485821976707,15298.99491308159
Suisun Bay,4,2014,Herbivore,2513.2426644148554,5384.978591412589
Suisun Bay,4,2014,Omnivor,1149.592664402558,7571.119121665869
Suisun Bay,4,2014,Predator,610.6389388073443,10297.809403078963
Suisun Bay,4,2015,Herbivore,4679.861167975935,4918.221750748536
Suisun Bay,4,2015,Omnivor,1816.6120427454262,13269.876075292585
Suisun Bay,4,2015,Predator,4037.9041056037004,24877.676554579222
Suisun Bay,4,2016,Herbivore,5703.508257986955,17532.344374778026
Suisun Bay,4,2016,Omnivor,1215.7603513542754,7264.0379927312915
Suisun Bay,4,2016,Predator,1523.6284337383784,65045.903346092404
Suisun Bay,4,2017,Herbivore,7256.642154800503,31001.2413596038
Suisun Bay,4,2017,Omnivor,2991.3901974888254,5978.054988779911
Suisun Bay,4,2017,Predator,152.8838300039039,4462.356882888143
Suisun Bay,4,2018,Herbivore,4510.996785707644,18886.111023733338
Suisun Bay,4,2018,Omnivor,1093.9289217122669,5481.168033236235
Suisun Bay,4,2018,Predator,243.23216522273285,14619.811404361495
Suisun Bay,4,2019,Herbivore,3317.1817151679743,16660.49714745869
Suisun Bay,4,2019,Omnivor,844.725145881307,2945.8612555581703
Suisun Bay,4,2019,Predator,63.629219055905324,4054.425255328905
Suisun Bay,4,2020,Herbivore,593.9375857220066,3138.841115502407
Suisun Bay,4,2020,Omnivor,134.02044943774132,895.4648461055131
Suisun Bay,4,2020,Predator,345.4076516619697,6988.2414329706
Suisun Bay,4,2021,Herbivore,2305.302773420406,4754.11115824119
Suisun Bay,4,2021,Omnivor,981.7612437195406,4626.278678062344
Suisun Bay,4,2021,Predator,1839.7026841511822,16826.888187154014
Suisun Bay,4,2022,Herbivore,1570.5423531929393,1968.9491057208206
Suisun Bay,4,2022,Omnivor,740.9045531657621,2809.164653830588
Suisun Bay,4,2022,Predator,3510.3829190246206,36062.89780342291
Suisun Bay,4,2023,Herbivore,7808.955833333333,27910.405000000002
Suisun Bay,4,2023,Omnivor,3079.2303333333334,3016.3761666666664
Suisun Bay,4,2023,Predator,391.18833333333333,20661.719166666666
Suisun Bay,5,2010,Herbivore,10825.97368905154,81041.16519223688
Suisun Bay,5,2010,Omnivor,1299.8519363367332,7470.728436821254
Suisun Bay,5,2010,Predator,143.1780788420588,7702.911854558311
Suisun Bay,5,2011,Herbivore,5614.3141165254965,29073.357260304732
Suisun Bay,5,2011,Omnivor,2479.0996375066443,5585.947024520973
Suisun Bay,5,2011,Predator,176.11368915634557,7810.885022262544
Suisun Bay,5,2012,Herbivore,7428.569236317941,37490.258468119835
Suisun Bay,5,2012,Omnivor,1792.5129119381434,13724.123774504058
Suisun Bay,5,2012,Predator,268.4872596492177,5479.224674283674
Suisun Bay,5,2013,Herbivore,3265.136194110415,3499.737877210575
Suisun Bay,5,2013,Omnivor,1329.4784714686537,6181.578675437533
Suisun Bay,5,2013,Predator,2017.8735220395813,27106.323013574667
Suisun Bay,5,2014,Herbivore,3527.29956529449,3613.312717458229
Suisun Bay,5,2014,Omnivor,1218.488538819099,8282.8645507251
Suisun Bay,5,2014,Predator,3364.8286894472726,23475.79484092818
Suisun Bay,5,2015,Herbivore,4671.321398487926,4703.882688443276
Suisun Bay,5,2015,Omnivor,1088.6855856177378,6306.5819503110815
Suisun Bay,5,2015,Predator,2264.202820854793,15738.320322982101
Suisun Bay,5,2016,Herbivore,8347.912323572558,12810.955763880287
Suisun Bay,5,2016,Omnivor,1271.2952498481557,9766.957143476695
Suisun Bay,5,2016,Predator,3751.374468063493,66836.56675324017
Suisun Bay,5,2017,Herbivore,6699.420022498229,22928.706787158477
Suisun Bay,5,2017,Omnivor,8768.88648900838,49442.15973763068
Suisun Bay,5,2017,Predator,589.7923089899572,14466.99095592672
Suisun Bay,5,2018,Herbivore,3389.847367574531,8290.879276850497
Suisun Bay,5,2018,Omnivor,1699.6120229447724,13426.762543207189
Suisun Bay,5,2018,Predator,1935.0974317671482,30805.34698662607
Suisun Bay,5,2019,Herbivore,8299.8572050745,43288.965948384066
Suisun Bay,5,2019,Omnivor,4591.271270578477,27376.233498386046
Suisun Bay,5,2019,Predator,388.1099766305344,21783.40491921437
Suisun Bay,5,2020,Herbivore,264.11499766709414,1686.0257423963099
Suisun Bay,5,2020,Omnivor,301.9390540836871,2182.980155575421
Suisun Bay,5,2020,Predator,2502.9030665874284,50211.25957297114
Suisun Bay,5,2021,Herbivore,3895.680690676854,3973.766362920685
Suisun Bay,5,2021,Omnivor,1238.7653930602548,7227.206098424669
Suisun Bay,5,2021,Predator,4321.766813288523,34057.01644270263
Suisun Bay,5,2022,Herbivore,2717.6760874492575,2765.1444859361327
Suisun Bay,5,2022,Omnivor,1108.6568915244902,6806.0810281331005
Suisun Bay,5,2022,Predator,5494.842777156172,43591.42567517613
Suisun Bay,5,2023,Herbivore,9891.917166666666,42408.72
Suisun Bay,5,2023,Omnivor,3789.049,5455.086833333333
Suisun Bay,5,2023,Predator,167.41383333333334,9476.321333333333
Suisun Bay,6,2010,Herbivore,3136.5668662954,15473.216033527404
Suisun Bay,6,2010,Omnivor,1289.409481890975,9665.948379943087
Suisun Bay,6,2010,Predator,532.9793819786869,14150.430374940943
Suisun Bay,6,2011,Herbivore,2477.5182626418114,14174.520298454268
Suisun Bay,6,2011,Omnivor,5904.16456503744,35605.333987670776
Suisun Bay,6,2011,Predator,244.16057616964483,13564.781379961469
Suisun Bay,6,2012,Herbivore,2144.895949191213,3457.236166050207
Suisun Bay,6,2012,Omnivor,1235.3377081871074,9822.463790702484
Suisun Bay,6,2012,Predator,2959.599051045101,26457.109812119044
Suisun Bay,6,2013,Herbivore,2509.440194979105,2577.065035025432
Suisun Bay,6,2013,Omnivor,1229.305446550747,6906.92580286292
Suisun Bay,6,2013,Predator,2095.5920962485275,24916.63923912382
Suisun Bay,6,2014,Herbivore,3208.2286618531734,3219.3443683828746
Suisun Bay,6,2014,Omnivor,1816.757636340653,7124.645488883817
Suisun Bay,6,2014,Predator,5008.3007472518975,41405.64687643296
Suisun Bay,6,2015,Herbivore,2319.2410926068765,2349.100710141582
Suisun Bay,6,2015,Omnivor,1166.3920798327101,4188.356497195901
Suisun Bay,6,2015,Predator,3741.9279225747873,14489.216076124463
Suisun Bay,6,2016,Herbivore,3573.0592707010055,3768.6962851977905
Suisun Bay,6,2016,Omnivor,1068.0423021657607,6245.537175089958
Suisun Bay,6,2016,Predator,2600.5562949173327,79485.099759743
Suisun Bay,6,2017,Herbivore,5708.152996819693,15929.074469779147
Suisun Bay,6,2017,Omnivor,24241.686413710726,151780.02730655178
Suisun Bay,6,2017,Predator,1216.5884423335842,33366.277407119545
Suisun Bay,6,2018,Herbivore,2917.3247352510743,2987.5586311051543
Suisun Bay,6,2018,Omnivor,2242.5296557588717,18307.396214341803
Suisun Bay,6,2018,Predator,3284.3323360533655,57735.72172169274
Suisun Bay,6,2019,Herbivore,2216.4333970484477,8966.509716704424
Suisun Bay,6,2019,Omnivor,22797.07218323381,138513.64957736488
Suisun Bay,6,2019,Predator,975.0494255981752,42042.590617896865
Suisun Bay,6,2020,Herbivore,1184.1593107443223,1228.1906172421307
Suisun Bay,6,2020,Omnivor,1389.1250671289843,11296.647028616728
Suisun Bay,6,2020,Predator,3514.1175938440892,131333.49683875262
Suisun Bay,6,2021,Herbivore,1229.456505564266,1237.5998650450608
Suisun Bay,6,2021,Omnivor,871.1088255004888,5123.065686038638
Suisun Bay,6,2021,Predator,8236.278452268323,55500.43580500128
Suisun Bay,6,2022,Herbivore,1477.2433520190223,1486.8804908050656
Suisun Bay,6,2022,Omnivor,1444.607199160977,7055.382689120336
Suisun Bay,6,2022,Predator,7186.4235362881245,44388.087872057324
Suisun Bay,6,2023,Herbivore,4587.443388888889,24397.309444444443
Suisun Bay,6,2023,Omnivor,17243.090388888886,96166.49761111112
Suisun Bay,6,2023,Predator,1709.8452222222224,44012.288888888885
Suisun Bay,7,2010,Herbivore,3405.5349587693104,4050.218915051319
Suisun Bay,7,2010,Omnivor,858.8446548492811,6674.061463169682
Suisun Bay,7,2010,Predator,895.8780426066063,18599.341531652746
Suisun Bay,7,2011,Herbivore,4250.645676513201,7269.553257074167
Suisun Bay,7,2011,Omnivor,8070.632598189262,61069.857666607575
Suisun Bay,7,2011,Predator,1440.5005986617523,82953.74645812185
Suisun Bay,7,2012,Herbivore,5349.309661420653,5367.13095645846
Suisun Bay,7,2012,Omnivor,1083.8704366434629,8757.115930726903
Suisun Bay,7,2012,Predator,3014.9759638369374,45186.19884541085
Suisun Bay,7,2013,Herbivore,3302.087430130553,3315.0854630916638
Suisun Bay,7,2013,Omnivor,1010.2221232044507,7536.367590155979
Suisun Bay,7,2013,Predator,3362.618202114439,53971.89269454813
Suisun Bay,7,2014,Herbivore,1994.3741764207684,2004.2409692618864
Suisun Bay,7,2014,Omnivor,1315.2485018580014,7044.234448314253
Suisun Bay,7,2014,Predator,4085.5764108448807,53175.13925659382
Suisun Bay,7,2015,Herbivore,2502.428053565197,2503.6395170336377
Suisun Bay,7,2015,Omnivor,843.5656487421363,5981.200473685322
Suisun Bay,7,2015,Predator,4039.8176835685426,36353.82351580746
Suisun Bay,7,2016,Herbivore,5889.564592515796,5982.098828830771
Suisun Bay,7,2016,Omnivor,1973.569587904066,12480.534075995654
Suisun Bay,7,2016,Predator,3309.8908926440945,69613.38108884246
Suisun Bay,7,2017,Herbivore,13587.952442006921,19323.07044987596
Suisun Bay,7,2017,Omnivor,7378.227716818857,45607.53231987153
Suisun Bay,7,2017,Predator,1966.7993430008628,107871.08194266305
Suisun Bay,7,2018,Herbivore,4411.787450494702,4414.657450494702
Suisun Bay,7,2018,Omnivor,1718.1536504447786,13686.325247058883
Suisun Bay,7,2018,Predator,3447.435892131684,120503.19899097248
Suisun Bay,7,2019,Herbivore,2842.216463518965,3087.1882779506404
Suisun Bay,7,2019,Omnivor,4287.264917967709,32265.25909599479
Suisun Bay,7,2019,Predator,4748.755820708481,154453.79314622993
Suisun Bay,7,2020,Herbivore,1112.5837880042181,1408.895212483139
Suisun Bay,7,2020,Omnivor,765.2597171749019,5527.544595659502
Suisun Bay,7,2020,Predator,4218.794756478374,153793.1008686121
Suisun Bay,7,2021,Herbivore,1513.1549474924423,1560.0333632292277
Suisun Bay,7,2021,Omnivor,849.5096620036217,5630.798123934154
Suisun Bay,7,2021,Predator,6389.568987967213,95378.34275931687
Suisun Bay,7,2022,Herbivore,1113.7844749859487,1189.4439589649064
Suisun Bay,7,2022,Omnivor,621.0123751387447,4740.925368592447
Suisun Bay,7,2022,Predator,6586.538634497389,61604.27142583685
Suisun Bay,7,2023,Herbivore,16950.283666666666,17214.340555555555
Suisun Bay,7,2023,Omnivor,3659.306611111111,23975.215055555556
Suisun Bay,7,2023,Predator,10164.513,160812.10555555555
Suisun Bay,7,2024,Herbivore,24.131333333333334,288.9838888888889
Suisun Bay,7,2024,Omnivor,326.16316666666665,2472.072777777778
Suisun Bay,7,2024,Predator,4062.002722222222,159405.0222222222
Suisun Bay,8,2010,Herbivore,2445.0823333333333,2502.88
Suisun Bay,8,2010,Omnivor,756.9256111111112,5808.127833333333
Suisun Bay,8,2010,Predator,1122.3482222222224,26390.516666666666
Suisun Bay,8,2011,Herbivore,4817.9710000000005,4813.622105263158
Suisun Bay,8,2011,Omnivor,4530.6348421052635,12610.611263157894
Suisun Bay,8,2011,Predator,3180.2665789473685,252522.4
Suisun Bay,8,2012,Herbivore,7370.660444444445,7372.058888888889
Suisun Bay,8,2012,Omnivor,2299.2083888888887,10067.878444444445
Suisun Bay,8,2012,Predator,1986.2993333333334,38007.34444444445
Suisun Bay,8,2013,Herbivore,2450.6970555555554,2449.601111111111
Suisun Bay,8,2013,Omnivor,1028.2386666666666,7074.605277777778
Suisun Bay,8,2013,Predator,2240.7395555555554,44038.15
Suisun Bay,8,2014,Herbivore,4107.600545454546,4113.9627272727275
Suisun Bay,8,2014,Omnivor,936.7762727272727,7147.514545454545
Suisun Bay,8,2014,Predator,1353.3173636363636,46380.545454545456
Suisun Bay,8,2015,Herbivore,4745.5266,4746.381
Suisun Bay,8,2015,Omnivor,1418.7712,9661.001
Suisun Bay,8,2015,Predator,1713.9216000000001,26603.64
Suisun Bay,8,2016,Herbivore,6122.611222222223,6132.528888888889
Suisun Bay,8,2016,Omnivor,2071.658611111111,14592.305166666667
Suisun Bay,8,2016,Predator,1960.5895,68906.1
Suisun Bay,8,2017,Herbivore,12630.760875000002,12657.686875000001
Suisun Bay,8,2017,Omnivor,6476.2924375,29280.50875
Suisun Bay,8,2017,Predator,2850.6560624999997,131854.13749999998
Suisun Bay,8,2018,Herbivore,5733.846666666667,5733.210952380952
Suisun Bay,8,2018,Omnivor,2474.7970476190476,13900.87523809524
Suisun Bay,8,2018,Predator,2886.7778095238095,99126.90952380952
Suisun Bay,8,2019,Herbivore,3529.1462851791894,3544.8723748809066
Suisun Bay,8,2019,Omnivor,1301.840930643524,8061.759182275841
Suisun Bay,8,2019,Predator,4034.1623637259886,257095.38136160251
Suisun Bay,8,2020,Herbivore,1540.536844189349,1542.4206956771168
Suisun Bay,8,2020,Omnivor,1070.207640069884,5817.478539637437
Suisun Bay,8,2020,Predator,4499.189293945852,182388.74511278025
Suisun Bay,8,2021,Herbivore,1391.25328159658,1392.7175068962065
Suisun Bay,8,2021,Omnivor,588.6922857513351,4307.679909336015
Suisun Bay,8,2021,Predator,5075.636735930196,89734.25246834086
Suisun Bay,8,2022,Herbivore,1758.9931317326539,1758.3492292936294
Suisun Bay,8,2022,Omnivor,780.2105524108163,5393.055791560612
Suisun Bay,8,2022,Predator,4044.4437675846475,37677.65302539061
Suisun Bay,8,2023,Herbivore,7882.347352941177,7930.213529411765
Suisun Bay,8,2023,Omnivor,1902.0511764705882,12920.103529411765
Suisun Bay,8,2023,Predator,4170.921411764706,187434.85882352942
Suisun Bay,8,2024,Herbivore,7.927333333333334,10.360000000000001
Suisun Bay,8,2024,Omnivor,232.939,1473.5733333333333
Suisun Bay,8,2024,Predator,2792.1225,158135.6
Suisun Bay,9,2010,Herbivore,3968.274166666667,3934.171666666667
Suisun Bay,9,2010,Omnivor,974.11225,7762.767583333333
Suisun Bay,9,2010,Predator,2459.68625,78943.30833333333
Suisun Bay,9,2011,Herbivore,4462.668384615385,4423.177692307692
Suisun Bay,9,2011,Omnivor,4402.134307692308,11980.58076923077
Suisun Bay,9,2011,Predator,3631.7601538461536,286720.23076923075
Suisun Bay,9,2012,Herbivore,7328.729333333334,7331.048333333333
Suisun Bay,9,2012,Omnivor,2398.516166666667,11818.559166666666
Suisun Bay,9,2012,Predator,2620.708,62516.15
Suisun Bay,9,2013,Herbivore,6664.846153846154,6667.036923076923
Suisun Bay,9,2013,Omnivor,1836.1922307692307,14003.686153846153
Suisun Bay,9,2013,Predator,2715.0963846153845,96952.21538461538
Suisun Bay,9,2014,Herbivore,4039.276307692308,4039.5876923076926
Suisun Bay,9,2014,Omnivor,1115.1241538461538,6223.1030769230765
Suisun Bay,9,2014,Predator,2540.5584615384614,63012.015384615384
Suisun Bay,9,2015,Herbivore,5814.134909090909,5816.432727272728
Suisun Bay,9,2015,Omnivor,3119.819090909091,10327.790909090909
Suisun Bay,9,2015,Predator,3368.9442727272726,44913.41818181818
Suisun Bay,9,2016,Herbivore,8516.437384615385,8514.76923076923
Suisun Bay,9,2016,Omnivor,3965.5996153846154,18470.31853846154
Suisun Bay,9,2016,Predator,2779.1503846153846,38051.36153846153
Suisun Bay,9,2017,Herbivore,6524.611813577466,6606.956915925606
Suisun Bay,9,2017,Omnivor,2193.946112414177,16654.66252037281
Suisun Bay,9,2017,Predator,1209.8489370903333,92190.0425013323
Suisun Bay,9,2018,Herbivore,3083.4391773242946,3088.050336697172
Suisun Bay,9,2018,Omnivor,1394.974938139279,8678.070170397299
Suisun Bay,9,2018,Predator,3464.0482975899886,100919.01223895141
Suisun Bay,9,2019,Herbivore,2080.087935021096,2156.3608365337373
Suisun Bay,9,2019,Omnivor,845.8745186331057,7051.585691712617
Suisun Bay,9,2019,Predator,1411.2852296342598,117727.77543054933
Suisun Bay,9,2020,Herbivore,1372.3336707334265,1375.0332210344272
Suisun Bay,9,2020,Omnivor,484.04624247876416,3457.1107805956617
Suisun Bay,9,2020,Predator,3360.245341215705,140955.37368566662
Suisun Bay,9,2021,Herbivore,1498.955415413049,1500.6093359296656
Suisun Bay,9,2021,Omnivor,577.8788522348373,3395.8572580894884
Suisun Bay,9,2021,Predator,6132.680072365323,58449.92746809335
Suisun Bay,9,2022,Herbivore,1176.84269053844,1179.416605149748
Suisun Bay,9,2022,Omnivor,823.42215801865,4101.481999238227
Suisun Bay,9,2022,Predator,4492.614575677713,69125.87019169104
Suisun Bay,9,2023,Herbivore,3060.494666666667,3094.6633333333334
Suisun Bay,9,2023,Omnivor,985.2756,7870.9546666666665
Suisun Bay,9,2023,Predator,2558.5325933333334,133455.34666666668
Suisun Bay,9,2024,Herbivore,1.416,1.416
Suisun Bay,9,2024,Omnivor,150.28480000000002,1223.122
Suisun Bay,9,2024,Predator,2484.7152,163664.12
Suisun Bay,10,2010,Herbivore,5946.241333333333,5927.258333333333
Suisun Bay,10,2010,Omnivor,1996.625,14797.166666666666
Suisun Bay,10,2010,Predator,1630.7498333333333,58089.78333333334
Suisun Bay,10,2011,Herbivore,5244.850600000001,5262.964000000001
Suisun Bay,10,2011,Omnivor,2388.780733333333,11362.097466666666
Suisun Bay,10,2011,Predator,3351.280533333333,282329.1
Suisun Bay,10,2012,Herbivore,6048.204461538462,6052.802307692308
Suisun Bay,10,2012,Omnivor,2265.7666153846153,12384.336153846154
Suisun Bay,10,2012,Predator,1717.9663846153846,37933.484615384616
Suisun Bay,10,2013,Herbivore,2940.2186153846155,2942.2738461538465
Suisun Bay,10,2013,Omnivor,1059.2447692307692,8141.194615384616
Suisun Bay,10,2013,Predator,2559.550307692308,70400.23846153847
Suisun Bay,10,2014,Herbivore,4647.61176923077,4642.802307692307
Suisun Bay,10,2014,Omnivor,1579.9465384615385,6889.044615384615
Suisun Bay,10,2014,Predator,3271.315076923077,62393.623076923075
Suisun Bay,10,2015,Herbivore,4119.612153846154,7166.946153846155
Suisun Bay,10,2015,Omnivor,1350.8212307692309,5064.60176923077
Suisun Bay,10,2015,Predator,2360.5235384615385,68285.17692307693
Suisun Bay,10,2016,Herbivore,6402.4575,6428.741666666667
Suisun Bay,10,2016,Omnivor,2256.3243333333335,15347.77475
Suisun Bay,10,2016,Predator,1644.396,51997.725
Suisun Bay,10,2017,Herbivore,1503.3712038026547,1586.3094157043226
Suisun Bay,10,2017,Omnivor,670.6254892596728,4050.71253830933
Suisun Bay,10,2017,Predator,2165.788287951644,86812.82903750023
Suisun Bay,10,2018,Herbivore,957.4451179439419,999.9251899846805
Suisun Bay,10,2018,Omnivor,647.8767007180884,3027.5421260160356
Suisun Bay,10,2018,Predator,4336.222520201103,106579.14004515792
Suisun Bay,10,2019,Herbivore,2678.422177805386,2718.3888358897
Suisun Bay,10,2019,Omnivor,972.5605202157902,7701.976296076838
Suisun Bay,10,2019,Predator,1404.2878618992645,83133.70227789454
Suisun Bay,10,2020,Herbivore,1278.9032689380758,1426.864848772331
Suisun Bay,10,2020,Omnivor,724.9038960742836,4401.783676522698
Suisun Bay,10,2020,Predator,5050.129143317292,166615.91933213625
Suisun Bay,10,2021,Herbivore,1138.7870105609466,1160.0798284238742
Suisun Bay,10,2021,Omnivor,550.9789367674605,3319.3905834049797
Suisun Bay,10,2021,Predator,3946.0794447400913,58179.21821964842
Suisun Bay,10,2022,Herbivore,1283.254477541875,1374.0717069401094
Suisun Bay,10,2022,Omnivor,739.0809677279826,3652.033684365028
Suisun Bay,10,2022,Predator,3289.483379407589,75879.22547603572
Suisun Bay,10,2023,Herbivore,2471.2505333333334,2486.924
Suisun Bay,10,2023,Omnivor,1052.6524666666667,6192.702
Suisun Bay,10,2023,Predator,1686.8905066666666,58510.36
Suisun Bay,10,2024,Herbivore,3.4324,13.958
Suisun Bay,10,2024,Omnivor,192.70600000000002,1455.6499999999999
Suisun Bay,10,2024,Predator,2441.2198,142594.54
Suisun Bay,11,2010,Herbivore,2946.346,2972.665
Suisun Bay,11,2010,Omnivor,3196.706,19709.238333333335
Suisun Bay,11,2010,Predator,384.5418333333334,9200.083333333334
Suisun Bay,11,2011,Herbivore,1796.1386153846156,1800.0346153846156
Suisun Bay,11,2011,Omnivor,994.2543076923076,6220.871846153846
Suisun Bay,11,2011,Predator,823.3412307692307,43616.415384615386
Suisun Bay,11,2012,Herbivore,4931.589384615385,4968.14
Suisun Bay,11,2012,Omnivor,3761.6847692307692,21380.219384615386
Suisun Bay,11,2012,Predator,1756.4756153846154,38232.515384615384
Suisun Bay,11,2013,Herbivore,4871.8538461538465,5607.680153846154
Suisun Bay,11,2013,Omnivor,2877.827076923077,16323.419
Suisun Bay,11,2013,Predator,1669.927846153846,52297.276923076926
Suisun Bay,11,2014,Herbivore,2177.151153846154,2388.082307692308
Suisun Bay,11,2014,Omnivor,1962.841076923077,7810.409076923077
Suisun Bay,11,2014,Predator,3368.4049230769233,112199.93076923078
Suisun Bay,11,2015,Herbivore,2819.9426923076926,3000.0961538461543
Suisun Bay,11,2015,Omnivor,1285.4406153846153,7741.506461538462
Suisun Bay,11,2015,Predator,2077.308384615385,50211.07692307692
Suisun Bay,11,2016,Herbivore,4755.538153846154,5206.574615384616
Suisun Bay,11,2016,Omnivor,2337.5235384615385,14444.09223076923
Suisun Bay,11,2016,Predator,3254.2397692307695,74901.89230769231
Suisun Bay,11,2017,Herbivore,1829.685452522151,1888.9964901705823
Suisun Bay,11,2017,Omnivor,1021.7101406048555,7391.270528089266
Suisun Bay,11,2017,Predator,1829.3117245024005,107030.58281665047
Suisun Bay,11,2018,Herbivore,501.2373581893026,789.383675851804
Suisun Bay,11,2018,Omnivor,625.8950490459874,3500.058905914094
Suisun Bay,11,2018,Predator,2059.5088632355014,61847.676298997154
Suisun Bay,11,2019,Herbivore,676.6906945040549,737.1135253139944
Suisun Bay,11,2019,Omnivor,615.7570219491155,4491.343956512317
Suisun Bay,11,2019,Predator,916.7579056593362,28089.200304901817
Suisun Bay,11,2020,Herbivore,1011.2206657923487,1196.3565655126065
Suisun Bay,11,2020,Omnivor,1314.8067617547852,4559.767249691831
Suisun Bay,11,2020,Predator,2936.412210756167,68090.54514340956
Suisun Bay,11,2021,Herbivore,1376.3317631025436,2447.170716344488
Suisun Bay,11,2021,Omnivor,481.2222646832519,3274.4850027164193
Suisun Bay,11,2021,Predator,1863.9246745008247,53111.206221370245
Suisun Bay,11,2022,Herbivore,1962.272076923077,2242.7746153846156
Suisun Bay,11,2022,Omnivor,2088.4049230769233,6630.216923076923
Suisun Bay,11,2022,Predator,2112.581153846154,53063.915384615386
Suisun Bay,11,2023,Herbivore,341.5303846153846,352.69384615384615
Suisun Bay,11,2023,Omnivor,494.4849230769231,2744.7915384615385
Suisun Bay,11,2023,Predator,3349.063846153846,84772.86923076923
Suisun Bay,12,2010,Herbivore,1659.1160000000002,1751.0750000000003
Suisun Bay,12,2010,Omnivor,2189.143,13831.042
Suisun Bay,12,2010,Predator,260.65633333333335,18324.30216666667
Suisun Bay,12,2011,Herbivore,732.0356666666668,754.9583333333334
Suisun Bay,12,2011,Omnivor,1696.9183333333333,11695.050083333334
Suisun Bay,12,2011,Predator,234.10075,10360.333333333334
Suisun Bay,12,2012,Herbivore,3322.0086,3488.842666666667
Suisun Bay,12,2012,Omnivor,1268.1572666666666,5944.0698
Suisun Bay,12,2012,Predator,1601.3497333333332,145711.62913333334
Suisun Bay,12,2013,Herbivore,2148.097846153846,2800.09
Suisun Bay,12,2013,Omnivor,1570.4726923076923,9086.328076923077
Suisun Bay,12,2013,Predator,886.0531538461539,33242.68461538461
Suisun Bay,12,2014,Herbivore,2523.868153846154,2830.606923076923
Suisun Bay,12,2014,Omnivor,1382.306,8594.584
Suisun Bay,12,2014,Predator,2021.2317692307693,72711.47123076924
Suisun Bay,12,2015,Herbivore,1845.2753846153846,2836.653846153846
Suisun Bay,12,2015,Omnivor,986.3362307692307,5632.766307692308
Suisun Bay,12,2015,Predator,1214.2817692307692,26752.96923076923
Suisun Bay,12,2016,Herbivore,2503.4332307692307,2594.4076923076923
Suisun Bay,12,2016,Omnivor,1166.1017692307692,7900.602538461539
Suisun Bay,12,2016,Predator,1296.577,43076.64615384615
Suisun Bay,12,2017,Herbivore,3761.2973333333334,3853.3216666666667
Suisun Bay,12,2017,Omnivor,1569.3042500000001,11769.932416666667
Suisun Bay,12,2017,Predator,815.5486666666667,37021.174999999996
Suisun Bay,12,2018,Herbivore,2280.8743333333337,2537.5716666666667
Suisun Bay,12,2018,Omnivor,1782.41275,9060.083333333334
Suisun Bay,12,2018,Predator,1113.6635833333332,72182.33333333333
Suisun Bay,12,2019,Herbivore,2006.9524615384616,2034.243846153846
Suisun Bay,12,2019,Omnivor,1711.3171538461538,13355.772230769231
Suisun Bay,12,2019,Predator,980.2845384615385,33845.230769230766
Suisun Bay,12,2020,Herbivore,81.448,322.59714285714284
Suisun Bay,12,2020,Omnivor,1006.028,4296.975285714286
Suisun Bay,12,2020,Predator,2418.5941428571427,67723.18571428572
Suisun Bay,12,2021,Herbivore,1565.5366923076924,1734.4453846153847
Suisun Bay,12,2021,Omnivor,835.4746153846154,5012.017
Suisun Bay,12,2021,Predator,1737.9077692307692,36735.807692307695
Suisun Bay,12,2022,Herbivore,878.2220000000001,1414.8346153846155
Suisun Bay,12,2022,Omnivor,1618.029076923077,8337.434692307692
Suisun Bay,12,2022,Predator,1900.0490769230769,46788.915384615386
Suisun Bay,12,2023,Herbivore,1007.6496923076924,992.39
Suisun Bay,12,2023,Omnivor,955.3561538461538,4043.735846153846
Suisun Bay,12,2023,Predator,2159.4578461538463,38398.96153846154
Suisun Marsh,1,2010,Herbivore,2070.4615,4675.6575
Suisun Marsh,1,2010,Omnivor,1283.77475,4470.16725
Suisun Marsh,1,2010,Predator,74.53375,7416
Suisun Marsh,1,2011,Herbivore,2682.32875,8039.4220000000005
Suisun Marsh,1,2011,Omnivor,336.28775,1429.842
Suisun Marsh,1,2011,Predator,359.703,22570.5
Suisun Marsh,1,2012,Herbivore,2842.5945,3205.215
Suisun Marsh,1,2012,Omnivor,5484.48275,5153.2935
Suisun Marsh,1,2012,Predator,171.28075,8519.25
Suisun Marsh,1,2013,Herbivore,2500.684,3235.7675
Suisun Marsh,1,2013,Omnivor,1555.6695,6340.50675
Suisun Marsh,1,2013,Predator,266.4255,10456.5
Suisun Marsh,1,2014,Herbivore,11095.931,27444.7925
Suisun Marsh,1,2014,Omnivor,1665.2867499999998,10906.216
Suisun Marsh,1,2014,Predator,186.4275,17419.5
Suisun Marsh,1,2015,Herbivore,4927.4475,9650.6075
Suisun Marsh,1,2015,Omnivor,1011.2262499999999,7516.4400000000005
Suisun Marsh,1,2015,Predator,225.92874999999998,15243.325
Suisun Marsh,1,2016,Herbivore,11987.85775,36776.345
Suisun Marsh,1,2016,Omnivor,1116.569,10491.452
Suisun Marsh,1,2016,Predator,514.84575,50305.75
Suisun Marsh,1,2017,Herbivore,12464.627999999999,50062.504
Suisun Marsh,1,2017,Omnivor,1886.2057499999999,2244.58275
Suisun Marsh,1,2017,Predator,1126.36875,17586.01175
Suisun Marsh,1,2018,Herbivore,3783.5347500000003,6682.6325
Suisun Marsh,1,2018,Omnivor,1232.23575,7398.80325
Suisun Marsh,1,2018,Predator,1169.2735,29533.95
Suisun Marsh,1,2019,Herbivore,3695.2285,6833.4825
Suisun Marsh,1,2019,Omnivor,2228.37925,5746.028
Suisun Marsh,1,2019,Predator,286.323,14403.75
Suisun Marsh,1,2020,Herbivore,1269.931,1552.645
Suisun Marsh,1,2020,Omnivor,2119.82075,5317.52975
Suisun Marsh,1,2020,Predator,211.551,4403.625
Suisun Marsh,1,2022,Herbivore,4470.50925,11839.445
Suisun Marsh,1,2022,Omnivor,501.755,2585.4815
Suisun Marsh,1,2022,Predator,417.1785,27681.75
Suisun Marsh,1,2023,Herbivore,5942.999749999999,15969.85
Suisun Marsh,1,2023,Omnivor,429.0695,938.5915
Suisun Marsh,1,2023,Predator,56.767500000000005,472.62825
Suisun Marsh,2,2010,Herbivore,3923.32575,11489.525000000001
Suisun Marsh,2,2010,Omnivor,251.21300000000002,196.42374999999998
Suisun Marsh,2,2010,Predator,129.696,1158
Suisun Marsh,2,2011,Herbivore,4191.48825,10107.69
Suisun Marsh,2,2011,Omnivor,1051.0595,2547.6805
Suisun Marsh,2,2011,Predator,281.48675000000003,6560.85
Suisun Marsh,2,2012,Herbivore,3389.1090000000004,5312.5225
Suisun Marsh,2,2012,Omnivor,9294.631,3309.4605
Suisun Marsh,2,2012,Predator,783.67575,12831
Suisun Marsh,2,2013,Herbivore,5978.349,13301.1375
Suisun Marsh,2,2013,Omnivor,6759.5785000000005,6484.415
Suisun Marsh,2,2013,Predator,1345.93425,13529.25
Suisun Marsh,2,2014,Herbivore,6851.752,19327.5575
Suisun Marsh,2,2014,Omnivor,538.7307500000001,2433.64075
Suisun Marsh,2,2014,Predator,120.60525000000001,4465.5045
Suisun Marsh,2,2015,Herbivore,8048.67825,16769.085
Suisun Marsh,2,2015,Omnivor,1374.75,4459.00175
Suisun Marsh,2,2015,Predator,450.71325,8475
Suisun Marsh,2,2016,Herbivore,9030.03675,27493.5625
Suisun Marsh,2,2016,Omnivor,712.2805000000001,1009.0600000000001
Suisun Marsh,2,2016,Predator,651.0652499999999,6358.5
Suisun Marsh,2,2017,Herbivore,5742.67525,12779.385
Suisun Marsh,2,2017,Omnivor,4258.2355,739.93125
Suisun Marsh,2,2017,Predator,1168.272,10431
Suisun Marsh,2,2018,Herbivore,2768.938,6494.37
Suisun Marsh,2,2018,Omnivor,791.2125000000001,3404.8275
Suisun Marsh,2,2018,Predator,1771.3132499999997,23982.75
Suisun Marsh,2,2019,Herbivore,3764.1895000000004,5805.76025
Suisun Marsh,2,2019,Omnivor,1459.76975,655.8407500000001
Suisun Marsh,2,2019,Predator,399.89549999999997,3556.5522499999997
Suisun Marsh,2,2020,Herbivore,3173.7942500000004,5043.9575
Suisun Marsh,2,2020,Omnivor,2365.92825,4135.4575
Suisun Marsh,2,2020,Predator,557.2470000000001,6660
Suisun Marsh,2,2022,Herbivore,6714.46075,11323.1
Suisun Marsh,2,2022,Omnivor,2446.12675,8850.3755
Suisun Marsh,2,2022,Predator,246.39599999999996,6729
Suisun Marsh,2,2023,Herbivore,6391.7675,27844.1275
Suisun Marsh,2,2023,Omnivor,360.93625000000003,1272.07975
Suisun Marsh,2,2023,Predator,266.31525,14466.75
Suisun Marsh,3,2010,Herbivore,4234.173337730344,24445.044362963145
Suisun Marsh,3,2010,Omnivor,804.464073491494,1124.9457532458307
Suisun Marsh,3,2010,Predator,205.14689678394902,1948.3075038144987
Suisun Marsh,3,2011,Herbivore,2031.2127673327893,11737.35681703552
Suisun Marsh,3,2011,Omnivor,839.3113589316308,735.380029581097
Suisun Marsh,3,2011,Predator,61.974599999999995,614.1
Suisun Marsh,3,2012,Herbivore,1787.6100961503885,8622.388727672796
Suisun Marsh,3,2012,Omnivor,430.9135447288869,855.9281007854985
Suisun Marsh,3,2012,Predator,22.990791177440357,650.9787839820627
Suisun Marsh,3,2013,Herbivore,9150.09459713899,31355.85121278057
Suisun Marsh,3,2013,Omnivor,1372.1661447684437,6401.147270763381
Suisun Marsh,3,2013,Predator,112.7836951090172,1215.0678638633485
Suisun Marsh,3,2014,Herbivore,3003.1289381423576,10980.846619988906
Suisun Marsh,3,2014,Omnivor,466.20343773715246,1288.881330812643
Suisun Marsh,3,2014,Predator,131.74444015486773,1890.0799589214146
Suisun Marsh,3,2015,Herbivore,7594.996510395733,25974.03545119318
Suisun Marsh,3,2015,Omnivor,3159.3973651761535,8625.735047238357
Suisun Marsh,3,2015,Predator,347.936198905224,13360.545016384574
Suisun Marsh,3,2016,Herbivore,7234.761398370506,21109.429319216477
Suisun Marsh,3,2016,Omnivor,2190.265737467916,4908.832024993051
Suisun Marsh,3,2016,Predator,349.8394902584748,9428.323765062913
Suisun Marsh,3,2017,Herbivore,3364.7884789721193,11296.243941823774
Suisun Marsh,3,2017,Omnivor,10493.05792756316,2433.2804428079835
Suisun Marsh,3,2017,Predator,1067.0688,9527.400000000001
Suisun Marsh,3,2018,Herbivore,2889.605545978279,9596.172049264962
Suisun Marsh,3,2018,Omnivor,1388.8840564350037,3527.3423017285627
Suisun Marsh,3,2018,Predator,53.44009366195275,2751.6419844890734
Suisun Marsh,3,2019,Herbivore,1156.046801097705,3070.68125781399
Suisun Marsh,3,2019,Omnivor,837.43549713299,365.0899997341849
Suisun Marsh,3,2019,Predator,267.8394,2390.7027
Suisun Marsh,3,2020,Herbivore,4434.428298815371,11586.833303542375
Suisun Marsh,3,2020,Omnivor,2053.0903952103295,10505.894130159248
Suisun Marsh,3,2020,Predator,247.33730806781188,4415.101074086211
Suisun Marsh,3,2021,Herbivore,3773.0175277997455,14961.732613567041
Suisun Marsh,3,2021,Omnivor,374.5569728809758,1397.0233700941533
Suisun Marsh,3,2021,Predator,91.44728548470601,4147.27871923447
Suisun Marsh,3,2022,Herbivore,8107.676689480937,13307.91143758034
Suisun Marsh,3,2022,Omnivor,1766.5648525667343,3801.0420479006993
Suisun Marsh,3,2022,Predator,92.98612181159459,5599.342783946111
Suisun Marsh,3,2023,Herbivore,1938.81225,5006.304999999999
Suisun Marsh,3,2023,Omnivor,1236.788,429.03150000000005
Suisun Marsh,3,2023,Predator,67.28399999999999,600.75
Suisun Marsh,4,2010,Herbivore,6147.500781086223,40130.95776386446
Suisun Marsh,4,2010,Omnivor,748.743819319535,2234.722360223783
Suisun Marsh,4,2010,Predator,13.017816383859081,282.2159166241488
Suisun Marsh,4,2011,Herbivore,4420.509575210779,19511.435335547507
Suisun Marsh,4,2011,Omnivor,13896.478647090567,2588.15042612884
Suisun Marsh,4,2011,Predator,105.30239999999999,940.2
Suisun Marsh,4,2012,Herbivore,3323.598517476877,20626.000887726485
Suisun Marsh,4,2012,Omnivor,823.0038380277965,1713.4582203742436
Suisun Marsh,4,2012,Predator,17.9088,159.9
Suisun Marsh,4,2013,Herbivore,5882.726110725157,15818.638928016577
Suisun Marsh,4,2013,Omnivor,788.2231917601075,5383.219302070431
Suisun Marsh,4,2013,Predator,154.9686364574338,10077.403673898654
Suisun Marsh,4,2014,Herbivore,4512.803856208098,22413.8312028177
Suisun Marsh,4,2014,Omnivor,695.4881568732234,5067.26005666072
Suisun Marsh,4,2014,Predator,115.97001873823629,4046.0977112398486
Suisun Marsh,4,2015,Herbivore,2494.3321446560262,5166.462162374306
Suisun Marsh,4,2015,Omnivor,1302.4780616157996,9473.405819928877
Suisun Marsh,4,2015,Predator,388.42671586667535,12584.331931510524
Suisun Marsh,4,2016,Herbivore,4569.3676909083715,25774.740629043423
Suisun Marsh,4,2016,Omnivor,1598.194583116566,9726.64171154448
Suisun Marsh,4,2016,Predator,234.31641466491752,10547.610409381756
Suisun Marsh,4,2017,Herbivore,6113.351694957131,24077.771385176482
Suisun Marsh,4,2017,Omnivor,20524.289064476274,5303.432818358091
Suisun Marsh,4,2017,Predator,646.6717134729956,5772.574873669016
Suisun Marsh,4,2018,Herbivore,5992.179732228681,33873.6976935717
Suisun Marsh,4,2018,Omnivor,1078.400323271355,3134.5103089751824
Suisun Marsh,4,2018,Predator,493.7498130531022,5197.143039674403
Suisun Marsh,4,2019,Herbivore,1897.8387481032646,11314.605606836605
Suisun Marsh,4,2019,Omnivor,1566.3011269573385,1237.2297431882964
Suisun Marsh,4,2019,Predator,32.5979203043375,290.7511306768113
Suisun Marsh,4,2020,Herbivore,2124.4824421745348,14103.25701121624
Suisun Marsh,4,2020,Omnivor,966.2276259736617,5396.982992669208
Suisun Marsh,4,2020,Predator,26.90372377731174,1962.518971354087
Suisun Marsh,4,2021,Herbivore,4867.043048365457,29214.760824205463
Suisun Marsh,4,2021,Omnivor,187.52014109784525,1150.7845264722696
Suisun Marsh,4,2021,Predator,362.0805054238345,11274.02225592052
Suisun Marsh,4,2022,Herbivore,2124.8360722530565,6336.877211312527
Suisun Marsh,4,2022,Omnivor,336.2773040284208,2437.0678928906764
Suisun Marsh,4,2022,Predator,115.38868368023172,4651.170075746699
Suisun Marsh,4,2023,Herbivore,4175.6052500000005,14334.31
Suisun Marsh,4,2023,Omnivor,6672.6402499999995,1215.4065
Suisun Marsh,4,2023,Predator,340.62,3041.25
Suisun Marsh,5,2010,Herbivore,6103.406004451561,44314.72084081479
Suisun Marsh,5,2010,Omnivor,1315.4619510882324,9118.592807629353
Suisun Marsh,5,2010,Predator,61.916846906920604,589.5074348968974
Suisun Marsh,5,2011,Herbivore,5865.573583298484,39616.37790730687
Suisun Marsh,5,2011,Omnivor,3633.0985008337816,19315.010814682664
Suisun Marsh,5,2011,Predator,27.3504,244.2
Suisun Marsh,5,2012,Herbivore,14187.684357925082,81071.97191141445
Suisun Marsh,5,2012,Omnivor,2953.0869407625323,22676.54855437191
Suisun Marsh,5,2012,Predator,137.8105,1291.92
Suisun Marsh,5,2013,Herbivore,3522.1601477332947,6890.456793667997
Suisun Marsh,5,2013,Omnivor,2191.450737751636,17151.798395716836
Suisun Marsh,5,2013,Predator,296.9426996624097,28251.933647421138
Suisun Marsh,5,2014,Herbivore,6735.722438095858,7818.642870829654
Suisun Marsh,5,2014,Omnivor,1856.5668518765924,14759.935370421363
Suisun Marsh,5,2014,Predator,1482.139587052621,21578.738514693137
Suisun Marsh,5,2015,Herbivore,3948.319394411336,4312.4668229667
Suisun Marsh,5,2015,Omnivor,2769.484616223479,24401.653474170187
Suisun Marsh,5,2015,Predator,809.8457325088418,16501.990082383327
Suisun Marsh,5,2016,Herbivore,5106.599236378336,11021.407067582535
Suisun Marsh,5,2016,Omnivor,2296.468019365875,19124.790376082365
Suisun Marsh,5,2016,Predator,828.2841704609509,26656.672370256096
Suisun Marsh,5,2017,Herbivore,6352.003466353443,21496.930781971543
Suisun Marsh,5,2017,Omnivor,11052.340602150667,68324.83510790432
Suisun Marsh,5,2017,Predator,265.46224986477995,2364.7595373826107
Suisun Marsh,5,2018,Herbivore,4506.653938944444,24402.801539548193
Suisun Marsh,5,2018,Omnivor,3675.8915526705114,29699.931704783165
Suisun Marsh,5,2018,Predator,411.3426371920454,4249.509410614196
Suisun Marsh,5,2019,Herbivore,7110.615036345016,44539.06477236113
Suisun Marsh,5,2019,Omnivor,2656.4429414547926,16967.781834915426
Suisun Marsh,5,2019,Predator,18.004616927869566,1574.5548667088087
Suisun Marsh,5,2020,Herbivore,506.97935624843643,3689.3775927663332
Suisun Marsh,5,2020,Omnivor,3836.4031917668185,31090.694032111784
Suisun Marsh,5,2020,Predator,554.4881028783481,28546.085554823127
Suisun Marsh,5,2021,Herbivore,1941.9562143098215,3684.6194621987183
Suisun Marsh,5,2021,Omnivor,632.681572875456,3281.4638390036134
Suisun Marsh,5,2021,Predator,728.6405691609773,11676.681805187594
Suisun Marsh,5,2022,Herbivore,2157.9371706288166,4439.183118367876
Suisun Marsh,5,2022,Omnivor,485.78712361524106,3840.1152202561734
Suisun Marsh,5,2022,Predator,262.6598594230237,7926.8720965113325
Suisun Marsh,5,2023,Herbivore,13704.120749999998,80629.735
Suisun Marsh,5,2023,Omnivor,4596.9397500000005,5513.08075
Suisun Marsh,5,2023,Predator,37.632,336
Suisun Marsh,6,2010,Herbivore,5761.820154056696,42039.835124831494
Suisun Marsh,6,2010,Omnivor,3857.2858870067494,31924.495146297028
Suisun Marsh,6,2010,Predator,60.13332535696941,3285.557282605732
Suisun Marsh,6,2011,Herbivore,4784.570758609733,37302.916877449956
Suisun Marsh,6,2011,Omnivor,6677.940909409142,48266.28759353608
Suisun Marsh,6,2011,Predator,93.33,832.5029999999999
Suisun Marsh,6,2012,Herbivore,5314.48926307628,13662.821494900287
Suisun Marsh,6,2012,Omnivor,3337.126616236745,27214.744407690487
Suisun Marsh,6,2012,Predator,902.5379606551751,21813.11164496165
Suisun Marsh,6,2013,Herbivore,4073.8748665325174,4549.628366100307
Suisun Marsh,6,2013,Omnivor,2134.022546469991,16360.584466746139
Suisun Marsh,6,2013,Predator,918.9364656901321,30678.011530484797
Suisun Marsh,6,2014,Herbivore,10292.389086930933,10372.13368963169
Suisun Marsh,6,2014,Omnivor,2456.8004999243826,13796.376721466064
Suisun Marsh,6,2014,Predator,4956.29028630869,99537.97756434004
Suisun Marsh,6,2015,Herbivore,3605.6321544267435,3999.8955439755373
Suisun Marsh,6,2015,Omnivor,2033.7486187151737,13636.075813896727
Suisun Marsh,6,2015,Predator,2887.0900018447705,28092.498333468633
Suisun Marsh,6,2016,Herbivore,6051.4584462770235,7830.327572575319
Suisun Marsh,6,2016,Omnivor,2237.218921152952,19486.830294507392
Suisun Marsh,6,2016,Predator,1198.7086100774995,78443.82772727066
Suisun Marsh,6,2017,Herbivore,4683.1806595412845,24803.43481435678
Suisun Marsh,6,2017,Omnivor,25679.82483294596,198117.1717531538
Suisun Marsh,6,2017,Predator,111.85395489461233,4930.799173738771
Suisun Marsh,6,2018,Herbivore,3513.2380510644443,4134.985743535412
Suisun Marsh,6,2018,Omnivor,7187.904600751044,60149.311121333674
Suisun Marsh,6,2018,Predator,2150.2217517601825,88712.07251407854
Suisun Marsh,6,2019,Herbivore,1574.8273780175416,9549.023313349137
Suisun Marsh,6,2019,Omnivor,20265.071352022445,147541.60892181352
Suisun Marsh,6,2019,Predator,138.85902919184272,11395.935383226717
Suisun Marsh,6,2020,Herbivore,1415.8135699853256,1551.2054369192588
Suisun Marsh,6,2020,Omnivor,2898.3212741182892,22577.8838636882
Suisun Marsh,6,2020,Predator,1706.4668629401906,85025.37421579954
Suisun Marsh,6,2021,Herbivore,1629.5277723412469,1739.600044606568
Suisun Marsh,6,2021,Omnivor,1027.985232535136,8416.087314238612
Suisun Marsh,6,2021,Predator,4346.968543726697,68778.3693267551
Suisun Marsh,6,2022,Herbivore,2005.963594358878,2085.262894409459
Suisun Marsh,6,2022,Omnivor,1047.169460118549,6601.567293286331
Suisun Marsh,6,2022,Predator,3683.6366985302257,35274.88278255008
Suisun Marsh,6,2023,Herbivore,3213.6755000000003,18977.413
Suisun Marsh,6,2023,Omnivor,9768.3887,71419.8355
Suisun Marsh,6,2023,Predator,78.55109999999999,1510.5
Suisun Marsh,7,2010,Herbivore,8115.197692307693,13439.107692307694
Suisun Marsh,7,2010,Omnivor,3591.9597692307693,29937.38076923077
Suisun Marsh,7,2010,Predator,264.07369230769234,15022.730615384617
Suisun Marsh,7,2011,Herbivore,3783.3715656695954,26114.702333470963
Suisun Marsh,7,2011,Omnivor,15485.633259927281,128278.39833624053
Suisun Marsh,7,2011,Predator,182.96284615384616,13817.079230769232
Suisun Marsh,7,2012,Herbivore,6105.871091363813,6175.0158580625875
Suisun Marsh,7,2012,Omnivor,2120.206795036746,16692.378197961392
Suisun Marsh,7,2012,Predator,2608.9603653404943,58974.805737564835
Suisun Marsh,7,2013,Herbivore,4269.764908568134,4305.548309972322
Suisun Marsh,7,2013,Omnivor,1407.647768559381,11717.933978011048
Suisun Marsh,7,2013,Predator,1551.5552503801448,73433.34767926297
Suisun Marsh,7,2014,Herbivore,7862.499825003109,7859.740045995858
Suisun Marsh,7,2014,Omnivor,2000.2851216984945,14770.091169183888
Suisun Marsh,7,2014,Predator,4263.378204430566,69129.71654707956
Suisun Marsh,7,2015,Herbivore,5055.294859283555,5064.56638686534
Suisun Marsh,7,2015,Omnivor,2345.391136150613,21608.295689172795
Suisun Marsh,7,2015,Predator,3013.489450442794,52281.39380304409
Suisun Marsh,7,2016,Herbivore,7183.864952631769,7263.16188418593
Suisun Marsh,7,2016,Omnivor,1851.4155819456712,14436.715976399531
Suisun Marsh,7,2016,Predator,1892.0528310294717,88969.1199994419
Suisun Marsh,7,2017,Herbivore,820.7926113060416,6322.884792532814
Suisun Marsh,7,2017,Omnivor,9747.862930638004,81473.88149920125
Suisun Marsh,7,2017,Predator,803.9972007995382,73535.75371247213
Suisun Marsh,7,2018,Herbivore,7255.4403032816645,7384.344086426719
Suisun Marsh,7,2018,Omnivor,3261.5656202566115,24544.040144324943
Suisun Marsh,7,2018,Predator,2296.3406179830627,141021.8823404683
Suisun Marsh,7,2019,Herbivore,2125.171769444704,3878.921741239522
Suisun Marsh,7,2019,Omnivor,9772.031560808266,80142.61513908034
Suisun Marsh,7,2019,Predator,1961.3983889373985,151066.9573979591
Suisun Marsh,7,2020,Herbivore,2393.6597793427495,2451.6481970855216
Suisun Marsh,7,2020,Omnivor,1810.517472937444,10659.3597335171
Suisun Marsh,7,2020,Predator,2237.999157333793,118765.25209527063
Suisun Marsh,7,2021,Herbivore,1054.3206901726626,1131.680644881378
Suisun Marsh,7,2021,Omnivor,430.8436229045697,3335.568152761177
Suisun Marsh,7,2021,Predator,4086.1077771602336,70737.34484088306
Suisun Marsh,7,2022,Herbivore,1111.280877481084,1129.034196494853
Suisun Marsh,7,2022,Omnivor,361.0537450291017,2948.665205299356
Suisun Marsh,7,2022,Predator,2790.278564355642,29442.129119308236
Suisun Marsh,7,2023,Herbivore,6195.280428571429,7768.14
Suisun Marsh,7,2023,Omnivor,12244.303642857143,105609.74192857143
Suisun Marsh,7,2023,Predator,1242.279842857143,57650.22142857143
Suisun Marsh,7,2024,Herbivore,71.97746666666667,536.44
Suisun Marsh,7,2024,Omnivor,2863.7373333333335,24342.73646666667
Suisun Marsh,7,2024,Predator,3565.9933333333333,305127.58
Suisun Marsh,8,2010,Herbivore,2809.5203,3128.387
Suisun Marsh,8,2010,Omnivor,2541.0211,20899.083899999998
Suisun Marsh,8,2010,Predator,507.58849999999995,25309.14
Suisun Marsh,8,2011,Herbivore,2032.8766,2759.9585
Suisun Marsh,8,2011,Omnivor,2351.1337,18469.3349
Suisun Marsh,8,2011,Predator,1293.1572999999999,114404.18000000001
Suisun Marsh,8,2012,Herbivore,10439.7374,10490.6
Suisun Marsh,8,2012,Omnivor,2240.4796,15609.571
Suisun Marsh,8,2012,Predator,2889.8978,73028.98
Suisun Marsh,8,2013,Herbivore,3678.8088000000002,3697.3480000000004
Suisun Marsh,8,2013,Omnivor,1223.2202,8518.351999999999
Suisun Marsh,8,2013,Predator,1855.6679,69993.70999999999
Suisun Marsh,8,2014,Herbivore,8069.390714285715,8077.830000000001
Suisun Marsh,8,2014,Omnivor,2287.5575714285715,18102.85142857143
Suisun Marsh,8,2014,Predator,2505.318,120634.84285714285
Suisun Marsh,8,2015,Herbivore,6723.988571428572,6726.022857142858
Suisun Marsh,8,2015,Omnivor,3417.243285714286,33547.340000000004
Suisun Marsh,8,2015,Predator,1710.1727142857144,24715.442857142858
Suisun Marsh,8,2016,Herbivore,8473.2662,8402.308
Suisun Marsh,8,2016,Omnivor,2055.6384,17013.4615
Suisun Marsh,8,2016,Predator,1387.7578,61196.42
Suisun Marsh,8,2017,Herbivore,9089.276,9199.191
Suisun Marsh,8,2017,Omnivor,3561.6158,28308.834
Suisun Marsh,8,2017,Predator,2403.7113,206245
Suisun Marsh,8,2018,Herbivore,5001.429833333334,5256.0408333333335
Suisun Marsh,8,2018,Omnivor,1211.6005,9726.080833333333
Suisun Marsh,8,2018,Predator,1480.6833333333334,146821.99166666667
Suisun Marsh,8,2019,Herbivore,4524.591736258841,5495.991129576274
Suisun Marsh,8,2019,Omnivor,2439.9735407385315,18826.397856283547
Suisun Marsh,8,2019,Predator,3428.8586645813066,208620.39849351946
Suisun Marsh,8,2020,Herbivore,4381.523071272801,4403.804190823239
Suisun Marsh,8,2020,Omnivor,1166.33479682507,7709.612009696839
Suisun Marsh,8,2020,Predator,4009.8777629610895,174848.78685048968
Suisun Marsh,8,2021,Herbivore,1651.772897284639,1763.1757075108287
Suisun Marsh,8,2021,Omnivor,759.8410110380071,6543.590197065198
Suisun Marsh,8,2021,Predator,6637.529741135329,117777.84823315771
Suisun Marsh,8,2022,Herbivore,1028.6623564667834,1038.5955690769372
Suisun Marsh,8,2022,Omnivor,434.0937912817261,3013.7052755728832
Suisun Marsh,8,2022,Predator,1778.0433585703925,37234.98458112255
Suisun Marsh,8,2023,Herbivore,8.660333333333334,114.70258333333334
Suisun Marsh,8,2023,Omnivor,954.6885833333334,8612.194166666666
Suisun Marsh,8,2023,Predator,2701.328483333333,243743.2
Suisun Marsh,8,2024,Herbivore,9.202,148.602
Suisun Marsh,8,2024,Omnivor,360.107,3149.034
Suisun Marsh,8,2024,Predator,4239.3967999999995,420646.64
Suisun Marsh,9,2010,Herbivore,7520.755833333334,7537.265000000001
Suisun Marsh,9,2010,Omnivor,1988.7803333333334,17845.789666666667
Suisun Marsh,9,2010,Predator,3383.869166666667,128709.9
Suisun Marsh,9,2011,Herbivore,11029.925833333335,11201.141666666666
Suisun Marsh,9,2011,Omnivor,31272.217333333334,34119.912833333336
Suisun Marsh,9,2011,Predator,3590.3875,189891.4166666667
Suisun Marsh,9,2012,Herbivore,14926.475,14933.838333333333
Suisun Marsh,9,2012,Omnivor,2961.5431666666664,19923.286666666667
Suisun Marsh,9,2012,Predator,3454.8088333333335,117789.68333333333
Suisun Marsh,9,2013,Herbivore,9417.264333333334,9421.731666666667
Suisun Marsh,9,2013,Omnivor,2090.7631666666666,17936.958333333332
Suisun Marsh,9,2013,Predator,2238.149,163354.55
Suisun Marsh,9,2014,Herbivore,6744.3108,5614.508
Suisun Marsh,9,2014,Omnivor,2728.6202000000003,19346.212
Suisun Marsh,9,2014,Predator,1016.2353999999999,88385.06
Suisun Marsh,9,2015,Herbivore,11217.9148,11283.230000000001
Suisun Marsh,9,2015,Omnivor,3252.3024,27788.27
Suisun Marsh,9,2015,Predator,2422.311,200474.62
Suisun Marsh,9,2016,Herbivore,19439.992666666665,19698.418333333335
Suisun Marsh,9,2016,Omnivor,5525.704,43302.72
Suisun Marsh,9,2016,Predator,2461.086,77866.38333333333
Suisun Marsh,9,2017,Herbivore,18883.34116666667,18993.798333333336
Suisun Marsh,9,2017,Omnivor,5113.4856666666665,37921.28166666666
Suisun Marsh,9,2017,Predator,795.8396666666666,71859.3
Suisun Marsh,9,2018,Herbivore,4550.2298736297125,4575.29829077515
Suisun Marsh,9,2018,Omnivor,1407.3364666542525,11284.80482290197
Suisun Marsh,9,2018,Predator,1966.607995266475,122504.77939607375
Suisun Marsh,9,2019,Herbivore,1935.070946929521,1978.5780462142397
Suisun Marsh,9,2019,Omnivor,949.5266721665092,8340.269977656373
Suisun Marsh,9,2019,Predator,772.9776945505434,63618.73164276688
Suisun Marsh,9,2020,Herbivore,1410.0514588755218,1438.8521957799776
Suisun Marsh,9,2020,Omnivor,592.7361202711136,4799.35929436349
Suisun Marsh,9,2020,Predator,2456.2231030650637,191774.03854074504
Suisun Marsh,9,2021,Herbivore,1416.7594336281957,1571.2287847548812
Suisun Marsh,9,2021,Omnivor,760.728253767187,6780.360107808754
Suisun Marsh,9,2021,Predator,1622.170046026067,87352.67242177507
Suisun Marsh,9,2022,Herbivore,1060.2503636931358,1826.0975320461348
Suisun Marsh,9,2022,Omnivor,463.2249084940143,3824.0560319243286
Suisun Marsh,9,2022,Predator,3036.724948481563,181072.25299857446
Suisun Marsh,9,2023,Herbivore,2105.916933333334,2448.15
Suisun Marsh,9,2023,Omnivor,1663.4238666666668,13690.511266666666
Suisun Marsh,9,2023,Predator,1249.76578,120746.72666666665
Suisun Marsh,9,2024,Herbivore,9.884181818181817,97.34454545454545
Suisun Marsh,9,2024,Omnivor,699.2266363636364,5691.729636363637
Suisun Marsh,9,2024,Predator,1219.036909090909,104882.06363636364
Suisun Marsh,10,2010,Herbivore,12354.899249999999,12345.225
Suisun Marsh,10,2010,Omnivor,2179.091,16690.465
Suisun Marsh,10,2010,Predator,2656.0425,173729.275
Suisun Marsh,10,2011,Herbivore,7190.6795,9187.936333333333
Suisun Marsh,10,2011,Omnivor,2252.0426666666667,17076.581833333334
Suisun Marsh,10,2011,Predator,1428.8393333333331,111128.8
Suisun Marsh,10,2012,Herbivore,14861.7345,15160.139666666668
Suisun Marsh,10,2012,Omnivor,3421.043666666667,28152.702833333333
Suisun Marsh,10,2012,Predator,2358.5868333333333,56390.95
Suisun Marsh,10,2013,Herbivore,11341.741,11371.51
Suisun Marsh,10,2013,Omnivor,2532.470166666667,20606.323
Suisun Marsh,10,2013,Predator,2732.7831666666666,133036.65
Suisun Marsh,10,2014,Herbivore,18037.426333333333,18110.838333333333
Suisun Marsh,10,2014,Omnivor,7109.527333333333,22986.501
Suisun Marsh,10,2014,Predator,5444.6895,138068.01666666666
Suisun Marsh,10,2015,Herbivore,12713.350333333334,12791.476666666667
Suisun Marsh,10,2015,Omnivor,3312.124,26202.471666666665
Suisun Marsh,10,2015,Predator,3047.410833333333,190398.21666666667
Suisun Marsh,10,2016,Herbivore,10301.054833333334,10759.203333333333
Suisun Marsh,10,2016,Omnivor,2967.773166666667,23391.908333333333
Suisun Marsh,10,2016,Predator,2624.8581666666664,150671.2
Suisun Marsh,10,2017,Herbivore,5476.423713689231,9786.264189059468
Suisun Marsh,10,2017,Omnivor,1960.7438430040042,14418.3730443053
Suisun Marsh,10,2017,Predator,809.7989666323313,61725.17642798875
Suisun Marsh,10,2018,Herbivore,2689.8734462083803,3540.2004069004697
Suisun Marsh,10,2018,Omnivor,693.9170669031046,5885.692529617966
Suisun Marsh,10,2018,Predator,2035.7988437421172,145377.6940437501
Suisun Marsh,10,2019,Herbivore,2659.529218534883,3200.5833720669616
Suisun Marsh,10,2019,Omnivor,840.2691139695693,6124.100738547668
Suisun Marsh,10,2019,Predator,659.8046531973129,44300.43924647809
Suisun Marsh,10,2020,Herbivore,1750.639626558045,1914.6865231839338
Suisun Marsh,10,2020,Omnivor,853.3549807673522,6689.696264313253
Suisun Marsh,10,2020,Predator,4500.278795625292,269000.1957048472
Suisun Marsh,10,2021,Herbivore,1009.18999974013,1487.0137678978613
Suisun Marsh,10,2021,Omnivor,415.92309912651683,3565.716007690193
Suisun Marsh,10,2021,Predator,2729.122879371079,149032.78484862004
Suisun Marsh,10,2022,Herbivore,1045.4166396598207,2524.7463353153926
Suisun Marsh,10,2022,Omnivor,330.13581341548706,1992.2796723216873
Suisun Marsh,10,2022,Predator,2912.867237272495,206419.64547677513
Suisun Marsh,10,2023,Herbivore,1815.3765714285717,2038.9978571428571
Suisun Marsh,10,2023,Omnivor,2674.556357142857,23043.1585
Suisun Marsh,10,2023,Predator,1258.2840357142857,123645.95
Suisun Marsh,10,2024,Herbivore,72.40863636363636,388.7872727272727
Suisun Marsh,10,2024,Omnivor,914.4701818181819,7776.721272727273
Suisun Marsh,10,2024,Predator,1299.6428181818183,107334.90909090909
Suisun Marsh,11,2010,Herbivore,5522.439,6755.807500000001
Suisun Marsh,11,2010,Omnivor,1574.02225,11192.3665
Suisun Marsh,11,2010,Predator,812.4685,51910.524999999994
Suisun Marsh,11,2011,Herbivore,2873.2788,2880.6040000000003
Suisun Marsh,11,2011,Omnivor,852.4798,5168.1804
Suisun Marsh,11,2011,Predator,798.0794,46261.06
Suisun Marsh,11,2012,Herbivore,6668.547833333333,8591.908333333333
Suisun Marsh,11,2012,Omnivor,2092.4995,19503.1005
Suisun Marsh,11,2012,Predator,1241.9256666666665,121701
Suisun Marsh,11,2013,Herbivore,4230.883833333333,10564.256666666666
Suisun Marsh,11,2013,Omnivor,942.2825,7875.916166666666
Suisun Marsh,11,2013,Predator,919.972,65758.98333333334
Suisun Marsh,11,2014,Herbivore,8728.441666666668,22240.991666666665
Suisun Marsh,11,2014,Omnivor,1373.7583333333332,7277.237833333334
Suisun Marsh,11,2014,Predator,2276.4103333333333,97249.51666666666
Suisun Marsh,11,2015,Herbivore,7659.078333333334,18401.446666666667
Suisun Marsh,11,2015,Omnivor,1738.2866666666666,13995.234166666667
Suisun Marsh,11,2015,Predator,2530.866666666667,202353.8
Suisun Marsh,11,2016,Herbivore,4852.864500000001,11569.414999999999
Suisun Marsh,11,2016,Omnivor,1141.1916666666666,9837.2305
Suisun Marsh,11,2016,Predator,930.7573333333333,78374.95
Suisun Marsh,11,2017,Herbivore,5359.851851310752,6332.167523226889
Suisun Marsh,11,2017,Omnivor,1640.042986278211,12200.785576974778
Suisun Marsh,11,2017,Predator,899.8781967923011,42613.61385275
Suisun Marsh,11,2018,Herbivore,1275.1895929468744,6810.452652026695
Suisun Marsh,11,2018,Omnivor,313.8501861959785,1954.30745812527
Suisun Marsh,11,2018,Predator,1163.5780265291505,71905.01439083286
Suisun Marsh,11,2019,Herbivore,2948.874771446648,4642.699952080706
Suisun Marsh,11,2019,Omnivor,3125.473570027073,12235.535289769683
Suisun Marsh,11,2019,Predator,498.52497647103587,28796.176809843295
Suisun Marsh,11,2020,Herbivore,1708.8223751119986,4851.7435340495
Suisun Marsh,11,2020,Omnivor,523.3527320125593,4511.7721635655025
Suisun Marsh,11,2020,Predator,1618.3794208318893,130061.45297498767
Suisun Marsh,11,2021,Herbivore,5391.44101513923,23294.668404502947
Suisun Marsh,11,2021,Omnivor,1114.3407704154663,4936.095901325704
Suisun Marsh,11,2021,Predator,871.3278107576306,30526.208652048514
Suisun Marsh,11,2022,Herbivore,2927.3790000000004,8380.178333333333
Suisun Marsh,11,2022,Omnivor,1070.5004999999999,8233.626166666667
Suisun Marsh,11,2022,Predator,1087.4548333333332,81144.11666666667
Suisun Marsh,11,2023,Herbivore,978.6212222222223,1939.7733333333333
Suisun Marsh,11,2023,Omnivor,894.8535555555555,6614.652777777778
Suisun Marsh,11,2023,Predator,749.2153333333333,55481.679444444446
Suisun Marsh,12,2010,Herbivore,2631.3465,5478.4075
Suisun Marsh,12,2010,Omnivor,461.58450000000005,3730.0350000000003
Suisun Marsh,12,2010,Predator,297.47425,21034.949999999997
Suisun Marsh,12,2011,Herbivore,1234.3221666666666,1513.5416666666667
Suisun Marsh,12,2011,Omnivor,636.7130000000001,4055.2895
Suisun Marsh,12,2011,Predator,397.8535,30582.183333333334
Suisun Marsh,12,2012,Herbivore,1661.5835,3188.6366666666668
Suisun Marsh,12,2012,Omnivor,519.0851666666666,2649.0978333333333
Suisun Marsh,12,2012,Predator,332.6616666666667,9376.616666666667
Suisun Marsh,12,2013,Herbivore,5306.748166666666,13341.039166666667
Suisun Marsh,12,2013,Omnivor,1087.448,9333.8455
Suisun Marsh,12,2013,Predator,488.2558333333334,37563.71666666667
Suisun Marsh,12,2014,Herbivore,3230.2625000000003,8886.938333333334
Suisun Marsh,12,2014,Omnivor,748.0305,4623.6033333333335
Suisun Marsh,12,2014,Predator,1142.1413333333333,28287.583333333332
Suisun Marsh,12,2015,Herbivore,6825.9195,20753.406666666666
Suisun Marsh,12,2015,Omnivor,548.4098333333334,4019.015
Suisun Marsh,12,2015,Predator,1022.6101666666666,77903.25
Suisun Marsh,12,2016,Herbivore,4860.1845,6729.246666666667
Suisun Marsh,12,2016,Omnivor,1480.374,13403.527166666667
Suisun Marsh,12,2016,Predator,509.707,35822.51666666667
Suisun Marsh,12,2017,Herbivore,2978.5443333333337,3648.1533333333336
Suisun Marsh,12,2017,Omnivor,1301.1295,10672.158333333335
Suisun Marsh,12,2017,Predator,506.29116666666664,23400.45
Suisun Marsh,12,2018,Herbivore,5006.981833333333,9480.441666666668
Suisun Marsh,12,2018,Omnivor,2024.1883333333333,17263.216666666667
Suisun Marsh,12,2018,Predator,604.3086666666667,49226.555
Suisun Marsh,12,2019,Herbivore,2666.7664999999997,3153.4216666666666
Suisun Marsh,12,2019,Omnivor,1295.8621666666668,11346.114833333333
Suisun Marsh,12,2019,Predator,501.094,12261.5
Suisun Marsh,12,2020,Herbivore,710.4685000000001,2971.72
Suisun Marsh,12,2020,Omnivor,193.2095,1608.316
Suisun Marsh,12,2020,Predator,2496.4735,255068.8
Suisun Marsh,12,2021,Herbivore,3259.945166666667,5351.158333333334
Suisun Marsh,12,2021,Omnivor,884.8923333333333,4591.998333333333
Suisun Marsh,12,2021,Predator,362.667,17760.333333333332
Suisun Marsh,12,2022,Herbivore,3303.0965,10479.873333333333
Suisun Marsh,12,2022,Omnivor,238.41766666666666,1123.717
Suisun Marsh,12,2022,Predator,279.1143333333333,18778.25
Suisun Marsh,12,2023,Herbivore,1591.096,2675.3733333333334
Suisun Marsh,12,2023,Omnivor,1068.158888888889,6519.917666666667
Suisun Marsh,12,2023,Predator,1159.821222222222,85601.04444444444
