"MonthYear","Year","Month","Date","Region","DissAmmonia","DissNitrateNitrite","DissOrthophos","DissSilica","DON","TKN","TotPhos","Temperature","Salinity","Turbidity","DissolvedOxygen","Chlorophyll","pH","MVI","Sac_Inflow","SJR_Inflow","Total_Inflow","Clam_Turnover","Dominant","log_Salinity","log_Ammonia","log_Turbidity","log_Silica","logChlorophyll","logNitNit","log_inflow","Dominant_n"
"Sep-2013",2013,9,2013-09-01,"Confluence",0.0483333333333333,0.293333333333333,0.0733333333333333,16.1,0.08367225,0.172475833333333,0.0783333333333333,21.2835293490579,0.993648074033599,18.2461111492222,8.64508771929825,2.52937499254942,7.89599461046323,1.85,404400,25472,444467,2.06333333333333,"Centric Diatoms",-0.00637218528416583,-3.02963382522967,2.90395196960824,2.77881927199042,0.927972233702372,-1.22644566017799,13.0046310904602,0
"Nov-2013",2013,11,2013-11-01,"Confluence",0.131666666666667,0.435,0.0733333333333333,15.775,0.15,0.466666666666667,0.106666666666667,14.6626922815078,2.10601179426053,14.0977907460698,9.16207547169811,1.86066665871938,7.64175114909156,1.03125,263500,32614,306404,1.11666666666667,"Centric Diatoms",0.744796014009742,-2.02748180274912,2.64601810043189,2.75842640842728,0.620934842174817,-0.832409247893453,12.6326597715936,0
"Jan-2014",2014,1,2014-01-01,"Confluence",0.253333333333333,0.578333333333333,0.0683333333333333,17.41833316,0.275,0.75,0.0983333333333333,9.30214286264241,2.91222773714257,15.5517204452014,10.2846,2.17312498807907,7.5482385207176,NA,196200,24462,233755,0.763333333333333,"Pennate Diatoms",1.0689183337128,-1.37304913436987,2.74417127206793,2.85752328142716,0.776166218294373,-0.547604875269287,12.3620288372965,4
"Feb-2014",2014,2,2014-02-01,"Confluence",0.198333333333333,0.655,0.0683333333333333,17.2924392571429,0.275,0.633333333333333,0.11,11.5661904435631,1.94133274867489,20.0327906322922,9.62466666666667,2.01769230769231,7.61204388664246,NA,300630,23013,342333,0.943333333333333,"Centric Diatoms",0.663374721062885,-1.61780616210462,2.99737046260389,2.85026936881579,0.701954436417246,-0.423120043346885,12.7435392265323,0
"Mar-2014",2014,3,2014-03-01,"Confluence",0.176666666666667,0.728333333333333,0.08,19.2469331771429,0.45,0.816666666666667,0.14,14.7130952622837,0.533603416704354,32.5280555752029,8.70708333333333,2.79933332061768,7.39810291879532,NA,458020,26263,504119,1.25666666666667,"Centric Diatoms",-0.628102381282119,-1.73349056110408,3.48210296541881,2.95735173256864,1.0293812890515,-0.316996460120556,13.1305676302948,0
"Apr-2014",2014,4,2014-04-01,"Confluence",0.12,0.585,0.0783333333333333,18.4294290971429,0.35,0.65,0.136666666666667,16.5907199772235,0.69078083898843,36.5981481102322,8.90448979591837,4.63866666348775,7.57777998890428,NA,289100,53362,365255,1.46666666666667,"Pennate Diatoms",-0.369932670516957,-2.12026353620009,3.59999764104611,2.91394879437844,1.53442696793628,-0.536143431750281,12.8083510187732,4
"May-2014",2014,5,2014-05-01,"Confluence",0.0585714285714286,0.597142857142857,0.0914285714285714,14.7528393828571,0.32,0.557142857142857,0.147142857142857,19.3567000768511,1.44028096756702,23.4887500378172,8.51432432432432,2.60249997913837,7.91345085270752,NA,178240,47566,254124,1.21866666666667,"Cyanobacteria",0.364838210921175,-2.8375082683391,3.15652158473124,2.69143556479267,0.956472513490992,-0.515598902518648,12.4455776158516,2
"Jun-2014",2014,6,2014-06-01,"Confluence",0.0411111111111111,0.51,0.0788888888888889,10.9240238533333,0.257142857142857,0.455555555555556,0.127777777777778,21.691538469653,2.12526669542257,18.5725225820466,7.83106382978723,2.55842104886707,7.81217378494652,1.63414634146341,267000,9760,306854,1.68,"Centric Diatoms",0.753897298229713,-3.19147685068009,2.92168320792929,2.39096438718042,0.939390290419507,-0.673344553263766,12.6341273434175,0
"Jul-2014",2014,7,2014-07-01,"Confluence",0.0289282,0.374,0.084,12.66486444,0.2625,0.43,0.124,22.4033035747296,1.87682781018293,25.7790653375474,8.38745762711864,3.27904761337099,7.76792259903071,2.30769230769231,283470,8718,321337,2.34,"Cyanobacteria",0.629583016679693,-3.54293838107946,3.24956274152205,2.53883157988274,1.18755301845577,-0.983499481567605,12.6802456956479,2
"Aug-2014",2014,8,2014-08-01,"Confluence",0.0225954444444444,0.304444444444444,0.0755555555555556,13.3727599066667,0.228571428571429,0.344444444444444,0.121111111111111,21.9573626615469,1.6424452819863,28.4506849994521,8.34927272727273,2.8505263095153,7.77912956639316,2.38095238095238,264850,8674,295825,1.97,"Cyanobacteria",0.496186156962532,-3.79000696627719,3.34817223759187,2.59321979514142,1.04750364723652,-1.18926665693624,12.5975233422528,2
"Sep-2014",2014,9,2014-09-01,"Confluence",0.0311043333333333,0.336666666666667,0.09,14.6973074933333,0.122949142857143,0.3,0.114444444444444,21.7028440192661,1.63316126320572,20.5980645878495,8.25433333333333,4.73722222222222,7.86302490490307,2.6,247630,9746,273701,2.32333333333333,"Cyanobacteria",0.49051756184115,-3.47040813402628,3.02519711933562,2.68766431328935,1.55545093485779,-1.08866195781494,12.5197915486575,2
"Oct-2014",2014,10,2014-10-01,"Confluence",0.046,0.363,0.094,15.2196898088889,0.2375,0.38,0.111,20.6129565295597,2.35922626328663,12.5731249528854,7.82322580645161,3.73190475736346,7.63828336731823,2.15,196060,16677,241424,1.45166666666667,"Cyanobacteria",0.858333710741904,-3.07911388249304,2.53156159575345,2.72258997173235,1.31691876212446,-1.01335244471729,12.3943100027534,2
"Nov-2014",2014,11,2014-11-01,"Confluence",0.0833333333333333,0.523333333333333,0.0866666666666667,15.9636213377778,0.214285714285714,0.4,0.112222222222222,16.561203700878,1.91672032701503,11.8984269526067,8.38660714285714,2.2571428548722,7.46696308315779,1.63414634146341,227900,28688,277894,0.726666666666667,"Cyanobacteria",0.65061556245274,-2.484906649788,2.47640620252319,2.77031246714682,0.814099789971622,-0.647536669307893,12.5349950249973,2
"Dec-2014",2014,12,2014-12-01,"Confluence",0.168571428571429,0.62,0.0757142857142857,18.3458834457143,0.42,0.742857142857143,0.157142857142857,13.3997674436042,1.1670966939436,44.948738746018,8.41891304347826,1.75999997456869,7.43714433342491,1,1025050,37582,1164565,0.496666666666667,"Cyanobacteria",0.154519206721682,-1.78039571057774,3.80552270148099,2.90940521395022,0.56531379460045,-0.478035800943,13.9678581846964,2
"Jan-2015",2015,1,2015-01-01,"Confluence",0.17,0.63875,0.0725,20.0904792114286,0.383333333333333,0.75,0.1275,9.50580951309962,0.845193282510503,41.0818181058506,9.86204545454545,0.791176469185773,7.60502444500272,NA,332730,27417,387353,0.23,"Cyanobacteria",-0.168189941082394,-1.77195684193188,3.71556564176969,3.00024603177424,-0.234234239780997,-0.448242137464223,12.8670917009636,2
"Feb-2015",2015,2,2015-02-01,"Confluence",0.212857142857143,0.601428571428571,0.0685714285714286,19.0326885828571,0.34,0.771428571428571,0.134285714285714,12.8282856961905,0.709142613253055,46.214772624284,8.98744186046512,1.73125,7.55815868345286,NA,500340,25538,583723,0.33,"Cyanobacteria",-0.343698625634973,-1.54713402909795,3.83329950074973,2.94615795261399,0.548843690953512,-0.508447501361023,13.2771818342189,2
"Mar-2015",2015,3,2015-03-01,"Confluence",0.11375,0.565,0.07375,16.7440720571429,0.433333333333333,0.725,0.13,15.8279710158642,0.963610568401097,30.9240740042137,9.05957446808511,6.10222220897675,7.72515635314054,NA,247160,19793,319724,0.713333333333333,"Pennate Diatoms",-0.037068040679007,-2.17375222115108,3.43153497455502,2.81804428859495,1.80865300139295,-0.570929547835696,12.6752134026088,4
"Apr-2015",2015,4,2015-04-01,"Confluence",0.0833333333333333,0.406666666666667,0.06,13.4537155911111,0.328571428571429,0.622222222222222,0.134444444444444,17.1583760862142,1.83091886802722,30.4486237517378,8.82145833333333,8.99699998807907,7.89526034486529,NA,190240,26244,273969,0.763333333333333,"Centric Diatoms",0.604817954512514,-2.484906649788,3.41604079614723,2.59925532002448,2.19689118710999,-0.899761429922945,12.5207702402834,0
"May-2015",2015,5,2015-05-01,"Confluence",0.0975,0.47875,0.0825,12.3020779942857,0.35,0.6125,0.1525,18.6181999588013,2.35646267995509,27.7487500263622,8.27333333333333,2.23499999470181,7.80313786297136,NA,226930,10506,287711,1.36292307692308,"Cyanobacteria",0.857161630190714,-2.32790290097834,3.32319079508287,2.50976819073403,0.804241225694977,-0.736576738487281,12.5697117830805,2
"Jun-2015",2015,6,2015-06-01,"Confluence",0.0577777777777778,0.524444444444444,0.0822222222222222,14.0666666666667,0.257142857142857,0.466666666666667,0.13,21.2712403219744,2.2227887052427,19.2669564495416,8.029375,2.59071428571429,7.65301464342878,1.54761904761905,206580,5737,276476,1.18666666666667,"Centric Diatoms",0.798762581091077,-2.85115104474288,2.95839152753076,2.64380793237386,0.951933623679552,-0.645415777738755,12.5298792969006,0
"Jul-2015",2015,7,2015-07-01,"Confluence",0.037,0.43,0.088,12.4274223155556,0.2875,0.47,0.128,22.3504958802456,2.30404718069908,21.2952380859693,7.76809523809524,4.52235292715185,7.64620475147765,2.38235294117647,244470,3779,305633,0.916666666666667,"Pennate Diatoms",0.834667220357955,-3.29683736633791,3.05848348368221,2.51990550795573,1.50903241750464,-0.843970070294529,12.6301403147378,4
"Aug-2015",2015,8,2015-08-01,"Confluence",0.0226336666666667,0.301111111111111,0.0766666666666667,11.6307756533333,0.442857142857143,0.577777777777778,0.115555555555556,22.1668478549041,1.93401021204188,24.8701370123288,8.01540983606557,2.57149999284744,7.71786838132372,2.12903225806452,241170,4649,299895,0.499152906173291,"Cyanobacteria",0.659595677287007,-3.78831680565354,3.21366776694082,2.45365465848833,0.944489383451361,-1.20027594244461,12.611187692374,2
"Sep-2015",2015,9,2015-09-01,"Confluence",0.0316958,0.34,0.084,12.5299267955556,0.2375,0.36,0.109,22.047522893945,2.33154416950809,14.1765217211522,7.65852459016393,2.65166666666667,7.60043973451998,2.2,237030,6380,291499,0.282269575365606,"Cyanobacteria",0.846530781761072,-3.45157109899032,2.65158719631419,2.52811992655696,0.975188373121641,-1.07880966137193,12.5827918542351,2
"Oct-2015",2015,10,2015-10-01,"Confluence",0.0485714285714286,0.442857142857143,0.0885714285714286,12.7938637371429,0.18,0.328571428571429,0.104285714285714,20.4867889907718,2.09970336499962,14.1462222061667,7.91737704918033,2.26944444179535,7.50319249252485,1.66666666666667,217150,15994,241902,2.23815384615385,"Pennate Diatoms",0.741796079989896,-3.02471981042724,2.64944760654689,2.54896566044308,0.819535062242559,-0.814508037564213,12.3962879644432,4
"Nov-2015",2015,11,2015-11-01,"Confluence",0.06,0.5275,0.0944444444444444,13.1155649555556,0.176124857142857,0.355555555555556,0.113333333333333,15.4390476009524,2.37333799273583,15.6820000401222,8.72915254237288,1.846,7.66249167647618,1.7,183660,26765,218671,0.206266548275407,"Pennate Diatoms",0.864297399985237,-2.81341071676004,2.75251356036722,2.57379968944446,0.61302113608066,-0.639606413631916,12.2953235961349,4
"Dec-2015",2015,12,2015-12-01,"Confluence",0.116666666666667,0.574444444444444,0.0655555555555556,13.2372500666667,0.242857142857143,0.544444444444444,0.121111111111111,10.6919298185965,2.75318450014264,23.32079997824,9.86181818181818,7.219375,7.75262545068171,1.16666666666667,326810,23978,367825,0.206666666666667,"Centric Diatoms",1.01275824176545,-2.14843441316679,3.14934566527813,2.58303483004421,1.97676838406081,-0.554351888815882,12.8153625605661,0
"Jan-2016",2016,1,2016-01-01,"Confluence",0.182,0.606,0.057,17.207963745,0.2875,0.67,0.115,9.44018518958295,1.4626426755396,38.4355555261097,9.95196078431372,2.21777777777778,7.72028620321067,1,849530,50308,950957,0.131518540063623,"Pennate Diatoms",0.380244851290119,-1.70374859190534,3.64898295634851,2.84537228509431,0.796505693547098,-0.500875292912823,13.7652241249427,4
"Feb-2016",2016,2,2016-02-01,"Confluence",0.132,0.544,0.052,16.6463396,0.466666666666667,0.78,0.098,11.8236274323601,0.189037804462358,46.0617021003232,9.73235294117647,1.59499997615814,7.59282777533983,1,613800,30418,676251,0.18,"Pennate Diatoms",-1.66580826031419,-2.02495335639577,3.82998184768985,2.81219034841341,0.466873721288934,-0.608806032126194,13.4243195878848,4
"Mar-2016",2016,3,2016-03-01,"Confluence",0.117142857142857,0.391428571428571,0.0471428571428571,15.8489618571429,0.3,0.528571428571429,0.0928571428571429,13.8630769191518,0.226264462256969,31.2927271973645,9.50413043478261,2.76842105137674,7.72087700627613,1,1667500,61775,2120145,0.293333333333333,"Pennate Diatoms",-1.48605077686723,-2.14436108777915,3.44338571263515,2.76310400020614,1.01827714012396,-0.937952228655334,14.5669950405357,4
"Apr-2016",2016,4,2016-04-01,"Confluence",0.125,0.25,0.05,12.08984351,0.2,0.483333333333333,0.0966666666666667,17.0372276462171,0.126216390528858,27.6964368494844,8.978,5.88176468344296,7.78823057083312,1,583100,52976,684953,0.513333333333333,"Cyanobacteria",-2.06975745990061,-2.07944154167984,3.32130377132666,2.49236572078776,1.77185683311646,-1.38629436111989,13.4371055017517,2
"May-2016",2016,5,2016-05-01,"Confluence",0.0143053333333333,0.171666666666667,0.0383333333333333,8.45186146666667,0.275,0.65,0.141666666666667,18.579519289358,0.486921883051011,48.1858697702605,9.244,48.2075,8.25629534365664,1,413200,60680,509451,0.76,"Centric Diatoms",-0.719651573178418,-4.24712285087575,3.87506581978391,2.1343867090216,3.87551461061162,-1.76220066698651,13.1410889543017,0
"Jun-2016",2016,6,2016-06-01,"Confluence",0.08,0.281,0.06,9.55552809333333,0.2,0.46,0.112,21.4106716218087,0.591942621860689,38.4886842825786,8.32983050847458,6.40190475849878,7.66729857016624,1.80952380952381,415200,18285,465964,1.42,"Pennate Diatoms",-0.524345571328044,-2.52572864430826,3.65036428335412,2.25711984495967,1.85659556460146,-1.26940060964839,13.0518636569047,4
"Jul-2016",2016,7,2016-07-01,"Confluence",0.0769230769230769,0.213846153846154,0.0484615384615385,10.8714285714286,0.2,0.392307692307692,0.0846153846153846,22.0493805140162,0.677677023088599,30.6683837747817,8.41696428571429,7.17999999318804,7.66203824051945,2.57142857142857,571700,9671,614099,0.823333333333333,"Cyanobacteria",-0.389084471666568,-2.56494935746154,3.42323227946932,2.38613811581233,1.97129938211139,-1.54249842975899,13.3279114319169,2
"Aug-2016",2016,8,2016-08-01,"Confluence",0.0693333333333333,0.185333333333333,0.0553333333333333,10.61806864,0.146678538461538,0.313333333333333,0.0813333333333333,21.2062499890385,0.740735616715393,37.9165517417241,8.43138461538462,8.12684210526316,7.69675841571929,2.46511627906977,584400,8845,616679,0.79,"Centric Diatoms",-0.300111509908482,-2.66882948794893,3.63538773817086,2.36255713863484,2.09517242316633,-1.68559927339966,13.3321039081864,0
"Sep-2016",2016,9,2016-09-01,"Confluence",0.0827272727272727,0.253636363636364,0.0709090909090909,14.492789072,0.222222222222222,0.381818181818182,0.105454545454545,20.3063541864583,1.01305121672601,20.2470000763333,8.71213114754098,2.069,7.78577125146758,2.08333333333333,498900,8477,525782,1.03666666666667,"Cryptophytes",0.0129667834415748,-2.49220595226961,3.00800663819948,2.67365122034989,0.727065398763406,-1.3718536769651,13.1726419571431,1
"Oct-2016",2016,10,2016-10-01,"Confluence",0.0916666666666667,0.4,0.0875,14.4983420676923,0.21,0.391666666666667,0.095,17.9506185645361,2.16198412177641,13.7745556066444,8.53873015873016,1.76416666666667,7.61080708719739,1.45098039215686,360650,38218,418109,0.586,"Cryptophytes",0.771026374960819,-2.38959646998368,2.62282309365793,2.67403430273004,0.567678435358773,-0.916290731874155,12.9434974430637,1
"Nov-2016",2016,11,2016-11-01,"Confluence",0.1375,0.4825,0.125833333333333,15.7693583781818,0.2,0.408333333333333,0.109166666666667,16.7074757207767,1.74580079498999,11.7727173762283,8.37770491803279,1.75277777777778,7.34918311948609,1.29411764705882,451700,34414,506845,0.19,"Pennate Diatoms",0.557213358691895,-1.98413136187551,2.46578476771161,2.75806871391907,0.561201831091057,-0.728774358203096,13.1359605159104,4
"Dec-2016",2016,12,2016-12-01,"Confluence",0.169090909090909,0.495454545454545,0.0781818181818182,17.74312187,0.266666666666667,0.518181818181818,0.0936363636363636,10.1648226734312,1.38162085015044,31.1327868398698,9.927625,1.76954545454545,7.51375048082596,1,1237700,32970,1395782,0.203333333333333,"Pennate Diatoms",0.323257339043958,-1.77731878507326,3.43826150308939,2.8759979405421,0.570722708264048,-0.702279664123218,14.1489653896517,4
"Jan-2017",2017,1,2017-01-01,"Confluence",0.1175,0.34375,0.06,19.45,0.233333333333333,0.4875,0.0825,9.01152937809229,0.0733233491069682,65.8387756348058,10.79,1.619,7.48146565001965,1,2092500,413758,4676980,0.02,"Pennate Diatoms",-2.61287617910828,-2.14131694539792,4.18720896012673,2.96784707006446,0.481808674695498,-1.06784063000136,15.3581631604534,4
"Feb-2017",2017,2,2017-02-01,"Confluence",0.0655555555555556,0.401111111111111,0.0644444444444444,17.6,0.228571428571429,0.422222222222222,0.0955555555555556,11.0010344619865,0.0718581690886528,87.6849057419828,10.3217857142857,4.73818181818182,7.13705314543235,1,2299000,811000,7699389,0.0133333333333333,"Cyanobacteria",-2.63306097648786,-2.72485731941859,4.47374977215897,2.86789890204411,1.55565347945827,-0.91351680499143,15.8566515330261,2
"Mar-2017",2017,3,2017-03-01,"Confluence",0.0544444444444444,0.361111111111111,0.0611111111111111,15.838814004,0.242857142857143,0.322222222222222,0.0755555555555556,13.15404763082,0.077342075262942,34.0963402016994,10.0237037037037,3.62411764705882,7.37954864737772,1,2069900,920600,3980925,0.02,"Cyanobacteria",-2.55951716017951,-2.91057446521368,3.52919005306632,2.76246351009827,1.28761085097026,-1.01856958099457,15.1970247623174,2
"Apr-2017",2017,4,2017-04-01,"Confluence",0.0588888888888889,0.218888888888889,0.0555555555555556,14.64875392,0.228571428571429,0.277777777777778,0.0711111111111111,14.5707499988171,0.0701735778151249,22.408380283082,10.3885436893204,3.6065,7.34270715626255,1,2020100,705900,3377381,0.0233333333333333,"Cyanobacteria",-2.65678342320069,-2.83210284977219,3.10943500867608,2.68435527519026,1.28273777296159,-1.51919103458632,15.0326111150352,2
"May-2017",2017,5,2017-05-01,"Confluence",0.061,0.116,0.049,13.45,0.10922075,0.23,0.061,17.6748587290487,0.0733577770207469,19.071686765225,9.90756302521008,2.04352941176471,7.44982230753965,1,1498700,594600,2303407,1.01803278688525,"Cyanobacteria",-2.61240675382747,-2.79688141480883,2.94820486694485,2.59897910604785,0.714678416756743,-2.15416508787577,14.6498998891982,2
"Jun-2017",2017,6,2017-06-01,"Confluence",0.086,0.527,0.048,13.945918308,0.155948625,0.27,0.054,20.3494048094922,0.106151123179729,16.9742000241235,9.62632653061224,2.1904347826087,7.31039199415929,1,785000,420700,1285617,0.24,"Centric Diatoms",-2.24289150982687,-2.45340798272863,2.83169454562578,2.63518687104468,0.784100054995315,-0.640554730440775,14.0667493167156,0
"Jul-2017",2017,7,2017-07-01,"Confluence",0.075,0.13,0.0483333333333333,7.79387258545455,0.1692263,0.325,0.1375,22.9989999239209,0.437723873118146,24.2749599860486,8.71581395348837,12.3616666666667,7.29988088464643,1,465000,247560,775684,0.63,"Centric Diatoms",-0.826166994079043,-2.59026716544583,3.18944536581552,2.05333785900955,2.51460028652041,-2.04022082852655,13.5615004997354,0
"Aug-2017",2017,8,2017-08-01,"Confluence",0.0791666666666667,0.341666666666667,0.065,12.3744260066667,0.1450334,0.261945166666667,0.0675,22.1427350133912,0.521617888727926,19.2214414022108,8.35505747126437,2.82428571428571,7.52632153626157,1.2093023255814,619400,145650,798796,0.47,"Pennate Diatoms",-0.650819973083693,-2.53619994417555,2.95602639564228,2.51563192407935,1.03825548812721,-1.07391967607774,13.590860873,4
"Sep-2017",2017,9,2017-09-01,"Confluence",0.084,0.267,0.07,16.8127300036364,0.1389505,0.26,0.074,21.7198601664027,0.253678059595179,16.1028800111154,8.39625,2.304375,7.52128746645422,2.36170212765957,638000,96450,761652,0.273333333333333,"Centric Diatoms",-1.37168929780693,-2.47693848013882,2.77899813867079,2.82213633778217,0.834809490006272,-1.32050662058189,13.5432450374394,0
"Oct-2017",2017,10,2017-10-01,"Confluence",0.0909090909090909,0.251818181818182,0.0618181818181818,14.6302522733333,0.106554,0.290909090909091,0.0681818181818182,17.3779496867097,0.360424650692011,17.0719833876176,8.88191489361702,2.16392857142857,7.56684844474081,1.04347826086957,412800,85060,527101,0.772459016393443,"Pennate Diatoms",-1.02047235744047,-2.39789527279837,2.83743872148123,2.68309145844682,0.771925352781694,-1.37904795259912,13.1751474600147,4
"Nov-2017",2017,11,2017-11-01,"Confluence",0.116,0.417,0.071,14.7483492566667,0.153806555555556,0.31,0.075,15.3133812853322,0.889801515925985,14.2431451494486,8.83118279569893,1.53566666428248,7.49347546777664,1.125,410000,61390,519172,0.216666666666667,"Pennate Diatoms",-0.116756856941176,-2.15416508787577,2.65627574883281,2.69113116172064,0.428964595733129,-0.874669057183336,13.1599905137961,4
"Dec-2017",2017,12,2017-12-01,"Confluence",0.175,0.478333333333333,0.0808333333333333,15.4496731230769,0.2094894,0.433333333333333,0.0833333333333333,10.9567742034113,1.13909932245161,18.0575182382582,9.60489361702128,1.289132,7.61054430971917,1,447200,66670,535905,0.156666666666667,"Pennate Diatoms",0.130237882113276,-1.74296930505862,2.8935621209525,2.73758784603754,0.253969123679109,-0.737447439456525,13.1917121855383,4
"Jan-2018",2018,1,2018-01-01,"Confluence",0.189285714285714,0.456428571428571,0.0671428571428571,16.4454501771429,0.208333333333333,0.442857142857143,0.0735714285714286,10.5192510668773,0.974598352551862,18.8187192495211,9.89716129032258,1.41380952380952,7.50680627872907,1,563600,70230,660132,0.1,"Pennate Diatoms",-0.0257298389580487,-1.66449768961713,2.93485207921249,2.80004885397858,0.346287851052245,-0.784323061225815,13.4001950940053,4
"Feb-2018",2018,2,2018-02-01,"Confluence",0.139090909090909,0.55,0.07,18.5062721333333,0.355555555555556,0.445454545454545,0.0845454545454545,11.4766348208278,0.41824206067142,22.8554487061766,10.092479338843,2.06894736842105,7.46111989189539,1,378900,60060,457052,0.153333333333333,"Pennate Diatoms",-0.871694921551389,-1.97262753739403,3.12918954432678,2.91810970885939,0.727039960267329,-0.59783700075562,13.0325524489612,4
"Mar-2018",2018,3,2018-03-01,"Confluence",0.15625,0.489375,0.06875,15.4258057633333,0.264285714285714,0.4875,0.0775,12.2997759333784,0.391360704537016,23.0177586735198,10.4084426229508,3.39,7.65926847789731,1,823300,112590,1015191,0.15,"Pennate Diatoms",-0.938125626257496,-1.85629799036563,3.13626603424074,2.73604180592037,1.22082992139236,-0.714626212237069,13.8305873300948,4
"Apr-2018",2018,4,2018-04-01,"Confluence",0.0821428571428571,0.228571428571429,0.0514285714285714,14.652663072,0.1892395,0.342857142857143,0.0578571428571429,15.5917984990265,0.0791318284189948,22.3389599880629,9.2825,2.08333333333333,7.53205816387791,1,1065600,214350,1376252,0.27,"Cyanobacteria",-2.53664010310714,-2.4992953872401,3.10633223875537,2.68462209860186,0.733969175080201,-1.47590651980958,14.1348744202423,2
"May-2018",2018,5,2018-05-01,"Confluence",0.075,0.298571428571429,0.0678571428571429,13.9989764436364,0.245454545454545,0.385714285714286,0.0821428571428571,18.3318978449085,0.186040545982724,35.5270795155517,9.08253012048193,3.2895,7.85868654531359,1,335980,160610,548594,0.971351351351351,"Pennate Diatoms",-1.68179063987069,-2.59026716544583,3.57029520894981,2.63898421577368,1.19073557754392,-1.20874608307859,13.2151139204955,4
"Jun-2018",2018,6,2018-06-01,"Confluence",0.05831575,0.32,0.080625,13.4258009033333,0.225,0.36875,0.093125,21.2242427592077,0.567031551245923,24.5118831807462,8.07368932038835,2.4235,7.56223079178644,1.51111111111111,361900,44748,444915,0.746666666666667,"Cyanobacteria",-0.56734033086619,-2.84188306773688,3.19915802774829,2.59717829621946,0.885212776303294,-1.13943428318836,13.0056385316675,2
"Jul-2018",2018,7,2018-07-01,"Confluence",0.0633333333333333,0.329166666666667,0.0791666666666667,13.2040089938462,0.142558333333333,0.3,0.0883333333333333,22.3243678074154,0.627444004211299,18.5543334269563,8.18067226890756,4.55130434782609,7.70406752020644,2.53191489361702,475400,17437,520230,0.8760515604661,"Centric Diatoms",-0.466100848274651,-2.75934349548976,2.92070336969354,2.58052049513629,1.5154138617328,-1.11119107087497,13.1620263004607,0
"Aug-2018",2018,8,2018-08-01,"Confluence",0.0816666666666667,0.24675,0.07375,13.7267893046154,0.15371375,0.233416666666667,0.0825,21.4188098943542,0.876535767568429,17.0968026670707,7.99454545454545,3.30812206077576,7.69521976618337,2.27659574468085,572800,17097,614534,1.13,"Centric Diatoms",-0.131777768187693,-2.50510935710552,2.83889146749207,2.61934934717638,1.19638067514327,-1.39937960066855,13.3286195359938,0
"Sep-2018",2018,9,2018-09-01,"Confluence",0.0664375,0.2268125,0.0790625,15.6427530707692,0.142691,0.26775,0.0886875,20.2648364780244,0.907765469489677,10.5571223078299,8.12026548672566,1.80384615384615,7.71826035568302,2.03921568627451,506300,29999,568989,0.782623606512291,"Pennate Diatoms",-0.0967692272579304,-2.71149362287997,2.35680073241263,2.75000774716892,0.589921137430752,-1.48363159400885,13.2516163807599,4
"Oct-2018",2018,10,2018-10-01,"Confluence",0.0780588235294118,0.304764705882353,0.0821176470588235,14.8443719742857,0.0866022,0.257647058823529,0.0888235294117647,18.3097431192795,1.49247225212989,10.3588947447464,8.59385964912281,1.54119398039216,7.80569250910176,2.11320754716981,346190,58510,429305,1.09405405405405,"Centric Diatoms",0.40043397457403,-2.55029258870615,2.33784554627006,2.69762080178264,0.432557427969451,-1.18821525622356,12.9699229010118,0
"Nov-2018",2018,11,2018-11-01,"Confluence",0.139769230769231,0.456384615384615,0.0841538461538461,13.9888888888889,0.109777909090909,0.315384615384615,0.0872307692307692,14.9940123822276,2.2200970802458,8.22140002292038,9.05262711864407,1.4248275862069,7.54991209442712,1.34782608695652,288350,46920,351700,0.61,"Pennate Diatoms",0.797550924768515,-1.9677625680475,2.10674051365551,2.63826336371408,0.354050814264964,-0.78441937018503,12.7705338184621,4
"Dec-2018",2018,12,2018-12-01,"Confluence",0.1701875,0.5415625,0.08125,15.2430834523077,0.265714285714286,0.4170625,0.0900625,11.4030883746515,1.44213826713785,13.6332716136596,9.06165289256198,0.902777777777778,7.6978376732527,1,467900,42930,527161,0.48,"Pennate Diatoms",0.366126919937209,-1.77085450854816,2.61251324725496,2.72412585606021,-0.102278849120418,-0.613296799072212,13.1752612837133,4
"Jan-2019",2019,1,2019-01-01,"Confluence",0.2193,1.1107,0.0813,18.2555555555556,0.38875,0.5495,0.1032,9.81293303746804,0.664847950839074,39.1750476006624,9.46216216216216,1.46333333333333,7.56770414800466,1,978900,47450,1133577,0.276666666666667,"Pennate Diatoms",-0.408196909824393,-1.51731462355829,3.66804000331888,2.904469447707,0.38071693841897,0.104990447190937,13.9408886778091,4
"Feb-2019",2019,2,2019-02-01,"Confluence",0.102625,0.449625,0.0695,16.54502502,0.288571428571429,0.52775,0.105875,9.67564371370253,0.0856293098990449,60.8957895325473,9.77785714285714,1.879375,7.49192870443753,1,1548100,242320,2407685,0.283333333333333,"Cyanobacteria",-2.4577276490791,-2.27667371120954,4.10916403492916,2.80608545361178,0.630939274760656,-0.799341376966349,14.6941762629005,2
"Mar-2019",2019,3,2019-03-01,"Confluence",0.046464,0.288545454545455,0.0622726818181818,17.299306128,0.181935923076923,0.332318181818182,0.0785,12.2061076786581,0.0844121959275135,49.9867027940874,9.66368421052632,4.398,7.57159180371632,1,2167400,496300,3939117,0.433333333333333,"Centric Diatoms",-2.47204338630874,-3.06907745977981,3.91175702594049,2.85066639249129,1.48114989213257,-1.24290265069415,15.1864671444822,0
"Apr-2019",2019,4,2019-04-01,"Confluence",0.0390611666666667,0.164904761904762,0.048930619047619,16.118041848,0.160082363636364,0.301714285714286,0.0711904761904762,15.5825408973344,0.0772208610109029,19.0603759878952,9.4663,1.84723404255319,7.67598471798461,1,1910100,356310,2709344,0.8,"Pennate Diatoms",-2.56108563810587,-3.24262648540141,2.94761162457374,2.77993925625085,0.613689408161389,-1.80238717230314,14.8122170971324,4
"May-2019",2019,5,2019-05-01,"Confluence",0.0601896666666667,0.145333333333333,0.0380356666666667,13.375574336,0.133629181818182,0.272666666666667,0.0590833333333333,17.0183505975802,0.0653188976194679,14.951846218014,9.24364583333333,1.32702702702703,7.76006551089126,1,1131600,342950,1616351,0.772857142857143,"Centric Diatoms",-2.7284738876379,-2.81025459145629,2.70483478505583,2.59343023286948,0.28294112215625,-1.92872532430121,14.2956816974483,0
"Jun-2019",2019,6,2019-06-01,"Confluence",0.0283679166666667,0.137583333333333,0.0499046666666667,13.450566552,0.214545454545455,0.2855,0.0599,20.6415058957633,0.0614744355558472,14.7030666437816,8.53226804123711,1.17346337037037,7.6563558742889,1,896400,373310,1391814,1.17,"Centric Diatoms",-2.78913387260813,-3.56249646723685,2.6880560872508,2.59902122798599,0.159959521821237,-1.98352548485001,14.1461184902588,0
"Jul-2019",2019,7,2019-07-01,"Confluence",0.0524742222222222,0.224777777777778,0.0596666666666667,13.6597618690909,0.105698875,0.243111111111111,0.0751111111111111,22.2446041845787,0.417801748111267,20.2464942548061,8.13875,1.86268292682927,7.4184563409945,1,558700,104510,716905,1.64931132064244,"Pennate Diatoms",-0.8727482457821,-2.94743323525813,3.00798165534554,2.61445442127407,0.622017882195985,-1.49264301915061,13.4826986142901,4
"Aug-2019",2019,8,2019-08-01,"Confluence",0.0634416666666667,0.20425,0.0659166666666667,13.8437736215385,0.111925833333333,0.24675,0.0670833333333333,22.9016625650758,0.634136504146354,12.8192413324535,7.93188524590164,1.923683,7.57674948344552,1.72972972972973,640200,100580,773858,1.96333333333333,"Centric Diatoms",-0.455491041495437,-2.75763443045797,2.55094727130564,2.62783557354019,0.654241577754183,-1.58841054524202,13.5591436732083,0
"Sep-2019",2019,9,2019-09-01,"Confluence",0.0593849230769231,0.178857076923077,0.0655491538461538,14.9066229636364,0.188251384615385,0.335461538461538,0.0727692307692308,21.253041424685,0.326836979306973,17.277171099604,8.03042016806723,1.25828739473684,7.75780478948875,1.83333333333333,626100,87620,751408,1.07192400553544,"Centric Diatoms",-1.11829376662383,-2.82371490508517,2.84938604046039,2.70180560839691,0.229751585872563,-1.72116824501842,13.529704058858,0
"Oct-2019",2019,10,2019-10-01,"Confluence",0.114239133333333,0.183372,0.0715170769230769,14.63162766,0.148537266666667,0.205824333333333,0.0664009333333333,17.4481551296882,0.391745920367211,14.1950632882637,8.96264705882353,1.17106382978723,7.81560308600317,1.48648648648649,442700,82910,554134,1.03428571428571,"Pennate Diatoms",-0.93714181166823,-2.16946136678752,2.65289424840487,2.68318546379923,0.15791259191503,-1.69623840257102,13.2251618137382,4
"Nov-2019",2019,11,2019-11-01,"Confluence",0.119059,0.3227046,0.0647803,13.6329131166667,0.205,0.277332272727273,0.0665454545454545,14.3874838684782,1.41601024551401,13.7395713742449,9.58169642857143,1.14764705882353,7.65533849734133,1.11904761904762,318630,51640,386547,0.816666666666667,"Pennate Diatoms",0.347843230777841,-2.12813611041866,2.62028009083781,2.61248695116723,0.137713810578804,-1.13101792530007,12.8650087437561,4
"Dec-2019",2019,12,2019-12-01,"Confluence",0.187949588235294,0.332423411764706,0.0633987058823529,15.2974660228571,0.288333333333333,0.417588235294118,0.0530957647058823,10.9830909227496,1.77328902500986,20.3369473517493,9.53117647058824,0.947142857142857,7.59330932793106,1,601700,112470,739191,1.01,"Pennate Diatoms",0.572836028476597,-1.67158149979481,3.01243929832219,2.72768719526088,-0.0543053448575421,-1.10134578597596,13.5133116239108,4
"Jan-2020",2020,1,2020-01-01,"Confluence",0.097062,0.456,0.0635,17.8077888133333,0.3,0.363,0.036088,9.71732626431936,1.41325226421561,16.1340462603425,10.5850381679389,1.47411870588235,7.69566621591273,1,510200,70040,600594,NA,"Centric Diatoms",0.345893618705793,-2.33240532940653,2.78093171376879,2.87963593537332,0.388060323687585,-0.785262469467751,13.3056744444715,0
"Feb-2020",2020,2,2020-02-01,"Confluence",0.140864909090909,0.408,0.0575625,18.7582221815385,NA,0.383375,0.1049230625,11.2245978770577,0.970946229668812,24.2155554950444,10.6584848484848,2.4247619047619,7.67533547888439,1,394000,65520,476200,NA,"Pennate Diatoms",-0.0294841884663446,-1.95995393942089,3.18699521571366,2.93163217264494,0.885733335965783,-0.896488104577975,13.0735932130349,4
"Mar-2020",2020,3,2020-03-01,"Confluence",0.120676571428571,0.358130083333333,0.06375,17.6666666666667,0.27,0.344330291666667,0.080541625,13.705336602142,1.2685725496494,18.5972020903315,9.58007462686567,3.29,7.80151183664489,1,374100,65560,466329,NA,"Pennate Diatoms",0.237892291681006,-2.11464127553096,2.92301114415315,2.87167962488401,1.19088756477728,-1.02685899731486,13.0526466725847,4
"Jun-2020",2020,6,2020-06-01,"Confluence",0.0403107692307692,0.430461538461538,0.0831538461538461,13.92,0.198461538461538,0.353846153846154,0.0965384615384615,21.8504549905147,1.12054991394592,16.0031351418525,7.93671428571429,1.413,7.72694301943554,2.2258064516129,368700,45392,426168,NA,"Pennate Diatoms",0.113819559403174,-3.2111366191582,2.77278464941058,2.63332665490627,0.34571510370239,-0.842897300658302,12.9625889137068,4
"Jul-2020",2020,7,2020-07-01,"Confluence",0.046523,0.227416666666667,0.0699166666666667,13.97,0.1531845,0.28125,0.078,22.2452150722454,1.21404602543096,11.141360971005,8.09424,2.36552631578947,7.66894878874036,2.42222222222222,427800,29377,467534,0.152873026817142,"Centric Diatoms",0.193958604135262,-3.06780846501887,2.41066439678613,2.63691217326887,0.861000540858922,-1.4809714080618,13.0552273523391,0
"Aug-2020",2020,8,2020-08-01,"Confluence",0.0349187692307692,0.134484307692308,0.0616978461538462,12.9,0.167692307692308,0.275461538461538,0.0749230769230769,23.0249291832848,0.992707086416779,8.689207922114,7.91293333333333,2.51054054054054,7.73410601815717,2.54285714285714,421700,13978,444713,NA,"Centric Diatoms",-0.00731963688390678,-3.35473079402794,2.16208178691983,2.55722731136763,0.920498084755205,-2.00630775817954,13.0051844092624,0
"Sep-2020",2020,9,2020-09-01,"Confluence",0.0579782,0.209,0.0797,14.24,0.1683638,0.3,0.1666,21.2427391000171,1.88170520625249,9.83476188183194,8.16946808510638,2.60829268292683,7.84742502537295,2.38095238095238,349200,17338,374211,0.0892429132478902,"Pennate Diatoms",0.632178390345997,-2.84768820115854,2.28592324024461,2.65605490598383,0.958695862816278,-1.56542102701733,12.832575088435,4
"Oct-2020",2020,10,2020-10-01,"Confluence",0.0291146666666667,0.241266666666667,0.0761170666666667,14.1909090909091,0.238666666666667,0.261466666666667,0.1,19.9292727077825,2.75108437771755,9.85384143958567,8.05469696969697,2.06241327083333,7.82526982301903,1.75555555555556,266270,35885,311044,NA,"Pennate Diatoms",1.01199515312513,-3.53651322261085,2.28786137302272,2.65260155472302,0.723876787837501,-1.4218524565206,12.6476896602538,4
"Nov-2020",2020,11,2020-11-01,"Confluence",0.0650055454545455,0.283,0.079,13.7,0.135653909090909,0.251181818181818,0.0854545454545455,14.5968275873284,3.00566518672167,13.7961728238986,9.03338461538462,1.58756313636364,7.80161995862206,1.33333333333333,253630,31642,295826,NA,"Pennate Diatoms",1.1004989034646,-2.73328269804028,2.62439122209809,2.61739583283408,0.462200221931591,-1.2623083813389,12.597526722624,4
"Dec-2020",2020,12,2020-12-01,"Confluence",0.09875,0.34,0.077,13.65,0.11658025,0.27025,0.081,10.8808139786194,2.79069755264832,13.8645968128292,9.76976190476191,1.65875,7.77087002331501,1.10810810810811,272160,28598,311105,NA,"Pennate Diatoms",1.02629158345413,-2.31516387520091,2.6293385991519,2.61373952163097,0.50606430666428,-1.07880966137193,12.6478857547591,4
"Mar-2021",2021,3,2021-03-01,"Confluence",0.102416666666667,0.559666666666667,0.08575,18.9454545454545,0.2725,0.445583333333333,0.0900833333333333,12.6594455728996,1.35862277552276,23.6496295177478,9.91837398373984,3.618,7.8389206765962,1,293170,30636,337979,NA,"Centric Diatoms",0.306471521599488,-2.2787058192041,3.16334744960373,2.94156403708084,1.2859213869731,-0.580413910572706,12.7307390423575,0
"Apr-2021",2021,4,2021-04-01,"Confluence",0.0689025384615385,0.416538461538462,0.0799230769230769,15.98,0.246923076923077,0.448692307692308,0.0943846153846154,16.23604344975,1.66749378965319,28.9925772378327,9.4675,4.27978260869565,7.86210819175519,1,235860,36305,288575,NA,"Pennate Diatoms",0.511321774454791,-2.67506225894833,3.3670398399077,2.77133794033813,1.4539022159429,-0.875776477008583,12.5727102964831,4
"May-2021",2021,5,2021-05-01,"Confluence",0.0506785833333333,0.326666666666667,0.087,13.2727272727273,0.171666666666667,0.289416666666667,0.0908333333333333,18.8264999584635,2.48547963959177,22.6848503218268,8.6618320610687,2.45745098039216,7.82922011967325,1.07692307692308,220860,26626,263070,NA,"Pennate Diatoms",0.910465654844032,-2.98225187709011,3.12169731498205,2.58571134890997,0.899124625899105,-1.11881499598563,12.4801754354415,4
"Jun-2021",2021,6,2021-06-01,"Confluence",0.04024,0.280833333333333,0.09075,13.4727272727273,0.160348916666667,0.2265,0.0931666666666667,20.9816087104163,3.61964522849703,16.9042564330426,8.29045112781955,1.94574468085106,7.85816722613171,1.30769230769231,197950,32162,238953,NA,"Centric Diatoms",1.28637601785744,-3.21289375319065,2.82756545016098,2.60066744006362,0.665644773126816,-1.26999390542373,12.3840221588553,0
"Jul-2021",2021,7,2021-07-01,"Confluence",0.0272315,0.0983201666666667,0.0806666666666667,11.6172727272727,0.184166666666667,0.233916666666667,0.0915833333333333,22.0158564220316,3.05108374215301,16.5106044780087,8.15288888888889,2.89408163265306,7.92992857309802,2.87179487179487,231100,38330,278349,0.225447870265723,"Cyanobacteria",1.1154968528023,-3.60338088751179,2.80400287010303,2.45249301882224,1.06266783536263,-2.31952611858069,12.536631001006,2
"Aug-2021",2021,8,2021-08-01,"Confluence",0.0266088421052632,0.0802571052631579,0.0782105263157895,11.9554545454545,0.180526315789474,0.265315789473684,0.0792105263157895,21.6607962963689,2.67512711690865,19.8384666679327,8.34317073170732,3.1986,7.94842989838713,2.5,234640,28073,270556,NA,"Centric Diatoms",0.983996899558597,-3.62651170845814,2.98762281398767,2.4811876215555,1.16271321407463,-2.5225199817866,12.5082343798717,0
"Sep-2021",2021,9,2021-09-01,"Confluence",0.0259628571428571,0.101357142857143,0.0777857142857143,12.7198650428571,0.195714285714286,0.213714285714286,0.0710714285714286,21.5425496875336,2.59536121624584,12.410580654748,8.3331746031746,1.7472,7.83385774802987,1.97777777777778,228240,11653,246664,0.296328438834814,"Cryptophytes",0.953725703942729,-3.65108833377025,2.51854938738446,2.54316494801742,0.558014506568449,-2.28910493143735,12.415782365643,1
"Oct-2021",2021,10,2021-10-01,"Confluence",0.0253754,0.147733333333333,0.0671490666666667,12.884356,0.151575466666667,0.2098,0.0713333333333333,17.5577542530085,3.23788674995979,12.8261635169057,8.62684615384615,1.51942307692308,7.78468767748977,1.24444444444444,363980,25388,416703,NA,"Centric Diatoms",1.17492087933798,-3.67397507819763,2.55148710950754,2.55601386225766,0.418330708153215,-1.91234643221717,12.9401290168087,0
"Nov-2021",2021,11,2021-11-01,"Confluence",0.0885,0.509,0.0780099166666667,16.04761992,0.341666666666667,0.46125,0.10475,15.5743888876979,2.09051358849252,21.2930821266254,7.8757264957265,1.48816730232558,7.39466060062704,1.02272727272727,258180,22208,293048,NA,"Pennate Diatoms",0.737409771909365,-2.42475272696825,3.05838223717449,2.77556054699095,0.397545364449221,-0.675307262431614,12.5880916971074,4
"Dec-2021",2021,12,2021-12-01,"Confluence",0.0995135,0.5225,0.0808,16.6633169938462,0.219,0.3643,0.0974,11.3399504950264,2.79193026436049,28.9358601976074,9.54865079365079,1.34731886666667,7.7019922308723,1,554030,31130,638445,NA,"Centric Diatoms",1.02673320763995,-2.30746196562911,3.36508166320349,2.81320971619154,0.298116592996892,-0.649130295143171,13.3667908113553,0
"Jan-2022",2022,1,2022-01-01,"Confluence",0.0639362,0.7001,0.0717,18.7703009633333,0.499,0.5371,0.0938,9.46185185889179,0.639510778357585,30.4934482740326,9.96273504273504,0.895205555555556,7.47206535510442,1,528100,33884,585080,NA,"Pennate Diatoms",-0.447051803754085,-2.74986956783281,3.41751184985079,2.93227588474442,-0.110701916065837,-0.356532096998985,13.279503869001,4
"Feb-2022",2022,2,2022-02-01,"Confluence",0.0558115454545455,0.438090909090909,0.0579676363636364,17.8534564523077,0.217272727272727,0.299727272727273,0.0673636363636364,10.8312888963093,1.11777565190591,23.2809999658072,10.2694214876033,1.33001505263158,7.66656376034794,1,341400,37539,395671,NA,"Pennate Diatoms",0.111340685460121,-2.88577452320978,3.14763757579844,2.88219712826482,0.285190259937722,-0.825328835140175,12.8883383368435,4
"Mar-2022",2022,3,2022-03-01,"Confluence",0.0173526,0.2866,0.0421848,14.7114658133333,0.248,0.2822,0.0556,13.8514951623044,0.914471147850921,22.640315755333,9.9677037037037,4.60947368421053,8.00820255178113,1,325390,29944,369805,NA,"Pennate Diatoms",-0.0894093612925242,-4.05401292790876,3.11973220002805,2.68862717705427,1.52811368220681,-1.24966776358807,12.8207311186658,4
"Apr-2022",2022,4,2022-04-01,"Confluence",0.04678,0.236736842105263,0.0706315789473684,12.7983249371429,0.203157894736842,0.307789473684211,0.0915263157894737,16.3136138585789,1.55017991266578,28.8749461958952,9.25163265306122,4.37433333333333,7.72243506394896,1,246940,28322,304353,NA,"Pennate Diatoms",0.438370996882845,-3.0622995178261,3.3629743054946,2.54931429807638,1.47575412724604,-1.44080612562932,12.6259434909459,4
"May-2022",2022,5,2022-05-01,"Confluence",0.04300975,0.240916666666667,0.0725833333333333,12.9670394485714,0.1775,0.271916666666667,0.07925,18.0478546180629,2.37120914744613,28.0929384328051,8.74833333333333,1.75272727272727,7.90009482597493,1,222180,22158,266068,NA,"Centric Diatoms",0.863400013840821,-3.14632844480511,3.33551824343457,2.56241071079019,0.561173016384029,-1.42330418675379,12.4915071941915,0
"Jun-2022",2022,6,2022-06-01,"Confluence",0.0273715,0.17975,0.0675,11.8623353771429,0.16,0.2105,0.0710833333333333,21.815361118155,2.73257140023315,13.4777499972168,8.18294117647059,1.74863636363636,7.91720320970901,1.38461538461538,266000,20927,299507,NA,"Cryptophytes",1.00524307073016,-3.59825295290075,2.60104017739939,2.47336828625432,0.558836263405888,-1.71618828238098,12.6098930685517,1
"Jul-2022",2022,7,2022-07-01,"Confluence",0.0313984166666667,0.0854166666666667,0.06375,10.7955431371429,0.1625,0.212,0.0935,22.3231125237408,2.00849232988081,14.662620661573,8.23479338842975,1.71181818181818,7.9813512851239,2.02564102564103,375300,7859,395272,NA,"Pennate Diatoms",0.697384355980338,-3.46099781196774,2.68530144320902,2.37913337647068,0.537556069870691,-2.46021403719763,12.8873294144968,4
"Aug-2022",2022,8,2022-08-01,"Confluence",0.0271166470588235,0.0899807647058824,0.0553978235294118,10.7311470342857,0.136772352941176,0.198352941176471,0.0751176470588235,22.1649275343819,2.73745351996541,19.0923037084839,8.11633136094675,1.64,7.82514804368797,2.02631578947368,307420,6072,324786,NA,"Pennate Diatoms",1.00702811599041,-3.6076074570774,2.94928530664775,2.37315045067627,0.494696241836107,-2.40815935698462,12.6909217828924,4
"Sep-2022",2022,9,2022-09-01,"Confluence",0.0153693636363636,0.133454545454545,0.0658181818181818,11.4773399633333,0.109981909090909,0.157545454545455,0.0744545454545455,22.0445944147909,3.02207806151096,13.1835366437318,7.82852941176471,1.59533333333333,7.77955667615255,1.3953488372093,262580,8272,281821,NA,"Centric Diatoms",1.10594469459269,-4.17537912525794,2.57896882720149,2.44037465353136,0.467082700818072,-2.01399434260605,12.549027396607,0
"Oct-2022",2022,10,2022-10-01,"Confluence",0.0247465882352941,0.134190352941176,0.0592129411764706,11.6307168314286,0.122534294117647,0.161735588235294,0.067,19.1554010664784,3.17253305736731,13.2135465223477,8.44936170212766,2.08212765957447,7.89979725407358,1.59090909090909,212230,26143,243054,NA,"Centric Diatoms",1.15453034052605,-3.69906764854852,2.58124255504907,2.45364960103943,0.733390284150919,-2.00849594271268,12.4010389198572,0
"Nov-2022",2022,11,2022-11-01,"Confluence",0.04972,0.209333333333333,0.0645833333333333,12.3614523085714,0.0815993333333333,0.185583333333333,0.0745833333333333,13.7686875000077,3.12585686299856,17.241136417754,9.4822972972973,1.14627118644068,7.71049098360537,1.11111111111111,205380,20094,229923,NA,"Centric Diatoms",1.13970844176301,-3.00134801233963,2.84729818056621,2.51458294582036,0.136514227681129,-1.56382740118205,12.3454997492444,0
"Dec-2022",2022,12,2022-12-01,"Confluence",0.0628395454545455,0.366818181818182,0.0642727272727273,14.9090909090909,0.166363636363636,0.293363636363636,0.0839090909090909,9.92060795995003,2.77702881912961,17.0207785011962,10.0737142857143,1.16571428571429,7.65284601123268,1,362750,36333,471991,NA,"Pennate Diatoms",1.02138158606325,-2.76717069899858,2.83443486247497,2.70197115502583,0.153334019920702,-1.00288897107646,13.0647151965893,4
"Jan-2023",2023,1,2023-01-01,"Confluence",0.0817561428571429,0.811571428571429,0.102714285714286,18.070263,0.598571428571429,0.758428571428571,0.208142857142857,9.52144643595833,0.0878484191288284,113.623961077333,9.82039603960396,1.44444444444444,7.17816053043783,1,1899500,396890,2959659,NA,"Pennate Diatoms",-2.43214245962957,-2.50401433004439,4.73289440902203,2.89426765900846,0.367724780125317,-0.208782875480323,14.9005846169612,4
"Feb-2023",2023,2,2023-02-01,"Confluence",0.0627798888888889,0.691555555555556,0.0784444444444444,19.59599604,0.312222222222222,0.426777777777778,0.105888888888889,9.22905489314186,0.240474881946087,38.5572297611951,10.5457547169811,1.70375,7.3798848809173,1,538700,131610,712554,NA,"Centric Diatoms",-1.42513963586327,-2.76812049741875,3.6521436248689,2.97532526169425,0.532831704028605,-0.368811790460129,13.4766109777268,0
"Mar-2023",2023,3,2023-03-01,"Confluence",0.0307515714285714,0.367285714285714,0.0528681428571429,13.548942,0.292857142857143,0.355571428571429,0.0895714285714286,10.3860048687613,0.0936754707392941,39.7839673196878,10.6462595419847,3.61888888888889,7.4665092698474,1,1810900,732590,3154313,NA,"Centric Diatoms",-2.36791890907568,-3.48181418266717,3.6834639999685,2.6063084630964,1.28616704195192,-1.00161522077156,14.9642812806428,0
"Apr-2023",2023,4,2023-04-01,"Confluence",0.0191011,0.2566,0.0454032,13.39933284,0.1645938,0.2356,0.0719,14.2108558263598,0.0784007240264101,22.3458462236721,9.8919375,4.24555555555556,7.36988488091731,1,1369000,853200,2329955,NA,"Centric Diatoms",-2.54592211663768,-3.95800935396485,3.10664045249725,2.5952049176577,1.44587268412259,-1.3602368268006,14.6613595120507,0
"May-2023",2023,5,2023-05-01,"Confluence",0.0160713,0.1373654,0.0550674,12.70035564,0.176,0.2692,0.0718,17.0053818389403,0.0535473664917107,14.8331333114643,9.338,2.9425,7.45,1,1439100,763000,2256654,NA,"Centric Diatoms",-2.92718866179048,-4.13072020642498,2.69686341579278,2.54162999622207,1.07925956015229,-1.98511075041084,14.6293937432061,0
"Jun-2023",2023,6,2023-06-01,"Confluence",0.020622,0.117125,0.054701,13.39933284,0.16125,0.2015,0.06125,19.3616136665826,0.0538293530916282,13.9743312119591,8.52766355140187,2.884,7.58,1,767000,581780,1372292,NA,"Pennate Diatoms",-2.92193636409939,-3.88139681188639,2.63722216186447,2.5952049176577,1.0591782194227,-2.14451353842355,14.1319928926116,4
"Jul-2023",2023,7,2023-07-01,"Confluence",0.0247233,0.1131,0.0520449,13.14257388,0.15,0.2171,0.0615,22.1226099560805,0.387401398083637,15.5303200446978,8.24047619047619,3.33818181818182,7.64988488091731,1,439200,190700,643630,NA,"Centric Diatoms",-0.948293919126654,-3.7000091601567,2.74279424510651,2.57585687515277,1.20542629295392,-2.17948289586006,13.374879305817,0
"Aug-2023",2023,8,2023-08-01,"Confluence",0.030547,0.0774465333333333,0.0538710666666667,15.65268312,0.110532,0.199866666666667,0.0568,23.2411666366667,0.612336691536739,11.6545918472371,7.85289855072464,2.601,7.74202024601141,1.03571428571429,537500,107040,655194,NA,"Pennate Diatoms",-0.49047299817677,-3.4884887978591,2.45570025233244,2.7506423476585,0.955895986466515,-2.55816747318127,13.3926866539699,4
"Sep-2023",2023,9,2023-09-01,"Confluence",0.0299050833333333,0.1235,0.05893725,12.3011976,0.148364916666667,0.196666666666667,0.0653333333333333,21.0621606144847,0.50296479341725,15.5914876373846,8.29387096774193,2.57071428571429,7.86438292494113,1.08823529411765,547900,56420,613595,NA,"Pennate Diatoms",-0.6872351045383,-3.50972680188748,2.74672510105634,2.50969662349228,0.944183792475681,-2.09151412291411,13.327090380371,4
"Oct-2023",2023,10,2023-10-01,"Confluence",0.0318987142857143,0.1366225,0.0502121428571429,11.2527318,0.124440642857143,0.177571428571429,0.0539285714285714,19.0746301813738,0.832626727365588,14.0396850002129,8.55745098039216,2.3625,7.5945951332275,1.08823529411765,371870,77050,478832,NA,"Pennate Diatoms",-0.183169843648828,-3.44518957452665,2.64188796246371,2.42061092583947,0.859720380385761,-1.99053363091451,13.0791050841837,4
"Nov-2023",2023,11,2023-11-01,"Confluence",0.035867,0.202,0.0691111111111111,12.76444524,0.0849935555555556,0.181555555555556,0.0686666666666667,15.2528592846688,1.61232512697348,12.2895833166763,9.09391304347826,2.55,7.21,1.03030303030303,249470,47640,316995,NA,"Pennate Diatoms",0.477677315418296,-3.32793762628545,2.50875201874576,2.5466635902896,0.936093359170335,-1.59948758158093,12.6666412798644,4
"Dec-2023",2023,12,2023-12-01,"Confluence",0.0603315454545455,0.281909090909091,0.066,14.11252992,0.0835606363636364,0.2,0.0645454545454545,11.6687521319243,3.55601255715774,10.5879166369401,9.59795454545455,2.09444444444444,7.54015384138658,1.03030303030303,397260,40430,460735,NA,"Centric Diatoms",1.26863984890463,-2.80790017017357,2.35971341098101,2.64706304957982,0.7392883365578,-1.26617063268006,13.0405783193863,0
"Jan-2024",2024,1,2024-01-01,"Confluence",0.0634469,0.3848,0.063,16.0734714,0.196,0.3212,0.0689,10.5534666286071,1.18069143856429,28.0701387192607,9.77086956521739,1.30888888888889,7.40858739286964,1,826800,72550,962832,NA,"Pennate Diatoms",0.166100231752181,-2.75755194338331,3.33470633226613,2.77717017384479,0.269178600887221,-0.955031560190586,13.7776342207326,4
"Feb-2024",2024,2,2024-02-01,"Confluence",0.04416,0.4035,0.070625,17.98454316,0.232886375,0.36425,0.09325,11.6924444814399,0.195216477682529,52.5772307987196,8.43452380952381,1.28888888888889,7.40267279241533,1,1692100,207790,2406632,NA,"Pennate Diatoms",-1.63364619420862,-3.1199358770133,3.96228315147737,2.88951267565733,0.2537805207761,-0.907578791272133,14.693738817665,4
"Mar-2024",2024,3,2024-03-01,"Confluence",0.020232,0.193857142857143,0.0349188571428571,17.78506428,0.157571428571429,0.215285714285714,0.0612857142857143,12.8095047475196,0.0845047780214822,21.5621781324283,9.92583333333333,2.97142857142857,7.9,1,1600100,202900,2075675,NA,"Centric Diatoms",-2.47094720158467,-3.90048976961447,3.07094076748843,2.87835901967559,1.08904283765196,-1.64063376820258,14.5457969599528,0
"Apr-2024",2024,4,2024-04-01,"Confluence",0.031928375,0.17925,0.036160875,15.27455448,0.129533375,0.195,0.055875,15.6293978990141,0.0857979988157709,16.7380219582846,9.27561403508772,1.984,7.57,1,996000,158840,1251136,NA,"Centric Diatoms",-2.45575959658574,-3.44426016612803,2.81768289549204,2.72618833802019,0.685115008862681,-1.71897379950241,14.0395624965698,0
"May-2024",2024,5,2024-05-01,"Confluence",0.0231204285714286,0.141142857142857,0.04554,13.92006084,0.139625714285714,0.176571428571429,0.0571428571428571,18.497048687787,0.0860640482415672,17.8432051575634,9.00229166666667,2.32266666666667,7.56371957882947,1,706600,192410,962806,NA,"Centric Diatoms",-2.45266351292009,-3.76703869852327,2.8816227723131,2.63333102558638,0.842715950882092,-1.95798273028958,13.7776072166955,0
"Jun-2024",2024,6,2024-06-01,"Confluence",0.023872,0.122625,0.065,13.5349224,0.157625,0.194875,0.071875,21.6209254914268,0.520288755797196,22.9373334759366,8.15210526315789,2.242,7.83242876393764,1,431400,83710,548616,NA,"Centric Diatoms",-0.653371321918447,-3.73504905496079,3.13276586588377,2.60527318976575,0.807368324649968,-2.09862436109661,13.215154022208,0
"Sep-2013",2013,9,2013-09-01,"North",0.117024741935484,0.2571875,0.149375,20.2,0.518181818181818,0.484375,0.1765625,21.463661765878,0.305372336431192,23.07300000002,7.89375,3.72636350198225,7.79586399460605,1,404400,25472,444467,NA,"Pennate Diatoms",-1.18622347173063,-2.14536989700686,3.13866310274389,3.00568260440716,1.31543282565554,-1.35794988811075,13.0046310904602,4
"Oct-2013",2013,10,2013-10-01,"North",0.20551724137931,0.194,0.087,7.2,0.266666666666667,0.5,0.100666666666667,17.2381690301408,0.192673556506132,42.838548391871,9.23557692307692,1.27,7.87557778017999,1,247220,44621,304281,NA,"Pennate Diatoms",-1.64675793920481,-1.58222534890922,3.75743836059535,1.97408102602201,0.2390169004705,-1.63989711991881,12.6257068955525,4
"Nov-2013",2013,11,2013-11-01,"North",0.244583333333333,0.27,0.0770833333333333,20,0.2,0.595833333333333,0.118333333333333,13.2618749312549,0.201287078364169,37.0730645072097,9.55961538461538,3.53363627260381,7.80101688829242,1,263500,32614,306404,NA,"Pennate Diatoms",-1.60302313933477,-1.40819919650794,3.61289068186585,2.99573227355399,1.26232744630404,-1.30933331998376,12.6326597715936,4
"Dec-2013",2013,12,2013-12-01,"North",0.298851583333333,0.4,0.0975,21.6,0.333333333333333,0.670833333333333,0.135,7.3766216267973,0.254445044086617,21.0634375035938,11.8275925925926,2.27,8.00620587328352,1,254350,28997,293355,NA,"Cryptophytes",-1.36867040310055,-1.2078082056388,3.04753871767839,3.07269331469012,0.819779831493311,-0.916290731874155,12.5891387586949,1
"Jan-2014",2014,1,2014-01-01,"North",0.293293333333333,0.40438275,0.0891892916666667,20.2,0.6,0.745833333333333,0.132083333333333,9.48405936573958,0.349699020059775,25.9837500071329,10.6973076923077,7.31181793039495,7.82240762073543,NA,196200,24462,233755,NA,"Pennate Diatoms",-1.05068243714786,-1.22658203311272,3.25747134290208,3.00568260440716,1.98949193373174,-0.905393448531955,12.3620288372965,4
"Feb-2014",2014,2,2014-02-01,"North",0.261666666666667,0.54,0.164166666666667,21.8,0.5,0.975,0.251666666666667,12.2056989410408,0.344299746824792,42.0928394929395,8.78645569620253,6.51,7.64539463780015,NA,300630,23013,342333,NA,"Pennate Diatoms",-1.06624264397109,-1.34068384986784,3.73987764291943,3.08190996979504,1.87333945622048,-0.616186139423817,12.7435392265323,4
"Mar-2014",2014,3,2014-03-01,"North",0.194347826086957,0.620869565217391,0.137391304347826,20.9,0.733333333333333,0.969565217391304,0.294347826086957,15.1470587429282,0.351961722879666,41.4350000045735,8.51069444444444,4.2609089977091,8.17821178187238,NA,458020,26263,504119,NA,"Pennate Diatoms",-1.04423285111599,-1.63810580730367,3.72412593441138,3.03974915897077,1.44948251726298,-0.476634259017711,13.1305676302948,4
"Apr-2014",2014,4,2014-04-01,"North",0.213928571428571,0.442857142857143,0.143571428571429,20.6,0.666666666666667,0.8,0.214642857142857,17.8598460767058,0.32257749225947,31.6375238735557,8.05898876404494,3.70272715568543,8.14827813235065,NA,289100,53362,365255,NA,"Pennate Diatoms",-1.13141188553451,-1.54211309804785,3.45434388046774,3.02529107579554,1.30906961725232,-0.814508037564213,12.8083510187732,4
"May-2014",2014,5,2014-05-01,"North",0.295925925925926,0.413222888888889,0.124814814814815,16.1,0.466666666666667,0.785185185185185,0.188518518518519,21.1093457387764,0.256658541164204,56.5706896644997,8.27125,4.12090896303003,7.90627401588846,NA,178240,47566,254124,3.57571428571429,"Cyanobacteria",-1.36000871110544,-1.21764610622615,4.03549100062775,2.77881927199042,1.41607376112263,-0.883768149057669,12.4455776158516,2
"Jun-2014",2014,6,2014-06-01,"North",0.182592592592593,0.334580444444444,0.103333333333333,17.1,0.433333333333333,0.704,0.17,22.7426212081168,0.193892272483459,60.9843373608667,8.32301587301587,4.12818167296323,7.73753894148292,1,267000,9760,306854,NA,"Pennate Diatoms",-1.64045257063002,-1.70049787794973,4.11061706662769,2.83907846350861,1.41783703713412,-1.09487793671464,12.6341273434175,4
"Jul-2014",2014,7,2014-07-01,"North",0.159259259259259,0.192592592592593,0.09,18.4,0.35,0.622222222222222,0.15037037037037,23.8590908777461,0.207025658741978,35.1352941187887,7.18695652173913,4.12090893268585,7.70663661243571,1.6551724137931,283470,8718,321337,NA,"Pennate Diatoms",-1.57491253812333,-1.83722184330481,3.55920615571454,2.91235066461494,1.41607375375916,-1.64717824041695,12.6802456956479,4
"Aug-2014",2014,8,2014-08-01,"North",0.136013176470588,0.117941176470588,0.085,18.4,0.222222222222222,0.544117647058823,0.137941176470588,22.8073467875947,0.225516865834432,26.5254545333636,7.49166666666667,3.23909079204906,7.70383554380237,1.8,264850,8674,295825,NA,"Centric Diatoms",-1.48936032977892,-1.99500351212606,3.27810482038956,2.91235066461494,1.17529267068521,-2.13756928329768,12.5975233422528,0
"Sep-2014",2014,9,2014-09-01,"North",0.13,0.134879205882353,0.0976470588235294,20.7,0.433333333333333,0.547948558823529,0.132058823529412,22.6489040679452,0.251247133591613,27.3475806264032,7.02528301886792,0.99,7.80790678956481,1.22727272727273,247630,9746,273701,NA,"Centric Diatoms",-1.38131822826452,-2.04022082852655,3.30862806522588,3.03013370027132,-0.0100503358535015,-2.00337567233227,12.5197915486575,0
"Oct-2014",2014,10,2014-10-01,"North",0.187222222222222,0.192601444444444,0.0955555555555556,19.8,0.228338181818182,0.530555555555556,0.124444444444444,19.8792682395059,0.240398768809044,33.1258620739138,7.60596153846154,5.60999978325583,7.04506436005907,1.36363636363636,196060,16677,241424,1.04142857142857,"Centric Diatoms",-1.4254561977608,-1.67545901353189,3.50031430884061,2.98568193770049,1.72455068089928,-1.64713227993469,12.3943100027534,0
"Nov-2014",2014,11,2014-11-01,"North",0.237425703703704,0.304511814814815,0.0925925925925926,22.9,0.25,0.509497185185185,0.125925925925926,14.3457811827042,0.234017178945499,19.0873913469783,8.50657142857143,4.87090888283469,7.28833965702058,1.15,227900,28688,277894,NA,"Cyanobacteria",-1.45236075202213,-1.43790053095858,2.9490279781633,3.13113691056019,1.58328054860032,-1.18904539187945,12.5349950249973,2
"Dec-2014",2014,12,2014-12-01,"North",0.199285714285714,0.481428571428571,0.146785714285714,21,0.466666666666667,0.835714285714286,0.228214285714286,12.2846235778414,0.200043840979081,119.698888942861,7.60482142857143,4.67909075303511,7.87641233517632,1,1025050,37582,1164565,NA,"Centric Diatoms",-1.60921873156058,-1.61301573378198,4.78497933050632,3.04452243772342,1.54310380751456,-0.730997404691043,13.9678581846964,0
"Jan-2015",2015,1,2015-01-01,"North",0.248571428571429,0.634642857142857,0.145357142857143,11.5,0.466666666666667,0.921428571428571,0.228214285714286,9.93712761046539,0.29703465233684,38.874507057975,9.51014084507042,4.01909078771418,8.25963945847641,NA,332730,27417,387353,NA,"Centric Diatoms",-1.21390647245057,-1.39202503582888,3.6603386902383,2.4423470353692,1.39105570483973,-0.454692868008644,12.8670917009636,0
"Feb-2015",2015,2,2015-02-01,"North",0.192941176470588,0.483529411764706,0.109411764705882,20.7,0.4,0.805882352941176,0.177647058823529,13.3324324247198,0.279194411810611,110.787857183731,9.04709677419355,2.11,8.05509045464789,NA,500340,25538,583723,NA,"Centric Diatoms",-1.2758469232992,-1.64536992166016,4.70761717610293,3.03013370027132,0.746687947487975,-0.726643134988128,13.2771818342189,0
"Mar-2015",2015,3,2015-03-01,"North",0.248518518518519,0.372222222222222,0.113703703703704,17.3,0.5,0.87037037037037,0.172962962962963,16.5462498947367,0.354407977280172,31.7682432297681,8.41439393939394,11.8845451164246,7.86273494728741,NA,247160,19793,319724,NA,"Centric Diatoms",-1.03730655124898,-1.39223791502074,3.45846715023908,2.85070650150373,2.47523882632493,-0.988264231499244,12.6752134026088,0
"Apr-2015",2015,4,2015-04-01,"North",0.272592592592593,0.313333333333333,0.108888888888889,19.3,0.5,0.766666666666667,0.170740740740741,18.028482028829,0.306230950742853,44.3363043282541,8.25666666666667,4.7918179954182,8.21004666107527,NA,190240,26244,273969,NA,"Centric Diatoms",-1.18341572071379,-1.29977693326354,3.79180385223127,2.96010509591084,1.56690987916911,-1.1604876923862,12.5207702402834,0
"May-2015",2015,5,2015-05-01,"North",0.212640148148148,0.267407407407407,0.101481481481481,16.9,0.3,0.662962962962963,0.165925925925926,19.5462611194992,0.230034226886129,60.4846153846154,7.76714285714286,3.5136362509294,8.16509239549895,NA,226930,10506,287711,0.652,"Pennate Diatoms",-1.46952716858204,-1.5481539873087,4.10238904153593,2.82731362192903,1.25665147015805,-1.31898191309959,12.5697117830805,4
"Jun-2015",2015,6,2015-06-01,"North",0.21,0.242029771428571,0.106285714285714,16.6,0.28,0.648571428571429,0.166571428571429,22.9131250033929,0.165147694257895,46.835490198422,7.12810126582279,2.40571428571429,7.91613978267654,1,206580,5737,276476,NA,"Pennate Diatoms",-1.8009150887451,-1.56064774826467,3.84664125310407,2.8094026953625,0.877846859758867,-1.41869453795998,12.5298792969006,4
"Jul-2015",2015,7,2015-07-01,"North",0.157986935483871,0.153870967741935,0.0890322580645161,14,0.257960666666667,0.551612903225806,0.14,23.5027906407779,0.210047157585506,25.6352458947879,7.54325581395349,3.62571415969303,7.68847706487298,2.2,244470,3779,305633,NA,"Cyanobacteria",-1.56042321354349,-1.84524293618486,3.24396819734054,2.63905732961526,1.28805127847329,-1.8716408995849,12.6301403147378,2
"Aug-2015",2015,8,2015-08-01,"North",0.107366918918919,0.14172527027027,0.0781081081081081,14.3,0.3,0.540540540540541,0.12972972972973,23.1449205632375,0.242815542282756,20.8473809530238,7.0506976744186,3.86399994754791,7.65413972106327,1.8,241170,4649,299895,NA,"Green Algae",-1.41545320914883,-2.23150316186923,3.03722832659089,2.66025953726586,1.35170290277571,-1.95386481176868,12.611187692374,3
"Sep-2015",2015,9,2015-09-01,"North",0.1411607,0.1605738,0.07125,19.9,0.36,0.525,0.1245,21.8685525965789,0.242401967894703,16.5769117636029,6.11438596491228,1.77428571428571,7.56551428259628,1.42105263157895,237030,6380,291499,NA,"Green Algae",-1.41715790644244,-1.95785632127549,2.80801086960796,2.99071973173045,0.573397927450019,-1.8290016290096,12.5827918542351,3
"Oct-2015",2015,10,2015-10-01,"North",0.141744025641026,0.188974358974359,0.0887179487179487,16.4,0.278571428571429,0.482051282051282,0.124871794871795,19.6449449099673,0.195988601314345,27.0897142858571,7.18786885245902,2.57071424399103,7.745291914162,1.52631578947368,217150,15994,241902,0.606,"Pennate Diatoms",-1.62969877800224,-1.95373248441575,3.29915410919226,2.79728133483015,0.944183776245462,-1.6661439399284,12.3962879644432,4
"Nov-2015",2015,11,2015-11-01,"North",0.277391304347826,0.340448913043478,0.0695652173913043,17.5,0.375,0.678260869565217,0.117826086956522,13.1390908868701,0.140903270159346,21.8247692332615,8.79103448275862,1.15878085714286,7.61976799565421,1.26315789473684,183660,26765,218671,NA,"Pennate Diatoms",-1.95968165126701,-1.28232611857245,3.08304552816514,2.86220088092947,0.147368467224363,-1.07749019976357,12.2953235961349,4
"Dec-2015",2015,12,2015-12-01,"North",0.263448275862069,0.405862068965517,0.0575862068965517,19.6,0.36,0.717241379310345,0.117241379310345,9.71666665972917,0.194332812890785,18.0001149723448,9.76205882352941,2.07909090909091,7.54737043207679,1.05,326810,23978,367825,NA,"Centric Diatoms",-1.63818305939536,-1.33389822680804,2.89037814522826,2.97552956623647,0.731930735236319,-0.901741908714289,12.8153625605661,0
"Jan-2016",2016,1,2016-01-01,"North",0.218666666666667,0.516,0.102333333333333,23.7,0.4,0.903333333333333,0.206,9.62155842915663,0.239482154257919,55.9812856456338,9.3890625,2.83181818181818,7.73817777118455,1,849530,50308,950957,NA,"Centric Diatoms",-1.42927637740039,-1.52020677870616,4.02501744998353,3.16547504814109,1.04091897243509,-0.661648513500574,13.7652241249427,0
"Feb-2016",2016,2,2016-02-01,"North",0.129739366666667,0.403333333333333,0.096,19.4,0.38,0.68,0.157333333333333,11.9792552615092,0.302141901863226,43.3983117041588,9.12125,2.84857137407575,7.83297858454911,1,613800,30418,676251,NA,"Centric Diatoms",-1.19685849824406,-2.04222771276713,3.77042053952387,2.96527306606928,1.0468175963475,-0.90799192905946,13.4243195878848,0
"Mar-2016",2016,3,2016-03-01,"North",0.115757575757576,0.270014939393939,0.0981818181818182,18.1,0.3125,0.8,0.194545454545455,14.4339166129553,0.190621510237881,80.5239999253656,8.52130952380952,8.15758616003497,7.65089229457818,1,1667500,61775,2120145,NA,"Centric Diatoms",-1.65746543873686,-2.156257138848,4.38855527570972,2.89591193827178,2.0989483114933,-1.30927799042581,14.5669950405357,0
"Apr-2016",2016,4,2016-04-01,"North",0.144545454545455,0.223132909090909,0.0978787878787879,18.2,0.1875,0.663636363636364,0.175454545454545,18.1616392357322,0.274789197958625,33.8531818218314,7.60888888888889,5.91735283458934,7.95482737294814,1,583100,52976,684953,NA,"Centric Diatoms",-1.29175102814518,-1.93416125656623,3.52203299263151,2.90142159408275,1.77788919257235,-1.49998768017043,13.4371055017517,0
"May-2016",2016,5,2016-05-01,"North",0.175709607142857,0.10041225,0.0796428571428571,15.1,0.333333333333333,0.678571428571429,0.155357142857143,20.0026168330566,0.216880413088392,44.534646479826,7.32036144578313,8.6455,7.80727250721747,1,413200,60680,509451,NA,"Centric Diatoms",-1.52840916910711,-1.73892260604173,3.79626745882215,2.71469474382088,2.15703895436271,-2.29847106721517,13.1410889543017,0
"Jun-2016",2016,6,2016-06-01,"North",0.154171947368421,0.101047,0.186052631578947,15.5,0.460496461538462,0.715789473684211,0.299210526315789,22.7294325516489,0.176682526840789,49.8822222204562,7.82741573033708,4.59486484811113,7.67290873381453,1.05882352941176,415200,18285,465964,NA,"Centric Diatoms",-1.73340079056307,-1.86968675808383,3.90966467115178,2.7408400239252,1.52493934255923,-2.29216952384634,13.0518636569047,0
"Jul-2016",2016,7,2016-07-01,"North",0.08781175,0.094543875,0.19359375,13.8,0.311428571428571,0.573333333333333,0.33796875,22.6470236942446,0.186337913479612,26.7161904607587,7.72957446808511,3.36347821733226,7.63412753828882,1.47058823529412,571700,9671,614099,NA,"Centric Diatoms",-1.68019351440576,-2.43255996041581,3.28526976592761,2.62466859216316,1.21297562227176,-2.35869126651542,13.3279114319169,0
"Aug-2016",2016,8,2016-08-01,"North",0.136430847222222,0.0983087083333333,0.3225,14.7,0.325005522727273,0.480656594202899,0.394305555555556,22.0736985884932,0.187518612342949,29.3020000063833,7.81782608695652,4.65161290322581,7.69548752486568,1.88235294117647,584400,8845,616679,NA,"Centric Diatoms",-1.67387717266914,-1.99193740648584,3.37765577329697,2.68784749378469,1.5372140203657,-2.3196426664005,13.3321039081864,0
"Sep-2016",2016,9,2016-09-01,"North",0.0893942391304348,0.0965228695652174,0.116086956521739,18.4,0.395238095238095,0.508695652173913,0.149565217391304,20.7389411809412,0.161649192419207,43.8618840568696,8.35375,3.0648,7.88812711622195,1.6,498900,8477,525782,NA,"Green Algae",-1.82232677068333,-2.41469903813585,3.78104569822013,2.91235066461494,1.1199823144043,-2.33797530840183,13.1726419571431,3
"Oct-2016",2016,10,2016-10-01,"North",0.166974757575758,0.159090909090909,0.0936363636363636,18.1,0.2125,0.442424242424242,0.112727272727273,17.221123591236,0.12927800465516,22.8650000068438,8.63518518518518,1.94642857142857,7.69127239376892,1.05263157894737,360650,38218,418109,NA,"Centric Diatoms",-2.04579011861713,-1.78991263023101,3.12960735740933,2.89591193827178,0.665996191493994,-1.83827948486295,12.9434974430637,0
"Nov-2016",2016,11,2016-11-01,"North",0.173121212121212,0.280060606060606,0.220212121212121,21.4,0.288888888888889,0.486969696969697,0.219121212121212,14.885,0.168424958571769,10.9921051946316,8.1190243902439,1.85764705882353,7.63399970312008,1,451700,34414,506845,NA,"Centric Diatoms",-1.7812649781098,-1.75376328172415,2.3971773055426,3.06339092202781,0.61931066477128,-1.27274924901841,13.1359605159104,0
"Dec-2016",2016,12,2016-12-01,"North",0.122432432432432,0.310810810810811,0.103513513513514,2.6,0.316666666666667,0.509189189189189,0.139594594594595,9.16750000083746,0.173766307883258,41.6940909219652,9.275,2.50478260869565,7.57584630092274,1,1237700,32970,1395782,NA,"Cryptophytes",-1.75004394062074,-2.10019597314928,3.7303594142545,0.955511445027436,0.918201947815142,-1.16857087727502,14.1489653896517,1
"Jan-2017",2017,1,2017-01-01,"North",0.0541935483870968,0.306774193548387,0.0803225806451613,21.4,0.166666666666667,0.506451612903226,0.152258064516129,9.20957895741268,0.0907180705490385,90.173374957022,10.3720833333333,1.33,7.50920157393785,1,2092500,413758,4676980,NA,"Pennate Diatoms",-2.3999987074273,-2.91519341106998,4.50173420563495,3.06339092202781,0.285178942233662,-1.18164332792785,15.3581631604534,4
"Feb-2017",2017,2,2017-02-01,"North",0.0484375,0.24125,0.0896875,18.3,0.108173857142857,0.40821859375,0.13790625,10.5065384542115,0.0915366940051768,83.6412195915705,10.8484507042254,5.81538461538462,7.57020122098824,1,2299000,811000,7699389,NA,"Cyanobacteria",-2.39101535971167,-3.02748097186857,4.42653645589328,2.90690105984738,1.76050692572395,-1.42192153876304,15.8566515330261,2
"Mar-2017",2017,3,2017-03-01,"North",0.0421174242424242,0.250180787878788,0.0654545454545455,18.6,0.157142857142857,0.397932545454545,0.107878787878788,13.38886523065,0.152076497244739,42.0218487155623,10.859693877551,10.8951515151515,7.85139440293086,1,2069900,920600,3980925,NA,"Centric Diatoms",-1.88337161338745,-3.1672937464252,3.73818969053574,2.92316158071916,2.38831787515179,-1.38557147095281,15.1970247623174,0
"Apr-2017",2017,4,2017-04-01,"North",0.0421598181818182,0.193191939393939,0.0651515151515152,16.9,0.2,0.384848484848485,0.0866666666666667,14.8857600335164,0.154575764598686,26.7647618620231,10.315974025974,5.1575,7.70559451678782,1,2020100,705900,3377381,NA,"Centric Diatoms",-1.86707091709212,-3.1662876873338,3.28708616644066,2.82731362192903,1.64045196596327,-1.64407107963755,15.0326111150352,0
"May-2017",2017,5,2017-05-01,"North",0.0414495833333333,0.123932888888889,0.0719444444444444,15.3,0.28,0.405555555555556,0.106666666666667,18.7445098014379,0.213278413594318,32.3676924007574,8.76,3.79227272727273,7.84341588653015,1,1498700,594600,2303407,0.0366666666666667,"Cyanobacteria",-1.54515686071557,-3.18327744972317,3.47716077719058,2.72785282839839,1.33296550355567,-2.08801507852677,14.6498998891982,2
"Jun-2017",2017,6,2017-06-01,"North",0.0834424390243902,0.227560975609756,0.119268292682927,15.9,0.388467142857143,0.535,0.158780487804878,21.9004255588652,0.235083749968174,31.3486440646199,7.38409090909091,6.35764705882353,7.65398752792477,1,785000,420700,1285617,NA,"Cyanobacteria",-1.44781344548397,-2.48359823783967,3.44517101461628,2.76631910922619,1.84965834959573,-1.48033705184506,14.0667493167156,2
"Jul-2017",2017,7,2017-07-01,"North",0.133153063829787,0.25170914893617,0.160851063829787,15.5,0.304456166666667,0.487712955555556,0.187446808510638,23.6178504779165,0.234560899110501,25.7506976769847,8.32338028169014,3.29285714285714,7.76124238005835,1,465000,247560,775684,NA,"Centric Diatoms",-1.45004002711205,-2.01625595662428,3.24846172099453,2.7408400239252,1.19175562038734,-1.37948102892709,13.5615004997354,0
"Aug-2017",2017,8,2017-08-01,"North",0.0876033488372093,0.228642255813954,0.142790697674419,15.5,0.2492903125,0.400582761904762,0.183255813953488,23.0513675246154,0.21206831958876,26.3823403713901,7.9220987654321,2.68318181818182,7.81707283685622,1,619400,145650,798796,NA,"Cyanobacteria",-1.55084679401431,-2.43493605303522,3.27269486099577,2.7408400239252,0.987003335894282,-1.47559669862307,13.590860873,2
"Sep-2017",2017,9,2017-09-01,"North",0.081311303030303,0.0891351515151515,0.102727272727273,17.5,0.3,0.351415060606061,0.116969696969697,20.7778240030635,0.149901832088321,17.1430392571323,8.30918604651163,2.182,7.73205653056866,1,638000,96450,761652,NA,"Cyanobacteria",-1.89777465187809,-2.50947024342895,2.84159221700302,2.86220088092947,0.780241887410879,-2.41760150474073,13.5432450374394,2
"Oct-2017",2017,10,2017-10-01,"North",0.123657294117647,0.0985578235294118,0.0767647058823529,17,0.142857142857143,0.358823529411765,0.0820588235294118,16.6597037022854,0.101736635922725,17.7352173821779,8.97280373831776,2.16405405405405,7.53038297127977,1,412800,85060,527101,1.885,"Cyanobacteria",-2.28536780556839,-2.09024129672102,2.87555234539196,2.83321334405622,0.771983339440318,-2.31711186213747,13.1751474600147,2
"Nov-2017",2017,11,2017-11-01,"North",0.152078416666667,0.514722222222222,0.08,17.9,0.19,0.411111111111111,0.0886111111111111,14.5333586141126,0.163059981993746,22.5404201557733,8.6887037037037,1.93065217391304,7.54566346936283,1,410000,61390,519172,NA,"Cyanobacteria",-1.81363715817455,-1.88335899204325,3.11531014888924,2.88480071284671,0.657857859781318,-0.664127898158842,13.1599905137961,2
"Dec-2017",2017,12,2017-12-01,"North",0.140921727272727,0.301212121212121,0.0952984242424242,18.5,0.290688857142857,0.472727272727273,0.096969696969697,9.73529412012072,0.207155381294723,16.6742748034054,10.7546788990826,2.62793103448276,7.74047043725792,1,447200,66670,535905,NA,"Pennate Diatoms",-1.57428613302775,-1.95955066846864,2.81386710080532,2.91777073208428,0.966196857691552,-1.199940540798,13.1917121855383,4
"Jan-2018",2018,1,2018-01-01,"North",0.167222222222222,0.412777777777778,0.152777777777778,18.8,0.43,0.608520583333333,0.177222222222222,10.5390476054599,0.234505054573098,26.1605839301286,9.49417910447761,2.405,7.6211545014808,1,563600,70230,660132,NA,"Cyanobacteria",-1.45027813664538,-1.78843167913538,3.26425384782797,2.9338568698359,0.877549903557724,-0.884845899166497,13.4001950940053,2
"Feb-2018",2018,2,2018-02-01,"North",0.188128411764706,0.270588235294118,0.113235294117647,19.8,0.528571428571429,0.594117647058824,0.145588235294118,11.2752173830507,0.298195685532631,19.4626190789677,10.1469827586207,2.25785714285714,7.92172415708744,1,378900,60060,457052,NA,"Cyanobacteria",-1.21000534512427,-1.6706305080171,2.96849565552124,2.98568193770049,0.814416196612268,-1.30715704056117,13.0325524489612,2
"Mar-2018",2018,3,2018-03-01,"North",0.134268325,0.28375,0.1095,16.3,0.357142857142857,0.6075,0.13725,12.7275155244269,0.278884274935158,24.227462722878,9.71940170940171,3.50642857142857,7.93314782093546,1,823300,112590,1015191,NA,"Cyanobacteria",-1.27695836838658,-2.00791505583941,3.18748681299688,2.79116510781272,1.2545980184547,-1.25966171018652,13.8305873300948,2
"Apr-2018",2018,4,2018-04-01,"North",0.0830501621621622,0.194594594594595,0.106216216216216,13.6,0.2860421,0.494594594594595,0.140810810810811,17.052116090109,0.232740411832549,25.5415555851977,8.42657534246575,3.76618181818182,7.7724157330159,1,1065600,214350,1376252,NA,"Cyanobacteria",-1.45783155880755,-2.48831049034001,3.24030675654903,2.61006979274201,1.32606170792826,-1.63683688662221,14.1348744202423,2
"May-2018",2018,5,2018-05-01,"North",0.177867179487179,0.138205128205128,0.133333333333333,18,0.3,0.535897435897436,0.147948717948718,19.6878358095193,0.236515007507316,22.4735000042642,8.26351063829787,3.50272727272727,7.90031102044331,1,335980,160610,548594,1.18,"Cyanobacteria",-1.44174361637289,-1.72671818987919,3.11233683749702,2.89037175789616,1.2535418858397,-1.97901626120874,13.2151139204955,2
"Jun-2018",2018,6,2018-06-01,"North",0.132720085714286,0.163428571428571,0.124571428571429,16.4,0.25,0.454285714285714,0.138571428571429,22.1451973659017,0.174279588692661,26.3359542040083,7.80586538461538,2.39538461538462,7.94362763754109,1,361900,44748,444915,NA,"Cyanobacteria",-1.7470944377732,-2.01951298727221,3.27093508558095,2.79728133483015,0.873543808944315,-1.81137925609771,13.0056385316675,2
"Jul-2018",2018,7,2018-07-01,"North",0.105490454545455,0.0993655757575758,0.151060606060606,16.7,0.366456285714286,0.400939393939394,0.166727272727273,23.0754676067203,0.149447946267754,18.0307692489074,7.71625,2.44428571428571,7.65176944839787,1,475400,17437,520230,NA,"Cyanobacteria",-1.90080713228201,-2.24913480840156,2.89207970124727,2.81540871942271,0.893752938848789,-2.30894954564867,13.1620263004607,2
"Aug-2018",2018,8,2018-08-01,"North",0.100041647058824,0.0923167647058824,0.159647058823529,19.4,0.436666666666667,0.427588235294118,0.173294117647059,22.074084486109,0.155248532200121,15.330347837023,7.83952830188679,2.35658533735973,7.82815433703476,1.03333333333333,572800,17097,614534,NA,"Cyanobacteria",-1.8627280126408,-2.30216870910561,2.72983438258215,2.96527306606928,0.85721368033076,-2.38252952118344,13.3286195359938,2
"Sep-2018",2018,9,2018-09-01,"North",0.104741235294118,0.0623170588235294,0.109647058823529,20.3,0.241081333333333,0.372058823529412,0.123823529411765,20.4865000080694,0.208203937671687,11.8853781638925,7.71205882352941,2.7426,7.71532784867172,1.03225806451613,506300,29999,568989,NA,"Cyanobacteria",-1.56923721005174,-2.25626239629049,2.47530891889178,3.01062088604774,1.00890637558362,-2.77552007327774,13.2516163807599,2
"Oct-2018",2018,10,2018-10-01,"North",0.122228810810811,0.211019432432432,0.178672513513514,20,0.421666666666667,0.483486486486487,0.199054054054054,18.1244329926289,0.146438372514852,13.9742580474045,8.2488961038961,1.90733156451613,7.801538678433,1.03703703703704,346190,58510,429305,0.435,"Cyanobacteria",-1.92115060445717,-2.1018604923509,2.63721692621169,2.99573227355399,0.645705178582306,-1.55580505291055,12.9699229010118,2
"Nov-2018",2018,11,2018-11-01,"North",0.159592958333333,0.381247625,0.177852583333333,19.9,0.320909090909091,0.449916666666667,0.207958333333333,13.8510370511621,0.17631482612351,11.1297618948603,8.78009259259259,2.13757575757576,7.81950679581922,1,288350,46920,351700,NA,"Pennate Diatoms",-1.7354840971215,-1.83512871565824,2.4096227719643,2.99071973173045,0.759672363341426,-0.964306180588116,12.7705338184621,4
"Dec-2018",2018,12,2018-12-01,"North",0.2047236875,0.3503098125,0.131155125,19.9,0.435714285714286,0.5698125,0.15503125,10.8318854976408,0.214203283446733,21.2913083573568,8.62945054945055,1.72352941176471,7.46886384386705,1,467900,42930,527161,NA,"Cyanobacteria",-1.540829792203,-1.58609407488563,3.05829893109686,2.99071973173045,0.544374171966806,-1.04893733746676,13.1752612837133,2
"Jan-2019",2019,1,2019-01-01,"North",0.132870214285714,0.560714285714286,0.170558285714286,20.1,0.414285714285714,0.809428571428571,0.252928571428571,10.2034923061855,0.214301799762953,67.1205173109466,8.75411764705882,6.52470588235294,7.6290817346674,1,978900,47450,1133577,NA,"Pennate Diatoms",-1.54036997820398,-2.01838245963307,4.20648976938412,3.00071981506503,1.87559587669136,-0.578543797820942,13.9408886778091,4
"Feb-2019",2019,2,2019-02-01,"North",0.063002,0.421647058823529,0.114052411764706,19.2,0.28,0.652941176470588,0.212294117647059,9.7128571300034,0.160853460510955,104.506509409703,9.64552083333333,3.60875,7.84208366105388,1,1548100,242320,2407685,NA,"Centric Diatoms",-1.82726151162765,-2.76458880706275,4.64924936046681,2.95491027903374,1.28336145199501,-0.863586668383587,14.6941762629005,0
"Mar-2019",2019,3,2019-03-01,"North",0.04010265,0.269498578947368,0.086119,16.7,0.2375,0.470578947368421,0.131157894736842,13.0406756731329,0.153904733268457,53.0412096343098,9.86785046728972,8.59105263157895,7.82549425214155,1,2167400,496300,3939117,NA,"Centric Diatoms",-1.87142148312969,-3.21631286206509,3.97106915169428,2.81540871942271,2.1507212699995,-1.31119216156955,15.1864671444822,0
"Apr-2019",2019,4,2019-04-01,"North",0.0413824642857143,0.176500296296296,0.0505032962962963,18.1,0.201052761904762,0.36962962962963,0.113962962962963,16.7010909213463,0.189597321184034,23.4169696623832,9.54804195804196,3.79323076923077,7.93193520403568,1,1910100,356310,2709344,NA,"Centric Diatoms",-1.66285281803722,-3.18489805585904,3.15346095878089,2.89591193827178,1.33321810167617,-1.73443272387764,14.8122170971324,0
"May-2019",2019,5,2019-05-01,"North",0.0749326842105263,0.311098176470588,0.104803411764706,16.3,0.344926,0.473905588235294,0.152941176470588,18.1776708015665,0.235468714503221,25.4435294502244,8.16321739130435,2.0488,7.83391322527129,1,1131600,342950,1616351,1.05,"Centric Diatoms",-1.44617722147071,-2.59116511233914,3.23646146509989,2.79116510781272,0.717254255903178,-1.1676467366496,14.2956816974483,0
"Jun-2019",2019,6,2019-06-01,"North",0.0560064347826087,0.216210555555556,0.127914111111111,15.6,0.342307692307692,0.453777777777778,0.138,22.2875929877608,0.223744017742821,22.2935393216571,7.4414,2.60478260869565,7.83217483945438,1,896400,373310,1391814,NA,"Centric Diatoms",-1.49725265852953,-2.88228868801597,3.10429691997251,2.74727091425549,0.957349220166684,-1.53150255186266,14.1461184902588,0
"Jul-2019",2019,7,2019-07-01,"North",0.0994486666666667,0.151966714285714,0.107587357142857,15.5,0.29845625,0.416571428571429,0.143214285714286,22.8362891864918,0.174736439620785,16.8131034944238,7.7805737704918,2.27943396226415,7.75283907845613,1,558700,104510,716905,NA,"Centric Diatoms",-1.74447649961572,-2.30811368084426,2.82215855229694,2.7408400239252,0.823927149979351,-1.88409376707897,13.4826986142901,0
"Aug-2019",2019,8,2019-08-01,"North",0.132021965517241,0.443178178571429,0.224671928571429,16.4,0.30291425,0.493384615384615,0.262857142857143,23.2551589176413,0.167149651854706,13.4900793378421,7.54728070175439,2.54886363636364,7.78522607323926,1,640200,100580,773858,NA,"Pennate Diatoms",-1.78886574894975,-2.02478696480597,2.60195455143603,2.79728133483015,0.935647627047956,-0.813783380836495,13.5591436732083,4
"Sep-2019",2019,9,2019-09-01,"North",0.0621745882352941,0.250252757575758,0.123605242424242,15.2,0.63821492,0.444193548387097,0.157757575757576,21.2745270115918,0.188425044717231,15.9530656124112,7.72752066115702,1.87976744186047,7.78524501606545,1,626100,87620,751408,NA,"Pennate Diatoms",-1.66905499193152,-2.77780891198779,2.76965101216762,2.72129542785223,0.631148068052191,-1.38528384156377,13.529704058858,4
"Oct-2019",2019,10,2019-10-01,"North",0.0858217,0.453395586206897,0.170160827586207,16,0.22533784,0.442703703703704,0.220475034482759,16.6156774152412,0.163715336823174,15.9822151818658,9.03412587412587,1.80016129032258,7.82055128953755,1,442700,82910,554134,0.13,"Centric Diatoms",-1.80962611039749,-2.4554833907126,2.77147655287526,2.77258872223978,0.587876266622532,-0.79099027583281,13.2251618137382,0
"Nov-2019",2019,11,2019-11-01,"North",0.204398473684211,0.189995222222222,0.0712446666666667,17,0.193,0.390388888888889,0.0821111111111111,13.7852447659222,0.135835125139562,16.7788549777022,9.31117647058823,1.221954,7.68800920137643,1,318630,51640,386547,NA,"Pennate Diatoms",-1.99631344384484,-1.58768388797885,2.82011946138673,2.83321334405622,0.200451216833024,-1.66075635333665,12.8650087437561,4
"Dec-2019",2019,12,2019-12-01,"North",0.148044428571429,0.56469055,0.1300573,18,0.466,0.65275,0.1810498,10.6355250142811,0.178690554632896,26.5749074464077,8.95411111111111,1.397,7.46462476741604,1,601700,112470,739191,NA,"Centric Diatoms",-1.72209971421314,-1.91024285721675,3.27996744149035,2.89037175789616,0.334327080274825,-0.571477396992688,13.5133116239108,0
"Jan-2020",2020,1,2020-01-01,"North",0.1238848,0.472285714285714,0.080122,20,0.336666666666667,0.4885,0.115846153846154,9.76376387432439,0.224511086587245,20.0847153704969,10.4414876033058,2.22066666666667,7.72737930241941,1,510200,70040,600594,NA,"Cryptophytes",-1.49383018955704,-2.0884031774531,2.99995909646348,2.99573227355399,0.797807451103378,-0.750171149656481,13.3056744444715,1
"Feb-2020",2020,2,2020-02-01,"North",0.142533588235294,0.405357142857143,0.105603857142857,20,0.42,0.493071428571429,0.143357142857143,11.5381259767017,0.261072404284749,20.8720175216011,10.3695238095238,1.696375375,7.8800650815713,1,394000,65520,476200,NA,"Pennate Diatoms",-1.3429574990781,-1.9481776001336,3.03840938731286,2.99573227355399,0.528493842478986,-0.902986766247792,13.0735932130349,4
"Mar-2020",2020,3,2020-03-01,"North",0.196295846153846,0.254011727272727,0.100108454545455,19,0.533333333333333,0.590909090909091,0.117272727272727,13.7316814209409,0.227999189763387,13.6186538326131,10.0513414634146,2.34666666666667,8.05265893331069,1,374100,65560,466329,NA,"Centric Diatoms",-1.47841320370336,-1.6281323386274,2.61144045828985,2.94443897916644,0.852995881501841,-1.37037484266435,13.0526466725847,0
"Jun-2020",2020,6,2020-06-01,"North",0.199844625,0.08725,0.169,16.5,0.3,0.57625,0.1795,22.1755363835178,0.141361190197489,11.6156737466874,7.66358778625954,1.24978260869565,7.80192622309733,2.63636363636364,368700,45392,426168,NA,"Pennate Diatoms",-1.9564370313861,-1.61021508935786,2.4523553711425,2.80336038090653,0.222969623146105,-2.4389777178996,12.9625889137068,4
"Jul-2020",2020,7,2020-07-01,"North",0.100986805555556,0.250894107142857,0.220316428571429,17,0.284203421052632,0.425192307692308,0.25525,22.6109801577522,0.163504816716338,11.1758955014666,7.77931034482759,1.55236842105263,7.78045807936796,1.52,427800,29377,467534,NA,"Centric Diatoms",-1.81091282904,-2.29276540873858,2.41375927164847,2.83321334405622,0.439781778288598,-1.3827243127614,13.0552273523391,0
"Aug-2020",2020,8,2020-08-01,"North",0.139873565217391,0.113535631578947,0.134397842105263,16.9,0.246,0.408611111111111,0.157789473684211,22.8250791625977,0.148616125332222,14.0794443892373,7.1385,1.86439663265306,7.74853197905152,1.1875,421700,13978,444713,NA,"Pennate Diatoms",-1.90638863756412,-1.96701637000844,2.64471588895962,2.82731362192903,0.622937479385801,-2.17563855671156,13.0051844092624,4
"Sep-2020",2020,9,2020-09-01,"North",0.228802,0.0909108888888889,0.124222222222222,15.9,0.1,0.410444444444444,0.128777777777778,21.437229340367,0.193413573132849,10.8262886375837,7.74768292682927,2.24657142857143,7.92478370421569,1.04761904761905,349200,17338,374211,NA,"Pennate Diatoms",-1.64292451676657,-1.47489827825596,2.38197730953644,2.76631910922619,0.809405244514011,-2.39787549521617,12.832575088435,4
"Oct-2020",2020,10,2020-10-01,"North",0.0954965555555556,0.0760245882352941,0.174352941176471,15.8,0.371111111111111,0.462352941176471,0.165352941176471,18.9805228833592,0.141247704069021,15.2361870247632,8.1018253968254,2.03409596363636,7.75268067872439,1,266270,35885,311044,NA,"Cyanobacteria",-1.9572401634663,-2.34866509962699,2.72367332372894,2.76000994003292,0.710051476275662,-2.5766984616084,12.6476896602538,2
"Nov-2020",2020,11,2020-11-01,"North",0.102576210526316,0.754099666666667,0.304474388888889,16.6,0.1984604,0.347388888888889,0.303666666666667,13.4951986881184,0.152479154607928,15.7951449611287,9.06298387096774,1.64808773469388,7.90245827484536,1,253630,31642,295826,NA,"Pennate Diatoms",-1.88072738337331,-2.27714923934584,2.75970261187124,2.8094026953625,0.499615667141765,-0.282230735801658,12.597526722624,4
"Dec-2020",2020,12,2020-12-01,"North",0.1965698,0.12625,0.08375,19.4,0.18,0.4,0.09,9.87370369895642,0.11019404463007,23.2198506910749,10.4114285714286,1.49142857142857,7.64505071924308,1,272160,28598,311105,NA,"Pennate Diatoms",-2.20551242519303,-1.6267376944622,3.14500754606281,2.96527306606928,0.399734433399179,-2.06949121082667,12.6478857547591,4
"Mar-2021",2021,3,2021-03-01,"North",0.1797362,0.6297045,0.124,18.4,0.613333333333333,0.82975,0.169,13.005455284517,0.253670809557886,16.5117116816659,10.0544086021505,2.61846153846154,8.02858430148449,1,293170,30636,337979,NA,"Pennate Diatoms",-1.37171787789347,-1.71626505862445,2.80406992800729,2.91235066461494,0.962586946243637,-0.462504617252851,12.7307390423575,4
"Apr-2021",2021,4,2021-04-01,"North",0.0819617222222222,0.126451411764706,0.119891411764706,18,0.295555555555556,0.405647058823529,0.127117647058824,17.3395929648167,0.177246113753742,11.1390659319275,8.99012422360248,2.6580701754386,7.92268409143592,1,235860,36305,288575,NA,"Pennate Diatoms",-1.73021603903598,-2.50150294287196,2.41045838286228,2.89037175789616,0.977600361537194,-2.06789714132029,12.5727102964831,4
"May-2021",2021,5,2021-05-01,"North",0.0206884210526316,0.137854833333333,0.113913166666667,18.8,0.2230668,0.261333333333333,0.124222222222222,20.0807356453549,0.186098883328299,14.9367484728582,8.17203947368421,2.31154557142857,7.9801646739695,1,220860,26626,263070,NA,"Pennate Diatoms",-1.68147711573721,-3.87818110465435,2.70382451698561,2.9338568698359,0.837916379340954,-1.98155407986125,12.4801754354415,4
"Jun-2021",2021,6,2021-06-01,"North",0.0274271578947368,0.115877388888889,0.112281,20.1,0.1851371,0.272111111111111,0.126698277777778,22.4090923175263,0.399632641055924,17.3521311351298,7.96506493506493,2.07362068965517,8.08302325074161,1.28571428571429,197950,32162,238953,NA,"Pennate Diatoms",-0.917209551219588,-3.59622159242537,2.85371533084559,3.00071981506503,0.729296204776106,-2.15522263922329,12.3840221588553,4
"Jul-2021",2021,7,2021-07-01,"North",0.0250677368421053,0.0668447777777778,0.104223,16.7,0.1559298,0.267222222222222,0.104222222222222,22.8961292128752,0.165319017759584,21.564191120071,7.88817391304348,2.1746,8.02585643640561,2.05,231100,38330,278349,NA,"Cyanobacteria",-1.79987823080567,-3.68617364443669,3.07103412047312,2.81540871942271,0.776844739581512,-2.70538209699303,12.536631001006,2
"Aug-2021",2021,8,2021-08-01,"North",0.0315508958333333,0.543407829787234,0.460958808510638,17.9,0.234444444444444,0.310386363636364,0.453489361702128,22.2675274207856,0.161165590849173,15.1086764738068,7.97338842975207,2.1163829787234,7.97809968485244,1.14285714285714,234640,28073,270556,NA,"Pennate Diatoms",-1.82532292796528,-3.45615329631455,2.71526917971534,2.88480071284671,0.749708489454264,-0.609895173210307,12.5082343798717,4
"Sep-2021",2021,9,2021-09-01,"North",0.0361149428571429,0.626428942857143,0.3985042,19.1,0.230833333333333,0.28534375,0.413764705882353,21.9048510503963,0.153628253243272,14.6408333669258,7.97885964912281,1.95167114893617,7.83958960288009,1,228240,11653,246664,NA,"Pennate Diatoms",-1.87321953479764,-3.32104856972777,2.6838144308834,2.94968833505258,0.668686005015742,-0.467719930300898,12.415782365643,4
"Oct-2021",2021,10,2021-10-01,"North",0.0266489285714286,0.069395962962963,0.100153518518519,17.2,0.2470403,0.283483777777778,0.108555555555556,17.041814251623,0.151609284729363,20.7824031550051,8.44407079646018,1.8198064,7.7893065725191,1,363980,25388,416703,NA,"Cryptophytes",-1.88644856273262,-3.62500633287721,3.03410662648226,2.84490938381941,0.598730121804255,-2.66792658372384,12.9401290168087,1
"Nov-2021",2021,11,2021-11-01,"North",0.0754793333333333,0.35626545,0.21877845,24.1,0.438461538461538,0.6224,0.24355,14.9384861018597,0.20676469293142,18.2213333427199,6.84236842105263,2.48472222222222,7.4301709128894,1,258180,22208,293048,NA,"Centric Diatoms",-1.57617388142968,-2.58389639088257,2.90259306932551,3.18221184049661,0.910160871498618,-1.03207917991861,12.5880916971074,0
"Dec-2021",2021,12,2021-12-01,"North",0.0425488461538462,0.660038583333333,0.1398025,21,0.3763855,0.516333333333333,0.173916666666667,10.1118229885996,0.179020839237115,44.6076699991473,8.54353658536585,1.40914083333333,7.55271167210634,1,554030,31130,638445,NA,"Centric Diatoms",-1.72025305959862,-3.15710254174886,3.7979058173154,3.04452243772342,0.342980180606726,-0.415456986074402,13.3667908113553,0
"Jan-2022",2022,1,2022-01-01,"North",0.0368970833333333,0.431909090909091,0.132046272727273,19.4,0.291,0.453454545454545,0.165181818181818,9.82567459938306,0.230957732645636,24.5554867392517,9.65476190476191,1.2287535,7.8239817066474,1,528100,33884,585080,NA,"Centric Diatoms",-1.46552056076243,-3.29962277351677,3.20093532170369,2.96527306606928,0.206000240898377,-0.839540150593586,13.279503869001,0
"Feb-2022",2022,2,2022-02-01,"North",0.0286469230769231,0.218333333333333,0.101270333333333,16.8,0.2623711,0.3565,0.113833333333333,11.5727739047077,0.25052033383456,17.5098077052983,10.2354255319149,3.51916666666667,7.91286177003854,1,341400,37539,395671,NA,"Centric Diatoms",-1.38421518875931,-3.55270923855489,2.86276116424422,2.82137888640921,1.25822421915785,-1.52173233201499,12.8883383368435,0
"Mar-2022",2022,3,2022-03-01,"North",0.035561,0.19274675,0.11759275,15.2,0.317,0.464916666666667,0.156583333333333,14.2950230710543,0.243038344283377,15.5592187633972,9.74345794392523,3.9825,8.04802943976896,1,325390,29944,369805,NA,"Centric Diatoms",-1.41453605268513,-3.33650574724702,2.74465330948189,2.72129542785223,1.38190976280207,-1.64637812790005,12.8207311186658,0
"Apr-2022",2022,4,2022-04-01,"North",0.0339268947368421,0.139510222222222,0.1904705,15.9,0.360625,0.358166666666667,0.210611111111111,16.8178992982353,0.192948463308264,12.0495918299323,8.83753968253968,1.92006142857143,7.90646752614822,1,246940,28322,304353,NA,"Green Algae",-1.64533215522684,-3.38354722406643,2.4890307863283,2.76631910922619,0.652357179575511,-1.96961740282673,12.6259434909459,3
"May-2022",2022,5,2022-05-01,"North",0.024246,0.0730355,0.1458747,14.8,0.27340775,0.3218,0.1601,18.9693636558456,0.15847335910155,12.6609248498741,8.64364238410596,1.925625,7.99909070658883,1,222180,22158,266068,NA,"Pennate Diatoms",-1.84216878117029,-3.71950362365775,2.53852046696044,2.69462718077007,0.655250590368795,-2.61680965467007,12.4915071941915,4
"Jun-2022",2022,6,2022-06-01,"North",0.0312558461538462,0.104953166666667,0.1051425,14.4,0.1710202,0.213068833333333,0.1145,22.5495424259295,0.148195307596098,18.757000014129,7.99040462427746,1.84627450980392,7.95891729199871,1.04761904761905,266000,20927,299507,NA,"Centric Diatoms",-1.90922422926583,-3.46554884337336,2.93156701683147,2.66722820658195,0.613169830227695,-2.25424106007239,12.6098930685517,0
"Jul-2022",2022,7,2022-07-01,"North",0.027706,0.0720455833333333,0.08459575,13.4,0.1085763,0.212833333333333,0.0970833333333333,22.7561898561913,0.138892264748866,16.8568421003395,7.96441666666667,1.43,7.85494754619834,1,375300,7859,395272,NA,"Centric Diatoms",-1.97405672012557,-3.58610628274645,2.82475663374591,2.59525470695687,0.357674444271816,-2.63045625843866,12.8873294144968,0
"Aug-2022",2022,8,2022-08-01,"North",0.02226296,0.0450587916666667,0.124162583333333,14,0.154411,0.241336791666667,0.140833333333333,23.0200476137976,0.155303057426231,13.0131944167274,7.78538461538462,1.28734693877551,7.73352018123166,1.23809523809524,307420,6072,324786,NA,"Pennate Diatoms",-1.86237686179507,-3.8048309680307,2.5659637978757,2.63905732961526,0.252583463984211,-3.09978716043465,12.6909217828924,4
"Sep-2022",2022,9,2022-09-01,"North",0.0284658095238095,0.0517779523809524,0.110791761904762,14.9,0.174987526315789,0.272444095238095,0.134619047619048,22.2592537541066,0.132923422198401,12.6215789574851,7.40408695652174,1.139,7.66777944431429,1,262580,8272,281821,NA,"Centric Diatoms",-2.01798208952563,-3.55905157771387,2.53540796477688,2.70136121295141,0.130150684465045,-2.96079085003408,12.549027396607,0
"Oct-2022",2022,10,2022-10-01,"North",0.0261657307692308,0.0655995,0.0769236538461538,15.3,0.172154416666667,0.242162807692308,0.0933846153846154,19.2692450091518,0.133471656816996,14.2912162535347,8.0144696969697,0.935225829268293,7.73092992746045,1,212230,26143,243054,NA,"Cryptophytes",-2.01386613216939,-3.64330471028252,2.6596451005337,2.72785282839839,-0.0669672502276036,-2.72418720501236,12.4010389198572,1
"Nov-2022",2022,11,2022-11-01,"North",0.0293262307692308,0.141451307692308,0.0481146153846154,16,0.113931545454545,0.178862461538462,0.0632307692307692,12.3771419305427,0.139243184485972,11.4120129807017,9.82926470588235,0.923670265306122,7.81592271049236,1,205380,20094,229923,NA,"Pennate Diatoms",-1.97153334581801,-3.52927291535807,2.43466657081132,2.77258872223978,-0.0794001267579155,-1.95579973636879,12.3454997492444,4
"Dec-2022",2022,12,2022-12-01,"North",0.030329,0.337940916666667,0.101688416666667,19.6,0.315,0.352083333333333,0.121,8.87516303103327,0.149495526367509,16.5176666905688,9.14507246376812,1.116,7.45394582280495,1,362750,36333,471991,NA,"Pennate Diatoms",-1.90048881056228,-3.49565092848131,2.80443051662632,2.97552956623647,0.109750863959119,-1.08488420154024,13.0647151965893,4
"Jan-2023",2023,1,2023-01-01,"North",0.042765380952381,0.528904761904762,0.0941161904761905,NA,0.337853368421053,0.69752380952381,0.221666666666667,9.44846939361372,0.114698794072656,147.059583321976,9.45202380952381,2.1875,7.34307647389384,1,1899500,396890,2959659,NA,"Centric Diatoms",-2.16544576865399,-3.15202635994789,4.99083783337617,NA,0.782759339249632,-0.63694689753844,14.9005846169612,0
"Feb-2023",2023,2,2023-02-01,"North",0.0290565833333333,0.3855,0.1769425,NA,0.301,0.506416666666667,0.232916666666667,9.3777196618339,0.217327089510267,39.6879048370738,10.1919565217391,9.71769230769231,7.76174979050587,1,538700,131610,712554,NA,"Centric Diatoms",-1.52635173538353,-3.53851020059003,3.68104647722007,NA,2.27394817338041,-0.953214085978753,13.4766109777268,0
"Mar-2023",2023,3,2023-03-01,"North",0.0261079166666667,0.35125,0.0651855,NA,0.2323183,0.515666666666667,0.141666666666667,10.8296296031168,0.146000455907071,63.3102857136288,10.2118072289157,5.7875,7.68119066019332,NA,1810900,732590,3154313,NA,"Pennate Diatoms",-1.9241455346275,-3.64551669008393,4.14804780747633,NA,1.75570041941235,-1.04625705833418,14.9642812806428,4
"Apr-2023",2023,4,2023-04-01,"North",0.0224410588235294,0.128858294117647,0.0676512941176471,NA,0.259458066666667,0.471117647058824,0.133705882352941,15.2731082838994,0.214079369901281,24.7191612769947,9.75255639097744,14.3164285714286,8.08987994475197,1,1369000,853200,2329955,NA,"Centric Diatoms",-1.54140844533285,-3.79686301479154,3.20757870308973,NA,2.66140772899024,-2.04904197362058,14.6613595120507,0
"May-2023",2023,5,2023-05-01,"North",0.0282347,0.2065943,0.1532836,NA,0.279856625,0.4349,0.199,18.3528431446915,0.2048116650637,21.8888000225702,8.12684615384615,5.016,7.72053419277723,1,1439100,763000,2256654,NA,"Centric Diatoms",-1.58566442912,-3.56720356102446,3.08597509151095,NA,1.61263280333062,-1.57699831222221,14.6293937432061,0
"Jun-2023",2023,6,2023-06-01,"North",0.0404999444444444,0.253346277777778,0.234068388888889,NA,0.264817066666667,0.409470588235294,0.255277777777778,20.0141436966467,0.185957758319937,22.3168292816791,7.85553191489362,2.50384615384615,7.90928434107104,1,767000,581780,1372292,NA,"Pennate Diatoms",-1.68223573686815,-3.2064546766127,3.10534107014958,NA,0.917828011193041,-1.37299803918402,14.1319928926116,4
"Jul-2023",2023,7,2023-07-01,"North",0.0302591923076923,0.164445923076923,0.218116115384615,NA,0.212324863636364,0.354375,0.244269230769231,22.8430666703137,0.146985453154612,18.3507767406729,7.81207317073171,3.37785714285714,7.65493406303533,1,439200,190700,643630,NA,"Centric Diatoms",-1.91742165523197,-3.49795526272659,2.90967190279671,NA,1.21724152704053,-1.80517349791663,13.374879305817,0
"Aug-2023",2023,8,2023-08-01,"North",0.0275751428571429,0.136051392857143,0.176301642857143,NA,0.246647916666667,0.365192307692308,0.208892857142857,23.773871275827,0.152754772768413,17.5742857123998,7.1875,2.874,7.61047512014198,1,537500,107040,655194,NA,"Pennate Diatoms",-1.87892143579884,-3.59084053317991,2.8664367946176,NA,1.05570478765683,-1.99472257597256,13.3926866539699,4
"Sep-2023",2023,9,2023-09-01,"North",0.0241015,0.0737998,0.129250208333333,NA,0.2697892,0.360909090909091,0.1555,20.8743917212068,0.174525438130268,18.0012499203456,7.67723684210526,2.66928571428571,7.6111208947453,1,547900,56420,613595,NA,"Centric Diatoms",-1.74568477071331,-3.7254811997585,2.89044119550452,NA,0.981810913882134,-2.60639925740648,13.327090380371,0
"Oct-2023",2023,10,2023-10-01,"North",0.0258157826086957,0.15690947826087,0.109446347826087,NA,0.217,0.2909795,0.126521739130435,18.3551731922905,0.132666714299038,19.2424193280571,8.34509433962264,2.10976926666667,7.517777879052,1,371870,77050,478832,NA,"Pennate Diatoms",-2.0199152033279,-3.65676924506528,2.95711718203387,NA,0.746578589217898,-1.85208621150196,13.0791050841837,4
"Nov-2023",2023,11,2023-11-01,"North",0.0157289090909091,0.146038,0.0617037272727273,NA,0.154444444444444,0.195627545454545,0.07,13.9622833604009,0.135089562848722,14.586638707385,9.23090909090909,1.8920323125,7.6308453508445,1,249470,47640,316995,NA,"Pennate Diatoms",-2.00181729200607,-4.15225491645239,2.68010595267401,NA,0.637651548972223,-1.92388841716659,12.6666412798644,4
"Dec-2023",2023,12,2023-12-01,"North",0.0338783333333333,0.1944454,0.113259666666667,NA,0.311428571428571,0.393777777777778,0.129777777777778,10.6599999948251,0.169137774154413,15.0835210955678,7.56367346938775,1.5,7.39505373539191,1,397260,40430,460735,NA,"Centric Diatoms",-1.777041664497,-3.38497960363932,2.71360282972529,NA,0.405465108108164,-1.63760387512716,13.0405783193863,0
"Jan-2024",2024,1,2024-01-01,"North",0.0331203,0.3215,0.1194,NA,0.38125,0.4621,0.1418,10.5972461860534,0.185041276009269,46.042903231314,8.21770491803279,2.20538461538462,7.48356968984807,1,826800,72550,962832,NA,"Pennate Diatoms",-1.68717636522632,-3.40760889153509,3.82957364075595,NA,0.790901922433742,-1.13475773530446,13.7776342207326,4
"Feb-2024",2024,2,2024-02-01,"North",0.031624,0.2430625,0.0842994,NA,0.303076923076923,0.583533333333333,0.1868,12.1524864915946,0.117457700359436,72.7201516308021,8.54057142857143,2.32636363636364,7.4352171938547,1,1692100,207790,2406632,NA,"Centric Diatoms",-2.14167700715335,-3.45383895298775,4.28661853499909,NA,0.844306377373327,-1.41443666706617,14.693738817665,0
"Mar-2024",2024,3,2024-03-01,"North",0.0297251666666667,0.139986538461538,0.0544156666666667,NA,0.2057112,0.410666666666667,0.102416666666667,13.7391046312216,0.158050749441135,23.3200000295326,9.69054054054054,4.93444444444444,7.85526869580079,1,1600100,202900,2075675,NA,"Pennate Diatoms",-1.844839098534,-3.51576122946839,3.1493113627487,NA,1.59624009196779,-1.96620901484206,14.5457969599528,4
"Apr-2024",2024,4,2024-04-01,"North",0.0333667777777778,0.1370511,0.0606436666666667,NA,0.233050428571429,0.409444444444444,0.112,16.5710374880974,0.177052789880636,22.5883333570322,8.62796610169491,4.33,7.87920953012233,1,996000,158840,1251136,NA,"Pennate Diatoms",-1.73130734296218,-3.40019455133129,3.11743354984904,NA,1.4655675420144,-1.98740142999777,14.0395624965698,4
"May-2024",2024,5,2024-05-01,"North",0.05108,0.222957555555556,0.158110222222222,NA,0.319452428571429,0.468,0.183,20.2773369854667,0.215906482921604,24.675444438241,7.10544303797468,2.48,7.79916233334822,2,706600,192410,962806,NA,"Pennate Diatoms",-1.53290991448466,-2.9743622478178,3.20580859683884,NA,0.908258560176891,-1.50077385946939,13.7776072166955,4
"Jun-2024",2024,6,2024-06-01,"North",0.0226675714285714,0.167173933333333,0.173652142857143,NA,0.270035583333333,0.3925,0.207071428571429,22.9564519122002,0.168632956664877,23.1436274588013,6.86135135135135,2.26968607692308,7.83259128109801,1,431400,83710,548616,NA,"Pennate Diatoms",-1.78003078000848,-3.78681994730437,3.14171947087998,NA,0.819641529825705,-1.78872049160181,13.215154022208,4
"Sep-2013",2013,9,2013-09-01,"SouthCentral",0.0280221,0.1909244,0.09,11.175,0.1719325,0.37,0.11,22.7032608447826,0.312185043516755,8.5627499866625,7.7359649122807,6.87357142857143,7.76710596703073,1.96774193548387,404400,25472,444467,0.08,"Centric Diatoms",-1.16415917878522,-3.57476179441481,2.14742139868479,2.41367914049963,1.92768382975305,-1.65587774080789,13.0046310904602,0
"Nov-2013",2013,11,2013-11-01,"SouthCentral",0.028,0.2682402,0.055,11.05,0.225,0.2885635,0.081,13.910000019,0.265347762756967,4.4332911428481,9.33070175438596,2.60107142857143,7.5844695260611,1,263500,32614,306404,0.206666666666667,"Centric Diatoms",-1.32671400103465,-3.57555076880693,1.48914222986351,2.40243042796376,0.95592344805462,-1.31587243122349,12.6326597715936,0
"Jan-2014",2014,1,2014-01-01,"SouthCentral",0.0830559,0.849,0.0613463,16.825,0.35,0.57,0.092,9.59706519248468,0.408421906134719,5.24987341963756,10.4904444444444,7.60305555555556,7.49110917888272,NA,196200,24462,233755,0.00666666666666667,"Cryptophytes",-0.895454555210655,-2.48824140390492,1.65820396576764,2.82286587553079,2.02855021327676,-0.16369609267079,12.3620288372965,1
"Feb-2014",2014,2,2014-02-01,"SouthCentral",0.0744444444444445,1.19444444444444,0.0766666666666667,16.7,0.425,0.677777777777778,0.11,12.2179104903643,0.439247089101028,6.98644066515428,9.27354838709677,5.63708333333333,7.42946505534813,NA,300630,23013,342333,0.00333333333333333,"Centric Diatoms",-0.822693178912351,-2.59770214393334,1.94397122271683,2.81540871942271,1.72936679226732,0.177681177237452,12.7435392265323,0
"Mar-2014",2014,3,2014-03-01,"SouthCentral",0.069,1.113,0.093,17.075,0.575,0.88,0.156,15.6280898897588,0.307964952003049,8.16269234277782,10.0877777777778,16.9314814814815,7.54809423458558,NA,458020,26263,504119,0.04,"Cyanobacteria",-1.17776929468128,-2.67364877438488,2.09957405852434,2.83761540545685,2.82917469860611,0.107059072293408,13.1305676302948,2
"Apr-2014",2014,4,2014-04-01,"SouthCentral",0.043,0.867,0.083,15.625,0.45,0.71,0.129,17.8523364450536,0.235758665348401,8.52223403123958,8.84754716981132,3.30694444444444,7.5976063148304,NA,289100,53362,365255,0.04,"Cryptophytes",-1.44494660162912,-3.14655516328857,2.14267851670952,2.74887219562247,1.19602463447676,-0.142716302201595,12.8083510187732,1
"May-2014",2014,5,2014-05-01,"SouthCentral",0.0286666666666667,0.347333333333333,0.0733333333333333,11.275,0.355555555555556,0.52,0.11,20.0701031025016,0.201160535616656,9.17707314672014,8.08134615384615,7.11166666666667,7.61037569668518,NA,178240,47566,254124,1.26692307692308,"Cyanobacteria",-1.60365200504195,-3.55202027139674,2.2167083244622,2.42258788538874,1.96173662797185,-1.05747034533693,12.4455776158516,2
"Jun-2014",2014,6,2014-06-01,"SouthCentral",0.0175458125,0.223775375,0.080625,9.75,0.28,0.453333333333333,0.119375,23.9260317339683,0.31053292512253,6.89890908487366,7.52373134328358,4.34611111111111,7.7504612443937,2.65,267000,9760,306854,0.12,"Centric Diatoms",-1.16946534418838,-4.04293996152933,1.93136329546202,2.27726728500976,1.46928144780082,-1.49711252043612,12.6341273434175,0
"Jul-2014",2014,7,2014-07-01,"SouthCentral",0.0202434761904762,0.140963047619048,0.0938095238095238,9.225,0.28,0.466666666666667,0.193333333333333,25.4157376955497,0.359609889923323,8.91752213734513,6.90356164383562,9.66073770833333,7.67226951128292,2.91428571428571,283470,8718,321337,0.08,"Cyanobacteria",-1.02273547419522,-3.89992270076865,2.18801812070873,2.22191718992659,2.26807001263088,-1.95925749657504,12.6802456956479,2
"Aug-2014",2014,8,2014-08-01,"SouthCentral",0.0206666666666667,0.130860533333333,0.092,12.15,0.22,0.4,0.126666666666667,24.8208247383505,0.381466216995307,7.78134147267073,7.09575757575758,8.71166666666667,7.70327782949793,2.92592592592593,264850,8674,295825,0.0466666666666667,"Cyanobacteria",-0.963732985270932,-3.87923318260516,2.05172874911983,2.49732916978656,2.16466312349678,-2.03362315394642,12.5975233422528,2
"Sep-2014",2014,9,2014-09-01,"SouthCentral",0.0222242666666667,0.136471266666667,0.094,13.675,0.2030704,0.36,0.116,23.6699047655238,0.373154132228631,5.97684781482609,6.94275362318841,8.22571428571429,7.61383276969296,2.84375,247630,9746,273701,0.43,"Cyanobacteria",-0.98576372155843,-3.80657049400206,1.78789330771874,2.61556934830804,2.10726513612872,-1.99164118712599,12.5197915486575,2
"Oct-2014",2014,10,2014-10-01,"SouthCentral",0.0325,0.215277,0.094,14.3,0.206666666666667,0.375,0.1135,20.931386149901,0.427912508603003,4.40306818311364,7.15446153846154,11.4585,7.54010809636759,2.15625,196060,16677,241424,1.21476923076923,"Cyanobacteria",-0.848836523448645,-3.42651518964645,1.48230161225754,2.66025953726586,2.43873181266739,-1.53582970800061,12.3943100027534,2
"Nov-2014",2014,11,2014-11-01,"SouthCentral",0.0489088,0.3486404,0.0773333333333333,13.875,0.22,0.326666666666667,0.0986666666666667,15.6,0.344464537867028,5.7335802318642,8.20559322033898,5.52387096774194,7.45554654935532,1.375,227900,28688,277894,0.055,"Cyanobacteria",-1.0657641318036,-3.0177979395918,1.74634015792133,2.6300886596325,1.7090788767916,-1.0537142604712,12.5349950249973,2
"Jan-2015",2015,1,2015-01-01,"SouthCentral",0.118333333333333,1.04777777777778,0.0883333333333333,21.3,0.553846153846154,1,0.147222222222222,9.65961539837384,0.296995572570461,10.4704444296896,9.68916666666667,1.61744186046512,7.57301438825023,NA,332730,27417,387353,0.0633333333333333,"Cyanobacteria",-1.21403804746072,-2.13424977817483,2.34855647189842,3.05870707271538,0.48084580267589,0.0466715193091467,12.8670917009636,2
"Feb-2015",2015,2,2015-02-01,"SouthCentral",0.115,1.0675,0.100625,20.225,0.54,0.9125,0.158125,13.4379746931925,0.325182500287849,12.0365671698214,9.59705882352941,5.99444444444444,7.65227291741432,NA,500340,25538,583723,0.0266666666666667,"Pennate Diatoms",-1.12336871490939,-2.16282315061889,2.48794928044099,3.00691946294456,1.79083311436792,0.0653194661206427,13.2771818342189,4
"Mar-2015",2015,3,2015-03-01,"SouthCentral",0.0574785,0.684375,0.08625,17.125,0.454545454545455,0.8,0.133125,16.6963302944306,0.294676843873072,10.2489247111186,9.46111111111111,12.302972972973,7.64796867376499,NA,247160,19793,319724,0.0233333333333333,"Centric Diatoms",-1.22187596757824,-2.85634431414522,2.32717279384904,2.84053938414829,2.50984093829215,-0.379249265977271,12.6752134026088,0
"Apr-2015",2015,4,2015-04-01,"SouthCentral",0.0398006111111111,0.315701111111111,0.0460398333333333,9.55,0.358333333333333,0.783333333333333,0.116111111111111,18.32982295829,0.250663488759839,11.3252083147538,8.48068965517241,17.6661904761905,7.79595645793658,NA,190240,26244,273969,0.126666666666667,"Centric Diatoms",-1.38364392160056,-3.22387301225909,2.42703106543867,2.25654115449264,2.87165267034284,-1.15295936390867,12.5207702402834,0
"May-2015",2015,5,2015-05-01,"SouthCentral",0.120555555555556,0.321307333333333,0.0911111111111111,7.65,0.35,0.794444444444444,0.153888888888889,20.5056842065263,0.356180718844169,10.5619999960873,8.0514,3.78368025641026,7.63349980432005,NA,226930,10506,287711,1.29307692307692,"Centric Diatoms",-1.03231703973156,-2.1156445903438,2.35726265391429,2.03470564783844,1.33069714878491,-1.13535718917639,12.5697117830805,0
"Jun-2015",2015,6,2015-06-01,"SouthCentral",0.0429411764705882,0.285176176470588,0.0788235294117647,11,0.3,0.523529411764706,0.122352941176471,24.4333333519894,0.40014119347974,7.52374997921711,6.66311475409836,3.31948717948718,7.55490025879003,2.51612903225806,206580,5737,276476,0.206666666666667,"Cyanobacteria",-0.915937810458894,-3.14792408889592,2.01806468111754,2.39789527279837,1.19981030698772,-1.25464812664287,12.5298792969006,2
"Jul-2015",2015,7,2015-07-01,"SouthCentral",0.0294736842105263,0.236738894736842,0.0947368421052632,10.975,0.3,0.489473684210526,0.139473684210526,25.1682905755179,0.421693728836472,9.8813461460729,7.24203125,6.585,7.61240144440983,2.67647058823529,244470,3779,305633,0.0433333333333333,"Cyanobacteria",-0.863475989489188,-3.52425747441938,2.29064875208116,2.39561995896123,1.88479433519524,-1.44079745514667,12.6301403147378,2
"Aug-2015",2015,8,2015-08-01,"SouthCentral",0.021875,0.1626329375,0.09,9.525,0.463636363636364,0.625,0.138125,24.7839999642353,0.438572112887169,7.56144735443421,7.328,4.54878787878788,7.59596277434075,2.61290322580645,241170,4649,299895,0.42,"Cyanobacteria",-0.824231027128375,-3.82241084673846,2.02306262086665,2.25391992101276,1.5148607972056,-1.81625953473181,12.611187692374,2
"Sep-2015",2015,9,2015-09-01,"SouthCentral",0.0245084444444444,0.206726888888889,0.0838888888888889,10.925,0.258333333333333,0.383333333333333,0.112222222222222,23.3556989247312,0.413899383691848,6.52211764312941,7.11619047619048,6.33567567567568,7.54999839100827,1.94444444444444,237030,6380,291499,0.0925,"Cyanobacteria",-0.88213236925526,-3.70873754961512,1.87519911509611,2.39105374098165,1.84619646565081,-1.57635673420975,12.5827918542351,2
"Oct-2015",2015,10,2015-10-01,"SouthCentral",0.0299587647058824,0.310632058823529,0.0852941176470588,12.025,0.245454545454545,0.364705882352941,0.110588235294118,21.0448113207547,0.376732510037669,5.1375824116044,7.04805970149254,3.98512195121951,7.57200240086155,2.05555555555556,217150,15994,241902,0.900307692307692,"Cryptophytes",-0.976219865810806,-3.50793335262901,1.6365826208819,2.48698781599182,1.38256791433842,-1.16914615780665,12.3962879644432,1
"Nov-2015",2015,11,2015-11-01,"SouthCentral",0.0375568666666667,0.287164916666667,0.074,11.675,0.244444444444444,0.393333333333333,0.100666666666667,13.7861039084545,0.277184209101289,6.31915492905634,8.91673076923077,5.94333333333333,7.59341228715803,1.44444444444444,183660,26765,218671,0.164837572923269,"Cryptophytes",-1.28307297901306,-3.28189905020212,1.84358548546138,2.45744980355496,1.78227014320694,-1.24769860572289,12.2953235961349,1
"Dec-2015",2015,12,2015-12-01,"SouthCentral",0.053125,0.409419125,0.03845375,9.125,0.28,0.50625,0.084375,9.99487804996341,0.326989301830297,6.18056337035211,10.8613953488372,9.53342857142857,7.95287130086095,1,326810,23978,367825,0.03,"Centric Diatoms",-1.11782782473537,-2.93510765173756,1.82140942756591,2.21101789946856,2.25480441911779,-0.8930158921416,12.8153625605661,0
"Jan-2016",2016,1,2016-01-01,"SouthCentral",0.138947368421053,0.732631578947368,0.0626315789473684,14.025,0.407692307692308,0.684210526315789,0.117894736842105,9.69290322275949,0.299181123291365,19.6537036703568,9.16744680851064,2.14420280952381,7.77207610323096,1,849530,50308,950957,0.0741872446845377,"Centric Diatoms",-1.20670612547584,-1.97366006200822,2.97826580250678,2.64084145140876,0.76276783272914,-0.311112324260167,13.7652241249427,0
"Feb-2016",2016,2,2016-02-01,"SouthCentral",0.098125,0.970625,0.07625,18.225,0.63,0.975,0.16375,13.0024742307444,0.243148801990796,17.9290123332291,9.63421052631579,5.053125,7.73379232403539,1,613800,30418,676251,0.05,"Centric Diatoms",-1.41408166918213,-2.32151310287956,2.8864202015058,2.90279427789472,1.62000686378333,-0.0298150850791855,13.4243195878848,0
"Mar-2016",2016,3,2016-03-01,"SouthCentral",0.0675,0.585625,0.075,18.3,0.52,0.7375,0.13625,15.6327835149788,0.225676404669745,15.7395181269334,8.59170212765958,8.7025,7.76801633023577,1,1667500,61775,2120145,0.0566666666666667,"Cryptophytes",-1.48865314351356,-2.69562768110365,2.75617462796747,2.90690105984738,2.16361034070346,-0.53507562598945,14.5669950405357,1
"Apr-2016",2016,4,2016-04-01,"SouthCentral",0.0635294117647059,0.327647058823529,0.0652941176470588,13.1,0.345454545454545,0.641176470588235,0.12,18.5221839758654,0.215891981254523,12.5976923174076,9.19234042553192,4.49266666666667,7.79114317353774,1,583100,52976,684953,0.0266666666666667,"Centric Diatoms",-1.53297708316769,-2.75625230292009,2.53351364777144,2.57261223020711,1.50244643785592,-1.11581829011702,13.4371055017517,0
"May-2016",2016,5,2016-05-01,"SouthCentral",0.0243124,0.2241584,0.056,7.625,0.25,0.59,0.112,19.4845054882579,0.155125266434189,12.8351851874981,9.94863636363636,12.9777419354839,7.75898984914216,1,413200,60680,509451,0.37,"Centric Diatoms",-1.8635223179137,-3.71676877072247,2.55219024253987,2.03143232249348,2.5632357312335,-1.49540233417766,13.1410889543017,0
"Jun-2016",2016,6,2016-06-01,"SouthCentral",0.0346561,0.1775915,0.085,8.45,0.325,0.5,0.134,23.5952459078809,0.180069420267885,11.1641666423553,8.18619047619048,29.5295,7.59836907337345,2.65789473684211,415200,18285,465964,0.213333333333333,"Cryptophytes",-1.71441283428786,-3.36228152266449,2.41270924232327,2.13416644136908,3.38538976367886,-1.72826930992977,13.0518636569047,1
"Jul-2016",2016,7,2016-07-01,"SouthCentral",0.017562,0.0915141,0.074,10.25,0.35,0.55,0.124,24.7509574710326,0.218264642950394,14.272247198479,7.75706896551724,29.0633333333333,7.67812893144984,2.86842105263158,571700,9671,614099,0.0833333333333333,"Cyanobacteria",-1.52204699395682,-4.04201780204433,2.65831689620889,2.32727770558442,3.36947735677161,-2.39126222021194,13.3279114319169,2
"Aug-2016",2016,8,2016-08-01,"SouthCentral",0.0167796,0.0669131,0.055,10.525,0.09677025,0.46,0.089,24.4526087163043,0.202953964141131,14.2629885386207,7.74241935483871,25.9042857142857,7.70623168088682,3.05263157894737,584400,8845,616679,0.01,"Centric Diatoms",-1.59477610328818,-4.08759141612947,2.65766796796673,2.35375337956845,3.25440842661062,-2.70436051636841,13.3321039081864,0
"Sep-2016",2016,9,2016-09-01,"SouthCentral",0.0180547,0.0757238,0.061,12.85,0.225,0.41,0.093,22.542258031828,0.266815074695852,12.3481928077108,8.61215384615385,23.4279411764706,7.82788376155716,3.77777777777778,498900,8477,525782,0.226666666666667,"Cyanobacteria",-1.32119946467832,-4.01434924028664,2.51350972100706,2.55334381134123,3.15392937740274,-2.58066276900853,13.1726419571431,2
"Oct-2016",2016,10,2016-10-01,"SouthCentral",0.0643497272727273,0.337821545454545,0.0990909090909091,13.22,0.28,0.4,0.102727272727273,18.8787179146154,0.284870183736973,7.94352111635211,8.22581818181818,11.0021428571429,7.70700532160518,2.72972972972973,360650,38218,418109,0.0583333333333333,"Pennate Diatoms",-1.25572169814289,-2.74342258313504,2.0723566424928,2.58173083442354,2.39809005902111,-1.0852374949534,12.9434974430637,4
"Nov-2016",2016,11,2016-11-01,"SouthCentral",0.0450239090909091,0.413636363636364,0.0809090909090909,13,0.28,0.354545454545455,0.108181818181818,16.2014130331522,0.279542322397978,5.0916279269186,8.05636363636364,6.24076923076923,7.46843008517606,1.86486486486486,451700,34414,506845,NA,"Cryptophytes",-1.27460157603266,-3.10056161717735,1.62759760789945,2.56494935746154,1.83110344894544,-0.882768039835512,13.1359605159104,1
"Dec-2016",2016,12,2016-12-01,"SouthCentral",0.0541131818181818,0.500683363636364,0.0663636363636364,16.86,0.28,0.419090909090909,0.0775454545454545,9.918571431279,0.284083405788275,9.02238095420214,9.95264705882353,2.1108,7.74166643712768,1,1237700,32970,1395782,0.0733333333333333,"Pennate Diatoms",-1.25848740158407,-2.91667746628082,2.1997082631227,2.82494395257371,0.747067022549376,-0.691781386408819,14.1489653896517,4
"Jan-2017",2017,1,2017-01-01,"SouthCentral",0.0872727272727273,0.755454545454545,0.110909090909091,17.5,0.44,0.663636363636364,0.15,9.68470001904614,0.17037001387049,32.0553750127046,10.1269387755102,1.89470588235294,7.49262749709552,1,2092500,413758,4676980,0,"Pennate Diatoms",-1.76978265501077,-2.43871726731863,3.46746487641008,2.86220088092947,0.639063619286891,-0.280435663931014,15.3581631604534,4
"Feb-2017",2017,2,2017-02-01,"SouthCentral",0.07,0.933636363636364,0.105454545454545,14.74,0.38,0.736363636363636,0.136363636363636,11.8612765673374,0.11318346594933,30.0124388253031,9.18283018867925,2.74055555555556,7.19062637955573,1,2299000,811000,7699389,0.00333333333333333,"Cyanobacteria",-2.17874518439921,-2.65926003693278,3.40161192323803,2.69056488676119,1.00816065734948,-0.0686682488579037,15.8566515330261,2
"Mar-2017",2017,3,2017-03-01,"SouthCentral",0.0275182727272727,0.51,0.0736363636363636,12.48,0.3,0.354545454545455,0.0872727272727273,13.6918919004836,0.0844047981065737,16.7102941767375,9.18111111111111,2.82,7.2532352256728,1,2069900,920600,3980925,0,"Cyanobacteria",-2.47213102939215,-3.59290503215737,2.81602494728402,2.52412736294128,1.03673688495002,-0.673344553263766,15.1970247623174,2
"Apr-2017",2017,4,2017-04-01,"SouthCentral",0.0271521818181818,0.280909090909091,0.0706102727272727,10.02,0.34,0.409090909090909,0.0945454545454545,15.4552499929393,0.0691762935026744,13.8761538413292,9.61911111111111,3.0925,7.33255961872288,1,2020100,705900,3377381,0.06,"Cyanobacteria",-2.67109705449338,-3.60629787420369,2.63017181591035,2.30458309565672,1.12897982528451,-1.26972418188872,15.0326111150352,2
"May-2017",2017,5,2017-05-01,"SouthCentral",0.0244670909090909,0.124503090909091,0.0680962727272727,10.18,0.18,0.323511363636364,0.0836363636363636,17.934504502806,0.0768722598447895,12.8525489860136,9.28736111111111,3.45448275862069,7.46977285178556,1,1498700,594600,2303407,1.26734375,"Centric Diatoms",-2.56561019778615,-3.71042629257149,2.55354215633988,2.32042501112238,1.239672737943,-2.08342473680651,14.6498998891982,0
"Jun-2017",2017,6,2017-06-01,"SouthCentral",0.0277526363636364,0.140909090909091,0.0691730909090909,11,0.2365864,0.418181818181818,0.0881818181818182,20.9710526429081,0.0781084373931489,13.7100793871411,8.32965517241379,3.88583333333333,7.22341919756308,1,785000,420700,1285617,0.216,"Pennate Diatoms",-2.54965719476873,-3.58442443920729,2.61813128401268,2.39789527279837,1.35733746103223,-1.95964034186722,14.0667493167156,4
"Jul-2017",2017,7,2017-07-01,"SouthCentral",0.0338892727272727,1.48627263636364,0.0790909090909091,5.76,0.213924,0.409090909090909,0.103636363636364,23.1311818459251,0.073508254717307,14.699811311038,8.0532,9.2878125,7.22376095159915,1,465000,247560,775684,0.0866666666666667,"Centric Diatoms",-2.61035756999053,-3.38465675339655,2.6878346577185,1.7509374747078,2.22870305685332,0.396271399429082,13.5615004997354,0
"Aug-2017",2017,8,2017-08-01,"SouthCentral",0.0272727272727273,0.175932909090909,0.0736363636363636,10.26,0.26,0.348936454545455,0.0809090909090909,22.802095216381,0.101400942605995,13.5030526396842,8.14656716417911,6.00589743589744,7.38567315737474,1.15384615384615,619400,145650,798796,0,"Cryptophytes",-2.28867289195115,-3.60186807712431,2.60291578134087,2.32825283974262,1.79274189247517,-1.73765255496565,13.590860873,1
"Sep-2017",2017,9,2017-09-01,"SouthCentral",0.0289613125,0.4286333125,0.08375,13.92,0.1611725,0.3,0.09125,21.7602872258949,0.109252360869673,9.54255556698731,8.17808823529412,4.73864864864865,7.36992101750955,1.775,638000,96450,761652,0.133333333333333,"Cryptophytes",-2.21409483544887,-3.541794391359,2.25576132872612,2.63332665490627,1.55575199983781,-0.847153474977945,13.5432450374394,1
"Oct-2017",2017,10,2017-10-01,"SouthCentral",0.0236285333333333,0.348290533333333,0.0733333333333333,12.84,0.22,0.2571484,0.0813333333333333,17.1660606560635,0.114528187094278,9.07711108417199,9.01304347826087,3.86290322580645,7.5439518208625,1.08,412800,85060,527101,0.92984375,"Cryptophytes",-2.16693431078818,-3.74530025770228,2.20575597945264,2.55256529826182,1.35141903180588,-1.05471828161397,13.1751474600147,1
"Nov-2017",2017,11,2017-11-01,"SouthCentral",0.0435571785714286,0.811428571428571,0.0839285714285714,12.82,0.26,0.367857142857143,0.0939285714285714,14.5765238149664,0.152508312438992,6.93949498484905,8.75605263157895,2.14414634146341,7.48619302168716,1.06756756756757,410000,61390,519172,0.0266666666666667,"Pennate Diatoms",-1.8805361766235,-3.13368075410261,1.9372290031172,2.55100645149252,0.762741497158779,-0.208958916322253,13.1599905137961,4
"Dec-2017",2017,12,2017-12-01,"SouthCentral",0.0453014545454545,0.698645863636364,0.0713636363636364,15.58,0.32,0.386363636363636,0.0827272727272727,9.96514635771378,0.217493372873314,7.98906669469461,10.1947826086957,1.64923076923077,7.60532914571719,1,447200,66670,535905,0.0133333333333333,"Cryptophytes",-1.52558689846559,-3.09441613783746,2.07807394378082,2.7459880404426,0.500308978741065,-0.35861129798224,13.1917121855383,1
"Jan-2018",2018,1,2018-01-01,"SouthCentral",0.056775,0.8834375,0.0971875,15,0.35,0.4375,0.1059375,10.5707193500693,0.259790422461654,8.8216505371988,10.02796875,1.90979291891892,7.6870604395602,1,563600,70230,660132,0.0266666666666667,"Cryptophytes",-1.34788004046884,-2.86865919099052,2.17720898824782,2.70805020110221,0.64699481676655,-0.123934731094228,13.4001950940053,1
"Feb-2018",2018,2,2018-02-01,"SouthCentral",0.0287267727272727,0.819545454545455,0.0809090909090909,16.3,0.413333333333333,0.518181818181818,0.0931818181818182,11.5157126634232,0.213688465029526,9.250769222925,10.2721153846154,1.96349560869565,7.71867583310974,1,378900,60060,457052,0.0333333333333333,"Centric Diatoms",-1.54323609551431,-3.54992574340836,2.22470670730193,2.79116510781272,0.674726358565717,-0.19900541614309,13.0325524489612,0
"Mar-2018",2018,3,2018-03-01,"SouthCentral",0.04351025,0.819642857142857,0.0876658214285714,13.08,0.454545454545455,0.578571428571429,0.118214285714286,13.1388411108068,0.206636075126901,19.8720587940949,9.919,3.36970588235294,7.67704157004694,1,823300,112590,1015191,0.00333333333333333,"Centric Diatoms",-1.57679612414719,-3.13475873646049,2.98931466438673,2.57108434602905,1.21482546528937,-0.19888657366865,13.8305873300948,0
"Apr-2018",2018,4,2018-04-01,"SouthCentral",0.0591304347826087,0.416086956521739,0.0956521739130435,11.64,0.3125,0.6,0.118260869565217,16.6496666960189,0.130783146347911,23.4638749439053,8.94674418604651,3.33892857142857,7.56147629830333,1,1065600,214350,1376252,0.0666666666666667,"Cryptophytes",-2.03421469881212,-2.82800951618119,3.15546200196036,2.45444744230329,1.20564996852802,-0.876861010464287,14.1348744202423,1
"May-2018",2018,5,2018-05-01,"SouthCentral",0.0260175,0.300200833333333,0.0866666666666667,9.2,0.232119764705882,0.379166666666667,0.0958333333333333,18.7107849461891,0.12191127259439,15.2332911584879,9.0498275862069,2.26578947368421,7.65645749369425,1,335980,160610,548594,1.37875,"Cyanobacteria",-2.10446177265726,-3.64898589045226,2.7234832406388,2.21920348405499,0.817923251707299,-1.20330358385947,13.2151139204955,2
"Jun-2018",2018,6,2018-06-01,"SouthCentral",0.02650825,0.207104166666667,0.0841666666666667,9,0.3,0.383333333333333,0.0925,22.9060184726417,0.16714523592796,13.388942331087,8.54411764705882,7.99333333333333,7.59402623539378,1.83783783783784,361900,44748,444915,0.106666666666667,"Cyanobacteria",-1.7888921682993,-3.63029927368549,2.59442916712,2.19722457733622,2.07860786093126,-1.57453339167788,13.0056385316675,2
"Jul-2018",2018,7,2018-07-01,"SouthCentral",0.0208903333333333,0.193010833333333,0.0866666666666667,10.88,0.18,0.325,0.0925,25.1238317686256,0.179694114028863,9.72778952534639,7.35735294117647,9.04390243902439,7.64817198656097,3.16883116883117,475400,17437,520230,0.03,"Cyanobacteria",-1.71649924015943,-3.86846874694291,2.27498668902618,2.3869262414278,2.20209076698739,-1.64500896039176,13.1620263004607,2
"Aug-2018",2018,8,2018-08-01,"SouthCentral",0.0222415,0.094238,0.0800714285714286,9.36,0.136666666666667,0.408857142857143,0.0972142857142857,24.1356413208696,0.230753139604148,9.61102274465909,7.79153846153846,8.62121212121212,7.73222571191656,2.38157894736842,572800,17097,614534,0.116666666666667,"Cyanobacteria",-1.46640679960659,-3.80579536583097,2.26291064236203,2.2364452904895,2.15422569209991,-2.36193178171493,13.3286195359938,2
"Sep-2018",2018,9,2018-09-01,"SouthCentral",0.0208156666666667,0.15950175,0.0935,13.5,0.184,0.35,0.111666666666667,21.8578076532956,0.291028786584926,6.67263891475817,8.25462962962963,8.78916666666667,7.7279020914595,2.16666666666667,506300,29999,568989,0.0533333333333333,"Cyanobacteria",-1.23433309373095,-3.87204937066329,1.89801542107693,2.60268968544438,2.17351990250052,-1.83570038503059,13.2516163807599,2
"Oct-2018",2018,10,2018-10-01,"SouthCentral",0.0295316428571429,0.358783142857143,0.093,13.82,0.182,0.342857142857143,0.103857142857143,18.6603548346237,0.261576366737349,7.089874990525,8.20397058823529,2.19613885714286,7.67999247796331,1.84057971014493,346190,58510,429305,1.95,"Cyanobacteria",-1.34102900469819,-3.52229295127759,1.95866770858676,2.62611681833952,0.786700753498352,-1.02503713190469,12.9699229010118,2
"Nov-2018",2018,11,2018-11-01,"SouthCentral",0.0560203636363636,0.625427272727273,0.0788033636363636,11.656,0.208,0.319727272727273,0.0907272727272727,14.3412413563666,0.231591090598906,5.7438888995881,9.13404761904762,2.60581544444444,7.75127679810967,1.26086956521739,288350,46920,351700,0.0166666666666667,"Pennate Diatoms",-1.46278200293988,-2.88204001798303,1.74813648956515,2.4558210688929,0.957745656718414,-0.469320226454991,12.7705338184621,4
"Dec-2018",2018,12,2018-12-01,"SouthCentral",0.0961657272727273,0.590154,0.0801667272727273,14.32,0.284,0.437454545454545,0.0903636363636364,11.2269506078922,0.292180132318977,6.96272721963466,8.95541666666667,1.43226247368421,7.6077951583423,1.02631578947368,467900,42930,527161,0.0366666666666667,"Cyanobacteria",-1.23038477540986,-2.34168225014432,1.94057123949787,2.6616571615325,0.359255343421504,-0.527371759192217,13.1752612837133,2
"Jan-2019",2019,1,2019-01-01,"SouthCentral",0.1081961,1.05,0.1102,17.7,0.55,0.6525,0.1283,10.0827619319572,0.303166088628329,15.666082472973,9.61377049180328,1.30766664,7.6795621986962,1,978900,47450,1133577,0.0233333333333333,"Centric Diatoms",-1.1934744763624,-2.22380995758166,2.75149802338753,2.87356463957978,0.268244358166749,0.048790164169432,13.9408886778091,0
"Feb-2019",2019,2,2019-02-01,"SouthCentral",0.0745181,0.894,0.1988222,16.54,0.504,0.703,0.1847,10.3539047777381,0.166241620666514,24.805949314485,9.62479166666667,1.6412386,7.58471776383104,1,1548100,242320,2407685,0.01,"Centric Diatoms",-1.79431300272233,-2.59671323008479,3.21108351611462,2.80578168959555,0.495451200685384,-0.112049503808623,14.6941762629005,0
"Mar-2019",2019,3,2019-03-01,"SouthCentral",0.0261433,0.5927,0.0777609,13.56,0.413333333333333,0.4685,0.0781,12.7154271733909,0.111230081366148,14.3597959042345,9.72949152542373,1.75380704,7.50405720042097,1,2167400,496300,3939117,0.18,"Cryptophytes",-2.19615441786585,-3.6441623354488,2.66443235072204,2.60712428251225,0.561788876495785,-0.523066910188345,15.1864671444822,1
"Apr-2019",2019,4,2019-04-01,"SouthCentral",0.0217088888888889,0.261111111111111,0.0447048888888889,10.92,0.22,0.292555555555556,0.0677777777777778,15.795400019,0.0963086169878185,12.8096052926078,9.64395348837209,1.66963865384615,7.4688628213256,1,1910100,356310,2709344,0.136666666666667,"Pennate Diatoms",-2.34019748351851,-3.83003347609356,2.55019530299114,2.39059597031676,0.512607228073806,-1.34280924918015,14.8122170971324,4
"May-2019",2019,5,2019-05-01,"SouthCentral",0.0330117,0.1956016,0.0675458,11.02,0.176,0.2753,0.0732,16.9781233476852,0.0789388180245891,14.3695651705691,9.30342105263158,1.66359313636364,7.48434624202912,1,1131600,342950,1616351,0.717619047619048,"Cryptophytes",-2.53908218194556,-3.4108932348975,2.66511244010416,2.39971180372477,0.508979803104868,-1.63167534145578,14.2956816974483,1
"Jun-2019",2019,6,2019-06-01,"SouthCentral",0.0221193333333333,0.162233111111111,0.076,10.7,0.21,0.292111111111111,0.0802222222222222,21.6600789874651,0.0539333164767497,13.2545205753092,7.70945945945946,2.04502820833333,7.28178975800786,1,896400,373310,1391814,0.133333333333333,"Cryptophytes",-2.92000687557072,-3.81130324141991,2.58433866974014,2.37024374146786,0.715411583205662,-1.81872102058097,14.1461184902588,1
"Jul-2019",2019,7,2019-07-01,"SouthCentral",0.0334978571428571,0.197,0.0725714285714286,12.04,0.172,0.270857142857143,0.0784285714285714,23.2171971885335,0.112370517503329,13.1861972327724,8.68951219512195,8.983125,7.51565002601351,1.22448979591837,558700,104510,716905,0.57,"Pennate Diatoms",-2.1859536757216,-3.39627380808188,2.57917061832021,2.48823443988067,2.19534781732336,-1.62455155024415,13.4826986142901,4
"Aug-2019",2019,8,2019-08-01,"SouthCentral",0.02410925,0.181608375,0.0845,12.56,0.228,0.3025,0.087875,23.7832539803175,0.110351192473809,11.583636374,8.21621621621622,7.09,7.55495378352971,2.13333333333333,640200,100580,773858,0.113333333333333,"Cyanobacteria",-2.20408734005043,-3.72515969469721,2.44959344478465,2.53051716104005,1.95868534054404,-1.70590269603693,13.5591436732083,2
"Sep-2019",2019,9,2019-09-01,"SouthCentral",0.02221675,0.194724625,0.08125,12.94,0.228,0.332625,0.09075,21.9897585944828,0.105506266728311,11.1087500001786,7.75382978723404,3.382711375,7.50096938688232,2.05555555555556,626100,87620,751408,0.0533333333333333,"Cyanobacteria",-2.2489849275618,-3.80690877009483,2.40773308608662,2.56032328907275,1.21867756987161,-1.63616889797076,13.529704058858,2
"Oct-2019",2019,10,2019-10-01,"SouthCentral",0.045750375,0.232426375,0.0756675,13,0.148106,0.18717725,0.07075,17.3256948669492,0.109565181974046,7.57872726163636,8.87116279069767,2.77148148148148,7.65753597379207,1.825,442700,82910,554134,0.685238095238095,"Cryptophytes",-2.21123563765862,-3.08455529057289,2.02534527812041,2.56494935746154,1.01938200808794,-1.45918177077087,13.2251618137382,1
"Nov-2019",2019,11,2019-11-01,"SouthCentral",0.084145,0.445142857142857,0.0813052857142857,11.34,NA,0.273999142857143,0.074265,14.359729146875,0.19212778528875,6.52333334597778,9.34111111111111,1.682188,7.53995304368544,1.25806451612903,318630,51640,386547,0.0433333333333333,"Cryptophytes",-1.64959457995455,-2.4752137778171,1.87538549467822,2.42833629829961,0.520095327005122,-0.809360021046811,12.8650087437561,1
"Dec-2019",2019,12,2019-12-01,"SouthCentral",0.0983357777777778,0.800444444444444,0.109675444444444,12.2,NA,0.376262111111111,0.0885265555555556,11.0489012439811,0.173287979130769,11.2877215456792,9.58934426229508,1.17722222222222,7.53436181877749,1,601700,112470,739191,0.0266666666666667,"Centric Diatoms",-1.75280044917437,-2.31936735286234,2.42371554607467,2.50143595173921,0.163157614384043,-0.22258815002251,13.5133116239108,0
"Jan-2020",2020,1,2020-01-01,"SouthCentral",0.0928703333333333,0.848756666666667,0.0715773333333333,16.2,NA,0.373333333333333,0.087636,9.93810203302164,0.222040568185846,5.08977778922645,10.3651428571429,3.42317566666667,7.60699041828458,1,510200,70040,600594,NA,"Pennate Diatoms",-1.50489517422882,-2.37655102395404,1.62723417326889,2.78501124223834,1.23056867773655,-0.163982745451812,13.3056744444715,4
"Feb-2020",2020,2,2020-02-01,"SouthCentral",0.096847625,0.73875,0.0474765,15.4,NA,0.359875,0.07454675,11.0476666891979,0.203891299545708,9.39760865190817,10.8082608695652,5.85,7.83891891456606,1,394000,65520,476200,NA,"Pennate Diatoms",-1.59016827251464,-2.33461641188722,2.24045525817794,2.73436750941958,1.76644166124377,-0.302795710261829,13.0735932130349,4
"Mar-2020",2020,3,2020-03-01,"SouthCentral",0.08795275,0.620875,0.046177875,13.12,NA,0.43875,0.085407,13.9268494316414,0.193286130223277,5.76439557734736,9.7121875,1.8425,7.66651559122102,1.03333333333333,374100,65560,466329,NA,"Pennate Diatoms",-1.64358364793776,-2.43095554052162,1.75170030474622,2.57413778351594,0.611123345081355,-0.476625505554623,13.0526466725847,4
"Jun-2020",2020,6,2020-06-01,"SouthCentral",0.0224366666666667,0.317575,0.101666666666667,9.562,0.284,0.359,0.107166666666667,23.2133442873095,0.146701630931579,5.15140983450217,7.7630303030303,3.2655399,7.61224337323655,2.40425531914894,368700,45392,426168,NA,"Cyanobacteria",-1.91935447643366,-3.79705875362763,1.63927043148405,2.25779691020391,1.18342510893545,-1.14704126807261,12.9625889137068,2
"Jul-2020",2020,7,2020-07-01,"SouthCentral",0.02681675,0.169147125,0.098875,11.12,0.254,0.34575,0.10075,24.4587868852459,0.145833029516481,5.11785714711462,7.28605263157895,4.664,7.60647982582841,2.98,427800,29377,467534,NA,"Cyanobacteria",-1.92529294517031,-3.61872858669648,1.63273582549081,2.40874528882244,1.53987344904819,-1.77698638064831,13.0552273523391,2
"Aug-2020",2020,8,2020-08-01,"SouthCentral",0.033043375,0.147921625,0.0818507142857143,8.942,0.26,0.407875,0.108,25.0562727272727,0.206065635366843,5.17720930232558,6.47965517241379,10.8920689655172,7.46632637491378,3.07142857142857,421700,13978,444713,NA,"Centric Diatoms",-1.57956054265494,-3.40993418663579,1.64426616637152,2.19075927781179,2.3880349065503,-1.91107270629568,13.0051844092624,0
"Sep-2020",2020,9,2020-09-01,"SouthCentral",0.03349525,0.294872625,0.124571428571429,11.56,0.26,0.3875,0.132125,22.536511627907,0.300726184075767,3.8690243902439,7.11066666666667,5.04768218181818,7.69282556248876,2.75,349200,17338,374211,NA,"Pennate Diatoms",-1.20155511570592,-3.39635164124919,1.35300237971606,2.44755086324423,1.61892916402912,-1.22121179554701,12.832575088435,4
"Oct-2020",2020,10,2020-10-01,"SouthCentral",0.031523,0.532299125,0.128571428571429,11.42,0.21,0.339125,0.11475,19.6269434033962,0.242990669937807,2.57208333410417,8.13666666666667,2.63926309375,7.52229126512872,1.6304347826087,266270,35885,311044,NA,"Cyanobacteria",-1.41473223169637,-3.45703784085659,0.944716206357551,2.43536620422786,0.97049974703857,-0.630549682614658,12.6476896602538,2
"Nov-2020",2020,11,2020-11-01,"SouthCentral",0.021277375,0.500944625,0.081993375,9.64,0.224,0.274875,0.08375,13.7736666480628,0.2623887625758,3.55408162088978,9.48513513513513,1.10890823529412,7.66306663140522,1.5,253630,31642,295826,NA,"Centric Diatoms",-1.33792804837878,-3.85011097738074,1.26809669539159,2.26592110862245,0.103375959492984,-0.691259712948162,12.597526722624,0
"Dec-2020",2020,12,2020-12-01,"SouthCentral",0.03547075,0.26251525,0.057,10.4,0.206666666666667,0.27275,0.04575,10.2572769318801,0.294409988793536,4.04753844393217,10.3169444444444,2.666475625,7.55048006210535,1.03333333333333,272160,28598,311105,NA,"Pennate Diatoms",-1.22278196337713,-3.33904686579089,1.39810890471656,2.34180580614733,0.980757609820414,-1.33744610339983,12.6478857547591,4
"Mar-2021",2021,3,2021-03-01,"SouthCentral",0.0735881666666667,1.0152,0.1496,15.22,0.464,0.566833333333333,0.122666666666667,13.168329994278,0.267180011712682,5.47778951283351,10.2845,4.66323529411765,7.78441997632809,1,293170,30636,337979,NA,"Cryptophytes",-1.3198326465823,-2.60927104515914,1.70070164601239,2.72261035243354,1.53970947636819,0.015085637418041,12.7307390423575,1
"Apr-2021",2021,4,2021-04-01,"SouthCentral",0.03285375,0.828181818181818,0.107285714285714,11.844,0.43,0.6215,0.107875,17.4731666698456,0.261558603025238,3.15771928862522,8.96225806451613,5.83955667741936,7.75060419091683,1.09375,235860,36305,288575,NA,"Pennate Diatoms",-1.34109691723757,-3.41568938531559,1.14985002291021,2.47182141023934,1.76465488255792,-0.188522561526504,12.5727102964831,4
"May-2021",2021,5,2021-05-01,"SouthCentral",0.0293748461538462,0.394905866666667,0.109416666666667,9.198,0.269,0.364230769230769,0.0986923076923077,20.2587458077468,0.212247912078668,10.6903390523317,10.4074418604651,3.83777766666667,7.7313488066261,1.24137931034483,220860,26626,263070,NA,"Cryptophytes",-1.55000029092426,-3.5276165438474,2.36934044130964,2.21898606911773,1.34489346643037,-0.929107854718175,12.4801754354415,1
"Jun-2021",2021,6,2021-06-01,"SouthCentral",0.0449816666666667,0.363159666666667,0.1085,7.896,0.199685222222222,0.34225,0.137083333333333,22.8786024969098,0.252724431878843,6.73036145864225,8.34116279069768,3.27576923076923,7.61023091455012,2.21428571428571,197950,32162,238953,NA,"Cryptophytes",-1.37545558592617,-3.10150027963217,1.90662885077935,2.06635630213118,1.18655272113151,-1.01291268834808,12.3840221588553,1
"Jul-2021",2021,7,2021-07-01,"SouthCentral",0.0316545384615385,0.1558344375,0.110538461538462,10.75,0.263,0.396923076923077,0.123384615384615,24.2449999755076,0.237869537865518,5.631451595882,7.53432432432432,7.19964285714286,7.43592479009066,2.72727272727273,231100,38330,278349,NA,"Cyanobacteria",-1.43603291583432,-3.4528737453628,1.72836724122442,2.37490575457367,1.97403142161713,-1.85896113338511,12.536631001006,2
"Aug-2021",2021,8,2021-08-01,"SouthCentral",0.0233575384615385,0.185538647058824,0.104769230769231,11.42,0.262,0.460384615384615,0.120923076923077,23.9634262108197,0.221538310347329,5.42199999793333,7.06953488372093,9.01466666666667,7.33899383944632,1.97959183673469,234640,28073,270556,NA,"Cyanobacteria",-1.50715974577389,-3.75683550065233,1.69046475069531,2.43536620422786,2.19885288056032,-1.68449207869465,12.5082343798717,2
"Sep-2021",2021,9,2021-09-01,"SouthCentral",0.0246226153846154,0.2531349375,0.101101153846154,11.9,0.232,0.320846153846154,0.0937692307692308,23.7166128847913,0.257860501538362,4.44112902840704,7.09063829787234,2.30035714285714,7.38338760927018,1.97959183673469,228240,11653,246664,NA,"Cyanobacteria",-1.35533653199877,-3.70408993378599,1.49090862979627,2.47653840011748,0.833064390383595,-1.3738325826327,12.415782365643,2
"Oct-2021",2021,10,2021-10-01,"SouthCentral",0.0211137692307692,0.391705625,0.0856493846153846,10.468,0.219,0.242282692307692,0.0946153846153846,17.8225531753192,0.303467904632758,5.16765957121277,7.95322580645161,1.40304486666667,7.50508279145772,1.31707317073171,363980,25388,416703,NA,"Pennate Diatoms",-1.19247942487276,-3.85782988115281,1.64241989186727,2.3483229846679,0.338644779701425,-0.937244677933503,12.9401290168087,4
"Nov-2021",2021,11,2021-11-01,"SouthCentral",0.0646467857142857,0.59765125,0.096714,12.98,0.327272727272727,0.421857142857143,0.105571428571429,15.7295909263636,0.22511677020099,5.49136363659091,7.39142857142857,0.823799545454545,7.2363153743214,1.125,258180,22208,293048,NA,"Pennate Diatoms",-1.4911360327295,-2.73881689326344,1.70317661021454,2.56340971127594,-0.193828048747066,-0.514747889135194,12.5880916971074,4
"Dec-2021",2021,12,2021-12-01,"SouthCentral",0.0502736,0.956019538461538,0.085449,15.26,0.31,0.4283,0.0886,11.1746410231957,0.282638623927318,6.56128201619173,9.6004,1.27512186363636,7.50396707825872,1.05263157894737,554030,31130,638445,NA,"Cryptophytes",-1.26358614458406,-2.99027519055352,1.8811860131597,2.72523502585631,0.243041753365615,-0.0449769284183087,13.3667908113553,1
"Jan-2022",2022,1,2022-01-01,"SouthCentral",0.0975738,1.22630769230769,0.112,17.64,0.644444444444444,0.7623,0.1242,9.71426192288339,0.207966973242231,7.97361446083926,9.68946428571429,1.073283125,7.532982050045,1,528100,33884,585080,NA,"Pennate Diatoms",-1.57037599437736,-2.32714626422321,2.07613789825922,2.87016905057865,0.0707222918437742,0.204007778544195,13.279503869001,4
"Feb-2022",2022,2,2022-02-01,"SouthCentral",0.0364145454545455,1.02833333333333,0.0831732727272727,16.48,0.3925,0.497,0.102545454545455,11.0729629700396,0.185045786002924,6.06388890123527,10.7143636363636,1.889673,7.66889870294042,1,341400,37539,395671,NA,"Cryptophytes",-1.68715199261719,-3.31278698375882,1.80235132713584,2.80214752448133,0.636403798229562,0.0279393686892414,12.8883383368435,1
"Mar-2022",2022,3,2022-03-01,"SouthCentral",0.0257646666666667,0.677,0.0473449166666667,11.442,0.32,0.408083333333333,0.0600833333333333,14.4236762013473,0.18748246475124,4.89161906729369,9.87492753623188,1.75910565384615,7.7701575077352,1.06666666666667,325390,29944,369805,NA,"Centric Diatoms",-1.67406995927178,-3.65875123473308,1.58752334629214,2.43729079584634,0.564805528673696,-0.390084006069862,12.8207311186658,0
"Apr-2022",2022,4,2022-04-01,"SouthCentral",0.0402151538461538,0.5973815,0.0725349230769231,8.704,0.272,0.368538461538462,0.0842307692307692,17.4818860640636,0.196048165300937,5.1733333717712,8.78781818181818,2.0872,7.79021441129491,1.03225806451613,246940,28322,304353,NA,"Cryptophytes",-1.62939490860976,-3.21351139304213,1.64351723351696,2.16378269011359,0.735823454840382,-0.515199341205577,12.6259434909459,1
"May-2022",2022,5,2022-05-01,"SouthCentral",0.026448,0.391517888888889,0.077722,8.32,0.227272727272727,0.332307692307692,0.0886923076923077,19.3403164219881,0.156889550139606,5.01329112963085,8.54375,2.54190475675676,7.844360510494,1.0625,222180,22158,266068,NA,"Cryptophytes",-1.85221322350319,-3.63257473790347,1.61209261152643,2.11866225483312,0.9329137042277,-0.937724071392401,12.4915071941915,1
"Jun-2022",2022,6,2022-06-01,"SouthCentral",0.0298437142857143,0.320722875,0.107142857142857,8.772,0.241818181818182,0.275802142857143,0.115428571428571,23.1146376976173,0.211178655845076,3.48768115802514,7.60263157894737,2.22793103448276,7.62247712202686,1.8780487804878,266000,20927,299507,NA,"Cryptophytes",-1.55505079359667,-3.5117810380109,1.24923709075184,2.17156483055564,0.8010733675836,-1.13717784648253,12.6098930685517,1
"Jul-2022",2022,7,2022-07-01,"SouthCentral",0.0282903571428571,0.1310144,0.0949285714285714,9.828,0.204166666666667,0.3825,0.1105,24.9760701754386,0.239635700474142,4.8708772147193,7.55488372093023,6.19103448275862,7.63005521581072,2.525,375300,7859,395272,NA,"Cryptophytes",-1.42863542353085,-3.5652342693985,1.58327404709945,2.28523545465893,1.82310219434207,-2.03244803815803,12.8873294144968,1
"Aug-2022",2022,8,2022-08-01,"SouthCentral",0.0211164615384615,0.273867125,0.0783623076923077,10.788,0.166821909090909,0.277153846153846,0.0889230769230769,24.97093442,0.232245020352011,4.62737705232787,7.74978723404255,2.96620689655172,7.46952776176943,2,307420,6072,324786,NA,"Cyanobacteria",-1.45996234241359,-3.85770237497314,1.53199019619367,2.37843440527748,1.08728399736912,-1.29511223547352,12.6909217828924,2
"Sep-2022",2022,9,2022-09-01,"SouthCentral",0.0255825,0.332161333333333,0.08381675,11.638,0.1669194,0.2525,0.09375,23.9226406309375,0.264092232593234,4.33859375607812,7.71666666666667,3.42076923076923,7.60642052770747,1.8936170212766,262580,8272,281821,NA,"Centric Diatoms",-1.33145687096641,-3.66584675500336,1.46755027626987,2.45427560623448,1.22986544706107,-1.10213448432299,12.549027396607,0
"Oct-2022",2022,10,2022-10-01,"SouthCentral",0.0271529285714286,0.228484235294118,0.0650294285714286,9.464,0.163734166666667,0.224,0.0804285714285714,20.4194827618966,0.257761666738262,3.87551723298276,7.78760869565217,2.87266924242424,7.60226425296684,1.89130434782609,212230,26143,243054,NA,"Centric Diatoms",-1.35571989333345,-3.60627037206839,1.35467913337714,2.24749512667609,1.05524164716852,-1.47628806317623,12.4010389198572,0
"Nov-2022",2022,11,2022-11-01,"SouthCentral",0.0278312142857143,0.241566133333333,0.0558423571428571,9.37,0.18,0.233642857142857,0.0680714285714286,12.8380925784815,0.287711827698423,3.26851852148367,9.73357142857143,1.686,7.69051588169708,1.30952380952381,205380,20094,229923,NA,"Cryptophytes",-1.24579589804819,-3.58159707213913,1.18433683071626,2.23751309625033,0.522358859579664,-1.42061199934758,12.3454997492444,1
"Dec-2022",2022,12,2022-12-01,"SouthCentral",0.0528997,0.571538461538462,0.0448586,9.886,0.23,0.307075,0.072,9.73789745916774,0.302102223071173,6.4985897532467,9.954,1.415,7.60633935391541,1,362750,36333,471991,NA,"Centric Diatoms",-1.19698983189042,-2.93935761121147,1.87158519232317,2.29111961488477,0.347129531095201,-0.559423498731869,13.0647151965893,0
"Jan-2023",2023,1,2023-01-01,"SouthCentral",0.227888888888889,1.51191666666667,0.158261777777778,NA,0.732857142857143,1.03255555555556,0.224333333333333,10.1670786838076,0.162740426691055,54.5673033213698,8.84898305084746,1.47695652173913,7.23478239443665,1,1899500,396890,2959659,NA,"Centric Diatoms",-1.81559882179833,-1.47889709824598,3.99943486310646,NA,0.389983566243343,0.413378161600026,14.9005846169612,0
"Feb-2023",2023,2,2023-02-01,"SouthCentral",0.067296,1.10708333333333,0.118555555555556,NA,0.475714285714286,0.660222222222222,0.139111111111111,9.66930489429592,0.168409026836221,14.5454878642691,10.1654385964912,3.18235294117647,7.30044257900398,1,538700,131610,712554,NA,"Centric Diatoms",-1.78135957507002,-2.69865447946185,2.67728083310133,NA,1.15762084179622,0.101728929423777,13.4766109777268,0
"Mar-2023",2023,3,2023-03-01,"SouthCentral",0.11495175,0.6614375,0.125875,NA,0.498333333333333,0.69875,0.165,11.2722988834455,0.116092911329194,26.5341379861805,9.68290909090909,5.55,7.27192618240331,1,1810900,732590,3154313,NA,"Pennate Diatoms",-2.15336444873841,-2.16324280387839,3.27843212983473,NA,1.71379792775834,-0.413339782128194,14.9642812806428,4
"Apr-2023",2023,4,2023-04-01,"SouthCentral",0.039435375,0.271166666666667,0.068375,NA,0.258333333333333,0.317,0.095625,15.4215945688792,0.0760364320182957,12.2971620961881,9.6742,2.9635,7.29235367629453,1,1369000,853200,2329955,NA,"Centric Diatoms",-2.57654268489447,-3.23309202285826,2.50936851187038,NA,1.08637100224576,-1.30502164099115,14.6613595120507,0
"May-2023",2023,5,2023-05-01,"SouthCentral",0.0228104285714286,0.109381333333333,0.103571428571429,NA,0.235,0.300428571428571,0.138428571428571,18.7655171954159,0.0525655214229085,8.44172412641307,8.01382352941176,2.8204,7.04348854971788,1,1439100,763000,2256654,NA,"Centric Diatoms",-2.94569486042001,-3.78053745411055,2.13318656812617,NA,1.03687871886275,-2.21291503121887,14.6293937432061,0
"Jun-2023",2023,6,2023-06-01,"SouthCentral",0.0227627142857143,0.0981538461538462,0.0898571428571429,NA,0.21,0.325428571428571,0.106285714285714,20.4969999931711,0.0456549773408954,11.9361818526471,7.60925925925926,3.56181818181818,6.88288918617154,1,767000,581780,1372292,NA,"Centric Diatoms",-3.08664264522552,-3.78263141999296,2.47957427898937,NA,1.27027113971802,-2.32121917253894,14.1319928926116,0
"Jul-2023",2023,7,2023-07-01,"SouthCentral",0.03155475,0.183016285714286,0.1,NA,0.218333333333333,0.343375,0.117,24.3529464761502,0.0729480465916704,15.2871429273174,7.01885714285714,6.1516,7.06646170423204,1,439200,190700,643630,NA,"Centric Diatoms",-2.61800778173073,-3.45603114665201,2.72701214357403,NA,1.81671221058363,-1.69818013712612,13.374879305817,0
"Aug-2023",2023,8,2023-08-01,"SouthCentral",0.045731,0.261635846153846,0.087,NA,0.18,0.299142857142857,0.0957142857142857,23.5789772640909,0.10191015573961,11.4490908788636,8.414,9.55545454545454,7.26972431325083,1.12121212121212,537500,107040,655194,NA,"Cryptophytes",-2.28366367993536,-3.08497887406821,2.43791032762208,NA,2.25711214803689,-1.3408016422044,13.3926866539699,1
"Sep-2023",2023,9,2023-09-01,"SouthCentral",0.0376045,0.408105142857143,0.075625,NA,0.16,0.26125,0.084875,22.4327069096552,0.132477309424928,10.5533962013208,7.4609756097561,5.24037037037037,7.31974004550695,1.67441860465116,547900,56420,613595,NA,"Centric Diatoms",-2.02134389784393,-3.28063155489641,2.35644772293575,NA,1.65639217720353,-0.896230434696478,13.327090380371,0
"Oct-2023",2023,10,2023-10-01,"SouthCentral",0.02321975,0.4241045,0.067524125,NA,0.176666666666667,0.25025,0.0675,19.2763508572105,0.134110190255424,9.89333333483913,8.17068181818182,4.78071428571429,7.28357888029555,1.44186046511628,371870,77050,478832,NA,"Centric Diatoms",-2.00909350160826,-3.76275206935089,2.29186112978327,NA,1.56458996749729,-0.857775391852863,13.0791050841837,0
"Nov-2023",2023,11,2023-11-01,"SouthCentral",0.0296505714285714,0.684384615384615,0.0665714285714286,NA,0.164,0.268142857142857,0.0623607142857143,13.6878919381081,0.179106375394371,9.05405412286487,9.5052,2.205,7.34476129785569,1.24,249470,47640,316995,NA,"Centric Diatoms",-1.7197753737072,-3.51827388125965,2.20321262678084,NA,0.790727508898809,-0.379235216198906,12.6666412798644,0
"Dec-2023",2023,12,2023-12-01,"SouthCentral",0.059169,0.895593285714286,0.05606625,NA,0.169932333333333,0.267125,0.06025,11.3899531607554,0.2651839493669,5.67301583621056,9.79916666666667,1.822,7.53367562420371,1.11428571428571,397260,40430,460735,NA,"Cryptophytes",-1.32733154525125,-2.82735752289266,1.73572086984601,NA,0.599934798837767,-0.11026889125495,13.0405783193863,1
"Jan-2024",2024,1,2024-01-01,"SouthCentral",0.11570875,0.637,0.053289125,NA,0.24,0.40175,0.0625,10.7687719599323,0.285526703679872,12.1431578526455,9.8409756097561,1.43136595454545,7.49948684093178,1.07407407407407,826800,72550,962832,NA,"Cryptophytes",-1.25341972123069,-2.15667902102148,2.49676587146388,NA,0.358629201315072,-0.450985623409974,13.7776342207326,1
"Feb-2024",2024,2,2024-02-01,"SouthCentral",0.100628875,0.966,0.105,NA,0.358333333333333,0.55225,0.106375,12.2932000311577,0.165690147625018,27.8018867596588,9.1425641025641,1.926,7.34126304835589,1,1692100,207790,2406632,NA,"Pennate Diatoms",-1.79763581543013,-2.2963160346681,3.32510388744607,NA,0.655445313375934,-0.0345914447696191,14.693738817665,4
"Mar-2024",2024,3,2024-03-01,"SouthCentral",0.0387208571428571,0.551428571428571,0.0888571428571429,NA,0.3588,0.475,0.100142857142857,13.9089137963413,0.143111851038458,12.0608620509955,9.80405405405405,2.7405,7.42313798340816,1.08695652173913,1600100,202900,2075675,NA,"Centric Diatoms",-1.94412877936764,-3.25137687986482,2.4899656689265,NA,1.00814038550403,-0.595242965578574,14.5457969599528,0
"Apr-2024",2024,4,2024-04-01,"SouthCentral",0.0415436666666667,0.4165,0.069969,NA,0.264,0.3495,0.0811666666666667,16.4206031445028,0.135047968731289,10.9269840933525,9.25864864864865,2.46473684210526,7.51907607135399,1,996000,158840,1251136,NA,"Cryptophytes",-2.00212523972084,-3.18101019609385,2.391235334868,NA,0.90208504402901,-0.87586881737524,14.0395624965698,1
"May-2024",2024,5,2024-05-01,"SouthCentral",0.027723,0.238375,0.078625,NA,0.213333333333333,0.33025,0.088625,18.7398307836879,0.096748872014535,12.5630769912517,8.81166666666667,2.00096774193548,7.48381421822424,1,706600,192410,962806,NA,"Cryptophytes",-2.33563660590471,-3.58549288540812,2.53076211441643,NA,0.69363093449988,-1.43391021506155,13.7776072166955,1
"Jun-2024",2024,6,2024-06-01,"SouthCentral",0.04097325,0.144163,0.09925,NA,0.201666666666667,0.326375,0.1105,23.128175639551,0.102214144960722,9.32945204632303,8.26545454545455,2.60461538461538,7.48560970991848,1.24324324324324,431400,83710,548616,NA,"Centric Diatoms",-2.28068520608584,-3.19483586423318,2.23317628283692,NA,0.957285019243453,-1.93681067512776,13.215154022208,0
"Sep-2013",2013,9,2013-09-01,"Suisun Bay",0.07,0.456666666666667,0.0966666666666667,13.9666666666667,0.166666666666667,0.366666666666667,0.1,21.3123076923077,9.56925485119242,27.6586206896552,8.3,2.04333333333333,8.10531995211229,1.03846153846154,404400,25472,444467,3.17,"Centric Diatoms",2.25855533944409,-2.65926003693278,3.3199374583864,2.63667353825998,0.71458246128001,-0.783801548828076,13.0046310904602,0
"Nov-2013",2013,11,2013-11-01,"Suisun Bay",0.123333333333333,0.44,0.0866666666666667,11.9,0.3,0.6,0.143333333333333,14.967,11.7817958794439,16.9689655172414,8.53333333333333,2.02285714285714,7.97221691940543,1,263500,32614,306404,1.355,"Pennate Diatoms",2.46655561816958,-2.09286456201198,2.83138611788546,2.47653840011748,0.70451093921026,-0.82098055206983,12.6326597715936,4
"Jan-2014",2014,1,2014-01-01,"Suisun Bay",0.216666666666667,0.48,0.06,11.10478385,0.333333333333333,0.7,0.116666666666667,9.71193550232918,13.2478678203965,14.7715,9.96666666666667,4.145,7.8654726931164,NA,196200,24462,233755,0.815,"Centric Diatoms",2.58383662026799,-1.52939520476056,2.69269964859727,2.40737599295165,1.42190278858726,-0.7339691750802,12.3620288372965,0
"Feb-2014",2014,2,2014-02-01,"Suisun Bay",0.19,0.686666666666667,0.07,13.30662864,0.366666666666667,0.666666666666667,0.106666666666667,11.5345160921158,9.89133596740639,20.5495239820934,9.6,2.025,7.84828052556464,NA,300630,23013,342333,0.42,"Centric Diatoms",2.29165921916157,-1.66073120682165,3.02283777678556,2.58826230505564,0.705569700558502,-0.37590630586662,12.7435392265323,0
"Mar-2014",2014,3,2014-03-01,"Suisun Bay",0.176666666666667,0.813333333333333,0.09,17.01335599,0.4,0.766666666666667,0.136666666666667,14.9354054569554,6.20399482167171,25.1925926208496,8.53333333333333,3.595,7.76673100438969,NA,458020,26263,504119,1.04,"Cyanobacteria",1.8251934106382,-1.73349056110408,3.22655000769041,2.83399868206816,1.27954399117301,-0.206614249362999,13.1305676302948,2
"Apr-2014",2014,4,2014-04-01,"Suisun Bay",0.1,0.66,0.09,15.53342969,0.4,0.633333333333333,0.14,16.3528570992606,6.77261703251955,39.2319998703003,8.83333333333333,2.13,7.84707332312058,NA,289100,53362,365255,1.185,"Cryptophytes",1.91288757537702,-2.30258509299405,3.66949273700778,2.74299445566313,0.756121979721334,-0.415515443961666,12.8083510187732,1
"May-2014",2014,5,2014-05-01,"Suisun Bay",0.0733333333333333,0.54,0.08,13.23289011,0.4,0.6,0.156666666666667,19.075757633556,9.92572038096283,24.6373913043478,8.28333333333333,2.51833333333333,7.99235837026785,NA,178240,47566,254124,1.23,"Centric Diatoms",2.29512940640404,-2.61274002129789,3.20426526067196,2.58270540551703,0.923597307056593,-0.616186139423817,12.4455776158516,0
"Jun-2014",2014,6,2014-06-01,"Suisun Bay",0.0533333333333333,0.62,0.103333333333333,11.76389998,0.333333333333333,0.7,0.16,20.5975674953976,12.3830716084803,33.4740740740741,7.9,2.56833333333333,8,1,267000,9760,306854,1.61,"Cyanobacteria",2.51633034702173,-2.93119375241642,3.51077123097285,2.46503551844547,0.943257180103969,-0.478035800943,12.6341273434175,2
"Jul-2014",2014,7,2014-07-01,"Suisun Bay",0.0433333333333333,0.543333333333333,0.106666666666667,11.36683904,0.5,0.866666666666667,0.17,21.2610000635783,11.7920333437111,56.2740741235239,7.81666666666667,2.34666666666667,7.83084383570568,1.16666666666667,283470,8718,321337,1.915,"Pennate Diatoms",2.46742416309827,-3.13883311719466,4.03023393394352,2.43070026031576,0.852995881501841,-0.610032273849439,12.6802456956479,4
"Aug-2014",2014,8,2014-08-01,"Suisun Bay",0.03,0.466666666666667,0.1,10.59936412,0.3,0.533333333333333,0.16,20.6226315789474,12.4337001563667,43.96,7.73333333333333,2.185,8,1.16666666666667,264850,8674,295825,1.94,"Centric Diatoms",2.52041054073949,-3.50655789731998,3.78328012953542,2.36079401063938,0.781615828547554,-0.762140052046897,12.5975233422528,0
"Sep-2014",2014,9,2014-09-01,"Suisun Bay",0.04,0.466666666666667,0.12,10.10445133,0.333333333333333,0.433333333333333,0.133333333333333,20.4461538461538,11.7789466558838,39.9689655172414,7.35,2.11666666666667,8.0122821040102,1.46153846153846,247630,9746,273701,2.9,"Pennate Diatoms",2.46631375621894,-3.2188758248682,3.68810329090823,2.31297605249872,0.749842524236491,-0.762140052046897,12.5197915486575,4
"Oct-2014",2014,10,2014-10-01,"Suisun Bay",0.0333333333333333,0.44,0.11,10.34293037,0.433333333333333,0.5,0.13,20.8992307692308,13.9799637285548,21.451724137931,7.26666666666667,2.74833333333333,7.97878638802314,1.19230769230769,196060,16677,241424,2.29466666666667,"Green Algae",2.63762514227832,-3.40119738166216,3.0658050215345,2.33630323028367,1.01099466734345,-0.82098055206983,12.3943100027534,3
"Nov-2014",2014,11,2014-11-01,"Suisun Bay",0.0833333333333333,0.483333333333333,0.1,11.92833472,0.266666666666667,0.466666666666667,0.12,17.1541025641026,12.4155241891899,15.948275862069,8.25,1.725,7.866035468024,1,227900,28688,277894,1.535,"Cyanobacteria",2.51894764031526,-2.484906649788,2.76935072696601,2.47891663877227,0.545227050483323,-0.727048732235627,12.5349950249973,2
"Dec-2014",2014,12,2014-12-01,"Suisun Bay",0.176666666666667,0.6,0.0866666666666667,16.05499091,0.466666666666667,0.8,0.133333333333333,14.2613725490196,10.9183785103229,19.7746341463415,8.41666666666667,1.005,7.51624103111051,1,1025050,37582,1164565,1.165,"Cyanobacteria",2.39044747122565,-1.73349056110408,2.98440001266546,2.77601976136256,0.00498754151103897,-0.510825623765991,13.9678581846964,2
"Jan-2015",2015,1,2015-01-01,"Suisun Bay",0.156666666666667,0.456666666666667,0.0666666666666667,13.98585298,0.466666666666667,0.8,0.136666666666667,10.3075862397819,6.04059304391675,36.0578945762233,8.86666666666667,0.943333333333333,7.70330781488395,NA,332730,27417,387353,0.53,"Cyanobacteria",1.79850219320572,-1.85363487294614,3.58512582938794,2.63804631728591,-0.0583355770129634,-0.783801548828076,12.8670917009636,2
"Feb-2015",2015,2,2015-02-01,"Suisun Bay",0.206666666666667,0.506666666666667,0.07,16.06087826,0.3,0.766666666666667,0.143333333333333,13.1222580522107,7.20780540577917,26.6238095328921,8.6,1.64333333333333,7.69235837026785,NA,500340,25538,583723,0.435,"Cyanobacteria",1.97516452296314,-1.57664808961111,3.28180591065032,2.77638639320022,0.496726699386489,-0.679901953809925,13.2771818342189,2
"Mar-2015",2015,3,2015-03-01,"Suisun Bay",0.103333333333333,0.506666666666667,0.0766666666666667,12.61854044,0.466666666666667,0.9,0.133333333333333,15.5708108468958,8.04779031036864,28.9407407266122,8.5,2.78833333333333,7.9716640627537,NA,247160,19793,319724,0.92,"Cyanobacteria",2.08539755814328,-2.26979527017105,3.36525031612845,2.53516719590793,1.02544404577068,-0.679901953809925,12.6752134026088,2
"Apr-2015",2015,4,2015-04-01,"Suisun Bay",0.103333333333333,0.403333333333333,0.06,10.89146278,0.366666666666667,0.633333333333333,0.14,16.9145945327346,9.27318994706906,25.5407406771624,8.53333333333333,2.24,7.88976800541023,NA,190240,26244,273969,0.625,"Centric Diatoms",2.22712743549367,-2.26979527017105,3.24027485085586,2.38797925115663,0.806475865866949,-0.90799192905946,12.5207702402834,0
"May-2015",2015,5,2015-05-01,"Suisun Bay",0.0933333333333333,0.54,0.103333333333333,10.27730853,0.366666666666667,0.666666666666667,0.15,17.4896773701329,11.2306733055572,30.0476190203712,8.23333333333333,2.22,7.9,NA,226930,10506,287711,1.08103448275862,"Centric Diatoms",2.41864872292432,-2.371577964481,3.40278342391097,2.32993840959933,0.797507195884188,-0.616186139423817,12.5697117830805,0
"Jun-2015",2015,6,2015-06-01,"Suisun Bay",0.0733333333333333,0.583333333333333,0.1,10.0666666666667,0.433333333333333,0.6,0.153333333333333,20.2276922783485,11.5136625952667,26.5517242102787,7.7,2.89,7.80977153860398,1.05882352941176,206580,5737,276476,1.755,"Centric Diatoms",2.4435343819565,-2.61274002129789,3.27909468758604,2.30922963571271,1.06125650212434,-0.538996500732687,12.5298792969006,0
"Jul-2015",2015,7,2015-07-01,"Suisun Bay",0.0433333333333333,0.526666666666667,0.11,10.00285493,0.433333333333333,0.633333333333333,0.166666666666667,21.6773333587646,12.7987075601069,40.9500001907349,7.7875,6.6925,7.85700744776168,1.15384615384615,244470,3779,305633,3.43,"Centric Diatoms",2.54934419396092,-3.13883311719466,3.71235181495683,2.30287054524867,1.90098749641237,-0.641187441629234,12.6301403147378,0
"Aug-2015",2015,8,2015-08-01,"Suisun Bay",0.0268106666666667,0.353333333333333,0.0833333333333333,8.94697146,0.5,0.766666666666667,0.143333333333333,21.385,12.9367881701154,29.9755555555556,7.944,2.27571428571429,7.79944504966104,1.22222222222222,241170,4649,299895,5.69,"Centric Diatoms",2.56007504884448,-3.61895546070003,3.40038223470531,2.19131509066432,0.822293974866644,-1.04034338054413,12.611187692374,0
"Sep-2015",2015,9,2015-09-01,"Suisun Bay",0.025406,0.393333333333333,0.0866666666666667,8.58353522,0.5,0.633333333333333,0.13,21.6110256410256,13.2784356916897,19.1241379310345,7.55,1.54857142857143,7.87008646304856,1.17241379310345,237030,6380,291499,4.53,"Cyanobacteria",2.58614134280952,-3.67276991238087,2.9509513031952,2.14984585894173,0.437332846956187,-0.933097850190536,12.5827918542351,2
"Oct-2015",2015,10,2015-10-01,"Suisun Bay",0.0198523333333333,0.51,0.106666666666667,8.80768158,0.4,0.533333333333333,0.12,19.97725,12.8435175492238,17.348275862069,7.6625,1.68142857142857,7.92003456072282,1,217150,15994,241902,2.82344827586207,"Cryptophytes",2.55283921317546,-3.91943373047844,2.8534931275108,2.17562424754075,0.519643772216872,-0.673344553263766,12.3962879644432,1
"Nov-2015",2015,11,2015-11-01,"Suisun Bay",0.0433333333333333,0.53,0.103333333333333,8.89870884,0.288445,0.433333333333333,0.123333333333333,17.1144444444444,13.1752491045215,22.5413793103448,8.11666666666667,1.07333333333333,7.80901337132767,1,183660,26765,218671,1.96,"Centric Diatoms",2.57834000161275,-3.13883311719466,3.11535270063221,2.18590619205652,0.0707690708882072,-0.63487827243597,12.2953235961349,0
"Dec-2015",2015,12,2015-12-01,"Suisun Bay",0.0966666666666667,0.493333333333333,0.09,8.3367533,0.4,0.733333333333333,0.133333333333333,11.0791111111111,13.9573499564844,20.4714285714286,9.18333333333333,1.66333333333333,7.74808329449725,1,326810,23978,367825,2.015,"Centric Diatoms",2.63600624811661,-2.33648664466973,3.01903018577881,2.12067384801069,0.508823621095318,-0.706570200892086,12.8153625605661,0
"Jan-2016",2016,1,2016-01-01,"Suisun Bay",0.186666666666667,0.523333333333333,0.0733333333333333,10.9424982,0.3,0.666666666666667,0.12,9.77620687024347,8.28186930038464,25.8571427209037,9.84285714285714,1.57285714285714,7.79235837026785,1,849530,50308,950957,1.025,"Centric Diatoms",2.11406870383303,-1.67843078392105,3.25258687694159,2.39265412558667,0.452893801679275,-0.647536669307893,13.7652241249427,0
"Feb-2016",2016,2,2016-02-01,"Suisun Bay",0.124,0.524,0.048,16.95104706,0.36,0.6,0.094,11.9959259400544,3.49184122283032,45.9260868155438,9.45,1.20888888888889,7.65214264503042,1,613800,30418,676251,0.875,"Cyanobacteria",1.25042916810923,-2.0874737133771,3.8270332958303,2.83032960536989,0.189701664091577,-0.646263594661095,13.4243195878848,2
"Mar-2016",2016,3,2016-03-01,"Suisun Bay",0.106666666666667,0.47,0.0566666666666667,14.85986277,0.333333333333333,0.533333333333333,0.1,14.4754053641654,1.98359095768576,36.912121032946,8.92142857142857,2.58142857142857,7.84808329449725,1,1667500,61775,2120145,1.02,"Cyanobacteria",0.684908817085328,-2.23804657185647,3.60853998038533,2.69866380438829,0.948342955548824,-0.755022584278033,14.5669950405357,2
"Apr-2016",2016,4,2016-04-01,"Suisun Bay",0.084,0.26,0.048,15.1215803066667,0.22,0.46,0.108,16.9610343906797,1.85254169519678,52.7608692749687,9.05,11.4877777777778,7.9372867275086,1,583100,52976,684953,0.605,"Pennate Diatoms",0.61655858546344,-2.47693848013882,3.96576980373629,2.71612288292648,2.44128366826238,-1.34707364796661,13.4371055017517,4
"May-2016",2016,5,2016-05-01,"Suisun Bay",0.0966666666666667,0.213333333333333,0.0533333333333333,10.30495787,0.366666666666667,0.566666666666667,0.136666666666667,18.0928125715256,6.13815161655853,68.8809521811349,8.62857142857143,9.38285714285714,7.90840730777329,1,413200,60680,509451,1.17,"Centric Diatoms",1.81452365718907,-2.33648664466973,4.23237968379186,2.33262512602742,2.23888431608886,-1.54489939129653,13.1410889543017,0
"Jun-2016",2016,6,2016-06-01,"Suisun Bay",0.08,0.233333333333333,0.0566666666666667,8.95585913,0.333333333333333,0.566666666666667,0.126666666666667,20.7457894536069,7.90004170389204,41.0222222504792,8.34714285714286,3.26428571428571,7.88976800541023,1.06666666666667,415200,18285,465964,1.65,"Pennate Diatoms",2.06686803843272,-2.52572864430826,3.7141139259813,2.19230796949266,1.1830409682849,-1.45528723260684,13.0518636569047,4
"Jul-2016",2016,7,2016-07-01,"Suisun Bay",0.0366666666666667,0.286666666666667,0.06,10.0666666666667,0.333333333333333,0.5,0.113333333333333,21.2957143129621,8.40162061477257,53.2904764811198,8.37666666666667,2.56666666666667,7.88221691940543,1.53333333333333,571700,9671,614099,2.005,"Cyanobacteria",2.12842461757067,-3.30588720185783,3.97575763755451,2.30922963571271,0.942608040191529,-1.24943517840269,13.3279114319169,2
"Aug-2016",2016,8,2016-08-01,"Suisun Bay",0.05,0.326666666666667,0.09,10.03003759,0.166666666666667,0.433333333333333,0.116666666666667,20.1672222222222,8.36152059776772,54.3733333333333,8.38333333333333,2.425,7.88284919921306,1.26666666666667,584400,8845,616679,2.195,"Cryptophytes",2.12364030024182,-2.99573227355399,3.99587383759809,2.30558434972355,0.885831524389446,-1.11881499598563,13.3321039081864,1
"Sep-2016",2016,9,2016-09-01,"Suisun Bay",0.06,0.406666666666667,0.103333333333333,9.69352586,0.366666666666667,0.533333333333333,0.173333333333333,19.3170967741935,10.3222345707647,22.4862068965517,8.458,2.014,7.85330781488395,1,498900,8477,525782,1.86,"Cryptophytes",2.33430026478945,-2.81341071676004,3.11290209441268,2.27145822556063,0.700122794296371,-0.899761429922945,13.1726419571431,1
"Oct-2016",2016,10,2016-10-01,"Suisun Bay",0.113333333333333,0.403333333333333,0.113333333333333,11.62638199,0.266666666666667,0.533333333333333,0.14,18.1548484848485,9.91682355184377,11.6206896551724,8.27142857142857,1.90142857142857,7.77150650753915,1,360650,38218,418109,3.3225,"Centric Diatoms",2.29423266355238,-2.17742195004004,2.45278710036589,2.45327682526787,0.642605483351707,-0.90799192905946,12.9434974430637,0
"Nov-2016",2016,11,2016-11-01,"Suisun Bay",0.103333333333333,0.453333333333333,0.09,11.19931891,0.4,0.533333333333333,0.16,17.04625,11.1764457348597,11.4366666666667,8.26571428571429,2.34714285714286,7.68176013923923,1.03333333333333,451700,34414,506845,NA,"Cryptophytes",2.41380850437872,-2.26979527017105,2.43682456820225,2.41585296484481,0.853198782993863,-0.791127588920149,13.1359605159104,1
"Dec-2016",2016,12,2016-12-01,"Suisun Bay",0.153333333333333,0.526666666666667,0.09,12.89759611,0.333333333333333,0.6,0.216666666666667,11.6745282910905,9.84293236152695,34.6976189386277,9.688,1.44428571428571,7.73633642433281,1,1237700,32970,1395782,1.88,"Cryptophytes",2.28675367088994,-1.87514107816711,3.54667106611511,2.55704094594065,0.367614883977067,-0.641187441629234,14.1489653896517,1
"Jan-2017",2017,1,2017-01-01,"Suisun Bay",0.133333333333333,0.35,0.0633333333333333,18.23733515,0.233333333333333,0.5,0.133333333333333,9.12450005722046,0.517391845132179,104.075862016349,10.636,1.598,7.56317332579521,1,2092500,413758,4676980,0.685,"Centric Diatoms",-0.658954770598757,-2.01490302054226,4.64512007569242,2.9034708747402,0.468752847344083,-1.04982212449868,15.3581631604534,0
"Feb-2017",2017,2,2017-02-01,"Suisun Bay",0.0633333333333333,0.35,0.0666666666666667,16.25105964,0.166666666666667,0.3,0.103333333333333,10.9584745665728,0.0843677684022896,97.652273126082,10.4985714285714,4.625,7.28357442026098,1,2299000,811000,7699389,0.635,"Cyanobacteria",-2.47256984128728,-2.75934349548976,4.58141293535264,2.78815811526514,1.53147637096439,-1.04982212449868,15.8566515330261,2
"Mar-2017",2017,3,2017-03-01,"Suisun Bay",0.0525,0.3375,0.0575,17.055039624,0.325,0.325,0.075,13.3800000066924,0.150649496885516,49.7908695071676,10.1346153846154,3.79875,7.43997322990595,1,2069900,920600,3980925,0.485,"Cyanobacteria",-1.89279935303626,-2.94694210938456,3.90783162399162,2.83644573917486,1.33467206524887,-1.08618976866955,15.1970247623174,2
"Apr-2017",2017,4,2017-04-01,"Suisun Bay",0.0525,0.235,0.055,14.195692576,0.225,0.275,0.0575,14.7885714013236,0.166504638947251,31.6520833333333,9.82555555555555,4.40125,7.40693518149456,1,2020100,705900,3377381,0.345,"Cyanobacteria",-1.79273210840472,-2.94694210938456,3.45480397054183,2.65293857887211,1.48188859148713,-1.44816976483798,15.0326111150352,2
"May-2017",2017,5,2017-05-01,"Suisun Bay",0.0575,0.14,0.0475,13.375,0.08691375,0.175,0.0625,17.9692682740746,0.304753717213817,43.4205883923699,9.574375,4.535,7.7772819460067,1,1498700,594600,2303407,0.414642857142857,"Cryptophytes",-1.18825131311084,-2.85597033117883,3.77093371554142,2.59338729278207,1.5118250835671,-1.96611285637283,14.6498998891982,1
"Jun-2017",2017,6,2017-06-01,"Suisun Bay",0.054,0.208,0.056,12.7095660933333,0.0894928,0.26,0.064,20.9036734771729,1.29091384832313,39.782972993593,8.86,2.84,7.71722905892166,1,785000,420700,1285617,0.48,"Cryptophytes",0.255350377122789,-2.91877123241786,3.68343900652044,2.54235494562045,1.04380405217311,-1.57021719928082,14.0667493167156,1
"Jul-2017",2017,7,2017-07-01,"Suisun Bay",0.085,0.1775,0.0675,6.861868224,0.225,0.325,0.09,21.8193750357628,3.77439985246629,51.5372416226617,8.81785714285714,4.02428571428571,7.76120990358034,1,465000,247560,775684,0.47,"Centric Diatoms",1.32824139058328,-2.46510402249182,3.94230468463528,1.92597974052117,1.39234743283297,-1.72878467006667,13.5615004997354,0
"Aug-2017",2017,8,2017-08-01,"Suisun Bay",0.0466666666666667,0.313333333333333,0.0766666666666667,9.55342514,0.0388813333333333,0.2,0.08,21.1497500572205,5.43623842843275,43.6813887405395,8.83357142857143,2.97857142857143,8.06837221682225,1,619400,145650,798796,0.855,"Pennate Diatoms",1.69308735633379,-3.06472514504094,3.77692212444177,2.25689974359502,1.0914437991895,-1.1604876923862,13.590860873,4
"Sep-2017",2017,9,2017-09-01,"Suisun Bay",0.085,0.335,0.085,35.656854984,0.175,0.275,0.1025,21.6643784041534,5.03579612104561,31.6760316007099,8.31878048780488,2.37809523809524,7.6965130921486,1.13333333333333,638000,96450,761652,1.61,"Cryptophytes",1.6165716310587,-2.46510402249182,3.45556029397079,3.57394141404199,0.866299847128204,-1.09362474715707,13.5432450374394,1
"Oct-2017",2017,10,2017-10-01,"Suisun Bay",0.103333333333333,0.333333333333333,0.0833333333333333,12.33469798,0.084177,0.233333333333333,0.0833333333333333,18.1409324685174,5.84032618060843,21.5469841875349,8.75,1.67576923076923,7.72220184350205,1,412800,85060,527101,1.53107142857143,"Cryptophytes",1.76478664812433,-2.26979527017105,3.07023586186258,2.51241626488221,0.516272302107869,-1.09861228866811,13.1751474600147,1
"Nov-2017",2017,11,2017-11-01,"Suisun Bay",0.14,0.42,0.0833333333333333,11.86916656,0.0715196666666667,0.333333333333333,0.1,15.476028562346,8.96907461272197,17.6739725860178,8.68509803921569,1.81357142857143,7.72126348888455,1,410000,61390,519172,2.685,"Pennate Diatoms",2.19378250605789,-1.96611285637283,2.87209308200362,2.47394399217162,0.595298066101329,-0.867500567704723,13.1599905137961,4
"Dec-2017",2017,12,2017-12-01,"Suisun Bay",0.176666666666667,0.476666666666667,0.0833333333333333,12.58411707,0.0560653333333333,0.3,0.0833333333333333,11.9553968223693,9.13460867200648,23.8013461391742,9.03166666666667,1.44333333333333,7.72397618188694,1,447200,66670,535905,4.31,"Cryptophytes",2.21207035059892,-1.73349056110408,3.16974213954745,2.53243546879598,0.366955253346289,-0.740937844396294,13.1917121855383,1
"Jan-2018",2018,1,2018-01-01,"Suisun Bay",0.2,0.46,0.08,12.6355341,0.036289,0.333333333333333,0.0833333333333333,10.9128845970447,7.9883793652367,22.8675000596047,9.55964285714286,1.43142857142857,7.65837205991636,1,563600,70230,660132,3.57,"Cryptophytes",2.07798790631829,-1.6094379124341,3.12971669115491,2.53651301141489,0.358672946601405,-0.776528789498996,13.4001950940053,1
"Feb-2018",2018,2,2018-02-01,"Suisun Bay",0.153333333333333,0.553333333333333,0.08,13.14718387,0.116346,0.333333333333333,0.0833333333333333,11.803653824146,5.85835293357974,31.5048780673888,9.44555555555556,2.68,7.68697281526815,1,378900,60060,457052,3.34,"Pennate Diatoms",1.76786849472653,-1.87514107816711,3.45014239312431,2.57620758131683,0.985816794522765,-0.591794686299658,13.0325524489612,4
"Mar-2018",2018,3,2018-03-01,"Suisun Bay",0.13125,0.4225,0.06,13.36313288,0.425,0.8,0.11625,12.7621999084473,4.29256299579984,43.4043477224267,10.5634615384615,3.175,7.76819557953987,1,823300,112590,1015191,2.89,"Pennate Diatoms",1.45688398946511,-2.0306513775104,3.77055961402498,2.59249963762436,1.15530763234465,-0.861565832184909,13.8305873300948,4
"Apr-2018",2018,4,2018-04-01,"Suisun Bay",0.0671428571428571,0.244285714285714,0.0457142857142857,13.1100560933333,0.179335428571429,0.371428571428571,0.08,15.4248147865578,0.688563506962438,36.2956520743992,9.47222222222222,2.113,7.67370453618138,1,1065600,214350,1376252,3.535,"Cyanobacteria",-0.373147725470377,-2.70093273333335,3.59169795653214,2.57337957643414,0.74810873863392,-1.40941677854074,14.1348744202423,2
"May-2018",2018,5,2018-05-01,"Suisun Bay",0.048,0.344,0.074,13.220279184,0.194451,0.38,0.102,17.6235293893253,3.75114129223103,51.5050001733953,9.13333333333333,6.647,7.85236323464247,1,335980,160610,548594,1.30117647058824,"Pennate Diatoms",1.32206013827384,-3.03655426807425,3.94167889370223,2.58175195250615,1.89416562505944,-1.06711362160874,13.2151139204955,4
"Jun-2018",2018,6,2018-06-01,"Suisun Bay",0.056,0.426,0.09,10.83871914,0.26,0.44,0.116,20.0691228070175,7.18326154514779,51.6739131429921,8.48384615384615,2.7875,7.82137648754476,1,361900,44748,444915,3.055,"Cyanobacteria",1.97175353411678,-2.88240358824699,3.9449530727969,2.38312482851339,1.02514513678624,-0.853315932712767,13.0056385316675,2
"Jul-2018",2018,7,2018-07-01,"Suisun Bay",0.0533333333333333,0.45,0.103333333333333,9.72037359,0.1,0.266666666666667,0.106666666666667,21.0825,8.00073963682959,51.0916665395101,8.08740740740741,2.56636363636364,7.86612149216769,1.33333333333333,475400,17437,520230,1.86571302399516,"Cryptophytes",2.07953399200987,-2.93119375241642,3.93362140249185,2.27422405291892,0.942489969467027,-0.798507696217772,13.1620263004607,1
"Aug-2018",2018,8,2018-08-01,"Suisun Bay",0.0533333333333333,0.362,0.100333333333333,10.82022338,0.124753,0.29,0.108,20.2475509659125,8.89384371563164,38.4864864452465,7.76166666666667,2.728,7.86439611499703,1.4,572800,17097,614534,2.26,"Cyanobacteria",2.18535932004651,-2.93119375241642,3.65030717825615,2.38141691830689,1.00356873998122,-1.01611106715637,13.3286195359938,2
"Sep-2018",2018,9,2018-09-01,"Suisun Bay",0.0490485,0.31025,0.0955,11.1212695,0.09199675,0.2425,0.10775,19.2591666666667,9.77545577215187,31.2796611042346,8.09179487179487,2.53166666666667,7.80928786849622,1.03448275862069,506300,29999,568989,1.50628688333857,"Cryptophytes",2.27987473109155,-3.01494567447813,3.44296808135482,2.40885944597533,0.928877847379627,-1.17037685489742,13.2516163807599,1
"Oct-2018",2018,10,2018-10-01,"Suisun Bay",0.0925,0.3375,0.0885,10.14867821,0.0192425,0.20525,0.0995,18.107387401134,11.4730942300562,18.1161052711888,8.3889552238806,2.93102564102564,7.84123811376723,1.025,346190,58510,429305,2.10823529411765,"Cryptophytes",2.44000466198438,-2.38054663446376,2.89680133662811,2.31734347139194,1.07535240990804,-1.08618976866955,12.9699229010118,1
"Nov-2018",2018,11,2018-11-01,"Suisun Bay",0.125,0.385,0.07305425,8.97333333333333,0.0772685,0.3185,0.085,15.4123077192062,12.7627010969013,11.1121127649764,8.34178571428571,2.9021875,7.88067561632205,1,288350,46920,351700,2.94,"Cryptophytes",2.54652694022473,-2.07944154167984,2.40803575343658,2.19425721610842,1.06546476298819,-0.954511944694353,12.7705338184621,1
"Dec-2018",2018,12,2018-12-01,"Suisun Bay",0.116885166666667,0.444666666666667,0.0743333333333333,10.19105756,0.0952426666666667,0.308166666666667,0.0943333333333333,11.8107692425068,10.8955299063834,23.8317308022426,8.58807692307692,1.50857142857143,7.62977153860398,1,467900,42930,527161,3.09,"Cyanobacteria",2.38835260478916,-2.1465633076342,3.17101791970446,2.3215106259515,0.411163129222802,-0.810430341174678,13.1752612837133,2
"Jan-2019",2019,1,2019-01-01,"Suisun Bay",0.204333333333333,0.543333333333333,0.0896666666666667,14.1666666666667,0.138426333333333,0.36,0.0913333333333333,10.5117857176917,6.0965344733601,57.3489797086132,9.3228,0.813333333333333,7.47622326571446,1,978900,47450,1133577,1.605,"Centric Diatoms",1.80772049061715,-1.58800263171404,4.04915505280881,2.65089178726226,-0.206614249362999,-0.610032273849439,13.9408886778091,0
"Feb-2019",2019,2,2019-02-01,"Suisun Bay",0.08,0.44,0.0736666666666667,15.02333111,0.333333333333333,0.609,0.162,9.76763631508567,0.369642989454058,94.9204547361894,9.90068965517241,1.92,7.66789583370125,1,1548100,242320,2407685,0.99,"Pennate Diatoms",-0.995217632520544,-2.52572864430826,4.55303922228712,2.70960440004242,0.65232518603969,-0.82098055206983,14.6941762629005,4
"Mar-2019",2019,3,2019-03-01,"Suisun Bay",0.061677875,0.368874461538462,0.0956570384615385,18.02635136,0.38375,0.451423076923077,0.126692307692308,12.518103412102,0.0945976189493405,74.1553191042961,9.59444444444444,3.29222222222222,7.64981407591083,1,2167400,496300,3939117,0.58,"Cyanobacteria",-2.35812297290977,-2.78583000233092,4.30616180039141,2.89183465178937,1.19156278424925,-0.997298905459952,15.1864671444822,2
"Apr-2019",2019,4,2019-04-01,"Suisun Bay",0.0479195555555556,0.187,0.058056962962963,16.56939212,0.161413,0.346148148148148,0.0927037037037037,15.9066666560703,0.126084340663532,25.9186364850131,9.63896551724138,2.19066666666667,7.79794685226888,1,1910100,356310,2709344,0.39,"Pennate Diatoms",-2.07080422561358,-3.03823159993507,3.25496226535553,2.8075571451892,0.784205911506912,-1.67664666212755,14.8122170971324,4
"May-2019",2019,5,2019-05-01,"Suisun Bay",0.0471094,0.1674,0.050114,13.3190758266667,0.0817474,0.2106,0.086,17.3469091117165,0.326689609015728,24.1648888168335,9.327,2.866875,7.91359915611035,1,1131600,342950,1616351,0.722222222222222,"Pennate Diatoms",-1.11874476677096,-3.05528272250073,3.1849007042864,2.58919728032279,1.0532225863693,-1.78736912092676,14.2956816974483,4
"Jun-2019",2019,6,2019-06-01,"Suisun Bay",0.0208251666666667,0.156333333333333,0.0558333333333333,12.6177648666667,0.144001666666667,0.2906,0.055,20.5995180653951,0.977786667199413,40.8013888835907,8.59076923076923,1.95233333333333,7.87685434329865,1,896400,373310,1391814,3.21,"Cryptophytes",-0.0224637644394403,-3.87159308775998,3.7087161220952,2.53510573102041,0.669025238439536,-1.85576479920397,14.1461184902588,1
"Jul-2019",2019,7,2019-07-01,"Suisun Bay",0.05510025,0.25675,0.072,12.286307808,0.077313,0.21375,0.08775,21.3565384419759,4.66417568898444,37.3455223886291,8.17018867924528,1.73066666666667,7.60072813220436,1,558700,104510,716905,1.48798846802598,"Pennate Diatoms",1.53991111750349,-2.89860102562848,3.62021302189245,2.50848545598479,0.548506690733679,-1.35965243017347,13.4826986142901,4
"Aug-2019",2019,8,2019-08-01,"Suisun Bay",0.0241203333333333,0.195333333333333,0.0763333333333333,10.66111822,0.13,0.223666666666667,0.0886666666666667,22.1078787589796,5.2142881720918,26.0560715988704,8.14333333333333,2.22192307692308,7.72866940559198,1.26666666666667,640200,100580,773858,4.09,"Cryptophytes",1.65140258289309,-3.72470008742871,3.26025081585435,2.3666033119229,0.798373071771692,-1.63304777807323,13.5591436732083,1
"Sep-2019",2019,9,2019-09-01,"Suisun Bay",0.0432586666666667,0.241833333333333,0.0895,13.079365672,0.244724666666667,0.3205,0.130666666666667,21.0606250913938,4.62568325543757,37.3867075496767,7.93771929824561,1.27821428571429,7.71395473572986,1.13888888888889,626100,87620,751408,2.55627568390155,"Centric Diatoms",1.53162409095867,-3.14055768032226,3.62131522813603,2.57103584882862,0.245464014602731,-1.419506495326,13.529704058858,0
"Oct-2019",2019,10,2019-10-01,"Suisun Bay",0.1144564,0.1549045,0.0663254,12.73817809,0.2482216,0.3854156,0.0928,17.4440425592788,5.64144047165804,28.2816868205243,8.51044776119403,1.254375,7.71672262672841,1.04347826086957,442700,82910,554134,2.54888888888889,"Centric Diatoms",1.73013943567648,-2.16756131453145,3.34221448636852,2.54460363285317,0.226637440568466,-1.86494648098064,13.2251618137382,0
"Nov-2019",2019,11,2019-11-01,"Suisun Bay",0.13084575,1.44481533333333,0.0713333333333333,11.21840093,0.2156285,0.23127825,0.07725,14.7886407785508,9.17000659451823,21.2447778040568,8.79314285714286,1.07330025,7.70774513003922,1,318630,51640,386547,4.92,"Cryptophytes",2.2159380054086,-2.03373613047233,3.05611111477152,2.41755537032982,0.0707382474318029,0.36798151639651,12.8650087437561,1
"Dec-2019",2019,12,2019-12-01,"Suisun Bay",0.20819025,0.156243,0.068,11.06850981,0.2,0.41,0.07261125,11.5438571537563,8.17449876411306,25.771186440678,9.42870967741935,1.195,7.61439611499703,1,601700,112470,739191,4.71,"Centric Diatoms",2.10101940164524,-1.56930295386901,3.2492570632117,2.40410412248296,0.178146185383474,-1.85634279136918,13.5133116239108,0
"Jan-2020",2020,1,2020-01-01,"Suisun Bay",0.0181356666666667,0.476666666666667,0.068,13.30016279,NA,0.436666666666667,0.051153,10.2366666242811,7.69113128612954,25.5928571928115,10.0336666666667,1.66,7.75878638802314,1,510200,70040,600594,NA,"Pennate Diatoms",2.04006788402798,-4.00987474559587,3.24231329664754,2.58777627500243,0.506817602368452,-0.740937844396294,13.3056744444715,4
"Feb-2020",2020,2,2020-02-01,"Suisun Bay",0.13933,0.601333333333333,0.060557,14.16462281,NA,0.442555555555556,0.119333333333333,11.7398246249818,6.64095027459399,31.5847825299139,10.0515625,2.43666666666667,7.71241539247285,1,394000,65520,476200,NA,"Pennate Diatoms",1.89325506689223,-1.97091005885664,3.4526754390939,2.65074750461873,0.890630985093577,-0.508605867027678,13.0735932130349,4
"Mar-2020",2020,3,2020-03-01,"Suisun Bay",0.146588666666667,0.572666666666667,0.0714,33.3333333333333,NA,0.4210676,0.0958382,13.5812068801091,6.88390371789027,31.2673912587373,9.33111111111111,1.84,7.636035468024,1,374100,65560,466329,NA,"Centric Diatoms",1.92918589189039,-1.92012480038521,3.44257574166202,3.50655789731998,0.609765571620894,-0.557451465106046,13.0526466725847,0
"Jun-2020",2020,6,2020-06-01,"Suisun Bay",0.051424,0.4,0.0933333333333333,11.0666666666667,0.166666666666667,0.233333333333333,0.112333333333333,20.9206944338481,7.05828966368544,26.717692266611,8.1146,1.84925925925926,8.11964912987691,2.16666666666667,368700,45392,426168,NA,"Centric Diatoms",1.95420276488777,-2.96765028942703,3.28532597767102,2.40393758725433,0.614785158508189,-0.916290731874155,12.9625889137068,0
"Jul-2020",2020,7,2020-07-01,"Suisun Bay",0.0234486666666667,0.328333333333333,0.0936666666666667,10.0333333333333,0.126666666666667,0.2,0.105,20.7189156212864,9.76315543200624,31.7985526340886,8.54654545454545,2.986,7.47240205204203,1.77777777777778,427800,29377,467534,0.397612682559289,"Cyanobacteria",2.27861565063368,-3.75294164427068,3.45942077409901,2.30591288308672,1.093934699117,-1.11372592647816,13.0552273523391,2
"Aug-2020",2020,8,2020-08-01,"Suisun Bay",0.0471786,0.1828822,0.0787258,9.7,0.262,0.34,0.09,21.6596774439658,11.5167572046261,21.5420000332919,7.53302325581395,2.52424304,7.76528578158706,1.93333333333333,421700,13978,444713,NA,"Pennate Diatoms",2.44380312298727,-3.05381487903338,3.07000451947402,2.27212588550934,0.925941231643862,-1.69891304926171,13.0051844092624,4
"Sep-2020",2020,9,2020-09-01,"Suisun Bay",0.0766666666666667,0.261666666666667,0.101,9.96666666666667,0.206666666666667,0.433333333333333,0.114333333333333,20.1619767619288,11.4418743488456,24.7419230744778,7.43075471698113,2.6184375,7.7998570839442,1.58620689655172,349200,17338,374211,0.680725098111244,"Centric Diatoms",2.43727981421338,-2.56828825872705,3.20849909532893,2.29924619172853,0.962577765825469,-1.34068384986784,12.832575088435,0
"Oct-2020",2020,10,2020-10-01,"Suisun Bay",0.064,0.2792,0.092067,10.2,0.1576348,0.462,0.0996,19.2461904489426,12.8642057261796,16.4259740953322,7.8343137254902,2.5425,7.84336731299613,1.10344827586207,266270,35885,311044,NA,"Cryptophytes",2.55444870470454,-2.74887219562247,2.79886386826405,2.32238772029023,0.933147848940578,-1.27582690809392,12.6476896602538,1
"Nov-2020",2020,11,2020-11-01,"Suisun Bay",0.112333333333333,0.318666666666667,0.092,8.91666666666667,0.173333333333333,0.329,0.121666666666667,15.2606410280863,12.9380436889112,17.8854545826107,8.50803921568627,2.33538461538462,7.762417559595,1.03448275862069,253630,31642,295826,NA,"Centric Diatoms",2.56017209440626,-2.18628463729789,2.88398778936369,2.18792218467391,0.848176595065892,-1.14360965459885,12.597526722624,0
"Mar-2021",2021,3,2021-03-01,"Suisun Bay",0.134666666666667,0.527666666666667,0.0906666666666667,13.5333333333333,0.134990333333333,0.333666666666667,0.0953333333333333,12.5962499693462,7.4566451567125,38.530612209865,9.80375,3.67,7.88278433510632,1,293170,30636,337979,NA,"Cryptophytes",2.00910560216895,-2.0049526896891,3.6514530476856,2.60515577793958,1.30019166206648,-0.639290507769235,12.7307390423575,1
"Apr-2021",2021,4,2021-04-01,"Suisun Bay",0.062532625,0.374347375,0.077128,12.0733333333333,0.266581125,0.584125,0.142625,15.461829286901,8.49703771522753,34.921733346049,8.77057692307692,3.6753125,7.94370968795391,1,235860,36305,288575,NA,"Centric Diatoms",2.13971759866373,-2.77206685843439,3.55310936736976,2.49099916378716,1.30163816306322,-0.982571102484429,12.5727102964831,0
"May-2021",2021,5,2021-05-01,"Suisun Bay",0.107,0.441333333333333,0.0943333333333333,9.64666666666667,0.0904446666666667,0.296333333333333,0.107666666666667,18.1115000063578,11.142373442279,40.0603773451751,8.30073170731707,3.21952380952381,7.79208347816361,1,220860,26626,263070,NA,"Cryptophytes",2.41075526766583,-2.23492644452023,3.69038774969344,2.26661243253523,1.16923346337916,-0.817954831153293,12.4801754354415,1
"Jun-2021",2021,6,2021-06-01,"Suisun Bay",0.0723333333333333,0.436,0.0996666666666667,9.91333333333333,0.166666666666667,0.320333333333333,0.120333333333333,19.4854411484213,13.0235779487927,27.9903277681695,8.00756756756757,2.82681818181818,7.84588944320436,1,197950,32162,238953,NA,"Cryptophytes",2.56676140308344,-2.62647021410979,3.33185901364706,2.2938806523639,1.03915176175748,-0.830113035633103,12.3840221588553,1
"Jul-2021",2021,7,2021-07-01,"Suisun Bay",0.044157,0.246666666666667,0.101333333333333,7.64,0.136666666666667,0.201,0.115,20.2917143129621,12.9629297581667,34.3782539894467,8.04022222222222,4.1625,7.80284410372193,1.26666666666667,231100,38330,278349,0.736208487546548,"Pennate Diatoms",2.56209372696299,-3.12000381410358,3.5374242130178,2.03339760317843,1.42611585530656,-1.39971738145203,12.536631001006,4
"Aug-2021",2021,8,2021-08-01,"Suisun Bay",0.0333342,0.1568,0.087441,6.66,0.198,0.286,0.1078,20.2041538461538,13.3331024091374,35.4982758646998,7.70804347826087,3.9208,7.80854667718272,1.73333333333333,234640,28073,270556,NA,"Centric Diatoms",2.59024984598115,-3.40117138200015,3.56948412811039,1.8961194845523,1.3662957146132,-1.85278417106583,12.5082343798717,0
"Sep-2021",2021,9,2021-09-01,"Suisun Bay",0.0519466666666667,0.192333333333333,0.101,6.59230057,0.206666666666667,0.291,0.103666666666667,20.2535294431799,12.4636145433679,17.1560810867516,8.08980392156863,2.8548275862069,7.75489286236828,1.44827586206897,228240,11653,246664,1.86767482317916,"Cryptophytes",2.5228135630539,-2.95753772775602,2.84235269308037,1.88590238774488,1.04901145116424,-1.64852530114215,12.415782365643,1
"Oct-2021",2021,10,2021-10-01,"Suisun Bay",0.0693832,0.1908,0.0886,7.82280631,0.1100006,0.2348,0.1004,17.7314118140726,11.993412553412,20.755945868621,8.38461538461539,2.13233333333333,7.62636581677627,1,363980,25388,416703,NA,"Centric Diatoms",2.48435754517532,-2.6681105157022,3.03283275351505,2.05704335335259,0.757216841799891,-1.65652951996795,12.9401290168087,0
"Nov-2021",2021,11,2021-11-01,"Suisun Bay",0.177,0.385333333333333,0.0916666666666667,10.40325908,0.246666666666667,0.472666666666667,0.121,16.0030863820771,8.87159012016452,30.0488060043107,7.9475,2.13111111111111,7.49109320988253,1,258180,22208,293048,NA,"Centric Diatoms",2.18285404972076,-1.73160554640831,3.40282292655823,2.34211913013316,0.756643492119073,-0.953646518417924,12.5880916971074,0
"Dec-2021",2021,12,2021-12-01,"Suisun Bay",0.189666666666667,0.476333333333333,0.0833333333333333,10.01692926,0.116930666666667,0.394333333333333,0.112,12.1345783362331,10.4209515076028,32.9263890796237,9.18243243243243,1.43285714285714,7.68635258760958,1,554030,31130,638445,NA,"Centric Diatoms",2.34381834766512,-1.66248713352392,3.4942744359459,2.30427658761008,0.359670452918531,-0.741637389720379,13.3667908113553,0
"Jan-2022",2022,1,2022-01-01,"Suisun Bay",0.108666666666667,0.63,0.0816666666666667,16.0646826,0.31,0.478666666666667,0.119666666666667,10.0701960485122,4.34262442458587,50.4674997425079,10.1842424242424,0.986481875,7.34636191196086,1,528100,33884,585080,NA,"Centric Diatoms",1.46847887147701,-2.21947018628354,3.92132955964631,2.77662323513642,-0.0136103267242391,-0.462035459596559,13.279503869001,0
"Feb-2022",2022,2,2022-02-01,"Suisun Bay",0.111333333333333,0.505666666666667,0.079,13.09643175,0.136666666666667,0.322333333333333,0.089,11.4478431409948,6.94342604678646,24.9149999690056,9.79576923076923,1.68625,7.62698793402519,1,341400,37539,395671,NA,"Centric Diatoms",1.93779531938933,-2.19522657467355,3.21547003048936,2.57233980760726,0.522507128539829,-0.681877588301714,12.8883383368435,0
"Mar-2022",2022,3,2022-03-01,"Suisun Bay",0.0626666666666667,0.352333333333333,0.0726666666666667,13.27969437,0.196666666666667,0.328666666666667,0.0846666666666667,13.8309090648998,6.47347303256432,44.4292729152333,9.70090909090909,7.37857142857143,7.81973468674839,1,325390,29944,369805,NA,"Pennate Diatoms",1.8677127546879,-2.7699256048203,3.79389855208813,2.58623612947623,1.99858004651033,-1.04317758178001,12.8207311186658,4
"Apr-2022",2022,4,2022-04-01,"Suisun Bay",0.129333333333333,0.333333333333333,0.0896666666666667,10.21078309,0.19,0.356333333333333,0.134666666666667,15.9619047164917,7.88995580319106,51.5819231282748,8.99736842105263,3.09642857142857,7.79003354130324,1,246940,28322,304353,NA,"Centric Diatoms",2.06559053321865,-2.04536222802697,3.94317128413727,2.32344432757037,1.13024937361129,-1.09861228866811,12.6259434909459,0
"May-2022",2022,5,2022-05-01,"Suisun Bay",0.075247,0.293571428571429,0.0844708571428571,10.04756568,0.195714285714286,0.391428571428571,0.121428571428571,17.4165789272911,9.99842331192769,56.1229231473483,8.67294117647059,2.636,7.88912131344651,1,222180,22158,266068,NA,"Centric Diatoms",2.30242741175578,-2.5869792432575,4.0275443413216,2.30733038426934,0.969262616640261,-1.22563430110712,12.4915071941915,0
"Jun-2022",2022,6,2022-06-01,"Suisun Bay",0.043305,0.245,0.093,8.44574236,0.17,0.276333333333333,0.108666666666667,20.6986274248011,12.4780386943911,28.6884615091177,8.05676923076923,3.89617647058824,7.89027374461585,1,266000,20927,299507,NA,"Cryptophytes",2.52397019469285,-3.13948717719913,3.35649500391679,2.13366245166571,1.35999568008001,-1.40649706843741,12.6098930685517,1
"Jul-2022",2022,7,2022-07-01,"Suisun Bay",0.0706666666666667,0.151,0.096,7.33601148,0.2,0.330333333333333,0.146,20.9993548325569,10.8241662589032,41.0372547037461,8.29558139534884,3.79793103448276,7.97550469159841,1.06666666666667,375300,7859,395272,NA,"Pennate Diatoms",2.38178125095961,-2.64978129297823,3.71448030544149,1.99279529983844,1.33445645384786,-1.89047544216721,12.8873294144968,4
"Aug-2022",2022,8,2022-08-01,"Suisun Bay",0.077,0.2202,0.103759,8.13289178,0.1314792,0.2944,0.1362,21.4127941513062,11.9333577195596,41.000526314451,7.81795918367347,2.6,7.78735774653977,1.4,307420,6072,324786,NA,"Cyanobacteria",2.47933764827497,-2.56394985712845,3.71358490355974,2.09591655281306,0.955511445027436,-1.51321905469356,12.6909217828924,2
"Sep-2022",2022,9,2022-09-01,"Suisun Bay",0.0331626666666667,0.257,0.106333333333333,8.39289178,0.109087,0.175666666666667,0.125666666666667,21.6406522153771,13.0513286815671,26.0455555183505,7.6606779661017,2.62151515151515,7.75326206387382,1.06896551724138,262580,8272,281821,NA,"Centric Diatoms",2.56888994326541,-3.4063305337739,3.25984714014422,2.12738513093916,0.963752452725803,-1.35867919408692,12.549027396607,0
"Oct-2022",2022,10,2022-10-01,"Suisun Bay",0.0636396,0.232,0.0886722,8.50383805,0.164,0.2644,0.1008,18.6168000152588,12.5063775412978,28.3184615325928,8.60279069767442,2.538,7.90932838949177,1.03448275862069,212230,26143,243054,NA,"Centric Diatoms",2.52623871750263,-2.75451936088743,3.3435139429358,2.140517596879,0.931376369292196,-1.46101790731583,12.4010389198572,0
"Nov-2022",2022,11,2022-11-01,"Suisun Bay",0.125,0.286,0.091,8.69098299,0.065302,0.260666666666667,0.122333333333333,13.8645555788676,11.8607385660414,26.695949396061,9.15859649122807,2.63483870967742,7.64721506296871,1,205380,20094,229923,NA,"Centric Diatoms",2.47323366532723,-2.07944154167984,3.28451184588468,2.16228605025631,0.968821969371264,-1.25176346816228,12.3454997492444,0
"Dec-2022",2022,12,2022-12-01,"Suisun Bay",0.141,0.326333333333333,0.0773333333333333,9.97666666666667,0.012717,0.259666666666667,0.102666666666667,10.330735282898,12.2662694437542,21.6770491553135,9.93478260869565,1.8,7.58884767369503,1,362750,36333,471991,NA,"Centric Diatoms",2.50685317367981,-1.95899538860397,3.07625405823551,2.3002490331965,0.587786664902119,-1.11983592511974,13.0647151965893,0
"Jan-2023",2023,1,2023-01-01,"Suisun Bay",0.0823333333333333,0.68,0.0956666666666667,16.7724486,0.586666666666667,0.718333333333333,0.206333333333333,9.71411764331892,0.305848217336994,146.205000209808,10.0515384615385,1.225,NA,NA,1899500,396890,2959659,NA,"Pennate Diatoms",-1.18466632186378,-2.49697923102227,4.98500974789231,2.81973757591004,0.20294084399669,-0.385662480811985,14.9005846169612,4
"Feb-2023",2023,2,2023-02-01,"Suisun Bay",0.115333333333333,0.727,0.0893333333333333,17.00737704,0.256666666666667,0.449666666666667,0.134,9.55954545888034,2.62959648592242,52.6863635381063,10.4963157894737,1.45,NA,NA,538700,131610,712554,NA,"Centric Diatoms",0.96683040701256,-2.15992879259252,3.96435666567143,2.83364719345936,0.371563556432483,-0.318828801448618,13.4766109777268,0
"Mar-2023",2023,3,2023-03-01,"Suisun Bay",0.053044,0.401,0.0566666666666667,13.99116024,0.316666666666667,0.399666666666667,0.0976666666666667,10.2228358579038,0.459021997226035,66.9375000340598,10.5606666666667,3.66,NA,NA,1810900,732590,3154313,NA,"Centric Diatoms",-0.778657145830194,-2.93663352116678,4.2037593487168,2.63842571876254,1.29746314741327,-0.913793851675568,14.9642812806428,0
"Apr-2023",2023,4,2023-04-01,"Suisun Bay",0.02669125,0.207125,0.074,12.08709828,0.2521095,0.437875,0.133,14.613676479003,0.142158403435701,39.8821428980146,9.74209302325581,5.7,NA,NA,1369000,853200,2329955,NA,"Centric Diatoms",-1.95081332595499,-3.62341948264215,3.68592867730136,2.49213862589415,1.7404661748405,-1.57443280323541,14.6613595120507,0
"May-2023",2023,5,2023-05-01,"Suisun Bay",0.0219831428571429,0.154857142857143,0.057161,12.60081648,0.185714285714286,0.258714285714286,0.0824285714285714,16.982499996594,0.0927636743006288,30.3085106382979,9.41875,6.26333333333333,NA,NA,1439100,763000,2256654,NA,"Centric Diatoms",-2.37770015654888,-3.81747935309719,3.4114285522279,2.533761611858,1.83471252475726,-1.86525224603786,14.6293937432061,0
"Jun-2023",2023,6,2023-06-01,"Suisun Bay",0.0332058,0.1216,0.0666,11.55235068,0.1472842,0.1958,0.0908,18.9075409523385,0.494462772617223,37.0557999542236,9.136,4.24,NA,1,767000,581780,1372292,NA,"Pennate Diatoms",-0.704283413630471,-3.40503071952257,3.61242488346401,2.44688893833792,1.44456326924387,-2.10701830945007,14.1319928926116,4
"Jul-2023",2023,7,2023-07-01,"Suisun Bay",0.03582275,0.10525,0.06825,10.46122524,0.1725,0.296,0.083,20.9188888634576,4.18132101529365,29.9088234677034,8.657,6.454,NA,1,439200,190700,643630,NA,"Centric Diatoms",1.43062722897586,-3.3291721125438,3.39815353611772,2.34767558753218,1.86470009362977,-2.25141680641965,13.374879305817,0
"Aug-2023",2023,8,2023-08-01,"Suisun Bay",0.0320908,0.0444526,0.0712,10.73941416,0.110629,0.2246,0.091,22.2831110263401,6.68980852665849,30.0564704838921,8.06272727272727,4.1,NA,1,537500,107040,655194,NA,"Centric Diatoms",1.90058525290223,-3.43918589428642,3.40307796172555,2.37392054010692,1.41098697371026,-3.11333182604444,13.3926866539699,0
"Sep-2023",2023,9,2023-09-01,"Suisun Bay",0.0673333333333333,0.115333333333333,0.0786666666666667,12.06606888,0.16,0.297333333333333,0.085,20.6327869165139,6.1869923651045,33.8660001220703,8.38285714285714,3.22666666666667,NA,1,547900,56420,613595,NA,"Centric Diatoms",1.82244908252587,-2.69809987024904,3.52241156484766,2.49039728860496,1.17144961262038,-2.15992879259252,13.327090380371,0
"Oct-2023",2023,10,2023-10-01,"Suisun Bay",0.0597026,0.1758,0.0838,11.50969104,0.0945614,0.2272,0.0884,19.4631746697804,7.70637553756356,22.9358490134185,8.29032258064516,2.785,NA,1,371870,77050,478832,NA,"Centric Diatoms",2.04204797815482,-2.81837970844312,3.13270114560765,2.44318937962808,1.02424787337925,-1.73840829373106,13.0791050841837,0
"Nov-2023",2023,11,2023-11-01,"Suisun Bay",0.0936666666666667,0.212666666666667,0.0843333333333333,11.145582,0.0367383333333333,0.226,0.093,16.0495384233915,9.10026557731932,19.8678946411401,8.650625,2.08,NA,1,249470,47640,316995,NA,"Pennate Diatoms",2.20830359741775,-2.3680128983165,2.98910509428863,2.41104318620116,0.732367893713227,-1.54802928430546,12.6666412798644,4
"Dec-2023",2023,12,2023-12-01,"Suisun Bay",0.135,0.276,0.0813333333333333,9.99076752,0.12,0.297666666666667,0.0953333333333333,12.8467347094477,12.9685539782237,15.0763158120607,8.25,3.36,NA,1,397260,40430,460735,NA,"Pennate Diatoms",2.5625275023846,-2.00248050054371,2.71312502318633,2.30166141853811,1.21194097397511,-1.28735441326499,13.0405783193863,4
"Jan-2024",2024,1,2024-01-01,"Suisun Bay",0.128333333333333,0.337333333333333,0.0713333333333333,12.92166504,0.086312,0.285,0.077,11.0512500715256,8.22251269846252,17.8416664600372,8.5,1.68,NA,NA,826800,72550,962832,NA,"Pennate Diatoms",2.10687584343531,-2.05312423336246,2.88153653422635,2.55890536311605,0.518793793415168,-1.08668371780284,13.7776342207326,4
"Feb-2024",2024,2,2024-02-01,"Suisun Bay",0.07625,0.384,0.07625,16.2587304,0.153371,0.3445,0.089,11.9212500357628,1.19480665875085,27.0749999682109,8.025,1.22,NA,NA,1692100,207790,2406632,NA,"Pennate Diatoms",0.177984380453469,-2.57373786349462,3.29861079171294,2.78863001989036,0.198850858745165,-0.95711272639441,14.693738817665,4
"Mar-2024",2024,3,2024-03-01,"Suisun Bay",0.0340553333333333,0.198666666666667,0.041552,17.75662452,0.102774333333333,0.224333333333333,0.0793333333333333,13.0527272207087,0.675145568773555,18.0312498807907,10.275,2.68,NA,NA,1600100,202900,2075675,NA,"Centric Diatoms",-0.392826953918026,-3.37976862624886,2.89210635709711,2.87675865868937,0.985816794522765,-1.6161269005849,14.5457969599528,0
"Apr-2024",2024,4,2024-04-01,"Suisun Bay",0.0370905,0.18,0.0595,14.20505928,0.1275,0.21025,0.069,15.4318749165535,0.851561928263033,11.899999777476,9.9,2.64,NA,NA,996000,158840,1251136,NA,"Cryptophytes",-0.160683053088238,-3.29439440684894,2.47653838141799,2.6535981884759,0.970778917158225,-1.71479842809193,14.0395624965698,1
"May-2024",2024,5,2024-05-01,"Suisun Bay",0.022178,0.1648,0.0734,13.19985396,0.1116234,0.2148,0.084,18.541428607759,0.773896428524619,19.8888888888889,9.5,4.155,NA,NA,706600,192410,962806,NA,"Pennate Diatoms",-0.256317227621891,-3.80865447245111,2.99016122850453,2.58020576589476,1.42431242830741,-1.80302266150677,13.7776072166955,4
"Jun-2024",2024,6,2024-06-01,"Suisun Bay",0.0498906666666667,0.182666666666667,0.0806666666666667,12.34365696,0.123333333333333,0.172333333333333,0.0946666666666667,20.4262962680393,4.35668711446338,30.3913042814835,8.775,3.24,NA,1,431400,83710,548616,NA,"Centric Diatoms",1.4717119324069,-2.99792133446713,3.41415652412172,2.51314232465527,1.17557332980424,-1.70009228070223,13.215154022208,0
"May-2017",2017,5,2017-05-01,"Suisun Marsh",0.08,0.22,0.08,13.55,0.5,0.6,0.16,19.6686957185165,0.415899175030901,37.991667175293,7.88785714285714,12.055,7.73994883159502,1,1498700,594600,2303407,1.91666666666667,"Cryptophytes",-0.877312415810856,-2.52572864430826,3.63736685081923,2.60638654732571,2.48947951163313,-1.51412773262978,14.6498998891982,1
"Jun-2017",2017,6,2017-06-01,"Suisun Marsh",0.04,0.365,0.115,13.1,0.45,0.7,0.225,21.6276922930204,0.666959007800526,55.0066668701172,7.06857142857143,8.5,7.66359119063645,1,785000,420700,1285617,NA,"Centric Diatoms",-0.405026692525534,-3.2188758248682,4.00745439370674,2.57261223020711,2.14006616349627,-1.00785792539965,14.0667493167156,0
"Aug-2017",2017,8,2017-08-01,"Suisun Marsh",0.04,0.42,0.125,9.7,0.15,0.3,0.135,21.5547825423531,3.81651298534438,37.9299999237061,7.64529411764706,4.355,8.02,1,619400,145650,798796,NA,"Cryptophytes",1.33933717467281,-3.2188758248682,3.63574235368937,2.27212588550934,1.47132461030447,-0.867500567704723,13.590860873,1
"Sep-2017",2017,9,2017-09-01,"Suisun Marsh",0.06,0.34,0.11,12.2,0.2,0.35,0.13,22.6506400305176,4.01217340582736,35.2000001271566,7.09818181818182,3.29857142857143,7.61454777419152,1.4,638000,96450,761652,NA,"Green Algae",1.38933309095712,-2.81341071676004,3.56104608621645,2.50143595173921,1.19348947431109,-1.07880966137193,13.5432450374394,3
"Oct-2017",2017,10,2017-10-01,"Suisun Marsh",0.115,0.425,0.1,12.9,0.25,0.45,0.105,17.5807691867535,4.73594718538231,34.1053846153846,7.55130434782609,3.54833333333333,7.56029135851927,1,412800,85060,527101,1.426,"Cryptophytes",1.55518174578437,-2.16282315061889,3.52945527843305,2.55722731136763,1.26647800967733,-0.85566611005772,13.1751474600147,1
"Nov-2017",2017,11,2017-11-01,"Suisun Marsh",0.18,0.4,0.08,12.85,0.3,0.5,0.105,14.8794736641332,6.56063910849401,27.0371427481515,7.085,3.0475,7.46524495732438,1,410000,61390,519172,NA,"Cryptophytes",1.88108802328579,-1.71479842809193,3.2972115779936,2.55334381134123,1.11432158237329,-0.916290731874155,13.1599905137961,1
"Dec-2017",2017,12,2017-12-01,"Suisun Marsh",0.235,0.52,0.085,12.45,0.35,0.7,0.115,10.6846428639548,7.03248313552542,28.5066668192546,8.69590909090909,1.5875,7.57953964566369,1,447200,66670,535905,NA,"Cryptophytes",1.95053986330227,-1.44816976483798,3.35013798340139,2.52172062291072,0.46216045178471,-0.653926467406664,13.1917121855383,1
"Jan-2018",2018,1,2018-01-01,"Suisun Marsh",0.23,0.73,0.095,13.1,0.6,0.85,0.155,10.4772972972973,3.38729720074625,40.3869565714961,8.7732,1.645,7.42712810462011,1,563600,70230,660132,NA,"Green Algae",1.22003231747534,-1.46967597005894,3.69850687569633,2.57261223020711,0.497740384217335,-0.3147107448397,13.4001950940053,3
"Feb-2018",2018,2,2018-02-01,"Suisun Marsh",0.195,0.69,0.07,14.95,0.5,0.85,0.135,12.6035483932495,1.9630766179466,50.9062502861023,8.28818181818182,4.9275,7.49712810462011,1,378900,60060,457052,NA,"Green Algae",0.674512945580313,-1.63475572041839,3.9299857114225,2.7047112998367,1.59483176004474,-0.371063681390832,13.0325524489612,3
"Mar-2018",2018,3,2018-03-01,"Suisun Marsh",0.172,1.148,0.1169912,15.05,0.5,1.2,0.238,12.3178378378378,1.54788571886987,56.8952377500988,9.2764,4.96,7.79015384138658,1,823300,112590,1015191,NA,"Green Algae",0.436889947422873,-1.76026080216868,4.04121164255231,2.71137799119488,1.60140574073684,0.138021297897375,13.8305873300948,3
"Apr-2018",2018,4,2018-04-01,"Suisun Marsh",0.14,1.035,0.15,12.7,0.65,1.05,0.285,16.618181922219,0.788342988583939,55.2454545454545,7.55,3.49,7.51428083920579,1,1065600,214350,1376252,NA,"Pennate Diatoms",-0.237822019124029,-1.96611285637283,4.01178606634294,2.54160199346455,1.24990173621434,0.0344014267173323,14.1348744202423,4
"May-2018",2018,5,2018-05-01,"Suisun Marsh",0.0575,0.8,0.2,13.1,0.725,0.95,0.32,18.4900000331713,1.42719303463367,67.4181812633168,8.285,11.66,7.77267302470574,1,335980,160610,548594,3.05285714285714,"Pennate Diatoms",0.355709602390045,-2.85597033117883,4.21091473322308,2.57261223020711,2.45616418092235,-0.22314355131421,13.2151139204955,4
"Jun-2018",2018,6,2018-06-01,"Suisun Marsh",0.06,1.115,0.29,12.3,0.525,0.775,0.3375,21.3128571864537,3.58019273092487,55.2875,7.58086956521739,3.01,7.8098848809173,1,361900,44748,444915,NA,"Cyanobacteria",1.27541663441741,-2.81341071676004,4.01254684319445,2.50959926237837,1.10194007876078,0.108854404912082,13.0056385316675,2
"Jul-2018",2018,7,2018-07-01,"Suisun Marsh",0.035,0.54,0.135,11.35,0.25,0.4,0.145,21.8763414727188,5.20080721611449,42.571428503309,7.2775,3.435,7.80428083920579,1.25,475400,17437,520230,0.48509227602162,"Cyanobacteria",1.64881384740802,-3.35240721749272,3.75118333584997,2.42921774392741,1.23401692567431,-0.616186139423817,13.1620263004607,2
"Aug-2018",2018,8,2018-08-01,"Suisun Marsh",0.0615,0.315,0.11,12.35,0.3,0.45,0.127,20.8914633308969,4.25362702750522,40.3074074286002,7.42542857142857,2.6475,7.80816053043783,1.25,572800,17097,614534,NA,"Pennate Diatoms",1.44777203721856,-2.78871810416966,3.69653525922347,2.51365606307399,0.973615798493425,-1.1551826401565,13.3286195359938,4
"Sep-2018",2018,9,2018-09-01,"Suisun Marsh",0.0723333333333333,0.773333333333333,0.282,11.15,0.38,0.6,0.317,19.90571434021,5.63424708102242,39.3571425301688,7.67375,6.55,7.72447213088621,1,506300,29999,568989,0.348545385893058,"Cryptophytes",1.72886352383911,-2.62647021410979,3.67267747122978,2.41143949790613,1.87946504964716,-0.257045102989891,13.2516163807599,1
"Oct-2018",2018,10,2018-10-01,"Suisun Marsh",0.163333333333333,0.383333333333333,0.138666666666667,10.5,1,0.821666666666667,0.221333333333333,18.1732727411444,7.68920862993655,22.0013513874363,7.63480769230769,4.07555555555556,7.68034495283294,1,346190,58510,429305,6.73142857142857,"Cyanobacteria",2.03981786924112,-1.81196217654557,3.09110387817342,2.35137525716348,1.40500707005204,-0.958850346292951,12.9699229010118,2
"Nov-2018",2018,11,2018-11-01,"Suisun Marsh",0.201,0.4295,0.0885,10.285,0.4,0.625,0.127,14.6716666485014,7.15480159864895,17.592592475326,7.46102564102564,4.67583333333333,7.66194255231041,1,288350,46920,351700,NA,"Pennate Diatoms",1.9677836835742,-1.60445037092306,2.86747793136463,2.33068652310492,1.54240739997488,-0.845133537557827,12.7705338184621,4
"Dec-2018",2018,12,2018-12-01,"Suisun Marsh",0.2155,0.5375,0.079,13,0.21,0.5905,0.115,11.4820689655172,4.77413298750347,34.1312499523163,8.48304347826087,2.93,7.44267279241533,1,467900,42930,527161,NA,"Cyanobacteria",1.56321238414856,-1.53479436943833,3.53021338552126,2.56494935746154,1.07500242302898,-0.620826518980319,13.1752612837133,2
"Jan-2019",2019,1,2019-01-01,"Suisun Marsh",0.2215,0.695,0.096,16.8,0.285,0.65,0.155,10.4255263107701,1.41462320294455,67.1559994812012,8.35807692307692,1.235,7.77428083920579,1,978900,47450,1133577,NA,"Cyanobacteria",0.346863207962647,-1.50733268949695,4.20701826344887,2.82137888640921,0.211070970079941,-0.363843433417345,13.9408886778091,2
"Feb-2019",2019,2,2019-02-01,"Suisun Marsh",0.0963333333333333,0.670666666666667,0.177,15,0.633333333333333,0.966666666666667,0.298333333333333,9.55999998154179,0.44747026653207,115.478947207802,9.24954545454545,2.93666666666667,7.49816053043783,1,1548100,242320,2407685,NA,"Cyanobacteria",-0.804145186978448,-2.33994087953781,4.74908823809057,2.70805020110221,1.07727515127998,-0.399483036430617,14.6941762629005,2
"Mar-2019",2019,3,2019-03-01,"Suisun Marsh",0.0895,0.406275,0.101025,18.1,0.425,0.809225,0.210375,13.1967647227119,0.350541053463015,103.121738798722,8.32136363636364,3.005,7.38015384138658,1,2167400,496300,3939117,NA,"Cyanobacteria",-1.04827745108398,-2.41351665370133,4.63591022038483,2.89591193827178,1.10027756798717,-0.900725008770065,15.1864671444822,2
"Apr-2019",2019,4,2019-04-01,"Suisun Marsh",0.1014065,0.342936756756757,0.105513486486486,15.9,1.01166666666667,1.01589189189189,0.242217567567568,18.157272715713,0.69043900540678,47.1442107471667,7.7025,3.82083333333333,7.56630053452256,1,1910100,356310,2709344,NA,"Cryptophytes",-0.370427643985542,-2.28861808731543,3.85321121781169,2.76631910922619,1.34046854891447,-1.07020923145013,14.8122170971324,1
"May-2019",2019,5,2019-05-01,"Suisun Marsh",0.075,0.39475,0.1965,14.15,0.475,0.77375,0.29625,17.4257692014254,0.639402957408203,51.2984618172279,8.24823529411765,3.83444444444444,7.75139530754772,1,1131600,342950,1616351,2.6825,"Centric Diatoms",-0.447220417080569,-2.59026716544583,3.93766076765756,2.64971462408925,1.34402455977369,-0.929502625846386,14.2956816974483,0
"Jun-2019",2019,6,2019-06-01,"Suisun Marsh",0.03520925,0.3185,0.24725,14.1,0.61,0.875,0.335,21.8677586141126,0.381189411246995,62.5934782691624,7.35826086956522,2.44222222222222,7.61928467695979,1,896400,373310,1391814,NA,"Centric Diatoms",-0.964458885009203,-3.34644644680887,4.13666109167504,2.64617479738412,0.892908371639256,-1.14413280396992,14.1461184902588,0
"Jul-2019",2019,7,2019-07-01,"Suisun Marsh",0.0443055,0.375,0.1175,13.4,0.23,0.38,0.17,22.1966128909203,1.92499893786951,54.0167307472229,7.04188679245283,3.27454545454545,7.26407448559237,1,558700,104510,716905,0.303185879295368,"Pennate Diatoms",0.654925415983499,-3.11664645613858,3.98929382722956,2.59525470695687,1.18617906694944,-0.980829253011726,13.4826986142901,4
"Aug-2019",2019,8,2019-08-01,"Suisun Marsh",0.049457,0.215,0.102,11.3,0.2,0.4345,0.13,23.085517313727,3.65156097496004,36.3346807699001,6.77903846153846,4.47,7.62196232186318,1.25,640200,100580,773858,NA,"Centric Diatoms",1.29515474054467,-3.00665167380327,3.59277267828348,2.42480272571829,1.49738840862548,-1.53711725085447,13.5591436732083,0
"Sep-2019",2019,9,2019-09-01,"Suisun Marsh",0.215189666666667,0.608333333333333,0.129666666666667,12.05,0.616666666666667,2.28,0.356333333333333,21.5224528301887,3.43276843562061,39.9328572881789,7.10387755102041,2.21176470588235,7.52694998652623,1.33333333333333,626100,87620,751408,0.251297883664547,"Pennate Diatoms",1.233367059716,-1.53623546919558,3.687199475945,2.48906465993666,0.793790706339633,-0.497032301633655,13.529704058858,4
"Oct-2019",2019,10,2019-10-01,"Suisun Marsh",0.132147666666667,0.654,0.191666666666667,14.5,0.34808,0.526468,0.211333333333333,17.0635897338085,4.04792247508198,35.8774072519938,7.85297297297297,2.05833333333333,7.60252477580655,1.5,442700,82910,554134,1.72,"Pennate Diatoms",1.39820378038922,-2.02383529479096,3.58010777292948,2.67414864942653,0.721896593845931,-0.424647927524938,13.2251618137382,4
"Nov-2019",2019,11,2019-11-01,"Suisun Marsh",0.162993,0.767,0.426,12.5,0.485634333333333,0.9,0.214,14.3335294454238,4.5500759952175,31.6891304347826,7.94290322580645,2.61555555555556,7.43452854455234,1,318630,51640,386547,NA,"Green Algae",1.51514393506898,-1.8140480238828,3.45597373359087,2.52572864430826,0.961476524495911,-0.265268477614881,12.8650087437561,3
"Dec-2019",2019,12,2019-12-01,"Suisun Marsh",0.279333333333333,0.636199666666667,0.252,11,1.1,0.933333333333333,0.30774,11.1303448407403,4.5296338745999,42.9117650873521,8.11913043478261,2.57333333333333,7.57,1,601700,112470,739191,NA,"Cyanobacteria",1.51064111384451,-1.27534946716816,3.75914603279625,2.39789527279837,0.945202075368575,-0.452242823611483,13.5133116239108,2
"Jan-2020",2020,1,2020-01-01,"Suisun Marsh",0.1040145,0.51,0.059,19.5,NA,0.615,0.0608605,9.63588229684269,2.85656811108434,36.3000001387163,9.6664,1.785,7.64497121832215,1,510200,70040,600594,NA,"Centric Diatoms",1.04962094314259,-2.26322496648234,3.59181774509219,2.9704144655697,0.579418415231602,-0.673344553263766,13.3056744444715,0
"Feb-2020",2020,2,2020-02-01,"Suisun Marsh",0.1332955,0.4953125,0.0396011875,19,NA,0.625625,0.1193125,10.9984848195856,1.61737285900803,51.5409088134766,10.4416666666667,3.7575,7.77994883159502,1,394000,65520,476200,NA,"Cyanobacteria",0.480803140908164,-2.01518681080691,3.94237583823671,2.94443897916644,1.32375384264499,-0.702566402476437,13.0735932130349,2
"Mar-2020",2020,3,2020-03-01,"Suisun Marsh",0.157642333333333,0.50451724137931,0.0458208620689655,17,NA,0.705206896551724,0.11418075862069,13.6716,1.89627861980539,39.2043480582859,9.11461538461538,5.575,7.62267302470574,1,374100,65560,466329,NA,"Pennate Diatoms",0.639893344410684,-1.84742652510709,3.6687876604995,2.83321334405622,1.71829231734618,-0.684153264590449,13.0526466725847,4
"Jun-2020",2020,6,2020-06-01,"Suisun Marsh",0.11,0.46,0.121,11.3,0.4,0.65,0.1545,21.7569230886606,4.29042651357299,35.3063636016846,7.7771186440678,4.236,7.92952454643677,1,368700,45392,426168,NA,"Cyanobacteria",1.45638614841133,-2.20727491318972,3.5640632196946,2.42480272571829,1.44361942773916,-0.776528789498996,12.9625889137068,2
"Jul-2020",2020,7,2020-07-01,"Suisun Marsh",0.044582,0.3855,0.12,9.85,0.4,0.45,0.139,21.50885246527,6.28522412411155,24.9376000991821,7.95795918367347,5.84222222222222,7.52032904967455,1.81818181818182,427800,29377,467534,0.287428864047507,"Cyanobacteria",1.83820150156735,-3.1104250888634,3.21637670864432,2.287471455184,1.76511124196552,-0.953214085978753,13.0552273523391,2
"Aug-2020",2020,8,2020-08-01,"Suisun Marsh",0.039168,0.275,0.1105,8.53,0.35,0.4235,0.141,22.5861363289573,8.10620171154221,21.6256250059605,6.69447368421053,5.475625,7.81148159692097,1.625,421700,13978,444713,NA,"Pennate Diatoms",2.09262941212328,-3.23989519209228,3.07387895441002,2.14358936150359,1.70030642443849,-1.29098418131557,13.0051844092624,4
"Sep-2020",2020,9,2020-09-01,"Suisun Marsh",0.085,0.315,0.106,10.05,0.175,0.4,0.129,20.427631588986,6.98986144697969,24.5534615091177,7.22685714285714,4.26543364285714,7.71598406368927,2.6,349200,17338,374211,0.172026072334583,"Centric Diatoms",1.94446073444407,-2.46510402249182,3.20085284263593,2.30757263450508,1.45054385053646,-1.1551826401565,12.832575088435,0
"Oct-2020",2020,10,2020-10-01,"Suisun Marsh",0.093,0.285,0.0645,10.75,0.25,0.39,0.099,19.6740425613079,8.20380471161311,20.3394286313738,7.43840909090909,3.36235294117647,7.67054059054512,1,266270,35885,311044,NA,"Centric Diatoms",2.1045980358816,-2.37515578582888,3.01256129933961,2.37490575457367,1.21264100900545,-1.25526609871349,12.6476896602538,0
"Nov-2020",2020,11,2020-11-01,"Suisun Marsh",0.163,0.275,0.0685,10.15,0.345,0.55,0.1095,14.31693875994,6.96637440173265,24.7569443914625,8.38673913043478,3.14785714285714,7.46949001663059,1,253630,31642,295826,NA,"Pennate Diatoms",1.94109491751824,-1.81400507817537,3.20910603113231,2.3174737054878,1.14672194923864,-1.29098418131557,12.597526722624,4
"Mar-2021",2021,3,2021-03-01,"Suisun Marsh",0.133,0.563,0.0885,16.6,0.345,0.5295,0.121,12.8883333651225,2.48264269547828,56.6758333015442,9.49611111111111,6.78125,8.01660398741086,1,293170,30636,337979,NA,"Cryptophytes",0.909323595840444,-2.01740615076038,4.03734789944464,2.8094026953625,1.91416145074073,-0.574475650842447,12.7307390423575,1
"Apr-2021",2021,4,2021-04-01,"Suisun Marsh",0.026687,0.475,0.086,14,0.365,0.5225,0.125,16.214642833301,2.79762106390055,48.9176744319117,8.54863636363636,7.1095,7.73515730318222,1,235860,36305,288575,NA,"Pennate Diatoms",1.02876943601397,-3.6235787235318,3.8901387715024,2.63905732961526,1.96143191785429,-0.744440474947496,12.5727102964831,4
"May-2021",2021,5,2021-05-01,"Suisun Marsh",0.1534,0.957,0.1834,11.75,0.71,1.2226,0.3004,18.6441509649889,5.03770868283404,30.074047609965,7.96212765957447,3.74736842105263,7.57768240044278,1,220860,26626,263070,NA,"Pennate Diatoms",1.61695135228754,-1.87470639004898,3.40366259419274,2.46385324059017,1.32105383925149,-0.0439518875291828,12.4801754354415,4
"Jun-2021",2021,6,2021-06-01,"Suisun Marsh",0.066,0.5395,0.115,11,0.265,0.421,0.146,20.1209091533314,9.0896442900305,36.5232557731451,7.72325581395349,3.91631578947368,7.6786824397776,1,197950,32162,238953,NA,"Centric Diatoms",2.20713577541386,-2.71810053695571,3.59794920216781,2.39789527279837,1.36515136224273,-0.617112494283948,12.3840221588553,0
"Jul-2021",2021,7,2021-07-01,"Suisun Marsh",0.0515535,0.2975,0.1205,8.12,0.23,0.3695,0.1425,21.1066101759571,10.2583112859084,29.7265307173437,7.0536,4.32913043478261,7.55012535592239,1,231100,38330,278349,0.211657695757935,"Centric Diatoms",2.32808823417915,-2.96513517557661,3.39203993720871,2.09433015417359,1.46536669847084,-1.21234105399645,12.536631001006,0
"Aug-2021",2021,8,2021-08-01,"Suisun Marsh",0.026927,0.1965,0.1125,6.725,0.3,0.33,0.1325,20.8944897492078,10.9734879212373,34.2476316592568,7.04511627906977,5.94055555555556,7.59085691274387,1,234640,28073,270556,NA,"Centric Diatoms",2.3954821746391,-3.6146257782898,3.53361741368252,1.9058319254879,1.7818026568724,-1.62709284767282,12.5082343798717,0
"Sep-2021",2021,9,2021-09-01,"Suisun Marsh",0.024015,0.1815,0.096,8.705,0.32,0.3595,0.1395,20.7488234994926,7.81102809000197,26.3109756934934,7.484375,3.575,7.59147675171896,1.4,228240,11653,246664,0.355127332853079,"Centric Diatoms",2.05553659283242,-3.72907664386535,3.26998617887593,2.16389757322015,1.27396517614597,-1.70649962527723,12.415782365643,0
"Oct-2021",2021,10,2021-10-01,"Suisun Marsh",0.095,0.1705,0.072,8.27,0.2,0.352,0.099,16.7354545237801,8.38100201598843,28.0572726405751,7.86609756097561,2.73611111111111,7.47627387464675,1,363980,25388,416703,NA,"Centric Diatoms",2.12596747965945,-2.3538783873816,3.33424787253676,2.1126345090356,1.00653760972193,-1.76901998225857,12.9401290168087,0
"Nov-2021",2021,11,2021-11-01,"Suisun Marsh",0.269,0.4435,0.0735,12.1,0.46,0.797,0.154,15.0611320682742,5.45534155927729,43.3917072426401,6.901,3.873,7.24179432611041,1,258180,22208,293048,NA,"Centric Diatoms",1.69659523130786,-1.3130438993803,3.77026834549023,2.4932054526027,1.35402940053262,-0.813057477232503,12.5880916971074,0
"Dec-2021",2021,12,2021-12-01,"Suisun Marsh",0.1935,0.6135,0.0735,12.15,0.535,0.7605,0.1365,11.2979999745687,5.64003697547663,54.4600003623962,8.32619047619048,0.7583855,7.62497121832215,1,554030,31130,638445,NA,"Centric Diatoms",1.72989062142405,-1.6424777665123,3.99746649389997,2.49732916978656,-0.276563447422411,-0.488575014831171,13.3667908113553,0
"Jan-2022",2022,1,2022-01-01,"Suisun Marsh",0.1395,0.7115,0.0705,16.9,0.595,0.7875,0.1475,10.3364,2.86658408953863,65.7818178350275,8.92181818181818,4.70666666666667,7.45953964566369,1,528100,33884,585080,NA,"Pennate Diatoms",1.05312110820156,-1.96969067772072,4.18634347545094,2.82731362192903,1.54897994339699,-0.34037986145223,13.279503869001,4
"Feb-2022",2022,2,2022-02-01,"Suisun Marsh",0.09,0.578,0.0695,14.35,0.355,0.6165,0.1465,11.332413852297,2.86136086685496,40.1235294342041,9.443,5.98666666666667,7.77896465970594,1,341400,37539,395671,NA,"Centric Diatoms",1.05129733923338,-2.40794560865187,3.69196293116372,2.66374994220563,1.78953477420594,-0.548181410309759,12.8883383368435,0
"Mar-2022",2022,3,2022-03-01,"Suisun Marsh",0.0445525,0.397,0.0735,13.8,0.38,0.522,0.1675,15.2463888782925,2.69602188094513,64.0799998016357,8.56333333333333,6.5,7.90712810462011,1,325390,29944,369805,NA,"Pennate Diatoms",0.991777309094695,-3.11108700991702,4.16013229966453,2.62466859216316,1.87180217690159,-0.923818998294947,12.8207311186658,4
"Apr-2022",2022,4,2022-04-01,"Suisun Marsh",0.1092,0.876,0.155,11.4,0.738,1.0832,0.2934,16.2825000039736,3.75299717014054,85.3018918712719,8.08461538461538,5.35,7.72768902091673,1,246940,28322,304353,NA,"Pennate Diatoms",1.32255476612663,-2.21457421567133,4.44619663328183,2.43361335540045,1.67709656090792,-0.132389188045746,12.6259434909459,4
"May-2022",2022,5,2022-05-01,"Suisun Marsh",0.076,0.3248,0.0748,13.7,0.246,0.4224,0.1232,18.182580651314,3.98908034991389,42.6026923150283,8.23264150943396,2.67,7.72106221657276,1,222180,22158,266068,NA,"Pennate Diatoms",1.38356071559177,-2.57702193869581,3.75191745116159,2.61739583283408,0.982078472412158,-1.12454567069461,12.4915071941915,4
"Jun-2022",2022,6,2022-06-01,"Suisun Marsh",0.044552,0.2385,0.096,9.33,0.275,0.4235,0.1365,21.4969565438533,8.37020402795563,28.7387930935827,7.19166666666667,4.85833333333333,7.66067379891764,1,266000,20927,299507,NA,"Centric Diatoms",2.12467826030413,-3.11109823269477,3.35824788580887,2.23323501485925,1.58069544356845,-1.43338596865374,12.6098930685517,0
"Jul-2022",2022,7,2022-07-01,"Suisun Marsh",0.0715,0.1855,0.104,7.81,0.275,0.4175,0.1465,21.6899999818348,8.743504169786,34.1328123450279,7.17944444444444,2.206875,7.7933681634264,1,375300,7859,395272,NA,"Centric Diatoms",2.1683110440727,-2.63805782928217,3.53025916049155,2.05540496385159,0.791577487700514,-1.68470039693465,12.8873294144968,0
"Aug-2022",2022,8,2022-08-01,"Suisun Marsh",0.0221065,0.3555,0.114,8.695,0.285,0.371,0.166,21.8452000762939,10.1329075965523,45.3692499227524,6.98840909090909,4.37166666666667,7.60056146808768,1,307420,6072,324786,NA,"Centric Diatoms",2.31578830536335,-3.81188359605549,3.81483456108941,2.16274814780625,1.47514432465073,-1.03423002973884,12.6909217828924,0
"Sep-2022",2022,9,2022-09-01,"Suisun Marsh",0.028397,0.2125,0.0725,9.435,0.195,0.3035,0.1145,21.3648837120588,9.05244480919727,34.1367442215321,6.54975,4.2776,7.4475604637858,1,262580,8272,281821,NA,"Centric Diatoms",2.20303486589202,-3.56147177319744,3.53037434730999,2.24442617882051,1.45339210465238,-1.54881329061767,12.549027396607,0
"Oct-2022",2022,10,2022-10-01,"Suisun Marsh",0.098,0.277,0.0635,9.06,0.215,0.366,0.098,18.7326922856844,8.02069993393869,36.1633333469573,7.65816326530612,3.98047619047619,7.56421899879171,1,212230,26143,243054,NA,"Pennate Diatoms",2.08202569162875,-2.32278780031156,3.58804571454298,2.20386912005489,1.38140145798764,-1.2837377727948,12.4010389198572,4
"Nov-2022",2022,11,2022-11-01,"Suisun Marsh",0.1415,0.2505,0.06,9.275,0.25,0.475,0.107,13.1829629770915,6.52597652348544,31.4379546668313,8.83333333333333,3.39625,7.48547202235012,1,205380,20094,229923,NA,"Centric Diatoms",1.87579060078272,-1.95545556189884,3.4480159103186,2.2273226084935,1.22267188175842,-1.38429635845722,12.3454997492444,0
"Dec-2022",2022,12,2022-12-01,"Suisun Marsh",0.1585,0.334,0.052,10.05,0.215,0.477,0.1165,9.80749997138977,6.97737481880446,35.1500000136239,10.0016129032258,1.075,7.59015384138658,1,362750,36333,471991,NA,"Centric Diatoms",1.94267274557295,-1.8420006856648,3.55962461864427,2.30757263450508,0.0723206615796263,-1.09661428600544,13.0647151965893,0
"Jan-2023",2023,1,2023-01-01,"Suisun Marsh",0.106,0.6135,0.0835,NA,0.645,0.8625,0.2425,9.34999999403954,0.867461721637741,130.214285714286,9.92260869565217,4.3,NA,NA,1899500,396890,2959659,NA,"Pennate Diatoms",-0.142183893047922,-2.24431618487007,4.8691814450634,NA,1.45861502269952,-0.488575014831171,14.9005846169612,4
"Feb-2023",2023,2,2023-02-01,"Suisun Marsh",0.1605,0.7765,0.079,NA,0.52,0.8445,0.191,9.61333338101705,1.3988751972683,73.9833334816827,9.57857142857143,NA,NA,NA,538700,131610,712554,NA,"Centric Diatoms",0.33566848317529,-1.82946133641207,4.30383984461711,NA,NA,-0.252958636393395,13.4766109777268,0
"Mar-2023",2023,3,2023-03-01,"Suisun Marsh",0.0784937,0.509,0.0888626,NA,0.616,0.969,0.2143,11.1806451551376,0.630242533590422,51.1649997711182,9.406875,5.9,NA,NA,1810900,732590,3154313,NA,"Pennate Diatoms",-0.461650559726967,-2.54473691219143,3.93505570006531,NA,1.77495235091167,-0.675307262431614,14.9642812806428,4
"Apr-2023",2023,4,2023-04-01,"Suisun Marsh",0.039368,0.311,0.0675,NA,0.51,0.6165,0.1715,15.5272726622495,0.619461619102145,53.6624997496605,8.91542857142857,6.4,NA,NA,1369000,853200,2329955,NA,"Cryptophytes",-0.478904534469584,-3.23480197541846,3.98271442888561,NA,1.85629799036563,-1.1679623668029,14.6613595120507,1
"May-2023",2023,5,2023-05-01,"Suisun Marsh",0.053598,0.1865,0.07,NA,0.39,0.5845,0.167,17.718867913732,0.564315766607443,54.8820513016138,8.13159090909091,NA,NA,NA,1439100,763000,2256654,NA,"Centric Diatoms",-0.572141314281388,-2.92624352503438,4.00518636066395,NA,NA,-1.67932403989827,14.6293937432061,0
"Jun-2023",2023,6,2023-06-01,"Suisun Marsh",0.0745,0.187,0.079,NA,0.49,0.6055,0.197,19.1928571791876,0.420954083243936,62.1225000476837,7.21,10.2,NA,1,767000,581780,1372292,NA,"Pennate Diatoms",-0.865231517176769,-2.59695615359662,4.12910824292597,NA,2.32238772029023,-1.67664666212755,14.1319928926116,4
"Jul-2023",2023,7,2023-07-01,"Suisun Marsh",0.066,0.154,0.086,NA,0.34,0.552,0.1575,21.7945946358346,1.43683085684866,63.0888884650336,6.76892857142857,12,NA,1,439200,190700,643630,NA,"Pennate Diatoms",0.362439894426964,-2.71810053695571,4.14454465998427,NA,2.484906649788,-1.87080267656851,13.374879305817,4
"Aug-2023",2023,8,2023-08-01,"Suisun Marsh",0.043435,0.1155,0.074,NA,0.225,0.4185,0.1165,22.9206896420183,2.92106864905894,41.8526316191021,6.5,2.37,NA,1,537500,107040,655194,NA,"Centric Diatoms",1.07194952503253,-3.13648971127025,3.73415467713535,NA,0.86288995514704,-2.15848474902029,13.3926866539699,0
"Sep-2023",2023,9,2023-09-01,"Suisun Marsh",0.052,0.1395,0.0715,NA,0.2,0.405,0.117,20.8999999872843,1.75069380274701,46.3799998855591,7.53041666666667,3.2,NA,1,547900,56420,613595,NA,"Pennate Diatoms",0.560012168079011,-2.95651156040071,3.83686832935992,NA,1.16315080980568,-1.96969067772072,13.327090380371,4
"Oct-2023",2023,10,2023-10-01,"Suisun Marsh",0.0755,0.1585,0.07,NA,0.22,0.4005,0.119,19.2878788456772,2.731588920367,51.2478258215863,7.20851851851852,3.3,NA,1,371870,77050,478832,NA,"Centric Diatoms",1.00488346200014,-2.58362262272716,3.9366731941252,NA,1.19392246847243,-1.8420006856648,13.0791050841837,0
"Nov-2023",2023,11,2023-11-01,"Suisun Marsh",0.1325,0.239,0.0645,NA,0.25,0.457,0.115,15.2885715048654,4.68304466301673,38.2708334287008,7.80275862068966,2,NA,1,249470,47640,316995,NA,"Cryptophytes",1.54394846742194,-2.02117263355586,3.64468807679914,NA,0.693147180559945,-1.43129172705063,12.6666412798644,1
"Dec-2023",2023,12,2023-12-01,"Suisun Marsh",0.1345,0.3045,0.0665,NA,0.21,0.434,0.09,11.9958333492279,5.222770910076,16.7999999364217,8.55,2.2,NA,1,397260,40430,460735,NA,"Centric Diatoms",1.65302808674149,-2.00619107994024,2.82137888262479,NA,0.78845736036427,-1.18908419183219,13.0405783193863,0
"Jan-2024",2024,1,2024-01-01,"Suisun Marsh",0.1255,0.3895,0.062,NA,0.205,0.419,0.0845,10.2374998688698,1.5993366304561,27.049999554952,9.76,2.2,NA,NA,826800,72550,962832,NA,"Cyanobacteria",0.469588937307983,-2.0754495204103,3.2976869888397,NA,0.78845736036427,-0.942891413671334,13.7776342207326,2
"Feb-2024",2024,2,2024-02-01,"Suisun Marsh",0.0795,0.447,0.083,NA,0.285,0.5345,0.162,11.7562500596046,0.873640830557139,40.9333333969116,8.53,2.2,NA,NA,1692100,207790,2406632,NA,"Centric Diatoms",-0.135085936808582,-2.53199825732185,3.71194472859815,NA,0.78845736036427,-0.805196684368568,14.693738817665,0
"Mar-2024",2024,3,2024-03-01,"Suisun Marsh",0.0765,0.324,0.0655,NA,0.405,0.588,0.164,13.431578897175,0.636519558756873,29.9333330790202,8.86,5.5,NA,NA,1600100,202900,2075675,NA,"Cryptophytes",-0.451740132852119,-2.57046453814965,3.39897267814406,NA,1.70474809223843,-1.12701176318981,14.5457969599528,1
"Apr-2024",2024,4,2024-04-01,"Suisun Marsh",0.0715,0.3575,0.0785,NA,0.375,0.634,0.148,16.5249999880791,0.699682856623701,25.3333333333333,7.63,NA,NA,NA,996000,158840,1251136,NA,"Centric Diatoms",-0.357128108568457,-2.63805782928218,3.23212105161822,NA,NA,-1.02861991684807,14.0395624965698,0
"May-2024",2024,5,2024-05-01,"Suisun Marsh",0.0303125,0.298,0.111,NA,0.312,0.535,0.194,18.2699998474121,0.548806146104049,31.0111112594604,8.10909090909091,NA,NA,NA,706600,192410,962806,NA,"Centric Diatoms",-0.600010003463987,-3.49619511028444,3.4343455679898,NA,NA,-1.21066179247673,13.7776072166955,0
"Jun-2024",2024,6,2024-06-01,"Suisun Marsh",0.0945,0.3365,0.1015,NA,0.395,0.362,0.1735,21.4363636537032,1.73665335686499,55.3499999682109,6.69,12.5,NA,1,431400,83710,548616,NA,"Pennate Diatoms",0.551959903074512,-2.35915544448244,4.01367665858032,NA,2.52572864430826,-1.08915712989735,13.215154022208,4
