"","SubRegion","Month","Year","Microcystis","Secchi","DissNitrateNitrite","DissAmmonia","pH","Chl","Conductivity","Temperature","DissolvedOxygen","TurbidityNTU","TKN","TON","Salinity","DissOrthophos","TotPhos"
"1","Cache Slough and Lindsey Slough",6,2017,1,73.6666666666667,0.075,0.02,NA,3.4,336.166666666667,21.5,NA,11.25,NA,NA,0.160194259609461,0.098,NA
"2","Cache Slough and Lindsey Slough",7,2018,1,144.5,0.0771111111111111,0.0259259259259259,NA,3.30769230769231,145.5,22.15,NA,6.7,NA,NA,0.0680021902379771,0.11462962962963,NA
"3","Cache Slough and Lindsey Slough",8,2018,1,194.5,0.0729285714285714,0.0178571428571429,NA,2.83333333333333,155.5,21.4,NA,4.35,NA,NA,0.0727916449073001,0.104642857142857,NA
"4","Cache Slough and Lindsey Slough",9,2018,1,230,0.0475,0.015,NA,0.8,206,21.3,NA,3.9,NA,NA,0.0970161165452006,0.1115,NA
"5","Cache Slough and Lindsey Slough",10,2017,1,118,0.105,0.07,NA,NA,141,18.4,NA,6.2,NA,NA,0.0658474077830802,0.06,NA
"6","Cache Slough and Lindsey Slough",10,2018,1,123,0.0985555555555556,0.0296296296296296,NA,2.59,174,17,NA,6.2,NA,NA,0.0816568656327022,0.0835555555555555,NA
"7","Carquinez Strait",1,2016,1,70,0.50397186,0.21402696,7.9,1.6,30966.5,10.71,9.5,NA,NA,NA,14.6599108934297,0.06783306,NA
"8","Carquinez Strait",1,2017,1,17,0.374652296666667,0.11767883,7.7425,1.64,1523.25,9.71,10.6057142857143,NA,0.55,NA,0.517313677352434,0.0684517133333333,0.165
"9","Carquinez Strait",1,2018,1,76,0.4680073,0.187998983333333,7.83,1.914,27183,11.158,9.21,NA,0.3,NA,16.3921411748084,0.0790417533333333,0.095
"10","Carquinez Strait",1,2019,1,64,0.55,0.205,7.715,1.175,24080,11.035,9.165,NA,0.3895,NA,14.6005343181115,0.0945,0.1
"11","Carquinez Strait",1,2020,1,51,0.44869097,0.180333483333333,7.87,1.714,27896,10.49,9.582,NA,0.52,NA,14.2930270974247,0.0775343933333333,0.13
"12","Carquinez Strait",1,2022,1,56,0.502,0.119,7.785,2.17,25800.5,10.986,9.266,NA,0.3095,NA,13.5197054578968,0.081,0.096
"13","Carquinez Strait",2,2016,1,50,0.47399688,0.15197595,7.85,1.43333333333333,24566.5,12.238,9,NA,NA,NA,10.0777034148592,0.06597462,NA
"14","Carquinez Strait",2,2017,1,20,0.346998475,0.0647636275,7.48333333333333,2.964,202,11.662,9.88,NA,0.366666666666667,NA,0.169059512033245,0.06767726,0.1
"15","Carquinez Strait",2,2018,1,76,0.50732862,0.151340656666667,7.84,2.196,26144.5,12.96,8.932,NA,0.35,NA,12.7558505296046,0.079145,0.085
"16","Carquinez Strait",2,2019,1,16,0.439011484,0.09458749,7.73,1.98857142857143,1571,9.55857142857143,10.1157142857143,NA,0.61075,NA,0.513857696776667,0.07424804,0.17425
"17","Carquinez Strait",2,2020,1,68,0.44635647,0.160313476666667,7.77,2.4,28067,11.782,9.478,NA,0.44,NA,12.6749062819834,0.0795579866666667,0.117
"18","Carquinez Strait",2,2022,1,52,0.45,0.101,7.835,2.516,30542,11.974,9.504,NA,0.3005,NA,15.3845123670553,0.085,0.097
"19","Carquinez Strait",3,2016,1,37,0.4370184,0.13698846,7.9,2.9,12652.75,14.3742857142857,8.66,NA,NA,NA,6.51621153240513,0.06752332,NA
"20","Carquinez Strait",3,2017,1,31.2,0.3204964825,0.0699949925,7.71,3.86333333333333,1097,13.78625,9.795,NA,0.366666666666667,NA,0.724401134440752,0.057312165,0.0833333333333333
"21","Carquinez Strait",3,2018,1,37,0.456344803333333,0.122319483333333,7.9,2.464,16655.75,13.0971428571429,9.066,NA,0.4,NA,12.8164073122741,0.0789385066666667,0.095
"22","Carquinez Strait",3,2019,1,26.5,0.298980466666667,0.0780039966666667,7.755,3.724,3950,13.2242857142857,9.448,NA,0.254,NA,1.48018049834455,0.06925994,0.095
"23","Carquinez Strait",3,2020,1,53.6666666666667,0.455,0.16,7.79,1.35,25469.3333333333,13.1266666666667,8.59,NA,0.39,NA,15.5775132017547,0.0705,0.125
"24","Carquinez Strait",3,2021,1,88.3333333333333,0.432,0.121,7.925,2.69,27962.6666666667,12.52,8.95,NA,0.308,NA,17.2126209933345,0.085,0.0795
"25","Carquinez Strait",3,2022,1,60.6666666666667,0.314,0.074,7.96,3.014,23818.3333333333,13.7833333333333,9.67,NA,0.232,NA,12.1236914296832,0.083,0.104
"26","Carquinez Strait",4,2016,1,59,0.28504245,0.09300648,7.95,1.97,15729,16.76,8.61,NA,NA,NA,7.8501559336913,0.0727889,NA
"27","Carquinez Strait",4,2017,1,30.75,0.22200432,0.06218609,7.71,3.824,3841,14.6785714285714,9.588,NA,0.3,NA,1.47804072040059,0.0540415466666667,0.065
"28","Carquinez Strait",4,2018,1,23,0.327336983333333,0.0849974933333333,7.895,7.986,5969.25,15.07,9.272,NA,0.6,NA,2.0593167278214,0.05889414,0.155
"29","Carquinez Strait",4,2019,1,44.5,0.183348326666667,0.0586476533333333,7.745,3.6475,2412.75,16.6,9.2325,NA,0.3,NA,1.08564913926,0.0547170866666667,0.55
"30","Carquinez Strait",4,2021,1,81.25,0.356,0.1685,8.02,2.335,22473,15.095,8.75,NA,0.315,NA,13.819599492435,0.093,0.0785
"31","Carquinez Strait",4,2022,1,41.25,0.302,0.101,7.915,3.29,23256,16.0414285714286,8.646,NA,0.298,NA,13.3246695724688,0.0925,0.1195
"32","Carquinez Strait",5,2016,1,56.75,0.30002994,0.08796396,7.88,1.37333333333333,20762.75,18.48,8.125,NA,NA,NA,12.1315690344404,0.08796616,NA
"33","Carquinez Strait",5,2017,1,37.5,0.19,0.09,7.735,2.62,6684,18.115,8.515,NA,0.25,NA,3.73944089570386,0.055,0.08
"34","Carquinez Strait",5,2018,1,49.75,0.304023656666667,0.0700116666666667,7.82,3.316,18151.5,17.3271428571429,8.86,NA,0.35,NA,7.75237830643591,0.0866525666666667,0.08
"35","Carquinez Strait",5,2019,1,32,0.167018493333333,0.0850074966666667,7.895,3.04,10749.6666666667,17.2628571428571,8.718,NA,0.1925,NA,6.15147684412286,0.0682393733333333,0.0875
"36","Carquinez Strait",5,2021,1,88,0.37,0.103,7.975,2.73,28905.5,17.7175,8.035,NA,0.2085,NA,17.8408830405318,0.095,0.094
"37","Carquinez Strait",5,2022,1,29.5,0.288,0.084,7.865,3.538,27374,17.3985714285714,8.344,NA,0.254,NA,16.4021764872858,0.096,0.1335
"38","Carquinez Strait",6,2008,1,50.3333333333333,0.54655314,0.0924462,NA,2.952,22690,19.6288888888889,7.65,14.5,NA,NA,14.1309089298025,0.08239084,NA
"39","Carquinez Strait",6,2009,1,42,0.39177579,0.05434716,7.9,2.83333333333333,20855.3333333333,19.4522222222222,7.65,11.5,NA,NA,12.3662191738253,0.06008956,NA
"40","Carquinez Strait",6,2010,1,47.6666666666667,0.32846415,0.08796396,7.94,3.018,12337,20.0283333333333,8.1,16.2,NA,NA,5.34504432846756,0.07960318,NA
"41","Carquinez Strait",6,2011,1,34.8333333333333,0.22495242,0.06205101,7.865,3.678,3254.66666666667,18.7488888888889,8.975,50.375,NA,NA,2.03360208590861,0.04831944,NA
"42","Carquinez Strait",6,2012,1,30.6666666666667,0.45214596,0.06611304,7.88,3,26488.8333333333,19.4066666666667,7.31,52.6,NA,NA,15.3776690339959,0.09416096,NA
"43","Carquinez Strait",6,2014,1,44.8333333333333,0.5126562,0.0784392,8,2.25,31255.5,19.585,7.8,41.7,NA,NA,20.2771924670367,0.1177012,NA
"44","Carquinez Strait",6,2016,1,29.8,0.32005995,0.06905451,7.91,3.1,24400.2,19.865,7.964,62.3,NA,NA,15.2580200419034,0.08734668,NA
"45","Carquinez Strait",6,2017,1,37.5,0.248662646666667,0.07087043,7.705,2.08,9336.5,20.8188888888889,7.838,152.75,0.3,NA,5.99858954508231,0.0661802866666667,0.075
"46","Carquinez Strait",6,2018,1,34.6666666666667,0.396651626666667,0.0710205033333333,7.83,2.552,20995,19.1744444444444,8.03,71.35,0.3,NA,12.5918250313746,0.110340006666667,0.115
"47","Carquinez Strait",6,2019,1,37,0.20698131,0.0540211733333333,7.715,4.314,9838,19.7177777777778,8.406,63.5,0.2,NA,3.87492513561613,0.0635902466666667,0.088
"48","Carquinez Strait",6,2020,1.25,57.4,0.353,0.07,7.9,1.63,24276.8,20.352,7.61,12.75,0.2725,NA,14.7541369911009,0.0945,0.1
"49","Carquinez Strait",6,2021,1,52.8333333333333,0.3905,0.085,8.065,3.015,25625.6666666667,18.775,7.98,31.6,0.2885,NA,15.916437803604,0.1005,0.1215
"50","Carquinez Strait",6,2022,1,52.4285714285714,0.265,0.065,7.975,4.205,27121.5714285714,20.3828571428571,7.595,30.4,0.31,NA,16.6688103090663,0.104,0.121
"51","Carquinez Strait",7,2008,1,41.5,0.5196597,0.04804401,NA,2.416,27841.1666666667,20.36,7.65,14.5,NA,NA,17.4430759998727,0.08579798,NA
"52","Carquinez Strait",7,2009,1,50.4,0.31249617,0.05546772,8.095,3.43333333333333,25842,20.33625,7.65,15,NA,NA,16.3631251870061,0.07340838,NA
"53","Carquinez Strait",7,2010,1,34.6666666666667,0.41824902,0.08320158,8.05,2.4,17678.6666666667,19.0788888888889,7.675,70.88,NA,NA,10.759154342208,0.09787784,NA
"54","Carquinez Strait",7,2011,1,35.4,0.22565277,0.05966982,7.75,2.274,10003,20.10625,7.8,49.075,NA,NA,6.57888837839279,0.0665941,NA
"55","Carquinez Strait",7,2012,1.5,53,0.45816897,0.06009003,7.885,2.33333333333333,24556.8,19.8675,7.475,22.05,NA,NA,14.9174078192829,0.1006655,NA
"56","Carquinez Strait",7,2013,1,38.4,0.55649811,0.07171584,7.935,2.95,27399.4,20.1371428571429,7.6,94.1,NA,NA,16.4221265314391,0.15208234,NA
"57","Carquinez Strait",7,2014,1,43.4,0.5546772,0.0784392,7.8,2.9,32919.8,20.1628571428571,7.475,31.45,NA,NA,19.6799521516036,0.1331882,NA
"58","Carquinez Strait",7,2015,1,30,0.46055016,0.06359178,NA,3.5,26365.6666666667,21.405,7.5,69.95,NA,NA,17.0558816993778,0.11646224,NA
"59","Carquinez Strait",7,2017,1,22.8,0.259689826666667,0.0993396633333333,7.735,3.174,20855.2,20.4625,7.77,134,0.3,NA,11.8811105887599,0.0851921866666667,0.14
"60","Carquinez Strait",7,2018,1,35,0.40765046,0.0676771666666667,7.875,2.328,25968.75,20.38,7.748,147.5,0.25,NA,15.6141453685228,0.106991746666667,0.115
"61","Carquinez Strait",7,2019,1,50.6,0.262681486666667,0.0773308266666667,7.755,2.21,17586.2,20.32375,8.03,14.2,0.192,NA,9.37459523431911,0.0856553866666667,0.101
"62","Carquinez Strait",7,2020,1,65.25,0.3025,0.0665,7.92,1.85,27597.75,20.3325,7.77,7.95,0.1805,NA,16.9790088534196,0.1025,0.1235
"63","Carquinez Strait",7,2021,1,58.2,0.288,0.086,8.04,3,30487.4,19.562,7.86,40,0.203,NA,18.9425249898386,0.112,0.1215
"64","Carquinez Strait",7,2022,1,48,0.2225,0.1135,7.965,2.025,30756.25,19.8475,7.8,38,0.337,NA,19.1099025808394,0.111,0.132
"65","Carquinez Strait",8,2008,1,62.6666666666667,0.46811394,0.08796396,NA,2.0075,29880.6666666667,20.2666666666667,7.55,17,NA,NA,17.5423294766484,0.08177136,NA
"66","Carquinez Strait",8,2009,1,40,0.3417708,0.070035,7.995,3.53333333333333,27550.25,19.8157142857143,7.15,15.5,NA,NA,17.3869059630927,0.07960318,NA
"67","Carquinez Strait",8,2010,1,46.75,0.40536258,0.09874935,8.19,2.63333333333333,22296.5,19.2042857142857,7.95,29.825,NA,NA,14.2001564225599,0.10190446,NA
"68","Carquinez Strait",8,2011,1,44.75,0.31991988,0.07731864,7.945,2.33333333333333,20405.25,20.1957142857143,7.75,29.65,NA,NA,11.0014335020525,0.07650578,NA
"69","Carquinez Strait",8,2012,1.5,60.5,0.40354167,0.06849423,7.925,2.46666666666667,25823.75,20.0728571428571,7.45,18.55,NA,NA,13.2618832868021,0.09725836,NA
"70","Carquinez Strait",8,2013,1,47.25,0.39863922,0.09174585,7.93,1.95,28347,20.4366666666667,7.775,49.2,NA,NA,17.9750918629568,0.1161525,NA
"71","Carquinez Strait",8,2014,1,51.5,0.53198586,0.0630315,7.9,2.3,34341.25,20.7033333333333,7.225,34,NA,NA,20.2620372443035,0.13597586,NA
"72","Carquinez Strait",8,2015,1,54.6666666666667,0.46489233,0.02185092,7.9,2.66666666666667,31853,21.15,7.13333333333333,42.9,NA,NA,18.3053672799234,0.12575444,NA
"73","Carquinez Strait",8,2016,1,56.5,0.33406695,0.08796396,7.895,1.73333333333333,25490.25,19.5057142857143,7.958,52.7,NA,NA,15.7827952204766,0.10902848,NA
"74","Carquinez Strait",8,2017,1,33.25,0.32169082,0.0879856533333333,8.18,2.496,21180,20.1685714285714,7.832,68.3,0.25,NA,12.2362541645376,0.09038396,0.115
"75","Carquinez Strait",8,2018,1,38.5,0.369357983333333,0.0813473333333333,7.86,2.364,24301.25,20.0528571428571,7.746,52.05,0.3,NA,14.8777912505437,0.112033086666667,0.135
"76","Carquinez Strait",8,2019,1,53.5,0.19698481,0.0481068833333333,7.75,3.826,19710.5,21.3685714285714,7.736,13.4,0.27,NA,11.7584163245988,0.08389132,0.0915
"77","Carquinez Strait",8,2020,1.33333333333333,85,0.2285,0.0615,7.89,1.62,31177.75,21.5075,7.14,10.75,0.3,NA,19.4001232540291,0.1,0.109
"78","Carquinez Strait",8,2021,1,38,0.2315,0.076,7.925,2.79,29739,19.79,7.355,39.6,0.3315,NA,18.4361557444818,0.1155,0.1225
"79","Carquinez Strait",8,2022,1,66,0.2595,0.06,8.125,15.6,30896.5,21.6875,7.86,21.5,0.3045,NA,19.2009514661155,0.107,0.136
"80","Carquinez Strait",9,2007,1,70.7,0.34107045,0.08054025,NA,2.63333333333333,28023.3,21.0738461538462,8.85,9.55,NA,NA,17.7425792033957,0.07929344,NA
"81","Carquinez Strait",9,2008,1,85.3,0.44612295,0.10267131,NA,1.976,30618.2,20.1046153846154,7.15,17.5,NA,NA,19.0449882016668,0.0820811,NA
"82","Carquinez Strait",9,2009,1,100.1,0.33126555,0.08586291,7.785,2.93333333333333,30211.2,20.6015384615385,7.1,9.941,NA,NA,18.1981095557748,0.08424928,NA
"83","Carquinez Strait",9,2010,1,53.4,0.33014499,0.06947472,7.955,4.13333333333333,27568.4,19.6461538461538,7.15,22.65,NA,NA,17.0310340580544,0.09323174,NA
"84","Carquinez Strait",9,2011,1,45.8,0.29946966,0.0546273,7.955,5.6,16670.9,20.09,7.7,40.72,NA,NA,9.95637939722071,0.07836422,NA
"85","Carquinez Strait",9,2012,1,73.4,0.39905943,0.05630814,7.935,2.1,28439.9,18.9669230769231,7.675,13.625,NA,NA,18.0412021642107,0.1053116,NA
"86","Carquinez Strait",9,2013,1,46.5,0.38407194,0.08362179,8.1,2.75,27764.3,20.6566666666667,7.95,46.55,NA,NA,17.3639784539479,0.12017912,NA
"87","Carquinez Strait",9,2014,1,66.2,0.46307142,0.06205101,8,2.25,33999.2,20.8691666666667,6.875,33.975,NA,NA,21.0385896255837,0.12792262,NA
"88","Carquinez Strait",9,2015,1,69.2,0.20702346,0.03403701,7.905,1.5,33495.9,21.2415384615385,7.15,19.7,NA,NA,21.4848438585668,0.06101878,NA
"89","Carquinez Strait",9,2016,1,81,0.35801892,0.06695346,7.855,2.4,26744.8,19.8481818181818,7.91333333333333,8.525,NA,NA,16.3937665248722,0.10407264,NA
"90","Carquinez Strait",9,2017,1,58.7,0.333353316666667,0.0900033266666667,7.815,1.98,21287.8,21.4676923076923,7.886,17.9,0.25,NA,12.128213554533,0.09598872,0.115
"91","Carquinez Strait",9,2018,1,53.3,0.353671806666667,0.09198265,7.825,2.292,28588.8,19.0353846153846,7.936,21.95,0.3,NA,17.701365132829,0.10767616,0.113
"92","Carquinez Strait",9,2019,1.1,55,0.274680816666667,0.0819921566666667,7.645,1.98,20176,21.3930769230769,7.916,14.725,0.25,NA,11.1772324940445,0.1006082,0.126
"93","Carquinez Strait",9,2020,1,86.2,0.257,0.097,7.835,1.04,27668.6,19.541,7.31,13.4625,0.25,NA,17.0155165114091,0.1035,0.1175
"94","Carquinez Strait",9,2021,1,79.6,0.20999598,0.04964532,7.91,2.9325,29166.1,19.4323076923077,7.672,11.6375,0.2575,NA,18.6282086314137,0.100965126666667,0.1175
"95","Carquinez Strait",9,2022,1,81.9,0.2075,0.0635,7.795,2.66,32391.1,21.752,7.21,10.53625,0.234,NA,20.2246007853312,0.115,0.132
"96","Carquinez Strait",10,2007,1,74.9,0.35507745,0.07745871,NA,3.1,28334.6,18.2030769230769,7.95,15.05,NA,NA,18.2670884101875,0.0681428,NA
"97","Carquinez Strait",10,2008,1,97,0.34373178,0.09076536,NA,2.128,26918.8,19.14,7.6,12,NA,NA,18.2466138189877,0.07836422,NA
"98","Carquinez Strait",10,2009,1,81.625,0.37916949,0.13250622,8.15,2.5,30595.6,16.5223076923077,7.55,10.782,NA,NA,18.037458905255,0.07712526,NA
"99","Carquinez Strait",10,2010,1,68.6,0.35745864,0.10687341,7.915,1.16666666666667,26960.9,18.3869230769231,7.1,13.655,NA,NA,17.2881641139571,0.0960194,NA
"100","Carquinez Strait",10,2011,1,68.3,0.2731365,0.0910455,8.035,2.6,18293.3,19.04,7.9,16.125,NA,NA,10.6576006812273,0.0681428,NA
"101","Carquinez Strait",10,2012,1,73,0.37776879,0.03893946,7.935,0.833333333333333,28531.8,18.5438461538462,7.75,12.0625,NA,NA,17.7208814409586,0.10004602,NA
"102","Carquinez Strait",10,2013,1,65.8,0.40003992,0.08572284,7.83,2.86666666666667,29788,17.8692307692308,7.475,17.5625,NA,NA,19.1882629551871,0.09694862,NA
"103","Carquinez Strait",10,2014,1,74.4,0.39401691,0.05700849,8.05,2.6,33195.8,20.9958333333333,6.7,13.8,NA,NA,21.0126823497481,0.11491354,NA
"104","Carquinez Strait",10,2015,1,85.9,0.42497238,0.0490245,8,2.86666666666667,32536,19.8469230769231,7.36666666666667,11.9125,NA,NA,20.1344157802047,0.11088692,NA
"105","Carquinez Strait",10,2016,1,73,0.34107045,0.09496746,7.825,1.55,28974.4,17.7383333333333,7.825,9.2375,NA,NA,17.8701067990285,0.0975681,NA
"106","Carquinez Strait",10,2017,1,65.2,0.31702182,0.109994986666667,7.825,1.588,26470.9333333333,17.6844444444444,7.936,17.2153846153846,0.25,NA,16.4120290301439,0.0877733533333333,0.09
"107","Carquinez Strait",10,2018,1,86.4444444444444,0.326323133333333,0.101338993333333,7.85,3.03,30309.6111111111,18.0804761904762,7.944,10.43125,0.3,NA,19.0158092175711,0.0969504066666667,0.104
"108","Carquinez Strait",10,2019,1,89.9,3.75467731666667,0.160320153333333,7.88,1.834,23387.4,18.4876923076923,8.088,10.3,0.18,NA,14.0912296660559,0.0835579866666667,0.092
"109","Carquinez Strait",10,2020,1,114.1,0.28,0.055,7.985,1.315,32404.8,19.906,7.38,5.3875,0.237,NA,20.2295582658687,0.1045,0.115
"110","Carquinez Strait",10,2021,1,86.1,0.180313303333333,0.0876688266666667,7.845,2.464,31717.5,18.19,7.898,9.3625,0.3415,NA,18.3890122022667,0.0992188066666667,0.1235
"111","Carquinez Strait",10,2022,1,87.3,0.246,0.102,7.995,2.26,35214.2,19.297,7.62,14.65,0.164,NA,22.1852641095349,0.113,0.1275
"112","Carquinez Strait",11,2007,1,76.6,0.41292636,0.1078539,NA,2.8,31859,15.4953846153846,8,18.5,NA,NA,19.7181028646589,0.0681428,NA
"113","Carquinez Strait",11,2008,1,70.2,0.49626801,0.13348671,NA,2.2,31461,15.5661538461538,7.75,10.5,NA,NA,19.2077560100715,0.09725836,NA
"114","Carquinez Strait",11,2009,1,87.1,0.42217098,0.14077035,7.95,2.4,32026.9,15.6553846153846,7.65,10.791,NA,NA,19.3516363921654,0.07464734,NA
"115","Carquinez Strait",11,2011,1.125,66.4,0.28700343,0.11163579,7.94,2.43333333333333,24234.6,14.2676923076923,8.2,14.2375,NA,NA,15.1346537480847,0.0727889,NA
"116","Carquinez Strait",11,2012,1,88.5,0.33434709,0.09748872,7.89,2,29984,17.2616666666667,7.575,9.775,NA,NA,18.4774571397923,0.0851785,NA
"117","Carquinez Strait",11,2013,1,69.6,0.48450213,0.11303649,7.985,1.8,31307.1,14.9146153846154,8.3,13.975,NA,NA,19.5721310226544,0.11119666,NA
"118","Carquinez Strait",11,2014,1,81,0.38505243,0.07899948,8,2,30881,16.5616666666667,8.2,11.775,NA,NA,19.5050093629693,0.11212588,NA
"119","Carquinez Strait",11,2015,1.08333333333333,77.25,0.43407693,0.08502249,7.86,2.1,32466.5,16.255,7.81666666666667,12.67,NA,NA,20.4099922137141,0.1068603,NA
"120","Carquinez Strait",11,2016,1,86.2222222222222,0.36194088,0.1050525,7.8,2.56666666666667,28852.2777777778,15.8047619047619,7.918,8.65625,NA,NA,17.8751914375629,0.09168304,NA
"121","Carquinez Strait",11,2017,1,72,0.37868598,0.153003153333333,7.8,1.2725,28036.9,14.9341666666667,8.1575,14.4625,0.35,NA,17.21031248844,0.0880830933333333,0.09
"122","Carquinez Strait",11,2019,1,88,3.76999163666667,0.151675826666667,7.75,1.618,23732.3,15.0438461538462,8.048,10.75,0.63,NA,15.2900158862583,0.0807733533333333,0.0825
"123","Carquinez Strait",11,2020,1,82.1,0.25,0.106,7.91,0.91,31915.8888888889,15.98,7.815,8.3,0.3,NA,19.903510394287,0.0935,0.126
"124","Carquinez Strait",11,2021,1,71.1,0.305673146666667,0.133022836666667,7.8,3.172,26074.1,16.4976923076923,7.636,17.55,0.2785,NA,16.7068143788402,0.0934902333333333,0.1055
"125","Carquinez Strait",11,2022,1,67.2,0.297,0.1135,7.77,1.67,29213.4,14.412,8.49,19.8125,0.174,NA,18.064075170944,0.093,0.115
"126","Carquinez Strait",12,2007,1,74.3,0.46531254,0.14273133,NA,4,30319.7,11.9892307692308,9.05,19.5,NA,NA,19.2441814341418,0.08393954,NA
"127","Carquinez Strait",12,2008,1,89.125,0.54417195,0.16500246,NA,2.06666666666667,30928.3333333333,12.6991666666667,8.2,15,NA,NA,19.05792786456,0.07712526,NA
"128","Carquinez Strait",12,2009,1,62.5,0.43071525,0.14329161,8.2,1.83333333333333,33982.2,11.4592307692308,8.95,18.544,NA,NA,20.8156116094206,0.07000124,NA
"129","Carquinez Strait",12,2010,1,72.9,0.42413196,0.15351672,7.88,1.96666666666667,25647,11.2138461538462,8.7,13.37,NA,NA,15.5595333512026,0.07340838,NA
"130","Carquinez Strait",12,2011,1,71.2,0.37034508,0.16458225,7.86,NA,25450.7,10.4236363636364,9.075,13.425,NA,NA,15.6986953990985,0.07154994,NA
"131","Carquinez Strait",12,2012,1,52.9,0.45130554,0.14861427,7.82,2.9,18462.3,14.1066666666667,7.925,17.4875,NA,NA,10.5814387269977,0.08393954,NA
"132","Carquinez Strait",12,2013,1,55.8,0.48086031,0.10127061,8,3.25,33878.1,11.5225,9.05,26.3,NA,NA,21.8495784194603,0.1115064,NA
"133","Carquinez Strait",12,2014,1,60.3,0.50999487,0.10995495,7.72,1.03,29990.3,14.3083333333333,8.55,14.475,NA,NA,18.0606702002058,0.10190446,NA
"134","Carquinez Strait",12,2015,1,70.875,0.42399189,0.18405198,7.85,2.3,34696.375,11.3490909090909,8.8,16.7666666666667,NA,NA,20.2742072878222,0.08734668,NA
"135","Carquinez Strait",12,2016,1,64,0.39905943,0.13600797,7.74,2.2,33928,11.986,8.65,NA,NA,NA,21.0917499228601,0.09075382,NA
"136","Carquinez Strait",12,2017,1,66.4,0.400330133333333,0.172341153333333,7.885,1.34,25053,12.5925,8.65,18.4,0.4,NA,15.9746134199955,0.08756686,0.105
"137","Carquinez Strait",12,2018,1,56.4,0.383002136666667,0.147999653333333,7.755,1.426,28677.7,12.2069230769231,8.56,24.7571428571429,0.27,NA,18.4009153388902,0.08373504,0.0975
"138","Carquinez Strait",12,2019,1,68,0.15,0.27,7.82,2.114,25722.2,12.3992307692308,9.028,18.425,0.3,NA,15.0438888190929,0.076,0.037
"139","Carquinez Strait",12,2021,1,68.3,0.353978306666667,0.148676496666667,7.83,1.262,28729.2,13.7161538461538,8.306,15.0375,0.351,NA,18.4518723423064,0.0791095066666667,0.1055
"140","Carquinez Strait",12,2022,1,76.3,0.3095,0.131,7.93,1.565,31311.8,10.703,9.88,12.2142857142857,0.228,NA,19.4887745377473,0.0855,0.0935
"141","Confluence",1,2016,1,36,0.60706338,0.22103046,7.8,1.74,18370,10,9.9,NA,NA,NA,4.02111630473997,0.06318696,NA
"142","Confluence",1,2018,1,24,0.478352473333333,0.182349493333333,7.66,1.2825,10778,10.24,10.0066666666667,NA,0.4,NA,4.08337783876935,0.0686582066666667,0.09
"143","Confluence",1,2019,1,56,0.56,0.170333333333333,7.505,0.976666666666667,6902,9.54,9.935,NA,0.4975,NA,3.8021412038855,0.0763333333333333,0.097
"144","Confluence",1,2020,1,40,0.4966833,0.15934299,7.75,1.71,8156,9.53,10.5266666666667,NA,0.41,NA,2.4602373123645,0.0694192466666667,0.055
"145","Confluence",1,2022,1,29.3333333333333,0.6595,0.0765,7.54333333333333,1.055,1650.66666666667,9.636,10.2,NA,0.565666666666667,NA,0.734004492650929,0.075,0.105333333333333
"146","Confluence",2,2016,1,28,0.53800887,0.12494244,7.6,1.22,245,10.7766666666667,9.43333333333333,NA,NA,NA,0.151930425696869,0.061948,NA
"147","Confluence",2,2017,1,16,0.35,0.06,7.1,5.97,195,11.4,10.61,NA,0.5,NA,0.0917322350221805,0.08,0.12
"148","Confluence",2,2018,1,54,0.5357616,0.1232591225,7.58,3.16,4655.5,12.4025,9.63,NA,0.45,NA,1.4153715265599,0.069922875,0.085
"149","Confluence",2,2019,1,16,0.35000071,0.067986485,7.68,2.19,169,8.93333333333333,10.1933333333333,NA,0.622,NA,0.0730866607102109,0.05865095,0.158
"150","Confluence",2,2020,1,38,0.474395176,0.138798392,7.6,3.52166666666667,6133.5,11.17,10.4075,NA,0.26,NA,1.94286553091668,0.060308172,0.175
"151","Confluence",2,2022,1,52,0.4855,0.0885,7.77,1.67,7358,10.9166666666667,10.27,NA,0.328,NA,1.85613035502656,0.065,0.081
"152","Confluence",3,2016,1,37.7777777777778,0.35605794,0.15001497,7.75,3.04,996.333333333333,13.8618181818182,8.8,NA,NA,NA,0.47239262055813,0.05947008,NA
"153","Confluence",3,2017,1,45.4444444444444,0.254316976666667,0.0450158366666667,7.41,4.15,171,13.8363636363636,10.0633333333333,NA,0.3,NA,0.0783671668993339,0.0437229333333333,0.07
"154","Confluence",3,2018,1,46.8888888888889,0.420401476,0.120210098,7.7,3.61,2378.66666666667,12.9336363636364,9.91666666666667,NA,0.4,NA,1.59985451308362,0.058676352,0.09
"155","Confluence",3,2019,1,37.6666666666667,0.261257615,0.0467521225,7.7,5.18,185.333333333333,12.5690909090909,9.91666666666667,NA,0.3,NA,0.0858063465307105,0.054717035,0.07
"156","Confluence",3,2020,1,49.2,0.013,0.2,7.65,5.14,6184.4,13.602,9.62,NA,0.19,NA,3.43970586234931,0.086,0.14
"157","Confluence",3,2021,1,50.8,0.57,0.137,7.92,4.54,3954,12.88,9.99,NA,0.431,NA,2.13953276568701,0.093,0.114
"158","Confluence",3,2022,1,43.6666666666667,0.344,0.0533333333333333,7.975,8.28333333333333,3845.83333333333,14.48,10.395,NA,0.34,NA,1.63428964344395,0.0586666666666667,0.072
"159","Confluence",4,2016,1,41.5555555555556,0.266487715,0.05946973,7.93,13.03,588.666666666667,16.7772727272727,9.26666666666667,NA,NA,NA,0.256220618178548,0.05704024,NA
"160","Confluence",4,2017,1,68.8888888888889,0.15698965,0.0357528733333333,7.46,4.01,158.888888888889,15.2354545454545,9.82666666666667,NA,0.3,NA,0.0736141070380834,0.0403660066666667,0.05
"161","Confluence",4,2018,1,66.4444444444444,0.232002483333333,0.0673503366666667,7.61,2.405,165.333333333333,15.7690909090909,9.21,NA,0.3,NA,0.0770497099846178,0.0512982533333333,0.05
"162","Confluence",4,2019,1,56.6,0.15774974,0.043754375,7.59,2.556,175.777777777778,16.3145454545455,9.20333333333333,NA,0.2,NA,0.0802390066101688,0.04512629,0.07
"163","Confluence",4,2021,1,42.3333333333333,0.43175,0.075,8.03,7.58,4131.77777777778,15.7455555555556,9.52,NA,0.905,NA,2.24721106152412,0.078,0.118
"164","Confluence",4,2022,1,34.6666666666667,0.2735,0.067,7.85,8.0025,5036,16.3927272727273,9.11333333333333,NA,0.403,NA,2.52308624011659,0.0685,0.147
"165","Confluence",5,2016,1,29.9,0.1780315,0.03498749,8.03,49.935,3812.2,18.1383333333333,9.2,NA,0.6,NA,1.71399813223801,0.05137206,0.17
"166","Confluence",5,2017,1,55.6666666666667,0.104333333333333,0.0366666666666667,7.84,4.29,159.333333333333,19.2777777777778,9.52,NA,0.2,NA,0.0746514168083959,0.0356666666666667,0.07
"167","Confluence",5,2018,1,45.1,0.332007646666667,0.04965649,7.8875,8.05,1224.58333333333,18.0121428571429,9.20666666666667,NA,0.4,NA,0.543279639786497,0.068980768,0.115
"168","Confluence",5,2019,1,63.3333333333333,0.15702074,0.050002495,8.16,4.06333333333333,141.777777777778,17.4018181818182,9.45666666666667,NA,0.3,NA,0.0669074329705633,0.04699154,0.07
"169","Confluence",5,2021,1,55.6666666666667,0.414666666666667,0.096,8.02,2.25666666666667,7658.33333333333,18.2722222222222,8.82,NA,0.344,NA,4.26424940550396,0.0906666666666667,0.119
"170","Confluence",5,2022,1,42.6,0.348,0.075,7.94,2.4775,8384,17.5808333333333,8.98333333333333,NA,0.302,NA,4.34431961534577,0.096,0.101
"171","Confluence",6,2008,1,35.9444444444444,0.6513255,0.06261129,NA,2.82,3889.16666666667,20.0925,8.5,13,NA,NA,2.08342115795311,0.07526682,NA
"172","Confluence",6,2009,1.125,41.1111111111111,0.34121052,0.03571785,7.82,3.4125,2280.94444444444,19.5995,8.25,23.5,NA,NA,1.16306673032882,0.04460256,NA
"173","Confluence",6,2010,1,36.7333333333333,0.22047018,0.05504751,7.68,5.38,425.533333333333,19.9847058823529,8.7,24.6714285714286,NA,NA,0.191434344962608,0.05761164,NA
"174","Confluence",6,2011,1,69.4666666666667,0.12858426,0.03795897,7.34,2.70333333333333,127.933333333333,19.03,8.85,13.2,NA,NA,0.0602269211632472,0.02973504,NA
"175","Confluence",6,2012,1.875,43.3529411764706,0.42794892,0.061263125,7.87,2.3625,3386.72222222222,20.38,7.75,22.6,0.3,NA,1.75280861787466,0.06577497,0.08
"176","Confluence",6,2013,1,37.5555555555556,0.57,0.05,8,1.99,3857.16666666667,20.0555555555556,8.4,26.1375,0.4,NA,2.05750685128723,0.08,0.14
"177","Confluence",6,2014,1.33333333333333,58,0.7059528,0.2213106,8,3.04333333333333,9142.68421052631,20.987619047619,7.9,13.6111111111111,NA,NA,5.35590462693636,0.1177012,NA
"178","Confluence",6,2016,1.4,30.8333333333333,0.307003465,0.059022005,7.87,3.6175,2924.66666666667,21.2625,8.2075,40.375,0.5,NA,1.61177822886291,0.07154932,0.13
"179","Confluence",6,2017,1,61.8823529411765,0.17923373,0.039874935,7.73,3.23,220.352941176471,21.1805263157895,8.33,19.2,0.2,NA,0.116770429552095,0.04657986,0.05
"180","Confluence",6,2018,1,44.4736842105263,0.384795682,0.058393194,7.77,2.34333333333333,3609.52941176471,20.6761904761905,8.6,34,0.366666666666667,NA,1.77881705326942,0.085502972,0.103333333333333
"181","Confluence",6,2019,1,66.4705882352941,0.156493225,0.03998749,7.52,2.62666666666667,165.352941176471,21.0073684210526,8.5,12.35,0.255,NA,0.0769441840176853,0.04919511,0.05
"182","Confluence",6,2020,2.14285714285714,49.0666666666667,0.39825,0.05,8.055,2.05,5251.46666666667,21.4793333333333,8.635,31.52,0.3,NA,2.85668990226129,0.08575,0.1045
"183","Confluence",6,2021,1,56.1176470588235,0.3625,0.069,7.99,4.115,8928,20.2988235294118,8.45,20.05,0.267,NA,5.05039756352207,0.0895,0.102
"184","Confluence",6,2022,1.11111111111111,62.8,0.2275,0.035,8.07,3.24,9213,21.3455,8.27,9.925,0.214,NA,5.17469715074172,0.0815,0.088
"185","Confluence",7,2008,1.2,49.9333333333333,0.56378175,0.02045022,NA,2.83,7043.2,20.9611764705882,7.8,21,NA,NA,3.98197611960579,0.077435,NA
"186","Confluence",7,2009,1.75,45.1428571428571,0.32706345,0.04986492,7.84,2.245,3995.35714285714,21.136875,8.35,17.5,NA,NA,2.21592115956239,0.05637268,NA
"187","Confluence",7,2010,1,42.7692307692308,0.291260595,0.03806903,7.91,3.185,3478,20.0073333333333,8,24.2166666666667,0.4,NA,1.7106391049039,0.065974,0.11
"188","Confluence",7,2011,1,65.5333333333333,0.19637814,0.01918959,7.17,4.15,205.733333333333,21.3788235294118,8.1,14.2454545454545,NA,NA,0.0954731300121817,0.0588506,NA
"189","Confluence",7,2012,2,49.4285714285714,0.350072495,0.03115057,7.9,2.72,3675,21.46125,8,19.9875,0.4,NA,1.93806656805349,0.06267757,0.09
"190","Confluence",7,2013,1.875,50.1428571428571,0.35955723,0.025617805,7.9,2.3775,5331.85714285714,21.798125,8.25,17.15,0.3,NA,2.76340899178851,0.07754509,0.1
"191","Confluence",7,2014,2,55.1333333333333,0.4496247,0.042021,7.8,2.14,9350.53333333333,21.8188235294118,8,19.71,NA,NA,5.07954921136894,0.1053116,NA
"192","Confluence",7,2015,2,53.8461538461538,0.42959469,0.03809904,7.8,3.36,11074.9230769231,21.8307692307692,8,19.0375,NA,NA,6.29453504383024,0.10747978,NA
"193","Confluence",7,2016,1.9,41.2857142857143,0.2965,0.05,7.8,2.43,4216.07142857143,21.69,8.365,45.6875,0.4,NA,2.26862941128221,0.0665,0.1
"194","Confluence",7,2017,1,41.7142857142857,0.083812898,0.0384042,7.79,12.515,2452.42857142857,22.331875,8.1775,24.2375,0.3,NA,1.17958614664382,0.045559472,0.075
"195","Confluence",7,2018,2,57.5,0.3547374725,0.0345172575,7.832,3.098,3702.94117647059,21.8468421052632,8.38142857142857,23.8875,0.3,NA,1.94429182153422,0.0808070233333333,0.095
"196","Confluence",7,2019,1,51.1428571428571,0.23035416,0.0496813366666667,7.77,3.52,1005.78571428571,21.87,8.4075,16.0125,0.281,NA,0.451260202442129,0.06238678,0.087
"197","Confluence",7,2020,2.16666666666667,68.4375,0.2715,0.04,7.89,3.725,4566.9375,21.455625,8.34,11.0909090909091,0.2,NA,2.47121126620855,0.087,0.109
"198","Confluence",7,2021,2.33333333333333,76.3571428571429,0.14325,0.045,8.01,4.75666666666667,9062.57142857143,20.7378571428571,8.57,12.0125,0.197,NA,5.13842085729221,0.0855,0.112
"199","Confluence",7,2022,1.55555555555556,71.2222222222222,0.116,0.057,7.99,3.16,8019.77777777778,21.56,8.1,11.9375,0.329,NA,4.45968901284979,0.085,0.123
"200","Confluence",8,2008,2.16666666666667,82.8571428571429,0.37034508,0.0294147,NA,3.16333333333333,7276.28571428571,21.7911111111111,8.5,20,NA,NA,3.9665489303337,0.05327528,NA
"201","Confluence",8,2009,1.375,66.8888888888889,0.2227113,0.04104051,7.96,2.16,5547.77777777778,20.4545454545455,8.1,16,NA,NA,2.80616309249769,0.0495584,NA
"202","Confluence",8,2010,1.375,58.8,0.28240867,0.033699345,8.12,1.9575,5181,19.7141666666667,8.7,13.441,0.3,NA,2.70014466676302,0.05865095,0.08
"203","Confluence",8,2011,1.25,64.5,0.242813875,0.019874935,7.76,3.545,1156.6,21.4316666666667,8.375,15.96,0.2,NA,0.556870693002854,0.05081913,0.07
"204","Confluence",8,2012,1.75,48,0.232923935,0.033839415,7.965,3.4325,4041.6,20.8116666666667,8.25,20.925,0.2,NA,1.87561588512476,0.05756686,0.08
"205","Confluence",8,2013,2,47.3,0.25774384,0.04157078,8,2.1,5848.3,20.5825,8.325,23.6625,0.4,NA,2.87926256029602,0.08438114,0.06
"206","Confluence",8,2014,1.75,45.8,0.35507745,0.02997498,8,2.28,9993,21.3328571428571,8,22.9,NA,NA,5.15486347680874,0.13907326,NA
"207","Confluence",8,2015,1.8,48.8,0.35549766,0.02507253,7.89,2.10666666666667,10613.6,21.5714285714286,8.92,21.175,NA,NA,5.4569536533032,0.10717004,NA
"208","Confluence",8,2016,1.7,42.4,0.21697096,0.04003001,7.85,3.225,5190.8,20.3683333333333,8.4475,61.1875,0.3,NA,2.69147159398914,0.07077497,0.1
"209","Confluence",8,2017,1,55.5,0.3250138525,0.0487406175,8.06,2.934,3127.3,21.3691666666667,8.415,20.6,0.3,NA,1.47585071721211,0.06421265,0.075
"210","Confluence",8,2018,1.6,58,0.283985306666667,0.0758462533333333,7.855,2.89,5398.1,21.195,8.42,16.9875,0.2215,NA,2.73877099650602,0.08010366,0.099
"211","Confluence",8,2019,2,59.7,0.200995235,0.0411980975,7.76,3.142,2842.4,22.6391666666667,8.085,12.6625,0.1955,NA,1.3740916364444,0.062564435,0.0685
"212","Confluence",8,2020,3,85.4444444444444,0.174,0.04,7.9,2.15,7220.66666666667,22.2177777777778,8.17,8.3375,0.251,NA,4.00046425555505,0.0786666666666667,0.08
"213","Confluence",8,2021,2.44444444444444,55.6666666666667,0.1365,0.05,7.84,3.82,9153.55555555555,20.9588888888889,8.37,13.7125,0.216,NA,5.14240691062542,0.097,0.1
"214","Confluence",8,2022,1.88888888888889,54.6666666666667,0.1665,0.0655,7.97,2.21,8873.22222222222,21.9066666666667,8.04,15.825,0.238,NA,4.97455381100271,0.088,0.124
"215","Confluence",9,2007,1,44.25,0.32538261,0.05350674,NA,2.30666666666667,6698,20.256,8.4,9,NA,NA,3.77626861980072,0.0634967,NA
"216","Confluence",9,2008,1.71428571428571,89.125,0.38561271,0.05294646,NA,2.58333333333333,8927.125,20.932,7.5,18,NA,NA,4.95204470297823,0.0681428,NA
"217","Confluence",9,2009,1.14285714285714,93.5,0.25100544,0.05112555,8,3.04666666666667,6522.75,21.24,8.1,12.14,NA,NA,3.60559027728921,0.05668242,NA
"218","Confluence",9,2010,1.28571428571429,79.25,0.24106047,0.02647323,8.06,4.44333333333333,4777.875,19.281,8.8,10.1725,NA,NA,2.73848242372152,0.05296554,NA
"219","Confluence",9,2011,2,51.5555555555556,0.22116055,0.03082791,7.96,3.5575,900.111111111111,21.2490909090909,8.26666666666667,40.8444444444444,0.2,NA,0.440259650183004,0.05376166,0.07
"220","Confluence",9,2012,1.42857142857143,67.875,0.3249624,0.02647323,7.82,2.28666666666667,7461.25,19.84,8.6,12.6857142857143,NA,NA,4.22034599464859,0.0681428,NA
"221","Confluence",9,2013,1.14285714285714,54.625,0.29050518,0.03865932,8.07,1.84,7037.375,21.581,8.5,17.8714285714286,NA,NA,3.39526735434816,0.07619604,NA
"222","Confluence",9,2014,2.42857142857143,63.625,0.22705347,0.01302651,7.8,2.78333333333333,9590.375,21.436,7.7,13.7857142857143,NA,NA,5.38841975651488,0.3019965,NA
"223","Confluence",9,2015,2.125,75.25,0.33100272,0.08850175,7.9,1.62,11913.375,22.012,7.85,10.6857142857143,NA,NA,7.30298207434314,0.08941199,NA
"224","Confluence",9,2016,1,49.125,0.29053273,0.061025505,7.85,1.83,6007.25,19.66,8.535,15.7,NA,NA,3.2355940551782,0.07647854,NA
"225","Confluence",9,2017,1.44444444444444,58.2222222222222,0.265987982,0.062589292,7.75,2.89166666666667,1839.44444444444,22.6418181818182,8.3725,17.5857142857143,0.3,NA,0.81512777238008,0.073276352,0.08
"226","Confluence",9,2018,1.625,62.5,0.259680816666667,0.0493480033333333,7.79,2.115,4121.25,20.257,8.67333333333333,15.1857142857143,0.2,NA,2.50892740333448,0.08025712,0.094
"227","Confluence",9,2019,1.33333333333333,38.0666666666667,0.218017326666667,0.0463131533333333,7.715,2.8475,1235.66666666667,20.7323529411765,8.21,22.2083333333333,0.422,NA,0.568950358014504,0.0739030133333333,0.1045
"228","Confluence",9,2020,1.5,56.3333333333333,0.225,0.06,7.92,1.265,9583.44444444445,19.9877777777778,8.3,13.2,0.3,NA,5.38948234118769,0.0895,0.123
"229","Confluence",9,2021,2,78.75,0.186000225,0.032493745,7.89,3.62,10612.625,20.886,8.56,10.8714285714286,0.265,NA,6.3119457197634,0.08904055,0.127
"230","Confluence",9,2022,1.625,86.875,0.22,0.05,7.89,2.9,10719.375,22.5825,8.25,15.5714285714286,0.162,NA,6.08868136885882,0.092,0.108
"231","Confluence",10,2007,1,62.75,0.37552767,0.08894445,NA,1.61,6650.625,17.09,8.7,11,NA,NA,4.04456701288693,0.06070904,NA
"232","Confluence",10,2008,1.57142857142857,69.75,0.44948463,0.07381689,NA,1.65,12503,17.748,8.2,17,NA,NA,7.56141879737777,0.07526682,NA
"233","Confluence",10,2009,1.85714285714286,58.625,0.4216107,0.11079537,8.02,1.71,6004.625,16.555,8.6,15.4875,NA,NA,3.01877370047384,0.06628436,NA
"234","Confluence",10,2010,1.14285714285714,66.375,0.33518751,0.07787892,7.77,3.00333333333333,8701.875,19.279,8.2,13.62,NA,NA,4.90086256444115,0.07000124,NA
"235","Confluence",10,2011,1.42857142857143,58.8888888888889,0.234579755,0.06553526,7.92,3.935,659.444444444444,18.36,8.6,13.1285714285714,0.3,NA,0.31686287239703,0.04818634,0.06
"236","Confluence",10,2012,1.71428571428571,50.875,0.32846415,0.03963981,7.95,1.70333333333333,6543.875,18.586,8.5,20.4142857142857,NA,NA,3.71811395003315,0.06876228,NA
"237","Confluence",10,2013,1.42857142857143,59,0.39317649,0.05938968,7.82,2.17333333333333,7799.25,18.211,8.5,17.0428571428571,NA,NA,4.31987784154531,0.0758863,NA
"238","Confluence",10,2014,2,88.25,0.4580289,0.02493246,7.9,3.12666666666667,12629.875,21.515,7.6,9.95714285714286,NA,NA,7.29130610251162,0.1068603,NA
"239","Confluence",10,2015,1.25,73.25,0.503008195,0.11648574,7.85,1.84333333333333,10821.25,21.085,7.85,12.0857142857143,NA,NA,6.07575349436106,0.10996554,NA
"240","Confluence",10,2016,1,61.5,0.360038725,0.094009495,7.82,1.9075,13293.875,17.804,8.52333333333333,13.7142857142857,NA,NA,7.03656224215377,0.08188568,NA
"241","Confluence",10,2017,1,47.4444444444444,0.303014615,0.0897361125,7.685,2.278,2180.88888888889,17.8945454545455,8.7925,23.5428571428571,0.2,NA,1.28319742226322,0.066064435,0.075
"242","Confluence",10,2018,1.375,61.625,0.3079906,0.100259625,7.83333333333333,2.3075,9338.5,18.9183333333333,8.736,12.1571428571429,0.2,NA,5.27952122164204,0.08425518,0.1
"243","Confluence",10,2019,1.5,42.5,0.353996486,0.141401698,7.71666666666667,1.98333333333333,2599.25,18.215,8.762,22,0.163333333333333,NA,1.30686328890341,0.06757012,0.088
"244","Confluence",10,2020,1.25,83.5,0.251666666666667,0.06,8.04,1.36666666666667,12040.75,19.78,8.43,11.6714285714286,0.2,NA,6.87780674950529,0.089,0.1
"245","Confluence",10,2021,1.125,62.5,0.1779992375,0.05651575,7.86,1.34,12871,17.86,8.69,19.1714285714286,0.138,NA,6.36510614329046,0.0789266066666667,0.09
"246","Confluence",10,2022,1.25,71.875,0.24,0.05,8.28,3.83,11674.625,19.62,9.15,18.2857142857143,0.181,NA,6.65744219983093,0.082,0.092
"247","Confluence",11,2007,1,56.75,0.47553765,0.10029012,NA,2.69333333333333,8591.375,15.684,8.6,9,NA,NA,4.73453701142952,0.06411618,NA
"248","Confluence",11,2008,1,51.875,0.56084028,0.14805399,NA,1.73666666666667,11850.75,15.542,8.7,13,NA,NA,6.30014549040311,0.09725836,NA
"249","Confluence",11,2009,1,62.25,0.49766871,0.11807901,7.77,1.57,9854.875,15.266,8.1,16.7875,NA,NA,5.55791297011856,0.0681428,NA
"250","Confluence",11,2011,1.14285714285714,67,0.27691839,0.0798399,7.74,1.83,5432.625,14.214,9.1,15.1571428571429,NA,NA,2.93988511904383,0.04429282,NA
"251","Confluence",11,2012,1,67.75,0.3347673,0.09118557,7.76,1.685,13298.875,15.8655555555556,8.1,17.5,NA,NA,7.30230853448055,0.0665941,NA
"252","Confluence",11,2013,1,58.25,0.51251613,0.11107551,7.94,2.60333333333333,13666.5,15.222,9.1,18.7571428571429,NA,NA,7.81017165374289,0.09539992,NA
"253","Confluence",11,2014,1.57142857142857,79.5,0.52904439,0.08796396,7.8,1.63,10227.625,17.617,8.15,9.55714285714286,NA,NA,5.85091688501141,0.11491354,NA
"254","Confluence",11,2015,1.5,62.5,0.55803888,0.07395696,7.8,1.47666666666667,11467.5,15.623,8.625,16.4142857142857,NA,NA,6.90380385666167,0.11212588,NA
"255","Confluence",11,2016,1.125,88,0.456983435,0.156518245,7.64,2.23,8584.75,17.829,8.32333333333333,5.82857142857143,NA,NA,4.80792708898666,0.08212464,NA
"256","Confluence",11,2017,1,61.25,0.4100024775,0.1324887375,7.65,1.4075,5044.375,15.683,8.84,19.3142857142857,0.2,NA,2.74974867582009,0.06785648,0.09
"257","Confluence",11,2018,1,92,0.374,0.2005,7.77,1.345,13111.375,16.98,8.84,10.5714285714286,0.23,NA,7.56206539880346,0.0845,0.09
"258","Confluence",11,2019,1,47.625,0.20300771,0.1190245,7.63,2.01333333333333,4379.125,15.159,8.97333333333333,15.4285714285714,0.28,NA,2.60956066692431,0.0614253,0.086
"259","Confluence",11,2020,1.125,61,0.3,0.16,7.87,2.26,14450.375,15.8425,8.94,16.6142857142857,0.312,NA,8.38736566599882,0.084,0.11
"260","Confluence",11,2021,1,47.25,0.441024476666667,0.138992653333333,7.61,0.995,5406.25,16.632,8.01333333333333,23.5,0.462,NA,3.24778319963837,0.0862482466666667,0.116
"261","Confluence",11,2022,1,50.75,0.261,0.11,7.69,1.48,12993.75,14.19375,9.26,26.0571428571429,0.26,NA,7.49778563182637,0.087,0.101
"262","Confluence",12,2007,1,43.625,0.53842908,0.16472232,NA,2.18666666666667,9785.625,10.377,9.9,28,NA,NA,6.06892538276657,0.06070904,NA
"263","Confluence",12,2008,1,58,0.65706837,0.1736868,NA,1.49,16463.125,11.205,8.8,18,NA,NA,9.06591040108347,0.07836422,NA
"264","Confluence",12,2009,1,53,0.49710843,0.15533763,7.72,1.44666666666667,12538.875,9.741,9.5,21.3375,NA,NA,7.23403789583323,0.06473566,NA
"265","Confluence",12,2010,1,72.2222222222222,0.30229861,0.13433465,7.48,1.59,3360,11.1272727272727,9.2,13.9766666666667,0.5,NA,1.48117921515648,0.04508894,0.07
"266","Confluence",12,2011,1,70,0.41068524,0.17550771,7.81,0.82,6920.375,10.16,10.1,14.8571428571429,NA,NA,3.78109525727368,0.0603993,NA
"267","Confluence",12,2012,1,30.25,0.47595786,0.16178085,7.01,1.025,597,13.6466666666667,7.2,63.0142857142857,NA,NA,0.332951192399897,0.077435,NA
"268","Confluence",12,2013,1,45.75,0.51895935,0.14819406,7.78,1.88,11205.375,10.272,9.65,18.7571428571429,NA,NA,7.29804917464661,0.08270058,NA
"269","Confluence",12,2014,1,54.1,0.60969313,0.177018493333333,7.46666666666667,1.0575,5246.5,14.1,8.26666666666667,13.6142857142857,0.85,NA,2.91965736646549,0.0783928333333333,0.155
"270","Confluence",12,2016,1,57.5,0.44900194,0.20702599,7.7,1.49,7390.75,11.822,9.72333333333333,16.4857142857143,NA,NA,4.29625439192458,0.08289899,NA
"271","Confluence",12,2017,1,54.375,0.478354136666667,0.176990146666667,7.67,1.1775,7091.125,11.899,9.45666666666667,20,0.4,NA,3.6923344061453,0.0696906733333333,0.11
"272","Confluence",12,2018,1,75,0.484506445,0.170471965,7.63,1.16,7375.625,12.128,9.30333333333333,11.4,0.38,NA,4.62458695473524,0.08637691,0.1
"273","Confluence",12,2019,1,56,0.27,0.22,7.57,0.9175,9723.375,11.508,9.21666666666667,17.1285714285714,0.5,NA,4.5494148861426,0.0605,0.037
"274","Confluence",12,2020,1,34,0.36,0.23,NA,1,12975.7142857143,11.6142857142857,NA,22.8142857142857,NA,NA,7.4877970647026,0.07,NA
"275","Confluence",12,2021,1,46.125,0.515000935,0.167468465,7.78,1.62,10078.125,13.27,8.93333333333333,16.4857142857143,0.402,NA,6.06291919597632,0.0853149,0.112
"276","Confluence",12,2022,1,64.625,0.32,0.111,7.71,1,7875.5,10.59,10.2,13.8428571428571,0.262,NA,4.38341570262593,0.069,0.098
"277","Disappointment Slough",1,2016,1,280,0.64,0.06,7.48,1.05,441,8.55,10.2,NA,0.6,NA,0.211281558856012,0.04,0.08
"278","Disappointment Slough",1,2017,1,28,0.7,0.15,7.33,2.49,225,8.8,9.17,NA,1.1,NA,0.106154512579989,0.25,0.35
"279","Disappointment Slough",1,2018,1,252,0.52,0.05,7.45,2.25,326,10.75,10.13,NA,0.3,NA,0.155020642610573,0.06,0.06
"280","Disappointment Slough",1,2019,1,160,0.96,0.106,7.48,0.62,325,9.89,9.2,NA,0.7,NA,0.154534307852535,0.143,0.15
"281","Disappointment Slough",1,2020,1,200,0.74,0.25,7.69,0.5,324,9.3,10.72,NA,0.3,NA,0.15404802390491,0.072,0.094
"282","Disappointment Slough",1,2022,1,84,1.42,0.098,7.28,0.5,353,9.31,8.62,NA,1.01,NA,0.168170833781801,0.21,0.229
"283","Disappointment Slough",2,2016,1,72,1.02,0.11,7.4,0.51,323,10.6,8.5,NA,1.1,NA,0.153561790777241,0.11,0.26
"284","Disappointment Slough",2,2017,1,92,1.03,0.07,7.11,1.24,260,12.42,9.91,NA,0.7,NA,0.123031283827652,0.13,0.16
"285","Disappointment Slough",2,2018,1,204,0.76,0.03,7.4,1.25,341,12.93,9.54,NA,0.5,NA,0.162321752560675,0.07,0.08
"286","Disappointment Slough",2,2019,1,36,0.94,0.21,7.51,1.01,279,10.65,9.66,NA,1.03,NA,0.132217831107467,0.246,0.29
"287","Disappointment Slough",2,2020,1,160,0.64,0.25,7.7,0.93,358,10.95,10.57,NA,0.34,NA,0.170610090400826,0.069,0.07
"288","Disappointment Slough",2,2022,1,220,0.576,0.05,7.7,1.08,360,10.78,10.53,NA,0.603,NA,0.171586144258087,0.077,0.076
"289","Disappointment Slough",3,2016,1,240,0.52,0.04,7.68,1.7,313,17.25,8.7,NA,0.6,NA,0.148702256136035,0.05,0.08
"290","Disappointment Slough",3,2017,1,112,0.75,0.04,7.33,1.41,205,12.19,9.2,NA,0.5,NA,0.0965355672727244,0.13,0.13
"291","Disappointment Slough",3,2018,1,276,0.55,0.03,7.84,1.58,438,14.8,10.53,NA,0.6,NA,0.209805730537108,0.04,0.06
"292","Disappointment Slough",3,2019,1,136,0.73,0.05,7.54,1.26,261,12.22,9.82,NA,0.6,NA,0.123514340394547,0.151,0.14
"293","Disappointment Slough",3,2020,1,332,0.43,0.25,8.02,0.98,398,13.46,10.7,NA,0.34,NA,0.190168935587192,0.038,0.073
"294","Disappointment Slough",3,2021,1,204,0.958,0.05,7.77,1.49,418,13.04,10.21,NA,0.54,NA,0.199977751261002,0.105,0.096
"295","Disappointment Slough",3,2022,1,220,0.422,0.067,8.14,0.82,404,13.45,10.67,NA,0.412,NA,0.193109547944688,0.05,0.05
"296","Disappointment Slough",4,2016,1,188,0.16,0.05,7.67,2.32,254,19.21,8.65,NA,0.5,NA,0.120133972426979,0.07,0.12
"297","Disappointment Slough",4,2017,1,160,0.28,0.03,7.58,2.84,200,17.04,9.6,NA,0.5,NA,0.0941334174784499,0.1,0.1
"298","Disappointment Slough",4,2018,1,120,0.43,0.08,7.46,2.37,246,18.68,7.34,NA,0.9,NA,0.116273606772704,0.17,0.2
"299","Disappointment Slough",4,2019,1,200,0.08,0.05,7.59,1.89,202,16.19,9.46,NA,0.3,NA,0.095094159219062,0.066,0.07
"300","Disappointment Slough",4,2021,1,260,0.64,0.05,7.97,1.09,496,16.75,9.57,NA,0.561,NA,0.238411976604575,0.085,0.084
"301","Disappointment Slough",4,2022,1,160,0.437,0.05,7.91,1.25,397,17.37,8.8,NA,0.388,NA,0.189679003894152,0.083,0.092
"302","Disappointment Slough",5,2016,1,222,0.15,0.02,7.8,4.58,350,20.97,8.2,NA,0.4,NA,0.166707882980299,0.08,0.15
"303","Disappointment Slough",5,2017,1,172,0.08,0.02,7.67,2.54,151,18.38,8.78,NA,0.2,NA,0.0706360988006013,0.12,0.12
"304","Disappointment Slough",5,2018,1,204,0.06,0.01,8.11,4.99,252,21.05,9.34,NA,0.4,NA,0.11916859151355,0.08,0.09
"305","Disappointment Slough",5,2019,1,164,0.05,0.05,7.56,1.19,175,21.44,8.41,NA,0.3,NA,0.082136326297176,0.095,0.108
"306","Disappointment Slough",5,2021,2,292,0.385,0.05,8.25,2.41,518,21.69,9.57,NA,0.427,NA,0.249302187895049,0.126,0.121
"307","Disappointment Slough",5,2022,1,188,0.177,0.05,8.2,2.08,375,21.04,8.94,NA,0.342,NA,0.178912917237268,0.109,0.12
"308","Disappointment Slough",6,2016,2,184,0.12,0.03,7.57,5.44,269,23.57,7.16,NA,0.4,NA,0.127380568985821,0.12,0.14
"309","Disappointment Slough",6,2017,1,160,0.08,0.02,7.44,2.74,162,22.27,7.81,NA,0.3,NA,0.075905426739833,0.11,0.11
"310","Disappointment Slough",6,2018,2,168,0.1,0.02,7.28,2.62,229,23.81,7.65,NA,0.3,NA,0.108080393723674,0.1,0.11
"311","Disappointment Slough",6,2019,1,116,0.05,0.05,7.42,2.49,143,23.49,7.83,NA,0.4,NA,0.0668050598616411,0.096,0.112
"312","Disappointment Slough",6,2020,3,164,0.2,0.05,7.61,1.59,300,23.51,7.05,NA,0.4,NA,0.142392464794576,0.082,0.09
"313","Disappointment Slough",6,2021,2,220,0.123,0.05,7.54,4.2,468,24.74,7.01,NA,0.415,NA,0.22458286420043,0.129,0.132
"314","Disappointment Slough",6,2022,3,184,0.178,0.05,8.22,2.78,414,24.41,6.92,NA,0.354,NA,0.198014444114261,0.12,0.126
"315","Disappointment Slough",7,2016,2,68,0.01,0.02,8.4,40.19,202,24.62,9.75,NA,0.9,NA,0.095094159219062,0.04,0.12
"316","Disappointment Slough",7,2017,1,80,0.03,0.02,7.16,14.35,159,27.33,6.7,NA,0.5,NA,0.0744681050100498,0.06,0.09
"317","Disappointment Slough",7,2018,3,116,0.14,0.06,7.64,9.47,191,25.89,7.65,NA,0.3,NA,0.0898119590315935,0.07,0.07
"318","Disappointment Slough",7,2019,1,128,0.064,0.05,7.57,4.26,127,25.06,7.68,NA,0.274,NA,0.0591443224875584,0.052,0.06
"319","Disappointment Slough",7,2020,2,196,0.09,0.05,7.43,3.14,211,26.99,6.58,NA,0.317,NA,0.0994194744434963,0.058,0.07
"320","Disappointment Slough",7,2021,3,168,0.07,0.05,7.39,3.17,465,25.51,6.16,NA,0.46,NA,0.223103280397508,0.123,0.127
"321","Disappointment Slough",7,2022,2,188,0.05,0.05,7.79,3.45,317,26.68,6.45,NA,0.319,NA,0.150645459667138,0.105,0.115
"322","Disappointment Slough",8,2015,3,152,0.04,0.01,7.79,6.38,502,24.7,8.14,NA,0.8,NA,0.241379922271925,0.04,0.07
"323","Disappointment Slough",8,2016,2,132,0.04,0.02,7.63,12.04,180,25.23,8.08,NA,0.4,NA,0.0845340757562894,0.04,0.08
"324","Disappointment Slough",8,2017,1,96,0.05,0.03,7.49,11.06,151,26.02,7.27,NA,0.4,NA,0.0706360988006013,0.05,0.06
"325","Disappointment Slough",8,2018,2,84,0.01,0.062,7.72,22.9,173,25.22,9.23,NA,0.4,NA,0.0811774336133525,0.04,0.07
"326","Disappointment Slough",8,2019,2,160,0.071,0.05,7.38,2.91,140,26.47,6.82,NA,0.29,NA,0.065368593627528,0.069,0.081
"327","Disappointment Slough",8,2020,3,180,0.05,0.05,7.76,3.27,195,25.49,6.57,NA,0.4,NA,0.0917322350221805,0.051,0.07
"328","Disappointment Slough",8,2021,2,196,0.05,0.05,7.19,3.14,412,26.16,6.62,NA,0.33,NA,0.197033078869583,0.101,0.1
"329","Disappointment Slough",8,2022,2,180,0.05,0.05,7.86,1.96,233,25.73,6.72,NA,0.278,NA,0.110007000878567,0.074,0.087
"330","Disappointment Slough",9,2015,4,124,0.01,0.01,7.54,9.61,428,23.22,7.1,NA,0.4,NA,0.204889366971422,0.04,0.08
"331","Disappointment Slough",9,2016,3,240,0.07,0.01,7.6,3.71,196,23.7,8.1,NA,0.4,NA,0.0922123959752611,0.07,0.09
"332","Disappointment Slough",9,2017,2,108,0.08,0.02,7.36,7.65,158,25.18,7.46,NA,0.3,NA,0.0739890394320595,0.06,0.07
"333","Disappointment Slough",9,2018,2,248,0.06,0.01,7.65,3.9,194,21.98,8,NA,0.315,NA,0.0912521111894609,0.067,0.07
"334","Disappointment Slough",9,2019,2,256,0.061,0.05,7.37,2.65,153,25.34,6.87,NA,0.3,NA,0.0715939958095923,0.065,0.071
"335","Disappointment Slough",9,2020,2,180,0.08,0.05,7.66,2.77,216,23.7,6.88,NA,0.3,NA,0.101823874641556,0.052,0.07
"336","Disappointment Slough",9,2021,1,204,0.05,0.05,7.35,1.97,359,24.48,6.33,NA,0.31,NA,0.171098092271422,0.096,0.082
"337","Disappointment Slough",9,2022,2,180,0.05,0.05,7.64,4.94,250,23.81,6.79,NA,0.264,NA,0.118203404141252,0.093,0.105
"338","Disappointment Slough",10,2015,1,196,0.1,0.04,7.5,3.55,491,20.8,6.8,NA,0.4,NA,0.235939909630917,0.06,0.09
"339","Disappointment Slough",10,2016,2,296,0.2,0.03,7.4,1,204,18.1,7.8,NA,0.4,NA,0.0960550581466691,0.08,0.08
"340","Disappointment Slough",10,2017,1,196,0.08,0.02,7.25,4.1,141,18,8.65,NA,0.2,NA,0.0658474077830802,0.05,0.05
"341","Disappointment Slough",10,2018,3,220,0.161,0.03,8.06,2.22,169,17.97,8.16,NA,0.2,NA,0.0792599821306326,0.06,0.06
"342","Disappointment Slough",10,2020,2,224,0.08,0.05,7.47,1.7,211,22.14,7.21,NA,0.3,NA,0.0994194744434963,0.05,0.06
"343","Disappointment Slough",10,2021,2,260,0.05,0.05,7.86,1.38,415,16.87,8.59,NA,0.325,NA,0.198505198882479,0.071,0.069
"344","Disappointment Slough",10,2022,3,180,0.056,0.05,8.1,1.89,336,20.88,7.61,NA,0.258,NA,0.159886782145915,0.07,0.072
"345","Disappointment Slough",11,2015,1,208,0.23,0.02,7.57,1.95,525,17.98,7.7,NA,0.3,NA,0.25277168633396,0.08,0.09
"346","Disappointment Slough",11,2016,2,276,0.34,0.03,7.2,1.26,244,17.21,7.83,NA,0.4,NA,0.115308995046767,0.08,0.08
"347","Disappointment Slough",11,2017,1,144,0.6,0.06,7.27,2.14,275,15.4,8.31,NA,0.5,NA,0.130282326252029,0.07,0.08
"348","Disappointment Slough",11,2018,1,200,0.441,0.052,7.79,1.42,255,12.78,9.18,NA,0.352,NA,0.120616735700931,0.059,0.065
"349","Disappointment Slough",11,2019,1,324,0.26,0.2,7.39,1.23,197,14.75,9.43,NA,0.23,NA,0.0926925943775931,0.043,0.048
"350","Disappointment Slough",11,2020,2,376,0.35,0.05,7.68,1.16,309,16.4,9.24,NA,0.3,NA,0.146759866533279,0.067,0.07
"351","Disappointment Slough",11,2021,1,116,0.73,0.092,7.56,0.68,352,15.34,7.26,NA,0.745,NA,0.16768313319742,0.197,0.205
"352","Disappointment Slough",11,2022,1,292,0.198,0.05,8.03,2.36,457,12.69,10.46,NA,0.255,NA,0.219159743072252,0.066,0.075
"353","Disappointment Slough",12,2015,1,244,0.31,0.02,7.84,7.08,448,10.11,11.45,NA,0.5,NA,0.214726797812337,0.02,0.06
"354","Disappointment Slough",12,2016,1,196,0.38,0.02,7.85,1.35,232,9.96,10.82,NA,0.4,NA,0.109525280447396,0.05,0.05
"355","Disappointment Slough",12,2017,1,204,0.45,0.04,7.37,0.7,229,10.34,9.98,NA,0.4,NA,0.108080393723674,0.05,0.06
"356","Disappointment Slough",12,2018,1,236,0.575,0.054,7.38,0.5,276,10.95,8.34,NA,0.44,NA,0.130766127291806,0.077,0.078
"357","Disappointment Slough",12,2019,1,300,0.64,0.16,7.45,0.82,291,10.39,10.03,NA,0.16,NA,0.138029176198635,0.075,0.059
"358","Disappointment Slough",12,2021,1,210,0.59,0.05,7.86,1.14,424,11.6,9.22,NA,0.476,NA,0.202924148497314,0.089,0.089
"359","Disappointment Slough",12,2022,1,220,0.464,0.06,7.71,0.76,464,9.92,9.83,NA,0.363,NA,0.222610177379657,0.071,0.08
"360","Franks Tract",1,2016,1,40,0.715714285714286,0.147142857142857,8.01285714285714,2.01857142857143,795.771428571429,9.71714285714286,10.1,28.45,0.657142857142857,NA,0.392756097729663,0.0514285714285714,0.105714285714286
"361","Franks Tract",1,2017,1,24,0.33,0.09,7.455,1.2875,197.325,9.36,10.63,22.9,0.4,NA,0.0928497436689692,0.04,0.07
"362","Franks Tract",1,2018,1,148,0.48,0.14,7.6625,1.5325,945.25,10.13,10.18,NA,0.4,NA,0.465838077359025,0.06,0.06
"363","Franks Tract",1,2019,1,76,0.67,0.15,7.62,1.2125,810,9.11625,10.09,NA,0.6,NA,0.395827253666288,0.068,0.09
"364","Franks Tract",1,2020,1,112,0.57,0.25,7.65,1.395,412.6,10.244,10.535,NA,0.28,NA,0.197346879602874,0.061,0.1
"365","Franks Tract",1,2022,1,75,0.960333333333333,0.092,7.54666666666667,0.993333333333333,391.733333333333,8.90333333333333,10.14,NA,0.685666666666667,NA,0.18715321683706,0.082,0.0936666666666667
"366","Franks Tract",2,2016,1,36,0.7,0.1,7.7125,1.325,288.65,12.7325,9.5,21.1333333333333,0.7,NA,0.136900748348813,0.0525,0.1125
"367","Franks Tract",2,2017,1,48,0.59,0.08,7.265,0.95,203.15,11.8,10.3,14.4,0.4,NA,0.095658135505161,0.07,0.08
"368","Franks Tract",2,2018,1,132,0.63,0.07,7.624,1.322,327.04,11.5794,9.69,NA,0.6,NA,0.155539103533081,0.07,0.07
"369","Franks Tract",2,2019,1,56,0.7,0.08,7.5725,1.4425,252.775,10.53375,9.625,NA,1,NA,0.119549923347884,0.074,0.19
"370","Franks Tract",2,2020,1,84,0.49,0.1,7.7875,2.15,318.2,11.4035,10.3925,NA,0.24,NA,0.151231335690263,0.053,0.064
"371","Franks Tract",2,2022,1,88.75,0.53925,0.05,7.65333333333333,1.8875,320.7,10.75675,10.6,NA,0.42575,NA,0.152447514391599,0.0555,0.05425
"372","Franks Tract",3,2016,1,68,0.424,0.072,7.67,1.502,204.585714285714,14.1714285714286,9,15.0425,0.6,NA,0.0963880704697273,0.048,0.092
"373","Franks Tract",3,2017,1,70.5,0.58,0.06,7.48,1.43,177.06,13.114,9.76,13.5466666666667,0.4,NA,0.0831289883919535,0.08,0.1
"374","Franks Tract",3,2018,1,150,0.57,0.06,7.686,3.216,279,12.895,10.68,NA,0.5,NA,0.132249063778032,0.06,0.07
"375","Franks Tract",3,2019,1,81.3333333333333,0.53,0.06,7.5525,0.6525,189.083333333333,11.7018333333333,9.915,NA,0.5,NA,0.0889027839665821,0.081,0.08
"376","Franks Tract",3,2020,1,186,0.48,0.25,7.7625,2.28,306.36,13.7166,10.13,NA,0.38,NA,0.145484490609621,0.047,0.11
"377","Franks Tract",3,2021,1,104.25,0.678,0.059,7.76666666666667,2.7675,421.16,12.5052,10.0375,NA,0.5,NA,0.201587267161069,0.083,0.082
"378","Franks Tract",3,2022,1,104.5,0.287,0.05,8,3.06,327.88,14.4162,10.6,NA,0.302666666666667,NA,0.155979712486894,0.05,0.0483333333333333
"379","Franks Tract",4,2016,1,75.3333333333333,0.286142857142857,0.06,7.87833333333333,2.79666666666667,202.5,17.7125,8.5,8.868,0.383333333333333,NA,0.095340174413161,0.0574285714285714,0.085
"380","Franks Tract",4,2017,1,88.5,0.29,0.04,7.428,2.112,157.166666666667,15.3,9.42,NA,0.3,NA,0.0735921363893142,0.08,0.08
"381","Franks Tract",4,2018,1,127,0.35,0.05,7.6125,3.8,187.833333333333,16.1433333333333,9.685,NA,0.5,NA,0.0883051897487849,0.06,0.06
"382","Franks Tract",4,2019,1,145.333333333333,0.24,0.05,7.728,1.97,186.414285714286,16.1248571428571,9.56333333333333,NA,0.216,NA,0.0876304907842373,0.05,0.05
"383","Franks Tract",4,2021,1,155.8,0.473,0.05,7.95,1.345,373.233333333333,16.8681666666667,9.5425,NA,0.357,NA,0.178133882854947,0.074,0.068
"384","Franks Tract",4,2022,1,131.2,0.17525,0.05,8.01666666666667,4.185,298.866666666667,16.7856666666667,9.4625,NA,0.2905,NA,0.141855582866946,0.05225,0.06025
"385","Franks Tract",5,2016,1,60,0.05,0.01,8.425,27.38,236.866666666667,19.556,10.8,13.35,0.6,NA,0.111878562427509,0.02,0.1
"386","Franks Tract",5,2017,1,103.666666666667,0.1,0.03,7.676,1.042,135.285714285714,18.7428571428571,9.38,NA,0.3,NA,0.0631237655999257,0.06,0.06
"387","Franks Tract",5,2018,1,153,0.28,0.03,8.028,1.66,221.242857142857,19.19,9.08333333333333,NA,0.3,NA,0.104347623045958,0.06,0.07
"388","Franks Tract",5,2019,1,136,0.094,0.05,7.955,0.79,140,17.7896,9.7,NA,0.2,NA,0.0653688231478469,0.05,0.04
"389","Franks Tract",5,2021,1,110.8,0.15025,0.05,8.125,1.0225,637.833333333333,18.7168333333333,8.81,NA,0.26625,NA,0.309680998535787,0.084,0.08425
"390","Franks Tract",5,2022,1,104.666666666667,0.1285,0.05,8.095,2.6225,388.542857142857,18.9084285714286,9.0925,NA,0.2825,NA,0.185777367590837,0.05425,0.06125
"391","Franks Tract",6,2016,2,72.3333333333333,0.25,0.05,7.89,3.53571428571429,292.644444444444,22.2088888888889,8.05333333333333,9.025,0.5,NA,0.138924372975851,0.06,0.08
"392","Franks Tract",6,2017,1,133.333333333333,0.15,0.03,7.66,1.25,167.571428571429,22.2057142857143,8.85,NA,0.2,NA,0.0786457116175601,0.05,0.05
"393","Franks Tract",6,2018,1.5,148.5,0.29,0.02,7.7,2.035,219.18,21.7414,8.105,NA,0.3,NA,0.103383902955415,0.07,0.07
"394","Franks Tract",6,2019,1,140,0.155,0.05,7.59666666666667,0.72,106.566666666667,21.2766666666667,8.54,NA,0.215,NA,0.0493572029297646,0.054,0.06
"395","Franks Tract",6,2020,2.8,208.5,0.3,0.05,7.906,1.628,289.56,22.3652,8.156,NA,0.254,NA,0.137546560674814,0.081,0.08
"396","Franks Tract",6,2021,2,126.75,0.1345,0.05,8.35,1.54,996,21.6066,8.465,NA,0.21975,NA,0.490859063947198,0.0835,0.08825
"397","Franks Tract",6,2022,1.5,154,0.07625,0.05,8.35,1.185,822.333333333333,22.8173333333333,8.8075,NA,0.2355,NA,0.402536005263812,0.06075,0.06675
"398","Franks Tract",7,2016,4,79,0.173,0.02,7.88,3.365,474,22.322,8.285,5.97666666666667,0.3,NA,0.227812972918198,0.0485,0.06
"399","Franks Tract",7,2017,1,84,0.01,0.01,7.6775,11.3325,124.6,23.712,8.76,NA,0.3,NA,0.0579948595359596,0.05,0.07
"400","Franks Tract",7,2018,3.16666666666667,174.5,0.21,0.02,8.05333333333333,3.96166666666667,301.028571428571,22.6377142857143,8.645,NA,0.2,NA,0.143005506966672,0.07,0.07
"401","Franks Tract",7,2019,1,132,0.175,0.05,8.16,1.326,148.78,23.5632,8.9,NA,0.207,NA,0.0695826292897363,0.06,0.06
"402","Franks Tract",7,2020,3.5,273.666666666667,0.17,0.05,8.0825,4.6075,426.325,22.45775,8.4925,NA,0.249,NA,0.204095946763493,0.07,0.07
"403","Franks Tract",7,2021,3,172.333333333333,0.055,0.05,8.7425,11.18,848,23.2608,8.88,NA,0.37125,NA,0.415070809889042,0.09675,0.108
"404","Franks Tract",7,2022,3.25,147.333333333333,0.051,0.05,8.445,24.5825,696.25,23.2795,8.4075,NA,0.48325,NA,0.338487890273199,0.0655,0.085
"405","Franks Tract",8,2015,2,120,0.12,0.016,8.388,2.906,900.8,22.95,7.5,3.91,0.54,NA,0.441954097232027,0.086,0.112
"406","Franks Tract",8,2016,3,120,0.16,0.03,8.0175,2.5,509,22.565,8.15,4.71,0.2,NA,0.244974715297821,0.05,0.07
"407","Franks Tract",8,2017,1,156,0.18,0.03,7.79,1.818,221.78,23.01,7.8,NA,0.2,NA,0.104609443848316,0.07,0.07
"408","Franks Tract",8,2018,2.8,200,0.153,0.024,8.006,1.84,671.2,21.8264,8.34666666666667,NA,0.186,NA,0.326577999426742,0.07,0.07
"409","Franks Tract",8,2019,2.66666666666667,152,0.171,0.05,7.58666666666667,1.71666666666667,259.5,23.8923333333333,7.86,NA,0.229,NA,0.122930417264559,0.07,0.07
"410","Franks Tract",8,2020,2.5,212,0.05,0.05,7.875,4.1,638,24.1465,7.85,NA,0.223,NA,0.309076612059165,0.055,0.08
"411","Franks Tract",8,2021,2.5,141,0.05,0.05,8.77,15.025,793.25,22.859,8.38,NA,0.42,NA,0.387355784545353,0.0845,0.0955
"412","Franks Tract",8,2022,2.33333333333333,136,0.0576666666666667,0.05,8.04666666666667,1.87666666666667,741,22.9933333333333,8.34666666666667,NA,0.181333333333333,NA,0.361310751910994,0.055,0.06
"413","Franks Tract",9,2015,2,140,0.191,0.023,8.15166666666667,4.385,1022.66666666667,22.3666666666667,7.5,4.278,0.316666666666667,NA,0.504297976530491,0.0852,0.11
"414","Franks Tract",9,2016,4,104,0.17,0.04,8.16,2.058,955.4,21.22,8.16,5.3375,0.3,NA,0.470081843259817,0.06,0.08
"415","Franks Tract",9,2017,3,180,0.24,0.04,7.7975,2.25,182.125,22.975,7.93,NA,0.1,NA,0.0855545023404403,0.07,0.08
"416","Franks Tract",9,2018,2,252,0.18,0.03,8.0725,1.5325,951.5,20.6085,8.875,NA,0.185,NA,0.467792866603651,0.068,0.078
"417","Franks Tract",9,2019,2.25,180,0.185,0.05,7.6675,1.3425,185.325,22.58875,7.7225,NA,0.22,NA,0.087089945567993,0.062,0.06
"418","Franks Tract",9,2020,3.5,168.666666666667,0.159,0.05,8.045,4.7,1100.25,21.78625,8.6425,NA,0.3,NA,0.54455905150598,0.071,0.07
"419","Franks Tract",9,2021,2.25,134.333333333333,0.069,0.05,8.25,1.5275,809.25,22.73125,7.305,NA,0.26975,NA,0.395577706203676,0.0795,0.07
"420","Franks Tract",9,2022,2,209.333333333333,0.065,0.0505,7.8875,1.485,905.25,22.2745,7.8825,NA,0.21425,NA,0.444787195962806,0.055,0.06
"421","Franks Tract",10,2015,2,152,0.315857142857143,0.0385714285714286,8.064,2.064,1043.8,20.268,8.4,5.2175,0.32,NA,0.515408851489259,0.0857142857142857,0.096
"422","Franks Tract",10,2016,2,180,0.36,0.06,8.03666666666667,1.43,1042,17.9666666666667,8.6,2.145,0.3,NA,0.514033799641758,0.08,0.08
"423","Franks Tract",10,2017,1,204,0.19,0.03,7.82,1.9825,171.45,17.4925,9.13,NA,0.2,NA,0.0804425448183446,0.06,0.06
"424","Franks Tract",10,2018,2.75,212,0.26,0.04,7.905,1.2725,884.25,17.5095,9.605,NA,0.2,NA,0.433745600346009,0.077,0.08
"425","Franks Tract",10,2019,2.5,176,0.22,0.2,7.8,1.3725,156.025,16.924,8.9025,NA,0.2,NA,0.0730434611599467,0.061,0.054
"426","Franks Tract",10,2020,2.75,231,0.1965,0.035,7.73,1.565,1058.5,21.079,8.13,NA,0.2,NA,0.523087797650018,0.076,0.07
"427","Franks Tract",10,2021,1.5,163.333333333333,0.06675,0.05,8.1475,1.2725,1225.25,16.7875,8.75,NA,0.22325,NA,0.609000582405524,0.054,0.05675
"428","Franks Tract",10,2022,2,166.666666666667,0.06025,0.05,7.93,2.15,927.333333333333,19,8.8,NA,0.17775,NA,0.455639825430173,0.05,0.05025
"429","Franks Tract",11,2015,1,160,0.39,0.05,7.93,3.0125,979.5,16.1,8.3,4.6,0.375,NA,0.482389636667121,0.075,0.1075
"430","Franks Tract",11,2016,2,196,0.47,0.08,7.6575,1.325,1241,16.12,8.38,4.05333333333333,0.3,NA,0.617815328167833,0.08,0.09
"431","Franks Tract",11,2017,1.6,200,0.45,0.06,7.604,1.104,193.18,15.55,8.95,NA,0.3,NA,0.0908675863099987,0.05,0.06
"432","Franks Tract",11,2018,1,28,1.88,0.137,7.905,3.06,1001.5,12.95,9.77,NA,0.6,NA,0.493294984969627,0.05,0.09
"433","Franks Tract",11,2019,1,194,0.35,0.2,7.665,1.255,158.25,15.14,9.575,NA,0.2,NA,0.0741088095594024,0.06,0.054
"434","Franks Tract",11,2020,1.33333333333333,198.666666666667,0.26,0.05,7.81,1.4575,1006.25,14.533,9.5125,NA,0.217,NA,0.49617971776976,0.073,0.07
"435","Franks Tract",11,2021,1,103.333333333333,0.38525,0.07325,7.3325,1.045,737,15.18,7.525,NA,0.3945,NA,0.35889899717556,0.0695,0.07475
"436","Franks Tract",11,2022,1,126.666666666667,0.15975,0.05,7.7325,1.67,1537.25,12.759,9.7,NA,0.23725,NA,0.776757051674014,0.05325,0.0615
"437","Franks Tract",12,2015,1,112,0.53,0.08,7.88,14.198,1331.2,10.66,11.1,12.6325,0.52,NA,0.665888420140129,0.04,0.09
"438","Franks Tract",12,2016,1,108,0.54,0.11,7.665,0.956666666666667,485.45,8.94,10.14,20.1333333333333,0.4,NA,0.237629703828222,0.08,0.08
"439","Franks Tract",12,2017,1,164,0.51,0.12,7.632,1.49,707.2,10.612,10.12,NA,0.4,NA,0.344273885830954,0.07,0.07
"440","Franks Tract",12,2018,1,160,0.579,0.138,7.6925,0.9025,943.5,11.59575,9.4,NA,0.38,NA,0.463935181447192,0.07,0.072
"441","Franks Tract",12,2019,1,52,0.38,0.12,7.538,1.278,551.92,11.0288,9.636,NA,0.63,NA,0.266302021041834,0.13,0.037
"442","Franks Tract",12,2020,1,228,0.34,0.05,7.74,1.47,1029,11.379,10.265,NA,0.252,NA,0.507354563372955,0.061,0.06
"443","Franks Tract",12,2021,1,84,0.486,0.1145,7.695,2.715,673.2,10.7545,9.685,NA,0.455,NA,0.327277003503939,0.0535,0.077
"444","Franks Tract",12,2022,1,80,0.2225,0.07,7.68,1.575,1257,10.597,10.075,NA,0.308,NA,0.625739151133929,0.05,0.074
"445","Grant Line Canal and Old River",1,2018,1,NA,1.0205,0.033,7.7952380952381,2.44857142857143,547.395238095238,10.4866666666667,10.5928571428571,NA,0.385,NA,0.264459033880116,0.102,0.1115
"446","Grant Line Canal and Old River",1,2021,1.09090909090909,233.333333333333,1.45,NA,7.84428571428571,1.75428571428571,868.142857142857,9.44042857142857,11.1671428571429,NA,NA,NA,0.425571281144387,NA,NA
"447","Grant Line Canal and Old River",1,2022,1,91.6666666666667,1.605,NA,7.79571428571429,1.98222222222222,629.942857142857,9.22985714285714,9.56428571428571,NA,NA,NA,0.305425628063176,NA,NA
"448","Grant Line Canal and Old River",2,2018,1,NA,0.873,0.022,7.96307692307692,2.98727272727273,557.546153846154,10.7716923076923,10.6861538461538,NA,0.45,NA,0.269103364840635,0.087,0.107
"449","Grant Line Canal and Old River",2,2022,1,131.25,0.6365,NA,8.105,3.37571428571429,615.775,9.96625,12.185,NA,NA,NA,0.299097816775611,NA,NA
"450","Grant Line Canal and Old River",3,2018,1,NA,0.95,0.04875,7.671,4.36444444444444,564.555,13.9875,9.019,NA,0.65,NA,0.273862817885571,0.103125,0.149375
"451","Grant Line Canal and Old River",3,2021,1,178.571428571429,0.816333333333333,NA,7.99866666666667,8.43714285714286,890.466666666667,14.0595333333333,10.8753333333333,NA,NA,NA,0.437246587099412,NA,NA
"452","Grant Line Canal and Old River",3,2022,1,168.75,0.7528,NA,7.68,1.373,606.042857142857,14.3275714285714,9.98571428571429,NA,NA,NA,0.293554184688755,NA,NA
"453","Grant Line Canal and Old River",4,2018,1,NA,0.34,0.0290909090909091,7.55,3.94692307692308,249.885714285714,15.8376428571429,8.99071428571429,NA,0.327272727272727,NA,0.118194798167254,0.0754545454545455,0.100909090909091
"454","Grant Line Canal and Old River",4,2021,1.09090909090909,126.25,0.7956,NA,7.70636363636364,1.601,797.909090909091,17.2447272727273,8.57181818181818,NA,NA,NA,0.390625678886832,NA,NA
"455","Grant Line Canal and Old River",4,2022,1,150,0.9196,NA,7.70428571428571,1.718,717.614285714286,18.5041428571429,8.25428571428571,NA,NA,NA,0.349785440849097,NA,NA
"456","Grant Line Canal and Old River",5,2018,1,NA,0.3475,0.0283333333333333,7.60529411764706,2.87266666666667,249.929411764706,17.7227058823529,9.01235294117647,NA,0.325,NA,0.118322606845444,0.0941666666666667,0.105833333333333
"457","Grant Line Canal and Old River",5,2021,1,NA,0.81675,NA,7.53142857142857,1.02333333333333,466.042857142857,20.8112857142857,7.46714285714286,NA,NA,NA,0.223704167345156,NA,NA
"458","Grant Line Canal and Old River",5,2022,1,154.285714285714,0.497,NA,7.681,1.15461538461538,359.44,20.0149,8.14,NA,NA,NA,0.171830236397881,NA,NA
"459","Grant Line Canal and Old River",6,2021,1.92307692307692,125,0.6314,NA,7.60071428571429,4.35692307692308,477.978571428571,22.3557857142857,7.725,NA,NA,NA,0.229852391104467,NA,NA
"460","Grant Line Canal and Old River",6,2022,1.55555555555556,144.375,0.239,NA,7.575,3.14333333333333,393.35,23.184,7.57,NA,NA,NA,0.189364412921747,NA,NA
"461","Grant Line Canal and Old River",7,2021,1.375,116.666666666667,0.2306,NA,7.3025,4.73285714285714,321.25,23.7705,7.53,NA,NA,NA,0.15394049374488,NA,NA
"462","Grant Line Canal and Old River",7,2022,1.85714285714286,121,0.3205,NA,7.6175,2.65571428571429,558.55,24.97475,6.68,NA,NA,NA,0.269572486706445,NA,NA
"463","Grant Line Canal and Old River",8,2021,1.2,143.333333333333,0.309,NA,7.24466666666667,6.51857142857143,395.053333333333,23.918,6.35466666666667,NA,NA,NA,0.189747644734687,NA,NA
"464","Grant Line Canal and Old River",8,2022,2.09090909090909,108.333333333333,0.8276,NA,7.53857142857143,3.619,631.757142857143,25.0417142857143,6.09142857142857,NA,NA,NA,0.306564186442337,NA,NA
"465","Grant Line Canal and Old River",9,2017,1,NA,1.035,0.03,7.38,6.294,262.75652173913,20.8268260869565,7.91652173913043,NA,0.375,NA,0.124526840707592,0.115,0.12
"466","Grant Line Canal and Old River",9,2021,1.27272727272727,150,0.5284,NA,7.37454545454545,1.94,700.645454545455,23.0704545454545,5.93363636363636,NA,NA,NA,0.341973068854605,NA,NA
"467","Grant Line Canal and Old River",9,2022,2.09090909090909,150,1.0122,NA,7.72714285714286,5.631,665.1,24.1965714285714,6.56428571428571,NA,NA,NA,0.323673011876694,NA,NA
"468","Grant Line Canal and Old River",10,2017,1,NA,0.483333333333333,0.0366666666666667,7.59421052631579,5.66125,288.647368421053,17.0326315789474,8.61684210526316,NA,0.333333333333333,NA,0.137036103406054,0.06,0.0666666666666667
"469","Grant Line Canal and Old River",10,2021,1.25,133.333333333333,0.8828,NA,7.32181818181818,1.293,592.881818181818,19.3106363636364,6.93909090909091,NA,NA,NA,0.288229236210143,NA,NA
"470","Grant Line Canal and Old River",10,2022,1.54545454545455,184,0.6788,NA,7.32714285714286,2.129,544.214285714286,19.7714285714286,6.76428571428571,NA,NA,NA,0.264129902105312,NA,NA
"471","Grant Line Canal and Old River",11,2017,1,NA,1.078125,0.039375,7.67230769230769,2.86375,439.207692307692,13.985,8.64846153846154,NA,0.35,NA,0.211041934620199,0.0975,0.109375
"472","Grant Line Canal and Old River",11,2021,1,NA,0.707,NA,7.26166666666667,0.794,528.816666666667,16.9043333333333,7.03833333333333,NA,NA,NA,0.257600171415416,NA,NA
"473","Grant Line Canal and Old River",11,2022,1.25,196.666666666667,0.648,NA,7.695,1.85428571428571,610.225,10.8885,10.1625,NA,NA,NA,0.295476639674081,NA,NA
"474","Grant Line Canal and Old River",12,2017,1,NA,0.997,0.037,7.75545454545454,1.78454545454545,493.463636363636,8.74790909090909,10.9263636363636,NA,0.39,NA,0.237387495099445,0.074,0.1
"475","Grant Line Canal and Old River",12,2021,1,158.333333333333,1.428,NA,7.83222222222222,1.585,933,12.0324444444444,10.4122222222222,NA,NA,NA,0.461087610560219,NA,NA
"476","Grant Line Canal and Old River",12,2022,1,176.25,1.001,NA,7.70285714285714,1.913,583.185714285714,9.41342857142857,10.3271428571429,NA,NA,NA,0.281880620290659,NA,NA
"477","Grizzly Bay",1,2016,1,40,0.53,0.2,7.8,1.02,22406,9.6,10.3,NA,0.7,NA,13.4883947303345,0.07,0.14
"478","Grizzly Bay",1,2017,1,24,0.35,0.11,7.61,1.91,432,9.29,10.91,NA,0.5,NA,0.206855345111541,0.06,0.13
"479","Grizzly Bay",1,2018,1,64,0.47,0.2,7.7,0.9,15465,10.6,9.72,NA,0.3,NA,9.01141656117387,0.08,0.08
"480","Grizzly Bay",1,2019,1,52,0.57,0.214,7.63,0.88,14498,10.37,9.92,NA,0.38,NA,8.40258131242718,0.092,0.094
"481","Grizzly Bay",1,2020,1,30,0.49,0.21,7.83,0.67,15532,9.97,10.03,NA,0.48,NA,9.05374699534586,0.071,0.082
"482","Grizzly Bay",1,2022,1,20,0.613,0.1215,7.36,0.985,6351,9.44,9.87,NA,0.537,NA,3.45869366156885,0.077,0.143
"483","Grizzly Bay",2,2016,1,24,0.57,0.11,7.68,1.25,2427,10.94,9.9,NA,0.6,NA,1.24627766674786,0.06,0.1
"484","Grizzly Bay",2,2017,1,28,0.3,0.05,7.43,3.83,170,11.49,10.02,NA,0.2,NA,0.0797393045187811,0.07,0.1
"485","Grizzly Bay",2,2018,1,40,0.543333333333333,0.143333333333333,7.77,2.71666666666667,13504,12.8,9.47,NA,0.3,NA,7.78098956485768,0.0766666666666667,0.08
"486","Grizzly Bay",2,2019,1,16,0.44,0.1,7.65,1.56,228,9.19,10.23,NA,0.6,NA,0.107598855796796,0.0755,0.18
"487","Grizzly Bay",2,2020,1,52,0.486666666666667,0.213333333333333,7.85,2.45,11369,12.51,9.86,NA,0.25,NA,6.46141124108971,0.0683333333333333,0.13
"488","Grizzly Bay",2,2022,1,44,0.5155,0.1035,7.57,2.88,15918,12.4,10.09,NA,0.362,NA,9.29798315153411,0.074,0.102
"489","Grizzly Bay",3,2016,1,30.6666666666667,0.46,0.11,7.85,1.87,4614.66666666667,14.3766666666667,9.15,NA,0.6,NA,2.63473849438611,0.05,0.13
"490","Grizzly Bay",3,2017,1,27.6666666666667,0.31,0.04,7.49,4.32,179,13.31,10.26,NA,0.3,NA,0.0840585621983013,0.05,0.07
"491","Grizzly Bay",3,2018,1,29,0.4555,0.11,7.85,2.58,8065.66666666667,13.4566666666667,9.66,NA,0.4,NA,4.58117916609991,0.0655,0.12
"492","Grizzly Bay",3,2019,1,27.6666666666667,0.2975,0.05,7.44,2.53,205.333333333333,12.7333333333333,9.37,NA,0.4,NA,0.0966985465705051,0.067,0.08
"493","Grizzly Bay",3,2020,1,47.5,0.38,0.22,7.62,1.89,8751,13.505,9.3,NA,0.2,NA,5.06589774204643,0.082,0.1
"494","Grizzly Bay",3,2021,1,51,0.526,0.135,7.97,4.77,14230,13.01,9.69,NA,0.358,NA,8.24523842017516,0.086,0.105
"495","Grizzly Bay",3,2022,1,27,0.352,0.0565,7.8,5.45,10723,14.92,10.18,NA,0.323,NA,6.07133700678928,0.071,0.098
"496","Grizzly Bay",4,2016,1,24,0.32,0.07,7.95,8.26,3173,16.9833333333333,8.6,NA,0.6,NA,1.66286385829617,0.06,0.14
"497","Grizzly Bay",4,2017,1,36.3333333333333,0.23,0.04,7.56,5.68,180.666666666667,14.92,9.86,NA,0.2,NA,0.0848691837215832,0.05,0.06
"498","Grizzly Bay",4,2018,1,40.3333333333333,0.241,0.065,7.75,1.905,998,15.6,9.92,NA,0.4,NA,0.509444257870308,0.0525,0.07
"499","Grizzly Bay",4,2019,1,31.6666666666667,0.191,0.05,7.66,2.605,178.333333333333,15.7533333333333,9.59,NA,0.245,NA,0.0837375282556478,0.056,0.07
"500","Grizzly Bay",4,2021,1,48,0.461,0.194,7.97,3.99,10337,15.1966666666667,9.59,NA,0.37,NA,5.96354012203824,0.0925,0.106
"501","Grizzly Bay",4,2022,1,29.3333333333333,0.3325,0.193,7.68,2.515,12567,16.2366666666667,8.62,NA,0.378,NA,7.20942907215667,0.085,0.145
"502","Grizzly Bay",5,2016,1,22.3333333333333,0.21,0.09,7.9,2.13,8927.33333333333,18.0533333333333,8.7,NA,0.6,NA,4.98364834144634,0.06,0.14
"503","Grizzly Bay",5,2017,1,30.6666666666667,0.14,0.06,7.9,7.2,340,18.6366666666667,9.45,NA,0.2,NA,0.162039823136912,0.05,0.07
"504","Grizzly Bay",5,2018,1,36.6666666666667,0.363,0.05,7.9025,9.56,7950.33333333333,17.9666666666667,9.02,NA,0.3,NA,4.4020434358191,0.0752,0.09
"505","Grizzly Bay",5,2019,1,27.6666666666667,0.191,0.035,7.84,4.575,212.333333333333,17.0933333333333,9.26,NA,0.253,NA,0.100106027653694,0.0525,0.08
"506","Grizzly Bay",5,2021,1,38.3333333333333,0.429,0.0965,7.97,3.05,18687.6666666667,18.43,8.39,NA,0.325,NA,11.0704899538988,0.0913333333333333,0.112
"507","Grizzly Bay",5,2022,1,17.3333333333333,0.362,0.086,7.84,2.625,16229.3333333333,18.2133333333333,8.35,NA,0.359,NA,9.51906256622966,0.104,0.158
"508","Grizzly Bay",6,2008,1,43.4,0.5,0.05,NA,2.23,14331.8,19.78,8.1,135,0.5,NA,8.29905218323308,0.07,0.12
"509","Grizzly Bay",6,2009,1,29.8333333333333,0.34,0.04,7.81,1.43,11321.8333333333,19.2166666666667,8.35,6,0.4,NA,6.4473706412628,0.07,0.12
"510","Grizzly Bay",6,2010,1,18.25,0.26,0.06,7.94,12.28,4238.75,20.075,8.6,67,0.5,NA,2.25856449879379,0.05,0.16
"511","Grizzly Bay",6,2011,1,28.8,0.17,0.04,7.51,5.07,199.4,19,8.9,34.3,0.2,NA,0.0939833126316786,0.04,0.04
"512","Grizzly Bay",6,2012,1,30,0.46,0.07,7.85,2.72,14185,19.86,8.1,43.6,0.5,NA,8.21830633498863,0.07,0.18
"513","Grizzly Bay",6,2013,1,24,0.5,0.04,7.98,2.09,13856.6,20,8.25,56.3,0.5,NA,8.00524573721146,0.08,0.15
"514","Grizzly Bay",6,2014,1,38.4,0.64,0.05,8,1.59,20107.6,20.62,7.9,31.35,0.6,NA,11.9890656391891,0.11,0.17
"515","Grizzly Bay",6,2015,1,32.6,0.59,0.07,7.8,2.92,20480.8,19.84,7.75,73.9,0.6,NA,12.2305027241695,0.1,0.15
"516","Grizzly Bay",6,2016,1,37,0.23,0.07,7.9,2.38,13189.6,20.7,8.7,26.9,0.6,NA,7.59309166981619,0.06,0.14
"517","Grizzly Bay",6,2017,1,33.2,0.22,0.05,7.67,1.95,3758.2,20.898,8.28,81.75,0.3,NA,2.03808934665014,0.06,0.08
"518","Grizzly Bay",6,2018,1,26.2,0.4355,0.185,7.87,2.97,12926,19.696,8.63,68.65,0.3,NA,7.42875004902333,0.095,0.12
"519","Grizzly Bay",6,2019,1,30.2,0.1955,0.045,7.97,4.2,1673.6,20.84,8.69,33.2,0.253,NA,0.86675890684741,0.061,0.055
"520","Grizzly Bay",6,2020,2.5,39.6666666666667,0.4105,0.05,7.91,1.97,13188.3333333333,20.9033333333333,8.32,16.4,0.2,NA,7.58764303120792,0.0965,0.113
"521","Grizzly Bay",6,2021,1,25.8,0.468,0.164,8.09,4.21,16256.6,19.612,8.4,25.55,0.403,NA,9.67843969763386,0.1035,0.157
"522","Grizzly Bay",6,2022,1,30.1666666666667,0.228,0.045,8.08,5.83,18260.1666666667,20.9633333333333,8.64,24.6,0.261,NA,10.7995500680593,0.0925,0.118
"523","Grizzly Bay",7,2008,1,23.75,0.57,0.06,NA,1.82,16888,20.44,7.7,117,0.5,NA,9.91996710457989,0.09,0.14
"524","Grizzly Bay",7,2009,1,25,0.38,0.07,7.98,1.91,14855,19.9333333333333,8,9,0.4,NA,8.63358155502201,0.08,0.18
"525","Grizzly Bay",7,2010,1,29.25,0.35,0.06,7.94,1.03,10558.5,19.275,8,66.45,0.4,NA,5.98881588135902,0.08,0.12
"526","Grizzly Bay",7,2011,1,20.5,0.18,0.01,7.61,4.71,1940.75,20.675,8.4,85.7333333333333,0.3,NA,1.02194857768348,0.04,0.08
"527","Grizzly Bay",7,2012,2,37,0.31,0.04,7.87,2.76,10951.25,20.9,7.95,26.5,0.7,NA,6.30610180433862,0.05,0.24
"528","Grizzly Bay",7,2013,1,22,0.49,0.04,7.89,2.04,16145.5,20.725,8.1,224.5,0.7,NA,9.44501006650517,0.1,0.24
"529","Grizzly Bay",7,2014,1,33.2,0.56,0.03,7.8,1.71,20183,21.08,7.9,169.666666666667,0.8,NA,12.0398224614489,0.11,0.17
"530","Grizzly Bay",7,2015,1,26.8,0.53,0.03,8,8.28,21837.2,21.4,7.9,110.4,0.8,NA,13.1163916685673,0.11,0.19
"531","Grizzly Bay",7,2016,1,41.75,0.31,0.02,7.9,2.22,15354.5,20.9875,8.58,48.15,0.5,NA,8.94227143972361,0.06,0.12
"532","Grizzly Bay",7,2017,1,17.75,0.25,0.11,7.72,2.57,8674.75,21.72,7.93,82.75,0.3,NA,4.91305944506581,0.08,0.11
"533","Grizzly Bay",7,2018,1.33333333333333,33.75,0.387,0.258,7.896,2.638,15312.25,21.18875,8.138,125.8,0.3,NA,8.92318093595635,0.1045,0.11
"534","Grizzly Bay",7,2019,1,44,0.266,0.051,7.84,2.81833333333333,7722,21.165,8.69,62,0.207,NA,4.27470188572024,0.079,0.102
"535","Grizzly Bay",7,2020,1.5,31.8,0.32,0.05,8,2.79,16693.8,20.794,8.32,32.0666666666667,0.2,NA,9.80508262445008,0.093,0.112
"536","Grizzly Bay",7,2021,1,43.25,0.274,0.075,7.97,6.14666666666667,16346.75,20.415,8.14,31.35,0.232,NA,9.80883843655904,0.104333333333333,0.123
"537","Grizzly Bay",7,2022,1,31,0.16,0.081,7.88,10.45,19538.6666666667,21.3766666666667,8.33,49,0.387,NA,11.6279589956929,0.1,0.185
"538","Grizzly Bay",8,2008,1,42.5,0.48,0.02,NA,4.81,20124,21.05,8.2,68,0.6,NA,11.997477704036,0.08,0.11
"539","Grizzly Bay",8,2009,1,40.6666666666667,0.22,0.02,8.03,1.66,16964,20.7333333333333,7.7,9,0.4,NA,9.96761353401935,0.04,0.11
"540","Grizzly Bay",8,2010,1.5,38.3333333333333,0.36,0.05,8.1,1.56,11760,18.96,8.7,111.6,0.4,NA,6.70887444308611,0.08,0.11
"541","Grizzly Bay",8,2011,1,19,0.23,0.02,7.93,5.51,9196,20.4,8.4,37.3666666666667,0.4,NA,5.14924917187684,0.05,0.12
"542","Grizzly Bay",8,2012,1,38.6666666666667,0.29,0.03,7.92,1.9,13879.6666666667,20.6333333333333,7.9,46.7,0.4,NA,8.03944676119469,0.06,0.11
"543","Grizzly Bay",8,2013,1,32,0.38,0.06,8,1.72,16375.3333333333,19.6666666666667,8.3,61.05,0.3,NA,9.59035163567921,0.1,0.08
"544","Grizzly Bay",8,2014,1,30,0.53,0.01,8,1.86,20577,20.6,7.85,101,0.6,NA,12.2934112945401,0.12,0.17
"545","Grizzly Bay",8,2015,1,22,0.35,0.02,7.85,2.98,22080.5,21.765,7.9,49.3,0.7,NA,13.2746404587875,0.09,0.18
"546","Grizzly Bay",8,2016,1,27.6666666666667,0.35,0.04,7.88,2.36,15759,20.14,8.38,80.25,0.4,NA,9.20849129303797,0.09,0.14
"547","Grizzly Bay",8,2017,1,24,0.31,0.03,8.15,4.07,11960.6666666667,20.36,8.43,170,0.2,NA,6.82708451889292,0.08,0.09
"548","Grizzly Bay",8,2018,1,37.3333333333333,0.322923076923077,0.305384615384615,7.93,2.35333333333333,15283.6666666667,20.6666666666667,8.54,60.5,0.216,NA,8.90031236940017,0.0940769230769231,0.104
"549","Grizzly Bay",8,2019,1,32.6666666666667,0.166,0.19,7.74,3.29,10243.3333333333,21.9666666666667,8.1,56.85,0.274,NA,5.78083258433404,0.071,0.099
"550","Grizzly Bay",8,2020,1.33333333333333,49.6666666666667,0.238333333333333,0.135,7.92,2.13333333333333,20868.6666666667,21.5766666666667,7.95,22.3,0.3,NA,12.4840681149407,0.0923333333333333,0.1
"551","Grizzly Bay",8,2021,1.66666666666667,24.6666666666667,0.1845,0.05,7.97,6.76,20652.6666666667,20.36,8.08,26.95,0.252,NA,12.3491702314851,0.1,0.138
"552","Grizzly Bay",8,2022,1.33333333333333,40,0.303,0.06,7.94,2.65,20104.3333333333,21.9633333333333,7.96,29.45,0.241,NA,11.9909275621353,0.113,0.146
"553","Grizzly Bay",9,2007,1,40.25,0.39,0.06,NA,1.37,15558.5,19.85,8.2,4,0.5,NA,9.07114129247223,0.08,0.11
"554","Grizzly Bay",9,2008,1,43.25,0.36,0.03,NA,1.58,18679.25,19.575,7.7,66,0.5,NA,11.0660928558273,0.08,0.1
"555","Grizzly Bay",9,2009,1,60.75,0.3,0.06,7.99,1.09,19109.25,20.05,7.6,22.525,0.5,NA,11.3404841624824,0.08,0.14
"556","Grizzly Bay",9,2010,1,28,0.29,0.03,8.01,5.55,15518.5,18.475,8.4,26.8,0.5,NA,9.04876338096843,0.07,0.13
"557","Grizzly Bay",9,2011,1.66666666666667,31.25,0.2,0.05,7.97,1.47,7116.75,20.2,8.1,98.95,0.4,NA,3.92553643698114,0.04,0.09
"558","Grizzly Bay",9,2012,1.33333333333333,64.25,0.38,0.05,7.95,1.95,16798.75,19.0375,8.15,18.1666666666667,0.4,NA,9.85831840702016,0.08,0.11
"559","Grizzly Bay",9,2013,1,43.5,0.45,0.06,8.08,1.77,15567.75,22,8.35,46.2333333333333,0.4,NA,9.07649056235697,0.09,0.09
"560","Grizzly Bay",9,2014,1.33333333333333,26.25,0.48,0.02,8,1.34,19998.75,20.2,7.45,74.9333333333333,0.5,NA,11.9180226940609,0.12,0.14
"561","Grizzly Bay",9,2015,1,45.25,0.38,0.02,7.9,1.34,21290.75,21.2,7.7,40.2,0.4,NA,12.7645723496534,0.09,0.12
"562","Grizzly Bay",9,2016,1,38,0.43,0.04,7.85,1.55,19419.5,18.6675,8.65,40.9666666666667,0.5,NA,11.5406544645193,0.11,0.18
"563","Grizzly Bay",9,2017,1.25,34.75,0.33,0.05,7.81,3.61,8821.25,22.375,8.47,42.8333333333333,0.3,NA,4.91890788851477,0.09,0.14
"564","Grizzly Bay",9,2018,1,51.75,0.33,0.04,7.87,1.97,16743,19.565,8.71,29.9,0.192,NA,9.82310284864535,0.099,0.108
"565","Grizzly Bay",9,2019,1.25,34.75,0.2605,0.0505,7.61,2.135,9016.75,21.3825,8.27,35.7333333333333,0.3,NA,5.03822416078561,0.0875,0.128
"566","Grizzly Bay",9,2020,2,27.75,0.261666666666667,0.163333333333333,7.75,2.11,16839,20.42,8.21,46.65,0.3,NA,9.89393438675236,0.0976666666666667,0.109
"567","Grizzly Bay",9,2021,1,53.25,0.172,0.075,7.88,2.87,18880.25,21.1075,8.06,20.1,0.283,NA,11.2069842293259,0.0935,0.111
"568","Grizzly Bay",9,2022,1,51.75,0.263,0.05,7.64,1.09,21081.5,22.625,7.57,35.5,0.149,NA,12.6214003656587,0.103,0.112
"569","Grizzly Bay",10,2007,1,43.75,0.44,0.09,NA,0.42,17609.25,18.05,8.6,6,0.5,NA,10.3812173016631,0.08,0.11
"570","Grizzly Bay",10,2008,1,59.25,0.39,0.06,NA,1.31,19173.75,18.925,8,32,0.5,NA,11.3818164661648,0.08,0.11
"571","Grizzly Bay",10,2009,1,36.75,0.37,0.09,8.08,1.21,19259.25,16.125,8.5,19.375,0.4,NA,11.4378757776103,0.08,0.12
"572","Grizzly Bay",10,2010,1,45.25,0.29,0.07,7.81,1.83,15087.5,18.375,7.9,23.05,0.4,NA,8.78245872575086,0.07,0.1
"573","Grizzly Bay",10,2011,1,32.5,0.26,0.07,7.95,1.03,7350.5,18.625,8.4,39.4333333333333,0.3,NA,4.04552207813463,0.06,0.09
"574","Grizzly Bay",10,2012,1.33333333333333,40.75,0.38,0.07,7.9,1.03,16658.75,18.675,8.3,43.9,0.4,NA,9.76965486400906,0.08,0.12
"575","Grizzly Bay",10,2013,1,59.5,0.38,0.09,7.8,1.42,17813.25,18.25,8.3,13.6666666666667,0.5,NA,10.510700247054,0.1,0.14
"576","Grizzly Bay",10,2014,1,54.25,0.46,0.02,8,1.54,23590,21.275,7.3,26.1333333333333,0.5,NA,14.2695027969642,0.11,0.13
"577","Grizzly Bay",10,2015,1,49,0.54,0.02,7.88,1.19,22054.25,20.1725,7.8,22.5333333333333,0.6,NA,13.2578380807987,0.11,0.12
"578","Grizzly Bay",10,2016,1,69.75,0.4,0.08,7.74,1.59,17369.5,18.2025,8.32,11.1666666666667,0.5,NA,10.2323555633418,0.11,0.15
"579","Grizzly Bay",10,2017,1,43.5,0.29625,0.185,7.77,1.36,9969.25,18.515,8.69,39.4,0.3,NA,5.60978884456428,0.0765,0.08
"580","Grizzly Bay",10,2018,1,49.75,0.3435,0.225,7.815,1.28,19929.2,17.392,8.785,25.1,0.184,NA,11.8724691874971,0.094,0.1
"581","Grizzly Bay",10,2019,1.25,47.25,1.5455,0.145,7.72,1.1,10279,17.985,8.33,32.2333333333333,0.23,NA,5.79955562871401,0.058,0.094
"582","Grizzly Bay",10,2020,1,80.5,0.281666666666667,0.145,7.97,1.41333333333333,21555.25,19.32,7.97,15.5666666666667,0.2,NA,12.9318896287281,0.101666666666667,0.105
"583","Grizzly Bay",10,2021,1,54.75,0.195,0.1615,7.7,2.11666666666667,21968.75,18.1125,8.36,24.6,0.194,NA,13.2078311260743,0.0923333333333333,0.122
"584","Grizzly Bay",10,2022,1,29.75,0.297,0.056,7.81,1.7,21815.25,19.57,8.3,28.5333333333333,0.269,NA,13.1011925514467,0.101,0.122
"585","Grizzly Bay",11,2007,1,43,0.53,0.12,NA,1.03,20717,15.8,8.5,5,0.6,NA,12.3851176136766,0.07,0.13
"586","Grizzly Bay",11,2008,1,52.25,0.55,0.14,NA,1.46,18414,15.525,8.7,52,0.7,NA,10.8967222687488,0.08,0.16
"587","Grizzly Bay",11,2009,1,49.25,0.44,0.15,7.79,1.23,17823.25,16.1,8.2,15.5,0.4,NA,10.5126122072071,0.08,0.12
"588","Grizzly Bay",11,2010,1,76.25,0.41,0.11,7.87,0.94,16580,16.275,8.5,10.425,0.3,NA,9.73287126559349,0.07,0.11
"589","Grizzly Bay",11,2011,1,61,0.27,0.12,7.85,1.5,13529,13.6,9.05,16.3333333333333,0.5,NA,7.80846626380782,0.06,0.13
"590","Grizzly Bay",11,2012,1,55.5,0.34,0.12,7.83,1.11,21590.25,16.775,8.3,19.6666666666667,0.6,NA,12.9548091055172,0.07,0.13
"591","Grizzly Bay",11,2013,1,46.5,0.49,0.12,7.93,1.74,19080.25,15.525,8.5,25.3666666666667,0.6,NA,11.325597234357,0.09,0.15
"592","Grizzly Bay",11,2014,1,50,0.48,0.09,7.9,1.57,21079,17.025,8.4,22.3666666666667,0.4,NA,12.6196282207422,0.1,0.11
"593","Grizzly Bay",11,2015,1,44.5,0.56,0.04,7.78,1.14,20378.25,16.8975,8.4,38.8666666666667,0.6,NA,12.163425238351,0.1,0.14
"594","Grizzly Bay",11,2016,1,81.5,0.47,0.1,7.65,1.12,18052.75,17.5775,8.24,15.0333333333333,0.6,NA,10.6633702448597,0.09,0.14
"595","Grizzly Bay",11,2017,1,47.25,0.386,0.26,7.76,1.27,16868,15.9375,8.8,25.8,0.3,NA,9.90202648268643,0.0723333333333333,0.11
"596","Grizzly Bay",11,2018,1,70.25,0.44,0.143,7.56,1.38,19987,16.7275,8.72,15.7,0.374,NA,11.9101055324744,0.09,0.103
"597","Grizzly Bay",11,2019,1,53,2.8,0.2,7.68,1.05,12998,15.535,8.65,20,0.3,NA,7.47743248058165,2,0.081
"598","Grizzly Bay",11,2020,1.25,68.5,0.314,0.123,7.79,0.92,18452,17.94,8.59,10.6,0.373,NA,10.9237411667319,0.09,0.14
"599","Grizzly Bay",11,2021,1,28.75,0.406,0.186,7.51,1.52,14871.75,16.6,8.16,49.4666666666667,0.531,NA,8.64956832675135,0.093,0.146
"600","Grizzly Bay",11,2022,1,38.5,0.29,0.128,7.56,2.02,19416.5,13.6775,9.12,34.1333333333333,0.339,NA,11.5417538605128,0.088,0.148
"601","Grizzly Bay",12,2007,1,37.25,0.59,0.17,NA,1.31,17746,10.4,9.6,3,0.7,NA,10.4731135358991,0.07,0.13
"602","Grizzly Bay",12,2008,1,49.75,0.57,0.15,NA,0.85,24181.25,11.7,8.7,15,0.6,NA,14.6617160582107,0.12,0.12
"603","Grizzly Bay",12,2009,1,46,0.5,0.16,7.55,1.29,20266.5,9.85,9.7,38.95,0.4,NA,12.0914022794758,0.07,0.07
"604","Grizzly Bay",12,2010,1,56.75,0.41,0.18,7.6,0.64,12247.75,11.325,9.35,17.725,0.5,NA,7.00869756954954,0.05,0.07
"605","Grizzly Bay",12,2011,1,43,0.22,0.15,7.85,1.52,17299,10.6,9.5,18.9666666666667,0.5,NA,10.1808729486134,0.04,0.11
"606","Grizzly Bay",12,2012,1,31.5,0.48,0.14,7.3,0.96,4437.75,13.825,7.4,25.4666666666667,0.7,NA,2.36730801843268,0.07,0.19
"607","Grizzly Bay",12,2013,1,33.5,0.46,0.16,7.96,1.38,19499,10.275,9.95,28.0666666666667,0.8,NA,11.6032548956943,0.07,0.16
"608","Grizzly Bay",12,2014,1,44.5,0.62,0.19,7.5,0.92,18911.75,14.2875,8.6,22.5666666666667,0.8,NA,11.3280153747804,0.09,0.14
"609","Grizzly Bay",12,2015,1,48,0.53,0.12,7.7,1.68,22836.75,11,9.3,19.5333333333333,0.8,NA,13.7749266235228,0.1,0.14
"610","Grizzly Bay",12,2016,1,33.75,0.56,0.16,7.72,1.44,14929,11.8225,9.5,85.8666666666667,0.7,NA,8.69026143197421,0.09,0.28
"611","Grizzly Bay",12,2017,1,40.25,0.46,0.29,7.75,1.08333333333333,17580.75,12.315,9.22,46.2666666666667,0.3,NA,10.3609885977096,0.075,0.08
"612","Grizzly Bay",12,2018,1,56.6666666666667,0.464,0.162,7.62,1.6,18745,12.1675,9.12,17.5,0.361,NA,11.1090974800269,0.08,0.1
"613","Grizzly Bay",12,2019,1,37.75,0.28,0.37,7.68,0.695,10885.75,11.7375,9.28,77,0.37,NA,6.21159928435905,0.072,0.044
"614","Grizzly Bay",12,2020,1,68.6666666666667,0.34,0.41,NA,1.7,17864,11.8666666666667,NA,15.2666666666667,NA,NA,10.5574510699372,0.08,NA
"615","Grizzly Bay",12,2021,1,34,0.508,0.192,7.66,1.17,16895.25,12.355,9.17,32.5666666666667,0.504,NA,9.92713805707246,0.08,0.128
"616","Grizzly Bay",12,2022,1,53.75,0.33,0.145,7.57,2.21,20203.75,10.2025,9.88,16.0333333333333,0.295,NA,12.050241143946,0.076,0.118
"617","Holland Cut",1,2022,1,123.333333333333,1.0045,0.072,7.36,0.745,335.033333333333,9.58,8.94,NA,0.644,NA,0.159426238322344,0.0935,0.095
"618","Holland Cut",3,2022,1,144,0.316,0.05,7.81333333333333,2.63,307.475,13.6975,10.21,NA,0.3235,NA,0.14603805160433,0.05,0.047
"619","Holland Cut",4,2022,1,115.333333333333,0.171,0.05,7.82333333333333,1.91,293.22,16.458,9.14333333333333,NA,0.301,NA,0.139109998906694,0.0515,0.0635
"620","Holland Cut",5,2021,1.66666666666667,101.6,0.0715,0.056,7.78,1.295,513.34,19.478,7.97,NA,0.318,NA,0.247179820861645,0.1145,0.0825
"621","Holland Cut",5,2022,1,120.166666666667,0.126,0.05,7.96333333333333,1.725,319.433333333333,18.49,9.08666666666667,NA,0.283,NA,0.151885086768146,0.051,0.0585
"622","Holland Cut",6,2014,1.66666666666667,232.2,0.16,0.015,8.4025,5.145,823.188888888889,22.8333333333333,NA,2.97,0.4,NA,0.402864836732389,0.065,0.105
"623","Holland Cut",6,2015,2,100.8,0.33,0.0433333333333333,7.64,2.29666666666667,790.4,22.82,NA,7.06,0.4,NA,0.385856540701063,0.08,0.113333333333333
"624","Holland Cut",6,2021,2,115.333333333333,0.086,0.05,7.94,1.54,764.666666666667,22.3916666666667,NA,5.65,0.266,NA,0.372838950606684,0.078,0.089
"625","Holland Cut",6,2022,1.8,131.333333333333,0.0695,0.05,8.06,1.355,527.157142857143,22.0814285714286,8.25,6.2,0.235,NA,0.254095717471439,0.0645,0.0695
"626","Holland Cut",7,2014,3,197.333333333333,0.07,0.025,8.44,3.765,695.363636363636,23.8333333333333,NA,3.134,0.425,NA,0.338016565293832,0.095,0.13
"627","Holland Cut",7,2015,2.5,102,0.223333333333333,0.0333333333333333,7.7575,4.77666666666667,729.571428571429,23.6,NA,7.855,0.433333333333333,NA,0.355097958706465,0.0866666666666667,0.106666666666667
"628","Holland Cut",7,2016,2,121.333333333333,0.0485,0.02,7.6875,3.44333333333333,384.285714285714,23.3857142857143,NA,7.49,NA,NA,0.183547216690823,0.0545,NA
"629","Holland Cut",7,2021,3,124,0.0625,0.05,8.06,10.72,722,23.885,6.83,6.65,0.379,NA,0.351379513772954,0.0835,0.097
"630","Holland Cut",7,2022,2.2,130.8,0.05,0.05,8.09333333333333,5.8,608.16,23.588,7.56333333333333,7.75,0.2675,NA,0.294360864305017,0.0655,0.075
"631","Holland Cut",8,2014,3,258,0.045,0.01,8.542,3.14333333333333,614.166666666667,23.15,NA,2.665,0.3,NA,0.297172857160766,0.095,0.11
"632","Holland Cut",8,2015,3,148,0.103333333333333,0.02,7.844,1.81333333333333,682.833333333333,23.4833333333333,NA,4.275,0.766666666666667,NA,0.331602300337161,0.0866666666666667,0.186666666666667
"633","Holland Cut",8,2021,2.6,94,0.058,0.05,8.36333333333333,27.8,599.8,23.318,7.36,10.35,0.577,NA,0.289998406271567,0.0725,0.099
"634","Holland Cut",8,2022,2,151.2,0.0515,0.05,7.72333333333333,4.075,458.2,23.814,7.41333333333333,7.55,0.2335,NA,0.219814897690906,0.058,0.062
"635","Holland Cut",9,2014,2,213,0.025,0.02,8.36166666666667,5.145,670.142857142857,22.6857142857143,NA,2.82833333333333,0.35,NA,0.325234346743555,0.085,0.105
"636","Holland Cut",9,2015,2,135,0.188625,0.03,7.895,2.46,661.6,22.64,NA,4.72,0.233333333333333,NA,0.3209555740757,0.096625,0.0966666666666667
"637","Holland Cut",9,2021,2.5,129.5,0.0645,0.05,7.76333333333333,2.49,519.1,23.4875,6.945,4.6,0.2945,NA,0.249859924398252,0.0785,0.0695
"638","Holland Cut",9,2022,1.5,184.5,0.05,0.05,8.72,1.12,513.5,22.96,8.43,4.5,0.189,NA,0.247072968046563,0.053,0.055
"639","Holland Cut",10,2014,2,234,0.14,0.0325,7.92714285714286,5.8475,776.65,20.8875,NA,2.15571428571429,0.275,NA,0.379222542024426,0.085,0.0925
"640","Holland Cut",10,2015,2,156,0.1982,0.03,7.66666666666667,2.085,731.714285714286,20.5714285714286,NA,3.89142857142857,0.333333333333333,NA,0.356256080931594,0.087,0.1
"641","Holland Cut",10,2021,1.66666666666667,150.333333333333,0.0645,0.05,7.62333333333333,0.84,715.25,18.545,7.755,8.1,0.205,NA,0.347875178688618,0.0565,0.0575
"642","Holland Cut",10,2022,2,187.666666666667,0.05,0.05,7.83333333333333,1.82,651.5,19.585,8.34,3.9,0.193,NA,0.315896261717359,0.05,0.053
"643","Holland Cut",11,2014,2,335,0.395,0.065,7.74166666666667,3.57,693.571428571429,16.2142857142857,NA,2.47285714285714,0.3,NA,0.337207554046121,0.08,0.1
"644","Holland Cut",11,2015,2,50,0.3,0.07,7.79666666666667,3.44,933.25,13.1,NA,7.905,0.45,NA,0.45875533313673,0.06,0.09
"645","Holland Cut",11,2021,1.5,113,0.445,0.061,7.06,0.783333333333333,522.28,15.692,7.13,16.4,0.377,NA,0.251502434328376,0.0726666666666667,0.0806666666666667
"646","Holland Cut",11,2022,1.5,200,0.1495,0.05,7.60666666666667,1.25,636,13.285,9.37,3.2,0.2055,NA,0.308085883045983,0.0505,0.058
"647","Holland Cut",12,2014,1,300,0.53,0.16,7.5825,1.11,772,13.36,NA,5.834,0.5,NA,0.377102414892476,0.07,0.08
"648","Holland Cut",12,2015,1,140,0.46,0.085,7.83,13.56,892.5,10.875,NA,5.18,0.45,NA,0.438216051550391,0.03,0.075
"649","Holland Cut",12,2021,1,162.666666666667,0.48,0.05,7.14,1.22,568,12.3866666666667,8.365,5.8,0.428,NA,0.274171089409756,0.071,0.065
"650","Holland Cut",12,2022,1,187,0.179,0.064,7.44,0.9,917.333333333333,10.0466666666667,9.665,4.1,0.259,NA,0.450404761695021,0.05,0.047
"651","Honker Bay",2,2016,1,24,0.47,0.1,7.6,1.12,315,10.715,9.5,NA,0.7,NA,0.194836878081057,0.04,0.11
"652","Honker Bay",5,2018,1,32.3333333333333,0.36,0.05,7.88,5.32,3839.66666666667,18.165,9.215,NA,0.4,NA,1.56764900552849,0.07,0.1
"653","Honker Bay",6,2010,1,28.4,0.18,0.05,7.73,5.06,1987.6,19.95,8.7,39.9666666666667,0.3,NA,0.879833798810212,0.04,0.06
"654","Honker Bay",6,2017,1,48,0.19,0.05,7.72,3.44,1187.2,21.0466666666667,8.53,35.2,0.2,NA,0.589134966160912,0.05,0.06
"655","Honker Bay",7,2017,1,30.5,0.1,0.07,7.79,7.52,3818.25,21.805,8.28,61.45,0.3,NA,2.05734173270562,0.05,0.05
"656","Honker Bay",9,2017,1.2,41.4,0.33,0.09,7.76,2.985,5109,22.1333333333333,8.33,42.125,0.3,NA,2.37046986271469,0.08,0.08
"657","Honker Bay",10,2011,1,39.4,0.25,0.07,7.91,2.6,2422.8,18.9,8.65,29.45,0.2,NA,1.14266670803224,0.05,0.06
"658","Liberty Island",6,2012,1,49,0.2815,0.14,NA,NA,178.25,20.05,NA,22.65,NA,NA,0.0836988005277364,0.0715,NA
"659","Liberty Island",6,2013,1,54.5,0.3762,0.102,NA,NA,174.25,21.075,NA,15.85,NA,NA,0.0817794382060916,0.083,NA
"660","Liberty Island",6,2014,1,54.75,0.3908,0.1,NA,NA,195.75,21.75,NA,14.1,NA,NA,0.0920936924344651,0.1228,NA
"661","Liberty Island",6,2015,1,79,0.255166666666667,0.08,7.3,NA,236.6,21.28,NA,11,NA,NA,0.111831784585631,0.130833333333333,NA
"662","Liberty Island",6,2016,1,59.5,0.1545,0.0625,8.05,14.575,173.857142857143,21.9428571428571,8.2,27.45,NA,NA,0.0816094651081125,0.06925,NA
"663","Liberty Island",6,2017,1,87.25,0.142333333333333,0.0411111111111111,NA,7.4,234.25,20.65,NA,14.1,NA,NA,0.110742484717375,0.135444444444444,NA
"664","Liberty Island",6,2018,1,102.75,0.172,0.12,NA,1.1,167,20.725,NA,9.35,NA,NA,0.0783029874002154,0.077,NA
"665","Liberty Island",6,2020,2,121.333333333333,0.1292,0.038,8.1,1.21666666666667,165.5,22.125,8,9.3,NA,NA,0.0775847709229063,0.1512,NA
"666","Liberty Island",6,2021,1,80.7142857142857,0.0616666666666667,0.04,NA,3.06666666666667,446.142857142857,21.2571428571429,NA,8.675,NA,NA,0.219589668325127,0.129,NA
"667","Liberty Island",6,2022,1,110.142857142857,0.065,0.04,NA,NA,156.285714285714,22.0571428571429,NA,7.25,NA,NA,0.0731683602025947,0.052,NA
"668","Liberty Island",7,2012,2,67,0.172857142857143,0.125714285714286,NA,NA,142,21.5333333333333,NA,16,NA,NA,0.0663265273094761,0.0485714285714286,NA
"669","Liberty Island",7,2014,1.33333333333333,86.75,0.125,0.01,NA,NA,166.25,23.225,NA,9.96666666666667,NA,NA,0.0779422017172121,0.137,NA
"670","Liberty Island",7,2015,2.66666666666667,93.25,0.157,0.045,7.6,NA,220.2,22.58,6.8,9.56666666666667,NA,NA,0.103859614980355,0.113,NA
"671","Liberty Island",7,2016,1.5,69.3333333333333,0.098875,0.04,NA,9.1,135,21.3666666666667,NA,12.2,NA,NA,0.0629746211100284,0.12075,NA
"672","Liberty Island",7,2017,1,103.5,0.0931428571428571,0.03,NA,1.75,143,22.65,NA,8.7,NA,NA,0.0668052852899479,0.135285714285714,NA
"673","Liberty Island",7,2018,1,123.666666666667,0.101,0.036,7.59285714285714,2.05,192.764705882353,22.8176470588235,7.22142857142857,7.15,NA,NA,0.0907175165063423,0.151333333333333,NA
"674","Liberty Island",7,2019,1,116,0.065,0.02,NA,2.465,141,21.3666666666667,NA,16,NA,NA,0.0658474151687089,0.095,NA
"675","Liberty Island",7,2020,2.33333333333333,109.25,0.156,0.08,8.0875,0.9375,147.666666666667,21.5916666666667,8.2625,5.36666666666667,NA,NA,0.0690400912097241,0.07,NA
"676","Liberty Island",7,2021,2.5,82.2,0.025,0.04,NA,2.21666666666667,219.4,22.06,NA,8.35,NA,NA,0.10346514727136,0.146333333333333,NA
"677","Liberty Island",7,2022,1,99.5,0.03,0.04,NA,1.8,138,21.65,NA,8.56666666666667,NA,NA,0.064411161261046,0.042,NA
"678","Liberty Island",8,2014,2,111,0.074,0.0314285714285714,NA,NA,172,21.9,NA,7.9,NA,NA,0.0806980297525719,0.0988571428571429,NA
"679","Liberty Island",8,2015,2,72,0.206,0.055,7.5,NA,254.5,21.7,6.1,8,NA,NA,0.120477716640806,0.1005,NA
"680","Liberty Island",8,2016,2,121.5,0.0865555555555556,0.0277777777777778,NA,7.28571428571429,146,20.95,NA,6.35,NA,NA,0.0682416150051771,0.107888888888889,NA
"681","Liberty Island",8,2017,1,114,0.0796744186046512,0.0169767441860465,NA,6.7,140.5,21.2,NA,6.25,NA,NA,0.0656081090803094,0.15253488372093,NA
"682","Liberty Island",8,2018,1,187,0.0825555555555556,0.0233333333333333,7.7,2.1,256.6,21.4,11.6,4.6,NA,NA,0.121446409893558,0.167611111111111,NA
"683","Liberty Island",8,2020,1.5,108.5,0.103857142857143,0.06,NA,1.4,186.5,22.95,NA,4.25,NA,NA,0.0876523350525974,0.133142857142857,NA
"684","Liberty Island",8,2021,1.25,123.25,0.0171428571428571,0.04,NA,2.6,203.5,20.775,NA,7.725,NA,NA,0.0958150433806459,0.0855,NA
"685","Liberty Island",8,2022,1.5,138.25,0.015,0.035,NA,NA,137.5,23.525,NA,4.075,NA,NA,0.0641716256781985,0.047,NA
"686","Liberty Island",9,2012,1,103,0.172,0.13,NA,NA,203,20.6,NA,8.9,NA,NA,0.0955745888896929,0.057,NA
"687","Liberty Island",9,2015,2,135,0.199,0.08,NA,NA,252,23.4,NA,6.5,NA,NA,0.11916859151355,0.1355,NA
"688","Liberty Island",9,2016,2,139,0.0958,0.036,NA,4.64,180,18.8,NA,5.2,NA,NA,0.0845340757562894,0.1052,NA
"689","Liberty Island",9,2017,1,114,0.099,0.085,NA,2.425,150,21.9,NA,6.6,NA,NA,0.0701571733949793,0.094,NA
"690","Liberty Island",9,2018,1,108,0.0819,0.031,NA,2.14444444444444,204,21.1,NA,4.1,NA,NA,0.0960550581466691,0.1469,NA
"691","Liberty Island",9,2019,1,134,0.139,0.09,7.4,1.025,173,21.3,8,4,NA,NA,0.0811890292962241,0.065,NA
"692","Liberty Island",9,2021,1,174.5,0.0233333333333333,0.0383333333333333,NA,2.3,223,22.9,NA,3.4,NA,NA,0.1051918629399,0.101833333333333,NA
"693","Liberty Island",10,2015,2,185,0.23,0.095,NA,NA,214,21.5,NA,4.7,NA,NA,0.100861987560788,0.1255,NA
"694","Liberty Island",10,2016,1,67,0.1468,0.064,NA,2.12,158,17.3,NA,22.7,NA,NA,0.0739890394320595,0.0986,NA
"695","Liberty Island",10,2017,1,92,0.116,0.08,NA,2.64,133,17.4,NA,9.3,NA,NA,0.0620170394211866,0.0996,NA
"696","Liberty Island",10,2018,1,111,0.198285714285714,0.1,8.175,1.1375,248.777777777778,17.6777777777778,9.3875,7.1,NA,NA,0.117740432372681,0.124307692307692,NA
"697","Liberty Island",10,2019,1,132,0.1595,0.1,8,1.45,169,16.9,NA,4.3,NA,NA,0.0792651496690431,0.078,NA
"698","Liberty Island",10,2021,1,94,0.046,0.04,NA,3.375,168,15.7,NA,9.1,NA,NA,0.078780801039003,0.084,NA
"699","Liberty Island",11,2012,1,90,0.36,0.25,NA,NA,181,14,NA,10.7,NA,NA,0.0850137180561286,0.08,NA
"700","Liberty Island",11,2014,2,166,0.3215,0.14,NA,NA,195,16.6,NA,3.9,NA,NA,0.0917322350221805,0.086,NA
"701","Liberty Island",11,2015,2,185,0.213333333333333,0.11,NA,NA,200,14.1,NA,4.2,NA,NA,0.0941334174784499,0.113333333333333,NA
"702","Liberty Island",11,2016,1,170,0.171428571428571,0.0671428571428571,NA,1.95,324,16.8,NA,3.5,NA,NA,0.15404802390491,0.106714285714286,NA
"703","Liberty Island",11,2017,1,180,0.2,0.09,NA,1.36666666666667,150,15,NA,4.5,NA,NA,0.0701571733949793,0.065,NA
"704","Liberty Island",11,2018,1,166,0.266666666666667,0.136666666666667,NA,1,163,16.5,NA,3.4,NA,NA,0.0763845776577332,0.0966666666666667,NA
"705","Liberty Island",11,2021,1,89.5,0.505,0.09,NA,1,204,15.6,NA,9.45,NA,NA,0.0960552375413485,0.1235,NA
"706","Liberty Island",12,2012,1,22,0.389,0.07,NA,NA,206,11.5,NA,66.7,NA,NA,0.0970161165452006,0.165,NA
"707","Liberty Island",12,2014,1,11,0.6165,0.125,NA,NA,189,12,NA,212,NA,NA,0.0888520368837082,0.1595,NA
"708","Liberty Island",12,2015,1,115,0.36,0.135,NA,3.5,215,10.5,NA,14,NA,NA,0.101342909780902,0.075,NA
"709","Liberty Island",12,2016,1,100,0.25,0.07,NA,2.6,198,10.3,NA,13,NA,NA,0.093172830551995,0.13,NA
"710","Liberty Island",12,2017,1,143,0.235,0.09,NA,2.55,170,9.9,NA,7.1,NA,NA,0.0797393045187811,0.055,NA
"711","Liberty Island",12,2019,1,70,0.45,0.16,7.5,1.15,191,11.4,8.3,11.8,NA,NA,0.0898149715254482,0.08,NA
"712","Liberty Island",12,2021,1,110,0.45,0.04,NA,1.1,209,11.85,NA,10.05,NA,NA,0.0984580285371119,0.072,NA
"713","Lower Cache Slough",6,2013,1,56.8333333333333,0.3642,0.132,NA,NA,175.333333333333,21,NA,18.175,NA,NA,0.0823007189160897,0.082,NA
"714","Lower Cache Slough",6,2014,1,68.3333333333333,0.421333333333333,0.176666666666667,NA,NA,242.666666666667,21.7666666666667,NA,13.875,NA,NA,0.114725835079594,0.0903333333333333,NA
"715","Lower Cache Slough",6,2015,1,74.1666666666667,0.43,0.226666666666667,NA,NA,245.5,21.6166666666667,NA,12.55,NA,NA,0.116220476784894,0.103666666666667,NA
"716","Lower Cache Slough",6,2016,1.25,66.3333333333333,0.219333333333333,0.176666666666667,NA,5.5,149.166666666667,21.2833333333333,NA,12.025,NA,NA,0.0697585130552164,0.064,NA
"717","Lower Cache Slough",6,2017,1,83.3333333333333,0.122,0.08,7.8,1.6,204.571428571429,20.9142857142857,8.1,12.225,NA,NA,0.0965617153690433,0.077,NA
"718","Lower Cache Slough",6,2019,1,86.3333333333333,0.108,0.11,NA,1.8,160.666666666667,20.2666666666667,NA,14.275,NA,NA,0.0752802081094287,0.043,NA
"719","Lower Cache Slough",6,2020,3.5,124.25,0.201,0.1,NA,1.13333333333333,154.25,22.05,NA,7.1,NA,NA,0.0721936271714422,0.0876666666666667,NA
"720","Lower Cache Slough",6,2021,1.25,67.1428571428571,0.11,0.03,NA,1.7,228.857142857143,21.8,NA,11.85,NA,NA,0.108103943763879,0.07,NA
"721","Lower Cache Slough",6,2022,1,95.7142857142857,0.125,0.03,NA,1.6,155,22.3285714285714,NA,6.875,NA,NA,0.0725523179077287,0.0495,NA
"722","Lower Cache Slough",7,2015,2.33333333333333,79.4285714285714,0.353,0.08,NA,NA,229.571428571429,23.1714285714286,NA,12.6666666666667,NA,NA,0.108397033434249,0.088,NA
"723","Lower Cache Slough",7,2016,1.75,91.8,0.156666666666667,0.126666666666667,NA,3.3,124.2,21.8,NA,11.725,NA,NA,0.0578035641189829,0.0543333333333333,NA
"724","Lower Cache Slough",7,2017,1,96.5,0.148,0.13,7.65,2.2,139.833333333333,23.0833333333333,7.9,13.325,NA,NA,0.0652892519271486,0.069,NA
"725","Lower Cache Slough",7,2018,1,118.8,0.136,0.135,7.56,1.75,140.1,22.66,7.72,8.675,NA,NA,0.0654167876020364,0.074,NA
"726","Lower Cache Slough",7,2020,2.33333333333333,121.142857142857,0.17,0.11,7.7,0.9,155.875,22.15,8,5.93333333333333,NA,NA,0.072973959315717,0.062,NA
"727","Lower Cache Slough",7,2021,2.25,75.8,0.085,0.03,NA,1.9,239,22.54,NA,13.125,NA,NA,0.112915463453838,0.0615,NA
"728","Lower Cache Slough",8,2014,1.5,97.5,0.318,0.1,NA,NA,180.5,22.05,NA,8.3,NA,NA,0.0847743708077683,0.085,NA
"729","Lower Cache Slough",8,2015,2,92,0.329,0.14,NA,NA,205.5,22.2,NA,8.7,NA,NA,0.0967776528780817,0.084,NA
"730","Lower Cache Slough",8,2016,2,135.25,0.073,0.13,NA,2.9,142.75,21.025,NA,6.15,NA,NA,0.0666854172480643,0.0665,NA
"731","Lower Cache Slough",8,2017,1,113.75,0.133,0.11,8,2.2,156.666666666667,21.8333333333333,8.05,7.475,NA,NA,0.0733609140508529,0.068,NA
"732","Lower Cache Slough",8,2018,1.25,171.5,0.124,0.07,7.76666666666667,1.5,164.714285714286,21.2285714285714,8.36666666666667,5.26666666666667,NA,NA,0.0772072777222776,0.07,NA
"733","Lower Cache Slough",8,2019,1,109.5,0.171,0.13,NA,1.6,157.5,22.175,NA,5.4,NA,NA,0.0738052688029764,0.074,NA
"734","Lower Cache Slough",8,2020,1.5,118,0.181,0.13,NA,0.5,190.5,22.875,NA,5,NA,NA,0.0895748588769311,0.075,NA
"735","Lower Cache Slough",8,2021,1.5,109,0.065,0.04,NA,1.8,207.75,21.575,NA,7.7,NA,NA,0.0978574861271933,0.059,NA
"736","Lower Cache Slough",8,2022,1.5,141.25,0.07,0.04,NA,NA,138,23.85,NA,4.425,NA,NA,0.0644110324841119,0.04,NA
"737","Lower Cache Slough",9,2015,2,117.333333333333,0.235,0.09,NA,NA,267.333333333333,21.8666666666667,NA,6.46666666666667,NA,NA,0.126596781547345,0.109,NA
"738","Lower Cache Slough",9,2016,1.66666666666667,123.666666666667,0.153,0.13,NA,1.3,177.333333333333,19.3333333333333,NA,4.93333333333333,NA,NA,0.0832552054679173,0.069,NA
"739","Lower Cache Slough",9,2017,1,127,0.117,0.14,7.45,2,149.4,21.3,8.2,6.33333333333333,NA,NA,0.0698711728436158,0.064,NA
"740","Lower Cache Slough",9,2018,1.33333333333333,165.666666666667,0.15,0.09,7.95,1.75,189.2,20.76,8.2,4.26666666666667,NA,NA,0.0889492771747665,0.082,NA
"741","Lower Cache Slough",9,2019,1,86,0.102,0.12,NA,1.4,213.666666666667,21.4333333333333,NA,5.86666666666667,NA,NA,0.100708543322119,0.084,NA
"742","Lower Cache Slough",9,2021,1,136,0.1,0.02,NA,1.2,225.666666666667,22.7333333333333,NA,4.36666666666667,NA,NA,0.106476949654031,0.058,NA
"743","Lower Cache Slough",10,2015,2,180,0.385,0.12,NA,NA,209.666666666667,20.7333333333333,NA,4.96666666666667,NA,NA,0.0987785382248153,0.1,NA
"744","Lower Cache Slough",10,2016,1,123,0.219,0.19,NA,1.1,146,17.1666666666667,NA,4.93333333333333,NA,NA,0.0682416369118501,0.07,NA
"745","Lower Cache Slough",10,2017,1,120.666666666667,0.186333333333333,0.22,7.05,1.75,136,16.8,8.5,8,NA,NA,0.0634547161756209,0.0576666666666667,NA
"746","Lower Cache Slough",10,2018,1,126.666666666667,0.253333333333333,0.176666666666667,7.85714285714286,0.8,158.5,17.98,8.71428571428571,6.8,NA,NA,0.0742289141474692,0.0834285714285714,NA
"747","Lower Cache Slough",10,2019,1,102.333333333333,0.122,0.04,7.9,1.49,166.75,17.125,NA,8.16666666666667,NA,NA,0.0781844636197403,0.055,NA
"748","Lower Cache Slough",10,2020,1,150,0.186,0.075,NA,2.35,163.333333333333,19.5,NA,3.96666666666667,NA,NA,0.0765448078492877,0.093,NA
"749","Lower Cache Slough",10,2021,1,115.333333333333,0.08,0.03,NA,1.3,165.333333333333,16.1666666666667,NA,8.23333333333333,NA,NA,0.0775028883806044,0.059,NA
"750","Lower Cache Slough",11,2014,1.66666666666667,165,0.521,0.24,NA,NA,203.666666666667,15.6333333333333,NA,5.13333333333333,NA,NA,0.0958957589128004,0.095,NA
"751","Lower Cache Slough",11,2015,1.66666666666667,216.666666666667,0.58,0.25,NA,NA,202.666666666667,13.6666666666667,NA,3.75,NA,NA,0.095414708559272,0.1,NA
"752","Lower Cache Slough",11,2016,1,159,0.435,0.235,NA,1.4,267,16.7,NA,3.7,NA,NA,0.126429575905039,0.085,NA
"753","Lower Cache Slough",11,2017,1,182.333333333333,0.34,0.2,6.5,0.9,145,15.225,8.7,5.63333333333333,NA,NA,0.0677636713772228,0.07,NA
"754","Lower Cache Slough",11,2020,1,149.666666666667,0.22,0.12,NA,1.5,161.333333333333,13.5,NA,4.33333333333333,NA,NA,0.0755860444739388,0.08,NA
"755","Lower Cache Slough",12,2014,1,14.6666666666667,0.745,0.13,NA,NA,181,11.5666666666667,NA,215.666666666667,NA,NA,0.0850181677028753,0.103,NA
"756","Lower Cache Slough",12,2015,1.33333333333333,145.333333333333,0.51,0.45,NA,1.9,247,10.3333333333333,NA,12.6333333333333,NA,NA,0.116769427594444,0.1,NA
"757","Lower Cache Slough",12,2016,1,94.3333333333333,0.33,0.23,NA,1,223.333333333333,10,NA,11.5666666666667,NA,NA,0.105381462901057,0.08,NA
"758","Lower Cache Slough",12,2017,1,140,0.26,0.28,NA,1.3,170.666666666667,10.0333333333333,NA,6.76666666666667,NA,NA,0.0800589980994592,0.06,NA
"759","Lower Cache Slough",12,2019,1,82.3333333333333,0.52,0.19,NA,1,185.666666666667,10.8666666666667,NA,12.9,NA,NA,0.0872611726840014,0.07,NA
"760","Lower Cache Slough",12,2020,1,128,0.29,0.11,NA,0.8,183,10.2666666666667,NA,5.13333333333333,NA,NA,0.0859732302996971,0.07,NA
"761","Lower Cache Slough",12,2021,1,80.6666666666667,0.45,0.04,NA,1.5,202.333333333333,11.4333333333333,NA,18.8666666666667,NA,NA,0.0952561411852236,0.072,NA
"762","Lower Mokelumne River",2,2022,1,175,0.16,0.04,7.68,1.2,189.3,11.77,NA,NA,NA,NA,0.0889960162052879,0.029,NA
"763","Lower Mokelumne River",3,2020,1,200,0.301,0.1,7.52,1.7,216.85,13.188,9.42,NA,NA,NA,0.102260539886493,0.051,NA
"764","Lower Mokelumne River",3,2021,1,137.5,0.44,0.13,7.82333333333333,1.45555555555556,212.05,14.612,9.91444444444445,NA,NA,NA,0.0999302289372596,0.08,NA
"765","Lower Mokelumne River",3,2022,1,175,0.18,0.03,7.85,1.7,194.15,15.545,NA,NA,NA,NA,0.091341753192176,0.025,NA
"766","Lower Mokelumne River",4,2021,1,213.333333333333,0.2805,0.04,NA,22.1,228.8,17.3,NA,NA,NA,NA,0.108011663246705,0.0615,NA
"767","Lower Mokelumne River",4,2022,1,193.333333333333,0.16,0.04,7.57,NA,176.266666666667,16.52,8.78,NA,NA,NA,0.082749969956116,0.066,NA
"768","Lower Mokelumne River",5,2018,1,175,0.175,0.17,7.615,1.5,140.466666666667,19.2916666666667,8.66666666666667,NA,NA,NA,0.0655922506731648,0.0996666666666667,NA
"769","Lower Mokelumne River",5,2020,1,189.5,0.36,0.05,7.81,1.75,148.25,20.65025,8.485,NA,NA,NA,0.0693191564282555,0.064,NA
"770","Lower Mokelumne River",5,2021,1,150,0.1,0.035,7.85,10.2,188,20.04,NA,NA,NA,NA,0.0883721285150298,0.0595,NA
"771","Lower Mokelumne River",6,2020,1.66666666666667,155.75,0.36,0.04,7.39,1.2,165.08,22.9596,8.57,4.4,NA,NA,0.0773821612234627,0.062,NA
"772","Lower Mokelumne River",6,2021,2.33333333333333,177.5,0.15,0.03,7.88,1.4,189.383333333333,23.2183333333333,NA,4.2,NA,NA,0.0890427869326993,0.051,NA
"773","Lower Mokelumne River",6,2022,1.66666666666667,162.333333333333,0.15,0.03,7.77,2.2,202.283333333333,22.3316666666667,8.36,3.2,NA,NA,0.0952844591004926,0.057,NA
"774","Lower Mokelumne River",7,2018,1.25,107,0.135,0.12,7.53,6.7,142.871428571429,24.0167142857143,9.05,5.7,NA,NA,0.0667443691164461,0.054,NA
"775","Lower Mokelumne River",7,2020,2,245.25,0.2455,0.06,7.78777777777778,3.14444444444444,153.216666666667,24.0041666666667,8.23777777777778,3.5,NA,NA,0.0716986016595591,0.0445,NA
"776","Lower Mokelumne River",7,2021,2,195,0.14,0.03,7.7,1.5,173.233333333333,24.5066666666667,NA,3,NA,NA,0.0812953250445499,0.046,NA
"777","Lower Mokelumne River",8,2019,1.33333333333333,189,0.1545,0.07,7.4225,1.9125,120.933333333333,23.4923333333333,8.33333333333333,15.15,NA,NA,0.056239013342039,0.0465,NA
"778","Lower Mokelumne River",8,2020,1,177,0.229,0.07,NA,1.4,190,22.9,NA,3.3,NA,NA,0.0893345220616446,0.0675,NA
"779","Lower Mokelumne River",8,2022,1,305.666666666667,0.06,0.04,7.72,NA,136.233333333333,23.3566666666667,8.46,2.5,NA,NA,0.0635652021590381,0.03,NA
"780","Lower Mokelumne River",9,2019,1.2,198,0.169,0.1,7.53,1.12,131.55,20.269,8.785,3.175,NA,NA,0.0613189049429838,0.046,NA
"781","Lower Mokelumne River",9,2020,1,193.4,0.254,0.08,7.68,1.1,199.766666666667,21.085,7.88,5.7,NA,NA,0.0940243845963361,0.065,NA
"782","Lower Mokelumne River",9,2021,1.25,257.75,0.07,0.04,7.94,1.5,212.9,22.3725,NA,6.86666666666667,NA,NA,0.100334373530875,0.054,NA
"783","Lower Mokelumne River",10,2018,1,333.5,0.2905,0.195,7.55666666666667,1.15,132.857142857143,17.4098571428571,9,2.125,NA,NA,0.0619481940352086,0.069,NA
"784","Lower Mokelumne River",10,2019,1,240,0.148,0.02,7.59,1.4,107.633333333333,16.8308333333333,9.18,2.825,NA,NA,0.0498676842492145,0.034,NA
"785","Lower Mokelumne River",10,2020,1,311,0.2685,0.04,7.60428571428571,1.03333333333333,147.341666666667,19.4333333333333,8.35625,2.125,NA,NA,0.0688845475843911,0.0655,NA
"786","Lower Mokelumne River",10,2021,1,278.4,0.09,0.03,7.92,2.3,154.46,15.872,NA,7.825,NA,NA,0.0722969259636588,0.049,NA
"787","Lower Mokelumne River",11,2019,1,408.75,0.43,0.09,7.5,0.7,137.8,14.3,8.7,3.35,NA,NA,0.0643155659060135,0.06,NA
"788","Lower Mokelumne River",11,2020,1,287.4,0.34,0.05,7.7,0.65,174.683333333333,12.8166666666667,9.9,2.1,NA,NA,0.0819869265687715,0.07,NA
"789","Lower Mokelumne River",12,2019,1,118.5,0.65,0.1,7.38,0.4,176.166666666667,10.9321666666667,8.105,8.825,NA,NA,0.0826985130742637,0.07,NA
"790","Lower Mokelumne River",12,2021,1,194.75,0.43,0.03,NA,1,249.75,11.15,NA,5.625,NA,NA,0.118236846064594,0.063,NA
"791","Lower Sacramento River",1,2016,1,60,0.62703344,0.215024985,7.8,1.925,13098,9.785,9.925,NA,0.6,NA,3.90419146842831,0.07469088,0.11
"792","Lower Sacramento River",1,2017,1,32,0.26,0.11,7.45,1.92,160,8.97,11.02,NA,0.4,NA,0.074947191013999,0.05,0.08
"793","Lower Sacramento River",1,2018,1,77.3333333333333,0.4202476,0.2192358525,7.47666666666667,1.43,4639.66666666667,9.785,10.07,NA,0.466666666666667,NA,1.95153804460638,0.06672596,0.0666666666666667
"794","Lower Sacramento River",1,2019,1,62,3.3,0.2665,7.605,1.135,1906.5,8.875,10.06,NA,0.6,NA,0.967684631257251,0.0785,0.1075
"795","Lower Sacramento River",1,2020,1,48,0.479269605,0.14199974,7.75666666666667,1.395,3901,9.315,10.5025,NA,0.366666666666667,NA,1.67514007207094,0.063933915,0.0625
"796","Lower Sacramento River",1,2022,1,40,0.6045,0.0545,7.39,1.24666666666667,325,9.425,10.1,NA,0.74,NA,0.122267153926267,0.071,0.098
"797","Lower Sacramento River",2,2016,1,34,0.38098295,0.13451724,7.6,1.595,205,10.675,9.7,NA,0.6,NA,0.0982677836363622,0.04117303,0.09
"798","Lower Sacramento River",2,2017,1,20,0.3,0.05,7.25,7.21,182,11.84,10.57,NA,0.4,NA,0.0854933921826207,0.08,0.13
"799","Lower Sacramento River",2,2018,1,64,0.480003303333333,0.145682826666667,7.41,2.19666666666667,1167.5,11.8433333333333,9.77333333333333,NA,0.45,NA,0.421188529226262,0.06855496,0.085
"800","Lower Sacramento River",2,2019,1,48,0.35852923,0.075002495,7.41,1.75,199,8.99,9.91,NA,0.5,NA,0.0818265524076506,0.07110679,0.08
"801","Lower Sacramento River",2,2020,1,40,0.435997966666667,0.144010326666667,7.825,2.31666666666667,1898.5,11.1966666666667,10.44,NA,0.31,NA,0.679781067017701,0.0581331,0.1075
"802","Lower Sacramento River",2,2022,1,45.3333333333333,0.42725,0.0645,7.65333333333333,1.418,2861,10.49,10.415,NA,0.311666666666667,NA,1.15385017609782,0.062,0.0726666666666667
"803","Lower Sacramento River",3,2016,1,47.8888888888889,0.3987393525,0.130486485,7.73333333333333,3.7225,922.111111111111,14.116,9.15,NA,0.5,NA,0.432983812559654,0.05221265,0.09
"804","Lower Sacramento River",3,2017,1,33.2857142857143,0.225035,0.050002495,7.41,3.15,165.285714285714,13,10.155,NA,0.3,NA,0.0790509821501869,0.04342953,0.07
"805","Lower Sacramento River",3,2018,1,58.3333333333333,0.562987715,0.1604939875,7.75333333333333,5.6825,840.333333333333,12.278,10.065,NA,0.433333333333333,NA,0.453731411592543,0.06891622,0.0766666666666667
"806","Lower Sacramento River",3,2019,1,35.4285714285714,0.22898697,0.05003001,7.6,6.6,193.142857142857,12.0475,9.57,NA,0.2,NA,0.0920084456220401,0.05670842,0.08
"807","Lower Sacramento River",3,2020,1,64,0.443333333333333,0.18,7.82,4.28666666666667,1715.83333333333,13.9333333333333,10.2533333333333,NA,0.286666666666667,NA,0.875681136082462,0.0763333333333333,0.103333333333333
"808","Lower Sacramento River",3,2021,1,59,0.5795,0.1235,7.835,6.385,2914.6,12.508,10.045,NA,0.428,NA,1.57799639378704,0.091,0.108
"809","Lower Sacramento River",3,2022,1,51.6,0.269666666666667,0.0466666666666667,8.15,4.0025,1250.4,14.8716666666667,10.8466666666667,NA,0.3065,NA,0.53763506684918,0.0476666666666667,0.062
"810","Lower Sacramento River",4,2016,1,55.1428571428571,0.229994975,0.13401199,7.88,9.47,207.428571428571,17.30625,9.235,NA,0.4,NA,0.0954990773852264,0.05214641,0.1
"811","Lower Sacramento River",4,2017,1,46.7142857142857,0.160032505,0.04446973,7.45,4.61,155.714285714286,14.1875,10.01,NA,0.2,NA,0.0725360411260924,0.03455778,0.04
"812","Lower Sacramento River",4,2018,1,74.8571428571429,0.21600298,0.11999248,7.6,1.895,147.714285714286,14.98375,9.165,NA,0.3,NA,0.069182372643158,0.05725712,0.06
"813","Lower Sacramento River",4,2019,1,68.8,0.143536005,0.062986485,7.45,3.435,172.142857142857,15.30125,9.66,NA,0.3,NA,0.0794242459886757,0.04095161,0.06
"814","Lower Sacramento River",4,2021,1,57,0.444666666666667,0.118666666666667,7.88,7.75666666666667,2566,15.2788888888889,9.64,NA,0.435,NA,1.35445767828167,0.0896666666666667,0.102333333333333
"815","Lower Sacramento River",4,2022,1,46.2222222222222,0.2508,0.0606,7.77,5.81833333333333,2413.88888888889,16.474,9.065,NA,0.314666666666667,NA,1.15903700817195,0.0722,0.0976666666666667
"816","Lower Sacramento River",5,2016,1,31,0.156017996666667,0.0170035,8.2,59.47,907.625,18.6633333333333,9.5,NA,0.6,NA,0.408081825550942,0.0390562666666667,0.155
"817","Lower Sacramento River",5,2017,1,62.1428571428571,0.12,0.06,7.65,2.54,151.714285714286,17.2871428571429,9.54,NA,0.1,NA,0.0709998982095588,0.05,0.06
"818","Lower Sacramento River",5,2018,1,54.7142857142857,0.319031985,0.129477215,7.86,3.4,340.857142857143,18.16875,9.16,NA,0.4,NA,0.15384620646503,0.06190322,0.08
"819","Lower Sacramento River",5,2019,1,80.5,0.11451925,0.06997498,7.42,2.84,131.285714285714,16.375,9.165,NA,0.217,NA,0.0622965756799671,0.0528766,0.06
"820","Lower Sacramento River",5,2021,1,41.25,0.36875,0.06975,7.91,1.67,4760.25,18.175,8.705,NA,0.354,NA,2.56961424373107,0.08075,0.1075
"821","Lower Sacramento River",5,2022,1,39,0.23825,0.05125,7.895,2.628,3998.77777777778,17.988,9.04333333333333,NA,0.2915,NA,2.02462712092099,0.069,0.0915
"822","Lower Sacramento River",6,2008,1,37,0.635410125,0.054162075,NA,3.42333333333333,962.75,20.1238461538462,8.6,34,0.2,NA,0.506542424284393,0.07809802,0.12
"823","Lower Sacramento River",6,2009,1,37.8333333333333,0.336838375,0.038936965,7.77,5.2,460.25,20.2569230769231,8.5,8,0.3,NA,0.228739276779564,0.05059771,0.1
"824","Lower Sacramento River",6,2010,1,52.2727272727273,0.16838417,0.077973975,7.56,2.71,151,19.8583333333333,8.7,14.96,0.3,NA,0.069761605864271,0.03792076,0.07
"825","Lower Sacramento River",6,2011,1,79.2727272727273,0.132681325,0.047858925,7.26,2.43,116,18.2108333333333,8.85,12.14,0.3,NA,0.0552181535902338,0.02816395,0.05
"826","Lower Sacramento River",6,2012,1.25,51.5,0.374550576666667,0.0726263066666667,7.855,3.17333333333333,973.25,20.7730769230769,7.92,21.625,0.35,NA,0.48053878833655,0.0564605866666667,0.095
"827","Lower Sacramento River",6,2013,1,32.6666666666667,0.525,0.025,7.95,2.305,1030.25,20.0916666666667,8.325,31.425,0.4,NA,0.516636853766177,0.07,0.115
"828","Lower Sacramento River",6,2014,1.16666666666667,45.6923076923077,0.65966975,0.05431715,7.9,2.375,4654.92307692308,21.38,8.15,24.7833333333333,0.5,NA,2.70531284438081,0.1042045,0.14
"829","Lower Sacramento River",6,2015,1,53.3846153846154,0.58,0.06,7.83,3.39,5230.92307692308,21.2576923076923,7.9,20.8,0.5,NA,2.85823324105516,0.1,0.14
"830","Lower Sacramento River",6,2016,1,30.9166666666667,0.266654976666667,0.0470035,7.865,9.72333333333333,1264.33333333333,21.0646153846154,8.51333333333333,29.475,0.4,NA,0.654562124254535,0.0569324533333333,0.125
"831","Lower Sacramento River",6,2017,1,77,1.936998475,0.062005995,7.46,2.7,473.545454545455,20.3325,8.615,17.65,0.2,NA,0.22881806855176,0.04245615,0.05
"832","Lower Sacramento River",6,2018,1,59.3636363636364,0.359469695,0.072021,7.63,3.005,1032.63636363636,20.5633333333333,8.465,27.4,0.4,NA,0.492973115334923,0.07531036,0.1
"833","Lower Sacramento River",6,2019,1,80.0909090909091,0.121012995,0.079977475,7.54,1.5,124.909090909091,19.8458333333333,8.53,12.175,0.2,NA,0.0582974614857202,0.05179251,0.05
"834","Lower Sacramento River",6,2020,1.5,54.7,0.365,0.05,7.985,1.83,1127.4,21.369,8.415,20.7,0.6,NA,0.572443483273272,0.0895,0.1065
"835","Lower Sacramento River",6,2021,1,51.0833333333333,0.2532,0.041,7.95,2.42666666666667,4984.83333333333,20.7083333333333,8.495,24.375,0.257,NA,2.695377679376,0.0902,0.0975
"836","Lower Sacramento River",6,2022,1.4,65.9166666666667,0.21075,0.04,7.85,2.7,4279.16666666667,21.755,8.2,18.2,0.216,NA,2.29438749596102,0.066,0.085
"837","Lower Sacramento River",7,2008,1,38,0.55169328,0.033936965,NA,2.2325,1967.66666666667,21.9253846153846,7.6,30.6666666666667,0.4,NA,1.12802183507779,0.0756201,0.09
"838","Lower Sacramento River",7,2009,1,41.875,0.27358426,0.058084035,7.77,2.83333333333333,1867.125,20.9377777777778,8,15.5,0.3,NA,0.957111707529766,0.05059771,0.1
"839","Lower Sacramento River",7,2010,1,49,0.248420856666667,0.03900283,7.9,4.54666666666667,646,20.89,7.95,19.3166666666667,0.3,NA,0.310813115091608,0.0544250933333333,0.085
"840","Lower Sacramento River",7,2011,1,72,0.17869432,0.04311155,7.27,3.39,127.375,21.5788888888889,7.8,16.034,0.3,NA,0.0593987020127383,0.05236783,0.05
"841","Lower Sacramento River",7,2012,2,60.3333333333333,0.277141883333333,0.03755544,7.8,5.04666666666667,740.333333333333,22.111,7.9,13.95,0.35,NA,0.356593410156364,0.0531566933333333,0.07
"842","Lower Sacramento River",7,2013,1.5,58.125,0.29380021,0.0372936433333333,7.9,2.79,897.875,23.1944444444444,8.35,13.5,0.35,NA,0.460463830074595,0.0625077733333333,0.095
"843","Lower Sacramento River",7,2014,2,56.3333333333333,0.419473033333333,0.0274053666666667,7.9,1.35666666666667,3506,22.667,7.85,23.125,0.45,NA,1.87518346478888,0.0897056,0.13
"844","Lower Sacramento River",7,2015,2.5,50.5,0.445832865,0.039259625,7.8,2.82,5641.75,22.5375,7.85,18.6,0.5,NA,3.11608256311208,0.10219119,0.15
"845","Lower Sacramento River",7,2016,1.83333333333333,49.5555555555556,0.21,0.05,7.815,3.9,1052,22.4666666666667,8.44,41.575,0.4,NA,0.538386226139462,0.04,0.085
"846","Lower Sacramento River",7,2017,1,44.375,0.14649572,0.04249624,7.79,15.615,1405.625,22.0977777777778,8.255,29.9,0.4,NA,0.652456171734044,0.04946946,0.08
"847","Lower Sacramento River",7,2018,1.33333333333333,46.625,0.344650633333333,0.0516725,7.725,2.94666666666667,1145.375,21.61,8.33666666666667,17.275,0.3,NA,0.597149530425231,0.0804134,0.105
"848","Lower Sacramento River",7,2019,1,56.375,0.16500674,0.07150324,7.62,3.145,374.25,21.4522222222222,8.36,21.375,0.218,NA,0.167992053419236,0.07560256,0.07
"849","Lower Sacramento River",7,2020,1.88888888888889,73.5833333333333,0.249666666666667,0.05,7.8,2.24333333333333,1465.08333333333,22.1233333333333,8.28,12.34,0.303666666666667,NA,0.754600756151271,0.075,0.0833333333333333
"850","Lower Sacramento River",7,2021,3,68,0.1294,0.036,7.905,2.2275,3237.54545454545,21.6872727272727,8.37,13.475,0.234,NA,1.74190503664172,0.0806,0.091
"851","Lower Sacramento River",7,2022,1.5,43.6666666666667,0.08925,0.0425,7.89,2.27333333333333,3969.66666666667,22.25,8.08,18.975,0.2365,NA,2.12360834476512,0.06375,0.092
"852","Lower Sacramento River",8,2007,1.75,51.6666666666667,0.28,0.07,NA,2.03,1584.16666666667,21.5666666666667,8.35,14.7,0.3,NA,0.815111914817733,0.06,0.09
"853","Lower Sacramento River",8,2008,2,59.25,0.3534917,0.0346098,NA,1.91666666666667,4457,21.53,8.15,9.5,0.4,NA,2.37076436001769,0.05617303,0.1
"854","Lower Sacramento River",8,2009,2,56.5714285714286,0.19667831,0.05604051,7.9,1.98,2406.85714285714,20.97125,8.03333333333333,17,0.2,NA,1.1297799093523,0.03962433,0.06
"855","Lower Sacramento River",8,2010,1.5,48.8333333333333,0.225702833333333,0.0258462533333333,8.1,3.51666666666667,790.666666666667,20.5471428571429,8.7,15.1,0.2,NA,0.407669902263566,0.04672596,0.065
"856","Lower Sacramento River",8,2011,1,62.4,0.230712825,0.02050525,7.67,6.28,274.8,22.1816666666667,8.25,15.28,0.3,NA,0.124408273699453,0.0494253,0.07
"857","Lower Sacramento River",8,2012,1.75,56.5,0.167306973333333,0.0569684766666667,7.87,5.47333333333333,537.333333333333,21.4171428571429,8.175,15.825,0.25,NA,0.237360763763442,0.0463129733333333,0.08
"858","Lower Sacramento River",8,2013,1.5,58.1666666666667,0.216263113333333,0.0559412966666667,8,2.73666666666667,2177.16666666667,21.5057142857143,8.225,16.475,0.8,NA,1.00875871555335,0.0769030133333333,0.07
"859","Lower Sacramento River",8,2014,2,56,0.380480195,0.019007,8,2.3,3727.33333333333,22.33,7.95,17.6,0.4,NA,2.0659724009098,0.10807625,0.14
"860","Lower Sacramento River",8,2015,1.25,53.75,0.358154046666667,0.01891779,7.925,2.27666666666667,5490.25,21.836,8.77333333333333,18.9,0.75,NA,2.80773449495732,0.0964755133333333,0.1
"861","Lower Sacramento River",8,2016,1.83333333333333,57.8333333333333,0.14866766,0.02144739,7.82,13.1266666666667,973.333333333333,21.6085714285714,8.75333333333333,27.1,0.4,NA,0.46378509005904,0.05050172,0.095
"862","Lower Sacramento River",8,2017,1.16666666666667,50.8333333333333,0.235664483333333,0.0650074966666667,7.73,3.50666666666667,1512.33333333333,21.4242857142857,8.28666666666667,23.475,0.3,NA,0.673502133287582,0.0642186,0.07
"863","Lower Sacramento River",8,2018,1.5,97.6666666666667,0.244674486666667,0.0903461666666667,7.7,2.78666666666667,1121.5,21.6328571428571,8.35,10.625,0.2,NA,0.516113047279774,0.07261102,0.09
"864","Lower Sacramento River",8,2019,1.33333333333333,56.5,0.213021993333333,0.0598532533333333,7.745,4.55666666666667,1223.66666666667,22.4557142857143,8.04333333333333,17.2,0.1975,NA,0.54047597642877,0.0654517133333333,0.0665
"865","Lower Sacramento River",8,2020,2.16666666666667,72.8333333333333,0.1585,0.05,7.95,3.11,2295.33333333333,22.3433333333333,8.27,10.425,0.212,NA,1.22503246140413,0.073,0.085
"866","Lower Sacramento River",8,2021,1.66666666666667,50.6666666666667,0.0872,0.045,7.92,3.4,4318.66666666667,21.5283333333333,8.245,14.525,0.268,NA,2.34160912141034,0.0765,0.097
"867","Lower Sacramento River",8,2022,1.33333333333333,38.5,0.1115,0.0385,7.855,2.19333333333333,4541.16666666667,21.8933333333333,7.985,26.625,0.219,NA,2.44740543221422,0.066,0.1025
"868","Lower Sacramento River",9,2007,1,57.8571428571429,0.29941217,0.05129064,NA,2.0525,2696.42857142857,20.245,8.5,22.1333333333333,0.2,NA,1.49296241345768,0.05539868,0.09
"869","Lower Sacramento River",9,2008,2,62.6666666666667,0.372623765,0.055842915,NA,2.08,6441.16666666667,19.7314285714286,7.55,18.5,0.2,NA,3.43876269064125,0.07221296,0.08
"870","Lower Sacramento River",9,2009,1,64.5,0.25810902,0.053924455,7.935,1.59333333333333,3003,21.1142857142857,8.1,15.4833333333333,0.2,NA,1.66560197704697,0.06081913,0.08
"871","Lower Sacramento River",9,2010,1,69.4285714285714,0.2331640675,0.0417521225,8.00333333333333,2.86,2227,19.7375,8.56666666666667,12.8857142857143,0.333333333333333,NA,1.11598734195256,0.047467035,0.06
"872","Lower Sacramento River",9,2011,1,68.3333333333333,0.203041503333333,0.0366116366666667,7.95,5.74333333333333,392.333333333333,21.0828571428571,8.43333333333333,27.4333333333333,0.3,NA,0.178539769037965,0.0542924066666667,0.065
"873","Lower Sacramento River",9,2012,1.5,77.4285714285714,0.2695797725,0.0471998475,7.78,2.15,2304,19.95125,8.56666666666667,11.275,0.3,NA,1.3568965844163,0.057909565,0.09
"874","Lower Sacramento River",9,2013,1,42.2857142857143,0.3067508575,0.05486868,7.99,2.27,3823.71428571429,20.6225,8.53333333333333,22,0.166666666666667,NA,1.79963641887943,0.074768005,0.0766666666666667
"875","Lower Sacramento River",9,2014,2,54.6,0.375480195,0.03096798,7.9,3.22,5331.8,21.2183333333333,7.6,15.8,0.3,NA,2.86513224666486,0.10900547,0.11
"876","Lower Sacramento River",9,2015,1.8,60.6,0.42001996,0.011513255,7.8,1.3,5971.4,22.11,7.725,14.95,0.3,NA,3.80758635908846,0.096461,0.11
"877","Lower Sacramento River",9,2016,1,39.8333333333333,0.299009483333333,0.0709921566666667,7.82,2.01333333333333,3727,20.1885714285714,8.53666666666667,30.75,0.45,NA,1.78238127570961,0.0770800666666667,0.13
"878","Lower Sacramento River",9,2017,1.2,62.6,0.24052774,0.086028,7.57,2.65,500.2,21.7966666666667,8.13,18.225,0.3,NA,0.217389910060524,0.065974,0.08
"879","Lower Sacramento River",9,2018,1.42857142857143,64.7142857142857,0.2454938575,0.07250875,7.83666666666667,2.025,4523.57142857143,19.79625,8.42,15.375,0.3,NA,2.31464800100953,0.09128147,0.108333333333333
"880","Lower Sacramento River",9,2019,1.2,59.4,0.196032245,0.100007485,7.66,3.2,325.4,20.82,8.175,9.9,0.37,NA,0.143786514285528,0.06572173,0.076
"881","Lower Sacramento River",9,2020,1.5,72.6666666666667,0.227,0.06,7.975,2.115,2453.16666666667,20.7416666666667,8.16,12.625,0.3,NA,1.28945985773262,0.083,0.08
"882","Lower Sacramento River",9,2021,1.33333333333333,78.8333333333333,0.1242359825,0.0402388675,7.875,2.3075,7361.33333333333,21.0642857142857,8.26,12.675,0.1935,NA,4.17718350800338,0.07801362,0.071
"883","Lower Sacramento River",9,2022,1.5,59.8333333333333,0.1715,0.05,7.785,1.79,8315.83333333333,21.245,8.345,20.8,0.1715,NA,4.63095138500991,0.075,0.083
"884","Lower Sacramento River",10,2007,1,65,0.377063485,0.088254115,NA,1.09666666666667,3330.16666666667,17.5428571428571,9.15,18,0.4,NA,1.96034185745245,0.0578766,0.08
"885","Lower Sacramento River",10,2008,2.25,64.5,0.444687285,0.06403701,NA,1.48666666666667,5505.33333333333,17.4514285714286,8.3,16,0.4,NA,3.31286878664614,0.07840776,0.09
"886","Lower Sacramento River",10,2009,1,53.1666666666667,0.39321655,0.11105801,7.955,1.78333333333333,4141.33333333333,17.0728571428571,8.45,16.4333333333333,0.3,NA,1.99165368790621,0.06922627,0.08
"887","Lower Sacramento River",10,2010,1,74,0.29714521,0.0520193366666667,7.68,1.83666666666667,2742.16666666667,19.7057142857143,8.15,10.89,0.25,NA,1.69863011372473,0.0536729266666667,0.06
"888","Lower Sacramento River",10,2011,1.5,95.2,0.234494715,0.06263631,7.86,5.99,189.6,17.4366666666667,8.7,10.825,0.2,NA,0.0911029728379528,0.04710225,0.06
"889","Lower Sacramento River",10,2012,1,47,0.23015005,0.0168450866666667,8.04,9.10333333333333,1856.16666666667,18.5271428571429,8.9,27.175,0.3,NA,1.10813025607331,0.04762574,0.075
"890","Lower Sacramento River",10,2013,1.25,44,0.345652793333333,0.0609071166666667,7.82,1.77333333333333,6382.33333333333,17.5457142857143,8.5,24.4,0.25,NA,3.19801281631949,0.0734369933333333,0.085
"891","Lower Sacramento River",10,2014,1.5,82.2,0.412976435,0.030477735,7.9,2.72,9628.4,20.7233333333333,7.6,12.975,0.4,NA,5.28478198635353,0.1289837,0.12
"892","Lower Sacramento River",10,2015,1,62.2,0.498986935,0.036500745,7.85,1.085,6925.6,20.6216666666667,8,18.925,0.3,NA,3.64683781154165,0.10750093,0.12
"893","Lower Sacramento River",10,2016,1,71,0.38952722,0.080970475,7.77,1.615,9622.6,18.1583333333333,8.495,16.175,0.4,NA,4.98016262215652,0.08918211,0.1
"894","Lower Sacramento River",10,2017,1,51.8333333333333,0.26334165,0.0799933233333333,7.575,2.60333333333333,954,17.19,8.83,22.9,0.35,NA,0.48772665736184,0.0650445733333333,0.085
"895","Lower Sacramento River",10,2018,1.33333333333333,64.6666666666667,0.31099047,0.0903118133333333,7.62,1.63,3607.83333333333,18.3557142857143,8.57,16.3,0.2245,NA,2.18560041511659,0.09300062,0.09
"896","Lower Sacramento River",10,2019,1.8,57.6,0.236498215,0.099009495,7.75,2.68,476,18.19,8.97,18.525,0.11,NA,0.21174258176357,0.07694738,0.077
"897","Lower Sacramento River",10,2020,1.33333333333333,75.3333333333333,0.265,0.05,7.88,1.84,3272,19.7,8.31,10.475,0.2,NA,1.76379649819417,0.0825,0.085
"898","Lower Sacramento River",10,2021,1,69.6,0.189588876,0.046409502,7.73,1.7075,8935.4,17.1366666666667,8.07,19.575,0.212,NA,4.2396589115038,0.071271028,0.086
"899","Lower Sacramento River",10,2022,1.66666666666667,59.6666666666667,0.19,0.05,8.135,2.375,6780,19.3183333333333,8.945,14,0.1155,NA,3.72455900086949,0.0745,0.081
"900","Lower Sacramento River",11,2007,1.25,58.6666666666667,0.504729805,0.098954465,NA,1.66333333333333,4639.5,15.5857142857143,8.85,24.5,0.4,NA,2.56802415850147,0.06396069,0.09
"901","Lower Sacramento River",11,2008,1,62.2,0.56168077,0.147571265,NA,1.565,3564,15.3183333333333,8.7,5,0.5,NA,1.93240075409052,0.08893892,0.09
"902","Lower Sacramento River",11,2009,1.25,56.5,0.4913281,0.112176075,7.735,1.59333333333333,3740.16666666667,15.2814285714286,8.4,24.0166666666667,0.3,NA,2.15146702092387,0.07190322,0.1
"903","Lower Sacramento River",11,2010,1,61.6666666666667,0.435,0.095,7.76,1.2,5441.83333333333,15.3333333333333,8.95,15.2,0.35,NA,2.95369212922063,0.055,0.085
"904","Lower Sacramento River",11,2011,1,55.3333333333333,0.264295456666667,0.0897131833333333,7.73,5.66333333333333,2931.16666666667,13.6128571428571,9.25,21.625,0.3,NA,1.58597673119655,0.0425666533333333,0.06
"905","Lower Sacramento River",11,2012,1,59.4,0.347581245,0.11836667,7.67,1.35,4487.2,15.6516666666667,8.1,18.3,0.4,NA,2.27800104633542,0.06360679,0.08
"906","Lower Sacramento River",11,2013,1,64.1666666666667,0.469222903333333,0.11459729,7.855,1.76666666666667,4543.5,14.6485714285714,9.15,15.175,0.45,NA,2.94907849187128,0.0756051733333333,0.105
"907","Lower Sacramento River",11,2014,1,60.8,0.53547517,0.11301899,7.8,1.58,7748.8,16.7233333333333,8.3,18.725,0.5,NA,3.98915156572603,0.10354086,0.12
"908","Lower Sacramento River",11,2015,1,50.8,0.556007935,0.05548023,7.8,1.305,8100.8,15.5383333333333,8.7,22.15,0.4,NA,4.66774103126711,0.10796554,0.13
"909","Lower Sacramento River",11,2016,1.16666666666667,76.3333333333333,0.5,0.14,7.58,1.535,5373.5,17.0416666666667,8.195,12.225,0.4,NA,2.9033230455315,0.085,0.09
"910","Lower Sacramento River",11,2017,1,65,0.3935042275,0.1042671275,7.46,1.8575,2847.57142857143,15.26125,8.7725,15.75,0.266666666666667,NA,1.46815611968746,0.06845161,0.0733333333333333
"911","Lower Sacramento River",11,2018,1.2,83.2,0.429,0.11,7.48,1.67,4293.8,16.424,9.14,12.55,0.195,NA,2.33206799940702,0.089,0.09
"912","Lower Sacramento River",11,2019,1,62.8571428571429,0.4765007275,0.12825162,7.55,2.2675,2079.71428571429,14.6925,8.8475,12,0.276666666666667,NA,1.20002004635344,0.143110865,0.069
"913","Lower Sacramento River",11,2020,1.33333333333333,57.8333333333333,0.29,0.075,7.795,0.99,3915.5,14.2033333333333,8.99,10.175,0.249,NA,2.10907964022984,0.078,0.095
"914","Lower Sacramento River",11,2021,1,35.6666666666667,0.5327539675,0.1117671275,7.465,1.2775,3860.5,15.6142857142857,7.67,37.75,0.49,NA,2.04775299901575,0.080637485,0.1045
"915","Lower Sacramento River",11,2022,1.16666666666667,58,0.2195,0.075,7.625,1.22,5294.33333333333,13.9116666666667,9.505,17.8,0.209,NA,2.87502871877151,0.0695,0.082
"916","Lower Sacramento River",12,2007,1,50.1666666666667,0.56827657,0.18974235,NA,1.32333333333333,4736.33333333333,9.88857142857143,10.4,15.5,0.6,NA,3.02570773964018,0.06396069,0.1
"917","Lower Sacramento River",12,2008,1,64,0.646097965,0.15876186,NA,1.59333333333333,7818.66666666667,10.5085714285714,8.8,12,0.5,NA,4.48015821690112,0.08309802,0.1
"918","Lower Sacramento River",12,2009,1,43,0.499632255,0.148649305,7.68,1.61,5582.4,9.56333333333333,9.7,24.08,0.4,NA,3.33027307986348,0.06519965,0.09
"919","Lower Sacramento River",12,2010,1,68.6666666666667,0.3043138,0.145719513333333,7.34,1.56333333333333,1205.83333333333,11.0685714285714,9.1,10,0.45,NA,0.531189641111624,0.0440121066666667,0.07
"920","Lower Sacramento River",12,2011,1,71.1666666666667,0.24718356,0.17756043,7.72,0.72,4156.16666666667,9.59,10.15,16.675,0.4,NA,2.07416743589672,0.04480864,0.075
"921","Lower Sacramento River",12,2012,1,20.4,0.44230859,0.120902935,7.01,1.255,224.8,12.1583333333333,7.2,75.3,0.6,NA,0.100150629281474,0.055974,0.13
"922","Lower Sacramento River",12,2013,1,34.2,0.534297085,0.16465731,7.77,1.34,6085.4,9.29833333333333,9.9,33.425,0.6,NA,4.11401851076904,0.07670419,0.12
"923","Lower Sacramento River",12,2014,1,44.2,0.56747867,0.18846921,7.35,1.385,1137.8,13.9066666666667,7.7,22.775,1,NA,0.682254965370295,0.07274412,0.19
"924","Lower Sacramento River",12,2015,1.2,53.4,0.53100544,0.15846921,7.75,4.945,7006.8,10.9683333333333,10.025,21.025,0.5,NA,3.46156770756356,0.07809802,0.14
"925","Lower Sacramento River",12,2016,1,48.3333333333333,0.50301147,0.19498414,7.685,1.46666666666667,3854.33333333333,10.9228571428571,9.92333333333333,33.1,0.6,NA,2.03101692133303,0.0812099333333333,0.125
"926","Lower Sacramento River",12,2017,1,60.7142857142857,0.4819934675,0.160486485,7.57666666666667,1.21,2236,11.58125,9.595,17.475,0.433333333333333,NA,1.2009085512389,0.075387485,0.0833333333333333
"927","Lower Sacramento River",12,2018,1,68.6666666666667,0.51302614,0.195018493333333,7.87,1.05,3645.33333333333,11.6628571428571,9.36333333333333,12.375,0.369,NA,2.14033688883275,0.0879356866666667,0.089
"928","Lower Sacramento River",12,2019,1,57.8333333333333,0.33,0.265,7.565,0.92,4417,11.1342857142857,9.46333333333333,18.15,0.34,NA,2.05743415603086,0.0625,0.037
"929","Lower Sacramento River",12,2021,1,46.4,0.540681463333333,0.12233599,7.63,1.39,8597,12.685,8.85,30.6,0.427,NA,5.0480080227773,0.0843043066666667,0.115
"930","Lower Sacramento River",12,2022,1,54.1428571428571,0.371666666666667,0.075,7.57333333333333,0.896666666666667,3605.14285714286,10.1685714285714,10.1733333333333,14.025,0.326,NA,1.91782515570535,0.067,0.0923333333333333
"931","Lower Sacramento River Ship Channel",6,2016,1,44.5,0.233666666666667,0.0533333333333333,NA,5.16666666666667,356.25,22.775,NA,26,NA,NA,0.169812521062353,0.0766666666666667,NA
"932","Lower Sacramento River Ship Channel",6,2017,1,35.5,0.209,0.01,NA,3.9,679.75,22.975,NA,27.85,NA,NA,0.330193659567315,0.122,NA
"933","Lower Sacramento River Ship Channel",6,2018,1,53,0.235,0.01,NA,3.04,336.333333333333,22.0333333333333,NA,25.2,NA,NA,0.160189859952752,0.08,NA
"934","Lower Sacramento River Ship Channel",6,2020,3,42.3333333333333,0.238,0.01,NA,3,303,23.2,NA,38.9,NA,NA,0.143996727107056,0.105,NA
"935","Lower Sacramento River Ship Channel",6,2022,1,21,0.13,0.04,NA,3.7,384.8,22.68,NA,32.5,NA,NA,0.183716250032553,0.068,NA
"936","Lower Sacramento River Ship Channel",7,2016,2,59.6666666666667,0.137,0.01,NA,2.1,320.666666666667,22.9333333333333,NA,13.65,NA,NA,0.152497075441171,0.096,NA
"937","Lower Sacramento River Ship Channel",7,2017,1,46,0.204,0.03,NA,3.3,446.5,24.9,NA,35.85,NA,NA,0.214372886848712,0.101,NA
"938","Lower Sacramento River Ship Channel",7,2019,1,42.3333333333333,0.137,0.015,NA,2.75,408.333333333333,23.1333333333333,NA,16.4,NA,NA,0.1953829684043,0.1175,NA
"939","Lower Sacramento River Ship Channel",7,2021,2.5,26.3333333333333,0.135,0.04,NA,4,344,22.5333333333333,NA,50.6,NA,NA,0.163813611164794,0.0855,NA
"940","Lower Sacramento River Ship Channel",7,2022,1,29.5,0.12,0.04,NA,3.1,369,22.5,NA,39.7,NA,NA,0.17599291248804,0.079,NA
"941","Lower Sacramento River Ship Channel",8,2016,2,65.5,0.08,0.01,NA,3.5,292.5,21.95,NA,14.55,NA,NA,0.138756162800248,0.071,NA
"942","Lower Sacramento River Ship Channel",8,2017,1,45,0.115,0.02,NA,2.9,398.5,22.55,NA,22.3,NA,NA,0.190414656646811,0.097,NA
"943","Lower Sacramento River Ship Channel",8,2018,1,46.5,0.211,0.01,NA,2.06,274.5,22.7,NA,24.25,NA,NA,0.130239996249981,0.096,NA
"944","Lower Sacramento River Ship Channel",8,2020,1,26.5,0.223,0.01,NA,4.7,373,22.45,NA,43.4,NA,NA,0.177949668646352,0.101,NA
"945","Lower Sacramento River Ship Channel",8,2021,1,28,0.15,0.04,NA,3.1,379,21.6,NA,42.6,NA,NA,0.180902450053325,0.104,NA
"946","Lower Sacramento River Ship Channel",8,2022,1,46.5,0.08,0.04,NA,NA,250.5,23.2,NA,21.45,NA,NA,0.118447340624559,0.078,NA
"947","Lower Sacramento River Ship Channel",9,2015,2,55,0.258,0.03,NA,NA,380,22.5,NA,17.5,NA,NA,0.181357660698059,0.115,NA
"948","Lower Sacramento River Ship Channel",9,2016,1,52,0.044,0.01,NA,6.1,368,20.3,NA,14.3,NA,NA,0.175492360745603,0.072,NA
"949","Lower Sacramento River Ship Channel",9,2017,1,56,0.099,0.03,NA,2.7,417,22.6,NA,20.7,NA,NA,0.199486852498467,0.095,NA
"950","Lower Sacramento River Ship Channel",9,2018,1,88,0.1305,0.015,NA,2.33333333333333,282,21,NA,9.1,NA,NA,0.133669986890616,0.0945,NA
"951","Lower Sacramento River Ship Channel",9,2019,1,22,0.052,0.02,NA,2.5,409,23.5,NA,34.7,NA,NA,0.195561392364832,0.094,NA
"952","Lower Sacramento River Ship Channel",9,2020,1,470,0.254,0.02,NA,5.3,298,21.9,NA,15.9,NA,NA,0.141422490011449,0.093,NA
"953","Lower Sacramento River Ship Channel",9,2021,1,38,0.065,0.04,NA,5.4,361,24.8,NA,29.6,NA,NA,0.172074246331633,0.089,NA
"954","Lower Sacramento River Ship Channel",10,2015,2,65,0.358,0.04,NA,NA,324,20.2,NA,17.9,NA,NA,0.15404802390491,0.11,NA
"955","Lower Sacramento River Ship Channel",10,2016,1,56,0.068,0.02,NA,3.6,313,17.9,NA,15.9,NA,NA,0.148702256136035,0.084,NA
"956","Lower Sacramento River Ship Channel",10,2017,1,51,0.108333333333333,0.0666666666666667,NA,2.95,434,17.2,NA,15.9,NA,NA,0.207838618178059,0.0783333333333333,NA
"957","Lower Sacramento River Ship Channel",10,2018,1,28,0.235,NA,NA,2.05,334,19.5,NA,45.7,NA,NA,0.158913148463731,0.089,NA
"958","Lower Sacramento River Ship Channel",10,2019,1,28,0.183,0.03,NA,2.7,434,17.5,NA,46.7,NA,NA,0.207838618178059,0.098,NA
"959","Lower Sacramento River Ship Channel",10,2020,1,23,0.237,0.04,NA,4.4,427,20.4,NA,49.2,NA,NA,0.204397991024766,0.111,NA
"960","Lower Sacramento River Ship Channel",11,2015,2,140,0.45,0.04,NA,NA,317,14,NA,NA,NA,NA,0.150645459667138,0.1,NA
"961","Lower Sacramento River Ship Channel",11,2016,1,45,0.31,0.025,NA,2.9,456,16.8,NA,20.8,NA,NA,0.218667008260023,0.09,NA
"962","Lower Sacramento River Ship Channel",11,2017,1,24,0.28,0.07,NA,1.78,310,15.3,NA,51.2,NA,NA,0.14724538763085,0.07,NA
"963","Lower Sacramento River Ship Channel",11,2018,1,52,0.38,0.07,NA,1.2,333,15.8,NA,16.5,NA,NA,0.158426407652994,0.09,NA
"964","Lower Sacramento River Ship Channel",11,2020,1,30,0.3,0.02,NA,2.3,339,13.5,NA,32.3,NA,NA,0.161347612564695,0.1,NA
"965","Lower Sacramento River Ship Channel",11,2021,1,28,0.2,0.04,NA,3.2,266,15.1,NA,56.6,NA,NA,0.125930362201877,0.093,NA
"966","Lower Sacramento River Ship Channel",12,2015,1,63,0.5,0.04,NA,2.3,346,11.2,NA,15.1,NA,NA,0.164757987056479,0.1,NA
"967","Lower Sacramento River Ship Channel",12,2016,1,62,0.41,0.04,NA,1.9,353,9.65,NA,22.3,NA,NA,0.168170833781801,0.09,NA
"968","Lower Sacramento River Ship Channel",12,2017,1,37,0.32,0.03,NA,1.63333333333333,263,11.1,NA,29.7,NA,NA,0.124480601103396,0.09,NA
"969","Lower Sacramento River Ship Channel",12,2019,1,32,0.35,0.02,NA,2,312,11.6,NA,59.9,NA,NA,0.148216582430301,0.09,NA
"970","Lower Sacramento River Ship Channel",12,2020,1,26,0.33,0.05,NA,2.4,296,10.2,NA,49.5,NA,NA,0.140452718259139,0.07,NA
"971","Lower San Joaquin River",1,2016,1,38,0.71,0.21,7.675,2.2575,3379.175,9.29,10.1325,39.45,0.7,NA,1.81862475984379,0.06,0.12
"972","Lower San Joaquin River",1,2017,1,40,0.28,0.12,7.465,1.145,204.65,8.905,9.85,33.7,0.5,NA,0.0963773318852889,0.05,0.07
"973","Lower San Joaquin River",1,2018,1,81.3333333333333,0.466666666666667,0.176666666666667,7.54,1.145,2930,9.9775,10.2425,NA,0.366666666666667,NA,1.53404337392829,0.0666666666666667,0.0733333333333333
"974","Lower San Joaquin River",1,2019,1,44,0.54,0.245,7.555,1.77,1145.5,8.895,10.275,NA,0.6,NA,0.567314041695236,0.081,0.12
"975","Lower San Joaquin River",1,2020,1,72,0.49,0.14,7.82,1.19,1297,9.47,10.61,NA,0.35,NA,0.64582096187666,0.061,0.066
"976","Lower San Joaquin River",1,2022,1,44,0.808,0.079,7.63,0.55,389,8.89,10.48,NA,0.62,NA,0.185761309851148,0.073,0.105
"977","Lower San Joaquin River",2,2017,1,52,0.64,0.07,7.17,1.475,176,10.88,10.225,NA,0.5,NA,0.0826187035033258,0.07,0.08
"978","Lower San Joaquin River",2,2018,1,60,0.57,0.12,7.72333333333333,1.60666666666667,470.666666666667,11.34,10.1566666666667,NA,0.4,NA,0.226493757731025,0.07,0.08
"979","Lower San Joaquin River",2,2019,1,46,0.48,0.12,7.565,0.94,237.5,10.315,9.82,NA,0.5,NA,0.112189276940771,0.073,0.1
"980","Lower San Joaquin River",2,2020,1,28,0.46,0.14,7.67,2.51333333333333,892.566666666667,11.425,10.5733333333333,NA,0.345,NA,0.44061363832944,0.055,0.11
"981","Lower San Joaquin River",2,2022,1,40,0.535,0.074,7.50666666666667,0.723333333333333,945.2,10.1106666666667,10.69,NA,0.3465,NA,0.466766541831521,0.0635,0.084
"982","Lower San Joaquin River",3,2017,1,55,0.5,0.07,7.43,1.64,175.975,14.0125,9.7,NA,0.3,NA,0.0826074068028967,0.07,0.08
"983","Lower San Joaquin River",3,2018,1,60.6666666666667,0.49,0.15,7.685,3.565,603.75,13.07,10.05,NA,0.5,NA,0.294523872602575,0.07,0.08
"984","Lower San Joaquin River",3,2019,1,57,0.34,0.06,7.565,0.68,182.75,12.385,9.8,NA,0.3,NA,0.0858627016594667,0.067,0.07
"985","Lower San Joaquin River",3,2020,1,74.5,0.45,0.14,7.94,3.385,849.3,13.7816666666667,10.465,NA,0.26,NA,0.418627730101055,0.054,0.096
"986","Lower San Joaquin River",3,2021,1,53.5,0.590666666666667,0.110666666666667,7.81,4.12,1925.8,12.3256,9.9975,NA,0.495,NA,0.994752030105532,0.0856666666666667,0.0856666666666667
"987","Lower San Joaquin River",3,2022,1,61,0.31,0.05,7.915,2.61,570.033333333333,14.3726666666667,10.505,NA,0.276,NA,0.277452739901401,0.051,0.071
"988","Lower San Joaquin River",4,2017,1,85,0.26,0.09,7.20333333333333,2.02666666666667,149,15.322,9.75,NA,0.3,NA,0.0696793116061099,0.07,0.07
"989","Lower San Joaquin River",4,2018,1,96,0.33,0.06,7.595,2.815,176.25,16.8725,9.43,NA,0.4,NA,0.0827378764740529,0.06,0.06
"990","Lower San Joaquin River",4,2019,1,90,0.217,0.05,7.64333333333333,1.65,176.28,16.4608,9.69,NA,0.3,NA,0.0827548236521417,0.05,0.05
"991","Lower San Joaquin River",4,2021,1,55.75,0.4435,0.105,7.90666666666667,4.56333333333333,1886.4,16.1842,9.70333333333333,NA,0.4315,NA,0.968308570161151,0.084,0.104
"992","Lower San Joaquin River",4,2022,1,50,0.258666666666667,0.068,7.785,3.3475,2320,16.3816666666667,9.2625,NA,0.329333333333333,NA,1.22024383949462,0.073,0.0903333333333333
"993","Lower San Joaquin River",5,2017,1,73.3333333333333,0.13,0.07,7.475,1.41,116.75,18.415,9.715,NA,0.3,NA,0.0542358301805839,0.06,0.06
"994","Lower San Joaquin River",5,2018,1,88.6666666666667,0.32,0.05,8.01666666666667,1.76333333333333,239,18.996,9.14,NA,0.3,NA,0.112933235114926,0.07,0.07
"995","Lower San Joaquin River",5,2019,1,83.6666666666667,0.15,0.07,8.385,1.275,146,18.235,9.62,NA,0.2,NA,0.0682419023636173,0.05,0.05
"996","Lower San Joaquin River",5,2021,1,69.6,0.312666666666667,0.0636666666666667,7.9075,1.0875,3281.66666666667,18.7935,9.02,NA,0.283333333333333,NA,1.72354118065663,0.081,0.079
"997","Lower San Joaquin River",5,2022,1,45.75,0.288,0.077,7.85,3.17,3195.8,18.5826,9.32,NA,0.317,NA,1.7144409513488,0.0845,0.086
"998","Lower San Joaquin River",6,2014,1,79.2857142857143,0.6,0.04,7.955,1.8325,5024.44444444444,21.1333333333333,8.415,10.73,0.4,NA,2.71095942409579,0.09,0.12
"999","Lower San Joaquin River",6,2015,1.33333333333333,65,0.56,0.05,7.834,2.404,4391.5,21.504,8.494,13.3666666666667,0.5,NA,2.35414797971337,0.09,0.13
"1000","Lower San Joaquin River",6,2016,1.66666666666667,40,0.29,0.05,7.91666666666667,5.035,796.285714285714,21.6928571428571,8.365,22.1366666666667,0.4,NA,0.393387333619025,0.07,0.11
"1001","Lower San Joaquin River",6,2017,1,75.4,0.16,0.06,7.44666666666667,1.57666666666667,156.5,20.775,8.67666666666667,14.6,0.5,NA,0.0732977175743935,0.05,0.05
"1002","Lower San Joaquin River",6,2018,1.5,57,0.38,0.06,7.575,1.985,1044.4,21.314,8.28,21.1,0.4,NA,0.519629602637953,0.08,0.08
"1003","Lower San Joaquin River",6,2019,1,94.6,0.17,0.05,7.79,1.73,127.4,21.598,8.47,8.85,0.3,NA,0.0593357130560074,0.055,0.062
"1004","Lower San Joaquin River",6,2020,2,57.8,0.37,0.05,7.92333333333333,1.65,2166,21.2433333333333,8.23333333333333,11.6,0.3,NA,1.1161675674924,0.0885,0.097
"1005","Lower San Joaquin River",6,2021,1.2,67,0.317,0.069,7.93666666666667,1.79333333333333,5587.75,21.369125,8.53333333333333,15.6,0.2485,NA,3.03307816534157,0.092,0.091
"1006","Lower San Joaquin River",6,2022,1.66666666666667,75.75,0.187,0.05,7.99,1.925,3235.44444444444,22.2275555555556,8.6875,9.9,0.223,NA,1.69627974235469,0.0676666666666667,0.07
"1007","Lower San Joaquin River",7,2014,2,60.4,0.43,0.02,7.916,4.474,4498,22.1875,8.152,12.384,0.4,NA,2.41104056681458,0.09,0.12
"1008","Lower San Joaquin River",7,2015,2.5,72,0.44,0.02,7.8675,7.29,4906.57142857143,22.3742857142857,8.31,13.775,0.4,NA,2.64704909447345,0.09,0.12
"1009","Lower San Joaquin River",7,2016,2,59,0.24,0.06,7.775,21.55,1156.6,22.292,8.26,36.6666666666667,0.4,NA,0.575359611661386,0.06,0.09
"1010","Lower San Joaquin River",7,2017,1,45.75,0.02,0.04,7.835,16.865,808.2,22.882,8.325,18.9,0.3,NA,0.40833214981394,0.04,0.07
"1011","Lower San Joaquin River",7,2018,2.2,58.4,0.295,0.065,7.86333333333333,3.88,1827.5,21.5916666666667,8.35333333333333,16.15,0.35,NA,0.933462556561959,0.08,0.09
"1012","Lower San Joaquin River",7,2019,1,88.75,0.186,0.05,7.98666666666667,1.92,280.7,22.6343333333333,8.40333333333333,10.15,0.251,NA,0.13347843516674,0.064,0.072
"1013","Lower San Joaquin River",7,2020,2.4,80.6666666666667,0.25,0.05,7.94666666666667,2.91333333333333,2348.85714285714,22.17,8.29,7.66666666666667,0.273,NA,1.21929705414041,0.0755,0.087
"1014","Lower San Joaquin River",7,2021,3.4,99.6,0.1005,0.05,7.99333333333333,3.74,4853.5,21.752,8.47,7.1,0.236,NA,2.62133378132021,0.0815,0.1175
"1015","Lower San Joaquin River",7,2022,2.66666666666667,58.2,0.0736666666666667,0.05,7.965,2.975,2923.5,22.913,8.4375,12.9,0.209666666666667,NA,1.53212760981956,0.0663333333333333,0.078
"1016","Lower San Joaquin River",8,2014,2,60,0.3,0.02,7.9775,3.4575,4194.2,21.76,8.14666666666667,11.1666666666667,0.3,NA,2.24243410739065,0.07,0.12
"1017","Lower San Joaquin River",8,2015,2,65,0.3,0.04,7.96,2.805,4430.4,22.546,8.0375,12.04,0.4,NA,2.3919840822189,0.08,0.12
"1018","Lower San Joaquin River",8,2016,2,46.5,0.21,0.055,7.85666666666667,3.50666666666667,1462.6,21.182,8.45666666666667,28.69,0.25,NA,0.734983272267274,0.055,0.09
"1019","Lower San Joaquin River",8,2017,1,65.6666666666667,0.23,0.06,7.67666666666667,2.62,995.6,22.094,8.18666666666667,18,0.3,NA,0.496492275608955,0.07,0.07
"1020","Lower San Joaquin River",8,2018,2,66,0.23,0.09,7.8,2.405,1777.16666666667,21.29,8.485,12.8,0.1945,NA,0.902347927815164,0.07,0.079
"1021","Lower San Joaquin River",8,2019,2,81.25,0.195,0.05,7.58,2.415,1230.5,23.085,7.855,6.9,0.255,NA,0.615994905557433,0.0645,0.0665
"1022","Lower San Joaquin River",8,2020,2.2,105.25,0.097,0.05,7.88,4.80333333333333,2680.8,22.8734,8.13,9.75,0.2755,NA,1.39223373368063,0.0635,0.079
"1023","Lower San Joaquin River",8,2021,2.5,81.5,0.062,0.05,7.99,4.79,3852.8,21.7618,8.55333333333333,7.95,0.2405,NA,2.04490925195733,0.0815,0.0815
"1024","Lower San Joaquin River",8,2022,2.8,74,0.093,0.05,7.89333333333333,2.34333333333333,3855.2,22.63,8.21333333333333,12.05,0.202333333333333,NA,2.04330307556577,0.0673333333333333,0.0783333333333333
"1025","Lower San Joaquin River",9,2014,2,76.1666666666667,0.33,0.03,8.076,5.342,3338.55555555556,21.5,8.362,11.0857142857143,0.2,NA,1.76853678922363,0.09,0.12
"1026","Lower San Joaquin River",9,2015,1.66666666666667,86.3333333333333,0.33,0.02,7.80666666666667,3.2,6387.57142857143,21.5,7.90333333333333,9.052,0.4,NA,3.49261350854356,0.09,0.12
"1027","Lower San Joaquin River",9,2016,1.4,54.6,0.26,0.08,7.92666666666667,2.93,2286.14285714286,20.4857142857143,8.46333333333333,13.8916666666667,0.4,NA,1.17774529233163,0.07,0.1
"1028","Lower San Joaquin River",9,2017,3.2,80.4,0.26,0.06,7.625,2.57,303.166666666667,22.2066666666667,8.26,9.375,0.2,NA,0.14438097987332,0.08,0.08
"1029","Lower San Joaquin River",9,2018,2.14285714285714,88.3333333333333,0.2065,0.04,7.86333333333333,1.95333333333333,2254.71428571429,20.2171428571429,8.50666666666667,10.3,0.21,NA,1.15697059860484,0.0735,0.085
"1030","Lower San Joaquin River",9,2019,2,85.8,0.212,0.05,7.745,1.725,346.8,22.195,8.105,8.025,0.25,NA,0.165628370011891,0.072,0.08
"1031","Lower San Joaquin River",9,2020,3.5,93.1666666666667,0.155,0.05,7.89666666666667,3.5,1867.85714285714,20.9754285714286,8.45666666666667,8.075,0.25,NA,0.976321074371608,0.0745,0.48
"1032","Lower San Joaquin River",9,2021,2.375,104.428571428571,0.0856666666666667,0.05,7.93,2.0775,2712.375,22.1695,8.31,7.35,0.221666666666667,NA,1.41728192751554,0.0876666666666667,0.0743333333333333
"1033","Lower San Joaquin River",9,2022,1.33333333333333,96.6,0.144,0.05,7.865,2.555,4471.83333333333,22.1178333333333,8.415,8.85,0.145,NA,2.3950122622583,0.072,0.083
"1034","Lower San Joaquin River",10,2014,2,92.3333333333333,0.29,0.03,7.91,4.32,4370.625,20.8,8.255,7.37333333333333,0.4,NA,2.34806427219834,0.09,0.12
"1035","Lower San Joaquin River",10,2016,1.85714285714286,89.7142857142857,0.356666666666667,0.0633333333333333,7.856,1.79,2580.66666666667,17.9666666666667,8.732,10.7333333333333,0.333333333333333,NA,1.33656117637597,0.0866666666666667,0.0933333333333333
"1036","Lower San Joaquin River",10,2017,1,76.6,0.23,0.07,7.6,2.945,359.833333333333,17.6616666666667,9.2,13.45,0.3,NA,0.17221515663656,0.06,0.07
"1037","Lower San Joaquin River",10,2018,1.85714285714286,71.5,0.315,0.075,7.78,1.13333333333333,3399.57142857143,18.4685714285714,9.01333333333333,10.15,0.3,NA,1.78764498245514,0.0805,0.1
"1038","Lower San Joaquin River",10,2019,1.33333333333333,118,0.23,0.2,7.885,2.035,373.833333333333,18.6841666666667,8.715,12.65,0.2,NA,0.178682424266852,0.096,0.069
"1039","Lower San Joaquin River",10,2020,2.57142857142857,104.833333333333,0.23,0.05,7.82,2.98333333333333,3469,20.7988571428571,8.36666666666667,4.3,0.3,NA,1.84926117155275,0.082,0.085
"1040","Lower San Joaquin River",10,2021,1.42857142857143,81.6666666666667,0.1295,0.05,7.86666666666667,1.84666666666667,5043.85714285714,16.9524285714286,8.91,10.675,0.207,NA,2.72313551750729,0.073,0.07
"1041","Lower San Joaquin River",10,2022,1.5,72.5,0.143,0.05,7.89,1.85333333333333,5857,19.315,8.6,9.25,0.158,NA,3.17574634029809,0.066,0.0725
"1042","Lower San Joaquin River",11,2014,1.75,94,0.51,0.08,7.664,3.392,3247.22222222222,16.8444444444444,8.684,7.02142857142857,0.4,NA,1.71872862734596,0.09,0.12
"1043","Lower San Joaquin River",11,2015,1.16666666666667,60.3333333333333,0.5,0.04,7.77333333333333,1.43,5248.14285714286,15.6571428571429,8.55,14.52,0.3,NA,2.84143996951122,0.1,0.1
"1044","Lower San Joaquin River",11,2016,1.5,107.5,0.445,0.1,7.68333333333333,1.43666666666667,3650.14285714286,16.8742857142857,8.59666666666667,7.332,0.4,NA,1.93419444091745,0.155,0.165
"1045","Lower San Joaquin River",11,2017,1.14285714285714,99,0.4,0.07,7.91333333333333,1.39333333333333,760.714285714286,15.4628571428571,9.43333333333333,10.275,0.3,NA,0.373456110530063,0.06,0.06
"1046","Lower San Joaquin River",11,2018,1,112.6,0.478,0.154,7.655,0.825,4022.16666666667,15.9166666666667,8.905,6.7,0.43,NA,2.15644848919013,0.085,0.098
"1047","Lower San Joaquin River",11,2019,1.16666666666667,111.4,0.32,0.2,7.615,1.6,544.366666666667,14.795,9.45,7.975,0.2,NA,0.263732126153721,0.052,0.067
"1048","Lower San Joaquin River",11,2020,1.28571428571429,116.666666666667,0.2615,0.055,7.69,1.65333333333333,3072,15.0282857142857,9.05,5.95,0.262,NA,1.62686880080813,0.077,0.075
"1049","Lower San Joaquin River",11,2021,1,42.3333333333333,0.52,0.106,7.4,1.04333333333333,1559.28571428571,15.403,8.12666666666667,21,0.4755,NA,0.78998184378858,0.079,0.1095
"1050","Lower San Joaquin River",11,2022,1.14285714285714,72.1666666666667,0.195,0.068,7.66333333333333,1.32333333333333,3389.57142857143,14.0811428571429,9.41,11.45,0.1785,NA,1.78264581039364,0.0615,0.075
"1051","Lower San Joaquin River",12,2015,1,73,0.64,0.08,7.7225,4.455,4618.375,10.805,10.05,19.4333333333333,0.4,NA,2.48373090496915,0.08,0.12
"1052","Lower San Joaquin River",12,2016,1,65,0.52,0.18,7.565,2.5,2016.1,10.4416666666667,9.89,23.52,0.6,NA,1.0343639577559,0.08,0.09
"1053","Lower San Joaquin River",12,2017,1,66.5,0.47,0.195,7.635,1.4275,1834,10.97875,10.05,17.125,0.45,NA,0.933709042408315,0.07,0.08
"1054","Lower San Joaquin River",12,2018,1,99.8333333333333,0.5555,0.1535,7.67,1.09,2691.14285714286,11.4085714285714,9.41333333333333,9.1,0.41,NA,1.39393999517392,0.0805,0.0825
"1055","Lower San Joaquin River",12,2019,1,56.4285714285714,0.223333333333333,0.203333333333333,7.59,0.988,2688.66666666667,11.1525555555556,9.956,24.075,0.323333333333333,NA,1.40361416572287,0.0536666666666667,0.0393333333333333
"1056","Lower San Joaquin River",12,2020,1.28571428571429,86.5,0.34,0.1275,7.75333333333333,1.66666666666667,3501.28571428571,11.0092857142857,9.86666666666667,9.45,0.307,NA,1.85185157335462,0.0775,0.092
"1057","Lower San Joaquin River",12,2021,1,59.1428571428571,0.534666666666667,0.0956666666666667,7.6225,1.25,4272.75,12.11625,9.25,18.125,0.318333333333333,NA,2.29853265900183,0.0803333333333333,0.0916666666666667
"1058","Lower San Joaquin River",12,2022,1,69,0.28,0.0835,7.68333333333333,1.28333333333333,3200,9.86814285714286,10.12,11.625,0.287,NA,1.6871813367484,0.063,0.0865
"1059","Mid Suisun Bay",1,2016,1,48,0.587005925,0.221510725,7.7,1.51,20436,10.1233333333333,9.9,NA,0.7,NA,6.53996790235168,0.07185906,0.12
"1060","Mid Suisun Bay",1,2017,1,32,0.352526215,0.113491735,7.49,1.39,376,9.245,10.655,NA,0.4,NA,0.129700883429181,0.05462433,0.08
"1061","Mid Suisun Bay",1,2018,1,56,0.4625162,0.18950473,7.61,1.48333333333333,14433,10.3733333333333,9.82666666666667,NA,0.4,NA,7.97393349916035,0.0756201,0.08
"1062","Mid Suisun Bay",1,2019,1,60,0.57,0.219,7.48,0.81,11450,9.96,9.8,NA,0.4,NA,6.51106698851712,0.09,0.09
"1063","Mid Suisun Bay",1,2020,1,40,0.50651069,0.19547271,7.68,1.69333333333333,11639,9.79666666666667,10.3666666666667,NA,0.31,NA,5.39901996435763,0.06746523,0.072
"1064","Mid Suisun Bay",1,2022,1,36,0.684,0.087,7.57,0.833333333333333,2568,10.01,9.93,NA,0.526,NA,2.92424233992003,0.08,0.112
"1065","Mid Suisun Bay",2,2016,1,32,0.52999829,0.128342493333333,7.6,1.0525,322.5,10.9325,9.45,NA,0.6,NA,0.639177184994214,0.04264046,0.095
"1066","Mid Suisun Bay",2,2017,1,40,0.39801646,0.072005995,7.07,4.08666666666667,182,11.0266666666667,10.36,NA,0.3,NA,0.0818311307275402,0.05896069,0.09
"1067","Mid Suisun Bay",2,2018,1,60,0.54898943,0.14797647,7.57,2.79333333333333,6917,12.2833333333333,9.53,NA,0.4,NA,3.27641267653286,0.07670419,0.08
"1068","Mid Suisun Bay",2,2019,1,16,0.41699345,0.069484735,7.73,2,200,9.31333333333333,10.1266666666667,NA,0.627,NA,0.0847111391594833,0.06585452,0.15
"1069","Mid Suisun Bay",2,2020,1,36,0.488511695,0.16750123,7.61,2.41,10614,11.1833333333333,10.2966666666667,NA,0.33,NA,4.28673522169678,0.06486783,0.12
"1070","Mid Suisun Bay",2,2022,1,36,0.551,0.118,7.74,1.23333333333333,13333,11.0066666666667,9.9,NA,0.343,NA,5.36816790788232,0.081,0.082
"1071","Mid Suisun Bay",3,2016,1,34.8,0.430034965,0.146535745,7.8,2.88666666666667,1854.2,14.3042857142857,8.93333333333333,NA,0.5,NA,0.890475563988995,0.05674835,0.09
"1072","Mid Suisun Bay",3,2017,1,34.6,0.301468205,0.05553526,7.38,3.51666666666667,178.4,14.2557142857143,9.70666666666667,NA,0.3,NA,0.0841227002388901,0.05384998,0.08
"1073","Mid Suisun Bay",3,2018,1,44.6,0.50848418,0.14199598,7.64,3.68,6935,13.4414285714286,9.78333333333333,NA,0.4,NA,4.75628444993359,0.07825289,0.09
"1074","Mid Suisun Bay",3,2019,1,38.8,0.308501715,0.05353176,7.71,3.42333333333333,182.4,12.8957142857143,9.83333333333333,NA,0.3,NA,0.0869244266628942,0.06034121,0.07
"1075","Mid Suisun Bay",3,2020,1,37.6666666666667,0.47,0.26,7.67,1.85,5480.33333333333,13.7833333333333,9.57,NA,0.12,NA,3.1044300560481,0.07,0.094
"1076","Mid Suisun Bay",3,2021,1,55,0.57,0.138,7.84,3.07,11389.3333333333,13.2766666666667,9.89,NA,0.392,NA,6.4803000185967,0.095,0.092
"1077","Mid Suisun Bay",3,2022,1,53,0.351,0.051,7.96,9.03666666666667,11611.6666666667,13.992,10.11,NA,0.341,NA,5.15513627445472,0.07,0.076
"1078","Mid Suisun Bay",4,2016,1,25.7142857142857,0.27201724,0.07548399,7.94,13.906,2040.42857142857,17.04,9.22,NA,0.433333333333333,NA,0.936017431023663,0.048860865,0.106666666666667
"1079","Mid Suisun Bay",4,2017,1,55.8,0.188984475,0.046780885,7.42,4.23,165.4,14.6771428571429,10.0133333333333,NA,0.3,NA,0.073954498874777,0.04141622,0.05
"1080","Mid Suisun Bay",4,2018,1,71,0.22674961,0.0694834875,7.66333333333333,2.094,618.714285714286,15.3388888888889,9.516,NA,0.2,NA,0.260384775106318,0.048993655,0.05
"1081","Mid Suisun Bay",4,2019,1,50.8,0.16049773,0.042018505,7.64,2.865,152,16.3133333333333,9.34,NA,0.2,NA,0.0725982193297704,0.05225712,0.06
"1082","Mid Suisun Bay",4,2021,1,56.8,0.475,0.086,8.08,4.92,10317.2,15.356,9.48,NA,0.361,NA,5.9872926193237,0.095,0.105
"1083","Mid Suisun Bay",4,2022,1,45.4,0.33,0.154,7.83,1.98,10714.6,16.2371428571429,8.91333333333333,NA,0.352,NA,5.85107980292389,0.088,0.136
"1084","Mid Suisun Bay",5,2016,1,23.2,0.22303649,0.08552275,7.96,7.98333333333333,8300.4,18.4828571428571,8.7,NA,0.5,NA,4.48071020745418,0.06185906,0.13
"1085","Mid Suisun Bay",5,2017,1,64.8,0.13,0.04,7.77,3.84,190.8,19.37,9.57,NA,0.1,NA,0.0897714490865188,0.04,0.05
"1086","Mid Suisun Bay",5,2018,1,34.6,0.313514225,0.059484735,7.83,6.1,5640.4,17.8242857142857,9.24333333333333,NA,0.4,NA,2.28408124053149,0.07031036,0.1
"1087","Mid Suisun Bay",5,2019,1,57.4,0.17296746,0.047481235,8.04,4.43333333333333,153.6,17.5071428571429,9.41333333333333,NA,0.2,NA,0.111344272470006,0.05504478,0.07
"1088","Mid Suisun Bay",5,2021,1,52.4,0.451,0.1,8.02,1.9,17233,18.124,8.77,NA,0.305,NA,10.1420111695082,0.089,0.111
"1089","Mid Suisun Bay",5,2022,1,32.2,0.361,0.08,7.99,2.65333333333333,15804.6,17.8085714285714,8.96,NA,0.313,NA,8.56692502401276,0.098,0.102
"1090","Mid Suisun Bay",6,2008,1,41.1111111111111,0.641208025,0.063546765,NA,2.84333333333333,11453.1111111111,19.8009090909091,8.4,22,0.3,NA,6.44130210196377,0.08480159,0.1
"1091","Mid Suisun Bay",6,2009,1,42.4545454545455,0.387988945,0.056360675,7.8,3.3,7298.63636363636,20.0869230769231,8.2,9,0.3,NA,4.04320861827734,0.06179251,0.08
"1092","Mid Suisun Bay",6,2010,1,30.4,0.231530743333333,0.0610288433333333,7.79,5.6975,2653.4,19.9633333333333,8.7,32.6833333333333,0.35,NA,1.20215138544435,0.0511655666666667,0.075
"1093","Mid Suisun Bay",6,2011,1,61.9,0.166028,0.0458645966666667,7.375,2.7225,157.6,18.7983333333333,8.75,16.8833333333333,0.3,NA,0.0740316599605534,0.03895302,0.06
"1094","Mid Suisun Bay",6,2012,2,44.4444444444444,0.450765325,0.055240115,7.86,3.28666666666667,10163.7777777778,20.5536363636364,7.75,19.325,0.4,NA,5.69194227081031,0.07635029,0.1
"1095","Mid Suisun Bay",6,2013,1,29,0.57,0.06,8,2.06,9381.88888888889,20.1888888888889,8.35,42.25,0.6,NA,5.27584654276145,0.08,0.12
"1096","Mid Suisun Bay",6,2014,1,41.7777777777778,0.64085785,0.0502126,8,3.07333333333333,18772.2222222222,21.0254545454545,7.9,37.125,0.4,NA,11.2960430368994,0.1103993,0.15
"1097","Mid Suisun Bay",6,2015,1,50.5454545454545,0.6,0.06,7.83,3.31,17023.0909090909,20.6890909090909,7.85,21.075,0.6,NA,10.0126707792651,0.1,0.16
"1098","Mid Suisun Bay",6,2016,1.2,34.7777777777778,0.31998995,0.06553526,7.87,3.46,10841.3333333333,21.2863636363636,8.30333333333333,38.975,0.4,NA,6.23133454884429,0.07944769,0.1
"1099","Mid Suisun Bay",6,2017,1,47.4,0.194320476666667,0.0489277933333333,7.74,3.165,1779.8,21.5925,8.485,35.15,0.25,NA,1.01148198081376,0.05047228,0.055
"1100","Mid Suisun Bay",6,2018,1,38.2222222222222,0.53351918,0.069989985,7.77,2.39,10075.5714285714,20.3263636363636,8.58333333333333,42.375,0.3,NA,5.38924262615492,0.09347431,0.1
"1101","Mid Suisun Bay",6,2019,1,48.6363636363636,0.177262995,0.05724987,7.57333333333333,2.488,880,20.6784615384615,8.578,20.325,0.3,NA,0.389370561346087,0.051597555,0.0533333333333333
"1102","Mid Suisun Bay",6,2020,2.25,52.8333333333333,0.41,0.05,8.02,2.54,11381.3333333333,21.4016666666667,8.64,17.3,0.3,NA,6.49873810809398,0.092,0.11
"1103","Mid Suisun Bay",6,2021,1,47.6666666666667,0.446,0.068,7.94,3.67,15940.6666666667,19.72,8.44,22.925,0.293,NA,9.41982469247908,0.098,0.096
"1104","Mid Suisun Bay",6,2022,1,53.8181818181818,0.254,0.05,8.03,4.5,18053.6363636364,20.6127272727273,8.35,8.7,0.268,NA,10.6675317308152,0.089,0.097
"1105","Mid Suisun Bay",7,2008,1,50,0.572871365,0.04148574,NA,2.87333333333333,13170.2222222222,20.85,7.2,23,0.5,NA,7.79208957043915,0.08635029,0.11
"1106","Mid Suisun Bay",7,2009,1.25,47,0.375802855,0.06143071,7.91,3.00666666666667,10871,20.9642857142857,8.1,6,0.4,NA,6.50468684101322,0.07469088,0.09
"1107","Mid Suisun Bay",7,2010,1,42.1666666666667,0.3322861,0.04923211,7.86,2.19666666666667,6423.83333333333,20.02375,7.85,28.76,0.3,NA,3.50131362446548,0.07356263,0.08
"1108","Mid Suisun Bay",7,2011,1,50.875,0.162779706666667,0.01354844,7.395,4.2475,684.5,21.564,8.1,25.25,0.25,NA,0.351913852112088,0.0402657866666667,0.065
"1109","Mid Suisun Bay",7,2012,2,44.2857142857143,0.40538514,0.0342504533333333,7.8,2.26666666666667,10759.2857142857,21.0855555555556,7.9,26.3,0.4,NA,6.15487587955493,0.07712464,0.07
"1110","Mid Suisun Bay",7,2013,1.5,43.7142857142857,0.407055965,0.033279135,7.9,2.51,11584.5714285714,21.3988888888889,8.7,27.05,0.4,NA,6.48123196161985,0.08787722,0.12
"1111","Mid Suisun Bay",7,2014,1.33333333333333,42,0.51842915,0.03531015,7.9,2.61666666666667,18380.3333333333,21.6036363636364,8.1,43.2833333333333,0.4,NA,10.3548453920749,0.1103993,0.15
"1112","Mid Suisun Bay",7,2015,1,53.7142857142857,0.49761375,0.03694847,7.8,6.735,17908.2857142857,21.9275,7.875,18.825,0.5,NA,10.716886394845,0.1123019,0.15
"1113","Mid Suisun Bay",7,2016,2,42.5714285714286,0.28,0.04,7.84,2.91,12404.1428571429,21.5785714285714,8.51,39.175,0.4,NA,7.11320560637584,0.06,0.11
"1114","Mid Suisun Bay",7,2017,1,35.8571428571429,0.128971965,0.072005995,7.8,4.11333333333333,3724,22.28,8.01333333333333,33.375,0.2,NA,2.20743093689484,0.05396069,0.06
"1115","Mid Suisun Bay",7,2018,1.6,54.8,0.409487195,0.040520255,7.88,2.61666666666667,9415.2,21.8857142857143,8.39333333333333,23.375,0.2,NA,5.70014674242328,0.0899123,0.09
"1116","Mid Suisun Bay",7,2019,1,45,0.23831514,0.0503545066666667,7.78,2.6275,4979.5,21.869,8.5,20.3,0.2625,NA,2.38957302913566,0.06344284,0.0845
"1117","Mid Suisun Bay",7,2020,2.16666666666667,47.125,0.315,0.05,7.9,4.06,13424.125,21.06375,8.58,18.1,0.2,NA,7.74704062782198,0.088,0.09
"1118","Mid Suisun Bay",7,2021,1.6,63.6666666666667,0.208,0.05,7.92,3.37,15426.5714285714,20.4214285714286,8.5,19.3,0.145,NA,9.10392303055494,0.093,0.097
"1119","Mid Suisun Bay",7,2022,1.2,40,0.125,0.057,8.03,3.72,15389.2,21.236,7.91,24.225,0.319,NA,8.96824354332314,0.089,0.122
"1120","Mid Suisun Bay",8,2007,1.75,68.4,0.39,0.05,NA,3.13,11334.2,20.9,8.6,54,0.4,NA,6.45452071767621,0.07,0.1
"1121","Mid Suisun Bay",8,2008,1,77.6666666666667,0.4443071,0.032718855,NA,3.42,16019.3333333333,21.014,8.5,16,0.4,NA,8.94756485006438,0.07860679,0.11
"1122","Mid Suisun Bay",8,2009,1.5,57,0.26431462,0.03699099,8,3.35666666666667,11216,20.3457142857143,8.1,8,0.3,NA,6.64069865068163,0.05767757,0.08
"1123","Mid Suisun Bay",8,2010,1,47.2,0.330620265,0.049387185,8.04,2.44666666666667,8446.4,20.0042857142857,8.7,19.486,0.3,NA,5.28694006488719,0.0671688,0.08
"1124","Mid Suisun Bay",8,2011,1,52.8333333333333,0.26674168,0.0243238266666667,7.86,2.6,5075.66666666667,21.07375,8.5,30.9833333333333,0.3,NA,2.69116745940602,0.05387942,0.075
"1125","Mid Suisun Bay",8,2012,2,42.8,0.26459476,0.02736868,7.96,2.35666666666667,9301.4,20.7871428571429,8.25,25.6,0.4,NA,4.51077576663985,0.06531036,0.09
"1126","Mid Suisun Bay",8,2013,1.75,45.4,0.32214603,0.046263125,8,2.23333333333333,10698.4,20.9028571428571,8.25,22.75,0.2,NA,6.11837150548652,0.08898308,0.07
"1127","Mid Suisun Bay",8,2014,1,47.6666666666667,0.495977925,0.022018505,8,2.29,16576.3333333333,21.178,7.9,44.5,0.4,NA,9.46500570453336,0.11942592,0.14
"1128","Mid Suisun Bay",8,2015,1.33333333333333,44.3333333333333,0.437781335,0.00822161,7.68,2.09333333333333,19558.6666666667,21.606,8.22333333333333,21.2,0.9,NA,10.4291971412407,0.11024443,0.1
"1129","Mid Suisun Bay",8,2016,1.2,39.4,0.25,0.05,7.86,2.575,12337.4,20.05,8.595,61.025,0.3,NA,6.73493871060626,0.08,0.11
"1130","Mid Suisun Bay",8,2017,1,55.2,0.276973455,0.046500745,7.99,2.47666666666667,6163.4,21.1714285714286,8.43333333333333,29.025,0.2,NA,3.37147717054661,0.06891653,0.07
"1131","Mid Suisun Bay",8,2018,1.8,64.2,0.325505215,0.044022005,7.83,2.99,11553,20.7985714285714,8.29333333333333,18.2,0.2,NA,6.69179013847127,0.09053178,0.1
"1132","Mid Suisun Bay",8,2019,1.4,54.4,0.194535745,0.03228364,7.84,5.73666666666667,8691.8,22.2557142857143,8.23,17.5,0.186,NA,4.56774859146658,0.06671296,0.07
"1133","Mid Suisun Bay",8,2020,2,75.8,0.2,0.05,7.92,1.22,16040.6,22.092,8.59,10.225,0.2,NA,9.38472890776505,0.079,0.08
"1134","Mid Suisun Bay",8,2021,2,58,0.169,0.05,7.87,4.11,17746.4,20.656,8.39,12.05,0.211,NA,10.4730576141844,0.101,0.1
"1135","Mid Suisun Bay",8,2022,1.6,39.4,0.244,0.069,7.97,2.18,16986.8,21.598,7.88,25.5,0.247,NA,9.98576187545969,0.102,0.123
"1136","Mid Suisun Bay",9,2007,1,44.9,0.58826153,0.075410195,NA,2.38,13551.8,20.86,8.3,40,0.4,NA,8.0450821240724,0.20133038,0.11
"1137","Mid Suisun Bay",9,2008,1,70.7,0.41440465,0.070927955,NA,2.26666666666667,16221.3,20.1716666666667,7.3,7,0.4,NA,9.54240931697968,0.08495646,0.11
"1138","Mid Suisun Bay",9,2009,1,83.9,0.29029511,0.062468725,7.9,2.63333333333333,14865.4,20.6808333333333,7.8,12.1,0.3,NA,8.60732353823651,0.07469088,0.09
"1139","Mid Suisun Bay",9,2010,1,63.4,0.275322625,0.03390945,8.09,5.22,13159.2,18.98,8.7,29.092,0.4,NA,7.69203631509338,0.06763341,0.07
"1140","Mid Suisun Bay",9,2011,2,37.2,0.255097515,0.03484742,7.98,8.85333333333333,5694,20.3341666666667,8.35,63.26,0.4,NA,3.10727041406571,0.05705809,0.08
"1141","Mid Suisun Bay",9,2012,1.22222222222222,62.9,0.37698094,0.05315407,7.79,2.55666666666667,13743.9,19.2566666666667,8.6,15.3333333333333,0.5,NA,8.35377964359498,0.08568665,0.13
"1142","Mid Suisun Bay",9,2013,1,39.6,0.389402155,0.071488235,8.05,1.79666666666667,15118.7,21.2941666666667,8.45,26.4222222222222,0.3,NA,8.53173061592283,0.09734606,0.1
"1143","Mid Suisun Bay",9,2014,1.77777777777778,45.2,0.39402197,0.04049274,7.95,2.3,16542.2,20.4533333333333,7.6,33.0444444444444,0.3,NA,9.88416285733586,0.24956088,0.13
"1144","Mid Suisun Bay",9,2015,1.1,66.2,0.35447971,0.01550525,7.8,1.48333333333333,19725.7,21.905,7.6,16.9333333333333,0.5,NA,12.041267172402,0.07988991,0.12
"1145","Mid Suisun Bay",9,2016,1,49.3,0.357538725,0.061025505,7.85,2.085,15159.5,19.5663636363636,8.56,22.9777777777778,0.5,NA,8.78700126039692,0.0899123,0.14
"1146","Mid Suisun Bay",9,2017,1.1,47.4,0.314482205,0.07347673,7.76,2.64666666666667,6972.1,22.13,8.38,28.8,0.2,NA,3.57896805718103,0.0787175,0.08
"1147","Mid Suisun Bay",9,2018,1.1,46.3,0.32298645,0.063966975,7.82,3.1,15243.7,19.54,8.62666666666667,31.3,0.223,NA,8.81170554022627,0.09848762,0.1
"1148","Mid Suisun Bay",9,2019,1.07142857142857,36.2142857142857,0.240655473333333,0.0490211733333333,7.655,2.1225,6097.14285714286,20.92625,8.1425,34.0545454545455,0.213,NA,3.11316391052823,0.0808588533333333,0.09
"1149","Mid Suisun Bay",9,2020,1.8,45.1,0.24,0.07,7.91,1.07,14275,19.96,8.33,17.8,0.3,NA,8.27570853872085,0.097,0.109
"1150","Mid Suisun Bay",9,2021,1.6,98.4,0.19697271,0.033474235,7.88,2.13333333333333,15624,20.2175,8.43,8.77777777777778,0.268,NA,9.79483748314177,0.09158925,0.092
"1151","Mid Suisun Bay",9,2022,1.1,81.2,0.252,0.05,7.81,1.37,17516.9,23.357,8.36,14.1166666666667,0.168,NA,10.322198697725,0.099,0.114
"1152","Mid Suisun Bay",10,2007,1,45.3,0.40959975,0.100635305,NA,1.86666666666667,16224.5,17.6725,8.7,36,0.4,NA,9.86258393683158,0.06969088,0.1
"1153","Mid Suisun Bay",10,2008,1.22222222222222,86.5,0.435217555,0.089374675,NA,1.49333333333333,16717.6,18.9808333333333,8.2,14,0.4,NA,10.5535035526951,0.08650516,0.12
"1154","Mid Suisun Bay",10,2009,1,77,0.37128059,0.0974287,7.95,1.39333333333333,17803,16.3933333333333,8.6,17.13,0.4,NA,9.67554337979656,0.07592984,0.1
"1155","Mid Suisun Bay",10,2010,1,70.9,0.318519215,0.086378175,7.37,2.58,10888.2,18.9383333333333,8.1,27.574,0.3,NA,6.86110545193701,0.07460256,0.08
"1156","Mid Suisun Bay",10,2011,1.125,42.3,0.26170832,0.079149565,7.93,2.36666666666667,6130.7,18.85,8.65,31.5666666666667,0.4,NA,3.16006218284608,0.05803147,0.09
"1157","Mid Suisun Bay",10,2012,1,64.4,0.361125515,0.071950965,7.9,1.53333333333333,14012.4,18.98,8.35,18.3333333333333,0.3,NA,8.46940438561585,0.08708048,0.1
"1158","Mid Suisun Bay",10,2013,1.33333333333333,61.9,0.426873375,0.091853415,7.8,1.98333333333333,14724.5,18.235,8.45,13.4111111111111,0.3,NA,8.89489381059451,0.09982398,0.11
"1159","Mid Suisun Bay",10,2014,1.22222222222222,79.4,0.47648068,0.026975985,7.9,3.27,21428.1,21.1358333333333,7.6,17.1666666666667,0.5,NA,12.8176667250963,0.11400547,0.13
"1160","Mid Suisun Bay",10,2015,1,60.2,0.52348418,0.01648574,7.89,1.34333333333333,20109,20.3525,7.775,18.0666666666667,0.4,NA,11.8542606629732,0.11400547,0.12
"1161","Mid Suisun Bay",10,2016,1,77.4,0.393001455,0.084989985,7.75,2.00666666666667,12038.7,18.5591666666667,8.29666666666667,10.7333333333333,0.6,NA,7.43921725672665,0.1030097,0.11
"1162","Mid Suisun Bay",10,2017,1,53.5,0.315505215,0.103479225,7.7,1.85,9335.8,18.6083333333333,8.72333333333333,22.9666666666667,0.1,NA,5.36486625649786,0.07685906,0.08
"1163","Mid Suisun Bay",10,2018,1.06666666666667,65.6,0.31052022,0.09098548,7.66,2.40666666666667,16960.2,18.4864705882353,8.50333333333333,13.0714285714286,0.2,NA,10.2357872707346,0.09550093,0.108
"1164","Mid Suisun Bay",10,2019,1,62.4285714285714,0.704987455,0.143491735,7.84,1.83666666666667,6181.14285714286,18.2455555555556,8.71,15.1666666666667,0.2,NA,4.08749496361659,0.07347854,0.084
"1165","Mid Suisun Bay",10,2020,1.3,88.2,0.31,0.06,8.07,2.86,17396.6,19.502,8.36,10.2666666666667,0.2,NA,10.2591970511348,0.098,0.109
"1166","Mid Suisun Bay",10,2021,1,91.9,0.19701173,0.065970475,7.88,1.44333333333333,18255,18.42,8.62333333333333,12.4222222222222,0.147,NA,10.0409409701846,0.0867175,0.096
"1167","Mid Suisun Bay",10,2022,1.1,67.9,0.271,0.05,8.32,2,19992.1,19.686,9.05,16.3,0.179,NA,11.9354139229869,0.091,0.103
"1168","Mid Suisun Bay",11,2007,1,55.2,0.49723606,0.119039505,NA,3.57,20067.9,15.6916666666667,8.7,39,0.5,NA,11.6878846279784,0.07123958,0.1
"1169","Mid Suisun Bay",11,2008,1,68.4,0.55047517,0.14241619,NA,1.85,16564.4,15.4033333333333,8.6,15,0.5,NA,9.66241887967376,0.08909379,0.13
"1170","Mid Suisun Bay",11,2009,1,63.4,0.454967425,0.14129563,7.5,1.78666666666667,16997,15.6433333333333,8.2,13.14,0.5,NA,10.0211110722797,0.07685906,0.11
"1171","Mid Suisun Bay",11,2010,1.11111111111111,85.6,0.43,0.11,7.78,1.24,13128.9,16.51,8.7,13.53,0.4,NA,7.56132319548128,0.06,0.09
"1172","Mid Suisun Bay",11,2011,1,64.8,0.2714707,0.106238105,7.77,2.11666666666667,12548.1,14.145,9.2,15.7777777777778,0.4,NA,7.31470861516109,0.05427043,0.07
"1173","Mid Suisun Bay",11,2012,1,63.1,0.336753335,0.10832415,7.78,2.005,18247.4,16.6090909090909,8.2,14.3,0.5,NA,10.7627578560552,0.06778828,0.11
"1174","Mid Suisun Bay",11,2013,1,61,0.433834355,0.118241605,8,2.17333333333333,17131.4,15.0616666666667,8.7,15.8333333333333,0.6,NA,10.3201635078978,0.0830097,0.14
"1175","Mid Suisun Bay",11,2014,1,66.1,0.4945197,0.077511245,7.85,1.82333333333333,19782.8,17.2291666666667,8.35,14.1333333333333,0.4,NA,11.7825619543167,0.10807625,0.13
"1176","Mid Suisun Bay",11,2015,1,54.7,0.57,0.03,7.8,1.04,19949.3,16.86,8.2,17.9333333333333,0.1,NA,11.8947630641322,0.11,0.12
"1177","Mid Suisun Bay",11,2016,1.1,75.9,0.45598794,0.100032505,7.63,2.52666666666667,16095.9,17.2558333333333,8.29,11.1222222222222,0.4,NA,9.55212980473466,0.08913795,0.12
"1178","Mid Suisun Bay",11,2017,1,74.4,0.389499705,0.133984475,7.63,1.73333333333333,14729.1,16.2225,8.78,13.6444444444444,0.3,NA,8.43979145938896,0.07531036,0.08
"1179","Mid Suisun Bay",11,2018,1,74.2,0.402,0.137,7.79,1.54,17865.2,17.144,8.87,8.225,0.256,NA,10.5682918182319,0.088,0.088
"1180","Mid Suisun Bay",11,2019,1,53.7,0.19852547,0.163521745,7.71,2.03333333333333,13356.6,15.5341666666667,8.90333333333333,16.0333333333333,0.14,NA,7.89457704515948,0.07356263,0.075
"1181","Mid Suisun Bay",11,2020,1,73.3,0.33,0.094,7.92,1.21,18665.2,16.1255555555556,8.96,14.6666666666667,0.314,NA,11.0565560543344,0.094,0.121
"1182","Mid Suisun Bay",11,2021,1,50.1,0.3749812,0.15351374,7.66,3.16333333333333,9434.1,16.4133333333333,8.00666666666667,28.2,0.475,NA,5.84381905187319,0.08944769,0.108
"1183","Mid Suisun Bay",11,2022,1,46.9,0.269,0.115,7.64,1.32,17804.2,14.654,9.72,22.4444444444444,0.222,NA,10.5049613315588,0.088,0.105
"1184","Mid Suisun Bay",12,2007,1,48.4,0.56221104,0.18156326,NA,2.13666666666667,17290.6,11.0541666666667,10.6,37,0.6,NA,10.8710002024267,0.0799123,0.12
"1185","Mid Suisun Bay",12,2008,1,53.9,0.59666826,0.170975465,NA,1.44,22252.4,11.465,8.9,11,0.6,NA,13.1885606615856,0.08433698,0.11
"1186","Mid Suisun Bay",12,2009,1,54.2,0.494729805,0.16357927,7.7,1.71,19273.1,10.3475,9.6,23.07,0.6,NA,11.5922680497118,0.07515549,0.11
"1187","Mid Suisun Bay",12,2010,1,55.5,0.329262085,0.14455976,7.55,1.035,13764.4,11.0227272727273,9.3,20.67,0.5,NA,7.44659447725217,0.04834121,0.08
"1188","Mid Suisun Bay",12,2011,1,60.7,0.2981015,0.167053505,7.83,0.69,13370.1,10.1472727272727,10.1,16.6444444444444,0.5,NA,7.86740459228668,0.04783244,0.1
"1189","Mid Suisun Bay",12,2012,1,40.25,0.44859677,0.1576238,7.09,1.19,2928.83333333333,13.5514285714286,7.3,26.6555555555556,0.633333333333333,NA,1.56130169371422,0.05997823,0.133333333333333
"1190","Mid Suisun Bay",12,2013,1,41.5,0.533834355,0.16157577,7.78,1.78333333333333,18391.8,10.6783333333333,10.05,30.6222222222222,0.6,NA,11.7195543098841,0.09347431,0.13
"1191","Mid Suisun Bay",12,2014,1,56.8,0.583529195,0.16097297,7.4,0.993333333333333,19044.3,14.4816666666667,8.3,17.7888888888889,0.8,NA,10.8569155531433,0.08119542,0.14
"1192","Mid Suisun Bay",12,2015,1,54.5,0.51,0.11,7.75,1.575,21171.2,11.17,9.45,20.0444444444444,0.6,NA,12.2100366528414,0.08,0.14
"1193","Mid Suisun Bay",12,2016,1,56.5,0.5265232,0.16250123,7.76,1.43666666666667,13310.6,12.2541666666667,9.52666666666667,18.9,0.5,NA,8.0657442838374,0.09115126,0.1
"1194","Mid Suisun Bay",12,2017,1,54,0.473481685,0.181535745,7.66,1.52333333333333,11976.8,12.3166666666667,9.42333333333333,22.1333333333333,0.3,NA,6.90549498150658,0.07654932,0.08
"1195","Mid Suisun Bay",12,2018,1,53.5,0.4550057,0.17102249,7.65,1.47666666666667,17692.2,12.1225,9.13666666666667,25.6666666666667,0.294,NA,10.6899404782846,0.08637691,0.091
"1196","Mid Suisun Bay",12,2019,1,57.2,0.15,0.18,7.58,0.95,13118.2,11.7716666666667,9.48333333333333,21.7888888888889,0.28,NA,6.93004919358652,0.062,0.037
"1197","Mid Suisun Bay",12,2021,1,42.6,0.484029455,0.173509235,7.77,1.68666666666667,18122,13.1766666666667,8.68666666666667,25.5555555555556,0.374,NA,11.1329838794725,0.08663795,0.106
"1198","Mid Suisun Bay",12,2022,1,58.9,0.324,0.124,7.71,0.93,16700.2,10.513,10.18,12.8666666666667,0.241,NA,9.81348893398439,0.075,0.091
"1199","Middle River",9,2020,5,137,0.197,0.02,7.9,3.8,408,22.1,8.2,3.4,NA,NA,0.195081583458135,0.077,NA
"1200","Middle River",9,2021,3,197,0.08,0.04,NA,3.35,448,24.9,NA,3.5,NA,NA,0.214726797812337,0.087,NA
"1201","Middle River",10,2019,3,290,0.358,0.02,7.6,2.52,183,19.2,NA,2.3,NA,NA,0.0859741426643847,0.074,NA
"1202","Middle River",10,2020,3,200,0.443,0.04,7.82857142857143,1.0125,398.125,17.1125,9.04285714285714,2.1,NA,NA,0.190239537310382,0.098,NA
"1203","Middle River",10,2021,1,188,0.09,0.04,NA,2.5,553,16.6,NA,5.8,NA,NA,0.266670661882979,0.065,NA
"1204","Middle River",11,2019,1,260,0.5,0.01,7.6,1.8,234,14.95,9,1.9,NA,NA,0.110492089107477,0.05,NA
"1205","Middle River",11,2020,1,200,0.56,0.02,7.8,1.05,490,13.45,9.8,1.4,NA,NA,0.235455483994728,0.08,NA
"1206","Middle River",11,2021,1,127,0.78,0.07,NA,0.8,363,15.3,NA,6.7,NA,NA,0.173050600620623,0.104,NA
"1207","Middle River",12,2019,1,180,0.96,0.08,7.4,0.8,264.5,11.1,8.9,4.7,NA,NA,0.125297615750133,0.09,NA
"1208","Middle River",12,2021,1,231,0.58,0.03,NA,1.6,352,12.4,NA,3.4,NA,NA,0.16768313319742,0.081,NA
"1209","Middle Sacramento River",1,2016,1,120,0.434,0.152,7.98,2.92,182,9.16,9.32,NA,1.6,NA,0.0854999309358247,0.0444,0.17
"1210","Middle Sacramento River",1,2017,1,NA,0.176,0.11,7.61,1.81,112,8.92033333333333,10.7833333333333,NA,0.5,NA,0.0519519455137672,0.037,0.07
"1211","Middle Sacramento River",1,2018,1,NA,0.205,0.162,7.57666666666667,3.12,177.333333333333,10.5473076923077,10.43,NA,0.9,NA,0.0832556974564606,0.0496,0.07
"1212","Middle Sacramento River",1,2019,1,NA,0.365666666666667,0.166666666666667,7.4,1.95666666666667,201,11.9028571428571,10.53,NA,0.7,NA,0.0946137688465689,0.0683333333333333,0.12
"1213","Middle Sacramento River",1,2020,1,NA,0.191666666666667,0.11,7.63090909090909,3.005,151.436363636364,9.98052631578947,10.246,NA,0.43,NA,0.0708486581145202,0.033,NA
"1214","Middle Sacramento River",1,2022,1,NA,0.3322,0.038,7.58,1.52333333333333,182,10.7422222222222,11.11,NA,0.349,NA,0.0854964665541753,0.0364,0.057
"1215","Middle Sacramento River",2,2016,1,20,0.2998,0.084,7.68,2.04666666666667,166.333333333333,9.10533333333333,10.4666666666667,NA,0.6,NA,0.0779842245716373,0.0332,0.08
"1216","Middle Sacramento River",2,2017,1,NA,0.144666666666667,0.05,7.5,2,83,9.48444444444444,11.9566666666667,NA,0.4,NA,0.0380404623232674,0.0236666666666667,0.05
"1217","Middle Sacramento River",2,2018,1,NA,0.133,0.16,7.71333333333333,2.59,177.666666666667,12.7104444444444,10.5366666666667,NA,0.9,NA,0.0834242037026626,0.0426666666666667,0.08
"1218","Middle Sacramento River",2,2019,1,NA,0.2885,0.075,7.43,1.88,136.05,9.64179487179487,10.35,NA,0.7,NA,0.0634776205023092,0.052,0.12
"1219","Middle Sacramento River",2,2020,1,NA,0.176,0.12,7.87,1.56,200.666666666667,11.7671739130435,10.6933333333333,NA,0.58,NA,0.0944560228984434,0.0406666666666667,0.15
"1220","Middle Sacramento River",2,2022,1,NA,0.1522,0.034,7.69333333333333,3.27,170.666666666667,10.4795348837209,10.6533333333333,NA,0.223,NA,0.0800622306626399,0.0296,0.033
"1221","Middle Sacramento River",3,2016,1,200,0.1675,0.1125,7.44,3.11666666666667,150,13.495,10.05,NA,0.7,NA,0.0701611955294928,0.0345,0.07
"1222","Middle Sacramento River",3,2017,1,NA,0.168,0.052,7.41,3,123.5,18.1995555555556,10.76,NA,0.3,NA,0.0574685049457532,0.0296,0.04
"1223","Middle Sacramento River",3,2018,1,NA,0.14825,0.235,7.6,4.09666666666667,136,11.678,10.485,NA,1,NA,0.0634546700795385,0.04475,0.08
"1224","Middle Sacramento River",3,2019,1,NA,0.185666666666667,0.0433333333333333,7.31666666666667,1.73,103.066666666667,12.453,10.6533333333333,NA,0.3,NA,0.0476805415333302,0.039,0.07
"1225","Middle Sacramento River",3,2020,1,NA,0.124,0.403333333333333,7.69,2.61,179.5,13.319,10.045,NA,0.7,NA,0.0842945819500353,0.0586666666666667,0.1
"1226","Middle Sacramento River",3,2021,1,NA,0.121,0.14975,7.79333333333333,1.2775,198,13.257,10.2033333333333,NA,0.444,NA,0.0931779603768962,0.05125,0.061
"1227","Middle Sacramento River",3,2022,1,NA,0.165166666666667,0.0383333333333333,7.705,1.77666666666667,160.5,13.5,10.01,NA,0.182,NA,0.0751867445351659,0.037,0.021
"1228","Middle Sacramento River",4,2016,1,128,0.098,0.15,7.515,2.9,132.5,16.58,8.65,NA,0.7,NA,0.0617776654263047,0.0285,0.08
"1229","Middle Sacramento River",4,2017,1,NA,0.103666666666667,0.05,7.77,3.48333333333333,130,13.0176,10.41,NA,0.2,NA,0.0605806893660488,0.0323333333333333,0.04
"1230","Middle Sacramento River",4,2018,1,NA,0.105333333333333,0.06,7.2,4.685,107.5,15.1342105263158,10.28,NA,0.3,NA,0.0498023118088877,0.031,0.05
"1231","Middle Sacramento River",4,2019,1,NA,0.1325,0.055,7.235,3.638,113.1,14.6486206896552,10.49,NA,0.221,NA,0.0524881831009211,0.033,0.05
"1232","Middle Sacramento River",4,2021,1,NA,0.0914,0.09,7.47666666666667,2.275,162.666666666667,17.4610869565217,8.99333333333333,NA,0.338,NA,0.0762320544438913,0.0452,0.058
"1233","Middle Sacramento River",4,2022,1,NA,0.11725,0.0375,7.61,1.25666666666667,149,16.36,9.105,NA,0.161,NA,0.0696782899515847,0.048,0.054
"1234","Middle Sacramento River",5,2016,1,184,0.1134,0.178,7.36666666666667,1.23,127.666666666667,18.2723529411765,9.13333333333333,NA,0.9,NA,0.0594631208407667,0.0372,0.09
"1235","Middle Sacramento River",5,2017,1,NA,0.0722,0.062,7.60666666666667,2.46333333333333,86.3333333333333,16.5381632653061,6.59333333333333,NA,0.4,NA,0.0396578746392313,0.0208,0.09
"1236","Middle Sacramento River",5,2018,1,NA,0.0838181818181818,0.425454545454545,7.435,4.32111111111111,156,19.9578,9.01,NA,1,NA,0.0730333458510061,0.0648181818181818,0.09
"1237","Middle Sacramento River",5,2019,1,NA,0.094,0.07,7.54,1.12,102.266666666667,15.8087755102041,10.0466666666667,NA,0.3,NA,0.0472978323060716,0.0266666666666667,0.047
"1238","Middle Sacramento River",5,2021,1,NA,0.13325,0.0325,7.62,9.82,152.666666666667,21.103,8.13,NA,0.176,NA,0.0714354136336705,0.05725,0.091
"1239","Middle Sacramento River",5,2022,1,NA,0.13925,0.0425,7.46,3.9,139.666666666667,20.7333333333333,8.34666666666667,NA,0.165,NA,0.0652100200663322,0.0315,0.037
"1240","Middle Sacramento River",6,2016,1,168,0.062,0.198,7.45333333333333,1.43,139.666666666667,20.95,8.55,NA,1.2,NA,0.0652096791501347,0.0376,0.1
"1241","Middle Sacramento River",6,2017,1,NA,0.0944,0.12,7.56666666666667,3.545,100,19.0106666666667,9.19333333333333,NA,0.5,NA,0.0462070333872031,0.0286,0.06
"1242","Middle Sacramento River",6,2018,1,NA,0.0665,0.0775,7.49333333333333,2.4425,118.333333333333,21.2987878787879,8.63333333333333,NA,0.7,NA,0.0549930962367714,0.0345,0.05
"1243","Middle Sacramento River",6,2019,1,NA,0.0822,0.0368,7.61333333333333,2.144,95.8,18.6778260869565,9.17333333333333,NA,0.3,NA,0.0441968141209874,0.0258,0.04
"1244","Middle Sacramento River",6,2020,1,NA,0.0805,0.22,7.63,1.29166666666667,129.5,21.9526315789474,8.3375,NA,0.9,NA,0.0603411494836109,0.0456666666666667,0.08
"1245","Middle Sacramento River",6,2021,1,NA,0.1326,0.028,7.59,1.72333333333333,135.666666666667,23.91,7.55333333333333,NA,0.1,NA,0.0632945968975945,0.0436,0.085
"1246","Middle Sacramento River",6,2022,1,NA,0.120666666666667,0.04,7.15,1.34,118,22.24,8.205,NA,0.155,NA,0.0548348015035744,0.0353333333333333,0.027
"1247","Middle Sacramento River",7,2016,1,128,0.066,0.1775,7.3,1.94666666666667,148,20.4935714285714,8.54,NA,0.9,NA,0.0692116753924925,0.027,0.06
"1248","Middle Sacramento River",7,2017,1,NA,0.0738333333333333,0.23,7.44,5.07,132,22.5709433962264,8.64,NA,1.2,NA,0.061538256406628,0.0441666666666667,0.1
"1249","Middle Sacramento River",7,2018,1,NA,0.07,0.263333333333333,7.51333333333333,1.385,120.666666666667,22.9320408163265,8.41333333333333,NA,0.5,NA,0.0561108495415843,0.0506666666666667,0.07
"1250","Middle Sacramento River",7,2019,1,NA,0.092,0.13075,7.44,2.254,115.35,21.5813793103448,8.47,NA,0.397,NA,0.0535657738906563,0.0385,0.043
"1251","Middle Sacramento River",7,2020,1,NA,0.078,0.158,7.6325,1.835,124.75,22.657,8.09,NA,0.5,NA,0.0580666287958445,0.0386,0.05
"1252","Middle Sacramento River",7,2021,1,NA,0.107,0.0325,7.76,1.4,115,23.9184905660377,7.7,NA,0.12,NA,0.0533936545535376,0.03275,0.033
"1253","Middle Sacramento River",7,2022,1,NA,0.221,0.05,7.35333333333333,0.94,107.666666666667,22.72,8,NA,0.129,NA,0.0498845451625895,0.05,0.03
"1254","Middle Sacramento River",8,2015,1,204,0.10025,0.185,7.82,1.98,158.5,23.4,9.975,20,0.5,NA,0.0742375758748383,0.04575,0.06
"1255","Middle Sacramento River",8,2016,1,168,0.077,0.177142857142857,7.35,2.72833333333333,117,21.265,8.285,NA,0.5,NA,0.0543559132325436,0.0435714285714286,0.07
"1256","Middle Sacramento River",8,2017,1,NA,0.067,0.19,7.49,2.98333333333333,129,21.4693103448276,8.55,NA,0.5,NA,0.0601018683509781,0.0442,0.06
"1257","Middle Sacramento River",8,2018,1,NA,0.069,0.2,7.52666666666667,1.86333333333333,145.333333333333,21.794,8.26666666666667,NA,0.8,NA,0.0679226824300761,0.0536666666666667,0.113
"1258","Middle Sacramento River",8,2019,1,NA,0.0786,0.1214,7.7025,1.886,122.65,21.0863636363636,8.4175,NA,0.565,NA,0.0570614266182641,0.0392,0.061
"1259","Middle Sacramento River",8,2020,1,NA,0.066,0.263333333333333,7.69181818181818,1.461,162.454545454545,22.9867567567568,7.97333333333333,NA,0.8,NA,0.0761238574331094,0.0493333333333333,0.08
"1260","Middle Sacramento River",8,2021,1,NA,0.141,0.045,7.7,0.95,168,23.1137931034483,8.14,NA,0.141,NA,0.0787817202383869,0.077,0.121
"1261","Middle Sacramento River",8,2022,1,NA,0.0933333333333333,0.0433333333333333,7.45,0.89,111.333333333333,22.9866666666667,8,NA,0.1,NA,0.051641660399668,0.031,0.026
"1262","Middle Sacramento River",9,2007,1,112,0.105,0.09,7.8,1.11,170.98,19.64,8.55,13,0.3,NA,0.0802106587647975,0.035,0.08
"1263","Middle Sacramento River",9,2008,1,106.75,0.24,0.42,NA,1.11,228.25,20.925,6.3,28,0.7,NA,0.107729551332087,0.09,0.1
"1264","Middle Sacramento River",9,2009,1,178,0.18,0.32,7.11,1.68,187.15,22.26,6.1,4.6275,0.4,NA,0.0879643221232885,0.07,0.08
"1265","Middle Sacramento River",9,2010,1,128.75,0.12,0.14,7.87,1.08,172.25,19.18,7.5,16.975,0.4,NA,0.0808184567211234,0.03,0.05
"1266","Middle Sacramento River",9,2011,1,105,0.08,0.075,7.675,2.03,151.4,19.5521739130435,8.25,23.175,0.3,NA,0.0708280298896624,0.035,0.07
"1267","Middle Sacramento River",9,2012,1,165,0.04,0.34,7.58666666666667,1.75,168.5,19.89,8.78333333333333,10.425,0.5,NA,0.0790207577157686,0.04,0.06
"1268","Middle Sacramento River",9,2013,1,133,0.23,0.37,6.95,1.69,168.75,20.8117647058824,8.55,19.225,0.7,NA,0.0791409963814142,0.08,0.09
"1269","Middle Sacramento River",9,2014,1,177.75,0.34,0.73,7.08,0.99,200.25,23.3872222222222,7.35,20.9,1.3,NA,0.0942547021346085,0.13,0.14
"1270","Middle Sacramento River",9,2015,1,134.5,0.160333333333333,0.476666666666667,7.35,0.79,175.75,23.0411764705882,7.1,9.375,0.7,NA,0.0824964207238221,0.0693333333333333,0.11
"1271","Middle Sacramento River",9,2016,1,136.5,0.0926666666666667,0.193333333333333,7.27,1.29333333333333,157,20.345,8.18,5.7,0.8,NA,0.0735105089309373,0.0473333333333333,0.08
"1272","Middle Sacramento River",9,2017,1,111.666666666667,0.0712857142857143,0.22,7.57,2.44,132.6,19.7831111111111,8.535,9.66666666666667,0.3,NA,0.0618255987538204,0.0462857142857143,0.06
"1273","Middle Sacramento River",9,2018,1,146,0.07,0.2,7.51,1.18666666666667,162,20.435,8.17,6.23333333333333,0.5,NA,0.0759064831391654,0.054,0.07
"1274","Middle Sacramento River",9,2019,1,121.666666666667,0.074,0.122142857142857,7.835,1.61875,139.76,19.1286206896552,8.685,5.83333333333333,0.425,NA,0.0652538596273421,0.0417142857142857,0.051
"1275","Middle Sacramento River",9,2020,1,233.333333333333,0.0772,0.134,7.75333333333333,1.43666666666667,166.833333333333,21.2912962962963,8.62666666666667,2.96666666666667,0.6,NA,0.0782245875788397,0.054,0.07
"1276","Middle Sacramento River",9,2021,1,200,0.166,0.0433333333333333,7.82,1.54,202.5,22.5376,7.68,3.96666666666667,0.174,NA,0.0953354516878103,0.0476666666666667,0.036
"1277","Middle Sacramento River",9,2022,1,308,0.201,0.05,7.65,0.84,141.75,21.3875,8.18,2.1,0.111,NA,0.0662070155212288,0.05,0.029
"1278","Middle Sacramento River",10,2007,1,196,0.19,0.39,NA,0.49,151.125,16.77,8,16,0.5,NA,0.0706963642133978,0.06,0.08
"1279","Middle Sacramento River",10,2008,1,193.75,0.1835,0.19,NA,2.19,190.9,17.62,7.9,39,0.4,NA,0.0897867030026623,0.06,0.09
"1280","Middle Sacramento River",10,2009,1,204,0.18,0.36,7.18,0.89,154.1,17.55,9.2,7.1825,0.5,NA,0.072121018526236,0.05,0.08
"1281","Middle Sacramento River",10,2010,1,171,0.18,0.0933333333333333,7.83333333333333,0.93,123,17.0166666666667,10.2333333333333,13.525,0.5,NA,0.0572286697159864,0.0366666666666667,0.05
"1282","Middle Sacramento River",10,2011,1,168.5,0.125,0.115,7.46,1.3,115.2,16.78,9,11.425,0.3,NA,0.0534938462301305,0.03,0.05
"1283","Middle Sacramento River",10,2013,1,207.75,0.085,0.105,7.25,1.27,139.6,16.0116666666667,9.3,18.575,0.3,NA,0.0651771907329395,0.03,0.04
"1284","Middle Sacramento River",10,2014,1,232.75,0.195,0.46,7.25,1.21,163.6,19.3992307692308,8.2,9.25,1.2,NA,0.0766747252534417,0.07,0.14
"1285","Middle Sacramento River",10,2015,1,232.5,0.14025,0.2275,7.395,1.27,163.8,20.0833333333333,7.95,6.275,0.6,NA,0.0767688138980569,0.0555,0.09
"1286","Middle Sacramento River",10,2016,1.25,153.333333333333,0.164571428571429,0.352857142857143,7.36,0.925,131,16.6136170212766,8.79,4,1.1,NA,0.0610594712629531,0.0715714285714286,0.12
"1287","Middle Sacramento River",10,2017,1,185.666666666667,0.0715,0.24,7.61,1.5,120.2,16.0529411764706,9.335,4.6,0.7,NA,0.0558881349506115,0.0385,0.07
"1288","Middle Sacramento River",10,2018,1,315,0.118166666666667,0.288,7.545,0.82,142,18.5281818181818,9.12,2.53333333333333,0.8,NA,0.0663267082818532,0.0588333333333333,0.1
"1289","Middle Sacramento River",10,2019,1,141,0.100571428571429,0.215714285714286,7.68,1.39875,110.471428571429,15.4524590163934,9.39666666666667,4.36666666666667,0.23,NA,0.0512289043101111,0.0398571428571429,0.046
"1290","Middle Sacramento River",10,2020,1,307.333333333333,0.101333333333333,0.203333333333333,7.54,0.666666666666667,137.5,18.4086,8.77,2.33333333333333,0.6,NA,0.0641717931521224,0.0633333333333333,0.09
"1291","Middle Sacramento River",10,2021,1,299.333333333333,0.11,0.04,7.815,0.766666666666667,138.8,16.2975555555556,9.335,3.1,0.162,NA,0.0647943694408668,0.034,0.023
"1292","Middle Sacramento River",10,2022,1,522.333333333333,0.237,0.05,7.67,0.7,141.6,20.464,8.365,1.1,0.122,NA,0.0661349465720018,0.05,0.037
"1293","Middle Sacramento River",11,2007,1,179,0.18,0.22,NA,0.64,188.14,14.1333333333333,9.85,9,0.9,NA,0.088441545560833,0.055,0.14
"1294","Middle Sacramento River",11,2008,1,135,0.31,0.42,NA,1.48,235.85,15.14,7.2,44,0.6,NA,0.1115169919284,0.08,0.12
"1295","Middle Sacramento River",11,2009,1,204,0.175,0.18,7.775,0.87,182.82,13.8,8.9,7.3475,0.6,NA,0.0858890580802025,0.05,0.09
"1296","Middle Sacramento River",11,2010,1,195.5,0.195,0.24,7.695,0.67,161.8,14.55,8.8,10.265,0.8,NA,0.0758120433967615,0.04,0.09
"1297","Middle Sacramento River",11,2011,1,174,0.16,0.38,7.44,2.44,136.5,12.8,9.6,10.075,0.7,NA,0.0636928092990037,0.05,0.05
"1298","Middle Sacramento River",11,2012,1,203,0.19,0.42,7.335,1.22,159.666666666667,13.3166666666667,9.025,7.2,0.7,NA,0.0747886331954505,0.07,0.1
"1299","Middle Sacramento River",11,2013,1,212.333333333333,0.17,0.46,6.87,2.07,201,13.26,9.9,14.5333333333333,0.8,NA,0.0946531458992975,0.07,0.09
"1300","Middle Sacramento River",11,2014,1,214.25,0.323666666666667,0.463333333333333,7,0.68,193.75,14.565,8.4,9.55,1,NA,0.0911325632285303,0.0976666666666667,0.15
"1301","Middle Sacramento River",11,2015,1,382.25,0.240666666666667,0.675,7.1,1.27,177.225,13.625,8.6,5.95,0.7,NA,0.0832042599951974,0.099,0.08
"1302","Middle Sacramento River",11,2016,1,175,0.240666666666667,0.253333333333333,7.2,1.13,235,12.8491111111111,8.49,3.1,0.9,NA,0.111046888238901,0.0796666666666667,0.1
"1303","Middle Sacramento River",11,2017,1,155.666666666667,0.191,0.41,7.23,1.84666666666667,165,13.8421428571429,9.36,5.53333333333333,0.8,NA,0.0773438947140909,0.0753333333333333,0.08
"1304","Middle Sacramento River",11,2018,1,368.333333333333,0.156,1.22,7.67,0.71,170.75,13.565,9.2,2.3,1.66,NA,0.0801004901995147,0.141,0.15
"1305","Middle Sacramento River",11,2019,1,195,0.12,0.75,7.67,0.5,151.425,12.9710714285714,9.96,5.2,0.86,NA,0.0708404666120662,0.099,0.09
"1306","Middle Sacramento River",11,2020,1,236.666666666667,0.1305,0.295,8.03,0.392222222222222,141.090909090909,12.2623684210526,10.2725,1.86666666666667,0.4,NA,0.06589144564237,0.0875,0.09
"1307","Middle Sacramento River",11,2021,1,108,0.527,0.05,7.42,0.51,167.75,14.8012903225806,8.22,12,0.217,NA,0.0786680119449234,0.05,0.07
"1308","Middle Sacramento River",11,2022,1,200,0.285,0.05,7.57,0.53,145.75,11.88,9.48,1.53333333333333,0.203,NA,0.0681219338133095,0.079,0.084
"1309","Middle Sacramento River",12,2007,1,79,0.196666666666667,0.143333333333333,7.7,2.04,209.416666666667,9.06666666666667,11.1,9,0.7,NA,0.0986669538531422,0.04,0.09
"1310","Middle Sacramento River",12,2008,1,181,0.224,0.2,NA,0.81,247.916666666667,8.86666666666667,10.4333333333333,39,0.9,NA,0.117242198474966,0.0573333333333333,0.12
"1311","Middle Sacramento River",12,2009,1,102.25,0.17,0.156666666666667,7.65,1.35,206.833333333333,9.7,10,15.7,0.6,NA,0.0974237832183888,0.0366666666666667,0.07
"1312","Middle Sacramento River",12,2010,1.66666666666667,58.5,0.15,0.03,7.596,3.31,132.5,10.552380952381,9.46,14.55,0.5,NA,0.0617778004163016,0.026,0.1
"1313","Middle Sacramento River",12,2011,1,105.25,0.0866666666666667,0.0966666666666667,7.48,2.2,167.833333333333,9.18421052631579,9.4,13.775,0.6,NA,0.0787134804404701,0.0233333333333333,0.07
"1314","Middle Sacramento River",12,2013,1,116,0.14,0.395,7.4,2.27,197.8,7.26391304347826,11.35,12.85,1.5,NA,0.0930782071631168,0.065,0.14
"1315","Middle Sacramento River",12,2014,1,23.5,0.39275,0.085,7.745,1.17,154.4,13,8.4,97.75,0.8,NA,0.0722646782047942,0.054,0.21
"1316","Middle Sacramento River",12,2015,1,227.25,0.24325,0.255,7.685,1.42666666666667,182.74,10.2333333333333,10.375,6.925,1,NA,0.0858496827770646,0.05225,0.1
"1317","Middle Sacramento River",12,2016,1,25,0.197,0.16,7.435,1.425,218.4,9.685,10.38,89.1666666666667,0.7,NA,0.103002536480208,0.054,0.09
"1318","Middle Sacramento River",12,2017,1,136,0.1245,0.1175,7.675,2.60666666666667,160.6,10.2155357142857,11.255,8.23333333333333,0.7,NA,0.0752356650746537,0.03625,0.06
"1319","Middle Sacramento River",12,2018,1,207.666666666667,0.3818,0.2116,7.65333333333333,1.79333333333333,197.5,11.49,9.49,5.16666666666667,0.851,NA,0.092937822529017,0.0732,0.12
"1320","Middle Sacramento River",12,2019,1,43.3333333333333,0.3265,0.33,7.265,1.8775,181.22,11.1803921568627,10.075,21,0.68,NA,0.0851219900677388,0.0685,0.068
"1321","Middle Sacramento River",12,2020,1,204.333333333333,0.136,0.225,7.66333333333333,1.185,175.666666666667,9.93280701754386,10.6566666666667,3.43333333333333,0.6,NA,0.0824566974063384,0.0575,0.09
"1322","Middle Sacramento River",12,2021,1,22.6666666666667,0.34975,0.046,7.62,0.666666666666667,158.2,10.8764150943396,9.7,93.9666666666667,0.185,NA,0.0740960063055641,0.06275,0.08
"1323","Middle Sacramento River",12,2022,1,43.6666666666667,0.337,0.05,7.81,2.07,159.75,9.4675,10.18,21.0333333333333,0.25,NA,0.0748292358438893,0.057,0.068
"1324","Mildred Island",5,2018,1,166,0.3515,0.03,7.65111111111111,1.62166666666667,291.445454545455,19.7709090909091,8.62,NA,NA,NA,0.13827635337241,0.0998,NA
"1325","Mildred Island",5,2021,2,163.5,0.61,0.04,7.68,12.945,491.375,20.4625,7.815,NA,NA,NA,0.236177985557557,0.1165,NA
"1326","Mildred Island",5,2022,1.5,173.2,0.263,0.05,8.04,2.31,374.38,19.24,6.335,NA,0.315,NA,0.178807960329348,0.058,0.067
"1327","Mildred Island",6,2020,3,177.333333333333,0.4775,0.02,7.5,0.99,344.016666666667,23.8658333333333,7.22,2.85,NA,NA,0.163879776891705,0.1,NA
"1328","Mildred Island",6,2022,2,189.2,0.14,0.05,7.7,1.185,395.733333333333,23.1683333333333,8.115,2.75,0.265,NA,0.189110970261434,0.083,0.082
"1329","Mildred Island",7,2016,2,103.666666666667,0.053,0.02,7.86,10.3,208.78,24.66,NA,7.655,NA,NA,0.0983603313350019,0.049,NA
"1330","Mildred Island",7,2018,4.25,155,0.2005,0.0175,7.72833333333333,4.8075,205.777777777778,24.88,8.725,5,NA,NA,0.0969416817558066,0.074,NA
"1331","Mildred Island",7,2020,4,175,0.2645,0.02,7.73,5.695,232.86,25.3225,7.44,4,NA,NA,0.10995411378603,0.116333333333333,NA
"1332","Mildred Island",7,2021,3.5,177.25,0.34,0.04,7.525,6.3625,590.8,25.188,7.355,3.9,NA,NA,0.285509041042438,0.137,NA
"1333","Mildred Island",7,2022,3,203.5,0.096,0.0433333333333333,7.56,2.135,481.4,24.9525,7.195,2.8,0.261,NA,0.231220740354735,0.083,0.079
"1334","Mildred Island",8,2020,3.75,140.25,0.1655,0.025,7.465,5.95,273.575,24.99,6.63,4.75,NA,NA,0.129601053856327,0.108,NA
"1335","Mildred Island",8,2022,2,187.5,0.09,0.045,7.365,1.43,359.05,24.805,6.88,2.45,0.182,NA,0.171135939849518,0.0885,0.062
"1336","Mildred Island",9,2015,2,155,0.186,0.02,7.72,3.52,594.333333333333,22.9666666666667,NA,3.9,NA,NA,0.287371432091067,0.0915,NA
"1337","Mildred Island",9,2017,4,198,0.211,0.02,7.72,1.85666666666667,194.9,21.5633333333333,NA,4.3,NA,NA,0.0917131239888238,0.067,NA
"1338","Mildred Island",10,2015,2,249,0.293,0.02,7.6425,2.7175,678.2,21.18,NA,2.406,NA,NA,0.329466070310951,0.099,NA
"1339","Mildred Island",10,2018,2.66666666666667,156,0.294,0.045,7.64,1.2425,411.883333333333,18.6525,8.33333333333333,2.6,NA,NA,0.197320319504717,0.150666666666667,NA
"1340","Mildred Island",10,2020,2.33333333333333,156.666666666667,1.1515,0.025,7.67,1.3975,340.766666666667,22.1,7.36,2.7,NA,NA,0.162219787867816,0.1665,NA
"1341","Mildred Island",10,2021,1.33333333333333,194,0.49,0.045,7.375,1.3975,559,19.2833333333333,7.49,7.7,NA,NA,0.269659267183097,0.144,NA
"1342","Mildred Island",10,2022,2.66666666666667,249.333333333333,0.05,0.05,7.58,2.405,492.266666666667,21.1466666666667,7.585,3.1,0.207,NA,0.236574597051247,0.052,0.059
"1343","Mildred Island",11,2022,1.66666666666667,240,0.192,0.05,7.64,1.275,516.566666666667,14.34,8.855,2.5,0.223,NA,0.248601229452546,0.064,0.072
"1344","Mildred Island",12,2022,1,217.333333333333,0.272,0.05,7.47,1.1,540,10.22,9.64,3.1,0.1,NA,0.260249740332603,0.05,0.056
"1345","Old River",1,2016,1,72,0.65,0.15,7.794,1.67,700,8.956,10.26,9.42,0.6,NA,0.340198543602465,0.03,0.08
"1346","Old River",1,2017,1,60,0.38,0.07,7.485,1.24,286,9.4825,9.83,22.3,0.3,NA,0.135633819445318,0.04,0.05
"1347","Old River",1,2018,1,160,0.5,0.09,7.56333333333333,0.5,542.2,10.344,9.71333333333333,NA,0.4,NA,0.261575403196515,0.05,0.06
"1348","Old River",1,2019,1,116,0.73,0.12,7.6975,1.13,632.15,9.951,9.76,NA,0.6,NA,0.306381996560432,0.057,0.07
"1349","Old River",1,2020,1,156,0.61,0.25,7.53,1.77333333333333,431.85,9.41625,10.0733333333333,NA,0.4,NA,0.206788021466081,0.05,0.062
"1350","Old River",1,2022,1,149.5,1.2,0.084,7.33,0.5,422.65,9.515,9.255,NA,0.787,NA,0.202350789438639,0.094,0.105
"1351","Old River",2,2016,1,12,0.85,0.11,7.82571428571429,5.41,352.771428571429,12.1757142857143,9.77,17.55,1.1,NA,0.168125207127655,0.04,0.16
"1352","Old River",2,2017,1,100,0.97,0.08,7.2525,0.83,258.5,12.042,9.565,NA,0.6,NA,0.122394194962538,0.11,0.11
"1353","Old River",2,2018,1,192,0.7,0.03,7.61,0.5,365.75,11.21,10.135,NA,0.6,NA,0.174403338534438,0.07,0.07
"1354","Old River",2,2019,1,124,1.01,0.07,7.54666666666667,0.89,343.05,9.90125,9.69333333333333,NA,0.7,NA,0.163323913546807,0.1,0.128
"1355","Old River",2,2020,1,44,0.53,0.12,7.68666666666667,2.58,317.866666666667,10.077,10.1733333333333,NA,0.33,NA,0.151066997884995,0.035,0.088
"1356","Old River",2,2022,1,108,0.683,0.05,7.545,0.5,329.6,11.355,10.26,NA,0.421,NA,0.156771877419617,0.054,0.223
"1357","Old River",3,2016,1,102,0.64,0.05,7.614,3.73,271.785714285714,15.6814285714286,8.325,8.41,0.6,NA,0.128749209906929,0.06,0.11
"1358","Old River",3,2017,1,64,0.57,0.04,7.2975,2,194.366666666667,14.4333333333333,9.44,NA,0.3,NA,0.0914469133740469,0.08,0.08
"1359","Old River",3,2018,1,189.666666666667,0.58,0.03,7.8075,2.75,328.083333333333,13.9216666666667,10.46,NA,0.5,NA,0.156054555695305,0.05,0.06
"1360","Old River",3,2019,1,126,1.06,0.05,7.52666666666667,1.18,328.24,13.6708,9.405,NA,0.6,NA,0.156158609978288,0.084,0.09
"1361","Old River",3,2020,1,130,0.47,0.25,7.69333333333333,3.8,327.225,14.33125,9.74333333333333,NA,0.34,NA,0.155617878991509,0.037,0.06
"1362","Old River",3,2021,1,180,0.738,0.051,7.67333333333333,2.7,460,12.87525,9.78,NA,0.545,NA,0.220686317466065,0.076,0.064
"1363","Old River",3,2022,1,156,0.387,0.05,7.865,2.32,310.2,13.6133333333333,10.345,NA,0.439,NA,0.147365110717319,0.05,0.051
"1364","Old River",4,2016,1,109.333333333333,0.36,0.06,7.765,1.39,244.05,18.5166666666667,7.735,7.04,0.7,NA,0.115338787738736,0.07,0.1
"1365","Old River",4,2017,1,92.3333333333333,0.3,0.04,7.39,1.97,166.2,15.5,9.15,NA,0.3,NA,0.0779226656722095,0.09,0.09
"1366","Old River",4,2018,1,149.666666666667,0.45,0.05,7.69333333333333,4.98,310.6,17.344,8.74,NA,0.7,NA,0.147545588848646,0.07,0.09
"1367","Old River",4,2019,1,172.666666666667,0.35,0.05,7.49,1,235.62,17.9094,8.925,NA,0.3,NA,0.111274297092584,0.059,0.06
"1368","Old River",4,2021,1,176.333333333333,0.5295,0.045,7.7675,18.875,424.7,17.3391666666667,9.05666666666667,NA,0.479,NA,0.203270965007535,0.0675,0.064
"1369","Old River",4,2022,1.33333333333333,167.333333333333,0.221,0.05,7.825,1.34,303.75,16.83,9.115,NA,0.307,NA,0.144217510248169,0.056,0.064
"1370","Old River",5,2016,1,77.6666666666667,0.01,0.01,8.1625,49.7,283.483333333333,19.93,9.33,6.02,0.6,NA,0.134389793467596,0.02,0.09
"1371","Old River",5,2017,1,78,0.28,0.05,7.39,1.06,156.857142857143,19.3328571428571,8.15,NA,0.4,NA,0.073460867496857,0.11,0.13
"1372","Old River",5,2018,1,155.333333333333,0.2775,0.03,7.6825,1.905,304.5,20.9033333333333,8.175,NA,0.4,NA,0.144596367167283,0.0785,0.08
"1373","Old River",5,2019,1,129.333333333333,0.184,0.05,7.44666666666667,1.37,196.56,17.8026,8.415,NA,0.3,NA,0.0925061198649093,0.067,0.07
"1374","Old River",5,2021,1.66666666666667,201.333333333333,0.193,0.035,7.77666666666667,2.755,456.2,20.2052,8.11,NA,0.323,NA,0.218827799483914,0.0685,0.06
"1375","Old River",5,2022,1,139.2,0.12,0.05,7.86,1.50333333333333,300.34,19.164,8.745,NA,0.244,NA,0.142560009282693,0.058,0.058
"1376","Old River",6,2008,1.33333333333333,59,0.5,0.02,7.76142857142857,3.01,383.930769230769,21.9153846153846,7.6,11.425,0.4,NA,0.183485063998771,0.06,0.1
"1377","Old River",6,2009,2.5,119,0.25,0.02,7.82636363636364,1.99,262.60625,22.9375,8.18333333333333,7.07333333333333,0.3,NA,0.12443410174146,0.06,0.08
"1378","Old River",6,2010,1,146.6,0.12,0.03,7.715,2.17,206.3,22.0636363636364,7.9,5.4175,0.3,NA,0.0971829122432772,0.05,0.07
"1379","Old River",6,2011,1.5,160.6,0.2,0.02,7.60833333333333,0.88,178.4,21.24,8.7,4.722,0.3,NA,0.0837743123476013,0.05,0.07
"1380","Old River",6,2012,2.5,109.4,0.2,0.05,7.95142857142857,1.99,255.181818181818,22.27,8.1675,6.76,0.4,NA,0.120712892796628,0.04,0.07
"1381","Old River",6,2013,1.5,93,0.44,0.03,7.66571428571429,2.07,292.654545454545,22.1,7.49666666666667,8.91,0.5,NA,0.138837166329324,0.06,0.08
"1382","Old River",6,2014,2,181.666666666667,0.21,0.01,8.28285714285714,1.11,704.083333333333,23.55,8.31666666666667,2.646,0.4,NA,0.342416844397847,0.08,0.11
"1383","Old River",6,2015,2,131.5,0.33,0.03,7.43166666666667,1.84,789.545454545455,24.0018181818182,6.785,4.665,0.4,NA,0.385355741274271,0.08,0.12
"1384","Old River",6,2016,3,108.2,0.15,0.04,7.80571428571429,2.68,254.781818181818,23.46,7.39333333333333,7.2,0.4,NA,0.120515870574177,0.05,0.1
"1385","Old River",6,2017,1,114.8,0.11,0.02,7.4325,1.1,182.375,22.87625,8.24,7.85,0.1,NA,0.0857589311181012,0.07,0.08
"1386","Old River",6,2018,1.8,139.8,0.11,0.02,7.74,2.16,225.142857142857,23.5071428571429,8.045,5.6,0.3,NA,0.106231509754521,0.07,0.08
"1387","Old River",6,2019,1,123.4,0.12,0.05,7.65,0.56,138.266666666667,23.3866666666667,7.775,8.75,0.3,NA,0.0645395929633992,0.07,0.07
"1388","Old River",6,2020,2.8,130.2,0.071,0.04,8.48666666666667,1.255,254.457142857143,22.8237142857143,8.14333333333333,5.4,0.3,NA,0.120356474792741,0.0855,0.09
"1389","Old River",6,2021,2.25,132,0.085,0.05,7.595,2.24,656.857142857143,23.3065714285714,7.375,4.7,0.315,NA,0.318592411518,0.077,0.076
"1390","Old River",6,2022,2,146.4,0.074,0.05,7.7,1.9,438.583333333333,23.0166666666667,7.52,3.1,0.269,NA,0.21020161550849,0.08,0.083
"1391","Old River",7,2008,3,62.3333333333333,0.52,0.02,7.62,2.96,372.1,23.5307692307692,7,11.6,0.4,NA,0.177706354784084,0.08,0.1
"1392","Old River",7,2009,3,150,0.17,0.02,8.08142857142857,1.62,333.377777777778,23.9,8.74,7.27333333333333,0.2,NA,0.158724360447051,0.06,0.08
"1393","Old River",7,2010,1.5,124.75,0.07,0.02,8.297,1.1,193.492307692308,22.7769230769231,7.6,5.36,0.3,NA,0.0910477326192153,0.06,0.07
"1394","Old River",7,2011,1.5,141.5,0.1,0.02,7.5975,1.41,132.028571428571,24.4428571428571,7.4,4.4,0.2,NA,0.061551950989226,0.06,0.08
"1395","Old River",7,2012,3,157.25,0.09,0.02,8.785,2.54,347.428571428571,23.2142857142857,9.075,5.87,0.3,NA,0.165543483066395,0.06,0.06
"1396","Old River",7,2013,3,119,0.17,0.01,8.135,4.31,458.955555555556,23.9,8.24,6.24,0.4,NA,0.22063924597909,0.06,0.09
"1397","Old River",7,2014,3.5,176.5,0.05,0.01,8.27833333333333,3.42,734.888888888889,24.6222222222222,7.655,4.07333333333333,0.4,NA,0.357734604602427,0.1,0.12
"1398","Old River",7,2015,2,108.75,0.16,0.02,7.51571428571429,4.58,738.4,24.901,6.58,5.9525,0.4,NA,0.359496712869407,0.07,0.1
"1399","Old River",7,2016,2.66666666666667,120.25,0.06,0.01,7.9725,4.3,368.771428571429,23.9985714285714,8.505,9.26,0.4,NA,0.175884212438913,0.04,0.06
"1400","Old River",7,2017,1,98.25,15.2,0.05,7.515,5.41,126.714285714286,24.9314285714286,7.525,8.3,0.2,NA,0.0590074690390212,0.09,0.1
"1401","Old River",7,2018,4,152.5,0.075,0.015,8.195,3.84,246.085714285714,24.5,8.51,4.45,0.2,NA,0.116321498049787,0.068,0.07
"1402","Old River",7,2019,1,153,0.05,0.05,8.76,0.81,130.25,23.965,8.72,4.35,0.217,NA,0.0607004582484988,0.07,0.07
"1403","Old River",7,2020,3.2,182.25,0.0525,0.035,8.71666666666667,2.625,254.785714285714,24.4785714285714,8.01666666666667,17.5,0.4,NA,0.120559598250002,0.084,0.08
"1404","Old River",7,2021,3.4,130.5,0.049,0.045,7.52,10.315,690.5,25.5261666666667,6.71666666666667,5,0.314,NA,0.335386296328807,0.0915,0.102
"1405","Old River",7,2022,2.75,146.75,0.05,0.05,7.785,4.72666666666667,581.5,24.925,7.41,3.6,0.293,NA,0.280858931801602,0.068,0.083
"1406","Old River",8,2007,2,117,0.14,0.03,NA,3.75,665.6875,23.7375,8.57,7,0.3,NA,0.323217457805788,0.04,0.07
"1407","Old River",8,2008,4,83,0.26,0.02,7.912,3.56,616.428571428571,23.9,7.5,7.42,0.2,NA,0.298288889962297,0.07,0.08
"1408","Old River",8,2009,3,168.666666666667,0.07,0.01,8.32333333333333,1.51,674.636363636364,23.2363636363636,8.2,8.99,0.2,NA,0.327517528641564,0.04,0.05
"1409","Old River",8,2010,2,191.666666666667,0.04,0.01,8.555,1.17,329.8875,22,8.8,3.8525,0.2,NA,0.156965209321223,0.04,0.06
"1410","Old River",8,2011,1,181.333333333333,0.06,0.02,8.008,1.38,156.3,23.2571428571429,8.4,3.6725,0.2,NA,0.073176739598854,0.05,0.07
"1411","Old River",8,2012,3,168,0.03,0.01,8.78166666666667,3.27,462.075,23.1666666666667,9.02666666666667,3.5975,0.3,NA,0.221721674205713,0.05,0.08
"1412","Old River",8,2013,3,138,0.04,0.02,8.624,2.06,688.571428571429,22.8285714285714,8.95,3.66333333333333,0.2,NA,0.334516793248773,0.06,0.06
"1413","Old River",8,2014,3,158,0.03,0.01,7.99,3.77,642.888888888889,23.9444444444444,7.43,3.1875,0.4,NA,0.311514654905393,0.06,0.12
"1414","Old River",8,2015,2.5,118,0.11,0.02,7.514,3.32,699.666666666667,24.4616666666667,6.56,5.225,0.4,NA,0.339993677404612,0.07,0.1
"1415","Old River",8,2016,3.33333333333333,168.333333333333,0.06,0.02,8.095,2.75,427.916666666667,23.2433333333333,8.37,6.23333333333333,0.2,NA,0.204859496543961,0.05,0.07
"1416","Old River",8,2017,1,149,0.12,0.02,7.7075,1.99,179.888888888889,24.3211111111111,7.44333333333333,4.85,0.4,NA,0.0844820795241043,0.08,0.08
"1417","Old River",8,2018,3,185.666666666667,0.055,0.023,8.28,2.47,384.6,23.66,8.29,4,0.2,NA,0.183746748671454,0.07,0.07
"1418","Old River",8,2019,2.6,180.666666666667,0.058,0.05,8.15,1.09,208.44,25.1156,8.025,6,0.264,NA,0.0982031788955093,0.07,0.072
"1419","Old River",8,2020,3.2,149.666666666667,0.065,0.035,8.38,2.805,448.56,24.3844,7.605,4.7,0.3,NA,0.215054181247099,0.073,0.1
"1420","Old River",8,2021,2.6,109.333333333333,0.084,0.05,7.54333333333333,15.5,622.8,24.6646,6.82333333333333,5.55,0.476,NA,0.301467593059067,0.083,0.096
"1421","Old River",8,2022,1.75,149.25,0.051,0.05,7.7,3.21,441.85,24.4075,6.94,4.85,0.285,NA,0.211703934432363,0.06,0.07
"1422","Old River",9,2007,2,133.5,0.09,0.02,NA,1.69,788.714285714286,21.9714285714286,8.56333333333333,8,0.2,NA,0.38491152997614,0.04,0.06
"1423","Old River",9,2008,3,101.5,0.2,0.03,7.86714285714286,2.29,755.555555555556,22.6333333333333,7.6,6.69,0.3,NA,0.368194786843236,0.06,0.08
"1424","Old River",9,2009,2,193.5,0.06,0.01,8.252,1.42,726.545454545455,23.4090909090909,8.69,4.755,0.1,NA,0.353542609174046,0.05,0.05
"1425","Old River",9,2010,2,206,0.06,0.02,8.63,1.3,663,22.4777777777778,8.8,4.24666666666667,0.3,NA,0.321880526289914,0.04,0.05
"1426","Old River",9,2011,2,242,0.06,0.02,8.24714285714286,4.24,181.85,23.1375,8.8,6.928,0.3,NA,0.0854224174623935,0.03,0.07
"1427","Old River",9,2012,2,275,0.04,0.02,8.49,1.09,791,21.66,9.17,2.2,0.3,NA,0.386158088562053,0.04,0.07
"1428","Old River",9,2013,2,185,0.06,0.01,8.57,1.83,776.375,21.83375,8.42666666666667,3.42666666666667,0.3,NA,0.37880043609719,0.06,0.08
"1429","Old River",9,2014,3,209.5,0.03,0.01,7.842,6.27,675,22.9666666666667,7.96,3.69,0.3,NA,0.327608462250534,0.09,0.1
"1430","Old River",9,2015,2,107.5,0.16,0.02,7.625,3.12,631,23.2,6.605,6.275,0.3,NA,0.305579038615042,0.08,0.11
"1431","Old River",9,2016,4.5,192,0.07,0.01,8.28428571428571,2.33,713.75,22.05,8.91333333333333,2.46,0.3,NA,0.347198669840655,0.06,0.08
"1432","Old River",9,2017,4,213,0.1135,0.025,7.66,2.145,174.2,23.85,7.775,3.4,0.2,NA,0.0817528322314129,0.0675,0.07
"1433","Old River",9,2018,3,190.5,0.07,0.02,8.28,1.7,754.5,21.095,8.72,3.1,0.2,NA,0.367622196054681,0.066,0.08
"1434","Old River",9,2019,2.33333333333333,252,0.062,0.05,8.01333333333333,1.1,177.266666666667,23.356,7.72666666666667,NA,0.19,NA,0.0832236975691912,0.065,0.069
"1435","Old River",9,2020,3,173.5,0.05,0.05,8.15,5.04,891.5,22.642,7.97,4.2,0.3,NA,0.437182533622028,0.059,0.078
"1436","Old River",9,2021,2,131,0.081,0.05,7.46333333333333,2.87,535.75,23.5795,6.76333333333333,5.4,0.263,NA,0.258129438213708,0.076,0.063
"1437","Old River",9,2022,1.5,168.5,0.05,0.05,7.8,1.2,481.5,24.355,6.82,3.6,0.163,NA,0.23124809581178,0.066,0.069
"1438","Old River",10,2007,3,151.5,0.15,0.03,8.15777777777778,1.22,629.363636363636,17.7818181818182,9.814,12,0.3,NA,0.304773006345867,0.04,0.06
"1439","Old River",10,2008,3,112,0.2,0.02,7.8225,2.52,588.4,18.47,7.9,9.79,0.4,NA,0.284315130678301,0.05,0.08
"1440","Old River",10,2009,2,177,0.08,0.01,8.1,1.44,548.914285714286,17.9857142857143,8.83,4.67333333333333,0.2,NA,0.264731465858397,0.05,0.07
"1441","Old River",10,2010,2,256,0.09,0.01,8.01555555555556,1.07,630.9,20.37,8.95,3.91,0.2,NA,0.30553329512351,0.04,0.05
"1442","Old River",10,2011,3,272,0.16,0.02,7.822,1.55,163.866666666667,19.45,8.555,1.78,0.2,NA,0.0768005953355006,0.04,0.05
"1443","Old River",10,2012,3,231.5,0.05,0.02,8.0475,0.05,641.6,19.52,8.405,2.985,0.2,NA,0.310890637046694,0.04,0.07
"1444","Old River",10,2013,2,131.5,0.04,0.01,8.17,1.84,501.216666666667,17.7166666666667,9.055,3.655,0.2,NA,0.240995067731602,0.06,0.06
"1445","Old River",10,2014,3,260.5,0.06,0.02,7.73833333333333,4.53,719.857142857143,21.3,7.72,2.18,0.3,NA,0.350161474109792,0.08,0.1
"1446","Old River",10,2015,2.5,191.5,0.08,0.01,7.71142857142857,2.34,760.5,20.5575,7.39666666666667,3.76333333333333,0.3,NA,0.370764059586835,0.07,0.1
"1447","Old River",10,2016,3,347.5,0.22,0.03,8.166,1.51,776.833333333333,18.2333333333333,8.48,2.405,0.3,NA,0.378982257799504,0.08,0.08
"1448","Old River",10,2017,1.5,264,0.08,0.02,7.678,1.62,162.942857142857,18.0642857142857,8.64,3.3,0.2,NA,0.0763577341441166,0.05,0.05
"1449","Old River",10,2018,2.75,259,0.147,0.0235,8.0775,1.745,685.2,18.616,9,2.8,0.2,NA,0.332786968814814,0.062,0.07
"1450","Old River",10,2019,2.25,230.5,0.13,0.11,7.8975,1.83,160.08,18.4318,8.89333333333333,3.2,0.2,NA,0.074985623353329,0.051,0.05
"1451","Old River",10,2020,2,220,0.085,0.045,7.94,1.93,607.666666666667,21.664,8.14,3.1,0.2,NA,0.293911406528201,0.0685,0.07
"1452","Old River",10,2021,1.25,169.333333333333,0.055,0.035,7.76333333333333,1.72,725,17.67975,8.24,6.1,0.174,NA,0.352808688232721,0.055,0.05
"1453","Old River",10,2022,2.33333333333333,242,0.05,0.05,7.84,1.605,615.666666666667,21.0133333333333,7.945,2.8,0.169,NA,0.297895924547857,0.05,0.051
"1454","Old River",11,2007,2,174.5,0.47,0.05,7.6975,0.67,547.9,15.0333333333333,8.8,10,1.1,NA,0.264165457542071,0.06,0.12
"1455","Old River",11,2008,2,152,0.56,0.05,7.762,1.59,721.571428571429,14.9714285714286,8.6,9.845,0.4,NA,0.351110758664546,0.07,0.1
"1456","Old River",11,2009,1,180,0.34,0.03,7.78375,1.38,425.722222222222,14.4777777777778,8.9,3.65333333333333,0.3,NA,0.20377996642578,0.05,0.07
"1457","Old River",11,2010,1,218,0.25,0.04,7.88818181818182,1.1,577.416666666667,13.95,8.6,3.8125,0.3,NA,0.278862700389199,0.04,0.06
"1458","Old River",11,2011,1,260,0.19,0.04,7.72833333333333,1.9,158.914285714286,14.1571428571429,9.585,3.04666666666667,0.2,NA,0.0744284766891688,0.04,0.04
"1459","Old River",11,2012,2,254,0.2,0.03,7.575,1.67,509.7,17.08,8.135,2.11,0.3,NA,0.245208695989743,0.05,0.07
"1460","Old River",11,2013,1,286.5,0.22,0.03,7.73333333333333,1.17,616.714285714286,13.8571428571429,9.52333333333333,2.24,0.3,NA,0.298478209468731,0.06,0.08
"1461","Old River",11,2014,2,294,0.25,0.03,7.67571428571429,3.3,767.375,16.3875,8.17333333333333,1.58,0.3,NA,0.37413929557293,0.08,0.1
"1462","Old River",11,2015,2,181,0.18,0.02,7.8,1.91,835.4,14.036,8.565,4.73,0.3,NA,0.408573459852554,0.07,0.07
"1463","Old River",11,2016,2,311,0.39,0.06,7.825,1.2,819.6,15.528,8.35,2.535,0.3,NA,0.400657645327841,0.08,0.09
"1464","Old River",11,2017,1.16666666666667,233.5,0.38,0.05,7.486,1.14,191.614285714286,15.3557142857143,8.57666666666667,3.3,0.3,NA,0.0901084511314362,0.06,0.06
"1465","Old River",11,2018,1.75,182,0.487,0.072,7.83333333333333,1.3,598.5,15.37,9.19,3.8,0.32,NA,0.289340623384818,0.053,0.07
"1466","Old River",11,2019,1,226,0.22,0.2,7.27,1.85,187.5,15.01,8.27,2.9,0.21,NA,0.0881340830093595,0.06,0.051
"1467","Old River",11,2020,2,256,0.16,0.05,7.71,1.65,655.75,15.1985,9.35,2.1,0.2,NA,0.317969019836046,0.054,0.05
"1468","Old River",11,2021,1.5,135,0.431,0.062,7.31,0.72,542.75,15.77225,7.61,12.9,0.426,NA,0.261621303956045,0.069,0.075
"1469","Old River",11,2022,1.25,237.333333333333,0.082,0.05,7.76,1.595,643.666666666667,13.7866666666667,9.34,2.4,0.203,NA,0.311915037020858,0.05,0.052
"1470","Old River",12,2007,1,121.5,0.6,0.14,7.57833333333333,1.43,702.5,9.15875,10.2,7,0.4,NA,0.341661273105301,0.05,0.07
"1471","Old River",12,2008,1,151,0.62,0.04,7.61125,1.14,819.7,9.46,8.6,8.5,0.4,NA,0.400625275604406,0.07,0.08
"1472","Old River",12,2009,1,204,0.5,0.05,7.81375,1.19,573.68,9.59,10.2,9.37,0.2,NA,0.277140958169876,0.04,0.05
"1473","Old River",12,2010,1,256,0.38,0.06,7.625,0.96,433.8,10.9571428571429,9.1,4.33666666666667,0.4,NA,0.207883206076824,0.04,0.05
"1474","Old River",12,2011,1,202,0.35,0.08,7.6825,1.6,330.56,8.98,10.365,3.835,0.4,NA,0.157715848116681,0.04,0.05
"1475","Old River",12,2012,1,190,0.47,0.11,7.45,0.26,565,12.1,8.84,5.38333333333333,0.3,NA,0.2733010701207,0.04,0.07
"1476","Old River",12,2013,1,259.5,0.46,0.09,7.518,1.27,707.166666666667,8.23333333333333,10.575,2.445,0.4,NA,0.343810440867058,0.06,0.08
"1477","Old River",12,2014,1,195,0.78,0.16,7.518,0.45,778.8,12.8833333333333,8.575,3.35,0.5,NA,0.380426015704568,0.06,0.08
"1478","Old River",12,2015,1,156,0.32,0.02,7.884,8.8,968,10.2966666666667,11.055,4.84,0.4,NA,0.476170847416676,0.03,0.07
"1479","Old River",12,2016,1,183,0.57,0.08,7.8775,1.49,782.84,10.16,9.76,4.725,0.4,NA,0.382929234981268,0.06,0.05
"1480","Old River",12,2017,1,171,0.51,0.07,7.535,1.69,506,10.0466666666667,9.995,9.3,0.4,NA,0.243767400180181,0.06,0.06
"1481","Old River",12,2018,1,220,0.555,0.102,8.16,0.9,702.75,11.3875,9.19,2.7,0.41,NA,0.341557753582202,0.059,0.07
"1482","Old River",12,2019,1,88,0.38,0.13,7.54,0.69,215.1,10.54575,10.12,9,0.32,NA,0.101391890974882,0.16,0.037
"1483","Old River",12,2020,1,309,0.31,0.05,7.61,1.05,695.5,10.41525,9.92666666666667,2.4,0.3,NA,0.337900847161643,0.051,0.04
"1484","Old River",12,2021,1.25,168.666666666667,0.471,0.05,7.34666666666667,0.5,525.5,12.51675,8.22333333333333,4.4,0.336,NA,0.253121344742769,0.069,0.07
"1485","Old River",12,2022,1,201.333333333333,0.243,0.06,7.56,0.915,819.666666666667,9.98666666666667,9.83,5.4,0.281,NA,0.400579596495946,0.05,0.049
"1486","Really Far South",1,2016,1,NA,1,0.07,7.416,2.85,548.8,11.8972222222222,9.622,NA,0.6,NA,0.264721335195756,0.15,0.15
"1487","Really Far South",1,2017,1,NA,0.902666666666667,0.106666666666667,7.58,2.01,377.5,9.64264150943396,8.71,NA,0.6,NA,0.182648446323406,0.163666666666667,0.17
"1488","Really Far South",1,2018,1,NA,1.21666666666667,0.03,7.66666666666667,5.66,585.333333333333,11.5515384615385,10.27,NA,0.3,NA,0.283209784935141,0.0943333333333333,0.08
"1489","Really Far South",1,2019,1,NA,2.73,0.27,7.69,7.12,1377,10.6322352941176,9.94,NA,0.8,NA,0.690605226809529,0.185,0.26
"1490","Really Far South",1,2020,1,NA,1.37666666666667,0.0966666666666667,7.8725,4.5,668.75,11.1263636363636,10.99,NA,0.45,NA,0.324511694039892,0.111333333333333,NA
"1491","Really Far South",1,2021,1,NA,1.59,0.035,7.9,NA,840.5,10.5074074074074,10.85,NA,NA,NA,0.411139530947485,0.051,NA
"1492","Really Far South",1,2022,1,NA,1.4814,0.131,7.61,1.39,543.666666666667,10.5498,10.11,NA,0.854,NA,0.262155400125602,0.119666666666667,0.165
"1493","Really Far South",2,2016,1,NA,1.19666666666667,0.0466666666666667,7.736,5.01,920.8,14.19,9.098,NA,1.4,NA,0.452069404068147,0.15,0.37
"1494","Really Far South",2,2017,1,NA,0.428,0.04,7.31,5.15,174.25,11.6571153846154,9.1225,NA,0.5,NA,0.0817808545405466,0.105,0.1
"1495","Really Far South",2,2018,1,NA,0.899666666666667,0.02,7.8425,14.77,602.75,11.55196875,10.4,NA,0.9,NA,0.291999821210892,0.071,0.27
"1496","Really Far South",2,2019,1,NA,0.820333333333333,0.0743333333333333,7.5,6.87,667.96,10.8332244897959,10.31,NA,1.1,NA,0.330576136789468,0.109333333333333,0.28
"1497","Really Far South",2,2020,1,NA,0.776666666666667,0.0933333333333333,7.858,6.92,873.6,12.1225098039216,10.572,NA,0.22,NA,0.432131883933229,0.0786666666666667,0.12
"1498","Really Far South",2,2021,1,NA,1.4,0.03,7.8,NA,948.5,12.5965517241379,9.8,NA,NA,NA,0.466731796766237,0.089,NA
"1499","Really Far South",2,2022,1,NA,0.58475,0.0433333333333333,7.65666666666667,4.79,358,10.143,11.0966666666667,NA,0.396,NA,0.170612700314174,0.038,0.058
"1500","Really Far South",3,2016,1,NA,0.59,0.02,7.99,16.87,904.6,15.6377777777778,9.422,NA,0.7,NA,0.44389878869192,0.135,0.22
"1501","Really Far South",3,2017,1,NA,0.273,0.02,7.19666666666667,6.58,140,13.4494117647059,9.85666666666667,NA,0.3,NA,0.0653689502980459,0.069,0.09
"1502","Really Far South",3,2018,1,NA,0.944,0.02,7.51,16.46,418,13.9945454545455,9.795,NA,0.5,NA,0.201107119259871,0.075,0.14
"1503","Really Far South",3,2019,1,NA,0.37,0.035,7.695,3.1,285.675,12.8081481481481,9.62,NA,0.371,NA,0.135876164668279,0.0615,0.078
"1504","Really Far South",3,2020,1,NA,0.65,0.25,7.6975,8.63,1211.5,14.433625,8.9975,NA,0.39,NA,0.60624630265908,0.08,0.18
"1505","Really Far South",3,2021,1,NA,0.9265,0.045,7.885,25.51,1170.7,16.6062641509434,10.6,NA,0.505,NA,0.581685115223278,0.055,0.105
"1506","Really Far South",3,2022,1,NA,0.719,0.045,7.785,3.79,583,14.635,9.745,NA,0.364,NA,0.282045353171018,0.061,0.067
"1507","Really Far South",4,2016,1,NA,0.41,0.03,7.775,61.94,641.5,20.385,8.3025,NA,3.1,NA,0.312211963101133,0.06,0.54
"1508","Really Far South",4,2017,1,NA,0.25,0.03,7.71,5.18,381,14.5871153846154,9.61333333333333,NA,0.4,NA,0.184710614527458,0.08,0.09
"1509","Really Far South",4,2018,1,NA,0.248666666666667,0.0133333333333333,7.38,8.27,238.1,15.5882452830189,8.99,NA,0.4,NA,0.112501630501781,0.059,0.1
"1510","Really Far South",4,2019,1,NA,0.284,0.035,7.3675,4.3,312.725,14.3331176470588,9,NA,0.312,NA,0.149890610436349,0.0425,0.09
"1511","Really Far South",4,2021,1,NA,0.666,0.035,7.89666666666667,18.59,715,17.5354848484848,10.1333333333333,NA,0.739,NA,0.350583403889516,0.0445,0.116
"1512","Really Far South",4,2022,1,NA,0.907666666666667,0.045,7.67,1.92,609.5,16.825,8.965,NA,0.473,NA,0.29483814662838,0.0805,0.099
"1513","Really Far South",5,2016,1,NA,0.283333333333333,0.02,7.94333333333333,30.78,379.833333333333,17.8088,9.66666666666667,NA,0.7,NA,0.181428268939572,0.0333333333333333,0.13
"1514","Really Far South",5,2017,1,NA,0.139666666666667,0.0133333333333333,7.362,5.4,107.8,15.8734285714286,8.955,NA,0.4,NA,0.0499424589625224,0.0483333333333333,0.08
"1515","Really Far South",5,2018,1,NA,0.325333333333333,0.0133333333333333,7.4075,5.71,249,16.535,9.62,NA,0.3,NA,0.118137228599793,0.0413333333333333,0.08
"1516","Really Far South",5,2019,1,NA,0.329333333333333,0.03,7.27333333333333,1.65,113.566666666667,15.2615384615385,9.69333333333333,NA,0.2,NA,0.0527055528546386,0.0433333333333333,0.07
"1517","Really Far South",5,2020,1,NA,0.6835,0.02,7.8,NA,635.425,19.8395,9.15,NA,NA,NA,0.312514062409036,0.034,NA
"1518","Really Far South",5,2021,1,NA,0.68425,0.0433333333333333,7.5925,1.23,380,19.2816981132075,8.32,NA,0.24,NA,0.181745785091298,0.0403333333333333,0.051
"1519","Really Far South",5,2022,1,NA,0.532333333333333,0.045,7.43666666666667,1.31,196.333333333333,19.1666666666667,8.82666666666667,NA,0.212,NA,0.0923744804577728,0.0385,0.042
"1520","Really Far South",6,2016,1,NA,0.24,0.0233333333333333,8.7825,67.96,396,27.11,11.9,NA,1.2,NA,0.189223690365618,0.0333333333333333,0.14
"1521","Really Far South",6,2017,1,NA,0.21,0.02,7.21,6.24,94.5,18.66,8.7,NA,0.4,NA,0.0435711778036366,0.0455,0.08
"1522","Really Far South",6,2018,1,NA,0.692,0.015,8.05,48.4,468.75,21.6193103448276,8.5775,NA,0.8,NA,0.225289148994278,0.0515,0.13
"1523","Really Far South",6,2019,1,NA,0.142,0.03,7.1,3.18,118.86,19.8356603773585,7.454,NA,0.311,NA,0.055254056825973,0.069,0.1
"1524","Really Far South",6,2020,1,NA,0.42,0.05,7.765,11.09,532.75,21.8097777777778,8.945,NA,0.3,NA,0.261201174646431,0.05,0.05
"1525","Really Far South",6,2021,1,NA,0.536666666666667,0.045,7.665,1.65,303.25,19.7098529411765,8.25,NA,0.124,NA,0.145330876207504,0.039,0.037
"1526","Really Far South",6,2022,1,NA,0.3735,0.05,7.52,1.63,111,19.9066666666667,8.93666666666667,NA,0.141,NA,0.0514792154038556,0.05,0.027
"1527","Really Far South",7,2016,1,NA,0.413333333333333,0.02,8.675,71.01,566.5,24.825,12.8375,NA,1.4,NA,0.273519292032396,0.03,0.13
"1528","Really Far South",7,2017,1,NA,0.318333333333333,0.0233333333333333,7.694,12.63,157,19.6263461538462,8.79,NA,0.4,NA,0.0735114385463303,0.0383333333333333,0.08
"1529","Really Far South",7,2018,3,NA,1.0005,0.015,8.184,71.87,939.6,26.4966666666667,8.61,NA,0.8,NA,0.464950588249916,0.051,0.14
"1530","Really Far South",7,2019,1,NA,0.693,0.03,7.978,38.1,702.7,20.26425,9.532,NA,0.613,NA,0.347078500280796,0.0663333333333333,0.132
"1531","Really Far South",7,2020,1,60,0.8245,0.03,7.768,32.5,400.62,23.7456111111111,8.05,NA,0.5,NA,0.191754632418003,0.054,0.078
"1532","Really Far South",7,2021,1,NA,0.1844,0.0433333333333333,7.5125,2.41,284.24,19.9043818181818,8.7925,NA,0.154,NA,0.137030191953013,0.025,0.03
"1533","Really Far South",7,2022,1.5,NA,0.526,0.05,7.72333333333333,4.03,221.333333333333,25.7033333333333,8.83333333333333,NA,0.158,NA,0.104390834879482,0.05,0.046
"1534","Really Far South",8,2015,1,NA,0.3,0.015,7.61666666666667,3.8,455.2,25.9,8.73333333333333,36,0.4,NA,0.219120872426851,0.03,0.04
"1535","Really Far South",8,2016,1,NA,0.875,0.04,7.77,9.16,488,25.2558823529412,8.49,NA,0.4,NA,0.234492560980344,0.045,0.09
"1536","Really Far South",8,2017,1,NA,0.424666666666667,0.0233333333333333,7.305,12.24,168,18.5881355932203,9.1975,NA,0.4,NA,0.0787880479872842,0.0476666666666667,0.07
"1537","Really Far South",8,2018,1.75,NA,1.33266666666667,0.0166666666666667,7.805,23.2,840.5,25.1775901639344,7.4,NA,0.5,NA,0.415364098179531,0.1,0.155
"1538","Really Far South",8,2019,1.5,NA,0.739666666666667,0.03,7.84,19.2,468.316666666667,20.3524166666667,8.67333333333333,NA,0.447,NA,0.228923802928442,0.0596666666666667,0.07
"1539","Really Far South",8,2020,1.66666666666667,40,1.565,0.035,7.92,19.27,736.2,25.9708269230769,7.638,NA,0.5,NA,0.359544576739284,0.0605,0.1
"1540","Really Far South",8,2021,1,110,0.247,0.045,7.29333333333333,1.06,150.8,19.7972727272727,8.59666666666667,NA,0.372,NA,0.0705643016801835,0.033,0.031
"1541","Really Far South",8,2022,1.5,NA,0.326,0.05,7.28666666666667,7.78,310,23.74,7.37,NA,0.183,NA,0.147259735124637,0.05,0.045
"1542","Really Far South",9,2015,1,NA,0.585,0.02,7.6575,2.13,806.5,22.59375,7.7975,35,0.3,NA,0.395182329825821,0.02,0.03
"1543","Really Far South",9,2016,1,NA,0.85,0.02,7.77666666666667,10.02,522,22.41,8.81333333333333,NA,0.6,NA,0.25143974774662,0.04,0.1
"1544","Really Far South",9,2017,1,NA,0.674,0.01,7.37,10.39,200,19.405,8.34,NA,0.2,NA,0.0941484427746839,0.068,0.1
"1545","Really Far South",9,2018,1.33333333333333,NA,1.775,0.015,7.81,41.84,934,22.3639393939394,7.92,NA,0.8,NA,0.464975077875102,0.142,0.26
"1546","Really Far South",9,2019,1,NA,1.03,0.035,7.418,7.43,433.04,21.2043823529412,7.486,NA,0.413,NA,0.210342991607377,0.085,0.109
"1547","Really Far South",9,2020,1,NA,2.38666666666667,0.035,7.854,10.39,999,22.2215294117647,8.094,NA,0.4,NA,0.495013606301328,0.0925,0.08
"1548","Really Far South",9,2021,1,NA,0.487,0.045,7.525,1.87,1168.5,21.8466842105263,6.5925,NA,0.182,NA,0.595332298273243,0.0385,0.036
"1549","Really Far South",9,2022,1,NA,0.783,0.05,7.245,2.01,200,23.8,7.105,NA,0.121,NA,0.0941337270609651,0.05,0.037
"1550","Really Far South",10,2015,1,NA,0.35,0.02,7.34,1.63,557.075,21.5588235294118,6.44,37,0.2,NA,0.271382035971713,0.035,0.06
"1551","Really Far South",10,2016,1,NA,0.536,0.025,7.38,4.97,259.333333333333,17.4143396226415,8.18333333333333,NA,0.6,NA,0.122726377860775,0.0735,0.09
"1552","Really Far South",10,2017,1,NA,0.72,0.02,7.51,8.48,334,16.3346153846154,8.905,NA,0.3,NA,0.159237481348885,0.07,0.08
"1553","Really Far South",10,2018,1,NA,1.75,0.02,7.51,5.55,1300.83333333333,18.5951666666667,7.13,NA,0.621,NA,0.653912541556362,0.133,0.193
"1554","Really Far South",10,2019,2.5,NA,1.205,0.11,7.6775,2.16,877.325,16.4398679245283,7.4675,NA,0.13,NA,0.436629590549206,0.115,0.1
"1555","Really Far South",10,2020,1,NA,1.4155,0.045,7.69,11.16,880.8,19.146,8.14,NA,0.437,NA,0.435752408904431,0.0665,0.09
"1556","Really Far South",10,2021,1,NA,1.13733333333333,0.045,7.10666666666667,2.49,537.333333333333,17.5701320754717,7.93,NA,0.322,NA,0.260662362395793,0.0405,0.049
"1557","Really Far South",10,2022,1,NA,0.3245,0.05,7.28,1.07,240,19.48,7.745,NA,0.194,NA,0.113380716983822,0.05,0.044
"1558","Really Far South",11,2015,1,NA,0.51,0.01,7.455,2.62,416.725,16.3375,9.2275,29,0.2,NA,0.200687951414851,0.06,0.04
"1559","Really Far South",11,2016,1,NA,1.345,0.025,7.58333333333333,5.66,601.666666666667,14.9015151515152,8.19666666666667,NA,0.7,NA,0.291421132580799,0.1525,0.2
"1560","Really Far South",11,2017,1,NA,1.37,0.03,7.63666666666667,6.29,475.666666666667,13.4439393939394,8.95333333333333,NA,0.7,NA,0.228828975609121,0.0935,0.18
"1561","Really Far South",11,2018,1,NA,1.705,0.045,7.5925,3.33,1124.75,12.7496875,8.6875,NA,0.334,NA,0.562330555413868,0.153,0.15
"1562","Really Far South",11,2019,2,NA,1.475,0.085,7.655,2.34,839.475,13.23621875,9.235,NA,0.29,NA,0.41638541784968,0.1705,0.14
"1563","Really Far South",11,2020,2,NA,1.755,0.045,7.66666666666667,2.74,1033.33333333333,12.3348125,9.19666666666667,NA,0.309,NA,0.515430189088769,0.0635,0.09
"1564","Really Far South",11,2021,1,NA,1.22933333333333,0.04,7.57333333333333,1.44,707,13.3054509803922,7.59,NA,0.264,NA,0.345174094602893,0.0705,0.069
"1565","Really Far South",11,2022,1,NA,0.7035,0.05,7.37,3.51,363,12.87,8.73,NA,0.459,NA,0.173050600620623,0.05,0.091
"1566","Really Far South",12,2015,1,NA,0.8,0.015,7.7725,1.21,535.075,11.3190476190476,11.0233333333333,26,0.3,NA,0.257920622953696,0.06,0.08
"1567","Really Far South",12,2016,1,NA,1.48333333333333,0.0266666666666667,7.78,3.16,786,10.0145614035088,10.2975,NA,0.6,NA,0.383550793561643,0.166333333333333,0.16
"1568","Really Far South",12,2017,1,NA,1.20333333333333,0.02,7.64666666666667,3.62,403.333333333333,9.57547169811321,10.65,NA,0.4,NA,0.192853802098905,0.0863333333333333,0.11
"1569","Really Far South",12,2018,1,NA,1.71,0.069,7.63,3.65,1185.4,11.7281132075472,9.058,NA,0.674,NA,0.591355962158814,0.166,0.21
"1570","Really Far South",12,2019,1,NA,1.32333333333333,0.0933333333333333,7.575,4.74,491.625,10.8775185185185,8.825,NA,0.53,NA,0.236446307115168,0.144,0.13
"1571","Really Far South",12,2020,1,NA,1.583,0.0433333333333333,7.786,2.35,969.4,10.2819807692308,10.92,NA,0.3,NA,0.478190599273455,0.0463333333333333,0.07
"1572","Really Far South",12,2021,1,NA,1.3325,0.11,7.74,1.39,769.75,10.1627142857143,9.9075,NA,0.166,NA,0.378267087431125,0.111,0.05
"1573","Really Far South",12,2022,1,NA,1.18,0.05,7.3,1.47,471,10.76,9.56,NA,0.273,NA,0.226062859174813,0.068,0.079
"1574","Rock Slough and Discovery Bay",1,2019,1,NA,0.28,0.09,7.61,NA,703.666666666667,10.74,NA,NA,0.6,NA,0.342222881107628,0.057,0.07
"1575","Rock Slough and Discovery Bay",1,2020,1,NA,0.495,0.05,7.72,NA,453.366666666667,9.217,10.83,NA,0.3,NA,0.217370211637059,0.05,0.04
"1576","Rock Slough and Discovery Bay",1,2022,1,NA,0.773,0.05,NA,NA,NA,NA,NA,NA,0.466,NA,NA,0.051,0.052
"1577","Rock Slough and Discovery Bay",2,2019,1,NA,0.29,0.05,NA,NA,504.533333333333,10.2123333333333,NA,NA,0.7,NA,0.242838919147814,0.091,0.104
"1578","Rock Slough and Discovery Bay",2,2020,1,NA,0.34,0.05,8.18333333333333,NA,345.633333333333,10.2816666666667,11.54,NA,0.3,NA,0.164580022504926,0.05,0.03
"1579","Rock Slough and Discovery Bay",2,2022,1,NA,0.405,0.05,NA,NA,NA,NA,NA,NA,0.447,NA,NA,0.05,0.036
"1580","Rock Slough and Discovery Bay",3,2019,1,NA,0.249,0.05,7.87,NA,469.833333333333,15.8163333333333,NA,NA,0.6,NA,0.225679770305208,0.05,0.04
"1581","Rock Slough and Discovery Bay",3,2020,1,NA,0.157,0.05,7.88,NA,361.733333333333,15.717,10.0033333333333,NA,0.5,NA,0.172434981186395,0.05,0.03
"1582","Rock Slough and Discovery Bay",3,2021,1,NA,0.414,0.05,7.93,NA,524,12.288,10.04,NA,0.369,NA,0.252276317239317,NA,0.041
"1583","Rock Slough and Discovery Bay",3,2022,1.66666666666667,NA,0.202,0.05,NA,NA,NA,NA,NA,NA,0.378,NA,NA,0.05,0.046
"1584","Rock Slough and Discovery Bay",4,2019,1,NA,0.122,0.05,7.57666666666667,NA,291.933333333333,21.263,NA,NA,0.3,NA,0.138496644864471,0.05,0.04
"1585","Rock Slough and Discovery Bay",4,2020,1,NA,0.05,0.05,8.01333333333333,NA,326.433333333333,17.289,9.93666666666667,NA,0.4,NA,0.155234508145141,0.05,0.05
"1586","Rock Slough and Discovery Bay",4,2021,2,NA,0.077,0.05,7.98333333333333,NA,451.1,17.9433333333333,NA,NA,0.531,NA,0.216258288296404,NA,0.063
"1587","Rock Slough and Discovery Bay",4,2022,1,NA,0.05,0.05,NA,NA,NA,NA,NA,NA,0.306,NA,NA,0.05,0.057
"1588","Rock Slough and Discovery Bay",5,2019,1,NA,0.153,0.05,7.72666666666667,NA,230.233333333333,17.8926666666667,NA,NA,0.3,NA,0.108674383008358,0.055,0.07
"1589","Rock Slough and Discovery Bay",5,2020,2.33333333333333,NA,0.05,0.05,7.47666666666667,NA,300.266666666667,20.6843333333333,6.87666666666667,NA,0.4,NA,0.142522204533033,0.087,0.1
"1590","Rock Slough and Discovery Bay",5,2021,1,NA,0.05,0.05,7.99333333333333,NA,427.866666666667,20.8483333333333,7.91333333333333,NA,0.33,NA,0.204823879298306,NA,0.058
"1591","Rock Slough and Discovery Bay",6,2019,1,NA,0.05,0.05,7.69333333333333,NA,118.166666666667,24.1966666666667,NA,NA,0.3,NA,0.0549146485237656,0.089,0.09
"1592","Rock Slough and Discovery Bay",6,2020,2.33333333333333,NA,0.05,0.05,7.79,NA,259.866666666667,23.192,7.74333333333333,NA,0.3,NA,0.122967033213937,0.086,0.09
"1593","Rock Slough and Discovery Bay",6,2021,1,NA,0.05,0.05,7.52666666666667,NA,677.333333333333,22.5256666666667,7.24,NA,0.336,NA,0.328776267256664,0.08,0.06
"1594","Rock Slough and Discovery Bay",7,2020,2,NA,0.05,0.05,8.185,NA,247.5,25.604,8.18,NA,0.3,NA,0.116997359910902,0.144,0.114
"1595","Rock Slough and Discovery Bay",7,2021,2.33333333333333,NA,0.05,0.05,NA,NA,712,25.1526666666667,5.45,NA,0.288,NA,0.346195404899415,0.086,0.112
"1596","Rock Slough and Discovery Bay",7,2022,1,NA,0.05,0.05,NA,NA,NA,NA,NA,NA,0.304,NA,NA,0.091,0.101
"1597","Rock Slough and Discovery Bay",8,2018,1.33333333333333,NA,0.01,0.01,8.38333333333333,NA,438.666666666667,24.27,NA,NA,1.03,NA,0.210228221324342,0.105,0.18
"1598","Rock Slough and Discovery Bay",8,2019,2,NA,0.05,0.05,7.775,NA,170.933333333333,26.0863333333333,NA,NA,0.15,NA,0.080187533921221,0.08,0.075
"1599","Rock Slough and Discovery Bay",8,2020,2,NA,0.05,0.05,7.59,NA,413.766666666667,25.1293333333333,6.37,NA,0.44,NA,0.197910434119522,NA,0.07
"1600","Rock Slough and Discovery Bay",8,2021,1,NA,0.05,0.05,7.72666666666667,NA,679.666666666667,25.2463333333333,6.19333333333333,NA,0.569,NA,0.329953009556747,0.143,0.184
"1601","Rock Slough and Discovery Bay",8,2022,1,NA,0.05,0.05,NA,NA,NA,NA,NA,NA,0.42,NA,NA,0.08,0.091
"1602","Rock Slough and Discovery Bay",9,2018,1,NA,0.01,0.01,8.37333333333333,NA,780.666666666667,21.2666666666667,NA,NA,0.6,NA,0.380837624437087,0.077,0.129
"1603","Rock Slough and Discovery Bay",9,2019,1.5,NA,0.05,0.05,7.55,NA,179.033333333333,23.3666666666667,7.57,NA,0.444,NA,0.0840705142224764,0.071,0.092
"1604","Rock Slough and Discovery Bay",9,2020,2.33333333333333,NA,0.05,0.05,7.54333333333333,NA,855,22.2843333333333,6.48666666666667,NA,0.3,NA,0.418643467522379,NA,0.07
"1605","Rock Slough and Discovery Bay",9,2021,1.33333333333333,NA,0.05,0.05,7.58333333333333,NA,547,22.652,6.67333333333333,NA,0.293,NA,0.263693427656661,0.05,0.046
"1606","Rock Slough and Discovery Bay",9,2022,1,NA,0.05,0.05,NA,NA,NA,NA,NA,NA,0.357,NA,NA,0.05,0.049
"1607","Rock Slough and Discovery Bay",10,2018,2,NA,0.01,0.014,8.28,NA,760.333333333333,19.1966666666667,NA,NA,0.7,NA,0.370607433949133,0.064,0.111
"1608","Rock Slough and Discovery Bay",10,2019,1.33333333333333,NA,0.05,0.05,7.65333333333333,NA,166.2,17.4383333333333,8.57333333333333,NA,0.192,NA,0.07791801781633,0.05,0.034
"1609","Rock Slough and Discovery Bay",10,2020,1,NA,0.05,0.05,NA,NA,612,20.6396666666667,NA,NA,0.313,NA,0.296065091608299,NA,0.04
"1610","Rock Slough and Discovery Bay",10,2021,1,NA,0.05,0.05,8.23333333333333,NA,676.666666666667,16.034,10.1133333333333,NA,0.1,NA,0.328458578505518,0.05,0.074
"1611","Rock Slough and Discovery Bay",10,2022,1,NA,0.05,0.05,NA,NA,NA,NA,NA,NA,0.188,NA,NA,0.05,0.046
"1612","Rock Slough and Discovery Bay",11,2018,1.33333333333333,NA,0.05,0.05,8.03333333333333,NA,708.666666666667,15.28,NA,NA,0.3,NA,0.344648911067399,0.05,0.07
"1613","Rock Slough and Discovery Bay",11,2020,1,NA,0.05,0.05,7.85333333333333,NA,662,13.0573333333333,10.0833333333333,NA,0.2,NA,0.321082114476179,0.05,0.05
"1614","Rock Slough and Discovery Bay",11,2021,1,NA,0.05,0.05,7.7,NA,648.333333333333,15.149,8.68,NA,0.23,NA,0.314323637950063,0.05,0.032
"1615","Rock Slough and Discovery Bay",11,2022,1.33333333333333,NA,0.05,0.05,NA,NA,NA,NA,NA,NA,0.165,NA,NA,0.05,0.018
"1616","Rock Slough and Discovery Bay",12,2018,1,NA,0.055,0.05,NA,NA,686,11.4766666666667,NA,NA,0.292,NA,0.333130441910958,0.05,0.034
"1617","Rock Slough and Discovery Bay",12,2019,1,NA,0.141,0.05,7.7,NA,195.733333333333,10.158,10.4033333333333,NA,0.207,NA,0.0920855138446475,0.05,0.039
"1618","Rock Slough and Discovery Bay",12,2021,1,NA,0.05,0.05,7.57,NA,563,11.9126666666667,8.61333333333333,NA,0.196,NA,0.271660706533844,0.05,0.025
"1619","Sacramento River near Rio Vista",1,2016,1,37.3333333333333,0.648,0.182,7.808,2.29333333333333,1833.62,9.1,10.6333333333333,46.55,0.675,NA,0.946379340400201,0.062,0.1125
"1620","Sacramento River near Rio Vista",1,2017,1,24,0.336666666666667,0.116666666666667,7.53666666666667,1.96,166.4,8.92666666666667,10.845,38.8,0.5,NA,0.0780160024883204,0.106666666666667,0.115
"1621","Sacramento River near Rio Vista",1,2018,1,120,0.387325293333333,0.29932296,7.51,1.955,831.866666666667,10.0975,9.93333333333333,NA,0.55,NA,0.333322998506433,0.0705610133333333,0.07
"1622","Sacramento River near Rio Vista",1,2019,1,46,0.4785,0.2305,7.75666666666667,1.76333333333333,264.366666666667,9.109,9.96,NA,0.6,NA,0.125288345256929,0.084,0.1165
"1623","Sacramento River near Rio Vista",1,2020,1,140,0.354736095,0.1847598675,7.845,1.4825,286,9.30666666666667,10.5666666666667,NA,0.34,NA,0.123846492062122,0.06591622,NA
"1624","Sacramento River near Rio Vista",1,2022,1,62,0.5625,0.05,7.58333333333333,0.8275,235.033333333333,9.2375,10.12,NA,0.357666666666667,NA,0.10574124290631,0.064,0.0736666666666667
"1625","Sacramento River near Rio Vista",2,2016,1,20,0.408020653333333,0.167353663333333,7.695,1.55,195.05,11.34,9.7,17.6,0.8,NA,0.0983887120164596,0.0569324533333333,0.07
"1626","Sacramento River near Rio Vista",2,2017,1,20,0.28,0.0466666666666667,7.275,6.25666666666667,161.666666666667,10.8266666666667,10.295,NA,0.4,NA,0.0757557965619584,0.06,0.105
"1627","Sacramento River near Rio Vista",2,2018,1,116,0.3650149875,0.20350674,7.46,1.526,209.3,11.69025,9.88,NA,0.45,NA,0.098952163977813,0.06484544,0.085
"1628","Sacramento River near Rio Vista",2,2019,1,50,0.376246855,0.1097423675,7.4,1.454,203,9.43825,9.99,NA,0.5,NA,0.0891872348665371,0.07692726,0.085
"1629","Sacramento River near Rio Vista",2,2020,1,110,0.38926711,0.234998735,7.76,1.186,284.633333333333,10.881,10.425,NA,0.48,NA,0.128767874181622,0.063387485,0.13
"1630","Sacramento River near Rio Vista",2,2022,1,123,0.297,0.05,7.88666666666667,1.405,273.866666666667,10.535,11.01,NA,0.214333333333333,NA,0.119872777371793,0.0523333333333333,0.0513333333333333
"1631","Sacramento River near Rio Vista",3,2016,1,40.5,0.247998983333333,0.115661156666667,7.955,3.446,201.628571428571,13.22,8.86666666666667,42.7,0.5,NA,0.091930825827334,0.04551644,0.09
"1632","Sacramento River near Rio Vista",3,2017,1,33.2857142857143,0.202656316666667,0.05068367,7.48333333333333,4.5,151.833333333333,12.526,10.49,25.77,0.25,NA,0.0709346969707497,0.0437612466666667,0.075
"1633","Sacramento River near Rio Vista",3,2018,1,88.125,0.332600984,0.234005988,7.6,1.625,196.688888888889,12.8219,9.85666666666667,NA,0.5,NA,0.0923318150925014,0.061876352,0.07
"1634","Sacramento River near Rio Vista",3,2019,1,35.25,0.209189486,0.0484042,7.57,5.29333333333333,161.2,12.0161,9.53333333333333,NA,0.275,NA,0.0779784653043102,0.05435064,0.09
"1635","Sacramento River near Rio Vista",3,2020,1,173.4,0.32,0.23,7.83,2.34333333333333,257.183333333333,13.6798333333333,9.96,NA,0.315,NA,0.121774689707383,0.0595,0.087
"1636","Sacramento River near Rio Vista",3,2021,1,109.571428571429,0.4234,0.1018,7.905,4.586,801.614285714286,12.8171428571429,10.2,NA,0.399333333333333,NA,0.401352551301823,0.0768,0.09
"1637","Sacramento River near Rio Vista",3,2022,1,109.833333333333,0.208333333333333,0.05,8.13,1.635,257.833333333333,14.4328571428571,10.75,NA,0.217666666666667,NA,0.11462531441557,0.05,0.0396666666666667
"1638","Sacramento River near Rio Vista",4,2016,1,79,0.20675,0.1575,7.78333333333333,4.7325,170.488888888889,17.3566666666667,8.95,8.745,0.55,NA,0.0799775149585332,0.056,0.085
"1639","Sacramento River near Rio Vista",4,2017,1,50.1428571428571,0.1292636275,0.049993745,7.65,5.02833333333333,136.111111111111,13.947,9.9075,NA,0.25,NA,0.066505260584681,0.035820935,0.045
"1640","Sacramento River near Rio Vista",4,2018,1,87.25,0.1760098675,0.1135117475,7.52,1.866,135.611111111111,15.1421,9.27,NA,0.25,NA,0.0649411649977484,0.04408213,0.045
"1641","Sacramento River near Rio Vista",4,2019,1,63.75,0.121993894,0.060598094,7.49,2.82333333333333,143.533333333333,15.446,9.78666666666667,NA,0.2085,NA,0.0683549441146598,0.043223112,0.065
"1642","Sacramento River near Rio Vista",4,2021,1,111.333333333333,0.293,0.059,7.91333333333333,6.3175,490.822222222222,16.7377777777778,9.48666666666667,NA,0.4035,NA,0.239915481760782,0.071,0.085
"1643","Sacramento River near Rio Vista",4,2022,1,98.2222222222222,0.232666666666667,0.05,7.89333333333333,2.4125,438.266666666667,16.949,9.2075,NA,0.238333333333333,NA,0.201163076780569,0.0736666666666667,0.0893333333333333
"1644","Sacramento River near Rio Vista",5,2016,1,72.7142857142857,0.24325,0.1625,8.385,35.238,169.1625,18.70125,9.85,18.9,NA,NA,0.0793665341829707,0.05225,NA
"1645","Sacramento River near Rio Vista",5,2017,1,72.125,0.0955,0.0675,7.62,1.956,180.1,17.813,9.84,NA,0.2,NA,0.0847127653527445,0.034,0.04
"1646","Sacramento River near Rio Vista",5,2018,1,138.25,0.250208996,0.241792882,7.78142857142857,2.23,187.184615384615,19.1635714285714,8.97428571428572,NA,0.45,NA,0.0881323718926545,0.0754819555555556,0.07
"1647","Sacramento River near Rio Vista",5,2019,1,100.375,0.11698332,0.127011493333333,7.48666666666667,1.6075,119.577777777778,15.9666,9.24333333333333,NA,0.2325,NA,0.0560292019535678,0.0457229333333333,0.045
"1648","Sacramento River near Rio Vista",5,2021,1,74.4,0.282,0.05525,7.9975,2.225,1289.3,19.035,8.87666666666667,NA,0.281,NA,0.654960726081734,0.09775,0.0935
"1649","Sacramento River near Rio Vista",5,2022,1,72,0.1995,0.05,8.0375,2.062,834.666666666667,19.1976923076923,9.112,NA,0.2565,NA,0.39072818609119,0.06425,0.0755
"1650","Sacramento River near Rio Vista",6,2008,1,46.7272727272727,0.42091035,0.18713352,7.99,3.63,337.745454545455,20.5975,9.1,17.675,NA,NA,0.154129647100212,0.07309864,NA
"1651","Sacramento River near Rio Vista",6,2009,1.25,60.6428571428571,0.35773878,0.08852424,7.71,3.35,272.866666666667,21.196875,8.7,12.05,NA,NA,0.126432238131013,0.04893892,NA
"1652","Sacramento River near Rio Vista",6,2010,1,72.3636363636364,0.17298645,0.10477236,7.68666666666667,1.875,136.738461538462,20.5228571428571,8.5,12.8571428571429,NA,NA,0.0642506306051311,0.04924866,NA
"1653","Sacramento River near Rio Vista",6,2011,1,81.7272727272727,0.11415705,0.06471234,7.54666666666667,2.1,115.307692307692,17.9414285714286,9,10.6271428571429,NA,NA,0.0547176973656344,0.02911556,NA
"1654","Sacramento River near Rio Vista",6,2012,1.25,76.2,0.25436712,0.18223107,7.82666666666667,3.08,317.330769230769,21.2242857142857,7.95,12.0333333333333,NA,NA,0.147310840975396,0.06132852,NA
"1655","Sacramento River near Rio Vista",6,2013,1,61,0.3825,0.1225,7.915,3.36,226.025,21.25,8.3,15.88,NA,NA,0.106877719168315,0.0675,NA
"1656","Sacramento River near Rio Vista",6,2014,1.16666666666667,65.8666666666667,0.52761978,0.06269134,7.9,2.476,1269.0625,22.4170588235294,8.23333333333333,17.5428571428571,0.433333333333333,NA,0.635772286988944,0.08140388,0.12
"1657","Sacramento River near Rio Vista",6,2015,1,60.2857142857143,0.558833333333333,0.0616666666666667,7.8475,2.7725,1645.93333333333,22.3706666666667,7.9,16,0.433333333333333,NA,0.849562081087432,0.0925,0.12
"1658","Sacramento River near Rio Vista",6,2016,1.2,88.4545454545455,0.2,0.0875,7.98666666666667,10.5683333333333,250.746153846154,22.0061538461538,8.66,11.3333333333333,0.5,NA,0.118932554302722,0.055,0.11
"1659","Sacramento River near Rio Vista",6,2017,1,92.75,0.158001576666667,0.129115385,7.34333333333333,2.3025,183.076923076923,20.8433333333333,8.525,14.75,0.25,NA,0.0826377833877344,0.04065941,0.05
"1660","Sacramento River near Rio Vista",6,2018,1,123.083333333333,0.279491605,0.1660079875,7.52666666666667,2.598,172.384615384615,21.2802857142857,8.20333333333333,9.575,0.4,NA,0.0808776316841131,0.07432336,0.075
"1661","Sacramento River near Rio Vista",6,2019,1,100.5,0.105998995,0.069000745,7.52,1.058,118.423076923077,20.1387857142857,8.62,9.725,0.25,NA,0.0568188403462205,0.044548855,0.045
"1662","Sacramento River near Rio Vista",6,2020,2,116.3,0.288333333333333,0.12,7.9425,1.946,210.87,22.1034166666667,8.405,6.05,0.3,NA,0.0995620462010577,0.0823333333333333,0.085
"1663","Sacramento River near Rio Vista",6,2021,1.125,86.6428571428571,0.239,0.05125,7.9,1.965,1477.14285714286,22.2357142857143,8.44333333333333,12.725,0.21325,NA,0.7562891021238,0.09125,0.097
"1664","Sacramento River near Rio Vista",6,2022,1.55555555555556,96.2666666666667,0.1732,0.05,7.95,1.644,1222.8,23.1373333333333,8.07,10.4,0.2046,NA,0.626296931019071,0.063,0.068
"1665","Sacramento River near Rio Vista",7,2008,1,58,0.34709346,0.08026011,NA,3.5,374.6,22.6836363636364,7.6,6,NA,NA,0.171133014729578,0.06690384,NA
"1666","Sacramento River near Rio Vista",7,2009,1.25,75.4,0.14903448,0.10799397,7.72,3.125,355.685714285714,21.7675,8.1,10.2,NA,NA,0.156770793527912,0.0294253,NA
"1667","Sacramento River near Rio Vista",7,2010,1,63.5,0.18307149,0.11331663,7.95,4.595,150.744444444444,21.229,8.25,12.815,NA,NA,0.0694967331202529,0.04831944,NA
"1668","Sacramento River near Rio Vista",7,2011,1,76.5,0.1694847,0.11933964,7.375,1.56,122.311111111111,21.472,7.8,13.7533333333333,NA,NA,0.0572086696186659,0.0449123,NA
"1669","Sacramento River near Rio Vista",7,2012,1.5,90.5,0.16962477,0.13390692,7.8,3.21,146.75,22.3055555555556,7.5,8.15,NA,NA,0.0676494138626001,0.05172658,NA
"1670","Sacramento River near Rio Vista",7,2013,1.25,87.625,0.16010001,0.1232616,7.85333333333333,3.57,228.144444444444,23.5763636363636,8.5,9.11333333333333,NA,NA,0.104186664768585,0.0557532,NA
"1671","Sacramento River near Rio Vista",7,2014,2,80.7777777777778,0.340092525,0.059521,7.90666666666667,4.798,891.727272727273,23.7072727272727,7.975,15.6133333333333,0.4,NA,0.415033003455745,0.0801331,0.116666666666667
"1672","Sacramento River near Rio Vista",7,2015,2,68.5454545454545,0.40760712,0.0355802866666667,7.892,3.405,2188.92307692308,22.8614285714286,8.025,13.0714285714286,0.425,NA,1.08222244447088,0.08719198,0.1175
"1673","Sacramento River near Rio Vista",7,2016,1.8,95,0.182,0.116666666666667,7.92,4.6825,302.1,22.661,8.84,11.9783333333333,0.3,NA,0.145287827492033,0.0463333333333333,0.07
"1674","Sacramento River near Rio Vista",7,2017,1,76.3333333333333,0.207199092,0.107991988,7.57,10.2728571428571,128.6,23.3741666666667,8.2775,16.775,0.3,NA,0.0599250765382834,0.047212588,0.06
"1675","Sacramento River near Rio Vista",7,2018,1.625,94.5,0.2297341025,0.128750615,7.74125,7.05166666666667,243.135714285714,22.5906666666667,8.03714285714286,6.55,0.3,NA,0.112487137787831,0.06654758,0.085
"1676","Sacramento River near Rio Vista",7,2019,1,103.111111111111,0.200646313333333,0.164005313333333,7.62,2.02,132.74,22.2161818181818,8.01666666666667,7.825,0.243,NA,0.0626317478256375,0.0700478066666667,0.06
"1677","Sacramento River near Rio Vista",7,2020,2.11111111111111,126.5,0.197666666666667,0.0633333333333333,7.78333333333333,4.135,195.125,22.8683333333333,8.31333333333333,5.23333333333333,0.3,NA,0.0920330225777157,0.0606666666666667,0.0665
"1678","Sacramento River near Rio Vista",7,2021,2.375,88.4285714285714,0.0904,0.046,7.91,3.56,1625.92857142857,22.9007142857143,8.42666666666667,8.5,0.22875,NA,0.842314992907923,0.078,0.0825
"1679","Sacramento River near Rio Vista",7,2022,1.625,113.875,0.08775,0.05,7.995,2.4925,687.125,22.6825,8.1675,7.025,0.19325,NA,0.340636138225485,0.05775,0.07025
"1680","Sacramento River near Rio Vista",8,2008,1,72,0.28700343,0.14791392,8.03,3.11333333333333,1123.8,22.5366666666667,8.3,19.1333333333333,NA,NA,0.486493156221665,0.04924866,NA
"1681","Sacramento River near Rio Vista",8,2009,1,73.8,0.15659826,0.15099546,7.95,3.95,379,21.5642857142857,8.56,6.28,NA,NA,0.167173996874418,0.04677074,NA
"1682","Sacramento River near Rio Vista",8,2010,1,77.2,0.14021007,0.12844419,7.88,4.55,241.285714285714,21.05125,8.5,11.4414285714286,NA,NA,0.109157333628082,0.04769996,NA
"1683","Sacramento River near Rio Vista",8,2011,1,94,0.19273632,0.12298146,7.82,4.285,161.942857142857,21.79375,8.4,9.79428571428571,NA,NA,0.0764010190072509,0.04924866,NA
"1684","Sacramento River near Rio Vista",8,2012,1.5,124.8,0.1190595,0.11611803,7.75666666666667,3.745,265.157142857143,21.55125,8.4,8.455,NA,NA,0.118115085677275,0.04862918,NA
"1685","Sacramento River near Rio Vista",8,2013,1.5,106.2,0.15589791,0.16794393,7.815,2.01,334.166666666667,22.3671428571429,8.2,7.17,NA,NA,0.150552017639285,0.06163826,NA
"1686","Sacramento River near Rio Vista",8,2014,2,74.2,0.33601339,0.057806896,7.9775,2.944,2083.33333333333,22.6642857142857,8.05,10.2,0.333333333333333,NA,0.951250599581378,0.079915312,0.113333333333333
"1687","Sacramento River near Rio Vista",8,2015,1.25,71,0.304842525,0.0472161,7.95666666666667,2.41,1757.2,22.6885714285714,8.69,9.7,0.6,NA,0.693121150763912,0.08567076,0.1
"1688","Sacramento River near Rio Vista",8,2016,2.2,124.4,0.146660486666667,0.0929831466666667,8.06,13.724,212.666666666667,21.85875,8.84333333333333,10.174,0.4,NA,0.0954628324596016,0.0519502,0.07
"1689","Sacramento River near Rio Vista",8,2017,1,111.166666666667,0.4839922375,0.13300149,7.57,2.998,171.628571428571,21.91,8.13666666666667,6.175,0.25,NA,0.0792894283764116,0.0584383,0.06
"1690","Sacramento River near Rio Vista",8,2018,1.42857142857143,155.833333333333,0.187238235,0.1280175,7.67333333333333,2.296,307.571428571429,21.89525,8.13,5.6,0.25,NA,0.139188917770996,0.069506965,0.07
"1691","Sacramento River near Rio Vista",8,2019,1.28571428571429,134.666666666667,0.19400862,0.0990357625,7.67666666666667,3.038,149.842857142857,22.622625,8.04333333333333,7.05,0.278,NA,0.0688287027846024,0.066352095,0.065
"1692","Sacramento River near Rio Vista",8,2020,1.8,139.833333333333,0.187666666666667,0.0633333333333333,7.865,2.27333333333333,220.166666666667,23.1516666666667,8.32,3.4,0.2375,NA,0.104062846676657,0.0673333333333333,0.0665
"1693","Sacramento River near Rio Vista",8,2021,2.125,87.125,0.0755,0.05,8.0425,4.5,1214.375,22.29875,8.29,7.55,0.25425,NA,0.627529739719442,0.07475,0.0795
"1694","Sacramento River near Rio Vista",8,2022,2.125,92,0.089,0.05,7.935,2.2875,1222.875,22.7675,8.1525,10.375,0.15925,NA,0.620207339852288,0.05525,0.068
"1695","Sacramento River near Rio Vista",9,2007,1,67,0.1988994,0.12760377,NA,2.735,274.285714285714,20.4275,8.2,11,NA,NA,0.127157423759479,0.05327528,NA
"1696","Sacramento River near Rio Vista",9,2008,1.5,45.5,0.35773878,0.13348671,8.02,2.68333333333333,763.333333333333,20.617,7.5,19.4666666666667,NA,NA,0.355011539907712,0.06783306,NA
"1697","Sacramento River near Rio Vista",9,2009,1,57.5,0.31403694,0.11933964,8.04333333333333,3.14333333333333,556,21.588,8.27,14.6477777777778,NA,NA,0.255283044758787,0.0650454,NA
"1698","Sacramento River near Rio Vista",9,2010,1,81.1428571428571,0.15337665,0.13908951,7.92,2.78,632.375,19.9122222222222,8.6,9.2175,NA,NA,0.287775843827266,0.04769996,NA
"1699","Sacramento River near Rio Vista",9,2011,1.16666666666667,85.7142857142857,0.14371182,0.12200097,7.925,5.18,164.3625,21.3311111111111,8.4,17.2675,NA,NA,0.0773688146878678,0.0511071,NA
"1700","Sacramento River near Rio Vista",9,2012,1,121.714285714286,0.16598295,0.13180587,7.75,2.58,282.875,20.6077777777778,8.4,6.8,NA,NA,0.132381244459576,0.0588506,NA
"1701","Sacramento River near Rio Vista",9,2013,1.5,80,0.24120054,0.20674332,7.88,2.31,544.375,21.4611111111111,8.6,9.81142857142857,NA,NA,0.246145801391535,0.07836422,NA
"1702","Sacramento River near Rio Vista",9,2014,1.66666666666667,83.2222222222222,0.3360104825,0.0627626225,7.98,4.972,1166.5,22.5790909090909,7.88333333333333,9.03142857142857,0.3,NA,0.552118946731588,0.08840745,0.11
"1703","Sacramento River near Rio Vista",9,2015,2,81,0.36413174,0.0601900925,7.822,3.02857142857143,1986.90909090909,22.63,7.6625,10.31125,0.35,NA,1.11511873778266,0.1001307525,0.1025
"1704","Sacramento River near Rio Vista",9,2016,1.625,110.25,0.2227563675,0.094505995,7.80333333333333,1.88,544,20.1309090909091,8.375,6.04,0.4,NA,0.235011555097987,0.069553395,0.11
"1705","Sacramento River near Rio Vista",9,2017,1.28571428571429,116.125,0.173610098,0.138787386,7.50333333333333,2.55,152.722222222222,21.812,8.12,8.16666666666667,0.25,NA,0.071315789696778,0.058412588,0.07
"1706","Sacramento River near Rio Vista",9,2018,1.44444444444444,132.625,0.19579659,0.123006494,7.94666666666667,1.75833333333333,497.666666666667,20.6289,8.32333333333333,7.9,0.25,NA,0.227160255480366,0.077632192,0.075
"1707","Sacramento River near Rio Vista",9,2019,1.44444444444444,91.625,0.168007745,0.13276037,7.62333333333333,1.472,157.211111111111,21.0674,8.13,6.55,0.3255,NA,0.0742514012650166,0.059064435,0.055
"1708","Sacramento River near Rio Vista",9,2020,1.88888888888889,145.222222222222,0.244666666666667,0.074,7.92666666666667,2.9875,436.222222222222,21.4533333333333,8.11,4.16666666666667,0.3,NA,0.212714895584029,0.083,0.08
"1709","Sacramento River near Rio Vista",9,2021,2,103.7,0.100804796,0.044398198,7.9325,1.776,1643.7,22.5827272727273,8.2675,12.4666666666667,0.20575,NA,0.812855858606017,0.070637392,0.06525
"1710","Sacramento River near Rio Vista",9,2022,1.4,88.8,0.1285,0.05,7.895,2.06,1711.3,21.731,8.4275,12.4,0.16725,NA,0.889215532305518,0.05875,0.06625
"1711","Sacramento River near Rio Vista",10,2007,1,67.875,0.36684333,0.23895942,NA,1.72333333333333,458.875,17.1033333333333,8.85,19.95,NA,NA,0.211113183304183,0.06752332,NA
"1712","Sacramento River near Rio Vista",10,2008,1.5,49.125,0.4692345,0.08222109,7.97,2.3,873.111111111111,17.491,8.4,15.1133333333333,NA,NA,0.429156830522782,0.0665941,NA
"1713","Sacramento River near Rio Vista",10,2009,1,54.125,0.42371175,0.25548768,7.945,1.74666666666667,744.3,17.2536363636364,8.63666666666667,14.741,NA,NA,0.346869922220452,0.07340838,NA
"1714","Sacramento River near Rio Vista",10,2010,1,75.375,0.316040475,0.09685591,7.7775,1.74666666666667,563.8,19.3354545454545,8.2,8.271,0.3,NA,0.262736994501626,0.04803147,0.06
"1715","Sacramento River near Rio Vista",10,2011,1,128.333333333333,0.20478234,0.13810902,7.75,6.5,125.857142857143,16.63625,NA,7.79142857142857,NA,NA,0.0587726581558909,0.04212464,NA
"1716","Sacramento River near Rio Vista",10,2012,1,60.75,0.14701348,0.045970475,8.42666666666667,46.2333333333333,449,18.765,9.925,14,0.5,NA,0.205073900008768,0.03292076,0.11
"1717","Sacramento River near Rio Vista",10,2013,1.83333333333333,70.375,0.369529715,0.149087015,7.8575,2.14,1187.9,17.8636363636364,8.75,12.29125,0.2,NA,0.556656413744297,0.0733636,0.08
"1718","Sacramento River near Rio Vista",10,2014,1.83333333333333,77.2222222222222,0.39558977,0.092592286,7.846,3.41285714285714,2137.81818181818,21.2438461538462,7.66666666666667,11.88375,0.3,NA,1.07500242165843,0.097602188,0.1
"1719","Sacramento River near Rio Vista",10,2015,1.66666666666667,101.555555555556,0.47399006,0.0980039966666667,7.89,2.36833333333333,1741.54545454545,20.8461538461538,7.98,14.2842857142857,0.366666666666667,NA,0.860280693406426,0.0952642733333333,0.1
"1720","Sacramento River near Rio Vista",10,2016,1,95,0.390839155,0.145502743333333,7.57,1.92625,2056.3,17.6133333333333,8.29833333333333,11.55,0.425,NA,0.935783828562006,0.08338224,0.0975
"1721","Sacramento River near Rio Vista",10,2017,1.25,122.125,0.2314938575,0.161993485,7.46,2.47,126.988888888889,16.839,9.19666666666667,7.78333333333333,0.3,NA,0.0592256029440781,0.054444955,0.05
"1722","Sacramento River near Rio Vista",10,2018,1.2,107.555555555556,0.314710414285714,0.133276417142857,7.82454545454545,1.33,792.117647058824,18.2763333333333,8.75181818181818,6.01666666666667,0.318333333333333,NA,0.381387610215322,0.0790253184615385,0.0866666666666667
"1723","Sacramento River near Rio Vista",10,2019,1.44444444444444,142,0.235686153333333,0.219001143333333,7.73666666666667,1.3675,132.833333333333,17.5234,9.1375,7.81666666666667,0.16,NA,0.062741272368409,0.07879392,0.0605
"1724","Sacramento River near Rio Vista",10,2020,1.7,122.8,0.264166666666667,0.052,7.8075,2.184,745.1,19.902,8.3475,3.6,0.233333333333333,NA,0.375198771781783,0.0843333333333333,0.0866666666666667
"1725","Sacramento River near Rio Vista",10,2021,1.36363636363636,82.5454545454545,0.221341476666667,0.0546698316666667,7.896,1.81,1776.27272727273,16.2441666666667,8.438,8.48333333333333,0.185,NA,0.867560930651155,0.0612937133333333,0.0668
"1726","Sacramento River near Rio Vista",10,2022,1.6,90.7,0.1375,0.05,8.145,2.2,1435.5,19.993,8.86,10.2666666666667,0.16625,NA,0.732173632947599,0.062,0.06475
"1727","Sacramento River near Rio Vista",11,2007,1,64.875,0.43463721,0.19805898,NA,3.31,871.375,15.6955555555556,9,18.25,NA,NA,0.406097699530597,0.0758863,NA
"1728","Sacramento River near Rio Vista",11,2008,1,75.1111111111111,0.47875926,0.32370177,NA,1.345,1486.33333333333,15.454,8.56666666666667,17,NA,NA,0.711314384555364,0.10871874,NA
"1729","Sacramento River near Rio Vista",11,2009,1,70.125,0.43309644,0.19539765,7.67333333333333,2.03666666666667,694.777777777778,15.104,8.5,11.2744444444444,NA,NA,0.321174572852369,0.061948,NA
"1730","Sacramento River near Rio Vista",11,2010,1.16666666666667,90.75,0.36,0.11,7.67333333333333,1.935,937.322222222222,15.3,8.95,8.34555555555556,0.3,NA,0.473999077935481,0.04,0.07
"1731","Sacramento River near Rio Vista",11,2011,1,82.625,0.28771882,0.203038985,7.742,4.29,386.563636363636,13.0675,9.35,10.03,0.4,NA,0.177404951303173,0.04880582,0.06
"1732","Sacramento River near Rio Vista",11,2012,1,65.6666666666667,0.350571923333333,0.19627478,7.5575,1.2875,1332.2,15.6954545454545,7.66666666666667,11.6142857142857,0.4,NA,0.642093120857543,0.06973504,0.08
"1733","Sacramento River near Rio Vista",11,2013,1,98.875,0.435345115,0.17314655,7.68333333333333,2.03333333333333,1073.88888888889,14.598,9.35,8.33428571428571,0.5,NA,0.536942805039998,0.07247854,0.09
"1734","Sacramento River near Rio Vista",11,2014,1.5,80.4444444444444,0.54561348,0.162193076,7.8575,1.905,2196.9,16.4416666666667,8.26666666666667,10.5185714285714,0.333333333333333,NA,1.00981571634159,0.088195048,0.106666666666667
"1735","Sacramento River near Rio Vista",11,2015,2,111.888888888889,0.573333333333333,0.075,7.82,1.8175,1905.9,15.68,8.6,11.1685714285714,0.3,NA,1.00688569110743,0.0925,0.116666666666667
"1736","Sacramento River near Rio Vista",11,2016,1,94.625,0.485,0.19,7.4475,1.71,799.3,16.539,7.9,5.91,0.5,NA,0.397231440540851,0.0925,0.0966666666666667
"1737","Sacramento River near Rio Vista",11,2017,1.11111111111111,155.875,0.397009086,0.221596784,7.42,1.356,255.011111111111,15.022,8.75333333333333,5.98333333333333,0.4,NA,0.11779103078659,0.078049856,0.075
"1738","Sacramento River near Rio Vista",11,2018,1.4,136.4,0.48975,0.18825,7.8325,1.48,1799.4,15.188,9.3325,5.41666666666667,0.393,NA,0.963030107954428,0.08675,0.08825
"1739","Sacramento River near Rio Vista",11,2019,1.25,152.625,0.34068531,0.213675156666667,7.425,1.62333333333333,157,14.6588888888889,9.02333333333333,4.31666666666667,0.35,NA,0.0731479508223909,0.1144989,0.0685
"1740","Sacramento River near Rio Vista",11,2020,1.3,79.8,0.276,0.078,7.72,1.588,1123.9,14.062,9.215,8.96666666666667,0.270333333333333,NA,0.57422783550712,0.078,0.09
"1741","Sacramento River near Rio Vista",11,2021,1,66.4,0.562802966,0.068610202,7.54,1.016,765.2,15.8581818181818,7.675,14.1333333333333,0.45975,NA,0.356172814800273,0.088860504,0.1125
"1742","Sacramento River near Rio Vista",11,2022,1.2,114.3,0.2165,0.05275,7.8475,1.3225,1456.9,13.29,10.09,11.7333333333333,0.174,NA,0.748573390066877,0.066,0.07475
"1743","Sacramento River near Rio Vista",12,2007,1,77.875,0.43687833,0.32034009,NA,1.67,900,9.91222222222222,10.8,12.05,NA,NA,0.437237876397129,0.0634967,NA
"1744","Sacramento River near Rio Vista",12,2008,1,77,0.63409689,0.29750868,NA,1.77333333333333,1858.75,10.11,8.7,16,NA,NA,0.874682392664662,0.09106356,NA
"1745","Sacramento River near Rio Vista",12,2009,1,61.7777777777778,0.41110545,0.23223606,7.678,2.44,1655.54545454545,9.16666666666667,9.86666666666667,16.5390909090909,NA,NA,0.802142303274719,0.06070904,NA
"1746","Sacramento River near Rio Vista",12,2010,1,98.5714285714286,0.24120054,0.15141567,7.53666666666667,1.77,174.488888888889,10.672,9.2,11.27,NA,NA,0.0817477810287702,0.04893892,NA
"1747","Sacramento River near Rio Vista",12,2011,1,95,0.20404699,0.20527761,7.71666666666667,1.33,417,9.144,10.4,9.16,0.4,NA,0.190156865146546,0.04396069,0.08
"1748","Sacramento River near Rio Vista",12,2012,1,23.1428571428571,0.46279128,0.12970482,7.29333333333333,1.665,224.288888888889,11.82,7.15,51.4125,NA,NA,0.10237817674218,0.05823112,NA
"1749","Sacramento River near Rio Vista",12,2013,1,58,0.481432978181818,0.188835322727273,7.706,1.645,1735.18181818182,9.10416666666667,10.05,16.635,0.5,NA,0.913406110770671,0.0711883654545455,0.11
"1750","Sacramento River near Rio Vista",12,2014,1,25.2857142857143,0.57032162,0.15135066,7.38,1.09,410,13.812,7.35,61.5171428571429,0.3,NA,0.178672945722182,0.08727184,0.09
"1751","Sacramento River near Rio Vista",12,2015,1.33333333333333,43.8888888888889,0.6,0.15,7.8225,6.74666666666667,3047.6,10.87,10.0333333333333,29.5857142857143,0.533333333333333,NA,1.47772612392989,0.07,0.11
"1752","Sacramento River near Rio Vista",12,2016,1,71.625,0.406796382,0.202788384,7.745,1.45142857142857,616.15,10.0258333333333,9.972,22.2285714285714,0.533333333333333,NA,0.271251635398405,0.075380768,0.0866666666666667
"1753","Sacramento River near Rio Vista",12,2017,1,98.75,0.361514485,0.2262456075,7.65,1.20833333333333,400.4,10.7618181818182,9.73666666666667,10.3833333333333,0.45,NA,0.183561578529623,0.061958265,0.07
"1754","Sacramento River near Rio Vista",12,2018,1,120.888888888889,0.54924397,0.21400674,7.895,0.884,690.6,11.3317272727273,8.84,6.48333333333333,0.476333333333333,NA,0.320214278718609,0.08713537,0.102
"1755","Sacramento River near Rio Vista",12,2019,1,93.5555555555556,0.38,0.3225,7.62,0.84,613.1,10.7384545454545,9.47,10.95,0.473333333333333,NA,0.284421409905407,0.06525,0.037
"1756","Sacramento River near Rio Vista",12,2020,1,90.5,0.353333333333333,0.116666666666667,NA,1.5,1432.83333333333,11.1333333333333,NA,9.46666666666667,NA,NA,0.744249595067181,0.07,NA
"1757","Sacramento River near Rio Vista",12,2021,1,64.3333333333333,0.536661058333333,0.08150525,7.78333333333333,1.5075,2854.66666666667,12.238,9.5025,19.3333333333333,0.392333333333333,NA,1.45632535788664,0.07751135,0.107333333333333
"1758","Sacramento River near Rio Vista",12,2022,1,81.75,0.519,0.0515,7.725,0.64,561.125,9.92375,10.06,9.3,0.2875,NA,0.274499082899179,0.0705,0.0855
"1759","Sacramento River near Ryde",1,2022,1,NA,0.399,0.05,NA,0.67,NA,NA,NA,NA,0.192,NA,NA,0.05,0.038
"1760","Sacramento River near Ryde",2,2022,1,NA,0.199,0.05,NA,0.6,NA,NA,NA,NA,0.19,NA,NA,0.05,0.032
"1761","Sacramento River near Ryde",3,2022,1,NA,0.287,0.05,NA,0.72,NA,NA,NA,NA,0.152,NA,NA,0.05,0.032
"1762","Sacramento River near Ryde",4,2022,1,NA,0.212,0.05,NA,0.5,NA,NA,NA,NA,0.189,NA,NA,0.05,0.049
"1763","Sacramento River near Ryde",5,2021,1,NA,0.199,0.05,7.44,0.91,169,21.081,8.6,NA,0.138,NA,0.0792599821306326,0.056,0.044
"1764","Sacramento River near Ryde",6,2021,1,NA,0.156,0.05,NA,1.96,677,22.013,8.03,NA,0.178,NA,0.3286060097708,0.075,0.065
"1765","Sacramento River near Ryde",6,2022,1,NA,0.19,0.05,NA,0.66,NA,NA,NA,NA,0.1,NA,NA,0.05,0.04
"1766","Sacramento River near Ryde",7,2021,3,NA,0.103,0.05,7.79,1.83,424.3,23.232,7.9,NA,0.182,NA,0.203071513469679,0.066,0.058
"1767","Sacramento River near Ryde",7,2022,1,NA,0.149,0.05,NA,0.93,NA,NA,NA,NA,0.121,NA,NA,0.05,0.032
"1768","Sacramento River near Ryde",8,2021,1,NA,0.17,0.05,7.61,1.37,151,23.473,8.13,NA,0.15,NA,0.0706360988006013,0.058,0.035
"1769","Sacramento River near Ryde",8,2022,2,NA,0.077,0.05,NA,1.12,NA,NA,NA,NA,0.131,NA,NA,0.05,0.047
"1770","Sacramento River near Ryde",9,2015,1.33333333333333,136.666666666667,0.29,0.27,7.415,2.17,212.34,21.72,7.565,4.606,0.55,NA,0.100149451729152,0.065,0.1
"1771","Sacramento River near Ryde",9,2021,1,185.666666666667,0.179,0.05,7.53,0.5,192.4,22.737,7.67,5.5,0.17,NA,0.0904851473174185,0.055,0.045
"1772","Sacramento River near Ryde",9,2022,1,356.666666666667,0.224,0.05,NA,0.71,126.666666666667,21.2,NA,1.86666666666667,0.106,NA,0.0589846029356756,0.05,0.03
"1773","Sacramento River near Ryde",10,2015,1.33333333333333,153.333333333333,0.41,0.11,7.73,2.32,210.775,20.125,7.55,5.17,0.3,NA,0.0994968874203592,0.08,0.1
"1774","Sacramento River near Ryde",10,2021,1,249.333333333333,0.15,0.05,7.43,0.68,148.55,15.6535,9.23,3.7,0.1,NA,0.0694695140494745,0.05,0.034
"1775","Sacramento River near Ryde",10,2022,1,460.333333333333,0.204,0.05,NA,0.51,147,19.1,NA,1.33333333333333,0.1,NA,0.0687208976404095,0.05,0.031
"1776","Sacramento River near Ryde",11,2015,1,296.333333333333,0.5,0.305,7.795,1.015,185.94,13,8.715,4.034,0.85,NA,0.0873885778494587,0.06,0.18
"1777","Sacramento River near Ryde",11,2021,1,70,0.515,0.05,7.61,0.88,203.675,13.46575,9.38,11.7,0.323,NA,0.0960788140381688,0.076,0.074
"1778","Sacramento River near Ryde",11,2022,1,200,0.291,0.05,NA,0.5,152,10.8666666666667,NA,1.96666666666667,0.149,NA,0.0711152710142317,0.075,0.076
"1779","Sacramento River near Ryde",12,2015,1,221.666666666667,0.41,0.28,8.22,1.76,198.075,10.875,9.58,5.5125,0.6,NA,0.0932097613970305,0.05,0.12
"1780","Sacramento River near Ryde",12,2022,1,55,0.745,0.05,NA,0.6,150,8.8,NA,16.4,0.437,NA,0.0701572167690466,0.058,0.08
"1781","San Joaquin River at Prisoners Pt",1,2016,1,60,0.67,0.15,7.59,2.08,620,8.67,10.35,NA,0.6,NA,0.300060602794063,0.05,0.1
"1782","San Joaquin River at Prisoners Pt",1,2017,1,60,0.33,0.11,7.44,0.99,185.5,9.035,10.76,NA,0.5,NA,0.0871802288149732,0.05,0.06
"1783","San Joaquin River at Prisoners Pt",1,2018,1,144,0.45,0.15,7.44,0.77,493,10.03,10.14,NA,0.4,NA,0.236928602805877,0.06,0.07
"1784","San Joaquin River at Prisoners Pt",1,2019,1,80,0.67,0.16,7.46,0.87,379,9.59,9.78,NA,0.6,NA,0.180868613005397,0.075,0.09
"1785","San Joaquin River at Prisoners Pt",1,2020,1,156,0.49,0.14,7.6,1.22,286,9.51,10.32,NA,0.38,NA,0.135606899506195,0.06,0.077
"1786","San Joaquin River at Prisoners Pt",1,2022,1,60,0.995,0.078,7.46,0.5,292,8.8,9.94,NA,0.696,NA,0.138513783284204,0.081,0.1
"1787","San Joaquin River at Prisoners Pt",2,2016,1,52,0.64,0.13,7.5,0.83,227,10.7,9.4,NA,0.9,NA,0.107117363080277,0.05,0.1
"1788","San Joaquin River at Prisoners Pt",2,2017,1,40,0.42,0.07,7.01,1.52,141,10.59,10.83,NA,0.3,NA,0.0658474077830802,0.05,0.08
"1789","San Joaquin River at Prisoners Pt",2,2018,1,124,0.615,0.105,7.3,1.11,253,11.85,9.4,NA,0.5,NA,0.119651257729135,0.07,0.07
"1790","San Joaquin River at Prisoners Pt",2,2019,1,48,0.57,0.12,7.53,0.97,183,9.52,10.31,NA,0.5,NA,0.0859730985594487,0.069,0.09
"1791","San Joaquin River at Prisoners Pt",2,2020,1,88,0.5,0.14,7.66,1.46,264,10.58,10.3,NA,0.36,NA,0.124963805393816,0.067,0.091
"1792","San Joaquin River at Prisoners Pt",2,2022,1,100,0.494,0.05,7.65,1.02,272,10.24,10.54,NA,0.384,NA,0.128831223154593,0.059,0.062
"1793","San Joaquin River at Prisoners Pt",3,2016,1,74.6,0.53,0.12,7.53,1.77,196.4,13.984,8.7,NA,0.6,NA,0.0924311681714334,0.05,0.08
"1794","San Joaquin River at Prisoners Pt",3,2017,1,80,0.56,0.05,7.25,1.53,167.4,13.884,9.56,NA,0.4,NA,0.0784961722645195,0.09,0.09
"1795","San Joaquin River at Prisoners Pt",3,2018,1,111.75,0.57,0.12,7.61,4.17,312.8,13.204,10.15,NA,0.5,NA,0.148753813962627,0.06,0.08
"1796","San Joaquin River at Prisoners Pt",3,2019,1,89.6,0.377,0.06,7.56,0.73,192.6,12.344,9.96,NA,0.4,NA,0.0905965852925149,0.072,0.07
"1797","San Joaquin River at Prisoners Pt",3,2020,1,192,0.47,0.11,7.76,2.09,285.333333333333,13.22,10.12,NA,0.33,NA,0.135312006987718,0.055,0.11
"1798","San Joaquin River at Prisoners Pt",3,2021,1,157.333333333333,0.651,0.093,7.77,3.11,333.666666666667,12.62,9.91,NA,0.534,NA,0.158836443661338,0.082,0.084
"1799","San Joaquin River at Prisoners Pt",3,2022,1,132.333333333333,0.365,0.05,7.93,3.96,237,14.1633333333333,10.66,NA,0.293,NA,0.111950815824746,0.05,0.048
"1800","San Joaquin River at Prisoners Pt",4,2016,1,98.8,0.3565,0.1,7.66,1.56,322.8,18.042,8.6,NA,0.4,NA,0.154214796623264,0.0645,0.08
"1801","San Joaquin River at Prisoners Pt",4,2017,1,96.8,0.22,0.06,7.26,1.52,137.4,14.904,9.54,NA,0.3,NA,0.0641241665760793,0.07,0.06
"1802","San Joaquin River at Prisoners Pt",4,2018,1,98.4,0.22,0.08,7.4,1.23,193.8,16.696,9.16,NA,0.5,NA,0.0911778762171367,0.05,0.06
"1803","San Joaquin River at Prisoners Pt",4,2019,1,149.2,0.18,0.05,7.48,1.27,166.6,15.628,9.73,NA,0.2,NA,0.0781164910067218,0.05,0.047
"1804","San Joaquin River at Prisoners Pt",4,2021,1,181.4,0.5,0.05,7.87,3.43,338.8,16.484,9.64,NA,0.434,NA,0.161314664141901,0.077,0.077
"1805","San Joaquin River at Prisoners Pt",4,2022,1,136.2,0.24,0.05,7.91,2.12,267.4,16.338,9.2,NA,0.263,NA,0.126625726429722,0.056,0.069
"1806","San Joaquin River at Prisoners Pt",5,2016,1,76.6,0.17,0.01,8.59,66.87,243.6,19.174,10.8,NA,0.7,NA,0.115134136668095,0.03,0.11
"1807","San Joaquin River at Prisoners Pt",5,2017,1,128.8,0.14,0.05,7.46,1.06,190,18.87,9.2,NA,0.3,NA,0.0894923185785027,0.07,0.07
"1808","San Joaquin River at Prisoners Pt",5,2018,1,143.5,0.294,0.055,7.78666666666667,1.715,243.714285714286,19.6514285714286,8.79,NA,0.4,NA,0.115195567627887,0.0753333333333333,0.08
"1809","San Joaquin River at Prisoners Pt",5,2019,1,159.6,0.152,0.06,7.55,1.13,143,17.096,9.05,NA,0.19,NA,0.0668069059190807,0.05,0.05
"1810","San Joaquin River at Prisoners Pt",5,2021,2,145,0.21,0.045,8.01,19.405,381,19.486,9.08,NA,0.247,NA,0.181909296340323,0.061,0.071
"1811","San Joaquin River at Prisoners Pt",5,2022,1,127.4,0.151,0.05,8.23,2.43,283,18.18,9.08,NA,0.223,NA,0.134207359314249,0.052,0.05
"1812","San Joaquin River at Prisoners Pt",6,2008,1,59.3333333333333,0.37,0.08,7.64,2.66,368.9,20.58,7.8,18.5,0.4,NA,0.176037094857063,0.05,0.1
"1813","San Joaquin River at Prisoners Pt",6,2009,2.25,123.272727272727,0.25,0.05,7.7,1.9,272.616666666667,21.4666666666667,8.29,18.3,0.3,NA,0.129363630085361,0.05,0.07
"1814","San Joaquin River at Prisoners Pt",6,2010,1,135.333333333333,0.16,0.08,7.49,1.61,149,21.2111111111111,8.7,6.52,0.3,NA,0.0696802708458117,0.04,0.06
"1815","San Joaquin River at Prisoners Pt",6,2011,1,140.555555555556,0.17,0.05,7.14,0.74,141.222222222222,19.3888888888889,8.85,6.14,0.2,NA,0.0659550392093591,0.03,0.04
"1816","San Joaquin River at Prisoners Pt",6,2012,1.75,124.888888888889,0.33,0.08,7.79,2.01,417.666666666667,20.7888888888889,8,6.825,0.4,NA,0.204844064357116,0.05,0.06
"1817","San Joaquin River at Prisoners Pt",6,2013,1.5,87.8888888888889,0.37,0.09,7.77,2.68,227.444444444444,21.1444444444444,7.9,10.175,0.5,NA,0.107335583151146,0.06,0.1
"1818","San Joaquin River at Prisoners Pt",6,2014,1.5,104.444444444444,0.38,0.02,7.7,6.84,430.555555555556,22.5,8.35,6.175,0.4,NA,0.206219288131942,0.07,0.11
"1819","San Joaquin River at Prisoners Pt",6,2015,2,108.818181818182,0.48,0.07,7.58,2.65,636.727272727273,22.7154545454545,7.4,9.5,0.5,NA,0.308606217960691,0.08,0.12
"1820","San Joaquin River at Prisoners Pt",6,2016,2.4,127.888888888889,0.25,0.1,7.63,2.1,196.777777777778,22.3577777777778,7.99,6.3,0.4,NA,0.0925948588713154,0.06,0.08
"1821","San Joaquin River at Prisoners Pt",6,2017,1,108.888888888889,0.18,0.07,7.41,1.06,202.111111111111,21.53,8.74,9,0.2,NA,0.0953354869477272,0.06,0.06
"1822","San Joaquin River at Prisoners Pt",6,2018,2.4,161.222222222222,0.28,0.05,7.3,2.9,190.222222222222,22.8066666666667,8.49,5.875,0.3,NA,0.0894436796680077,0.07,0.07
"1823","San Joaquin River at Prisoners Pt",6,2019,1,134.444444444444,0.14,0.05,7.33,0.5,111.111111111111,21.6888888888889,8.47,6.05,0.2,NA,0.0515345374924926,0.05,0.05
"1824","San Joaquin River at Prisoners Pt",6,2020,2.8,158.666666666667,0.283,0.04,7.91,1.29,213.555555555556,22.8766666666667,8.17,3.13333333333333,0.3,NA,0.100655700438286,0.0745,0.08
"1825","San Joaquin River at Prisoners Pt",6,2021,2.4,156.545454545455,0.206,0.05,7.78,2.17,534,22.7245454545455,8.09,5.6,0.205,NA,0.25751868162052,0.089,0.09
"1826","San Joaquin River at Prisoners Pt",6,2022,1.4,123,0.108,0.05,8.34,1.43,477.090909090909,21.7836363636364,7.96,4.625,0.216,NA,0.229700881440074,0.064,0.064
"1827","San Joaquin River at Prisoners Pt",7,2008,2.4,92.2857142857143,0.41,0.09,NA,1.24,324.111111111111,22.7222222222222,7.2,164.9,0.3,NA,0.154368242490732,0.07,0.07
"1828","San Joaquin River at Prisoners Pt",7,2009,2.5,126,0.16,0.08,7.56666666666667,1.72,272.257142857143,22.6,8.22,14.8,0.2,NA,0.129333935559147,0.04,0.04
"1829","San Joaquin River at Prisoners Pt",7,2010,1.75,137.571428571429,0.18,0.06,7.39,1.38,137.857142857143,21.5714285714286,7.6,8.754,0.2,NA,0.0643427303819241,0.04,0.05
"1830","San Joaquin River at Prisoners Pt",7,2011,1,108.428571428571,0.16,0.05,6.84,1.22,126.428571428571,22.6,7.6,7.202,0.3,NA,0.0588704151957543,0.04,0.06
"1831","San Joaquin River at Prisoners Pt",7,2012,3,133.571428571429,0.16,0.08,7.46,3.6,646.571428571429,22.4285714285714,7.7,8.325,0.2,NA,0.321969711963178,0.04,0.05
"1832","San Joaquin River at Prisoners Pt",7,2013,2.5,132,0.21,0.09,7.98,3.6,220.142857142857,23.5285714285714,7.8,6.95,0.4,NA,0.103845114846622,0.05,0.07
"1833","San Joaquin River at Prisoners Pt",7,2014,2.33333333333333,139.222222222222,0.24,0.06,7.5,3.6,378.777777777778,23.7777777777778,7.35,6.61666666666667,0.4,NA,0.180838100119675,0.08,0.1
"1834","San Joaquin River at Prisoners Pt",7,2015,2.25,96.7142857142857,0.36,0.1,7.63,5.09,577.428571428571,23.3685714285714,7.55,8.85,0.5,NA,0.279018475712329,0.08,0.11
"1835","San Joaquin River at Prisoners Pt",7,2016,3.8,107.142857142857,0.17,0.05,7.75,16.05,174.142857142857,22.91,9.13,9.825,0.4,NA,0.0817311112208497,0.04,0.07
"1836","San Joaquin River at Prisoners Pt",7,2017,1,84.1428571428571,0.157,0.05,7.44,16.595,119.571428571429,24.1128571428571,8.81,10.1,0.3,NA,0.0555858898589411,0.0475,0.06
"1837","San Joaquin River at Prisoners Pt",7,2018,3.4,146.571428571429,0.264,0.04,7.77,4.105,166.777777777778,23.9811111111111,8.65,4,0.3,NA,0.0781966384896028,0.06,0.06
"1838","San Joaquin River at Prisoners Pt",7,2019,1,144.428571428571,0.205,0.076,7.62,1.4,124.857142857143,23.2014285714286,8.26,7.325,0.213,NA,0.0581181146334341,0.052,0.053
"1839","San Joaquin River at Prisoners Pt",7,2020,3.6,173.714285714286,0.21,0.04,7.6,3.14,190.714285714286,23.7071428571429,7.82,4.375,0.3,NA,0.0896826243295401,0.056,0.06
"1840","San Joaquin River at Prisoners Pt",7,2021,3.4,131.285714285714,0.0875,0.06,8.06,10.065,563.571428571429,23.97,7.97,4.73333333333333,0.278,NA,0.272246691566749,0.0755,0.079
"1841","San Joaquin River at Prisoners Pt",7,2022,2.8,140.6,0.067,0.05,8.05,3.05,422.4,24.378,7.92,3.775,0.184,NA,0.20219152167717,0.052,0.237
"1842","San Joaquin River at Prisoners Pt",8,2007,2.25,122.4,0.2,0.07,NA,2.2,257,22.56,8.2,16.3,0.2,NA,0.121630829281078,0.05,0.07
"1843","San Joaquin River at Prisoners Pt",8,2008,3,121,0.29,0.06,7.43,2.66,326.45,23.025,7.7,20.1,0.2,NA,0.155276138612472,0.07,0.07
"1844","San Joaquin River at Prisoners Pt",8,2009,2.75,154.25,0.15,0.06,7.715,1.17,401.5,23.0166666666667,8.175,30,0.3,NA,0.192276630801791,0.04,0.06
"1845","San Joaquin River at Prisoners Pt",8,2010,2.5,159,0.14,0.05,7.56,1.99,190,22.04,8.2,13.98,0.2,NA,0.0893480960723616,0.03,0.04
"1846","San Joaquin River at Prisoners Pt",8,2011,1.25,131.8,0.17,0.06,7.11,1.54,178.2,22.46,7.6,5.986,0.3,NA,0.0836840206428106,0.03,0.06
"1847","San Joaquin River at Prisoners Pt",8,2012,3,160.2,0.1,0.06,7.56,4.54,218.8,22.18,7.65,5.275,0.3,NA,0.103212440369828,0.04,0.05
"1848","San Joaquin River at Prisoners Pt",8,2013,2.75,143,0.16,0.06,7.46,2.6,318.6,22.58,8,5.35,0.8,NA,0.151514772451701,0.07,0.04
"1849","San Joaquin River at Prisoners Pt",8,2014,2,146.666666666667,0.26,0.06,7.7,3.58,364.333333333333,23.4333333333333,7.4,5.7,0.3,NA,0.173706438605418,0.08,0.09
"1850","San Joaquin River at Prisoners Pt",8,2015,2.33333333333333,107.333333333333,0.3,0.04,7.94,3.36,511.666666666667,23.1733333333333,8.64,8.05,0.4,NA,0.246212897545977,0.06,0.1
"1851","San Joaquin River at Prisoners Pt",8,2016,3.8,154.8,0.19,0.1,7.5,3.34,202.8,22.352,8.1,8.325,0.3,NA,0.0954878341726832,0.05,0.07
"1852","San Joaquin River at Prisoners Pt",8,2017,1.2,115.6,0.22,0.1,7.58,1.95,157.8,23.83,7.63,8.325,0.3,NA,0.0738970935433553,0.06,0.07
"1853","San Joaquin River at Prisoners Pt",8,2018,4,130,0.152,0.06,7.6,13.8,206.4,23.39,9.03,5.575,0.3,NA,0.097227475691014,0.055,0.06
"1854","San Joaquin River at Prisoners Pt",8,2019,2.2,172.8,0.211,0.083,7.5,0.99,161.8,24.504,7.49,3.625,0.251,NA,0.0758128691022222,0.061,0.067
"1855","San Joaquin River at Prisoners Pt",8,2020,2.8,150.6,0.121,0.06,7.8,3.64,254,23.678,7.76,4.15,0.4,NA,0.120173754839508,0.059,0.063
"1856","San Joaquin River at Prisoners Pt",8,2021,3.2,118.2,0.076,0.05,8.01,13.9,425.6,23.538,8.19,7.625,0.33,NA,0.203763863785633,0.07,0.072
"1857","San Joaquin River at Prisoners Pt",8,2022,1.8,136.2,0.068,0.05,8.14,2.24,336.6,23.936,7.82,5.2,0.182,NA,0.160295382993927,0.05,0.055
"1858","San Joaquin River at Prisoners Pt",9,2007,2.16666666666667,152.571428571429,0.24,0.1,NA,1.15,317.285714285714,21.0571428571429,8.6,9.9,0.2,NA,0.150804968697457,0.05,0.07
"1859","San Joaquin River at Prisoners Pt",9,2008,3.16666666666667,131.857142857143,0.3,0.08,7.82,2.23,469.5,21.6125,7.4,116.4,0.3,NA,0.225356058928773,0.07,0.08
"1860","San Joaquin River at Prisoners Pt",9,2009,2.5,169.428571428571,0.2,0.05,7.95,1.61,376.025,22.6375,7.8,7.64428571428571,0.1,NA,0.179443107728138,0.05,0.05
"1861","San Joaquin River at Prisoners Pt",9,2010,2.16666666666667,171.428571428571,0.19,0.07,7.54,1.27,340,20.8714285714286,8.2,11.97,0.4,NA,0.161874488220323,0.04,0.05
"1862","San Joaquin River at Prisoners Pt",9,2011,1.83333333333333,167.142857142857,0.16,0.05,7.67,3,154.857142857143,22.0571428571429,7.9,7.67142857142857,0.2,NA,0.0724840161035708,0.04,0.05
"1863","San Joaquin River at Prisoners Pt",9,2012,1.33333333333333,184.142857142857,0.18,0.09,7.26,1.59,402.142857142857,21.5142857142857,7.95,4.81666666666667,0.4,NA,0.192257399616926,0.04,0.07
"1864","San Joaquin River at Prisoners Pt",9,2013,2,117.571428571429,0.2,0.03,7.65,10.68,385,22.9128571428571,8.5,5.48333333333333,0.2,NA,0.183844328073637,0.05,0.08
"1865","San Joaquin River at Prisoners Pt",9,2014,2.83333333333333,162.285714285714,0.26,0.03,7.6,6.62,384.285714285714,23.2,7.85,4.3,0.3,NA,0.183469372329391,0.08,0.09
"1866","San Joaquin River at Prisoners Pt",9,2015,2.71428571428571,108,0.28,0.065,7.67,2.46,588.571428571429,22.8014285714286,7.25,7.96666666666667,0.4,NA,0.284527138470489,0.079,0.09
"1867","San Joaquin River at Prisoners Pt",9,2016,4.14285714285714,139.714285714286,0.24,0.08,7.7,2.91,387.857142857143,21.9857142857143,8.23,4.11666666666667,0.4,NA,0.1852869767058,0.06,0.09
"1868","San Joaquin River at Prisoners Pt",9,2017,3.14285714285714,128.714285714286,0.25,0.1,7.43,1.64,158.857142857143,22.0014285714286,8.03,6.25,0.2,NA,0.0744007722235512,0.06,0.06
"1869","San Joaquin River at Prisoners Pt",9,2018,3,158.428571428571,0.224,0.1,7.71,1.58,379.714285714286,21.2871428571429,8.32,3.95,0.3,NA,0.181263447791098,0.077,0.08
"1870","San Joaquin River at Prisoners Pt",9,2019,2.85714285714286,173.714285714286,0.199,0.068,7.55,0.5,152.714285714286,22.7242857142857,7.81,2.98333333333333,0.265,NA,0.0714573512079113,0.057,0.054
"1871","San Joaquin River at Prisoners Pt",9,2020,3.14285714285714,151.142857142857,0.214,0.08,7.79,2.47,365.428571428571,22.7114285714286,7.73,4.16666666666667,0.4,NA,0.174242764595715,0.067,0.07
"1872","San Joaquin River at Prisoners Pt",9,2021,1.85714285714286,171.142857142857,0.094,0.05,7.73,2.3,441.285714285714,23.4042857142857,7.61,5.81666666666667,0.252,NA,0.21165440180139,0.071,0.062
"1873","San Joaquin River at Prisoners Pt",9,2022,1.28571428571429,150.857142857143,0.081,0.05,7.81,1.82,429.714285714286,23.0342857142857,8.04,4.36666666666667,0.113,NA,0.205779631168181,0.054,0.064
"1874","San Joaquin River at Prisoners Pt",10,2007,1.66666666666667,170.857142857143,0.31,0.09,7.75,1.31,327.625,17.725,8.98,29,0.3,NA,0.155850684996803,0.06,0.08
"1875","San Joaquin River at Prisoners Pt",10,2008,3,139.857142857143,0.34,0.09,7.87,2.1,356.7125,17.6,8,26,0.4,NA,0.170014889539259,0.07,0.08
"1876","San Joaquin River at Prisoners Pt",10,2009,2,151.571428571429,0.29,0.08,7.77666666666667,1.31,269.388888888889,17.5222222222222,8.3,5.65571428571429,0.3,NA,0.127593247582402,0.06,0.07
"1877","San Joaquin River at Prisoners Pt",10,2010,1.83333333333333,181.857142857143,0.21,0.06,7.34,1.47,264.285714285714,20.1142857142857,8.3,8.40571428571429,0.2,NA,0.125136386441294,0.03,0.04
"1878","San Joaquin River at Prisoners Pt",10,2011,1.83333333333333,173.142857142857,0.22,0.08,7.49,1.44,153.571428571429,18.5714285714286,8.4,4.31666666666667,0.2,NA,0.0718698749908205,0.04,0.04
"1879","San Joaquin River at Prisoners Pt",10,2012,1.33333333333333,172.571428571429,0.22,0.06,7.45,1.79,286.285714285714,19.3142857142857,7.85,4.33333333333333,0.2,NA,0.135813239105738,0.05,0.06
"1880","San Joaquin River at Prisoners Pt",10,2013,1.5,96.1428571428571,0.24,0.12,7.5,1.6,279.428571428571,18.8428571428571,8.4,6.38333333333333,0.3,NA,0.132437140364222,0.06,0.07
"1881","San Joaquin River at Prisoners Pt",10,2014,2.66666666666667,187.857142857143,0.29,0.07,7.5,5.43,475.857142857143,21.1,7.45,3.61666666666667,0.4,NA,0.228482388536569,0.08,0.1
"1882","San Joaquin River at Prisoners Pt",10,2015,2.14285714285714,143.571428571429,0.3695,0.065,7.7,2.93,486.571428571429,21.7285714285714,7.7,5.63333333333333,0.2,NA,0.23377265425737,0.085,0.09
"1883","San Joaquin River at Prisoners Pt",10,2016,1.42857142857143,148.571428571429,0.41,0.12,7.4,1.31,363.571428571429,18.3571428571429,8.2,4.23333333333333,0.4,NA,0.173386084862599,0.08,0.08
"1884","San Joaquin River at Prisoners Pt",10,2017,1,154.714285714286,0.21,0.07,7.33,1.35,133.714285714286,17.4257142857143,9,4.43333333333333,0.2,NA,0.0623592375912381,0.05,0.05
"1885","San Joaquin River at Prisoners Pt",10,2018,3.57142857142857,168.571428571429,0.308,0.07,7.85,1.49,319.222222222222,18.6755555555556,8.77666666666667,3.96666666666667,0.248,NA,0.151749343888859,0.068,0.08
"1886","San Joaquin River at Prisoners Pt",10,2020,1.42857142857143,172.142857142857,0.244,0.05,7.75,0.925,327.285714285714,21.2728571428571,7.9,3.56666666666667,0.2,NA,0.155662915578918,0.0735,0.07
"1887","San Joaquin River at Prisoners Pt",10,2021,1.14285714285714,160,0.1045,0.04,7.99,1.735,648.857142857143,16.8871428571429,8.9,12.4666666666667,0.176,NA,0.314657442662892,0.0605,0.056
"1888","San Joaquin River at Prisoners Pt",10,2022,2,149.857142857143,0.064,0.05,8.5,7.95,660,20.6242857142857,8.89,3.96666666666667,0.224,NA,0.32040247192843,0.05,0.055
"1889","San Joaquin River at Prisoners Pt",11,2007,1.5,184.285714285714,0.53,0.19,7.69,0.47,285.916666666667,15.5166666666667,8.91,22.2,0.5,NA,0.135596132593795,0.07,0.1
"1890","San Joaquin River at Prisoners Pt",11,2008,1.66666666666667,164.571428571429,0.5,0.15,NA,1.2,406.428571428571,15.7428571428571,8.1,33.3,0.6,NA,0.194335648682133,0.07,0.13
"1891","San Joaquin River at Prisoners Pt",11,2009,1,180.857142857143,0.44,0.12,7.435,0.87,250.975,14.65,8.6,3.59285714285714,0.4,NA,0.118675750603104,0.06,0.08
"1892","San Joaquin River at Prisoners Pt",11,2010,2,182.428571428571,0.32,0.09,7.18,0.91,286.714285714286,15.1714285714286,8.3,4.82857142857143,0.3,NA,0.136200459555164,0.04,0.06
"1893","San Joaquin River at Prisoners Pt",11,2011,1,174.285714285714,0.23,0.13,7.48,4.12,139.857142857143,13.2428571428571,9.6,3.93333333333333,0.2,NA,0.0653003502996047,0.03,0.03
"1894","San Joaquin River at Prisoners Pt",11,2012,1.66666666666667,189.857142857143,0.34,0.18,7.06,1.51,270.571428571429,17.7428571428571,7.85,3.78333333333333,0.4,NA,0.128159728163126,0.06,0.08
"1895","San Joaquin River at Prisoners Pt",11,2013,1,117.857142857143,0.39,0.16,7.3,1.56,389,14.7142857142857,9.1,6.01666666666667,0.4,NA,0.185793362443471,0.07,0.09
"1896","San Joaquin River at Prisoners Pt",11,2014,1.83333333333333,192.857142857143,0.53,0.11,7.2,2.21,441.714285714286,16.2714285714286,8,3.05,0.5,NA,0.211729501523571,0.08,0.11
"1897","San Joaquin River at Prisoners Pt",11,2015,2.14285714285714,123.571428571429,0.5,0.12,7.6,4.34,486.142857142857,14.38,8.1,5.58333333333333,0.4,NA,0.233560968583802,0.09,0.09
"1898","San Joaquin River at Prisoners Pt",11,2016,1.42857142857143,153.571428571429,0.54,0.15,7.26,1.13,514.142857142857,17.1757142857143,7.81,3.2,0.4,NA,0.247967283089633,0.09,0.09
"1899","San Joaquin River at Prisoners Pt",11,2017,1.14285714285714,204.571428571429,0.52,0.13,7.29,0.69,160.714285714286,15.5228571428571,8.5,5.06666666666667,0.4,NA,0.0752931133439947,0.08,0.08
"1900","San Joaquin River at Prisoners Pt",11,2018,1.85714285714286,237,0.531,0.17,7.82,0.86,306.714285714286,16.0242857142857,9.49,4.11666666666667,0.4,NA,0.145655746333689,0.079,0.085
"1901","San Joaquin River at Prisoners Pt",11,2019,1.14285714285714,260.285714285714,0.35,0.2,7.38,1.24,172.142857142857,15.2471428571429,9.07,4.23333333333333,0.24,NA,0.0807695767000452,0.056,0.064
"1902","San Joaquin River at Prisoners Pt",11,2020,1.71428571428571,166.857142857143,0.33,0.05,7.66,1.58,408.142857142857,14.8742857142857,8.95,3.45,0.2,NA,0.195190970775789,0.07,0.07
"1903","San Joaquin River at Prisoners Pt",11,2021,1.14285714285714,79.8571428571429,0.49,0.071,7.67,0.9,407.714285714286,15.9842857142857,8.19,10.6833333333333,0.449,NA,0.194993622331983,0.074,0.094
"1904","San Joaquin River at Prisoners Pt",11,2022,1,192.714285714286,0.208,0.05,8.08,1.59,472.571428571429,13.9142857142857,10.49,3.26666666666667,0.198,NA,0.226863000887212,0.054,0.062
"1905","San Joaquin River at Prisoners Pt",12,2007,1,144,0.51,0.2,NA,0.48,395.571428571429,9.57142857142857,10.2,38.5,0.5,NA,0.189130920264257,0.06,0.09
"1906","San Joaquin River at Prisoners Pt",12,2008,1,168.142857142857,0.5,0.18,7.13,0.81,618.625,11.0375,8,34,0.6,NA,0.300393437898635,0.07,0.11
"1907","San Joaquin River at Prisoners Pt",12,2009,1,189,0.37,0.13,7.57666666666667,0.73,358.888888888889,9.22222222222222,9.6,7.11444444444444,0.3,NA,0.171110253616115,0.04,0.06
"1908","San Joaquin River at Prisoners Pt",12,2010,1,171.714285714286,0.38,0.11,7,0.57,259.714285714286,10.1,9.2,4.05142857142857,0.4,NA,0.122972177456208,0.04,0.05
"1909","San Joaquin River at Prisoners Pt",12,2011,1,141.285714285714,0.35,0.14,7.65,1.01,285.428571428571,9.35714285714286,10,6.1,0.3,NA,0.135349926001882,0.05,0.05
"1910","San Joaquin River at Prisoners Pt",12,2012,1,81.1428571428571,0.6,0.13,6.88,0.68,257.8,13.52,7.5,14,0.5,NA,0.122000610468377,0.04,0.05
"1911","San Joaquin River at Prisoners Pt",12,2013,1,130.142857142857,0.46,0.21,7.5,1.13,464.571428571429,9.35714285714286,9.7,5.6,0.6,NA,0.223064088883166,0.07,0.1
"1912","San Joaquin River at Prisoners Pt",12,2014,1,75.7142857142857,0.78,0.17,7.4,0.62,365,13,8.5,30.1833333333333,0.9,NA,0.174155778826606,0.06,0.13
"1913","San Joaquin River at Prisoners Pt",12,2015,1,110,0.58,0.09,7.72,19.22,588,10.8871428571429,11.15,8.41666666666667,0.6,NA,0.28419578436958,0.04,0.1
"1914","San Joaquin River at Prisoners Pt",12,2016,1,101,0.57,0.13,7.69,1.24,842.714285714286,10.475,10.17,10.4166666666667,0.4,NA,0.413574150849054,0.08,0.08
"1915","San Joaquin River at Prisoners Pt",12,2017,1,151.285714285714,0.51,0.13,7.53,0.5,399,11.5542857142857,9.79,5.91666666666667,0.5,NA,0.191037270865634,0.07,0.09
"1916","San Joaquin River at Prisoners Pt",12,2018,1,155.857142857143,0.61,0.138,7.51,0.65,474.714285714286,11.3257142857143,8.84,4.76666666666667,0.48,NA,0.227986463400452,0.08,0.091
"1917","San Joaquin River at Prisoners Pt",12,2019,1,94.7142857142857,0.38,0.24,7.62,0.82,245.428571428571,10.9828571428571,10.11,8.16666666666667,0.29,NA,0.116083950589477,0.067,0.042
"1918","San Joaquin River at Prisoners Pt",12,2021,1,118.714285714286,0.525,0.05,7.88,0.5,559.571428571429,12.2371428571429,9.42,8.13333333333333,0.406,NA,0.270267316079416,0.071,0.072
"1919","San Joaquin River at Prisoners Pt",12,2022,1,159.428571428571,0.395,0.05,7.75,0.91,505,9.88428571428572,10.17,4.48333333333333,0.298,NA,0.242892899106971,0.058,0.067
"1920","San Joaquin River at Twitchell Island",1,2016,1,42,0.58,0.13,7.715,2.99,1111.5,8.57,10.4,NA,0.7,NA,0.549951682797576,0.04,0.1
"1921","San Joaquin River at Twitchell Island",1,2017,1,48,0.31,0.11,7.47,1.23,179,8.19,10.67,NA,0.4,NA,0.0840544648519182,0.05,0.06
"1922","San Joaquin River at Twitchell Island",1,2018,1,140,0.535,0.19,7.51,1.335,733,10.05,10.21,NA,0.4,NA,0.356768107025931,0.065,0.07
"1923","San Joaquin River at Twitchell Island",1,2019,1,56,0.645,0.153,7.46,0.875,386,9.79,9.56,NA,0.5,NA,0.184292983590417,0.072,0.09
"1924","San Joaquin River at Twitchell Island",1,2020,1,160,0.54,0.25,7.525,1.6775,457.5,9.495,10.42,NA,0.31,NA,0.219555650780719,0.071,0.081
"1925","San Joaquin River at Twitchell Island",1,2022,1,60,0.843666666666667,0.0663333333333333,7.16,0.773333333333333,300,8.75,10.12,NA,0.545,NA,0.142392464794576,0.0706666666666667,0.098
"1926","San Joaquin River at Twitchell Island",2,2017,1,52,0.44,0.08,7.02,1.6,149,11.5333333333333,10.84,NA,0.4,NA,0.069678262454378,0.05,0.06
"1927","San Joaquin River at Twitchell Island",2,2018,1,136,0.6,0.09,7.37,1.68,297,11.77,9.67,NA,0.5,NA,0.140937578764476,0.065,0.07
"1928","San Joaquin River at Twitchell Island",2,2019,1,60,0.59,0.111,7.47,0.68,205,9.72,10.23,NA,0.5,NA,0.0965355672727244,0.076,0.094
"1929","San Joaquin River at Twitchell Island",2,2020,1,104,0.506666666666667,0.25,7.69,2.63666666666667,297,10.5,10.28,NA,0.35,NA,0.140937578764476,0.0526666666666667,0.096
"1930","San Joaquin River at Twitchell Island",2,2022,1,76,0.4685,0.04,7.75,1.55,293,10.11,10.92,NA,0.314,NA,0.138998441011078,0.056,0.058
"1931","San Joaquin River at Twitchell Island",3,2017,1,52.6,0.409,0.045,7.22,1.45,152.4,12.985,9.79,NA,0.4,NA,0.0713094411624298,0.067,0.08
"1932","San Joaquin River at Twitchell Island",3,2018,1,136.75,0.482666666666667,0.0866666666666667,7.58,3.70666666666667,231.8,12.718,9.84,NA,0.6,NA,0.109510312090796,0.0536666666666667,0.07
"1933","San Joaquin River at Twitchell Island",3,2019,1,55.2,0.332,0.05,7.61,1.255,156,11.954,9.97,NA,0.3,NA,0.0730365376915659,0.058,0.07
"1934","San Joaquin River at Twitchell Island",3,2020,1,176.666666666667,0.43,0.12,7.82,2.3,380.333333333333,13.2666666666667,10.18,NA,0.36,NA,0.181971180828548,0.057,0.069
"1935","San Joaquin River at Twitchell Island",3,2021,1,118,0.589,0.0515,7.91,2.95,333.666666666667,12.3866666666667,10.1,NA,0.359,NA,0.158861823431638,0.073,0.066
"1936","San Joaquin River at Twitchell Island",3,2022,1,82.6666666666667,0.3425,0.045,7.96,3.075,246,14.5,10.42,NA,0.307,NA,0.116296976201852,0.047,0.05
"1937","San Joaquin River at Twitchell Island",4,2017,1,75.2,0.221,0.05,7.24,1.3,130.2,14.598,9.52,NA,0.3,NA,0.0606762702276989,0.064,0.06
"1938","San Joaquin River at Twitchell Island",4,2018,1,100.6,0.268,0.05,7.5,2,173.8,16.1,9.46,NA,0.3,NA,0.0815666548706425,0.0565,0.05
"1939","San Joaquin River at Twitchell Island",4,2019,1,97.6,0.1745,0.055,7.36,1.145,158.8,15.514,9.36,NA,0.3,NA,0.0743738257275803,0.044,0.05
"1940","San Joaquin River at Twitchell Island",4,2021,1,107.6,0.418,0.036,8.005,15.1033333333333,392.166666666667,16.06,9.77,NA,0.305,NA,0.187585244413723,0.0642,0.073
"1941","San Joaquin River at Twitchell Island",4,2022,1,82.8,0.224333333333333,0.0333333333333333,7.92,2.77666666666667,428.8,16.464,9.28,NA,0.255,NA,0.205755524736413,0.0556666666666667,0.076
"1942","San Joaquin River at Twitchell Island",5,2017,1,103.2,0.121333333333333,0.04,6.99,1.52333333333333,158.6,18.59,9.4,NA,0.2,NA,0.0743696365061175,0.0526666666666667,0.06
"1943","San Joaquin River at Twitchell Island",5,2018,1,115,0.2885,0.045,7.9075,1.86,218.25,19.0375,9.3125,NA,0.4,NA,0.102906776390125,0.06825,0.07
"1944","San Joaquin River at Twitchell Island",5,2019,1,111,0.14,0.05,7.88,1.2,138.4,17.152,9.27,NA,0.2,NA,0.0646028025499532,0.052,0.05
"1945","San Joaquin River at Twitchell Island",5,2021,1,102.2,0.253666666666667,0.0333333333333333,7.94,1.165,912.6,18.864,9.05,NA,0.2,NA,0.451896228417858,0.0756666666666667,0.074
"1946","San Joaquin River at Twitchell Island",5,2022,1,63.8333333333333,0.215,0.04,7.99,1.71666666666667,798.666666666667,18.255,8.88,NA,0.2475,NA,0.393407238896218,0.0633333333333333,0.0715
"1947","San Joaquin River at Twitchell Island",6,2014,1.6,79.1818181818182,0.47,0.03,7.75,1.99,1754.27272727273,21.7909090909091,8.1,9.78,0.5,NA,0.896847117782649,0.07,0.11
"1948","San Joaquin River at Twitchell Island",6,2015,1.5,72.5833333333333,0.58,0.04,7.705,1.725,1676.25,21.4983333333333,7.775,14.6666666666667,0.4,NA,0.847664769488232,0.08,0.12
"1949","San Joaquin River at Twitchell Island",6,2016,2.2,68.8888888888889,0.27,0.07,7.74,3.02,394.888888888889,21.7288888888889,8.26,13.25,0.5,NA,0.189640277158474,0.06,0.08
"1950","San Joaquin River at Twitchell Island",6,2017,1,100,0.1595,0.035,7.5,1.66,184.111111111111,21.3822222222222,8.84,10.05,0.2,NA,0.0866295959426027,0.0495,0.06
"1951","San Joaquin River at Twitchell Island",6,2018,1.6,119.222222222222,0.275,0.02,7.43,2.62,235.888888888889,22.0733333333333,8.69,6.7,0.2,NA,0.111646775152508,0.0695,0.08
"1952","San Joaquin River at Twitchell Island",6,2019,1,108.777777777778,0.1265,0.03,7.24,1.15,115.333333333333,21.1122222222222,8.59,8.75,0.2,NA,0.0535568132706441,0.06,0.05
"1953","San Joaquin River at Twitchell Island",6,2020,2.8,110.444444444444,1.12,0.04,7.93,0.915,351.333333333333,22.3355555555556,8.19,4.425,0.3,NA,0.168106596012318,0.084,0.09
"1954","San Joaquin River at Twitchell Island",6,2021,1.5,92.0833333333333,0.1966,0.034,7.885,1.59,1615.83333333333,21.8408333333333,8.415,11.2,0.191,NA,0.818813916128474,0.0846,0.0805
"1955","San Joaquin River at Twitchell Island",6,2022,1.2,82.1818181818182,0.166,0.03,8.24,1.925,1218.63636363636,21.5181818181818,8.43,7.575,0.188,NA,0.606720787406127,0.058,0.066
"1956","San Joaquin River at Twitchell Island",7,2014,2.4,90.2222222222222,0.35,0.01,7.75,2.455,1350.88888888889,22.8111111111111,7.9,10.5,0.4,NA,0.680647709859826,0.08,0.11
"1957","San Joaquin River at Twitchell Island",7,2015,2.25,70.875,0.45,0.02,7.88,4.51,1912.125,22.53,8,14.425,0.4,NA,0.976333700183958,0.08,0.11
"1958","San Joaquin River at Twitchell Island",7,2016,3,69.4285714285714,0.2,0.04,7.74,4.88,615.142857142857,22.3671428571429,8.41,17,0.4,NA,0.300576370313773,0.04,0.09
"1959","San Joaquin River at Twitchell Island",7,2017,1,70.4285714285714,0.07,0.0233333333333333,7.63,16.3766666666667,125,23.9671428571429,8.88,14.275,0.3,NA,0.0581868917718002,0.0426666666666667,0.06
"1960","San Joaquin River at Twitchell Island",7,2018,3.8,115.571428571429,0.2205,0.03,8.03,7.795,378.333333333333,23.0577777777778,8.66333333333333,7.3,0.2,NA,0.181819301065747,0.0576666666666667,0.06
"1961","San Joaquin River at Twitchell Island",7,2019,1,106.714285714286,0.197,0.05,7.73,1.64,145.571428571429,22.9585714285714,8.38,7.525,0.223,NA,0.0680478021303679,0.058,0.095
"1962","San Joaquin River at Twitchell Island",7,2020,3.4,129.857142857143,0.177333333333333,0.0266666666666667,7.97,3.42666666666667,446.5,22.7475,7.915,3.96666666666667,0.218,NA,0.2143571494965,0.0703333333333333,0.07
"1963","San Joaquin River at Twitchell Island",7,2021,3.33333333333333,98.75,0.1022,0.044,8.055,5.2625,1902.625,21.91125,8.415,9.2,0.2385,NA,0.971210555593815,0.0792,0.0805
"1964","San Joaquin River at Twitchell Island",7,2022,2.6,94,0.0676666666666667,0.0433333333333333,8.04,2.045,912.8,23.302,7.96,6.775,0.156,NA,0.449618487538763,0.05,0.063
"1965","San Joaquin River at Twitchell Island",8,2014,2,83.5,0.21,0.01,7.85,3.795,1431.5,22.875,7.825,9.85,0.3,NA,0.724126868708953,0.07,0.11
"1966","San Joaquin River at Twitchell Island",8,2015,2.25,79.5,0.27,0.01,7.89,2.875,1681.75,22.6975,7.65,12.35,0.4,NA,0.850570867748907,0.06,0.1
"1967","San Joaquin River at Twitchell Island",8,2016,3,83.2,0.17,0.04,7.77,3.75,683.8,21.626,8.25,21.175,0.2,NA,0.333571100225066,0.05,0.07
"1968","San Joaquin River at Twitchell Island",8,2017,1.2,90,0.2185,0.035,7.75,3.11,202,22.976,7.78,9.625,0.2,NA,0.0951260489091335,0.06,0.07
"1969","San Joaquin River at Twitchell Island",8,2018,3.6,122.2,0.18,0.024,7.59,4.14,573.8,22.718,8.52,9.4,0.222,NA,0.27894937982651,0.06,0.07
"1970","San Joaquin River at Twitchell Island",8,2019,1.6,109.2,0.168,0.035,7.56,2.075,283.4,24.086,7.59,7.525,0.229,NA,0.134494939861288,0.0635,0.066
"1971","San Joaquin River at Twitchell Island",8,2020,3,115.6,0.071,0.035,8.13,5.315,1065.2,23.826,8.49,5.775,0.2,NA,0.530408742267428,0.0605,0.07
"1972","San Joaquin River at Twitchell Island",8,2021,3.33333333333333,89.8333333333333,0.0694285714285714,0.0428571428571429,8.095,9.10714285714286,1029.5,22.46,8.405,7.55,0.256,NA,0.510102780109486,0.0697142857142857,0.0765
"1973","San Joaquin River at Twitchell Island",8,2022,2.4,78,0.0623333333333333,0.0433333333333333,8.06,2.26,894.4,23.45,7.89,9.1,0.158,NA,0.440379163123562,0.051,0.059
"1974","San Joaquin River at Twitchell Island",9,2014,3,132,0.25,0.01,7.785,6.145,1073,22.7714285714286,8,6.82,0.2,NA,0.532311505667205,0.08,0.1
"1975","San Joaquin River at Twitchell Island",9,2015,2.28571428571429,93.4285714285714,0.33,0.02,7.9,3.505,1623.28571428571,22.2957142857143,7.575,8.94,0.3,NA,0.825521506473468,0.08,0.1
"1976","San Joaquin River at Twitchell Island",9,2016,1.83333333333333,84.1666666666667,0.217,0.04,7.8,2.085,914.666666666667,21.3666666666667,8.24,7.24,0.3,NA,0.450539069611143,0.0695,0.09
"1977","San Joaquin River at Twitchell Island",9,2017,4.16666666666667,116.5,0.213666666666667,0.04,7.51,2.35,162.5,21.78,8.07,5.82,0.3,NA,0.0761460970283215,0.0603333333333333,0.06
"1978","San Joaquin River at Twitchell Island",9,2018,2.6,137.166666666667,0.2015,0.035,7.84,2.235,890.5,21.0133333333333,8.46,4.86,0.3,NA,0.439034323965808,0.0705,0.08
"1979","San Joaquin River at Twitchell Island",9,2019,2.83333333333333,130.833333333333,0.215,0.05,7.62,0.72,169.5,22.3966666666667,7.92,4.86,0.252,NA,0.079505259394956,0.061,0.062
"1980","San Joaquin River at Twitchell Island",9,2020,3.16666666666667,130,0.177,0.035,7.99,6.65,538,22.195,8.4,8.24,0.3,NA,0.260952567657134,0.072,0.07
"1981","San Joaquin River at Twitchell Island",9,2021,2.16666666666667,102.833333333333,0.095,0.045,7.88,2.02,1065.33333333333,22.395,7.78,10.46,0.187,NA,0.527063708608056,0.0775,0.071
"1982","San Joaquin River at Twitchell Island",9,2022,1.16666666666667,120.166666666667,0.082,0.05,7.96,1.68,1007.33333333333,23.2483333333333,8.26,8.2,0.138,NA,0.499096305812788,0.055,0.06
"1983","San Joaquin River at Twitchell Island",10,2014,2,122.714285714286,0.27,0.02,7.8,6.175,1055,20.5571428571429,7.775,5.98,0.3,NA,0.524332324863218,0.09,0.11
"1984","San Joaquin River at Twitchell Island",10,2016,1.33333333333333,111.5,0.3785,0.075,7.7,1.655,1073.66666666667,18.3333333333333,8.5,7.68,0.4,NA,0.532496399109993,0.077,0.08
"1985","San Joaquin River at Twitchell Island",10,2017,1,116.666666666667,0.238,0.045,7.37,1.7,156.166666666667,16.865,8.96,7.74,0.3,NA,0.0731159212485532,0.0565,0.05
"1986","San Joaquin River at Twitchell Island",10,2018,3.42857142857143,148.857142857143,0.26125,0.04,8.02,1.36333333333333,1162.875,18.68125,8.94333333333333,5.62,0.225,NA,0.581687545152343,0.0725,0.075
"1987","San Joaquin River at Twitchell Island",10,2019,1.16666666666667,136.166666666667,0.18,0.0833333333333333,7.805,1.99333333333333,156.857142857143,18.8728571428571,8.73,4.34,0.2,NA,0.0734481942083192,0.0555,0.057
"1988","San Joaquin River at Twitchell Island",10,2020,2.28571428571429,140.142857142857,0.2078,0.038,7.81,2.41666666666667,862.428571428571,21.4557142857143,8.08,4.62,0.3,NA,0.424143586999956,0.0806,0.08
"1989","San Joaquin River at Twitchell Island",10,2021,1.28571428571429,108.571428571429,0.1118,0.042,8.01,1.9825,1984.14285714286,16.8971428571429,9.05,18.1,0.1785,NA,1.01053609083472,0.0702,0.062
"1990","San Joaquin River at Twitchell Island",10,2022,1.57142857142857,96.8571428571429,0.113,0.05,8.025,2.305,1657.42857142857,20.2571428571429,8.66,7.24,0.1675,NA,0.836338768204351,0.055,0.059
"1991","San Joaquin River at Twitchell Island",11,2014,2,134.428571428571,0.51,0.05,7.5,2.475,1140,16.6571428571429,8.25,5.04,0.3,NA,0.567483952204414,0.09,0.1
"1992","San Joaquin River at Twitchell Island",11,2015,1.71428571428571,93.7142857142857,0.47,0.04,7.81,2.375,1369.14285714286,15.3828571428571,8.225,9.14,0.3,NA,0.688411847298011,0.09,0.09
"1993","San Joaquin River at Twitchell Island",11,2016,1.28571428571429,159.142857142857,0.46,0.095,7.545,1.85666666666667,1120.57142857143,17.0442857142857,8.34,4.06,0.3,NA,0.557218832214316,0.0766666666666667,0.09
"1994","San Joaquin River at Twitchell Island",11,2017,1.16666666666667,171.5,0.465,0.08,7.38,1.265,232,15.795,8.82,5.1,0.4,NA,0.109629907047039,0.065,0.07
"1995","San Joaquin River at Twitchell Island",11,2018,1.66666666666667,168.5,0.4185,0.087,7.86,1.27,1077.5,16.15,9.51,5.9,0.359,NA,0.535634525257028,0.0745,0.079
"1996","San Joaquin River at Twitchell Island",11,2019,1.16666666666667,221,0.36,0.2,7.45,1.32,181.333333333333,15.0666666666667,9.12,5,0.25,NA,0.0851825919141239,0.052,0.057
"1997","San Joaquin River at Twitchell Island",11,2020,1.28571428571429,130.571428571429,0.26,0.05,7.715,1.95,1262.14285714286,15.2071428571429,8.965,5.48,0.209,NA,0.629794908930142,0.07275,0.075
"1998","San Joaquin River at Twitchell Island",11,2021,1,62.5,0.5395,0.051,7.59,0.9,627,15.78,8.09,15.46,0.403,NA,0.303677481385321,0.0785,0.083
"1999","San Joaquin River at Twitchell Island",11,2022,1.14285714285714,132.428571428571,0.174,0.05,7.73,1.455,1161,13.64,9.675,7.28,0.149,NA,0.577032017233432,0.054,0.0595
"2000","San Joaquin River at Twitchell Island",12,2015,1,76,0.62,0.08,7.8,13.345,1655.57142857143,11.0057142857143,10.7,14.78,0.4,NA,0.834034210791307,0.05,0.11
"2001","San Joaquin River at Twitchell Island",12,2016,1,86,0.506666666666667,0.15,7.675,2.02333333333333,1360.57142857143,10.42375,10.23,11.14,0.45,NA,0.679807914139824,0.08,0.08
"2002","San Joaquin River at Twitchell Island",12,2017,1,141.666666666667,0.48,0.14,7.63,1.545,789.5,10.8866666666667,9.99,7.22,0.4,NA,0.385676481967138,0.065,0.07
"2003","San Joaquin River at Twitchell Island",12,2018,1,140.166666666667,0.581,0.119,7.58,0.78,1056.83333333333,11.385,9.14,5.5,0.38,NA,0.52373180592858,0.076,0.075
"2004","San Joaquin River at Twitchell Island",12,2019,1,58.1666666666667,0.43,0.2,7.66,1.33,907.166666666667,11.195,10.14,14.96,0.37,NA,0.449097177323278,0.0565,0.045
"2005","San Joaquin River at Twitchell Island",12,2020,1.28571428571429,107.857142857143,0.344,0.07,7.8,1.92333333333333,1661.85714285714,11.3228571428571,9.995,7.86,0.2335,NA,0.839671692133941,0.0646,0.07
"2006","San Joaquin River at Twitchell Island",12,2021,1,86.3333333333333,0.528,0.0505,7.72,1.24,1656,12.415,9.1,13.3,0.276,NA,0.835835631645451,0.072,0.078
"2007","San Joaquin River at Twitchell Island",12,2022,1,92.8571428571429,0.3035,0.053,7.635,1.395,976.857142857143,9.96714285714286,10.225,7.7,0.255,NA,0.482429394990139,0.0555,0.066
"2008","San Joaquin River near Stockton",1,2016,1,160,2.31,0.12,7.46,1.06,664,8.89,9.8,NA,0.7,NA,0.322084803015332,0.2,0.3
"2009","San Joaquin River near Stockton",1,2017,1,40,2.17,0.22,7.36,2.3,785,9.21,9.22,NA,1,NA,0.383017752655077,0.33,0.43
"2010","San Joaquin River near Stockton",1,2018,1,260,1.78,0.09,7.5,1.07,626,10.38,10.27,NA,0.4,NA,0.303059506420709,0.23,0.23
"2011","San Joaquin River near Stockton",1,2019,1,100,3.6,0.2,7.47,0.84,878,10.03,9.2,NA,0.8,NA,0.430188846786764,0.329,0.37
"2012","San Joaquin River near Stockton",1,2020,1,116,2.8,0.15,7.66,0.64,667,9.67,10.24,NA,0.52,NA,0.323589136274845,0.2,0.31
"2013","San Joaquin River near Stockton",1,2022,1,48,1.66,0.29,7.36,0.57,366,9.06,8.99,NA,1.44,NA,0.174515506953524,0.242,0.281
"2014","San Joaquin River near Stockton",2,2016,1,108,1.46,0.2,7.3,0.96,449,11.7,7.7,NA,1.6,NA,0.215219161525727,0.2,0.4
"2015","San Joaquin River near Stockton",2,2017,1,68,0.67,0.06,7.02,4.17,208,11.97,9.95,NA,0.4,NA,0.0979773366123054,0.09,0.12
"2016","San Joaquin River near Stockton",2,2018,1,196,2.3,0.08,7.53,0.91,810,12.72,9.59,NA,0.5,NA,0.395670448067287,0.27,0.27
"2017","San Joaquin River near Stockton",2,2019,1,44,1.03,0.09,7.54,2.29,276,10.87,9.95,NA,0.7,NA,0.130766127291806,0.12,0.153
"2018","San Joaquin River near Stockton",2,2020,1,212,1.7,0.25,7.65,1.46,647,11.09,10.61,NA,0.43,NA,0.313566662116615,0.13,0.13
"2019","San Joaquin River near Stockton",2,2022,1,76,5.47,0.145,7.59,0.88,817,11.29,9.36,NA,0.76,NA,0.399216914788188,0.326,0.344
"2020","San Joaquin River near Stockton",3,2016,1,74.8,1.7,0.06,7.44,2.16,535,16.212,7.5,NA,0.9,NA,0.258064683056873,0.18,0.32
"2021","San Joaquin River near Stockton",3,2017,1,60,0.43,0.02,7.29,4.24,171,14.684,9.98,NA,0.3,NA,0.0802199456089813,0.08,0.09
"2022","San Joaquin River near Stockton",3,2018,1,140.2,1.89,0.06,7.72,1.56,625,14.488,10,NA,0.5,NA,0.302814363883592,0.17,0.17
"2023","San Joaquin River near Stockton",3,2019,1,79,0.54,0.05,7.58,2.6,189.8,12.644,10.03,NA,0.4,NA,0.089249613803575,0.075,0.07
"2024","San Joaquin River near Stockton",3,2020,1,246.666666666667,1.6,0.11,7.76,1.4,522.333333333333,14.1566666666667,10.26,NA,0.4,NA,0.251451171243845,0.14,0.19
"2025","San Joaquin River near Stockton",3,2021,1,190.666666666667,3.33,0.299,7.57,1.56,840.333333333333,14.1533333333333,8.53,NA,0.911,NA,0.41145780487837,0.385,0.362
"2026","San Joaquin River near Stockton",3,2022,1,168.333333333333,3.27,0.07,8.01,1.88,625.666666666667,15.26,10.77,NA,0.469,NA,0.303025755658182,0.13,0.13
"2027","San Joaquin River near Stockton",4,2016,1,77.6,0.92,0.21,7.69,4.39,688.6,19.644,5.6,NA,1.1,NA,0.335310305453039,0.18,0.4
"2028","San Joaquin River near Stockton",4,2017,1,83,0.36,0.02,7.27,5.66,146.2,15.734,9.48,NA,0.4,NA,0.0683380456774428,0.08,0.09
"2029","San Joaquin River near Stockton",4,2018,1,57.4,0.53,0.08,7.39,3.06,239.8,17.972,8.51,NA,0.8,NA,0.113358345871264,0.13,0.15
"2030","San Joaquin River near Stockton",4,2019,1,99.6,0.42,0.05,7.55,1.59,222.6,16.112,9.62,NA,0.3,NA,0.105010020404735,0.072,0.1
"2031","San Joaquin River near Stockton",4,2021,1,158.6,2.79,0.063,7.88,2.62,899,18.542,9.53,NA,0.586,NA,0.441358597270527,0.292,0.324
"2032","San Joaquin River near Stockton",4,2022,1,175.2,3.55,0.109,7.76,3.55,660.4,18.498,8.41,NA,0.617,NA,0.320341556038268,0.296,0.305
"2033","San Joaquin River near Stockton",5,2016,1,76.2,0.75,0.07,7.45,3.26,353.6,19.852,8.2,NA,0.5,NA,0.168535361785745,0.12,0.18
"2034","San Joaquin River near Stockton",5,2017,1,76,0.24,0.02,7.39,4.69,195.6,19.3,9.54,NA,0.3,NA,0.092180582709642,0.06,0.08
"2035","San Joaquin River near Stockton",5,2018,1,88.6,0.42,0.03,7.51,5,252,19.824,9.04,NA,0.3,NA,0.119192722381545,0.1,0.1
"2036","San Joaquin River near Stockton",5,2019,1,94.8,0.36,0.05,7.49,1.03,186,17.53,9.29,NA,0.3,NA,0.0874882002055859,0.075,0.08
"2037","San Joaquin River near Stockton",5,2021,1,135,1.67,0.05,7.75,4.73,645,20.8933333333333,8.8,NA,0.472,NA,0.312684206988797,0.291,0.274
"2038","San Joaquin River near Stockton",5,2022,1,150.142857142857,2.42,0.068,8.02,2.67,545.428571428571,21.0257142857143,8.53,NA,0.528,NA,0.262961505171561,0.301,0.3
"2039","San Joaquin River near Stockton",6,2008,1.16666666666667,66.7272727272727,1.4,0.08,NA,2.09,648.545454545455,23.0181818181818,6.1,21.4,0.4,NA,0.314891976986568,0.08,0.13
"2040","San Joaquin River near Stockton",6,2009,1.5,90.1818181818182,1.5,0.02,7.31,7.37,582.272727272727,24.4818181818182,6.2,62,0.4,NA,0.28146270448862,0.12,0.15
"2041","San Joaquin River near Stockton",6,2010,1,78.2222222222222,0.85,0.05,7.17,3.15,278.666666666667,23.4444444444444,7.8,20.268,0.5,NA,0.132094539602631,0.06,0.09
"2042","San Joaquin River near Stockton",6,2011,1,59.5555555555556,0.52,0.03,7.04,5.34,168,20.1555555555556,8.9,15.34,0.3,NA,0.0787839180044908,0.05,0.08
"2043","San Joaquin River near Stockton",6,2012,1.75,87,1.4,0.12,7.5,1.74,550,23.3222222222222,6,9.2,0.5,NA,0.265525378594295,0.14,0.15
"2044","San Joaquin River near Stockton",6,2013,2.25,133.777777777778,1.13,0.03,7.61,2.8,536,23.5333333333333,6.8,7.4,0.6,NA,0.258863143383657,0.2,0.27
"2045","San Joaquin River near Stockton",6,2014,2.66666666666667,167.363636363636,0.63,0.01,7.3,2.02,533.545454545455,25.4272727272727,7.55,3.25,0.5,NA,0.257527286566744,0.14,0.18
"2046","San Joaquin River near Stockton",6,2015,2.5,122.363636363636,1.04,0.04,7.63,1.78,906,25.3763636363636,6.8,5.98333333333333,0.7,NA,0.445120938865986,0.19,0.3
"2047","San Joaquin River near Stockton",6,2016,3,111.444444444444,0.69,0.07,7.4,3.9,513.111111111111,25.2155555555556,6.65,6,0.7,NA,0.247328521025774,0.18,0.23
"2048","San Joaquin River near Stockton",6,2017,1,66.4444444444444,0.23,0.04,7.09,2.74,187.111111111111,20.7944444444444,8.49,15.35,0.3,NA,0.0881476814077299,0.06,0.06
"2049","San Joaquin River near Stockton",6,2018,1.4,97.8888888888889,0.86,0.03,7.12,3.93,408.555555555556,22.9622222222222,8.11,7.05,0.4,NA,0.195734567501665,0.16,0.18
"2050","San Joaquin River near Stockton",6,2019,1,74.7777777777778,0.18,0.05,7.55,2.85,122.888888888889,21.2533333333333,7.88,15.075,0.3,NA,0.0571755319858165,0.089,0.09
"2051","San Joaquin River near Stockton",6,2020,2.8,125.444444444444,1.07,0.05,7.4,4.73,405.333333333333,24.14,7.33,4.575,0.4,NA,0.193848126584414,0.177,0.188
"2052","San Joaquin River near Stockton",6,2021,2.6,139.363636363636,1.48,0.056,7.54,4.39,621.181818181818,24.1463636363636,7.62,6,0.422,NA,0.30088180227593,0.31,0.292
"2053","San Joaquin River near Stockton",6,2022,2.4,146,3.58,0.05,7.98,4.3,505.333333333333,24.4288888888889,7.23,3.1,0.541,NA,0.24310578870219,0.456,0.462
"2054","San Joaquin River near Stockton",7,2008,2.25,67.6,1.7,0.04,NA,2.64,604.4,26.62,5.7,15.4,0.6,NA,0.292612147369315,0.11,0.13
"2055","San Joaquin River near Stockton",7,2009,2.75,104.2,0.48,0.05,7.27,2.87,533.6,25.56,6.2,28.3,0.5,NA,0.257863453498324,0.09,0.12
"2056","San Joaquin River near Stockton",7,2010,1.5,83.4285714285714,1.3,0.08,7.17,2.19,350.142857142857,24.9714285714286,5.7,19.834,0.5,NA,0.166904994131051,0.09,0.12
"2057","San Joaquin River near Stockton",7,2011,1,54.4285714285714,0.48,0.01,7.02,18.2,182.571428571429,23.5857142857143,8,15.2,0.4,NA,0.0858202422149437,0.07,0.11
"2058","San Joaquin River near Stockton",7,2012,3,106.142857142857,1,0.08,7.38,5.98,566.571428571429,25.8,5.8,5.975,0.5,NA,0.274054392078811,0.16,0.18
"2059","San Joaquin River near Stockton",7,2013,3.5,129.571428571429,0.82,0.04,7.57,7.37,577.714285714286,27.0714285714286,6.65,5.525,0.7,NA,0.279663414525262,0.24,0.29
"2060","San Joaquin River near Stockton",7,2014,3.5,139.714285714286,0.78,0.02,7.5,7.06,810.857142857143,27.0857142857143,7.3,4.725,0.6,NA,0.397188280980579,0.21,0.28
"2061","San Joaquin River near Stockton",7,2015,2,97.4285714285714,1.32,0.06,7.51,4.66,1079.85714285714,26.3942857142857,6.4,7.65,0.8,NA,0.534667096872258,0.32,0.41
"2062","San Joaquin River near Stockton",7,2016,2.4,94.2857142857143,0.33,0.04,7.67,11.92,508,26.415,7.85,11.975,0.6,NA,0.245281021660944,0.13,0.22
"2063","San Joaquin River near Stockton",7,2017,1,67.2857142857143,0.52,0.08,7.11,13.28,153.428571428571,22.8657142857143,8.37,12.975,0.4,NA,0.0718053784300202,0.12,0.13
"2064","San Joaquin River near Stockton",7,2018,4,142.142857142857,1.09,0.02,7.57,7.22,495.571428571429,25.3271428571429,7.52,5.3,0.4,NA,0.239312348723023,0.23,0.23
"2065","San Joaquin River near Stockton",7,2019,1,81.5714285714286,0.63,0.057,7.48,4.06,310.857142857143,23.3514285714286,7.1,11.3,0.419,NA,0.147905672179024,0.106,0.113
"2066","San Joaquin River near Stockton",7,2020,3.8,127,0.71,0.05,7.38,6.4,339.857142857143,25.1642857142857,7.32,4.475,0.5,NA,0.161819613635502,0.171,0.184
"2067","San Joaquin River near Stockton",7,2021,3.6,125.285714285714,1.08,0.05,7.35,4.3,419.142857142857,26.5171428571429,7.15,4.475,0.344,NA,0.200636857852493,0.217,0.22
"2068","San Joaquin River near Stockton",7,2022,3.2,142,1.26,0.05,7.76,5.24,502.6,26.282,7.11,3.575,0.511,NA,0.241682596238257,0.295,0.304
"2069","San Joaquin River near Stockton",8,2007,2,78.4,1.1,0.07,NA,2.85,450.6,25.12,5.4,9.1,0.4,NA,0.216618426014848,0.09,0.11
"2070","San Joaquin River near Stockton",8,2008,4,86,1.8,0.06,NA,2.9,631,26.6666666666667,6.2,12.5,0.7,NA,0.305790352215841,0.1,0.13
"2071","San Joaquin River near Stockton",8,2009,2.25,96.25,0.34,0.03,7.31,2.76,366.8,25.76,6,19.2,0.4,NA,0.175164132699741,0.06,0.11
"2072","San Joaquin River near Stockton",8,2010,2,99,1.5,0.03,7.43,6.41,429,25.18,6.8,12.446,0.6,NA,0.20554130149747,0.14,0.19
"2073","San Joaquin River near Stockton",8,2011,1,73,0.65,0.03,7.16,8.44,295.8,22.32,7.7,12.78,0.4,NA,0.140373081767217,0.07,0.12
"2074","San Joaquin River near Stockton",8,2012,3.25,112.4,0.55,0.05,7.49,6,461.2,25.86,6,5.825,0.6,NA,0.221705889212395,0.13,0.21
"2075","San Joaquin River near Stockton",8,2013,3,148.4,0.73,0.05,7.39,2.67,600.6,26.02,6.25,3.65,0.5,NA,0.29134223261201,0.27,0.24
"2076","San Joaquin River near Stockton",8,2014,3,143.666666666667,0.78,0.02,7.7,6.84,1008.33333333333,26.6333333333333,6.85,3.9,0.6,NA,0.497761207109947,0.28,0.37
"2077","San Joaquin River near Stockton",8,2015,2.66666666666667,109,1.17,0.06,7.81,5.23,1278,26.43,7.45,5.65,1,NA,0.637081901188323,0.35,0.39
"2078","San Joaquin River near Stockton",8,2016,3.6,123,0.2,0.04,7.43,7.93,299.2,25.646,7.04,10.475,0.4,NA,0.142196379888024,0.02,0.04
"2079","San Joaquin River near Stockton",8,2017,1,89.2,0.54,0.02,7.71,11.29,244.2,22.638,9.41,11.775,0.4,NA,0.115411701506799,0.13,0.13
"2080","San Joaquin River near Stockton",8,2018,2.2,98.2,0.7,0.063,7.45,4.31,433,24.936,6.93,7.85,0.5,NA,0.208343973263328,0.216,0.23
"2081","San Joaquin River near Stockton",8,2019,2.6,110.6,0.595,0.05,7.56,3.87,321.2,24.382,7.58,10.675,0.469,NA,0.152730087333607,0.148,0.156
"2082","San Joaquin River near Stockton",8,2020,3.4,117.8,0.96,0.05,7.72,16.51,403.2,25.178,8.11,5.1,0.7,NA,0.192845054960096,0.251,0.28
"2083","San Joaquin River near Stockton",8,2021,2.4,141.2,1.14,0.05,7.2,5.56,364.8,25.338,7.79,5.675,0.328,NA,0.174012101085158,0.228,0.231
"2084","San Joaquin River near Stockton",8,2022,2.4,164.2,0.806,0.05,7.83,4.12,502.2,25.814,6.87,3.6,0.549,NA,0.241847840880294,0.26,0.276
"2085","San Joaquin River near Stockton",9,2007,1.75,88.6,1.8,0.03,NA,2.81,474.2,23.02,7,9.5,0.3,NA,0.228071532606567,0.06,0.09
"2086","San Joaquin River near Stockton",9,2008,1.75,67.6,2.3,0.05,NA,2.88,704.2,24.4,7,13.5,0.6,NA,0.342413966849329,0.11,0.14
"2087","San Joaquin River near Stockton",9,2009,2,107.4,1.2,0.04,7.65,2.15,513,24.34,5.8,8.058,0.4,NA,0.246969161460951,0.08,0.09
"2088","San Joaquin River near Stockton",9,2010,1.75,147.8,2.3,0.04,7.32,3.01,414.4,22.68,7,7.472,0.6,NA,0.198347951193327,0.14,0.18
"2089","San Joaquin River near Stockton",9,2011,1.25,83.2,0.82,0.02,7.67,6.41,344.6,22.9,8.5,18.06,0.3,NA,0.16414661659177,0.05,0.1
"2090","San Joaquin River near Stockton",9,2012,2,139.8,1.4,0.1,7.08,1.43,548,23.82,5.95,4.7,0.7,NA,0.26468546900901,0.27,0.41
"2091","San Joaquin River near Stockton",9,2013,2,143.8,1.56,0.12,7.63,5.98,597,24.766,7.2,5.425,0.5,NA,0.290273501643,0.5,0.5
"2092","San Joaquin River near Stockton",9,2014,2,133,0.97,0.05,7.4,6.62,850.8,24.78,6.85,4.05,0.6,NA,0.418365553468708,0.35,0.36
"2093","San Joaquin River near Stockton",9,2015,2,134.6,1.68,0.1,7.56,5.19,1080.4,24.372,6.85,5.375,0.7,NA,0.535324064378427,0.35,0.36
"2094","San Joaquin River near Stockton",9,2016,4.8,139,0.14,0.03,7.4,5.6,336.8,24.24,7.8,3.975,0.4,NA,0.160429897564178,0.09,0.13
"2095","San Joaquin River near Stockton",9,2017,1.2,111,1.04,0.07,7.2,3.38,280.4,23.182,7.64,9.575,0.4,NA,0.132916539472224,0.16,0.16
"2096","San Joaquin River near Stockton",9,2018,2.4,118.8,1.14,0.07,7.55,2.6,600.8,23.808,7.23,5.1,0.5,NA,0.291742358882837,0.356,0.39
"2097","San Joaquin River near Stockton",9,2019,3.8,133.2,0.74,0.05,7.59,10.4,307.2,23.882,8.37,6.25,0.533,NA,0.14594502211538,0.156,0.166
"2098","San Joaquin River near Stockton",9,2020,2.6,124.2,1.82,0.062,7.53,4.4,466.2,24.372,6.59,4.975,0.6,NA,0.223744159784826,0.474,0.49
"2099","San Joaquin River near Stockton",9,2021,2.8,166.75,1.85,0.069,7.13,3.85,491.6,25.922,6.55,3.5,0.431,NA,0.236300340667547,0.361,0.334
"2100","San Joaquin River near Stockton",9,2022,2,132.2,1.03,0.061,7.63,4.05,612.6,24.924,6.73,6.075,0.544,NA,0.296729490126312,0.349,0.353
"2101","San Joaquin River near Stockton",10,2007,1,102.2,2.4,0.11,NA,3.48,586,18.68,7.9,9,0.5,NA,0.283234495494179,0.1,0.13
"2102","San Joaquin River near Stockton",10,2008,1.75,112.2,2.8,0.04,NA,2.71,738.8,19.14,6.2,14.4,0.5,NA,0.359728443182591,0.11,0.13
"2103","San Joaquin River near Stockton",10,2009,1.75,135.8,2.2,0.06,7.59,3.11,488.4,18.62,7,5.996,0.4,NA,0.234703708985828,0.09,0.1
"2104","San Joaquin River near Stockton",10,2010,1.25,172.8,2.6,0.06,7.15,1.85,453,21.58,6.5,9.28,0.5,NA,0.217503497943326,0.13,0.15
"2105","San Joaquin River near Stockton",10,2011,1,85.2,0.83,0.03,7.42,3.97,243.8,18.34,7.95,10.075,0.3,NA,0.11522661760283,0.09,0.12
"2106","San Joaquin River near Stockton",10,2012,1.75,162.4,2.3,0.06,7.35,1.58,581.8,21.58,6.5,6.025,0.6,NA,0.281575600253143,0.33,0.41
"2107","San Joaquin River near Stockton",10,2013,2,101,1.78,0.08,7.57,4.57,634.2,20.14,7.5,6.85,0.5,NA,0.307488536674575,0.27,0.29
"2108","San Joaquin River near Stockton",10,2014,2.5,172.8,1.69,0.09,7.4,5.51,1089.8,21.72,7.2,4.025,0.8,NA,0.540550777553988,0.42,0.47
"2109","San Joaquin River near Stockton",10,2015,1.8,146.8,1.76,0.06,7.5,3.02,806.2,22.98,6.6,3.725,0.5,NA,0.394179275041862,0.42,0.43
"2110","San Joaquin River near Stockton",10,2016,2.4,128.2,2.1,0.1,7.6,7.47,491.4,20.08,7.4,4,0.7,NA,0.237060831727652,0.42,0.42
"2111","San Joaquin River near Stockton",10,2017,1,114.6,1.92,0.09,7.21,1.61,381.4,18.6,7.74,7.85,0.4,NA,0.182204612664833,0.27,0.27
"2112","San Joaquin River near Stockton",10,2018,1.8,135.6,2.44,0.07,7.88,2.46,605.8,20.622,8.01,6.15,0.4,NA,0.293661481720576,0.35,0.35
"2113","San Joaquin River near Stockton",10,2020,1.8,155.6,3.25,0.05,7.46,2.81,466.4,22.762,6.79,3.2,0.5,NA,0.223949154657637,0.456,0.42
"2114","San Joaquin River near Stockton",10,2021,1.2,156,2.98,0.069,7.75,1.97,703.4,18.062,8.16,11.8,0.39,NA,0.341996630078737,0.455,0.473
"2115","San Joaquin River near Stockton",10,2022,2,141.8,1.06,0.07,8.04,2.48,654.4,21.976,6.93,5.4,0.523,NA,0.317624672116513,0.366,0.371
"2116","San Joaquin River near Stockton",11,2007,1.25,122.2,1.6,0.09,NA,2.09,470,16.08,7.7,14.7,0.5,NA,0.225666697339947,0.08,0.12
"2117","San Joaquin River near Stockton",11,2008,1.25,174.6,2.4,0.23,NA,1.75,638.8,16.1,7.6,16.5,0.7,NA,0.30977954299326,0.08,0.12
"2118","San Joaquin River near Stockton",11,2009,1,142.8,1.4,0.07,7.6,1.01,383.4,15.26,8.2,5.534,0.5,NA,0.18314777018933,0.09,0.12
"2119","San Joaquin River near Stockton",11,2010,1.25,176.2,2.1,0.05,7.13,1.31,367.6,16.02,7.8,9.24,0.5,NA,0.175497165075537,0.09,0.12
"2120","San Joaquin River near Stockton",11,2011,1,126.6,2.2,0.11,7.36,1.4,426.6,14.04,8.5,6.25,0.5,NA,0.204850664853272,0.15,0.19
"2121","San Joaquin River near Stockton",11,2012,2,182.6,1.8,0.06,7.17,2.23,421.4,18.64,7.1,2.5,0.4,NA,0.201837474491329,0.19,0.22
"2122","San Joaquin River near Stockton",11,2013,1,164.4,1.09,0.05,7.44,1.86,485.8,15.38,8.9,4.35,0.4,NA,0.233575389466264,0.12,0.17
"2123","San Joaquin River near Stockton",11,2014,1.75,127.8,1.22,0.11,7.1,2.76,616,16.88,6.6,8.525,0.5,NA,0.29816631010475,0.15,0.21
"2124","San Joaquin River near Stockton",11,2015,1.6,128.6,1.2,0.06,7.66,1.75,484.4,15.152,7.6,5.95,0.4,NA,0.232789536506896,0.27,0.27
"2125","San Joaquin River near Stockton",11,2016,2,168.8,1.12,0.09,7.15,1.27,397.2,17.932,6.83,3.2,0.5,NA,0.189829572471715,0.27,0.28
"2126","San Joaquin River near Stockton",11,2017,1,130.8,1.35,0.06,7.39,1.28,368.6,14.386,9.3,8.2,0.4,NA,0.175790568114975,0.13,0.14
"2127","San Joaquin River near Stockton",11,2018,1.2,172.6,2.03,0.117,7.71,1.1,399.2,15.392,9.07,5.375,0.41,NA,0.190984787553366,0.27,0.271
"2128","San Joaquin River near Stockton",11,2019,1.4,206.6,1.3,0.2,7.37,3.03,399.2,15.308,9.26,3.575,0.31,NA,0.191068125350313,0.15,0.16
"2129","San Joaquin River near Stockton",11,2020,2,206.8,1.95,0.05,7.53,1.99,391.8,14.794,9.24,2.25,0.373,NA,0.187135073291405,0.208,0.2
"2130","San Joaquin River near Stockton",11,2021,1.14285714285714,70,1.99,0.118,7.62,1.25,373.285714285714,16.1957142857143,8.06,15.6333333333333,0.53,NA,0.178105414767597,0.304,0.315
"2131","San Joaquin River near Stockton",11,2022,1.4,140.2,0.8,0.061,8.02,1.66,385.6,14.442,9.52,3.55,0.308,NA,0.184321022125416,0.123,0.132
"2132","San Joaquin River near Stockton",12,2007,1,146.2,2.8,0.14,NA,0.64,511,10.14,9.5,17.4,1.4,NA,0.246309268704423,0.09,0.16
"2133","San Joaquin River near Stockton",12,2008,1,171,3.6,0.14,NA,1.4,686.4,11.86,7.2,19.2,0.7,NA,0.333648612286938,0.08,0.1
"2134","San Joaquin River near Stockton",12,2009,1,188.6,1.5,0.05,7.52,1.11,539.8,9.82,9.6,6.18,0.5,NA,0.260801836595679,0.05,0.13
"2135","San Joaquin River near Stockton",12,2010,1,179,1.2,0.06,6.96,0.75,341.4,10.76,9,5.728,0.4,NA,0.162870515761408,0.05,0.06
"2136","San Joaquin River near Stockton",12,2011,1,147.8,2,0.07,7.79,0.44,486.6,9.5,9.75,4.8,0.4,NA,0.234258114010035,0.13,0.16
"2137","San Joaquin River near Stockton",12,2012,1,104.2,3,0.19,7.1,0.62,541,14.4,7.4,7.225,0.7,NA,0.260709879414744,0.25,0.35
"2138","San Joaquin River near Stockton",12,2013,1,151.6,3.16,0.09,7.6,1.36,672,9.48,9.4,5.5,0.6,NA,0.326744943753222,0.25,0.33
"2139","San Joaquin River near Stockton",12,2014,1,189,3.08,0.15,7.3,1.11,657,13.88,7.5,4.225,0.9,NA,0.319196289220468,0.38,0.44
"2140","San Joaquin River near Stockton",12,2015,1,131,1.48,0.07,7.82,5.66,506,11.238,11,9.45,0.6,NA,0.243369615419826,0.15,0.23
"2141","San Joaquin River near Stockton",12,2016,1,141.4,0.97,0.04,7.75,1.14,365.4,11.016,10.06,7.05,0.4,NA,0.174251578957824,0.15,0.16
"2142","San Joaquin River near Stockton",12,2017,1,123.6,1.74,0.09,7.53,0.65,522.8,11.906,9.96,8.9,0.4,NA,0.252180095439929,0.22,0.22
"2143","San Joaquin River near Stockton",12,2018,1,170.2,2.45,0.165,7.44,0.76,533.6,11.956,8.33,4.1,0.61,NA,0.257493203643906,0.303,0.29
"2144","San Joaquin River near Stockton",12,2019,1,104.8,2.9,0.23,7.71,1.52,470.4,11.38,9.46,24.35,0.2,NA,0.226322385407366,0.23,0.22
"2145","San Joaquin River near Stockton",12,2021,1.2,121.4,3.58,0.09,7.76,1.52,508.6,12.822,8.6,6.525,0.457,NA,0.245172014758512,0.262,0.254
"2146","San Joaquin River near Stockton",12,2022,1,78.4,1.72,0.168,7.74,1.03,523,10.32,9.03,15.325,0.69,NA,0.251842279373624,0.107,0.158
"2147","San Pablo Bay",1,2016,1,101.333333333333,0.3134742,0.1380052325,7.88333333333333,1.46428571428571,36202.6666666667,11.10875,9.05,NA,0.6,NA,21.6569417943264,0.060409875,0.095
"2148","San Pablo Bay",1,2017,1,25.3333333333333,0.3172586025,0.1132466125,7.71666666666667,1.2225,5809,9.9125,10.49375,NA,0.5,NA,3.70425996531066,0.0616818,0.1
"2149","San Pablo Bay",1,2018,1,80,0.418189056,0.156594282,7.84,1.56,33125,11.28875,8.87125,NA,0.233333333333333,NA,21.5655776546186,0.079159844,0.09
"2150","San Pablo Bay",1,2019,1,77.3333333333333,0.520333333333333,0.179,7.72666666666667,1.85333333333333,29653.3333333333,11.2466666666667,9.04666666666667,NA,0.283666666666667,NA,18.3640412307908,0.0906666666666667,0.0933333333333333
"2151","San Pablo Bay",1,2020,1,84.6666666666667,0.360216072,0.152403188,7.87333333333333,1.96875,33004.3333333333,11.0775,9.02625,NA,0.37,NA,20.668059564838,0.080388156,0.0993333333333333
"2152","San Pablo Bay",1,2022,1,86.6666666666667,0.464666666666667,0.112333333333333,7.73333333333333,2.39375,32505,11.25125,8.75125,NA,0.295666666666667,NA,19.7678931287196,0.079,0.0933333333333333
"2153","San Pablo Bay",2,2016,1,60,0.3742695875,0.114243355,7.9,1.64857142857143,29480,12.69375,8.69375,NA,0.65,NA,16.9783306281779,0.066007275,0.115
"2154","San Pablo Bay",2,2017,1,17,0.38984489,0.08749624,7.5675,2.43444444444444,1513.75,11.9188888888889,9.84777777777778,NA,0.35,NA,2.19221170029706,0.07542812,0.1225
"2155","San Pablo Bay",2,2018,1,88,0.41641917,0.120991482,7.88666666666667,2.37428571428571,33380,12.84,8.61142857142857,NA,0.266666666666667,NA,19.7266486805539,0.075177508,0.0833333333333333
"2156","San Pablo Bay",2,2019,1,21.3333333333333,0.459221568,0.108004692,7.43,1.49666666666667,7087.66666666667,10.2233333333333,9.98833333333333,NA,0.533333333333333,NA,5.58984031465818,0.082260752,0.163666666666667
"2157","San Pablo Bay",2,2020,1,93.3333333333333,0.37959476,0.125388682,7.78,2.22875,32870.3333333333,12.1125,8.8625,NA,0.673333333333333,NA,20.311506865898,0.085131532,0.14
"2158","San Pablo Bay",2,2022,1,52,0.314333333333333,0.0618666666666667,7.87,4.1725,36627.6666666667,11.855,9.03625,NA,0.358666666666667,NA,20.4821777670759,0.075,0.125333333333333
"2159","San Pablo Bay",3,2016,1,56,0.3504751875,0.0817633675,7.96666666666667,2.50142857142857,20655.4,14.415,8.3875,NA,0.7,NA,13.1121017272112,0.060210845,0.1
"2160","San Pablo Bay",3,2017,1,33.7333333333333,0.307595772,0.069408698,7.61333333333333,2.6625,3870.6,14.705,9.3775,NA,0.266666666666667,NA,2.90980790198345,0.061248164,0.09
"2161","San Pablo Bay",3,2018,1,75.2,0.38340867,0.090821402,7.91,2.49714285714286,26137,12.4244444444444,8.84142857142857,NA,0.2,NA,20.1886153329978,0.075814652,0.0933333333333333
"2162","San Pablo Bay",3,2019,1,26.8,0.272203978,0.085188786,7.46,3.39625,7626,13.126,9.2275,NA,0.260666666666667,NA,4.98897179304125,0.0722766,0.0766666666666667
"2163","San Pablo Bay",3,2020,1,78.5,0.386666666666667,0.176666666666667,7.77333333333333,1.47,35356.5,13.19,8.36666666666667,NA,0.283333333333333,NA,22.2839399521788,0.0676666666666667,0.13
"2164","San Pablo Bay",3,2021,1,107.25,0.362793464,0.0958168,7.91333333333333,2.34857142857143,34561.75,12.4525,8.93857142857143,NA,0.251666666666667,NA,21.4860590359441,0.083196988,0.0773333333333333
"2165","San Pablo Bay",3,2022,1,86,0.275666666666667,0.0646666666666667,7.9,2.345,32951.5,13.6888888888889,8.9325,NA,0.222333333333333,NA,20.0193836389317,0.0756666666666667,0.0923333333333333
"2166","San Pablo Bay",4,2016,1,99.2,0.14877437,0.0787581175,7.94333333333333,3.14142857142857,25647.8,16.54,8.225,NA,0.55,NA,15.3187139167849,0.04708017,0.085
"2167","San Pablo Bay",4,2017,1,23.7333333333333,0.225408684,0.062775382,7.79,4.58375,6014.73333333333,14.727,9.1775,NA,0.3,NA,3.64602327420438,0.062009204,0.09
"2168","San Pablo Bay",4,2018,1,60.2,0.247801878,0.06479239,7.95333333333333,4.39375,18697,14.86,8.895,NA,0.333333333333333,NA,9.75837803325017,0.060283616,0.113333333333333
"2169","San Pablo Bay",4,2019,1,35.8,0.199212586,0.05999099,7.71333333333333,3.36833333333333,8939.2,16.6211111111111,8.93666666666667,NA,0.218666666666667,NA,5.26924726559088,0.064078292,0.0766666666666667
"2170","San Pablo Bay",4,2021,1,110.8,0.304393166,0.102203396,7.96666666666667,2.40142857142857,30756.6,14.8077777777778,8.48285714285714,NA,0.245666666666667,NA,21.3843023633219,0.083250104,0.08
"2171","San Pablo Bay",4,2022,1,66,0.213,0.06,7.85333333333333,5.3575,33284,15.927,8.1925,NA,0.336333333333333,NA,21.1917732563816,0.083,0.133666666666667
"2172","San Pablo Bay",5,2016,1,76,0.2132666075,0.0902776275,7.86,3.27285714285714,28319.4,18.549,8.1,NA,0.7,NA,19.2850485471342,0.0569253,0.115
"2173","San Pablo Bay",5,2017,1,34,0.23,0.0733333333333333,7.73333333333333,2.59333333333333,17280.8333333333,17.2316666666667,7.99666666666667,NA,0.2,NA,10.2401633332888,0.0633333333333333,0.1
"2174","San Pablo Bay",5,2018,1,88.4,0.278206078,0.057817902,7.83333333333333,2.48,30681.8,16.918,8.38875,NA,0.333333333333333,NA,15.7552247445508,0.072867768,0.08
"2175","San Pablo Bay",5,2019,1,36.2666666666667,0.131411692,0.078809398,7.84666666666667,4.21625,15784.5333333333,16.218,8.4725,NA,0.249333333333333,NA,10.299475034917,0.069320884,0.1
"2176","San Pablo Bay",5,2021,1,101,0.263833231428571,0.0803023528571429,7.99333333333333,3.631,38612,16.9125,7.827,NA,0.243,NA,25.3311167028278,0.0812334485714286,0.0883333333333333
"2177","San Pablo Bay",5,2022,1,53.5,0.274666666666667,0.0656666666666667,7.79666666666667,5.8225,36363.4,17.208,8.34875,NA,0.341,NA,22.8063146831596,0.093,0.144333333333333
"2178","San Pablo Bay",6,2008,1,91.7142857142857,0.3474812,0.04168959,NA,5.90125,33846.2857142857,18.8333333333333,8.13333333333333,21,0.5,NA,22.3340740116641,0.06484575,0.09
"2179","San Pablo Bay",6,2009,1,67,0.3208416325,0.0533779325,7.93333333333333,3.70285714285714,33263.4285714286,19.2783333333333,7.63333333333333,25,0.5,NA,20.7664295491229,0.071140065,0.115
"2180","San Pablo Bay",6,2010,1,48.8,0.3125162175,0.0646748275,7.97,4.13142857142857,26830.4,18.64,8.06666666666667,13.55,0.35,NA,15.4507146077354,0.072976425,0.11
"2181","San Pablo Bay",6,2011,1,54,0.2557565925,0.080388935,7.94,2.55875,18160.8333333333,17.2390909090909,8.53333333333333,33.1,0.45,NA,11.3811751097365,0.060874485,0.14
"2182","San Pablo Bay",6,2012,1,45.2857142857143,0.41978234,0.0636580725,7.88333333333333,3.61714285714286,34871.1428571429,18.9266666666667,7.58333333333333,27,0.45,NA,21.8848506147176,0.091029665,0.19
"2183","San Pablo Bay",6,2013,1,64.4285714285714,0.39,0.05,8,4.6,35693.5714285714,19.2285714285714,7.6,10.15,0.6,NA,22.5110728099258,0.08,0.15
"2184","San Pablo Bay",6,2014,1,60.625,0.37708225,0.06582415,8,3.21428571428571,40000.375,18.6615384615385,7.8,8.25,1.5,NA,26.1918672367399,0.09783275,0.165
"2185","San Pablo Bay",6,2015,1,60.5714285714286,0.425,0.085,7.8,3.49,39902.4285714286,19.1571428571429,7.36666666666667,30.65,0.65,NA,25.458222831647,0.095,0.15
"2186","San Pablo Bay",6,2016,1,38.6666666666667,0.2117495925,0.06549274,7.91,5.05833333333333,33447.8333333333,19.247,7.8,20.9,0.75,NA,22.127853986441,0.06774412,0.145
"2187","San Pablo Bay",6,2017,1,47.1428571428571,0.270021984,0.038024008,7.78333333333333,4.72125,20293.8571428571,18.8775,7.56125,14.35,0.233333333333333,NA,14.2710763379558,0.082929716,0.123333333333333
"2188","San Pablo Bay",6,2018,1,61.2857142857143,0.317007478,0.044215102,7.83333333333333,4.5925,32498.4285714286,18.6091666666667,7.775,32.1,0.266666666666667,NA,20.7259708259281,0.09654932,0.12
"2189","San Pablo Bay",6,2019,1,38.7272727272727,0.230398378,0.068591288,7.65333333333333,2.58428571428571,17399.8181818182,19.1486666666667,7.91428571428571,40.75,0.166666666666667,NA,10.0905353079021,0.075196988,0.092
"2190","San Pablo Bay",6,2020,1.2,79.3333333333333,0.202333333333333,0.0533333333333333,7.99666666666667,4.06333333333333,35307.1666666667,20.15,8.12333333333333,9.4,0.3,NA,22.2386364720919,0.0763333333333333,0.0933333333333333
"2191","San Pablo Bay",6,2021,1,50.8571428571429,0.341594968,0.067599792,8.06,5.52428571428571,39612.5714285714,18.8881818181818,7.72142857142857,23.1,0.354666666666667,NA,25.2511164324911,0.094476724,0.143333333333333
"2192","San Pablo Bay",6,2022,1,70.5,0.265333333333333,0.056,7.96666666666667,3.63,37509.375,20.10875,7.76,9.8,0.333666666666667,NA,23.780256130629,0.103333333333333,0.150333333333333
"2193","San Pablo Bay",7,2008,1,76.3333333333333,0.40783387,0.0509117025,NA,4.61,36971.6666666667,19.9890909090909,7.6,15,0.5,NA,24.5695979404046,0.08104055,0.12
"2194","San Pablo Bay",7,2009,1,76.1666666666667,0.186943445,0.0246098,8.24333333333333,4.86857142857143,34806.1666666667,19.5654545454545,7.93333333333333,25.6666666666667,0.45,NA,23.5223472811911,0.06108471,0.095
"2195","San Pablo Bay",7,2010,1,60.4285714285714,0.354618515,0.065486485,7.95333333333333,3.03285714285714,31224.8571428571,18.7558333333333,7.73333333333333,15.7666666666667,0.35,NA,19.89037843625,0.086848175,0.145
"2196","San Pablo Bay",7,2011,1,47,0.2386042725,0.0273611775,7.93,6.29428571428571,24560.4285714286,18.3116666666667,8.06666666666667,32.8166666666667,0.45,NA,16.4171234255828,0.067578055,0.13
"2197","San Pablo Bay",7,2012,1,51.2,0.4207553275,0.0734217,7.90666666666667,2.75857142857143,35221.8333333333,18.7981818181818,7.63333333333333,22.25,0.75,NA,22.8135351763755,0.10108502,0.285
"2198","San Pablo Bay",7,2013,1,66.3333333333333,0.41993116,0.058427955,7.92333333333333,3.53571428571429,36919.8333333333,19.4054545454545,7.4,20.8,0.6,NA,23.3439882764243,0.1171915,0.165
"2199","San Pablo Bay",7,2014,1,55,0.437760075,0.0740245,7.81666666666667,3.22142857142857,41412,19.8336363636364,7.2875,15.4,1.45,NA,25.842990571253,0.11581975,0.2
"2200","San Pablo Bay",7,2015,1,46.4,0.359077843333333,0.0675187533333333,7.8,3.232,40414.1666666667,20.7588888888889,6.95,22.6666666666667,0.75,NA,26.8782479566413,0.100738066666667,0.18
"2201","San Pablo Bay",7,2016,1,56.5714285714286,0.26,0.055,7.99666666666667,2.7,34395,19.6514285714286,7.78,67.4666666666667,0.75,NA,21.6101024308947,0.075,0.14
"2202","San Pablo Bay",7,2017,1,32,0.272805378,0.104211096,7.76666666666667,3.2,29226.5,19.5,7.48625,40.75,0.4,NA,19.04721396426,0.094735164,0.163333333333333
"2203","San Pablo Bay",7,2018,1,53.2,0.336409176,0.069217604,7.87666666666667,3.02142857142857,37593.4,20.1144444444444,7.57428571428571,29,0.266666666666667,NA,23.438525945404,0.10240776,0.12
"2204","San Pablo Bay",7,2019,1,55.8333333333333,0.215184676,0.067977884,7.75666666666667,3.06428571428571,30103.3333333333,19.516,7.93571428571429,12.3,0.299,NA,18.2687187498055,0.09018114,0.142
"2205","San Pablo Bay",7,2020,1.2,80.6,0.263333333333333,0.0516666666666667,7.93333333333333,2.82666666666667,37699.2,19.79,7.53333333333333,5.25,0.233333333333333,NA,23.9120689168618,0.0946666666666667,0.114
"2206","San Pablo Bay",7,2021,1,53.6666666666667,0.28801418,0.09540289,8.02333333333333,5.625,39592.5,19.4211111111111,7.53666666666667,11.7,0.484333333333333,NA,25.8821393936785,0.111377756,0.224
"2207","San Pablo Bay",7,2022,1,46.4,0.253333333333333,0.108666666666667,7.94333333333333,5.46,38693,19.424,7.79,11.2,0.365666666666667,NA,24.6149351653802,0.115666666666667,0.180333333333333
"2208","San Pablo Bay",8,2007,1,69.8,0.335,0.015,NA,5.355,37750.4,20.56,8.36666666666667,21.6666666666667,0.4,NA,23.9449602514638,0.055,0.105
"2209","San Pablo Bay",8,2008,1,71.4,0.44696843,0.0617196,NA,3.48142857142857,40927.8,19.605,7.4,12,0.55,NA,25.4994877394784,0.092113755,0.115
"2210","San Pablo Bay",8,2009,1,52.8,0.268909415,0.05095547,8.02,5.43,38854.6,19.459,7.23333333333333,29,0.45,NA,25.2460527141791,0.065144605,0.125
"2211","San Pablo Bay",8,2010,1,56.75,0.3487218175,0.08522135,8.1,4.31285714285714,35389.5,18.6988888888889,7.86666666666667,13.1675,0.5,NA,23.287510963443,0.094480965,0.175
"2212","San Pablo Bay",8,2011,1,66.8,0.27911077,0.05475862,7.96333333333333,2.72714285714286,31722.4,19.423,7.73333333333333,26.18,0.3,NA,19.1921571721143,0.08008925,0.115
"2213","San Pablo Bay",8,2012,1,73.4,0.3790057,0.06015757,7.92666666666667,2.39428571428571,36357,19.56,7.36666666666667,12.35,0.35,NA,21.0127682846909,0.095675765,0.145
"2214","San Pablo Bay",8,2013,1,58.5,0.3478238725,0.0694222025,7.84666666666667,3.97714285714286,38340,20.0077777777778,7.51666666666667,33.1,0.45,NA,25.5732373842163,0.105410185,0.11
"2215","San Pablo Bay",8,2014,1,85.6,0.30400071,0.063245365,7.90333333333333,3.09142857142857,42432.2,20.205,7.06666666666667,9.15,0.55,NA,26.2899701851569,0.087512125,0.185
"2216","San Pablo Bay",8,2015,1,53.1764705882353,0.4059053775,0.034616055,7.9,2.86,42331,21.6155,7.05,20.1266666666667,0.85,NA,26.721315924368,0.080233235,0.195
"2217","San Pablo Bay",8,2016,1,94.2,0.331723325,0.0742546175,7.90333333333333,2.60857142857143,35262.6,19.227,7.65125,55.15,1,NA,22.7761089480276,0.10873989,0.185
"2218","San Pablo Bay",8,2017,1,48.2,0.301578764,0.106592286,8.19,2.17875,35892.6,19.868,7.48375,38.2,0.266666666666667,NA,21.6201630052228,0.096053736,0.116666666666667
"2219","San Pablo Bay",8,2018,1,47.4,0.349216176,0.084127054,7.84666666666667,2.25,36474,19.085,7.45375,26.25,0.3,NA,23.4995163773837,0.113878664,0.138
"2220","San Pablo Bay",8,2019,1,69.6,0.194582174,0.062909748,7.72666666666667,2.62125,33149.8,20.484,7.46875,9.95,0.2,NA,20.4100300807843,0.095092696,0.104
"2221","San Pablo Bay",8,2020,1,95.4,0.185791378,0.049597796,7.93333333333333,5.43,38981.2,20.84625,7.56333333333333,6.3,0.27,NA,25.2322120948311,0.090887372,0.111666666666667
"2222","San Pablo Bay",8,2021,1,51.6,0.238666666666667,0.0746666666666667,7.93,5.02,39752.6,20.052,7.19,9.6,0.360333333333333,NA,25.3630593346991,0.115666666666667,0.139333333333333
"2223","San Pablo Bay",8,2022,1,60.4,0.0796666666666667,0.05,8.33,57.0666666666667,39514.8,20.828,8.94333333333333,10.95,0.520666666666667,NA,25.1940776738112,0.0733333333333333,0.164666666666667
"2224","San Pablo Bay",9,2007,1,72.2916666666667,0.269528485,0.04227113,NA,3.56571428571429,39025.0416666667,20.6886206896552,8.46666666666667,27.6666666666667,0.4,NA,25.1774555145714,0.073175455,0.1
"2225","San Pablo Bay",9,2008,1,97.4166666666667,0.2797848525,0.0487706275,NA,6.34875,41662.6666666667,20.0437931034483,7.43333333333333,11.3333333333333,0.45,NA,26.5854511194165,0.077312785,0.11
"2226","San Pablo Bay",9,2009,1,76.4583333333333,0.287907665,0.048903195,7.86,4.29714285714286,39153.375,19.7851724137931,6.8,16.0825,0.4,NA,24.8511110118109,0.082489735,0.115
"2227","San Pablo Bay",9,2010,1,51,0.31031637,0.0664807325,7.97333333333333,4.70714285714286,35017.2916666667,18.7151724137931,7.36666666666667,25.525,0.4,NA,22.4056820868168,0.08911587,0.115
"2228","San Pablo Bay",9,2011,1,84.4583333333333,0.230280105,0.0150987975,8.02333333333333,7.73142857142857,29849.25,18.9910344827586,8.06,11.6083333333333,0.25,NA,18.3173568964178,0.06683698,0.095
"2229","San Pablo Bay",9,2012,1,70.1818181818182,0.32834288,0.034561025,7.99666666666667,2.69333333333333,38219.3333333333,18.4937931034483,7.56666666666667,13.0952380952381,0.4,NA,24.6287982291072,0.08958048,0.13
"2230","San Pablo Bay",9,2013,1,70.9583333333333,0.404932425,0.0699612225,8.1,4.06285714285714,38765.9583333333,20.7562068965517,7.78333333333333,14.0904761904762,0.4,NA,24.8542624956927,0.108795245,0.13
"2231","San Pablo Bay",9,2014,1,94.0833333333333,0.28998496,0.0292521225,7.95,3.58285714285714,42070.4166666667,20.8237931034483,6.81666666666667,11.1619047619048,0.45,NA,27.0124421376295,0.10719119,0.115
"2232","San Pablo Bay",9,2015,1,54.9,0.243313303333333,0.0383391666666667,7.91666666666667,2.74,39927,20.7757142857143,7.125,62.7142857142857,0.45,NA,26.0281937545699,0.0807675066666667,0.115
"2233","San Pablo Bay",9,2016,1,102.625,0.313480455,0.05399449,7.85,2.19666666666667,36038.625,19.7089285714286,7.62142857142857,8.37619047619048,0.6,NA,23.0421870758557,0.10223535,0.215
"2234","San Pablo Bay",9,2017,1,69.5833333333333,0.284800374,0.091785882,7.84666666666667,2.3775,34330.4166666667,20.8748275862069,7.545,19.4857142857143,0.233333333333333,NA,21.4308135402747,0.094115684,0.103333333333333
"2235","San Pablo Bay",9,2018,1,71.5416666666667,0.325787864,0.062820404,7.80333333333333,3.28375,39756.0833333333,18.5334482758621,7.65375,11.7857142857143,0.250333333333333,NA,25.3358406615519,0.099667892,0.110666666666667
"2236","San Pablo Bay",9,2019,1,63.8333333333333,0.23198557,0.073410396,7.64666666666667,2.395,32404.2083333333,20.8103448275862,7.52125,14.0190476190476,0.261666666666667,NA,19.8405760351757,0.102351136,0.0986666666666667
"2237","San Pablo Bay",9,2020,1,124.166666666667,0.199203784,0.081594788,7.88,6.58714285714286,38808,19.7260714285714,7.14714285714286,6.37142857142857,0.3,NA,24.879345225899,0.092687372,0.104333333333333
"2238","San Pablo Bay",9,2021,1,94.6666666666667,0.184790678,0.036611304,7.93,6.15875,37734.5416666667,18.8534482758621,7.56375,11.847619047619,0.233,NA,24.5333452465031,0.094795296,0.11
"2239","San Pablo Bay",9,2022,1,100.833333333333,0.155,0.05,7.74666666666667,5.33,41515.2083333333,21.29375,7.37333333333333,7.74428571428571,0.242333333333333,NA,26.6185338146728,0.110333333333333,0.138
"2240","San Pablo Bay",10,2007,1,72.7916666666667,0.299384655,0.0488894375,NA,5.28142857142857,39052.875,17.4703448275862,8.06666666666667,18.6666666666667,0.4,NA,25.0954435095613,0.070210845,0.1
"2241","San Pablo Bay",10,2008,1,105.416666666667,0.2962680975,0.0538131475,NA,3.56125,39079.5416666667,18.9951724137931,7.53333333333333,12.3333333333333,0.5,NA,25.4501938368764,0.084679995,0.11
"2242","San Pablo Bay",10,2009,1,90.4761904761905,0.2866795575,0.0796260525,7.94,4.12571428571429,38688.8333333333,16.7672413793103,7.33333333333333,13.10125,0.5,NA,24.5651406301195,0.076449805,0.16
"2243","San Pablo Bay",10,2010,1,94,0.3275799975,0.0723849325,7.92,3.15571428571429,35814.5416666667,17.9637931034483,7.03333333333333,9.35875,0.3,NA,23.0294200709785,0.08179282,0.115
"2244","San Pablo Bay",10,2011,1,90.8333333333333,0.20689467,0.044000745,8.12,5.12714285714286,30825.7916666667,18.4989655172414,7.83333333333333,12.9238095238095,0.35,NA,18.9369007404663,0.06873958,0.105
"2245","San Pablo Bay",10,2012,1,80.625,0.323790605,0.04787393,7.92333333333333,2.16571428571429,37026.9583333333,18.3586206896552,7.55,10.5428571428571,0.3,NA,23.5997469711745,0.09112918,0.13
"2246","San Pablo Bay",10,2013,1,72.375,0.3727988525,0.0697998925,7.82,3.02,38537.9166666667,17.6913793103448,7.25,11.3285714285714,0.35,NA,24.8889454525285,0.097755315,0.14
"2247","San Pablo Bay",10,2014,1,95.7083333333333,0.2710279825,0.038020255,8.06666666666667,3.84714285714286,41598.375,20.4603448275862,6.65,6.55714285714286,0.6,NA,26.7378199680066,0.104281935,0.13
"2248","San Pablo Bay",10,2015,1,107.333333333333,0.2524837125,0.027977735,8,2.89857142857143,41458.4583333333,19.3055172413793,7.24,8.63809523809524,0.6,NA,26.4875674631011,0.08803178,0.12
"2249","San Pablo Bay",10,2016,1,82,0.2972335825,0.0752838825,7.85666666666667,2.19714285714286,38257.0526315789,17.2681395348837,7.62625,14.0628571428571,0.5,NA,24.3709970799507,0.104060515,0.195
"2250","San Pablo Bay",10,2017,1,103.866666666667,0.30879537,0.086989486,7.81333333333333,1.72625,35787.4666666667,17.12,7.47375,8.4,0.266666666666667,NA,22.7082434952461,0.08976166,0.1
"2251","San Pablo Bay",10,2018,1,102.933333333333,0.282405676,0.049805898,7.73666666666667,4.48875,39294.5333333333,17.6948,7.67375,8.82857142857143,0.246666666666667,NA,25.140233934712,0.091248412,0.104
"2252","San Pablo Bay",10,2019,1,133.458333333333,3.393594774,0.150787386,7.90666666666667,3.47375,31929.5,17.5437931034483,7.79625,8.34285714285714,0.136666666666667,NA,20.299835504096,0.082708544,0.0863333333333333
"2253","San Pablo Bay",10,2020,1,111.208333333333,0.229604782,0.042802398,7.98333333333333,4.33857142857143,38757,19.7082142857143,7.40428571428571,5.7,0.2,NA,24.9562921771405,0.09451036,0.106666666666667
"2254","San Pablo Bay",10,2021,1,99.5,0.20320368,0.067380684,7.78333333333333,5.76875,39912.3333333333,18.6689655172414,7.65875,8.61428571428571,0.465,NA,24.8300437806568,0.099283864,0.137
"2255","San Pablo Bay",10,2022,1,91.6666666666667,0.200333333333333,0.0836666666666667,7.90666666666667,4.63,43054.25,19.6066666666667,7.51,10.8809523809524,0.175333333333333,NA,27.7111231770826,0.108,0.138
"2256","San Pablo Bay",11,2007,1,91.8333333333333,0.3716757975,0.059140815,NA,5.67285714285714,39899.2916666667,15.4013793103448,8,18,0.4,NA,25.4212324955148,0.05756686,0.1
"2257","San Pablo Bay",11,2008,1,86.75,0.3967420725,0.0875737775,NA,3.61428571428571,40653.8333333333,15.428275862069,7.86666666666667,11.6666666666667,0.4,NA,25.7426191522632,0.08070873,0.11
"2258","San Pablo Bay",11,2009,1,83.75,0.33026134,0.089149565,7.68,3,39937.4583333333,15.3644827586207,7.43333333333333,11.94,0.35,NA,25.3559021664726,0.07745646,0.095
"2259","San Pablo Bay",11,2010,1,92.2083333333333,0.335,0.1,8,2.62,35556.8333333333,15.4166666666667,7.46666666666667,10.545,0.35,NA,22.4165062004366,0.065,0.105
"2260","San Pablo Bay",11,2011,1,101.958333333333,0.2647823575,0.097791385,7.94666666666667,2.31857142857143,32253.4583333333,14.3475862068966,8.08333333333333,7.47619047619048,0.35,NA,20.6190811109467,0.073949805,0.14
"2261","San Pablo Bay",11,2012,1,101.583333333333,0.2918921575,0.077846415,7.91333333333333,2.48285714285714,37640.2916666667,16.9303448275862,7.45,9.11428571428571,0.5,NA,23.9043509280705,0.07570873,0.11
"2262","San Pablo Bay",11,2013,1,74.625,0.424882385,0.0851713275,7.99,2.65666666666667,40065.2083333333,14.3982142857143,8.03333333333333,12.7333333333333,0.5,NA,25.7015045065098,0.108286475,0.145
"2263","San Pablo Bay",11,2014,1,84.4347826086957,0.307975205,0.05175337,8,1.83285714285714,41210.5,16.7872413793103,7.88333333333333,12.2571428571429,0.35,NA,26.5004488462516,0.09579736,0.1
"2264","San Pablo Bay",11,2015,1,87.9722222222222,0.29366848,0.05035684,7.85666666666667,2.0225,41199.1944444444,15.7581578947368,7.625,10.8909090909091,0.6,NA,26.3749293505055,0.0865049533333333,0.105
"2265","San Pablo Bay",11,2016,1,77.0322580645161,0.2325012125,0.07697848,7.81333333333333,2.48142857142857,36667.5161290323,15.05,7.93875,13.1714285714286,0.7,NA,23.3546697175695,0.090144605,0.2
"2266","San Pablo Bay",11,2017,1.125,98.8333333333333,0.330017978,0.122789382,7.83666666666667,2.02375,35553.375,14.2579310344828,7.82375,9.97142857142857,0.4,NA,22.6992560960081,0.08838114,0.103333333333333
"2267","San Pablo Bay",11,2018,1,76,0.33474546,0.08123911,7.73,3.37571428571429,42988,13.77,7.71571428571429,NA,0.2635,NA,26.1977537270849,0.0874123,0.0885
"2268","San Pablo Bay",11,2019,1,113,3.408021984,0.147209592,7.75666666666667,2.73625,34337,14.9248275862069,7.74375,6.50952380952381,0.33,NA,21.9303538786691,0.080866076,0.0706666666666667
"2269","San Pablo Bay",11,2020,1,106.368421052632,0.224591974,0.095009994,7.92,3.39,39912.7368421053,14.929756097561,7.90333333333333,6.19428571428571,0.3,NA,25.5944869957608,0.088143996,0.110666666666667
"2270","San Pablo Bay",11,2021,1,77.75,0.255779866,0.091977482,7.77666666666667,4.175,31043,16.0434482758621,7.645,15.6666666666667,0.269,NA,20.3346088955004,0.085147504,0.112666666666667
"2271","San Pablo Bay",11,2022,1,58.7083333333333,0.286333333333333,0.0996666666666667,7.71,2.57666666666667,40831.5,15.0475,8.54666666666667,18.4095238095238,0.153,NA,26.1340244136014,0.0956666666666667,0.119666666666667
"2272","San Pablo Bay",12,2007,1,81.75,0.3935667425,0.08235617,NA,4.46833333333333,38872.2083333333,12.0882142857143,8.96666666666667,20,0.4,NA,25.0055794051034,0.06546523,0.09
"2273","San Pablo Bay",12,2008,1,100.260869565217,0.4118333675,0.0872936375,NA,2.75285714285714,39153.5833333333,12.771724137931,8.2,12,0.45,NA,25.0683183770332,0.079879025,0.085
"2274","San Pablo Bay",12,2009,1,78.9130434782609,0.37620806,0.10160079,7.815,3.18714285714286,41778.3913043478,11.9132142857143,8.45,12.0465217391304,0.6,NA,26.693484663489,0.071759545,0.12
"2275","San Pablo Bay",12,2010,1,73.4166666666667,0.3882828425,0.130019995,7.94666666666667,2.66857142857143,33845.4583333333,11.2058620689655,8.6,14.6566666666667,0.45,NA,21.1362485349118,0.069104675,0.11
"2276","San Pablo Bay",12,2011,1,89,0.2983416325,0.12060779,7.87333333333333,1.335,33156.7916666667,10.8188461538462,8.73333333333333,14.252380952381,0.35,NA,21.1083774019314,0.06920419,0.12
"2277","San Pablo Bay",12,2012,1,72.5,0.372449925,0.098135305,7.9,2.99857142857143,28796,14.0489655172414,8,10.547619047619,0.4,NA,17.5859688989431,0.076461,0.105
"2278","San Pablo Bay",12,2013,1,65.2916666666667,0.3764469275,0.1038981875,8,3.1,41539,12.2058620689655,8.8,50.5095238095238,0.5,NA,27.0358539081673,0.084193305,0.14
"2279","San Pablo Bay",12,2014,1,72.0416666666667,0.3984929475,0.0892546175,7.78,1.7025,39524.4583333333,14.6137931034483,8.2875,16.0238095238095,0.7,NA,24.752833183317,0.09079736,0.14
"2280","San Pablo Bay",12,2015,1,77,0.319011146666667,0.0886693233333333,7.8,1.94166666666667,39861.6666666667,11.44375,8.425,14.4444444444444,0.65,NA,24.8535359292915,0.08691794,0.115
"2281","San Pablo Bay",12,2016,1,68,0.342508715,0.094752365,7.75,1.95571428571429,37552,12.21375,8.31125,NA,0.55,NA,24.7538950778475,0.084392335,0.31
"2282","San Pablo Bay",12,2017,1,85.3333333333333,0.34039817,0.121992986,7.89333333333333,1.84125,37721.3333333333,12.4875,8.31625,NA,0.333333333333333,NA,23.8164775488023,0.083841272,0.1
"2283","San Pablo Bay",12,2018,1,69.625,0.314182666,0.131591482,7.76333333333333,2.18625,37776.375,12.6196551724138,8.3225,23.6666666666667,0.246666666666667,NA,24.3095156756096,0.077402312,0.0876666666666667
"2284","San Pablo Bay",12,2019,1,82.8333333333333,0.15,0.236666666666667,7.82333333333333,2.90125,35607.4166666667,12.4096551724138,8.8025,18.2619047619048,0.236666666666667,NA,21.9308110723146,0.068,0.037
"2285","San Pablo Bay",12,2020,1,100.285714285714,0.28952469,0.10799397,NA,3.775,34339.1428571429,11.9545454545455,8.55,6.62857142857143,NA,NA,23.4703956631306,0.08037753,NA
"2286","San Pablo Bay",12,2021,1,82.125,0.358197768,0.108603396,7.8,2.7625,33215,13.8262068965517,8.1425,13.6142857142857,0.311,NA,21.6759537858019,0.08059348,0.099
"2287","San Pablo Bay",12,2022,1,71.2083333333333,0.280333333333333,0.116,7.81,2.37,41482.125,11.4166666666667,9.79666666666667,13.7666666666667,0.147,NA,26.5908354696136,0.082,0.110333333333333
"2288","Steamboat and Miner Slough",1,2018,1,NA,0.58,0.21,7.55,3.44,209.4,11.57,9.065,NA,0.5,NA,0.0986548628432987,0.08,0.1
"2289","Steamboat and Miner Slough",1,2022,1,NA,0.436,0.05,NA,0.545,NA,NA,NA,NA,0.202,NA,NA,0.05,0.043
"2290","Steamboat and Miner Slough",2,2018,1,NA,0.24,0.335,7.69,1.165,198.725,12.2275,9.645,NA,0.55,NA,0.0935210799343676,0.07,0.075
"2291","Steamboat and Miner Slough",2,2022,1,NA,0.2315,0.05,NA,0.735,NA,NA,NA,NA,0.178,NA,NA,0.05,0.036
"2292","Steamboat and Miner Slough",3,2018,1,79.25,0.19,0.32,7.6,1.95,176.6,13.4783333333333,9,NA,0.5,NA,0.0829166978064656,0.07,0.07
"2293","Steamboat and Miner Slough",3,2022,1,155,0.173,0.05,NA,1.27,181.5,15.8,NA,NA,0.18,NA,0.0852578895372591,0.05,0.039
"2294","Steamboat and Miner Slough",4,2018,1,95,0.155,0.21,7.5875,2.49,142.914285714286,16.6621428571429,9.1375,NA,0.45,NA,0.0667666018582278,0.05,0.06
"2295","Steamboat and Miner Slough",4,2022,1,197.5,0.213,0.05,NA,0.52,154,17.625,NA,NA,0.1785,NA,0.072073295763192,0.05,0.043
"2296","Steamboat and Miner Slough",5,2018,1,132.5,0.16,0.37,7.41,1.105,144.8,20.075,7.825,NA,0.5,NA,0.0676670988166002,0.06,0.06
"2297","Steamboat and Miner Slough",5,2021,1,200,0.216,0.05,7.405,0.685,154.32,20.6344,8.265,NA,0.134,NA,0.0722274291197893,0.0615,0.057
"2298","Steamboat and Miner Slough",6,2021,1,184.5,0.148,0.05,7.79,1.655,161.5,24.6163333333333,7.79,NA,0.119,NA,0.0756667447884699,0.05,0.0235
"2299","Steamboat and Miner Slough",6,2022,1.5,181.428571428571,0.207,0.05,NA,0.75,127.428571428571,24.1285714285714,NA,NA,0.1,NA,0.0593493356678396,0.0785,0.0405
"2300","Steamboat and Miner Slough",7,2018,1,NA,0.14,0.24,7.445,0.93,117.9,22.125,8.035,NA,0.3,NA,0.0547869419733613,0.06,0.06
"2301","Steamboat and Miner Slough",7,2021,2.5,200,0.1055,0.05,7.74,1.41,205.575,24.34875,7.825,NA,0.18,NA,0.0968810095780635,0.0615,0.089
"2302","Steamboat and Miner Slough",7,2022,1,NA,0.0915,0.05,NA,0.976666666666667,NA,NA,NA,NA,0.1205,NA,NA,0.05,0.031
"2303","Steamboat and Miner Slough",8,2021,1,NA,0.1515,0.05,7.64,1.14,156.5,23.09,7.87,NA,0.1285,NA,0.0732704803566602,0.0965,0.0555
"2304","Steamboat and Miner Slough",8,2022,1,NA,0.0985,0.05,NA,0.9,NA,NA,NA,NA,0.174,NA,NA,0.05,0.04
"2305","Steamboat and Miner Slough",9,2015,1,175,0.295,0.2925,7.3225,1.8225,201.14,22.16,7.1675,3.554,0.625,NA,0.0947036881936547,0.065,0.1025
"2306","Steamboat and Miner Slough",9,2016,1,123,0.19,0.29,7.715,1.005,162.433333333333,20.2333333333333,7.895,4.7,0.6,NA,0.0761130936469136,0.07,0.07
"2307","Steamboat and Miner Slough",9,2017,1,130,0.12,0.19,7.36,1.42,132.666666666667,20.1066666666667,8.315,6.9,0.3,NA,0.0618574304234505,0.06,0.06
"2308","Steamboat and Miner Slough",9,2021,1,200,0.1,0.05,7.58,0.955,199.233333333333,22.8506666666667,7.49,2.7,0.1315,NA,0.0937661604116399,0.052,0.043
"2309","Steamboat and Miner Slough",9,2022,1,353,0.114,0.05,NA,0.665,133,22.2,NA,1.6,0.123,NA,0.0620170394211866,0.05,0.033
"2310","Steamboat and Miner Slough",10,2015,2,180,0.36,0.165,7.485,1.8,198.566666666667,20.7333333333333,7.125,3.28666666666667,0.4,NA,0.09344698014843,0.075,0.095
"2311","Steamboat and Miner Slough",10,2016,1,234,0.23,0.25,7.7,0.985,137.3,17.2333333333333,9.035,2.68333333333333,0.5,NA,0.0640759109997549,0.06,0.06
"2312","Steamboat and Miner Slough",10,2017,1,186,0.135,0.245,7.515,1.4625,114.48,15.964,9.11,3.2,0.4,NA,0.0531480660181686,0.055,0.06
"2313","Steamboat and Miner Slough",10,2018,1.33333333333333,295,0.146,0.88,7.52333333333333,0.665,145.225,18.3225,8.48,3,NA,NA,0.0678707959635738,0.122,NA
"2314","Steamboat and Miner Slough",10,2021,1,202,0.1935,0.05,7.69,0.515,155.033333333333,16.2653333333333,9.28,4.2,0.1,NA,0.0725679661681012,0.05,0.0255
"2315","Steamboat and Miner Slough",10,2022,1,244,0.2225,0.05,NA,0.5,164,20.3,NA,1.7,0.114,NA,0.0768637513938184,0.05,0.031
"2316","Steamboat and Miner Slough",11,2015,1,220,0.53,0.3575,7.6825,1.23,187.28,13.78,8.625,3.552,0.85,NA,0.0880289992703841,0.0675,0.1
"2317","Steamboat and Miner Slough",11,2016,1,180,0.36,0.62,7.67,0.725,209.166666666667,15.8,8.225,3.66333333333333,1,NA,0.0985587505458926,0.09,0.1
"2318","Steamboat and Miner Slough",11,2017,1,244,0.25,0.58,7.465,0.935,154.1,14.2366666666667,8.785,3.5,0.9,NA,0.0721214312214359,0.1,0.1
"2319","Steamboat and Miner Slough",11,2021,1,99,0.4755,0.05,7.62,0.71,226.1,13.313,9.525,10.3,0.3115,NA,0.10670989198501,0.075,0.0735
"2320","Steamboat and Miner Slough",11,2022,1,200,0.2545,0.05,NA,0.61,155,12.6,NA,2.3,0.16,NA,0.0725519589829229,0.079,0.074
"2321","Steamboat and Miner Slough",12,2015,1,161,0.41,0.3,7.71,1.315,248.633333333333,10.2666666666667,9.565,6.46,0.6,NA,0.117671420666377,0.045,0.095
"2322","Steamboat and Miner Slough",12,2016,1,21,0.255,0.205,8.02666666666667,1.01,192.2,9.95,9.94666666666667,34.02,0.375,NA,0.0904461872698354,0.055,0.0875
"2323","Steamboat and Miner Slough",12,2017,1,143,0.22,0.3,7.5725,1.7925,166.72,9.612,10.2875,6.4,0.6,NA,0.0781676063239737,0.07,0.08
"2324","Steamboat and Miner Slough",12,2022,1,66,0.6995,0.05,NA,1.005,159,9.8,NA,12.6,0.422,NA,0.0744681050100498,0.0605,0.08
"2325","Suisun Marsh",1,2018,1,34,0.73,0.23,7.43,1.645,7402,10.63,8.56,NA,0.85,NA,4.07698208927685,0.095,0.155
"2326","Suisun Marsh",1,2019,1,30,0.695,0.2215,7.775,1.235,6804,10.335,9.75,NA,0.65,NA,3.72753874921179,0.096,0.155
"2327","Suisun Marsh",1,2020,1,26,0.51,0.165,7.645,1.785,5308.5,9.66,9.875,NA,0.615,NA,2.8567392137039,0.059,0.046
"2328","Suisun Marsh",1,2022,1,20,0.861,0.139666666666667,7.46,4.70666666666667,3239,9.805,9.675,NA,0.7875,NA,1.69034304768108,0.083,0.1475
"2329","Suisun Marsh",2,2017,1,22,0.405,0.085,7.435,3.11,612,12.52,8.925,NA,0.65,NA,0.296258102697873,0.095,0.235
"2330","Suisun Marsh",2,2018,1,32,1.0975,0.16,7.5,4.9275,6739,13.005,8.55,NA,0.85,NA,3.6875274272505,0.16,0.135
"2331","Suisun Marsh",2,2019,1,16,0.657333333333333,0.0863333333333333,7.5,2.93666666666667,962.5,9.68,9.91,NA,0.8,NA,0.474171252145349,0.143333333333333,0.2075
"2332","Suisun Marsh",2,2020,1,32,0.6975,0.1275,7.795,3.7575,4602.5,12.625,9.485,NA,0.305,NA,2.45437494995989,0.1315,0.14
"2333","Suisun Marsh",2,2022,1,26,0.602,0.0733333333333333,7.78,5.98666666666667,10332.5,12.77,10.11,NA,0.6165,NA,5.82959318464777,0.0636666666666667,0.1465
"2334","Suisun Marsh",3,2017,1,24.25,0.31,0.075,7.475,6.915,655.625,13.56125,9.135,NA,0.7,NA,0.31869806169789,0.08,0.155
"2335","Suisun Marsh",3,2018,1,30.25,0.76,0.15,7.795,4.96,2498.25,13.27,9.085,NA,0.6,NA,1.30209835606569,0.07,0.125
"2336","Suisun Marsh",3,2019,1,24.5,0.395,0.09,7.385,3.005,667.125,12.86125,8.81,NA,0.711,NA,0.324637608977461,0.082,0.1635
"2337","Suisun Marsh",3,2020,1,33.2,0.415,0.13,7.63,5.575,4937.8,13.098,9.37,NA,0.325,NA,2.65944250605233,0.0705,0.0855
"2338","Suisun Marsh",3,2021,1,36.4,0.9806,0.1116,7.84,5.5,5567.2,13.088,9.53,NA,0.5295,NA,3.02874395226382,0.1216,0.121
"2339","Suisun Marsh",3,2022,1,19.4,0.434666666666667,0.0546666666666667,7.91,6.5,5804.4,15.054,10.06,NA,0.522,NA,3.1678869220021,0.0783333333333333,0.1675
"2340","Suisun Marsh",4,2017,1,31.875,0.32,0.1,7.455,8.93,724.75,15.4775,7.96,NA,0.8,NA,0.353721750945528,0.085,0.155
"2341","Suisun Marsh",4,2018,1,28.875,1.07333333333333,0.163333333333333,7.515,3.49,1494.25,16.85,7.55,NA,1.05,NA,0.755549403230129,0.142666666666667,0.185
"2342","Suisun Marsh",4,2019,1,34.125,0.686666666666667,0.081,7.635,4.61666666666667,810.375,16.34875,8.68,NA,0.55,NA,0.396547940877739,0.207333333333333,0.15
"2343","Suisun Marsh",4,2021,1,36.75,0.54,0.0606666666666667,8,13.08,4279.625,15.9275,9.645,NA,0.5225,NA,2.28843661642269,0.101666666666667,0.125
"2344","Suisun Marsh",4,2022,1,25.125,0.47,0.105,7.65,3.37666666666667,5574.75,16.32,8.305,NA,0.613,NA,3.01703521725196,0.0776666666666667,0.1845
"2345","Suisun Marsh",5,2017,1,28.375,0.22,0.08,7.755,12.055,699.75,20.335,8.1,NA,0.6,NA,0.340415974904353,0.08,0.16
"2346","Suisun Marsh",5,2018,1,22.5,0.93,0.07,7.78,11.66,2804.375,19.44625,8.545,NA,0.8,NA,1.46624890757577,0.179,0.195
"2347","Suisun Marsh",5,2019,1,28.625,0.569666666666667,0.0866666666666667,7.755,1.72333333333333,905.125,17.18375,8.55,NA,0.6475,NA,0.444360863194328,0.232333333333333,0.1875
"2348","Suisun Marsh",5,2021,1,44,0.556333333333333,0.117333333333333,7.81,5.79333333333333,8821.5,18.9425,7.765,NA,0.5565,NA,4.92393933337793,0.120333333333333,0.129
"2349","Suisun Marsh",5,2022,1,27,0.557333333333333,0.093,7.75,3.67333333333333,6664.875,18.015,7.865,NA,0.471,NA,3.66401671930441,0.130666666666667,0.185
"2350","Suisun Marsh",6,2017,1,33.2142857142857,0.365,0.04,7.665,8.5,1140.85714285714,21.9085714285714,7.395,64.8833333333333,0.7,NA,0.569619978091066,0.115,0.225
"2351","Suisun Marsh",6,2018,1,30.3571428571429,0.896666666666667,0.0766666666666667,7.81,3.01,6927.71428571429,21.275,8.205,59.7666666666667,0.5,NA,3.80626639229835,0.208333333333333,0.165
"2352","Suisun Marsh",6,2019,1,26.2857142857143,0.345,0.0565,7.74,6.585,681.428571428571,21.8378571428571,6.875,51.8,0.7,NA,0.33236902395251,0.119,0.2
"2353","Suisun Marsh",6,2020,1,38.75,0.46,0.11,7.805,4.145,7448.625,21.8625,7.595,23.8,0.65,NA,4.11562548045926,0.121,0.1545
"2354","Suisun Marsh",6,2021,1,36.2142857142857,0.5395,0.066,7.97,4.14,13599.2142857143,20.1035714285714,8.085,27.8333333333333,0.421,NA,7.86255696155558,0.115,0.146
"2355","Suisun Marsh",6,2022,1,45.9411764705882,0.335666666666667,0.0603333333333333,8.03,6.13,12378.5882352941,20.9229411764706,7.915,22.1666666666667,0.4235,NA,7.10684769561669,0.111666666666667,0.1365
"2356","Suisun Marsh",7,2018,1.25,42.1818181818182,0.8445,0.095,7.805,3.435,9800.72727272727,22.0390909090909,7.895,40.9666666666667,0.4,NA,5.51602363223053,0.253,0.145
"2357","Suisun Marsh",7,2019,1,40.5454545454545,0.375,0.0515,7.785,6.695,2799.63636363636,21.9354545454545,8.195,41.5666666666667,0.38,NA,1.47495815480152,0.1175,0.17
"2358","Suisun Marsh",7,2020,1.81818181818182,45.1428571428571,0.3855,0.06,7.85,2.81,10344.2857142857,21.7171428571429,7.92,17.7555555555556,0.45,NA,5.85032355147584,0.12,0.139
"2359","Suisun Marsh",7,2021,1,51.2727272727273,0.498333333333333,0.102666666666667,7.83,5.09333333333333,11830.0909090909,20.9627272727273,7.88,22.7833333333333,0.3695,NA,6.92674706690796,0.159666666666667,0.1425
"2360","Suisun Marsh",7,2022,1,37.75,0.1855,0.0715,7.93,1.745,15534.125,21.2725,7.875,21.4833333333333,0.4175,NA,9.06792177669106,0.104,0.1465
"2361","Suisun Marsh",8,2017,1,37,0.42,0.04,8.02,4.355,7596.25,21.2075,7.98,42.9666666666667,0.3,NA,4.20039831874561,0.125,0.135
"2362","Suisun Marsh",8,2018,1.25,41.625,0.504777777777778,0.181444444444444,7.81,2.6475,6156.75,20.79375,7.955,28.8166666666667,0.45,NA,3.35883057928707,0.160222222222222,0.127
"2363","Suisun Marsh",8,2019,1.25,39.5,0.566666666666667,0.0666666666666667,7.735,9.19,6985.875,22.9325,7.955,26.4,0.4345,NA,3.87527626433326,0.250333333333333,0.13
"2364","Suisun Marsh",8,2020,1.625,50.75,0.593333333333333,0.106666666666667,7.76,5.62333333333333,14096.875,22.42375,7.495,17.7166666666667,0.4235,NA,8.16509656735071,0.200333333333333,0.141
"2365","Suisun Marsh",8,2021,1,36.875,0.28075,0.0666666666666667,7.885,10.1866666666667,17121.875,20.92875,7.69,18.2833333333333,0.33,NA,10.0827667687585,0.117333333333333,0.1325
"2366","Suisun Marsh",8,2022,1,42.375,0.3555,0.05,7.93,3.19666666666667,15564.125,21.47,7.665,28.3666666666667,0.371,NA,9.0921084242427,0.114,0.166
"2367","Suisun Marsh",9,2017,1.4,36.6,0.34,0.06,7.67,3.625,7114.8,22.652,8.005,33.5,0.35,NA,3.94273489243592,0.11,0.13
"2368","Suisun Marsh",9,2018,1,44.6,0.646352941176471,0.0892352941176471,7.765,10.337,9757.2,20.36,8.655,33.5,0.5,NA,5.52074743826667,0.249,0.1755
"2369","Suisun Marsh",9,2019,1.33333333333333,38,0.398666666666667,0.055,7.56,3.79666666666667,5373.83333333333,21.3983333333333,7.85,26.175,0.42,NA,2.94829549157491,0.152333333333333,0.1245
"2370","Suisun Marsh",9,2020,2.6,37.4,0.314666666666667,0.0766666666666667,7.65,4.92333333333333,10824,20.51,7.6,32.0333333333333,0.4,NA,6.140225028697,0.105,0.129
"2371","Suisun Marsh",9,2021,1.4,51,0.177666666666667,0.0666666666666667,7.76,3.4,12026.8,21.058,7.695,17.7,0.3595,NA,6.8795521821339,0.0896666666666667,0.1395
"2372","Suisun Marsh",9,2022,1,36,0.2125,0.0515,7.38,2.235,12807.6,20.358,7.225,21.8333333333333,0.3035,NA,7.37356094099173,0.0725,0.1145
"2373","Suisun Marsh",10,2017,1,37.8,0.425,0.115,7.58,2.49,8036.8,18.33,8.04,38.0666666666667,0.45,NA,4.49619607299113,0.1,0.105
"2374","Suisun Marsh",10,2018,1,45,0.405,0.18,7.555,3.13,14883.2,19.066,7.595,16.2666666666667,0.5875,NA,8.66137441328826,0.1155,0.157
"2375","Suisun Marsh",10,2019,1.5,43,0.828666666666667,0.0933333333333333,7.625,2.62,8191,18.37,8.155,34.7,0.205,NA,4.54269438126649,0.0886666666666667,0.105
"2376","Suisun Marsh",10,2020,1,70.6,0.287666666666667,0.232,7.69,4.18,15496.2,20.496,7.45,13.5,0.39,NA,9.04001243350707,0.0783333333333333,0.099
"2377","Suisun Marsh",10,2021,1,37.8,0.233666666666667,0.106666666666667,7.645,2.96,13126,17.712,8.11,30.2333333333333,0.352,NA,7.56420773260034,0.0873333333333333,0.099
"2378","Suisun Marsh",10,2022,1,31.4,0.277,0.098,7.75,1.865,15408.6,19.34,7.515,24.0666666666667,0.366,NA,8.99443216772982,0.0635,0.098
"2379","Suisun Marsh",11,2017,1,41.2,0.4,0.18,7.535,1.355,12299.2,15.466,8.225,34.6333333333333,0.5,NA,7.04744055194331,0.08,0.105
"2380","Suisun Marsh",11,2018,1,53.8,0.4275,0.1995,7.51,1.46,12415.4,16.022,7.5,14.4,0.645,NA,7.13463450533539,0.0885,0.127
"2381","Suisun Marsh",11,2019,1,34.4,1.1,0.17,7.45,5.83,8583.4,15.188,7.965,24.6333333333333,0.54,NA,4.79436398494728,0.02,0.081
"2382","Suisun Marsh",11,2020,1,58.6,0.275,0.163,7.53,1.32,12298.4,15.806,7.97,10.7333333333333,0.55,NA,7.03966641414484,0.0685,0.1095
"2383","Suisun Marsh",11,2021,1,27,0.4435,0.269,7.445,1.46,8038.8,16.068,7.58,46.4,0.797,NA,4.50341547128824,0.0735,0.154
"2384","Suisun Marsh",11,2022,1,37.8,0.2505,0.1415,7.635,1.54,13432,13.896,8.795,34.5666666666667,0.475,NA,7.75803258171759,0.06,0.107
"2385","Suisun Marsh",12,2017,1,36,0.5125,0.3075,7.58,1.5875,12228.2,11.254,8.79,35.6333333333333,0.7,NA,7.00424555919155,0.085,0.115
"2386","Suisun Marsh",12,2018,1,41.5,0.5375,0.2155,7.445,2.93,11206.8,11.856,8.66,27.15,0.583,NA,6.39148716614847,0.079,0.115
"2387","Suisun Marsh",12,2019,1,39.4,0.533333333333333,0.273333333333333,7.57,2.57333333333333,9764,11.756,8.59,38.9,0.545,NA,5.51452165009948,0.157,0.097
"2388","Suisun Marsh",12,2020,1,60.3333333333333,0.53,0.38,NA,2,10306.6666666667,11.6,NA,19.5333333333333,NA,NA,5.81942098342168,0.06,NA
"2389","Suisun Marsh",12,2021,1,27.2,0.6135,0.1935,7.625,0.885,10876.2,12.088,9.335,37.7,0.7605,NA,6.16599863808947,0.0735,0.1365
"2390","Suisun Marsh",12,2022,1,45.2,0.334,0.1585,7.595,1.075,12999.8,10.02,9.99,19.3,0.477,NA,7.48894728572901,0.052,0.1165
"2391","Upper Mokelumne River",9,2019,1,156,0.0746,0.042,NA,1.12,124.5,20.4,NA,4,NA,NA,0.0579470602867235,0.031,NA
"2392","Upper Mokelumne River",10,2018,1,188.5,0.225,0.43,7.5,1.3,122.8,16.68,8.7,3.3,NA,NA,0.0571324064685843,0.0776666666666667,NA
"2393","Upper Mokelumne River",10,2020,1,194,0.176,0.14,NA,0.5,118.5,19.55,NA,2.25,NA,NA,0.0550735708012947,0.073,NA
"2394","Upper Mokelumne River",10,2021,1,214,0.16,0.04,NA,1.4,123,15.45,NA,11.2,NA,NA,0.057229057830774,0.032,NA
"2395","Upper Sacramento River Ship Channel",6,2020,4,37.6666666666667,0.08,0.02,NA,3.4,608,24.0666666666667,NA,33.7666666666667,NA,NA,0.296833587851475,0.124,NA
"2396","Upper Sacramento River Ship Channel",6,2022,1,33,0.01,0.04,NA,4.5,913.166666666667,22.6666666666667,NA,28.3,NA,NA,0.448692204971332,0.102,NA
"2397","Upper Sacramento River Ship Channel",7,2021,1.33333333333333,35.1666666666667,0.08,0.03,NA,6.1,828.666666666667,22.9666666666667,NA,35.9833333333333,NA,NA,0.405863957001537,0.114,NA
"2398","Upper Sacramento River Ship Channel",7,2022,1,37.1666666666667,0.05,0.04,NA,4.5,881.666666666667,22.9666666666667,NA,44.2833333333333,NA,NA,0.432982890470353,0.129,NA
"2399","Upper Sacramento River Ship Channel",8,2020,1,41.25,0.074,0.03,NA,4.9,807.5,23.35,NA,37.95,NA,NA,0.395134867091006,0.129,NA
"2400","Upper Sacramento River Ship Channel",8,2021,1,36.3333333333333,0.06,0.04,NA,4.7,813.833333333333,22.1666666666667,NA,44.3166666666667,NA,NA,0.398201962712603,0.132,NA
"2401","Upper Sacramento River Ship Channel",8,2022,1,41.3333333333333,0.06,0.04,NA,NA,812.333333333333,23.3833333333333,NA,35.1166666666667,NA,NA,0.397957308070873,0.128,NA
"2402","Upper Sacramento River Ship Channel",9,2020,1,36.6666666666667,0.115,0.01,NA,8.2,775,21.8333333333333,NA,39.3,NA,NA,0.378988270006081,0.12,NA
"2403","Upper Sacramento River Ship Channel",9,2021,1,38,0.04,0.038,NA,6.6,837.333333333333,26.3,NA,27.5333333333333,NA,NA,0.41022501874457,0.1138,NA
"2404","Upper Sacramento River Ship Channel",10,2020,1,36,0.14,0.04,NA,5.6,849,20.5666666666667,NA,37.1666666666667,NA,NA,0.416032830037052,0.144,NA
"2405","Upper Sacramento River Ship Channel",11,2020,1,49.6666666666667,0.18,0.04,NA,3,809.666666666667,14.1666666666667,NA,37.0666666666667,NA,NA,0.396180666654966,0.14,NA
"2406","Upper Sacramento River Ship Channel",11,2021,1,24.6666666666667,0.09,0.04,NA,4.2,651.333333333333,15.4333333333333,NA,19.2,NA,NA,0.316350332365971,0.119,NA
"2407","Upper Sacramento River Ship Channel",12,2020,1,38.6666666666667,0.23,0.02,NA,2.3,788.333333333333,10.5666666666667,NA,63.0333333333333,NA,NA,0.385560829923601,0.14,NA
"2408","Victoria Canal",1,2017,1,NA,0.52,0.07,7.43,0.968333333333333,289.1,9.33285714285714,9.68833333333333,26.554,0.6,NA,0.137124858240129,0.05,0.07
"2409","Victoria Canal",1,2018,1,NA,0.845,0.0625,7.682,1.074,453.22,9.898,10.012,NA,0.525,NA,0.217329365454753,0.0825,0.09
"2410","Victoria Canal",1,2019,1,180,0.9,0.09,7.735,1.0225,621.25,8.5425,10.42,NA,0.5,NA,0.300729059462802,0.07,0.07
"2411","Victoria Canal",1,2020,1,NA,0.7,0.25,7.58,1.13166666666667,402.96,9.686,10.2325,NA,0.36,NA,0.192610219957569,0.06,NA
"2412","Victoria Canal",1,2022,1,150,1.36,0.069,7.44,0.5,634,8.86,10.09,NA,0.575,NA,0.307060225201988,0.09,0.104
"2413","Victoria Canal",2,2017,1,NA,1.56,0.11,7.42,0.71,313.55,11.97,8.445,15.2,1.1,NA,0.149033886043903,0.13,0.13
"2414","Victoria Canal",2,2018,1,NA,0.87,0.03,7.61666666666667,0.783333333333333,416.9,11.87,10.15,NA,0.633333333333333,NA,0.199457930078085,0.08,0.0833333333333333
"2415","Victoria Canal",2,2019,1,NA,1.25,0.063,7.64,1.33,560.4,11.29,9.2675,NA,0.7,NA,0.271126072920881,0.1,0.112
"2416","Victoria Canal",2,2020,1,NA,0.67,0.25,7.815,1.4125,380.475,9.9575,11.1075,NA,0.36,NA,0.181590178057576,0.048,0.12
"2417","Victoria Canal",2,2022,1,160,0.865,0.05,7.71,0.795,425,10.29,11.46,NA,0.453,NA,0.203415381744083,0.078,0.082
"2418","Victoria Canal",3,2017,1,50.5,0.24,0.03,7.01,3.82333333333333,172.94,13.2433333333333,9.65666666666667,22.2,0.3,NA,0.0811595707989663,0.08,0.1
"2419","Victoria Canal",3,2018,1,186,0.8375,0.035,7.7925,1.5075,441.483333333333,12.8783333333333,10.51,NA,0.6,NA,0.211539588527683,0.075,0.085
"2420","Victoria Canal",3,2019,1,145,0.438,0.05,7.5325,1.5725,241.616666666667,12.3266666666667,9.975,NA,0.377,NA,0.114307716491013,0.081,0.08
"2421","Victoria Canal",3,2020,1,NA,0.57,0.25,7.6625,1.1325,413.925,14.79175,9.605,NA,0.35,NA,0.197978773936607,0.072,0.1
"2422","Victoria Canal",3,2021,1,200,1.12,0.05,7.725,1.555,558.8,13.2398,10.3625,NA,0.536,NA,0.269648104671682,0.099,0.091
"2423","Victoria Canal",3,2022,1,179,0.741,0.05,7.75,1.105,396.5,14.28,10.18,NA,0.577,NA,0.189548372456749,0.068,0.071
"2424","Victoria Canal",4,2017,1,77,0.3,0.03,7.73666666666667,3.55333333333333,146.4,14.862,9.40666666666667,NA,0.4,NA,0.0684357977033687,0.08,0.09
"2425","Victoria Canal",4,2018,1,96,0.555,0.04,7.5775,1.66,315.64,17.1792,9.055,NA,0.55,NA,0.150037470248144,0.0875,0.1025
"2426","Victoria Canal",4,2019,1,140.5,0.28,0.05,7.395,0.9325,198.433333333333,16.3788333333333,9.525,NA,0.3,NA,0.0933835850165861,0.055,0.08
"2427","Victoria Canal",4,2021,1,160,0.849,0.04,7.796,7.628,562.571428571429,17.372,8.94,NA,0.648,NA,0.271466674553063,0.081,0.086
"2428","Victoria Canal",4,2022,1,154,0.5705,0.05,7.75,1.34,400.333333333333,17.54,8.88,NA,0.513,NA,0.191371449886507,0.081,0.078
"2429","Victoria Canal",5,2017,1,59.5,0.16,0.02,7.62,2.71666666666667,168.14,18.208,8.70666666666667,NA,0.3,NA,0.0789139611282493,0.06,0.07
"2430","Victoria Canal",5,2018,1,93.5,0.373333333333333,0.03,7.66142857142857,1.5075,324.133333333333,19.6733333333333,8.59428571428571,NA,0.466666666666667,NA,0.15419115983937,0.0983333333333333,0.106666666666667
"2431","Victoria Canal",5,2019,1,75,0.308,0.05,7.54,1.04,149.633333333333,16.2333333333333,8.95,NA,0.2,NA,0.0699865359406874,0.07,0.08
"2432","Victoria Canal",5,2021,1,192,0.461,0.05,7.785,0.9675,502.583333333333,19.6941666666667,8.53,NA,0.493,NA,0.241669723910406,0.091,0.098
"2433","Victoria Canal",5,2022,1.25,132,0.275,0.05,7.6,1.3225,344,20.2675,8.24,NA,0.403,NA,0.163790227807707,0.079,0.092
"2434","Victoria Canal",6,2008,1.66666666666667,60.4,1.14,0.09,7.71333333333333,2.366,487.8125,22.725,7.36666666666667,9.8,NA,NA,0.234566839413163,0.08,NA
"2435","Victoria Canal",6,2009,2,75.6,0.41,0.04,7.7275,2.244,377.733333333333,22.9888888888889,7.915,6.32,NA,NA,0.18040473856674,0.08,NA
"2436","Victoria Canal",6,2010,1,115.25,0.66,0.08,7.705,1.81666666666667,241.6,22.3333333333333,7.83,9.67,NA,NA,0.114183437607041,0.06,NA
"2437","Victoria Canal",6,2017,1,66,0.28,0.06,7.30666666666667,1.325,205.9,22.668,7.59166666666667,11.25,0.5,NA,0.0970570400472006,0.09,0.11
"2438","Victoria Canal",6,2018,2.28571428571429,93,0.27,0.07,7.555,2.44,277.911111111111,23.3211111111111,7.565,5.85,0.4,NA,0.131706915376764,0.095,0.105
"2439","Victoria Canal",6,2019,1,88.5,0.248,0.05,7.2725,1.88,146.35,22.675,7.525,9.85,0.3,NA,0.0684127299281457,0.075,0.08
"2440","Victoria Canal",6,2020,2.5,120.571428571429,0.255,0.05,7.4725,2.4725,324.8375,23.86375,7.085,5.9,0.5,NA,0.154479619771854,0.097,0.105
"2441","Victoria Canal",6,2021,2.5,112.6,0.192,0.064,7.5,2.15,609.555555555556,23.5863333333333,7.26,4.45,0.35,NA,0.294911568025067,0.089,0.089
"2442","Victoria Canal",6,2022,2,134.5,0.2305,0.05,7.36,1.8925,441.8,23.666,7.48,4,0.435,NA,0.211713387143165,0.101,0.118
"2443","Victoria Canal",7,2008,3,78,0.58,0.06,7.74333333333333,3.1125,1175.1,24.5,7.58333333333333,9.5,NA,NA,0.613330917226955,0.08,NA
"2444","Victoria Canal",7,2009,3,100,0.435,0.14,7.8125,2.45,282.616666666667,24.7,8.305,7.1975,NA,NA,0.134221663779162,0.075,NA
"2445","Victoria Canal",7,2010,2,143.666666666667,0.5,0.1,7.595,2.134,194.857142857143,24.1714285714286,7.3525,6.12833333333333,NA,NA,0.0916725802952188,0.05,NA
"2446","Victoria Canal",7,2017,1,71.6666666666667,0.14,0.05,7.28333333333333,2.78666666666667,141.833333333333,25.1283333333333,6.71666666666667,11.25,0.4,NA,0.0662474217422517,0.09,0.12
"2447","Victoria Canal",7,2018,3.42857142857143,129,0.145,0.03,7.71583333333333,5.44285714285714,236.426666666667,25.504,7.68,4.9,0.35,NA,0.111668978727842,0.0755,0.095
"2448","Victoria Canal",7,2019,1.88888888888889,85.6666666666667,0.131,0.05,7.42285714285714,1.99,179.24,23.956,7.32857142857143,6.85,0.288,NA,0.0841849099106736,0.074,0.083
"2449","Victoria Canal",7,2020,3.83333333333333,108,0.1195,0.03,7.7,6.792,278.9,24.5525,7.506,5.6,0.4,NA,0.132188722107024,0.091,0.104
"2450","Victoria Canal",7,2021,2.83333333333333,98.2,0.107,0.05,7.3725,7.4875,677.142857142857,25.3152857142857,6.2125,6.3,0.517,NA,0.328701453969519,0.129,0.153
"2451","Victoria Canal",7,2022,3,139.5,0.102,0.05,7.59,3.325,575.333333333333,25.91,6.81,4.25,0.346,NA,0.277781301825695,0.096,0.109
"2452","Victoria Canal",8,2007,2,92.5,1,0.203333333333333,NA,2.666,543.5,23.2,NA,NA,NA,NA,0.262044823752297,0.05,NA
"2453","Victoria Canal",8,2008,5,112,0.325,0.07,7.705,1.6575,374.166666666667,24.7333333333333,7.4,6.365,NA,NA,0.178720167123753,0.08,NA
"2454","Victoria Canal",8,2009,2.5,145,0.14,0.05,7.485,2.384,419.716666666667,24.2833333333333,7.795,8.005,NA,NA,0.201474436945994,0.04,NA
"2455","Victoria Canal",8,2010,2,159,0.3,0.055,7.77,1.71,247.275,22.65,7.89,4.015,NA,NA,0.116939561460006,0.04,NA
"2456","Victoria Canal",8,2017,1.33333333333333,100.5,0.19,0.03,7.3125,2.6225,188.816666666667,24.91,6.8525,12.05,0.4,NA,0.0887662874632954,0.09,0.09
"2457","Victoria Canal",8,2018,3.16666666666667,139,0.109333333333333,0.0336666666666667,7.854,4.53666666666667,299.485714285714,23.7514285714286,7.564,5.75,0.3,NA,0.142279890986951,0.07,0.07
"2458","Victoria Canal",8,2019,2.33333333333333,117.666666666667,0.146,0.05,7.5325,2.5625,199.083333333333,25.03,7.16,7.75,0.32,NA,0.0936970686430788,0.079,0.086
"2459","Victoria Canal",8,2020,3.16666666666667,84.4,0.05,0.05,7.8175,7.1075,365.416666666667,24.9066666666667,7.32,5.35,0.4,NA,0.174351975234298,0.05,0.09
"2460","Victoria Canal",8,2021,2.33333333333333,121,0.172,0.05,7.125,5.2075,636.333333333333,25.4051666666667,5.7275,6.65,0.501,NA,0.308253411561589,0.111,0.137
"2461","Victoria Canal",8,2022,2.16666666666667,104.5,0.08,0.05,7.64,2.655,447.333333333333,24.86,7.01,6.5,0.276,NA,0.214417792316307,0.073,0.085
"2462","Victoria Canal",9,2017,2,NA,0.29,0.03,7.565,4.1375,201.75,23.2025,7.34,NA,0.3,NA,0.0949752279173033,0.085,0.085
"2463","Victoria Canal",9,2018,2.25,NA,0.12,0.03,7.88,2.87,502.7,21.37775,8.2875,NA,0.4,NA,0.242016456897416,0.068,0.09
"2464","Victoria Canal",9,2019,2,NA,0.118,0.05,7.7,3.7,196.2,24.9,7.1,NA,0.38,NA,0.0923084326493703,0.075,0.093
"2465","Victoria Canal",9,2020,4,126.666666666667,0.12,0.05,7.9175,10.5225,544.8,22.874,8.195,NA,0.4,NA,0.262719008217483,0.076,0.08
"2466","Victoria Canal",9,2021,2.25,NA,0.122,0.05,7.3125,2.5475,518.575,24.159,6.1525,NA,0.401,NA,0.249618522176496,0.095,0.099
"2467","Victoria Canal",9,2022,1.75,NA,0.0755,0.05,7.35,1.545,440,24.29,7.1,NA,0.233,NA,0.21078956911971,0.076,0.089
"2468","Victoria Canal",10,2016,2,NA,0.25,0.03,7.79333333333333,2.39666666666667,457.5,18.5133333333333,8.42333333333333,2.65,0.4,NA,0.219725101467881,0.08,0.08
"2469","Victoria Canal",10,2017,1.66666666666667,NA,0.465,0.02,7.715,1.8825,210.175,18.2675,9.0325,NA,0.3,NA,0.099042160879553,0.08,0.08
"2470","Victoria Canal",10,2018,2.75,NA,0.412666666666667,0.0333333333333333,7.764,1.39,497.14,18.7285,8.463,NA,0.266666666666667,NA,0.239183738868728,0.0934285714285714,0.0976666666666667
"2471","Victoria Canal",10,2019,2,162.5,0.2505,0.11,7.706,2.424,303.08,18.5228,8.885,NA,0.19,NA,0.144243443410895,0.087,0.078
"2472","Victoria Canal",10,2020,1.25,NA,0.17,0.05,7.635,1.72333333333333,466.075,18.17225,8.39,NA,0.3,NA,0.223696495834201,0.079,0.078
"2473","Victoria Canal",10,2021,1.75,158.333333333333,0.115,0.05,7.6625,1.4025,611.75,17.0755,8.64,NA,0.329,NA,0.295949428865041,0.073,0.071
"2474","Victoria Canal",10,2022,2,170,0.062,0.05,7.52,1.48,491,22.17,7.13,NA,0.195,NA,0.235939909630917,0.066,0.07
"2475","Victoria Canal",11,2016,2,NA,0.36,0.04,7.828,2.26,429.64,16.276,8.736,2.605,0.4,NA,0.205900254246416,0.08,0.1
"2476","Victoria Canal",11,2017,1,NA,0.662,0.06,7.516,1.172,247.06,14.631,8.548,NA,0.4,NA,0.116790277697456,0.086,0.088
"2477","Victoria Canal",11,2018,1.25,NA,0.4935,0.05,7.794,0.8875,470.4,13.6634,9.29,NA,0.2585,NA,0.225849868429778,0.0765,0.0805
"2478","Victoria Canal",11,2019,1.25,141.666666666667,0.45,0.13,7.535,1.1425,401.3,15.025,8.9375,NA,0.44,NA,0.192230859069419,0.17,0.11
"2479","Victoria Canal",11,2020,2,NA,0.32,0.05,7.555,0.925,520.7,14.9775,9.115,NA,0.309,NA,0.250650942211952,0.069,0.07
"2480","Victoria Canal",11,2021,1,NA,0.6095,0.052,7.38,0.97,482.525,15.0575,7.19,NA,0.432,NA,0.231783002795421,0.084,0.089
"2481","Victoria Canal",11,2022,1.75,176.666666666667,0.197,0.05,7.64,1.4575,533,13.57,9.25,NA,0.268,NA,0.256739414067691,0.076,0.086
"2482","Victoria Canal",12,2016,1,NA,0.58,0.08,7.74666666666667,1.02,505.333333333333,10.5,10.0366666666667,4.545,0.4,NA,0.243313644086521,0.06,0.07
"2483","Victoria Canal",12,2017,1,NA,0.536666666666667,0.0566666666666667,7.45333333333333,2.58,317.1,10.4666666666667,9.86333333333333,NA,0.433333333333333,NA,0.150720691029416,0.0666666666666667,0.0733333333333333
"2484","Victoria Canal",12,2018,1,NA,0.636,0.076,7.81,0.89,569,11.39,9.1,NA,0.434,NA,0.274627747782969,0.066,0.07
"2485","Victoria Canal",12,2019,1,NA,0.45,0.2,7.87,1.31,219.7,10.22,10.67,NA,0.18,NA,0.103603819022044,0.052,0.045
"2486","Victoria Canal",12,2020,1.33333333333333,NA,0.39,0.05,7.58333333333333,0.786666666666667,596,11.0043333333333,10.1733333333333,NA,0.3,NA,0.288131859423223,0.059,0.063
"2487","Victoria Canal",12,2021,1,NA,0.7375,0.05,7.67,0.68,582.675,11.1665,9.5925,NA,0.331,NA,0.281586104364196,0.08,0.082
"2488","Victoria Canal",12,2022,1,200,0.3895,0.05,7.55,0.865,627,10.19,10.19,NA,0.264,NA,0.303559460290804,0.062,0.073
"2489","West Suisun Bay",1,2016,1,72,0.49,0.16,7.9,1.48,29697,10.495,9.55,NA,0.6,NA,13.5280904261846,0.08,0.1
"2490","West Suisun Bay",1,2017,1,20,0.38,0.15,7.6,1.65,1492,9.45,10.625,NA,0.6,NA,0.423832950859869,0.07,0.18
"2491","West Suisun Bay",1,2018,1,76,0.45,0.2,7.67,1.435,25002,10.845,9.255,NA,0.3,NA,13.5380494349054,0.08,0.09
"2492","West Suisun Bay",1,2019,1,80,0.49,0.18,7.36,0.75,27561,10.73,9.19,NA,0.3,NA,16.9202168819147,0.087,0.09
"2493","West Suisun Bay",1,2020,1,64,0.45,0.24,7.78,2.035,24807,10.28,9.8,NA,0.52,NA,12.2331586135221,0.069,0.13
"2494","West Suisun Bay",1,2022,1,52,0.55,0.126,7.19,1.23,20720,10.555,9.415,NA,0.373,NA,9.87241425045691,0.085,0.104
"2495","West Suisun Bay",2,2016,1,52,0.5,0.16,7.82,1.59,21053,12.145,9.175,NA,0.5,NA,8.22100926149081,0.07,0.07
"2496","West Suisun Bay",2,2017,1,28,0.34,0.06,7.47,4.56,201,11.44,9.97,NA,0.3,NA,0.0946137688465689,0.07,0.12
"2497","West Suisun Bay",2,2018,1,84,0.51,0.16,7.75,1.895,24333,12.825,9.045,NA,0.3,NA,10.8006763004978,0.08,0.09
"2498","West Suisun Bay",2,2019,1,16,0.49,0.09,7.63,1.97,285,9.475,10.115,NA,0.6,NA,0.117561297859385,0.079,0.156
"2499","West Suisun Bay",2,2020,1,60,0.44,0.18,7.71,2.175,23642,11.72,9.645,NA,0.63,NA,10.9117442210299,0.073,0.12
"2500","West Suisun Bay",2,2022,1,84,0.455,0.109,7.59,1.115,29982,11.48,9.19,NA,0.262,NA,13.5950644145601,0.08,0.083
"2501","West Suisun Bay",3,2016,1,33.2,0.51,0.1,7.9,2.52,4766,14.36,8.8,NA,0.5,NA,2.6756534789166,0.07,0.08
"2502","West Suisun Bay",3,2017,1,36.6,0.335,0.06,7.46,3.80666666666667,889.5,13.56,9.91,NA,0.35,NA,0.42216251615787,0.06,0.075
"2503","West Suisun Bay",3,2018,1,38.4,0.49,0.13,7.85,2.4,9008.4,12.9933333333333,9.26,NA,0.3,NA,6.73346446626197,0.09,0.09
"2504","West Suisun Bay",3,2019,1,33.2,0.296666666666667,0.0766666666666667,7.81333333333333,2.9825,251.714285714286,12.43125,9.9425,NA,0.366666666666667,NA,0.117963690642491,0.0633333333333333,0.0766666666666667
"2505","West Suisun Bay",3,2020,1,53.3333333333333,0.37,0.22,7.62,1.78,11084.6666666667,13.6833333333333,8.65,NA,0.22,NA,6.69251664668809,0.079,0.14
"2506","West Suisun Bay",3,2021,1,63.3333333333333,0.485,0.131,7.85,3.17,20922,12.48,9.21,NA,0.251,NA,12.5473308143586,0.09,0.089
"2507","West Suisun Bay",3,2022,1,58,0.352,0.082,7.73,3.745,18257.3333333333,14.0625,9.605,NA,0.322,NA,9.93517372698292,0.078,0.08
"2508","West Suisun Bay",4,2016,1,41.6,0.19,0.08,7.92,3,9504.4,16.83,8.675,NA,0.4,NA,4.98970598169577,0.04,0.08
"2509","West Suisun Bay",4,2017,1,33,0.235,0.06,7.365,4.11333333333333,1010.33333333333,14.82,9.64333333333333,NA,0.3,NA,0.449427632808655,0.06,0.06
"2510","West Suisun Bay",4,2018,1,34.8,0.24,0.1,7.64,2.225,4593.8,15.43,9.375,NA,0.4,NA,2.13838627325477,0.05,0.07
"2511","West Suisun Bay",4,2019,1,47,0.189,0.0933333333333333,7.72333333333333,2.36,680.571428571429,16.74125,9.33,NA,0.249333333333333,NA,0.305494684902863,0.0556666666666667,0.07
"2512","West Suisun Bay",4,2021,1,76.6,0.394,0.107,7.93,3.23,15588.4,15.08,8.78,NA,0.329,NA,9.38236719273248,0.084,0.081
"2513","West Suisun Bay",4,2022,1,43.6,0.325,0.128,7.56,2.405,17077.2,15.92,8.425,NA,0.339,NA,10.0225271113755,0.092,0.123
"2514","West Suisun Bay",5,2016,1,36.6,0.21,0.12,7.87,1.7,14165.8,18.145,8.2,NA,0.6,NA,8.22639426607845,0.05,0.14
"2515","West Suisun Bay",5,2017,1,42.3333333333333,0.145,0.065,7.735,3.55,2106.33333333333,18.38,9.085,NA,0.2,NA,1.09702990160248,0.05,0.065
"2516","West Suisun Bay",5,2018,1,39.8,0.38,0.07,7.76,4.425,10744.8,17.6616666666667,8.93,NA,0.3,NA,5.47816099035904,0.08,0.08
"2517","West Suisun Bay",5,2019,1,36.8571428571429,0.173333333333333,0.06,8,2.225,1892.8,17.79375,9.2875,NA,0.2,NA,1.29232396190037,0.0546666666666667,0.0933333333333333
"2518","West Suisun Bay",5,2021,1,77.4,0.416,0.128,7.91,1.82,24270.2,17.116,8.31,NA,0.259,NA,14.7358007453338,0.101,0.1
"2519","West Suisun Bay",5,2022,1,30.4,0.344,0.104,7.8,4.065,19955.8,17.9033333333333,8.81,NA,0.326,NA,11.6929838768583,0.104,0.111
"2520","West Suisun Bay",6,2008,1,44.8888888888889,0.55,0.09,NA,3.24,17298.8888888889,20.046,7.9,7,0.5,NA,10.3432705462947,0.08,0.1
"2521","West Suisun Bay",6,2009,1,44.8888888888889,0.41,0.08,7.89,2.56,15436.4444444444,19.163,7.8,8,0.4,NA,9.09871998296532,0.08,0.12
"2522","West Suisun Bay",6,2010,1,33.5,0.29,0.09,7.96,3.695,8351,19.682,8.2,48.9333333333333,0.4,NA,4.00877251482099,0.06,0.08
"2523","West Suisun Bay",6,2011,1,41.1111111111111,0.195,0.05,7.645,4.47,1069,18.783,8.925,25.92,0.3,NA,0.508290119864532,0.04,0.08
"2524","West Suisun Bay",6,2012,1,40.125,0.46,0.08,7.89,2.88,18416.3333333333,19.8777777777778,7.8,19.875,0.4,NA,10.9112568183108,0.08,0.13
"2525","West Suisun Bay",6,2013,1,31.3333333333333,0.51,0.08,8,1.9,16920.4444444444,19.7555555555556,8,50.525,0.5,NA,9.95371966725262,0.09,0.14
"2526","West Suisun Bay",6,2014,1,33.6666666666667,0.57,0.06,8,2.3,23888.7777777778,20.073,7.9,25.025,1.1,NA,14.820071020883,0.1,0.16
"2527","West Suisun Bay",6,2015,1,52.2727272727273,0.56,0.09,7.8,2.44,22608.2222222222,21.0818181818182,7.5,29.3666666666667,0.6,NA,13.6329006344978,0.1,0.15
"2528","West Suisun Bay",6,2016,1,46.7777777777778,0.19,0.1,7.9,3.395,19449.3333333333,20.35,8.31,15.3,0.7,NA,11.4895325611117,0.04,0.14
"2529","West Suisun Bay",6,2017,1,39.7777777777778,0.25,0.07,7.72,2.035,3013.22222222222,21.28,7.96,36.75,0.3,NA,1.94390688907225,0.07,0.07
"2530","West Suisun Bay",6,2018,1,37.7777777777778,0.43,0.08,7.83,2.595,18403.5,19.629,8.33,39.65,0.3,NA,10.8165437280525,0.1,0.12
"2531","West Suisun Bay",6,2019,1,34.1111111111111,0.183,0.05,7.36,3.34,3829.88888888889,20.424,8.445,30.775,0.3,NA,1.87502582202068,0.057,0.06
"2532","West Suisun Bay",6,2020,1.5,51.1666666666667,0.39,0.07,7.88,2.27,19636.5,20.6283333333333,8.17,12.1,0.2,NA,11.7082259874407,0.093,0.114
"2533","West Suisun Bay",6,2021,1,47,0.416,0.091,8,3.1,19260.4444444444,18.9411111111111,8.16,25.15,0.265,NA,11.7154064848348,0.099,0.108
"2534","West Suisun Bay",6,2022,1,46,0.285,0.063,7.78,3.75,22464.9090909091,20.24,7.05,12.2,0.3,NA,13.5513627869329,0.101,0.111
"2535","West Suisun Bay",7,2008,1,46,0.53,0.1,NA,2.285,20284.75,20.4711111111111,7.4,10,0.3,NA,12.4804562907304,0.09,0.1
"2536","West Suisun Bay",7,2009,1.25,46.1428571428571,0.35,0.06,8.08,2.8,13839.7142857143,20.27625,8,13,0.4,NA,8.89372556633199,0.08,0.12
"2537","West Suisun Bay",7,2010,1,33.5555555555556,0.36,0.08,8.04,1.835,13102.7777777778,19.349,7.9,49.6,0.4,NA,7.58350217557652,0.08,0.12
"2538","West Suisun Bay",7,2011,1,38,0.16,0.045,7.63,2.81333333333333,4083.66666666667,20.708,8.1,28.8285714285714,0.3,NA,2.38182071538561,0.04,0.07
"2539","West Suisun Bay",7,2012,1.75,51.4285714285714,0.47,0.06935967,7.93,2.07,18038.2857142857,20.48375,7.55,17.075,0.4,NA,10.8980432609278,0.08,0.12
"2540","West Suisun Bay",7,2013,1,41.5714285714286,0.48,0.08,7.93,2.45,18543.1428571429,21.29,7.6,65.5,0.6,NA,11.0728539972784,0.11,0.15
"2541","West Suisun Bay",7,2014,1,35.6666666666667,0.55,0.07,7.8,2.26,23684.7777777778,20.949,7.45,57.85,1.4,NA,14.2106406698597,0.11,0.19
"2542","West Suisun Bay",7,2015,1,48,0.51,0.06,7.8,5.02,24694.2857142857,22.2,7.5,16.5,0.6,NA,15.0179319673519,0.11,0.16
"2543","West Suisun Bay",7,2016,1.2,52,0.27,0.05,7.91,2.57,19431.5714285714,21.4685714285714,8.04,33,0.6,NA,11.5794472284181,0.06,0.11
"2544","West Suisun Bay",7,2017,1,30.5714285714286,0.27,0.08,7.74,2.87,9833.28571428571,21.5875,7.905,46.4,0.4,NA,5.82643914606473,0.09,0.13
"2545","West Suisun Bay",7,2018,1,44.2,0.46,0.08,7.81,2.395,19946.6,21.145,7.88,30.65,0.3,NA,12.0294905218371,0.11,0.12
"2546","West Suisun Bay",7,2019,1,39.7142857142857,0.257,0.083,7.75,1.925,11481.2857142857,20.9875,8.23,22.675,0.123,NA,6.38684530012724,0.08,0.08
"2547","West Suisun Bay",7,2020,1.5,53.75,0.35,0.05,7.87,1.96,20297.25,21.14875,7.94,12.32,0.2,NA,12.1327925775154,0.1,0.113
"2548","West Suisun Bay",7,2021,1,46.8571428571429,0.28,0.07,7.91,5.32,24915.7142857143,19.6157142857143,7.88,32.2,0.226,NA,15.1697066836115,0.108,0.125
"2549","West Suisun Bay",7,2022,1,37.8,0.168,0.074,7.81,7.47,21314.6,21.05,7.72,31.3,0.285,NA,12.7891127186334,0.099,0.131
"2550","West Suisun Bay",8,2007,1,54.2,0.51,0.07,NA,2.93,21544.4,21,8.7,26,0.5,NA,12.9351123013666,0.09,0.12
"2551","West Suisun Bay",8,2008,1,59,0.49,0.08,NA,2.785,21920.25,20.786,7.7,9,0.5,NA,13.3198734563807,0.09,0.11
"2552","West Suisun Bay",8,2009,1,48.6,0.24,0.06,8.01,2.625,20078,20.3316666666667,7.5,21,0.4,NA,12.2437327620759,0.05,0.11
"2553","West Suisun Bay",8,2010,1,39.6,0.38,0.08,8.16,2.14,16022.2,19.57,8,34.026,0.4,NA,9.8257441736569,0.08,0.14
"2554","West Suisun Bay",8,2011,1.5,48.2,0.23,0.06,7.95,2.82,12936.2,20.5533333333333,8.1,23.04,0.4,NA,7.3436459379704,0.05,0.1
"2555","West Suisun Bay",8,2012,1,46.4,0.41,0.05,7.92,2.32,18895.2,20.58,7.7,22.25,0.5,NA,10.439751791865,0.09,0.14
"2556","West Suisun Bay",8,2013,1.25,38.2,0.4,0.09,8,2.385,19283.8,20.5233333333333,8,44.5,0.4,NA,11.6900923512585,0.11,0.11
"2557","West Suisun Bay",8,2014,1,43,0.39,0.07,8,2.19,24471.3333333333,21.01,7.45,39.25,0.6,NA,14.5423155777946,0.07,0.17
"2558","West Suisun Bay",8,2015,1,45,0.28,0.06,7.9,2.235,28254,21.695,7.15,42.75,0.7,NA,16.3897509546294,0.06,0.15
"2559","West Suisun Bay",8,2016,1.4,50.6,0.38,0.06,7.91,2.47,19029,20.445,8.065,44.625,0.6,NA,11.2614126553152,0.1,0.1
"2560","West Suisun Bay",8,2017,1,47.8,0.33,0.06,8.08,3.375,14041,20.7966666666667,8.13,35.425,0.2,NA,8.20902622582695,0.08,0.08
"2561","West Suisun Bay",8,2018,1.2,47.6,0.376,0.07,7.84,2.745,21218.6,20.58,7.945,28.25,0.4,NA,12.4490888369761,0.111,0.12
"2562","West Suisun Bay",8,2019,1.2,38.4,0.22,0.05,7.73,5.055,13997.4,21.985,7.885,34.55,0.211,NA,8.18691418810043,0.088,0.097
"2563","West Suisun Bay",8,2020,2,67.8,0.29,0.07,7.87,0.5,23140.8,21.602,7.88,9.925,0.3,NA,13.9766702384421,0.102,0.1
"2564","West Suisun Bay",8,2021,1.4,41.4,0.232,0.068,7.72,4.22,24489,20.182,7.69,21.425,0.218,NA,14.8888082326958,0.11,0.125
"2565","West Suisun Bay",8,2022,1.2,56.8,0.3,0.099,7.85,2.85,22957.4,21.636,7.42,26.2,0.282,NA,13.8789417073241,0.115,0.131
"2566","West Suisun Bay",9,2007,1,43.2727272727273,0.31,0.07,NA,2.04,21901.2727272727,20.6116666666667,8.9,28,0.4,NA,13.3813976878427,0.06,0.1
"2567","West Suisun Bay",9,2008,1,60.3636363636364,0.42,0.09,NA,1.825,22848.6363636364,19.885,7.2,14,0.4,NA,13.9822041947474,0.09,0.12
"2568","West Suisun Bay",9,2009,1,77.6363636363636,0.32,0.09,7.84,2.48,22186.1818181818,20.0433333333333,7.3,13.2272727272727,0.4,NA,13.4116808381362,0.08,0.12
"2569","West Suisun Bay",9,2010,1,56.2727272727273,0.32,0.07,7.97,4.645,20863.8181818182,19.1341666666667,8,16.2363636363636,0.4,NA,12.5650916832685,0.08,0.11
"2570","West Suisun Bay",9,2011,1.8,37.0909090909091,0.28,0.06,7.95,3.675,9342.09090909091,19.7316666666667,7.9,67.4363636363636,0.4,NA,5.48611130876108,0.07,0.11
"2571","West Suisun Bay",9,2012,1.1,63.7272727272727,0.41,0.08,7.95,3.08,21184.5454545455,18.7641666666667,7.9,14.49,0.4,NA,12.851736805078,0.09,0.13
"2572","West Suisun Bay",9,2013,1.1,53.5454545454545,0.51,0.08,8.2,2.55,20039.7272727273,21.0375,8.1,26.36,0.4,NA,12.052805148115,0.11,0.11
"2573","West Suisun Bay",9,2014,1.1,44.5454545454545,0.46,0.07,8.1,2.23,23194.9090909091,20.005,7,37.28,0.5,NA,14.0790984352028,0.12,0.13
"2574","West Suisun Bay",9,2015,1,65.7272727272727,0.33,0.05,7.92,1.425,26694.9090909091,21.4133333333333,7.3,17.82,1,NA,16.4605080473256,0.07,0.15
"2575","West Suisun Bay",9,2016,1,62.4545454545455,0.43,0.08,7.86,2.175,22009.8181818182,19.3025,8.26,15.35,0.6,NA,13.0923581476095,0.11,0.2
"2576","West Suisun Bay",9,2017,1.09090909090909,59.7272727272727,0.34,0.12,7.73,2.99,14633.5454545455,21.7641666666667,8.085,16.62,0.3,NA,8.40649813453591,0.09,0.11
"2577","West Suisun Bay",9,2018,1,51.9,0.36,0.09,7.71,2.365,19004.4545454545,19.0558333333333,8.28,27.96,0.3,NA,11.5306436431025,0.1,0.1
"2578","West Suisun Bay",9,2019,1.09090909090909,41.2727272727273,0.262,0.077,7.55,1.32,13838.8181818182,21.2608333333333,7.83,22.1666666666667,0.222,NA,7.76593368897195,0.1,0.1
"2579","West Suisun Bay",9,2020,1.18181818181818,33.8181818181818,0.255,0.1,7.85,0.83,22866.6363636364,19.8227272727273,7.64,25.23,0.7,NA,13.8089640045596,0.104,0.125
"2580","West Suisun Bay",9,2021,1.27272727272727,69.1818181818182,0.21,0.061,7.91,2.335,21354.5454545455,20.145,7.97,25.39,0.322,NA,13.2001969293511,0.106,0.108
"2581","West Suisun Bay",9,2022,1,58.8181818181818,0.256,0.059,7.56,1.53,22857.9090909091,22.5945454545455,7.17,21.51,0.21,NA,13.8022958916164,0.117,0.151
"2582","West Suisun Bay",10,2007,1,55.3636363636364,0.43,0.11,NA,2.115,22586.8181818182,18.0533333333333,8.4,9,0.4,NA,13.9396929620328,0.08,0.09
"2583","West Suisun Bay",10,2008,1,78.5454545454545,0.42,0.09,NA,2.01,22437.8181818182,18.945,7.8,8,0.5,NA,14.169407452625,0.09,0.11
"2584","West Suisun Bay",10,2009,1,67.8181818181818,0.34,0.11,8.15,1.88,26456.8181818182,16.1825,7.6,17.9818181818182,0.5,NA,15.6743893740227,0.08,0.12
"2585","West Suisun Bay",10,2010,1,57.6363636363636,0.31,0.1,7.94,1.73,20037.7272727273,18.8791666666667,7.5,16.8,0.3,NA,12.2881676351423,0.08,0.11
"2586","West Suisun Bay",10,2011,1,50,0.23,0.1,8.03,2.535,11758.2727272727,18.5966666666667,8.05,36.3,0.4,NA,6.68928737219514,0.06,0.11
"2587","West Suisun Bay",10,2012,1.1,67.3636363636364,0.39,0.09,7.91,1.19,23438.0909090909,18.6583333333333,7.75,15.45,0.3,NA,14.2968817670941,0.09,0.13
"2588","West Suisun Bay",10,2013,1,64.1818181818182,0.38,0.11,7.96,1.635,19682.3636363636,17.6883333333333,7.75,17.38,0.4,NA,12.2551349581047,0.1,0.13
"2589","West Suisun Bay",10,2014,1.1,71.6363636363636,0.39,0.05,8.05,2.57,24969.5454545455,20.745,6.9,17.34,0.5,NA,15.3734899859596,0.11,0.13
"2590","West Suisun Bay",10,2015,1,68.6363636363636,0.44,0.03,8,2.275,23864.9090909091,19.63,7.3,14.36,0.6,NA,14.6325811825487,0.1,0.12
"2591","West Suisun Bay",10,2016,1,79.4545454545455,0.39,0.17,7.83,1.8,22392,17.6283333333333,8.095,12.17,0.5,NA,13.5699185380999,0.12,0.16
"2592","West Suisun Bay",10,2017,1,53.1818181818182,0.33,0.12,7.76,1.88,12791.6363636364,18.5258333333333,8.175,23.14,0.3,NA,7.85514250211319,0.09,0.09
"2593","West Suisun Bay",10,2018,1,61.25,0.34,0.12,7.57,2.12,23347.25,18.5605882352941,8.03,15.5,0.221,NA,14.384480501985,0.09,0.1
"2594","West Suisun Bay",10,2019,1,61.8181818181818,2.8,0.2,7.76,1.91,14124.6363636364,18.5391666666667,8.27,17.18,0.2,NA,8.58689672996114,0.087,0.095
"2595","West Suisun Bay",10,2020,1,98.2727272727273,0.3,0.07,7.98,1.34,27232.0909090909,19.5709090909091,7.75,8.37,0.2,NA,16.7039169307667,0.103,0.105
"2596","West Suisun Bay",10,2021,1,64,0.187,0.084,7.74,2.135,23235.5454545455,18.395,8.215,17.86,0.257,NA,13.7649896121707,0.104,0.116
"2597","West Suisun Bay",10,2022,1,55.6363636363636,0.277,0.099,8.25,2.71,24810.4545454545,19.1636363636364,7.88,19.59,0.275,NA,15.0905242970143,0.11,0.122
"2598","West Suisun Bay",11,2007,1,61.0909090909091,0.5,0.13,NA,2.29,25901.4545454545,15.3666666666667,8,9,0.5,NA,15.9715612262321,0.07,0.11
"2599","West Suisun Bay",11,2008,1,71.5454545454545,0.52,0.14,NA,1.84,23857.7272727273,15.365,7.9,7,0.6,NA,14.4319940145598,0.08,0.12
"2600","West Suisun Bay",11,2009,1,67.5454545454545,0.41,0.15,7.91,1.8,22979.2727272727,15.79,7.7,15.6636363636364,0.5,NA,13.908355608172,0.08,0.12
"2601","West Suisun Bay",11,2010,1,81.7272727272727,0.38,0.12,7.98,1.47,22576.3636363636,16.6090909090909,7.45,12.9245454545455,0.4,NA,13.6369387146378,0.08,0.1
"2602","West Suisun Bay",11,2011,1.2,63.8181818181818,0.29,0.13,7.95,2.255,15740.9090909091,13.9375,8.4,14.96,0.4,NA,9.58440704909602,0.06,0.07
"2603","West Suisun Bay",11,2012,1,78.8181818181818,0.34,0.14,7.89,1.09,26554.5454545455,16.7818181818182,7.75,13.21,0.6,NA,16.2512348129605,0.08,0.11
"2604","West Suisun Bay",11,2013,1,66.6363636363636,0.46,0.14,7.99,1.65,23604.0909090909,14.87,8.4,14.75,0.6,NA,14.5288358961021,0.1,0.14
"2605","West Suisun Bay",11,2014,1,71.7272727272727,0.46,0.09,7.85,1.655,23294.4545454545,16.955,8,11.95,0.6,NA,14.280498024163,0.1,0.12
"2606","West Suisun Bay",11,2015,1,53.4545454545455,0.46,0.06,7.85,1.04,25866,17.23,7.75,26.26,0.6,NA,15.7950451978776,0.1,0.11
"2607","West Suisun Bay",11,2016,1,83.8333333333333,0.41,0.1,7.78,2.315,21580.5833333333,16.7584615384615,8.125,10.5545454545455,0.6,NA,12.9931439840928,0.09,0.22
"2608","West Suisun Bay",11,2017,1,76.7272727272727,0.41,0.15,7.7,1.325,18785.9090909091,15.8608333333333,8.215,13.69,0.4,NA,11.4526759431487,0.09,0.11
"2609","West Suisun Bay",11,2018,1,67.6666666666667,0.359,0.14,7.69,1.69,25299,16.3383333333333,8.1,16.96,0.232,NA,15.4294838868729,0.09,0.099
"2610","West Suisun Bay",11,2019,1,68.0909090909091,0.055,0.13,7.69,2.17,21385.6363636364,15.0591666666667,8.25,13.66,0.2,NA,13.0276279102596,0.078,0.076
"2611","West Suisun Bay",11,2020,1,91.4545454545455,0.312,0.12,7.84,1.33,24159.2222222222,17.3733333333333,8.25,7.44,0.3,NA,14.6577729427473,0.092,0.104
"2612","West Suisun Bay",11,2021,1,51.7272727272727,0.324,0.173,7.56,2.245,16046.0909090909,16.6575,7.765,26.15,0.412,NA,9.96854615061208,0.092,0.109
"2613","West Suisun Bay",11,2022,1,48,0.299,0.132,7.45,1.53,24115.0909090909,14.7754545454545,8.54,22.17,0.221,NA,14.6379278685624,0.097,0.114
"2614","West Suisun Bay",12,2007,1,57,0.53,0.15,NA,2.425,24434.1818181818,11.7816666666667,9.2,6,0.5,NA,15.1970566099899,0.06,0.1
"2615","West Suisun Bay",12,2008,1,78,0.51,0.15,NA,1.485,27959.0909090909,11.6383333333333,8.4,11,0.6,NA,17.1113503392352,0.08,0.09
"2616","West Suisun Bay",12,2009,1,63.9090909090909,0.47,0.16,7.75,1.505,29468.2727272727,11.8041666666667,9,14.6545454545455,0.6,NA,18.0681396990688,0.07,0.11
"2617","West Suisun Bay",12,2010,1,61.3636363636364,0.32,0.14,7.9,1.335,20403.1818181818,11.1108333333333,9.2,17.5454545454545,0.5,NA,12.0076154562749,0.04,0.1
"2618","West Suisun Bay",12,2011,1,72.7272727272727,0.35,0.16,7.85,1.05,20264.9090909091,10.3545454545455,8.8,14.38,0.4,NA,12.1173066017279,0.06,0.12
"2619","West Suisun Bay",12,2012,1,48.5454545454545,0.47,0.151450705,7.73,1.53,7548.36363636364,13.9545454545455,8.1,19.39,0.5,NA,4.28117795122517,0.07,0.11
"2620","West Suisun Bay",12,2013,1,48.0909090909091,0.4,0.15,7.98,1.415,23793.5454545455,10.7433333333333,9.25,23.26,0.6,NA,15.1087522434946,0.06,0.13
"2621","West Suisun Bay",12,2014,1,63.8181818181818,0.57,0.15,7.7,1.065,26257.8181818182,14.5,8.35,14.91,0.8,NA,15.7487110589746,0.09,0.12
"2622","West Suisun Bay",12,2015,1,58,0.44,0.06,7.8,2.025,29762.0909090909,11.0625,8.8,18.73,0.8,NA,18.0105121800882,0.09,0.12
"2623","West Suisun Bay",12,2016,1,60.8,0.46,0.14,7.73,1.33,21036.8,12.8190909090909,8.88,13.0444444444444,0.6,NA,13.0103613646554,0.09,0.27
"2624","West Suisun Bay",12,2017,1,56.8181818181818,0.43,0.17,7.77,1.785,19269,12.4325,8.885,22.6,0.3,NA,11.6151722146633,0.09,0.09
"2625","West Suisun Bay",12,2018,1,55.8181818181818,0.41,0.157,7.62,1.415,21485,12.0416666666667,8.73,21.04,0.312,NA,13.192421565151,0.081,0.085
"2626","West Suisun Bay",12,2019,1,61.7272727272727,0.15,0.28,7.59,2.11,19066.6363636364,11.9641666666667,9.195,22.48,0.29,NA,11.0513639917032,0.069,0.037
"2627","West Suisun Bay",12,2021,1,46.5454545454545,0.431,0.187,7.64,1.3,22419,13.3225,8.265,19.78,0.305,NA,13.9989564113564,0.085,0.102
"2628","West Suisun Bay",12,2022,1,72.6363636363636,0.325,0.154,7.51,2.26,24274.5454545455,10.7681818181818,9.45,12.39,0.243,NA,14.7316765091417,0.081,0.099
