"","Station Number","Sample Code","CollectionDate","Data Owner","Data Status","Collection Date","Analyte","CAS Reg Number","Lab Dup","Result","Rpt Limit","Units","Method","Depth","Matrix","Sample Type","Parent Sample","Description","Notes","Result Rejected"
"1","E381061548","EL0220B0120",2020-02-24 11:24:00,"0311","1000 - Non-Public, Review Status Unknown","02/24/2020 11:24","Dissolved Nitrate + Nitrite","NO3+NO2",NA,"0.52","0.05","mg/L as N","Std Method 4500-NO3-F (DWR Modified) [1]*","1 Feet","Water, Natural","Normal Sample","0",NA,NA,"N"
"2","E381061548","EL0220B0120",2020-02-24 11:24:00,"0311","1000 - Non-Public, Review Status Unknown","02/24/2020 11:24","Total Phosphorus","7723-14-0",NA,"0.1","0.01","mg/L as P","EPA 365.4 (DWR Modified) [1]*","1 Feet","Water, Natural","Normal Sample","0",NA,NA,"N"
"3","E381061548","EL0220B0120",2020-02-24 11:24:00,"0311","1000 - Non-Public, Review Status Unknown","02/24/2020 11:24","Total Kjeldahl Nitrogen","TKN",NA,"0.5","0.1","mg/L as N","EPA 351.2 (DWR Modified) [1]*","1 Feet","Water, Natural","Normal Sample","0",NA,NA,"N"
"4","E381061548","EL0220B0120",2020-02-24 11:24:00,"0311","1000 - Non-Public, Review Status Unknown","02/24/2020 11:24","Dissolved ortho-Phosphate","14265-44-2",NA,"<0.05","0.05","mg/L as P","EPA 365.1 DWR Modified [1]*","1 Feet","Water, Natural","Normal Sample","0",NA,NA,"N"
"5","E381061546","EL0220B0119",2020-02-24 11:34:00,"0311","1000 - Non-Public, Review Status Unknown","02/24/2020 11:34","Dissolved Ammonia","7664-41-7","Y","0.108","0.05","mg/L as N","EPA 350.1 (DWR Modified) [1]*","1 Feet","Water, Natural","Normal Sample","0",NA,NA,"N"
"6","E381061546","EL0220B0119",2020-02-24 11:34:00,"0311","1000 - Non-Public, Review Status Unknown","02/24/2020 11:34","Dissolved Ammonia","7664-41-7",NA,"0.1","0.05","mg/L as N","EPA 350.1 (DWR Modified) [1]*","1 Feet","Water, Natural","Normal Sample","0",NA,NA,"N"
"7","E381061546","EL0220B0119",2020-02-24 11:34:00,"0311","1000 - Non-Public, Review Status Unknown","02/24/2020 11:34","Dissolved Nitrate + Nitrite","NO3+NO2",NA,"0.53","0.05","mg/L as N","Std Method 4500-NO3-F (DWR Modified) [1]*","1 Feet","Water, Natural","Normal Sample","0",NA,NA,"N"
"8","E381061546","EL0220B0119",2020-02-24 11:34:00,"0311","1000 - Non-Public, Review Status Unknown","02/24/2020 11:34","Dissolved Nitrate + Nitrite","NO3+NO2","Y","0.53","0.05","mg/L as N","Std Method 4500-NO3-F (DWR Modified) [1]*","1 Feet","Water, Natural","Normal Sample","0",NA,NA,"N"
"9","E381061546","EL0220B0119",2020-02-24 11:34:00,"0311","1000 - Non-Public, Review Status Unknown","02/24/2020 11:34","Total Phosphorus","7723-14-0",NA,"0.094","0.01","mg/L as P","EPA 365.4 (DWR Modified) [1]*","1 Feet","Water, Natural","Normal Sample","0",NA,NA,"N"
"10","E381061546","EL0220B0119",2020-02-24 11:34:00,"0311","1000 - Non-Public, Review Status Unknown","02/24/2020 11:34","Total Kjeldahl Nitrogen","TKN",NA,"0.5","0.1","mg/L as N","EPA 351.2 (DWR Modified) [1]*","1 Feet","Water, Natural","Normal Sample","0",NA,NA,"N"
"11","E381061546","EL0220B0119",2020-02-24 11:34:00,"0311","1000 - Non-Public, Review Status Unknown","02/24/2020 11:34","Dissolved ortho-Phosphate","14265-44-2","Y","<0.05","0.05","mg/L as P","EPA 365.1 DWR Modified [1]*","1 Feet","Water, Natural","Normal Sample","0",NA,NA,"N"
"12","E381061546","EL0220B0119",2020-02-24 11:34:00,"0311","1000 - Non-Public, Review Status Unknown","02/24/2020 11:34","Dissolved ortho-Phosphate","14265-44-2",NA,"<0.05","0.05","mg/L as P","EPA 365.1 DWR Modified [1]*","1 Feet","Water, Natural","Normal Sample","0",NA,NA,"N"
"13","E381051546","EL0220B0118",2020-02-24 12:01:00,"0311","1000 - Non-Public, Review Status Unknown","02/24/2020 12:01","Dissolved Ammonia","7664-41-7",NA,"0.14","0.05","mg/L as N","EPA 350.1 (DWR Modified) [1]*","1 Feet","Water, Natural","Normal Sample","0",NA,NA,"N"
"14","E381051546","EL0220B0118",2020-02-24 12:01:00,"0311","1000 - Non-Public, Review Status Unknown","02/24/2020 12:01","Dissolved Nitrate + Nitrite","NO3+NO2",NA,"0.53","0.05","mg/L as N","Std Method 4500-NO3-F (DWR Modified) [1]*","1 Feet","Water, Natural","Normal Sample","0",NA,NA,"N"
"15","E381051546","EL0220B0118",2020-02-24 12:01:00,"0311","1000 - Non-Public, Review Status Unknown","02/24/2020 12:01","Total Phosphorus","7723-14-0",NA,"0.094","0.01","mg/L as P","EPA 365.4 (DWR Modified) [1]*","1 Feet","Water, Natural","Normal Sample","0",NA,NA,"N"
"16","E381051546","EL0220B0118",2020-02-24 12:01:00,"0311","1000 - Non-Public, Review Status Unknown","02/24/2020 12:01","Total Kjeldahl Nitrogen","TKN",NA,"0.6","0.1","mg/L as N","EPA 351.2 (DWR Modified) [1]*","1 Feet","Water, Natural","Normal Sample","0",NA,NA,"N"
"17","E381051546","EL0220B0118",2020-02-24 12:01:00,"0311","1000 - Non-Public, Review Status Unknown","02/24/2020 12:01","Dissolved ortho-Phosphate","14265-44-2",NA,"<0.05","0.05","mg/L as P","EPA 365.1 DWR Modified [1]*","1 Feet","Water, Natural","Normal Sample","0",NA,NA,"N"
"18","E380782056","EL0220B0129",2020-02-24 12:48:00,"0311","1000 - Non-Public, Review Status Unknown","02/24/2020 12:48","Dissolved Nitrate + Nitrite","NO3+NO2",NA,"0.49","0.05","mg/L as N","Std Method 4500-NO3-F (DWR Modified) [1]*","1 Feet","Water, Natural","Normal Sample","0",NA,NA,"N"
"19","E380782056","EL0220B0129",2020-02-24 12:48:00,"0311","1000 - Non-Public, Review Status Unknown","02/24/2020 12:48","Total Phosphorus","7723-14-0",NA,"0.17","0.01","mg/L as P","EPA 365.4 (DWR Modified) [1]*","1 Feet","Water, Natural","Normal Sample","0",NA,NA,"N"
"20","E380782056","EL0220B0129",2020-02-24 12:48:00,"0311","1000 - Non-Public, Review Status Unknown","02/24/2020 12:48","Total Kjeldahl Nitrogen","TKN",NA,"0.8","0.1","mg/L as N","EPA 351.2 (DWR Modified) [1]*","1 Feet","Water, Natural","Normal Sample","0",NA,NA,"N"
"21","E380782056","EL0220B0129",2020-02-24 12:48:00,"0311","1000 - Non-Public, Review Status Unknown","02/24/2020 12:48","Dissolved ortho-Phosphate","14265-44-2",NA,"0.052","0.05","mg/L as P","EPA 365.1 DWR Modified [1]*","1 Feet","Water, Natural","Normal Sample","0",NA,NA,"N"
"22","E380782055","EL0220B0130",2020-02-24 13:00:00,"0311","1000 - Non-Public, Review Status Unknown","02/24/2020 13:00","Dissolved Nitrate + Nitrite","NO3+NO2",NA,"0.495","0.05","mg/L as N","Std Method 4500-NO3-F (DWR Modified) [1]*","1 Feet","Water, Natural","Normal Sample","0",NA,NA,"N"
"23","E380782055","EL0220B0130",2020-02-24 13:00:00,"0311","1000 - Non-Public, Review Status Unknown","02/24/2020 13:00","Total Phosphorus","7723-14-0",NA,"0.14","0.01","mg/L as P","EPA 365.4 (DWR Modified) [1]*","1 Feet","Water, Natural","Normal Sample","0",NA,NA,"N"
"24","E380782055","EL0220B0130",2020-02-24 13:00:00,"0311","1000 - Non-Public, Review Status Unknown","02/24/2020 13:00","Total Kjeldahl Nitrogen","TKN",NA,"0.7","0.1","mg/L as N","EPA 351.2 (DWR Modified) [1]*","1 Feet","Water, Natural","Normal Sample","0",NA,NA,"N"
"25","E380782055","EL0220B0130",2020-02-24 13:00:00,"0311","1000 - Non-Public, Review Status Unknown","02/24/2020 13:00","Dissolved ortho-Phosphate","14265-44-2",NA,"0.057","0.05","mg/L as P","EPA 365.1 DWR Modified [1]*","1 Feet","Water, Natural","Normal Sample","0",NA,NA,"N"
"26","E3807102052","EL0220B0131",2020-02-24 13:13:00,"0311","1000 - Non-Public, Review Status Unknown","02/24/2020 13:13","Dissolved Nitrate + Nitrite","NO3+NO2",NA,"0.51","0.05","mg/L as N","Std Method 4500-NO3-F (DWR Modified) [1]*","1 Feet","Water, Natural","Normal Sample","0",NA,NA,"N"
"27","E3807102052","EL0220B0131",2020-02-24 13:13:00,"0311","1000 - Non-Public, Review Status Unknown","02/24/2020 13:13","Total Phosphorus","7723-14-0",NA,"0.14","0.01","mg/L as P","EPA 365.4 (DWR Modified) [1]*","1 Feet","Water, Natural","Normal Sample","0",NA,NA,"N"
"28","E3807102052","EL0220B0131",2020-02-24 13:13:00,"0311","1000 - Non-Public, Review Status Unknown","02/24/2020 13:13","Total Kjeldahl Nitrogen","TKN",NA,"0.7","0.1","mg/L as N","EPA 351.2 (DWR Modified) [1]*","1 Feet","Water, Natural","Normal Sample","0",NA,NA,"N"
"29","E3807102052","EL0220B0131",2020-02-24 13:13:00,"0311","1000 - Non-Public, Review Status Unknown","02/24/2020 13:13","Dissolved ortho-Phosphate","14265-44-2",NA,"0.064","0.05","mg/L as P","EPA 365.1 DWR Modified [1]*","1 Feet","Water, Natural","Normal Sample","0",NA,NA,"N"
"30","E381112008","EL0220B0128",2020-02-24 13:46:00,"0311","1000 - Non-Public, Review Status Unknown","02/24/2020 13:46","Dissolved Nitrate + Nitrite","NO3+NO2",NA,"0.49","0.05","mg/L as N","Std Method 4500-NO3-F (DWR Modified) [1]*","1 Feet","Water, Natural","Normal Sample","0",NA,NA,"N"
"31","E381112008","EL0220B0128",2020-02-24 13:46:00,"0311","1000 - Non-Public, Review Status Unknown","02/24/2020 13:46","Total Phosphorus","7723-14-0",NA,"0.12","0.01","mg/L as P","EPA 365.4 (DWR Modified) [1]*","1 Feet","Water, Natural","Normal Sample","0",NA,NA,"N"
"32","E381112008","EL0220B0128",2020-02-24 13:46:00,"0311","1000 - Non-Public, Review Status Unknown","02/24/2020 13:46","Total Kjeldahl Nitrogen","TKN",NA,"0.6","0.1","mg/L as N","EPA 351.2 (DWR Modified) [1]*","1 Feet","Water, Natural","Normal Sample","0",NA,NA,"N"
"33","E381112008","EL0220B0128",2020-02-24 13:46:00,"0311","1000 - Non-Public, Review Status Unknown","02/24/2020 13:46","Dissolved ortho-Phosphate","14265-44-2",NA,"0.056","0.05","mg/L as P","EPA 365.1 DWR Modified [1]*","1 Feet","Water, Natural","Normal Sample","0",NA,NA,"N"
"34","E381142005","EL0220B0126",2020-02-24 14:33:00,"0311","1000 - Non-Public, Review Status Unknown","02/24/2020 14:33","Dissolved Nitrate + Nitrite","NO3+NO2",NA,"0.49","0.05","mg/L as N","Std Method 4500-NO3-F (DWR Modified) [1]*","1 Feet","Water, Natural","Normal Sample","0",NA,NA,"N"
"35","E381142005","EL0220B0126",2020-02-24 14:33:00,"0311","1000 - Non-Public, Review Status Unknown","02/24/2020 14:33","Total Phosphorus","7723-14-0",NA,"0.111","0.01","mg/L as P","EPA 365.4 (DWR Modified) [1]*","1 Feet","Water, Natural","Normal Sample","0",NA,NA,"N"
"36","E381142005","EL0220B0126",2020-02-24 14:33:00,"0311","1000 - Non-Public, Review Status Unknown","02/24/2020 14:33","Total Kjeldahl Nitrogen","TKN",NA,"0.6","0.1","mg/L as N","EPA 351.2 (DWR Modified) [1]*","1 Feet","Water, Natural","Normal Sample","0",NA,NA,"N"
"37","E381142005","EL0220B0126",2020-02-24 14:33:00,"0311","1000 - Non-Public, Review Status Unknown","02/24/2020 14:33","Dissolved ortho-Phosphate","14265-44-2",NA,"0.059","0.05","mg/L as P","EPA 365.1 DWR Modified [1]*","1 Feet","Water, Natural","Normal Sample","0",NA,NA,"N"
"38","E381132007","EL0220B0127",2020-02-24 14:49:00,"0311","1000 - Non-Public, Review Status Unknown","02/24/2020 14:49","Dissolved Nitrate + Nitrite","NO3+NO2",NA,"0.48","0.05","mg/L as N","Std Method 4500-NO3-F (DWR Modified) [1]*","1 Feet","Water, Natural","Normal Sample","0",NA,NA,"N"
"39","E381132007","EL0220B0127",2020-02-24 14:49:00,"0311","1000 - Non-Public, Review Status Unknown","02/24/2020 14:49","Total Phosphorus","7723-14-0",NA,"0.104","0.01","mg/L as P","EPA 365.4 (DWR Modified) [1]*","1 Feet","Water, Natural","Normal Sample","0",NA,NA,"N"
"40","E381132007","EL0220B0127",2020-02-24 14:49:00,"0311","1000 - Non-Public, Review Status Unknown","02/24/2020 14:49","Total Kjeldahl Nitrogen","TKN",NA,"0.5","0.1","mg/L as N","EPA 351.2 (DWR Modified) [1]*","1 Feet","Water, Natural","Normal Sample","0",NA,NA,"N"
"41","E381132007","EL0220B0127",2020-02-24 14:49:00,"0311","1000 - Non-Public, Review Status Unknown","02/24/2020 14:49","Dissolved ortho-Phosphate","14265-44-2",NA,"0.056","0.05","mg/L as P","EPA 365.1 DWR Modified [1]*","1 Feet","Water, Natural","Normal Sample","0",NA,NA,"N"
"42","E380751331","EL0220B0124",2020-02-24 15:27:00,"0311","1000 - Non-Public, Review Status Unknown","02/24/2020 15:27","Dissolved Nitrate + Nitrite","NO3+NO2",NA,"0.49","0.05","mg/L as N","Std Method 4500-NO3-F (DWR Modified) [1]*","1 Feet","Water, Natural","Normal Sample","0",NA,NA,"N"
"43","E380751331","EL0220B0124",2020-02-24 15:27:00,"0311","1000 - Non-Public, Review Status Unknown","02/24/2020 15:27","Total Phosphorus","7723-14-0",NA,"0.126","0.01","mg/L as P","EPA 365.4 (DWR Modified) [1]*","1 Feet","Water, Natural","Normal Sample","0",NA,NA,"N"
"44","E380751331","EL0220B0124",2020-02-24 15:27:00,"0311","1000 - Non-Public, Review Status Unknown","02/24/2020 15:27","Total Kjeldahl Nitrogen","TKN",NA,"0.9","0.1","mg/L as N","EPA 351.2 (DWR Modified) [1]*","1 Feet","Water, Natural","Normal Sample","0",NA,NA,"N"
"45","E380751331","EL0220B0124",2020-02-24 15:27:00,"0311","1000 - Non-Public, Review Status Unknown","02/24/2020 15:27","Dissolved ortho-Phosphate","14265-44-2",NA,"<0.05","0.05","mg/L as P","EPA 365.1 DWR Modified [1]*","1 Feet","Water, Natural","Normal Sample","0",NA,NA,"N"
"46","E381241554","EL0220B0121",2020-02-24 15:48:00,"0311","1000 - Non-Public, Review Status Unknown","02/24/2020 15:48","Dissolved Nitrate + Nitrite","NO3+NO2",NA,"0.47","0.05","mg/L as N","Std Method 4500-NO3-F (DWR Modified) [1]*","1 Feet","Water, Natural","Normal Sample","0",NA,NA,"N"
"47","E381241554","EL0220B0121",2020-02-24 15:48:00,"0311","1000 - Non-Public, Review Status Unknown","02/24/2020 15:48","Total Phosphorus","7723-14-0",NA,"0.1","0.01","mg/L as P","EPA 365.4 (DWR Modified) [1]*","1 Feet","Water, Natural","Normal Sample","0",NA,NA,"N"
"48","E381241554","EL0220B0121",2020-02-24 15:48:00,"0311","1000 - Non-Public, Review Status Unknown","02/24/2020 15:48","Total Kjeldahl Nitrogen","TKN",NA,"0.8","0.1","mg/L as N","EPA 351.2 (DWR Modified) [1]*","1 Feet","Water, Natural","Normal Sample","0",NA,NA,"N"
"49","E381241554","EL0220B0121",2020-02-24 15:48:00,"0311","1000 - Non-Public, Review Status Unknown","02/24/2020 15:48","Dissolved ortho-Phosphate","14265-44-2",NA,"<0.05","0.05","mg/L as P","EPA 365.1 DWR Modified [1]*","1 Feet","Water, Natural","Normal Sample","0",NA,NA,"N"
"50","E480751332","EL0220B0125",2020-02-24 16:11:00,"0311","1000 - Non-Public, Review Status Unknown","02/24/2020 16:11","Dissolved Nitrate + Nitrite","NO3+NO2",NA,"0.48","0.05","mg/L as N","Std Method 4500-NO3-F (DWR Modified) [1]*","1 Feet","Water, Natural","Normal Sample","0",NA,NA,"N"
"51","E480751332","EL0220B0125",2020-02-24 16:11:00,"0311","1000 - Non-Public, Review Status Unknown","02/24/2020 16:11","Total Phosphorus","7723-14-0",NA,"0.13","0.01","mg/L as P","EPA 365.4 (DWR Modified) [1]*","1 Feet","Water, Natural","Normal Sample","0",NA,NA,"N"
"52","E480751332","EL0220B0125",2020-02-24 16:11:00,"0311","1000 - Non-Public, Review Status Unknown","02/24/2020 16:11","Total Kjeldahl Nitrogen","TKN",NA,"0.9","0.1","mg/L as N","EPA 351.2 (DWR Modified) [1]*","1 Feet","Water, Natural","Normal Sample","0",NA,NA,"N"
"53","E480751332","EL0220B0125",2020-02-24 16:11:00,"0311","1000 - Non-Public, Review Status Unknown","02/24/2020 16:11","Dissolved ortho-Phosphate","14265-44-2",NA,"<0.05","0.05","mg/L as P","EPA 365.1 DWR Modified [1]*","1 Feet","Water, Natural","Normal Sample","0",NA,NA,"N"
"54","E381221553","EL0220B0122",2020-02-24 16:23:00,"0311","1000 - Non-Public, Review Status Unknown","02/24/2020 16:23","Dissolved Nitrate + Nitrite","NO3+NO2",NA,"0.48","0.05","mg/L as N","Std Method 4500-NO3-F (DWR Modified) [1]*","1 Feet","Water, Natural","Normal Sample","0",NA,NA,"N"
"55","E381221553","EL0220B0122",2020-02-24 16:23:00,"0311","1000 - Non-Public, Review Status Unknown","02/24/2020 16:23","Total Phosphorus","7723-14-0",NA,"0.1","0.01","mg/L as P","EPA 365.4 (DWR Modified) [1]*","1 Feet","Water, Natural","Normal Sample","0",NA,NA,"N"
"56","E381221553","EL0220B0122",2020-02-24 16:23:00,"0311","1000 - Non-Public, Review Status Unknown","02/24/2020 16:23","Total Kjeldahl Nitrogen","TKN",NA,"0.7","0.1","mg/L as N","EPA 351.2 (DWR Modified) [1]*","1 Feet","Water, Natural","Normal Sample","0",NA,NA,"N"
"57","E381221553","EL0220B0122",2020-02-24 16:23:00,"0311","1000 - Non-Public, Review Status Unknown","02/24/2020 16:23","Dissolved ortho-Phosphate","14265-44-2",NA,"<0.05","0.05","mg/L as P","EPA 365.1 DWR Modified [1]*","1 Feet","Water, Natural","Normal Sample","0",NA,NA,"N"
"58","E381201552","EL0220B0123",2020-02-24 16:29:00,"0311","1000 - Non-Public, Review Status Unknown","02/24/2020 16:29","Dissolved Nitrate + Nitrite","NO3+NO2",NA,"0.49","0.05","mg/L as N","Std Method 4500-NO3-F (DWR Modified) [1]*","1 Feet","Water, Natural","Normal Sample","0",NA,NA,"N"
"59","E381201552","EL0220B0123",2020-02-24 16:29:00,"0311","1000 - Non-Public, Review Status Unknown","02/24/2020 16:29","Total Phosphorus","7723-14-0",NA,"0.1","0.01","mg/L as P","EPA 365.4 (DWR Modified) [1]*","1 Feet","Water, Natural","Normal Sample","0",NA,NA,"N"
"60","E381201552","EL0220B0123",2020-02-24 16:29:00,"0311","1000 - Non-Public, Review Status Unknown","02/24/2020 16:29","Total Kjeldahl Nitrogen","TKN",NA,"0.6","0.1","mg/L as N","EPA 351.2 (DWR Modified) [1]*","1 Feet","Water, Natural","Normal Sample","0",NA,NA,"N"
"61","E381201552","EL0220B0123",2020-02-24 16:29:00,"0311","1000 - Non-Public, Review Status Unknown","02/24/2020 16:29","Dissolved ortho-Phosphate","14265-44-2",NA,"<0.05","0.05","mg/L as P","EPA 365.1 DWR Modified [1]*","1 Feet","Water, Natural","Normal Sample","0",NA,NA,"N"
"62","E2S800102306","EL0220B0160",2020-02-26 14:00:00,"0311","1000 - Non-Public, Review Status Unknown","02/26/2020 14:00","Dissolved Nitrate + Nitrite","NO3+NO2",NA,"0.17","0.05","mg/L as N","Std Method 4500-NO3-F (DWR Modified) [1]*","1 Feet","Water, Natural","Normal Sample","0",NA,NA,"N"
"63","E2S800102306","EL0220B0160",2020-02-26 14:00:00,"0311","1000 - Non-Public, Review Status Unknown","02/26/2020 14:00","Total Phosphorus","7723-14-0",NA,"0.161","0.01","mg/L as P","EPA 365.4 (DWR Modified) [1]*","1 Feet","Water, Natural","Normal Sample","0",NA,NA,"N"
"64","E2S800102306","EL0220B0160",2020-02-26 14:00:00,"0311","1000 - Non-Public, Review Status Unknown","02/26/2020 14:00","Total Kjeldahl Nitrogen","TKN",NA,"0.6","0.1","mg/L as N","EPA 351.2 (DWR Modified) [1]*","1 Feet","Water, Natural","Normal Sample","0",NA,NA,"N"
"65","E2S800102306","EL0220B0160",2020-02-26 14:00:00,"0311","1000 - Non-Public, Review Status Unknown","02/26/2020 14:00","Dissolved ortho-Phosphate","14265-44-2",NA,"0.098","0.05","mg/L as P","EPA 365.1 DWR Modified [1]*","1 Feet","Water, Natural","Normal Sample","0",NA,NA,"N"
"66","E2S80122308","EL0220B0162",2020-02-26 14:30:00,"0311","1000 - Non-Public, Review Status Unknown","02/26/2020 14:30","Dissolved Nitrate + Nitrite","NO3+NO2",NA,"0.28","0.05","mg/L as N","Std Method 4500-NO3-F (DWR Modified) [1]*","1 Feet","Water, Natural","Normal Sample","0",NA,NA,"N"
"67","E2S80122308","EL0220B0162",2020-02-26 14:30:00,"0311","1000 - Non-Public, Review Status Unknown","02/26/2020 14:30","Total Phosphorus","7723-14-0",NA,"0.151","0.01","mg/L as P","EPA 365.4 (DWR Modified) [1]*","1 Feet","Water, Natural","Normal Sample","0",NA,NA,"N"
"68","E2S80122308","EL0220B0162",2020-02-26 14:30:00,"0311","1000 - Non-Public, Review Status Unknown","02/26/2020 14:30","Total Kjeldahl Nitrogen","TKN",NA,"0.6","0.1","mg/L as N","EPA 351.2 (DWR Modified) [1]*","1 Feet","Water, Natural","Normal Sample","0",NA,NA,"N"
"69","E2S80122308","EL0220B0162",2020-02-26 14:30:00,"0311","1000 - Non-Public, Review Status Unknown","02/26/2020 14:30","Dissolved ortho-Phosphate","14265-44-2",NA,"0.088","0.05","mg/L as P","EPA 365.1 DWR Modified [1]*","1 Feet","Water, Natural","Normal Sample","0",NA,NA,"N"
"70","B980241515","EL0220B0112",2020-02-27 09:19:00,"0311","1000 - Non-Public, Review Status Unknown","02/27/2020 09:19","Dissolved Ammonia","7664-41-7","Y","<0.05","0.05","mg/L as N","EPA 350.1 (DWR Modified) [1]*","1 Feet","Water, Natural","Normal Sample","0",NA,NA,"N"
"71","B980241515","EL0220B0112",2020-02-27 09:19:00,"0311","1000 - Non-Public, Review Status Unknown","02/27/2020 09:19","Dissolved Ammonia","7664-41-7",NA,"<0.05","0.05","mg/L as N","EPA 350.1 (DWR Modified) [1]*","1 Feet","Water, Natural","Normal Sample","0",NA,NA,"N"
"72","B980241515","EL0220B0112",2020-02-27 09:19:00,"0311","1000 - Non-Public, Review Status Unknown","02/27/2020 09:19","Dissolved Nitrate + Nitrite","NO3+NO2",NA,"0.24","0.05","mg/L as N","Std Method 4500-NO3-F (DWR Modified) [1]*","1 Feet","Water, Natural","Normal Sample","0",NA,NA,"N"
"73","B980241515","EL0220B0112",2020-02-27 09:19:00,"0311","1000 - Non-Public, Review Status Unknown","02/27/2020 09:19","Dissolved Nitrate + Nitrite","NO3+NO2","Y","0.23","0.05","mg/L as N","Std Method 4500-NO3-F (DWR Modified) [1]*","1 Feet","Water, Natural","Normal Sample","0",NA,NA,"N"
"74","B980241515","EL0220B0112",2020-02-27 09:19:00,"0311","1000 - Non-Public, Review Status Unknown","02/27/2020 09:19","Total Phosphorus","7723-14-0",NA,"0.08","0.01","mg/L as P","EPA 365.4 (DWR Modified) [1]*","1 Feet","Water, Natural","Normal Sample","0",NA,NA,"N"
"75","B980241515","EL0220B0112",2020-02-27 09:19:00,"0311","1000 - Non-Public, Review Status Unknown","02/27/2020 09:19","Total Kjeldahl Nitrogen","TKN",NA,"0.4","0.1","mg/L as N","EPA 351.2 (DWR Modified) [1]*","1 Feet","Water, Natural","Normal Sample","0",NA,NA,"N"
"76","B980241515","EL0220B0112",2020-02-27 09:19:00,"0311","1000 - Non-Public, Review Status Unknown","02/27/2020 09:19","Dissolved ortho-Phosphate","14265-44-2","Y","0.056","0.05","mg/L as P","EPA 365.1 DWR Modified [1]*","1 Feet","Water, Natural","Normal Sample","0",NA,NA,"N"
"77","B980241515","EL0220B0112",2020-02-27 09:19:00,"0311","1000 - Non-Public, Review Status Unknown","02/27/2020 09:19","Dissolved ortho-Phosphate","14265-44-2",NA,"0.056","0.05","mg/L as P","EPA 365.1 DWR Modified [1]*","1 Feet","Water, Natural","Normal Sample","0",NA,NA,"N"
"78","B980241519","EL0220B0113",2020-02-27 09:40:00,"0311","1000 - Non-Public, Review Status Unknown","02/27/2020 09:40","Dissolved Nitrate + Nitrite","NO3+NO2",NA,"0.34","0.05","mg/L as N","Std Method 4500-NO3-F (DWR Modified) [1]*","1 Feet","Water, Natural","Normal Sample","0",NA,NA,"N"
"79","B980241519","EL0220B0113",2020-02-27 09:40:00,"0311","1000 - Non-Public, Review Status Unknown","02/27/2020 09:40","Total Phosphorus","7723-14-0",NA,"0.1","0.01","mg/L as P","EPA 365.4 (DWR Modified) [1]*","1 Feet","Water, Natural","Normal Sample","0",NA,NA,"N"
"80","B980241519","EL0220B0113",2020-02-27 09:40:00,"0311","1000 - Non-Public, Review Status Unknown","02/27/2020 09:40","Total Kjeldahl Nitrogen","TKN",NA,"0.5","0.1","mg/L as N","EPA 351.2 (DWR Modified) [1]*","1 Feet","Water, Natural","Normal Sample","0",NA,NA,"N"
"81","B980241519","EL0220B0113",2020-02-27 09:40:00,"0311","1000 - Non-Public, Review Status Unknown","02/27/2020 09:40","Dissolved ortho-Phosphate","14265-44-2",NA,"0.051","0.05","mg/L as P","EPA 365.1 DWR Modified [1]*","1 Feet","Water, Natural","Normal Sample","0",NA,NA,"N"
"82","B980251521","EL0220B0114",2020-02-27 09:53:00,"0311","1000 - Non-Public, Review Status Unknown","02/27/2020 09:53","Dissolved Nitrate + Nitrite","NO3+NO2",NA,"0.498","0.05","mg/L as N","Std Method 4500-NO3-F (DWR Modified) [1]*","1 Feet","Water, Natural","Normal Sample","0",NA,NA,"N"
"83","B980251521","EL0220B0114",2020-02-27 09:53:00,"0311","1000 - Non-Public, Review Status Unknown","02/27/2020 09:53","Total Phosphorus","7723-14-0",NA,"0.09","0.01","mg/L as P","EPA 365.4 (DWR Modified) [1]*","1 Feet","Water, Natural","Normal Sample","0",NA,NA,"N"
"84","B980251521","EL0220B0114",2020-02-27 09:53:00,"0311","1000 - Non-Public, Review Status Unknown","02/27/2020 09:53","Total Kjeldahl Nitrogen","TKN",NA,"0.434","0.1","mg/L as N","EPA 351.2 (DWR Modified) [1]*","1 Feet","Water, Natural","Normal Sample","0",NA,NA,"N"
"85","B980251521","EL0220B0114",2020-02-27 09:53:00,"0311","1000 - Non-Public, Review Status Unknown","02/27/2020 09:53","Dissolved ortho-Phosphate","14265-44-2",NA,"0.057","0.05","mg/L as P","EPA 365.1 DWR Modified [1]*","1 Feet","Water, Natural","Normal Sample","0",NA,NA,"N"
"86","B980241491","EL0220B0115",2020-02-27 10:16:00,"0311","1000 - Non-Public, Review Status Unknown","02/27/2020 10:16","Dissolved Nitrate + Nitrite","NO3+NO2",NA,"0.19","0.05","mg/L as N","Std Method 4500-NO3-F (DWR Modified) [1]*","1 Feet","Water, Natural","Normal Sample","0",NA,NA,"N"
"87","B980241491","EL0220B0115",2020-02-27 10:16:00,"0311","1000 - Non-Public, Review Status Unknown","02/27/2020 10:16","Total Phosphorus","7723-14-0",NA,"0.1","0.01","mg/L as P","EPA 365.4 (DWR Modified) [1]*","1 Feet","Water, Natural","Normal Sample","0",NA,NA,"N"
"88","B980241491","EL0220B0115",2020-02-27 10:16:00,"0311","1000 - Non-Public, Review Status Unknown","02/27/2020 10:16","Total Kjeldahl Nitrogen","TKN",NA,"0.5","0.1","mg/L as N","EPA 351.2 (DWR Modified) [1]*","1 Feet","Water, Natural","Normal Sample","0",NA,NA,"N"
"89","B980241491","EL0220B0115",2020-02-27 10:16:00,"0311","1000 - Non-Public, Review Status Unknown","02/27/2020 10:16","Dissolved ortho-Phosphate","14265-44-2",NA,"0.055","0.05","mg/L as P","EPA 365.1 DWR Modified [1]*","1 Feet","Water, Natural","Normal Sample","0",NA,NA,"N"
"90","B980261495","EL0220B0116",2020-02-27 10:25:00,"0311","1000 - Non-Public, Review Status Unknown","02/27/2020 10:25","Dissolved Nitrate + Nitrite","NO3+NO2",NA,"0.33","0.05","mg/L as N","Std Method 4500-NO3-F (DWR Modified) [1]*","1 Feet","Water, Natural","Normal Sample","0",NA,NA,"N"
"91","B980261495","EL0220B0116",2020-02-27 10:25:00,"0311","1000 - Non-Public, Review Status Unknown","02/27/2020 10:25","Total Phosphorus","7723-14-0",NA,"0.08","0.01","mg/L as P","EPA 365.4 (DWR Modified) [1]*","1 Feet","Water, Natural","Normal Sample","0",NA,NA,"N"
"92","B980261495","EL0220B0116",2020-02-27 10:25:00,"0311","1000 - Non-Public, Review Status Unknown","02/27/2020 10:25","Total Kjeldahl Nitrogen","TKN",NA,"0.4","0.1","mg/L as N","EPA 351.2 (DWR Modified) [1]*","1 Feet","Water, Natural","Normal Sample","0",NA,NA,"N"
"93","B980261495","EL0220B0116",2020-02-27 10:25:00,"0311","1000 - Non-Public, Review Status Unknown","02/27/2020 10:25","Dissolved ortho-Phosphate","14265-44-2",NA,"0.053","0.05","mg/L as P","EPA 365.1 DWR Modified [1]*","1 Feet","Water, Natural","Normal Sample","0",NA,NA,"N"
"94","B980251499","EL0220B0117",2020-02-27 10:34:00,"0311","1000 - Non-Public, Review Status Unknown","02/27/2020 10:34","Dissolved Nitrate + Nitrite","NO3+NO2",NA,"0.38","0.05","mg/L as N","Std Method 4500-NO3-F (DWR Modified) [1]*","1 Feet","Water, Natural","Normal Sample","0",NA,NA,"N"
"95","B980251499","EL0220B0117",2020-02-27 10:34:00,"0311","1000 - Non-Public, Review Status Unknown","02/27/2020 10:34","Total Phosphorus","7723-14-0",NA,"0.09","0.01","mg/L as P","EPA 365.4 (DWR Modified) [1]*","1 Feet","Water, Natural","Normal Sample","0",NA,NA,"N"
"96","B980251499","EL0220B0117",2020-02-27 10:34:00,"0311","1000 - Non-Public, Review Status Unknown","02/27/2020 10:34","Total Kjeldahl Nitrogen","TKN",NA,"0.4","0.1","mg/L as N","EPA 351.2 (DWR Modified) [1]*","1 Feet","Water, Natural","Normal Sample","0",NA,NA,"N"
"97","B980251499","EL0220B0117",2020-02-27 10:34:00,"0311","1000 - Non-Public, Review Status Unknown","02/27/2020 10:34","Dissolved ortho-Phosphate","14265-44-2",NA,"0.055","0.05","mg/L as P","EPA 365.1 DWR Modified [1]*","1 Feet","Water, Natural","Normal Sample","0",NA,NA,"N"
"98","E380481565","EL0220B0111",2020-02-27 11:36:00,"0311","1000 - Non-Public, Review Status Unknown","02/27/2020 11:36","Dissolved Ammonia","7664-41-7",NA,"0.07","0.05","mg/L as N","EPA 350.1 (DWR Modified) [1]*","1 Feet","Water, Natural","Normal Sample","0",NA,NA,"N"
"99","E380481565","EL0220B0111",2020-02-27 11:36:00,"0311","1000 - Non-Public, Review Status Unknown","02/27/2020 11:36","Dissolved Nitrate + Nitrite","NO3+NO2",NA,"0.496","0.05","mg/L as N","Std Method 4500-NO3-F (DWR Modified) [1]*","1 Feet","Water, Natural","Normal Sample","0",NA,NA,"N"
"100","E380481565","EL0220B0111",2020-02-27 11:36:00,"0311","1000 - Non-Public, Review Status Unknown","02/27/2020 11:36","Total Phosphorus","7723-14-0",NA,"0.1","0.01","mg/L as P","EPA 365.4 (DWR Modified) [1]*","1 Feet","Water, Natural","Normal Sample","0",NA,NA,"N"
"101","E380481565","EL0220B0111",2020-02-27 11:36:00,"0311","1000 - Non-Public, Review Status Unknown","02/27/2020 11:36","Total Kjeldahl Nitrogen","TKN",NA,"0.4","0.1","mg/L as N","EPA 351.2 (DWR Modified) [1]*","1 Feet","Water, Natural","Normal Sample","0",NA,NA,"N"
"102","E380481565","EL0220B0111",2020-02-27 11:36:00,"0311","1000 - Non-Public, Review Status Unknown","02/27/2020 11:36","Dissolved ortho-Phosphate","14265-44-2",NA,"<0.05","0.05","mg/L as P","EPA 365.1 DWR Modified [1]*","1 Feet","Water, Natural","Normal Sample","0",NA,NA,"N"
"103","E380481568","EL0220B0109",2020-02-27 11:57:00,"0311","1000 - Non-Public, Review Status Unknown","02/27/2020 11:57","Dissolved Nitrate + Nitrite","NO3+NO2",NA,"0.496","0.05","mg/L as N","Std Method 4500-NO3-F (DWR Modified) [1]*","1 Feet","Water, Natural","Normal Sample","0",NA,NA,"N"
"104","E380481568","EL0220B0109",2020-02-27 11:57:00,"0311","1000 - Non-Public, Review Status Unknown","02/27/2020 11:57","Total Phosphorus","7723-14-0",NA,"0.11","0.01","mg/L as P","EPA 365.4 (DWR Modified) [1]*","1 Feet","Water, Natural","Normal Sample","0",NA,NA,"N"
"105","E380481568","EL0220B0109",2020-02-27 11:57:00,"0311","1000 - Non-Public, Review Status Unknown","02/27/2020 11:57","Total Kjeldahl Nitrogen","TKN",NA,"0.5","0.1","mg/L as N","EPA 351.2 (DWR Modified) [1]*","1 Feet","Water, Natural","Normal Sample","0",NA,NA,"N"
"106","E380481568","EL0220B0109",2020-02-27 11:57:00,"0311","1000 - Non-Public, Review Status Unknown","02/27/2020 11:57","Dissolved ortho-Phosphate","14265-44-2",NA,"0.052","0.05","mg/L as P","EPA 365.1 DWR Modified [1]*","1 Feet","Water, Natural","Normal Sample","0",NA,NA,"N"
"107","E380471567","EL0220B0110",2020-02-27 12:04:00,"0311","1000 - Non-Public, Review Status Unknown","02/27/2020 12:04","Dissolved Nitrate + Nitrite","NO3+NO2",NA,"0.38","0.05","mg/L as N","Std Method 4500-NO3-F (DWR Modified) [1]*","1 Feet","Water, Natural","Normal Sample","0",NA,NA,"N"
"108","E380471567","EL0220B0110",2020-02-27 12:04:00,"0311","1000 - Non-Public, Review Status Unknown","02/27/2020 12:04","Total Phosphorus","7723-14-0",NA,"0.12","0.01","mg/L as P","EPA 365.4 (DWR Modified) [1]*","1 Feet","Water, Natural","Normal Sample","0",NA,NA,"N"
"109","E380471567","EL0220B0110",2020-02-27 12:04:00,"0311","1000 - Non-Public, Review Status Unknown","02/27/2020 12:04","Total Kjeldahl Nitrogen","TKN",NA,"0.4","0.1","mg/L as N","EPA 351.2 (DWR Modified) [1]*","1 Feet","Water, Natural","Normal Sample","0",NA,NA,"N"
"110","E380471567","EL0220B0110",2020-02-27 12:04:00,"0311","1000 - Non-Public, Review Status Unknown","02/27/2020 12:04","Dissolved ortho-Phosphate","14265-44-2",NA,"<0.05","0.05","mg/L as P","EPA 365.1 DWR Modified [1]*","1 Feet","Water, Natural","Normal Sample","0",NA,NA,"N"
"111","E380192066","EL0220B0106",2020-02-27 13:23:00,"0311","1000 - Non-Public, Review Status Unknown","02/27/2020 13:23","Dissolved Nitrate + Nitrite","NO3+NO2",NA,"1.5","0.05","mg/L as N","Std Method 4500-NO3-F (DWR Modified) [1]*","1 Feet","Water, Natural","Normal Sample","0",NA,NA,"N"
"112","E380192066","EL0220B0106",2020-02-27 13:23:00,"0311","1000 - Non-Public, Review Status Unknown","02/27/2020 13:23","Total Phosphorus","7723-14-0",NA,"0.14","0.01","mg/L as P","EPA 365.4 (DWR Modified) [1]*","1 Feet","Water, Natural","Normal Sample","0",NA,NA,"N"
"113","E380192066","EL0220B0106",2020-02-27 13:23:00,"0311","1000 - Non-Public, Review Status Unknown","02/27/2020 13:23","Total Kjeldahl Nitrogen","TKN",NA,"0.6","0.1","mg/L as N","EPA 351.2 (DWR Modified) [1]*","1 Feet","Water, Natural","Normal Sample","0",NA,NA,"N"
"114","E380192066","EL0220B0106",2020-02-27 13:23:00,"0311","1000 - Non-Public, Review Status Unknown","02/27/2020 13:23","Dissolved ortho-Phosphate","14265-44-2",NA,"0.074","0.05","mg/L as P","EPA 365.1 DWR Modified [1]*","1 Feet","Water, Natural","Normal Sample","0",NA,NA,"N"
"115","E380212066","EL0220B0107",2020-02-27 13:45:00,"0311","1000 - Non-Public, Review Status Unknown","02/27/2020 13:45","Dissolved Nitrate + Nitrite","NO3+NO2",NA,"0.6","0.05","mg/L as N","Std Method 4500-NO3-F (DWR Modified) [1]*","1 Feet","Water, Natural","Normal Sample","0",NA,NA,"N"
"116","E380212066","EL0220B0107",2020-02-27 13:45:00,"0311","1000 - Non-Public, Review Status Unknown","02/27/2020 13:45","Total Phosphorus","7723-14-0",NA,"0.12","0.01","mg/L as P","EPA 365.4 (DWR Modified) [1]*","1 Feet","Water, Natural","Normal Sample","0",NA,NA,"N"
"117","E380212066","EL0220B0107",2020-02-27 13:45:00,"0311","1000 - Non-Public, Review Status Unknown","02/27/2020 13:45","Total Kjeldahl Nitrogen","TKN",NA,"0.441","0.1","mg/L as N","EPA 351.2 (DWR Modified) [1]*","1 Feet","Water, Natural","Normal Sample","0",NA,NA,"N"
"118","E380212066","EL0220B0107",2020-02-27 13:45:00,"0311","1000 - Non-Public, Review Status Unknown","02/27/2020 13:45","Dissolved ortho-Phosphate","14265-44-2",NA,"0.071","0.05","mg/L as P","EPA 365.1 DWR Modified [1]*","1 Feet","Water, Natural","Normal Sample","0",NA,NA,"N"
"119","E380222067","EL0220B0108",2020-02-27 13:54:00,"0311","1000 - Non-Public, Review Status Unknown","02/27/2020 13:54","Dissolved Nitrate + Nitrite","NO3+NO2",NA,"0.53","0.05","mg/L as N","Std Method 4500-NO3-F (DWR Modified) [1]*","1 Feet","Water, Natural","Normal Sample","0",NA,NA,"N"
"120","E380222067","EL0220B0108",2020-02-27 13:54:00,"0311","1000 - Non-Public, Review Status Unknown","02/27/2020 13:54","Total Phosphorus","7723-14-0",NA,"0.114","0.01","mg/L as P","EPA 365.4 (DWR Modified) [1]*","1 Feet","Water, Natural","Normal Sample","0",NA,NA,"N"
"121","E380222067","EL0220B0108",2020-02-27 13:54:00,"0311","1000 - Non-Public, Review Status Unknown","02/27/2020 13:54","Total Kjeldahl Nitrogen","TKN",NA,"0.432","0.1","mg/L as N","EPA 351.2 (DWR Modified) [1]*","1 Feet","Water, Natural","Normal Sample","0",NA,NA,"N"
"122","E380222067","EL0220B0108",2020-02-27 13:54:00,"0311","1000 - Non-Public, Review Status Unknown","02/27/2020 13:54","Dissolved ortho-Phosphate","14265-44-2",NA,"0.068","0.05","mg/L as P","EPA 365.1 DWR Modified [1]*","1 Feet","Water, Natural","Normal Sample","0",NA,NA,"N"
"123","E2S800102301","EL0320B0222",2020-03-05 07:10:00,"0311","1000 - Non-Public, Review Status Unknown","03/05/2020 07:10","Dissolved Nitrate + Nitrite","NO3+NO2",NA,"0.36","0.05","mg/L as N","Std Method 4500-NO3-F (DWR Modified) [1]*","1 Feet","Water, Natural","Normal Sample","0",NA,NA,"N"
"124","E2S800102301","EL0320B0222",2020-03-05 07:10:00,"0311","1000 - Non-Public, Review Status Unknown","03/05/2020 07:10","Total Phosphorus","7723-14-0",NA,"0.124","0.01","mg/L as P","EPA 365.4 (DWR Modified) [1]*","1 Feet","Water, Natural","Normal Sample","0",NA,NA,"N"
"125","E2S800102301","EL0320B0222",2020-03-05 07:10:00,"0311","1000 - Non-Public, Review Status Unknown","03/05/2020 07:10","Total Kjeldahl Nitrogen","TKN",NA,"0.4","0.1","mg/L as N","EPA 351.2 (DWR Modified) [1]*","1 Feet","Water, Natural","Normal Sample","0",NA,NA,"N"
"126","E2S800102301","EL0320B0222",2020-03-05 07:10:00,"0311","1000 - Non-Public, Review Status Unknown","03/05/2020 07:10","Dissolved ortho-Phosphate","14265-44-2",NA,"0.091","0.05","mg/L as P","EPA 365.1 DWR Modified [1]*","1 Feet","Water, Natural","Normal Sample","0",NA,NA,"N"
"127","E2S80122308","EL0320B0223",2020-03-05 07:15:00,"0311","1000 - Non-Public, Review Status Unknown","03/05/2020 07:15","Dissolved Nitrate + Nitrite","NO3+NO2",NA,"0.36","0.05","mg/L as N","Std Method 4500-NO3-F (DWR Modified) [1]*","1 Feet","Water, Natural","Normal Sample","0",NA,NA,"N"
"128","E2S80122308","EL0320B0223",2020-03-05 07:15:00,"0311","1000 - Non-Public, Review Status Unknown","03/05/2020 07:15","Total Phosphorus","7723-14-0",NA,"0.111","0.01","mg/L as P","EPA 365.4 (DWR Modified) [1]*","1 Feet","Water, Natural","Normal Sample","0",NA,NA,"N"
"129","E2S80122308","EL0320B0223",2020-03-05 07:15:00,"0311","1000 - Non-Public, Review Status Unknown","03/05/2020 07:15","Total Kjeldahl Nitrogen","TKN",NA,"0.3","0.1","mg/L as N","EPA 351.2 (DWR Modified) [1]*","1 Feet","Water, Natural","Normal Sample","0",NA,NA,"N"
"130","E2S80122308","EL0320B0223",2020-03-05 07:15:00,"0311","1000 - Non-Public, Review Status Unknown","03/05/2020 07:15","Dissolved ortho-Phosphate","14265-44-2",NA,"0.087","0.05","mg/L as P","EPA 365.1 DWR Modified [1]*","1 Feet","Water, Natural","Normal Sample","0",NA,NA,"N"
"131","E381051546","EL0320B0206",2020-03-05 08:10:00,"0311","1000 - Non-Public, Review Status Unknown","03/05/2020 08:10","Dissolved Ammonia","7664-41-7",NA,"0.13","0.05","mg/L as N","EPA 350.1 (DWR Modified) [1]*","1 Feet","Water, Natural","Normal Sample","0",NA,NA,"N"
"132","E381051546","EL0320B0206",2020-03-05 08:10:00,"0311","1000 - Non-Public, Review Status Unknown","03/05/2020 08:10","Dissolved Nitrate + Nitrite","NO3+NO2",NA,"0.47","0.05","mg/L as N","Std Method 4500-NO3-F (DWR Modified) [1]*","1 Feet","Water, Natural","Normal Sample","0",NA,NA,"N"
"133","E381051546","EL0320B0206",2020-03-05 08:10:00,"0311","1000 - Non-Public, Review Status Unknown","03/05/2020 08:10","Total Phosphorus","7723-14-0",NA,"0.09","0.01","mg/L as P","EPA 365.4 (DWR Modified) [1]*","1 Feet","Water, Natural","Normal Sample","0",NA,NA,"N"
"134","E381051546","EL0320B0206",2020-03-05 08:10:00,"0311","1000 - Non-Public, Review Status Unknown","03/05/2020 08:10","Total Kjeldahl Nitrogen","TKN",NA,"0.5","0.1","mg/L as N","EPA 351.2 (DWR Modified) [1]*","1 Feet","Water, Natural","Normal Sample","0",NA,NA,"N"
"135","E381051546","EL0320B0206",2020-03-05 08:10:00,"0311","1000 - Non-Public, Review Status Unknown","03/05/2020 08:10","Dissolved ortho-Phosphate","14265-44-2",NA,"0.054","0.05","mg/L as P","EPA 365.1 DWR Modified [1]*","1 Feet","Water, Natural","Normal Sample","0",NA,NA,"N"
"136","E381061546","EL0320B0207",2020-03-05 08:28:00,"0311","1000 - Non-Public, Review Status Unknown","03/05/2020 08:28","Dissolved Ammonia","7664-41-7","Y","0.14","0.05","mg/L as N","EPA 350.1 (DWR Modified) [1]*","1 Feet","Water, Natural","Normal Sample","0",NA,NA,"N"
"137","E381061546","EL0320B0207",2020-03-05 08:28:00,"0311","1000 - Non-Public, Review Status Unknown","03/05/2020 08:28","Dissolved Ammonia","7664-41-7",NA,"0.14","0.05","mg/L as N","EPA 350.1 (DWR Modified) [1]*","1 Feet","Water, Natural","Normal Sample","0",NA,NA,"N"
"138","E381061546","EL0320B0207",2020-03-05 08:28:00,"0311","1000 - Non-Public, Review Status Unknown","03/05/2020 08:28","Dissolved Nitrate + Nitrite","NO3+NO2",NA,"0.47","0.05","mg/L as N","Std Method 4500-NO3-F (DWR Modified) [1]*","1 Feet","Water, Natural","Normal Sample","0",NA,NA,"N"
"139","E381061546","EL0320B0207",2020-03-05 08:28:00,"0311","1000 - Non-Public, Review Status Unknown","03/05/2020 08:28","Dissolved Nitrate + Nitrite","NO3+NO2","Y","0.47","0.05","mg/L as N","Std Method 4500-NO3-F (DWR Modified) [1]*","1 Feet","Water, Natural","Normal Sample","0",NA,NA,"N"
"140","E381061546","EL0320B0207",2020-03-05 08:28:00,"0311","1000 - Non-Public, Review Status Unknown","03/05/2020 08:28","Total Phosphorus","7723-14-0",NA,"0.09","0.01","mg/L as P","EPA 365.4 (DWR Modified) [1]*","1 Feet","Water, Natural","Normal Sample","0",NA,NA,"N"
"141","E381061546","EL0320B0207",2020-03-05 08:28:00,"0311","1000 - Non-Public, Review Status Unknown","03/05/2020 08:28","Total Kjeldahl Nitrogen","TKN",NA,"0.5","0.1","mg/L as N","EPA 351.2 (DWR Modified) [1]*","1 Feet","Water, Natural","Normal Sample","0",NA,NA,"N"
"142","E381061546","EL0320B0207",2020-03-05 08:28:00,"0311","1000 - Non-Public, Review Status Unknown","03/05/2020 08:28","Dissolved ortho-Phosphate","14265-44-2","Y","0.053","0.05","mg/L as P","EPA 365.1 DWR Modified [1]*","1 Feet","Water, Natural","Normal Sample","0",NA,NA,"N"
"143","E381061546","EL0320B0207",2020-03-05 08:28:00,"0311","1000 - Non-Public, Review Status Unknown","03/05/2020 08:28","Dissolved ortho-Phosphate","14265-44-2",NA,"0.054","0.05","mg/L as P","EPA 365.1 DWR Modified [1]*","1 Feet","Water, Natural","Normal Sample","0",NA,NA,"N"
"144","E381061548","EL0320B0208",2020-03-05 08:42:00,"0311","1000 - Non-Public, Review Status Unknown","03/05/2020 08:42","Dissolved Nitrate + Nitrite","NO3+NO2",NA,"0.48","0.05","mg/L as N","Std Method 4500-NO3-F (DWR Modified) [1]*","1 Feet","Water, Natural","Normal Sample","0",NA,NA,"N"
"145","E381061548","EL0320B0208",2020-03-05 08:42:00,"0311","1000 - Non-Public, Review Status Unknown","03/05/2020 08:42","Total Phosphorus","7723-14-0",NA,"0.08","0.01","mg/L as P","EPA 365.4 (DWR Modified) [1]*","1 Feet","Water, Natural","Normal Sample","0",NA,NA,"N"
"146","E381061548","EL0320B0208",2020-03-05 08:42:00,"0311","1000 - Non-Public, Review Status Unknown","03/05/2020 08:42","Total Kjeldahl Nitrogen","TKN",NA,"0.5","0.1","mg/L as N","EPA 351.2 (DWR Modified) [1]*","1 Feet","Water, Natural","Normal Sample","0",NA,NA,"N"
"147","E381061548","EL0320B0208",2020-03-05 08:42:00,"0311","1000 - Non-Public, Review Status Unknown","03/05/2020 08:42","Dissolved ortho-Phosphate","14265-44-2",NA,"0.055","0.05","mg/L as P","EPA 365.1 DWR Modified [1]*","1 Feet","Water, Natural","Normal Sample","0",NA,NA,"N"
"148","E381241554","EL0320B0209",2020-03-05 09:08:00,"0311","1000 - Non-Public, Review Status Unknown","03/05/2020 09:08","Dissolved Nitrate + Nitrite","NO3+NO2",NA,"0.55","0.05","mg/L as N","Std Method 4500-NO3-F (DWR Modified) [1]*","1 Feet","Water, Natural","Normal Sample","0",NA,NA,"N"
"149","E381241554","EL0320B0209",2020-03-05 09:08:00,"0311","1000 - Non-Public, Review Status Unknown","03/05/2020 09:08","Total Phosphorus","7723-14-0",NA,"0.112","0.01","mg/L as P","EPA 365.4 (DWR Modified) [1]*","1 Feet","Water, Natural","Normal Sample","0",NA,NA,"N"
"150","E381241554","EL0320B0209",2020-03-05 09:08:00,"0311","1000 - Non-Public, Review Status Unknown","03/05/2020 09:08","Total Kjeldahl Nitrogen","TKN",NA,"0.9","0.1","mg/L as N","EPA 351.2 (DWR Modified) [1]*","1 Feet","Water, Natural","Normal Sample","0",NA,NA,"N"
"151","E381241554","EL0320B0209",2020-03-05 09:08:00,"0311","1000 - Non-Public, Review Status Unknown","03/05/2020 09:08","Dissolved ortho-Phosphate","14265-44-2",NA,"<0.05","0.05","mg/L as P","EPA 365.1 DWR Modified [1]*","1 Feet","Water, Natural","Normal Sample","0",NA,NA,"N"
"152","E381201552","EL0320B0211",2020-03-05 09:25:00,"0311","1000 - Non-Public, Review Status Unknown","03/05/2020 09:25","Dissolved Nitrate + Nitrite","NO3+NO2",NA,"0.52","0.05","mg/L as N","Std Method 4500-NO3-F (DWR Modified) [1]*","1 Feet","Water, Natural","Normal Sample","0",NA,NA,"N"
"153","E381201552","EL0320B0211",2020-03-05 09:25:00,"0311","1000 - Non-Public, Review Status Unknown","03/05/2020 09:25","Total Phosphorus","7723-14-0",NA,"0.1","0.01","mg/L as P","EPA 365.4 (DWR Modified) [1]*","1 Feet","Water, Natural","Normal Sample","0",NA,NA,"N"
"154","E381201552","EL0320B0211",2020-03-05 09:25:00,"0311","1000 - Non-Public, Review Status Unknown","03/05/2020 09:25","Total Kjeldahl Nitrogen","TKN",NA,"0.7","0.1","mg/L as N","EPA 351.2 (DWR Modified) [1]*","1 Feet","Water, Natural","Normal Sample","0",NA,NA,"N"
"155","E381201552","EL0320B0211",2020-03-05 09:25:00,"0311","1000 - Non-Public, Review Status Unknown","03/05/2020 09:25","Dissolved ortho-Phosphate","14265-44-2",NA,"<0.05","0.05","mg/L as P","EPA 365.1 DWR Modified [1]*","1 Feet","Water, Natural","Normal Sample","0",NA,NA,"N"
"156","E380222067","EL0320B0196",2020-03-05 09:33:00,"0311","1000 - Non-Public, Review Status Unknown","03/05/2020 09:33","Dissolved Nitrate + Nitrite","NO3+NO2",NA,"0.49","0.05","mg/L as N","Std Method 4500-NO3-F (DWR Modified) [1]*","1 Feet","Water, Natural","Normal Sample","0",NA,NA,"N"
"157","E380222067","EL0320B0196",2020-03-05 09:33:00,"0311","1000 - Non-Public, Review Status Unknown","03/05/2020 09:33","Total Phosphorus","7723-14-0",NA,"0.08","0.01","mg/L as P","EPA 365.4 (DWR Modified) [1]*","1 Feet","Water, Natural","Normal Sample","0",NA,NA,"N"
"158","E380222067","EL0320B0196",2020-03-05 09:33:00,"0311","1000 - Non-Public, Review Status Unknown","03/05/2020 09:33","Total Kjeldahl Nitrogen","TKN",NA,"0.6","0.1","mg/L as N","EPA 351.2 (DWR Modified) [1]*","1 Feet","Water, Natural","Normal Sample","0",NA,NA,"N"
"159","E380222067","EL0320B0196",2020-03-05 09:33:00,"0311","1000 - Non-Public, Review Status Unknown","03/05/2020 09:33","Dissolved ortho-Phosphate","14265-44-2",NA,"0.072","0.05","mg/L as P","EPA 365.1 DWR Modified [1]*","1 Feet","Water, Natural","Normal Sample","0",NA,NA,"N"
"160","E380212066","EL0320B0195",2020-03-05 09:50:00,"0311","1000 - Non-Public, Review Status Unknown","03/05/2020 09:50","Dissolved Nitrate + Nitrite","NO3+NO2",NA,"0.48","0.05","mg/L as N","Std Method 4500-NO3-F (DWR Modified) [1]*","1 Feet","Water, Natural","Normal Sample","0",NA,NA,"N"
"161","E380212066","EL0320B0195",2020-03-05 09:50:00,"0311","1000 - Non-Public, Review Status Unknown","03/05/2020 09:50","Total Phosphorus","7723-14-0",NA,"0.08","0.01","mg/L as P","EPA 365.4 (DWR Modified) [1]*","1 Feet","Water, Natural","Normal Sample","0",NA,NA,"N"
"162","E380212066","EL0320B0195",2020-03-05 09:50:00,"0311","1000 - Non-Public, Review Status Unknown","03/05/2020 09:50","Total Kjeldahl Nitrogen","TKN",NA,"0.3","0.1","mg/L as N","EPA 351.2 (DWR Modified) [1]*","1 Feet","Water, Natural","Normal Sample","0",NA,NA,"N"
"163","E380212066","EL0320B0195",2020-03-05 09:50:00,"0311","1000 - Non-Public, Review Status Unknown","03/05/2020 09:50","Dissolved ortho-Phosphate","14265-44-2",NA,"0.071","0.05","mg/L as P","EPA 365.1 DWR Modified [1]*","1 Feet","Water, Natural","Normal Sample","0",NA,NA,"N"
"164","E381142005","EL0320B0214",2020-03-05 10:01:00,"0311","1000 - Non-Public, Review Status Unknown","03/05/2020 10:01","Dissolved Nitrate + Nitrite","NO3+NO2",NA,"0.49","0.05","mg/L as N","Std Method 4500-NO3-F (DWR Modified) [1]*","1 Feet","Water, Natural","Normal Sample","0",NA,NA,"N"
"165","E381142005","EL0320B0214",2020-03-05 10:01:00,"0311","1000 - Non-Public, Review Status Unknown","03/05/2020 10:01","Total Phosphorus","7723-14-0",NA,"0.1","0.01","mg/L as P","EPA 365.4 (DWR Modified) [1]*","1 Feet","Water, Natural","Normal Sample","0",NA,NA,"N"
"166","E381142005","EL0320B0214",2020-03-05 10:01:00,"0311","1000 - Non-Public, Review Status Unknown","03/05/2020 10:01","Total Kjeldahl Nitrogen","TKN",NA,"0.5","0.1","mg/L as N","EPA 351.2 (DWR Modified) [1]*","1 Feet","Water, Natural","Normal Sample","0",NA,NA,"N"
"167","E381142005","EL0320B0214",2020-03-05 10:01:00,"0311","1000 - Non-Public, Review Status Unknown","03/05/2020 10:01","Dissolved ortho-Phosphate","14265-44-2",NA,"0.055","0.05","mg/L as P","EPA 365.1 DWR Modified [1]*","1 Feet","Water, Natural","Normal Sample","0",NA,NA,"N"
"168","E380192066","EL0320B0194",2020-03-05 10:12:00,"0311","1000 - Non-Public, Review Status Unknown","03/05/2020 10:12","Dissolved Nitrate + Nitrite","NO3+NO2",NA,"0.49","0.05","mg/L as N","Std Method 4500-NO3-F (DWR Modified) [1]*","1 Feet","Water, Natural","Normal Sample","0",NA,NA,"N"
"169","E380192066","EL0320B0194",2020-03-05 10:12:00,"0311","1000 - Non-Public, Review Status Unknown","03/05/2020 10:12","Total Phosphorus","7723-14-0",NA,"0.09","0.01","mg/L as P","EPA 365.4 (DWR Modified) [1]*","1 Feet","Water, Natural","Normal Sample","0",NA,NA,"N"
"170","E380192066","EL0320B0194",2020-03-05 10:12:00,"0311","1000 - Non-Public, Review Status Unknown","03/05/2020 10:12","Total Kjeldahl Nitrogen","TKN",NA,"0.7","0.1","mg/L as N","EPA 351.2 (DWR Modified) [1]*","1 Feet","Water, Natural","Normal Sample","0",NA,NA,"N"
"171","E380192066","EL0320B0194",2020-03-05 10:12:00,"0311","1000 - Non-Public, Review Status Unknown","03/05/2020 10:12","Dissolved ortho-Phosphate","14265-44-2",NA,"0.075","0.05","mg/L as P","EPA 365.1 DWR Modified [1]*","1 Feet","Water, Natural","Normal Sample","0",NA,NA,"N"
"172","E381132007","EL0320B0215",2020-03-05 10:15:00,"0311","1000 - Non-Public, Review Status Unknown","03/05/2020 10:15","Dissolved Nitrate + Nitrite","NO3+NO2",NA,"0.497","0.05","mg/L as N","Std Method 4500-NO3-F (DWR Modified) [1]*","1 Feet","Water, Natural","Normal Sample","0",NA,NA,"N"
"173","E381132007","EL0320B0215",2020-03-05 10:15:00,"0311","1000 - Non-Public, Review Status Unknown","03/05/2020 10:15","Total Phosphorus","7723-14-0",NA,"0.104","0.01","mg/L as P","EPA 365.4 (DWR Modified) [1]*","1 Feet","Water, Natural","Normal Sample","0",NA,NA,"N"
"174","E381132007","EL0320B0215",2020-03-05 10:15:00,"0311","1000 - Non-Public, Review Status Unknown","03/05/2020 10:15","Total Kjeldahl Nitrogen","TKN",NA,"0.5","0.1","mg/L as N","EPA 351.2 (DWR Modified) [1]*","1 Feet","Water, Natural","Normal Sample","0",NA,NA,"N"
"175","E381132007","EL0320B0215",2020-03-05 10:15:00,"0311","1000 - Non-Public, Review Status Unknown","03/05/2020 10:15","Dissolved ortho-Phosphate","14265-44-2",NA,"0.052","0.05","mg/L as P","EPA 365.1 DWR Modified [1]*","1 Feet","Water, Natural","Normal Sample","0",NA,NA,"N"
"176","E381112008","EL0320B0216",2020-03-05 10:27:00,"0311","1000 - Non-Public, Review Status Unknown","03/05/2020 10:27","Dissolved Nitrate + Nitrite","NO3+NO2",NA,"0.49","0.05","mg/L as N","Std Method 4500-NO3-F (DWR Modified) [1]*","1 Feet","Water, Natural","Normal Sample","0",NA,NA,"N"
"177","E381112008","EL0320B0216",2020-03-05 10:27:00,"0311","1000 - Non-Public, Review Status Unknown","03/05/2020 10:27","Total Phosphorus","7723-14-0",NA,"0.09","0.01","mg/L as P","EPA 365.4 (DWR Modified) [1]*","1 Feet","Water, Natural","Normal Sample","0",NA,NA,"N"
"178","E381112008","EL0320B0216",2020-03-05 10:27:00,"0311","1000 - Non-Public, Review Status Unknown","03/05/2020 10:27","Total Kjeldahl Nitrogen","TKN",NA,"0.5","0.1","mg/L as N","EPA 351.2 (DWR Modified) [1]*","1 Feet","Water, Natural","Normal Sample","0",NA,NA,"N"
"179","E381112008","EL0320B0216",2020-03-05 10:27:00,"0311","1000 - Non-Public, Review Status Unknown","03/05/2020 10:27","Dissolved ortho-Phosphate","14265-44-2",NA,"0.055","0.05","mg/L as P","EPA 365.1 DWR Modified [1]*","1 Feet","Water, Natural","Normal Sample","0",NA,NA,"N"
"180","E380782056","EL0320B0217",2020-03-05 11:19:00,"0311","1000 - Non-Public, Review Status Unknown","03/05/2020 11:19","Dissolved Nitrate + Nitrite","NO3+NO2",NA,"0.52","0.05","mg/L as N","Std Method 4500-NO3-F (DWR Modified) [1]*","1 Feet","Water, Natural","Normal Sample","0",NA,NA,"N"
"181","E380782056","EL0320B0217",2020-03-05 11:19:00,"0311","1000 - Non-Public, Review Status Unknown","03/05/2020 11:19","Total Phosphorus","7723-14-0",NA,"0.07","0.01","mg/L as P","EPA 365.4 (DWR Modified) [1]*","1 Feet","Water, Natural","Normal Sample","0",NA,NA,"N"
"182","E380782056","EL0320B0217",2020-03-05 11:19:00,"0311","1000 - Non-Public, Review Status Unknown","03/05/2020 11:19","Total Kjeldahl Nitrogen","TKN",NA,"0.4","0.1","mg/L as N","EPA 351.2 (DWR Modified) [1]*","1 Feet","Water, Natural","Normal Sample","0",NA,NA,"N"
"183","E380782056","EL0320B0217",2020-03-05 11:19:00,"0311","1000 - Non-Public, Review Status Unknown","03/05/2020 11:19","Dissolved ortho-Phosphate","14265-44-2",NA,"0.061","0.05","mg/L as P","EPA 365.1 DWR Modified [1]*","1 Feet","Water, Natural","Normal Sample","0",NA,NA,"N"
"184","E380782055","EL0320B0218",2020-03-05 11:38:00,"0311","1000 - Non-Public, Review Status Unknown","03/05/2020 11:38","Dissolved Nitrate + Nitrite","NO3+NO2",NA,"0.52","0.05","mg/L as N","Std Method 4500-NO3-F (DWR Modified) [1]*","1 Feet","Water, Natural","Normal Sample","0",NA,NA,"N"
"185","E380782055","EL0320B0218",2020-03-05 11:38:00,"0311","1000 - Non-Public, Review Status Unknown","03/05/2020 11:38","Total Phosphorus","7723-14-0",NA,"0.109","0.01","mg/L as P","EPA 365.4 (DWR Modified) [1]*","1 Feet","Water, Natural","Normal Sample","0",NA,NA,"N"
"186","E380782055","EL0320B0218",2020-03-05 11:38:00,"0311","1000 - Non-Public, Review Status Unknown","03/05/2020 11:38","Total Kjeldahl Nitrogen","TKN",NA,"0.4","0.1","mg/L as N","EPA 351.2 (DWR Modified) [1]*","1 Feet","Water, Natural","Normal Sample","0",NA,NA,"N"
"187","E380782055","EL0320B0218",2020-03-05 11:38:00,"0311","1000 - Non-Public, Review Status Unknown","03/05/2020 11:38","Dissolved ortho-Phosphate","14265-44-2",NA,"0.092","0.05","mg/L as P","EPA 365.1 DWR Modified [1]*","1 Feet","Water, Natural","Normal Sample","0",NA,NA,"N"
"188","E380481565","EL0320B0199",2020-03-05 11:41:00,"0311","1000 - Non-Public, Review Status Unknown","03/05/2020 11:41","Dissolved Nitrate + Nitrite","NO3+NO2",NA,"0.52","0.05","mg/L as N","Std Method 4500-NO3-F (DWR Modified) [1]*","1 Feet","Water, Natural","Normal Sample","0",NA,NA,"N"
"189","E380481565","EL0320B0199",2020-03-05 11:41:00,"0311","1000 - Non-Public, Review Status Unknown","03/05/2020 11:41","Total Phosphorus","7723-14-0",NA,"0.09","0.01","mg/L as P","EPA 365.4 (DWR Modified) [1]*","1 Feet","Water, Natural","Normal Sample","0",NA,NA,"N"
"190","E380481565","EL0320B0199",2020-03-05 11:41:00,"0311","1000 - Non-Public, Review Status Unknown","03/05/2020 11:41","Total Kjeldahl Nitrogen","TKN",NA,"0.3","0.1","mg/L as N","EPA 351.2 (DWR Modified) [1]*","1 Feet","Water, Natural","Normal Sample","0",NA,NA,"N"
"191","E380481565","EL0320B0199",2020-03-05 11:41:00,"0311","1000 - Non-Public, Review Status Unknown","03/05/2020 11:41","Dissolved ortho-Phosphate","14265-44-2",NA,"0.069","0.05","mg/L as P","EPA 365.1 DWR Modified [1]*","1 Feet","Water, Natural","Normal Sample","0",NA,NA,"N"
"192","E380481568","EL0320B0197",2020-03-05 11:41:00,"0311","1000 - Non-Public, Review Status Unknown","03/05/2020 11:41","Dissolved Nitrate + Nitrite","NO3+NO2",NA,"0.51","0.05","mg/L as N","Std Method 4500-NO3-F (DWR Modified) [1]*","1 Feet","Water, Natural","Normal Sample","0",NA,NA,"N"
"193","E380481568","EL0320B0197",2020-03-05 11:41:00,"0311","1000 - Non-Public, Review Status Unknown","03/05/2020 11:41","Total Phosphorus","7723-14-0",NA,"0.09","0.01","mg/L as P","EPA 365.4 (DWR Modified) [1]*","1 Feet","Water, Natural","Normal Sample","0",NA,NA,"N"
"194","E380481568","EL0320B0197",2020-03-05 11:41:00,"0311","1000 - Non-Public, Review Status Unknown","03/05/2020 11:41","Total Kjeldahl Nitrogen","TKN",NA,"0.4","0.1","mg/L as N","EPA 351.2 (DWR Modified) [1]*","1 Feet","Water, Natural","Normal Sample","0",NA,NA,"N"
"195","E380481568","EL0320B0197",2020-03-05 11:41:00,"0311","1000 - Non-Public, Review Status Unknown","03/05/2020 11:41","Dissolved ortho-Phosphate","14265-44-2",NA,"0.068","0.05","mg/L as P","EPA 365.1 DWR Modified [1]*","1 Feet","Water, Natural","Normal Sample","0",NA,NA,"N"
"196","E3807102052","EL0320B0219",2020-03-05 11:53:00,"0311","1000 - Non-Public, Review Status Unknown","03/05/2020 11:53","Dissolved Nitrate + Nitrite","NO3+NO2",NA,"0.52","0.05","mg/L as N","Std Method 4500-NO3-F (DWR Modified) [1]*","1 Feet","Water, Natural","Normal Sample","0",NA,NA,"N"
"197","E3807102052","EL0320B0219",2020-03-05 11:53:00,"0311","1000 - Non-Public, Review Status Unknown","03/05/2020 11:53","Total Phosphorus","7723-14-0",NA,"0.09","0.01","mg/L as P","EPA 365.4 (DWR Modified) [1]*","1 Feet","Water, Natural","Normal Sample","0",NA,NA,"N"
"198","E3807102052","EL0320B0219",2020-03-05 11:53:00,"0311","1000 - Non-Public, Review Status Unknown","03/05/2020 11:53","Total Kjeldahl Nitrogen","TKN",NA,"0.4","0.1","mg/L as N","EPA 351.2 (DWR Modified) [1]*","1 Feet","Water, Natural","Normal Sample","0",NA,NA,"N"
"199","E3807102052","EL0320B0219",2020-03-05 11:53:00,"0311","1000 - Non-Public, Review Status Unknown","03/05/2020 11:53","Dissolved ortho-Phosphate","14265-44-2",NA,"0.063","0.05","mg/L as P","EPA 365.1 DWR Modified [1]*","1 Feet","Water, Natural","Normal Sample","0",NA,NA,"N"
"200","E380471567","EL0320B0198",2020-03-05 11:59:00,"0311","1000 - Non-Public, Review Status Unknown","03/05/2020 11:59","Dissolved Nitrate + Nitrite","NO3+NO2",NA,"0.51","0.05","mg/L as N","Std Method 4500-NO3-F (DWR Modified) [1]*","1 Feet","Water, Natural","Normal Sample","0",NA,NA,"N"
"201","E380471567","EL0320B0198",2020-03-05 11:59:00,"0311","1000 - Non-Public, Review Status Unknown","03/05/2020 11:59","Total Phosphorus","7723-14-0",NA,"0.09","0.01","mg/L as P","EPA 365.4 (DWR Modified) [1]*","1 Feet","Water, Natural","Normal Sample","0",NA,NA,"N"
"202","E380471567","EL0320B0198",2020-03-05 11:59:00,"0311","1000 - Non-Public, Review Status Unknown","03/05/2020 11:59","Total Kjeldahl Nitrogen","TKN",NA,"0.3","0.1","mg/L as N","EPA 351.2 (DWR Modified) [1]*","1 Feet","Water, Natural","Normal Sample","0",NA,NA,"N"
"203","E380471567","EL0320B0198",2020-03-05 11:59:00,"0311","1000 - Non-Public, Review Status Unknown","03/05/2020 11:59","Dissolved ortho-Phosphate","14265-44-2",NA,"0.072","0.05","mg/L as P","EPA 365.1 DWR Modified [1]*","1 Feet","Water, Natural","Normal Sample","0",NA,NA,"N"
"204","B980251521","EL0320B0202",2020-03-05 13:01:00,"0311","1000 - Non-Public, Review Status Unknown","03/05/2020 13:01","Dissolved Nitrate + Nitrite","NO3+NO2",NA,"0.51","0.05","mg/L as N","Std Method 4500-NO3-F (DWR Modified) [1]*","1 Feet","Water, Natural","Normal Sample","0",NA,NA,"N"
"205","B980251521","EL0320B0202",2020-03-05 13:01:00,"0311","1000 - Non-Public, Review Status Unknown","03/05/2020 13:01","Total Phosphorus","7723-14-0",NA,"0.09","0.01","mg/L as P","EPA 365.4 (DWR Modified) [1]*","1 Feet","Water, Natural","Normal Sample","0",NA,NA,"N"
"206","B980251521","EL0320B0202",2020-03-05 13:01:00,"0311","1000 - Non-Public, Review Status Unknown","03/05/2020 13:01","Total Kjeldahl Nitrogen","TKN",NA,"0.4","0.1","mg/L as N","EPA 351.2 (DWR Modified) [1]*","1 Feet","Water, Natural","Normal Sample","0",NA,NA,"N"
"207","B980251521","EL0320B0202",2020-03-05 13:01:00,"0311","1000 - Non-Public, Review Status Unknown","03/05/2020 13:01","Dissolved ortho-Phosphate","14265-44-2",NA,"0.064","0.05","mg/L as P","EPA 365.1 DWR Modified [1]*","1 Feet","Water, Natural","Normal Sample","0",NA,NA,"N"
"208","B980241519","EL0320B0201",2020-03-05 13:23:00,"0311","1000 - Non-Public, Review Status Unknown","03/05/2020 13:23","Dissolved Nitrate + Nitrite","NO3+NO2",NA,"0.433","0.05","mg/L as N","Std Method 4500-NO3-F (DWR Modified) [1]*","1 Feet","Water, Natural","Normal Sample","0",NA,NA,"N"
"209","B980241519","EL0320B0201",2020-03-05 13:23:00,"0311","1000 - Non-Public, Review Status Unknown","03/05/2020 13:23","Total Phosphorus","7723-14-0",NA,"0.09","0.01","mg/L as P","EPA 365.4 (DWR Modified) [1]*","1 Feet","Water, Natural","Normal Sample","0",NA,NA,"N"
"210","B980241519","EL0320B0201",2020-03-05 13:23:00,"0311","1000 - Non-Public, Review Status Unknown","03/05/2020 13:23","Total Kjeldahl Nitrogen","TKN",NA,"0.4","0.1","mg/L as N","EPA 351.2 (DWR Modified) [1]*","1 Feet","Water, Natural","Normal Sample","0",NA,NA,"N"
"211","B980241519","EL0320B0201",2020-03-05 13:23:00,"0311","1000 - Non-Public, Review Status Unknown","03/05/2020 13:23","Dissolved ortho-Phosphate","14265-44-2",NA,"0.06","0.05","mg/L as P","EPA 365.1 DWR Modified [1]*","1 Feet","Water, Natural","Normal Sample","0",NA,NA,"N"
"212","B980241515","EL0320B0200",2020-03-05 13:45:00,"0311","1000 - Non-Public, Review Status Unknown","03/05/2020 13:45","Dissolved Nitrate + Nitrite","NO3+NO2",NA,"0.26","0.05","mg/L as N","Std Method 4500-NO3-F (DWR Modified) [1]*","1 Feet","Water, Natural","Normal Sample","0",NA,NA,"N"
"213","B980241515","EL0320B0200",2020-03-05 13:45:00,"0311","1000 - Non-Public, Review Status Unknown","03/05/2020 13:45","Total Phosphorus","7723-14-0",NA,"0.07","0.01","mg/L as P","EPA 365.4 (DWR Modified) [1]*","1 Feet","Water, Natural","Normal Sample","0",NA,NA,"N"
"214","B980241515","EL0320B0200",2020-03-05 13:45:00,"0311","1000 - Non-Public, Review Status Unknown","03/05/2020 13:45","Total Kjeldahl Nitrogen","TKN",NA,"0.4","0.1","mg/L as N","EPA 351.2 (DWR Modified) [1]*","1 Feet","Water, Natural","Normal Sample","0",NA,NA,"N"
"215","B980241515","EL0320B0200",2020-03-05 13:45:00,"0311","1000 - Non-Public, Review Status Unknown","03/05/2020 13:45","Dissolved ortho-Phosphate","14265-44-2",NA,"0.056","0.05","mg/L as P","EPA 365.1 DWR Modified [1]*","1 Feet","Water, Natural","Normal Sample","0",NA,NA,"N"
"216","B980241491","EL0320B0203",2020-03-05 14:51:00,"0311","1000 - Non-Public, Review Status Unknown","03/05/2020 14:51","Dissolved Nitrate + Nitrite","NO3+NO2",NA,"0.36","0.05","mg/L as N","Std Method 4500-NO3-F (DWR Modified) [1]*","1 Feet","Water, Natural","Normal Sample","0",NA,NA,"N"
"217","B980241491","EL0320B0203",2020-03-05 14:51:00,"0311","1000 - Non-Public, Review Status Unknown","03/05/2020 14:51","Total Phosphorus","7723-14-0",NA,"0.08","0.01","mg/L as P","EPA 365.4 (DWR Modified) [1]*","1 Feet","Water, Natural","Normal Sample","0",NA,NA,"N"
"218","B980241491","EL0320B0203",2020-03-05 14:51:00,"0311","1000 - Non-Public, Review Status Unknown","03/05/2020 14:51","Total Kjeldahl Nitrogen","TKN",NA,"0.4","0.1","mg/L as N","EPA 351.2 (DWR Modified) [1]*","1 Feet","Water, Natural","Normal Sample","0",NA,NA,"N"
"219","B980241491","EL0320B0203",2020-03-05 14:51:00,"0311","1000 - Non-Public, Review Status Unknown","03/05/2020 14:51","Dissolved ortho-Phosphate","14265-44-2",NA,"0.068","0.05","mg/L as P","EPA 365.1 DWR Modified [1]*","1 Feet","Water, Natural","Normal Sample","0",NA,NA,"N"
"220","B980261495","EL0320B0204",2020-03-05 15:13:00,"0311","1000 - Non-Public, Review Status Unknown","03/05/2020 15:13","Dissolved Nitrate + Nitrite","NO3+NO2",NA,"0.39","0.05","mg/L as N","Std Method 4500-NO3-F (DWR Modified) [1]*","1 Feet","Water, Natural","Normal Sample","0",NA,NA,"N"
"221","B980261495","EL0320B0204",2020-03-05 15:13:00,"0311","1000 - Non-Public, Review Status Unknown","03/05/2020 15:13","Total Phosphorus","7723-14-0",NA,"0.08","0.01","mg/L as P","EPA 365.4 (DWR Modified) [1]*","1 Feet","Water, Natural","Normal Sample","0",NA,NA,"N"
"222","B980261495","EL0320B0204",2020-03-05 15:13:00,"0311","1000 - Non-Public, Review Status Unknown","03/05/2020 15:13","Total Kjeldahl Nitrogen","TKN",NA,"0.4","0.1","mg/L as N","EPA 351.2 (DWR Modified) [1]*","1 Feet","Water, Natural","Normal Sample","0",NA,NA,"N"
"223","B980261495","EL0320B0204",2020-03-05 15:13:00,"0311","1000 - Non-Public, Review Status Unknown","03/05/2020 15:13","Dissolved ortho-Phosphate","14265-44-2",NA,"0.064","0.05","mg/L as P","EPA 365.1 DWR Modified [1]*","1 Feet","Water, Natural","Normal Sample","0",NA,NA,"N"
"224","B980251499","EL0320B0205",2020-03-05 15:32:00,"0311","1000 - Non-Public, Review Status Unknown","03/05/2020 15:32","Dissolved Nitrate + Nitrite","NO3+NO2",NA,"0.39","0.05","mg/L as N","Std Method 4500-NO3-F (DWR Modified) [1]*","1 Feet","Water, Natural","Normal Sample","0",NA,NA,"N"
"225","B980251499","EL0320B0205",2020-03-05 15:32:00,"0311","1000 - Non-Public, Review Status Unknown","03/05/2020 15:32","Total Phosphorus","7723-14-0",NA,"0.07","0.01","mg/L as P","EPA 365.4 (DWR Modified) [1]*","1 Feet","Water, Natural","Normal Sample","0",NA,NA,"N"
"226","B980251499","EL0320B0205",2020-03-05 15:32:00,"0311","1000 - Non-Public, Review Status Unknown","03/05/2020 15:32","Total Kjeldahl Nitrogen","TKN",NA,"0.376","0.1","mg/L as N","EPA 351.2 (DWR Modified) [1]*","1 Feet","Water, Natural","Normal Sample","0",NA,NA,"N"
"227","B980251499","EL0320B0205",2020-03-05 15:32:00,"0311","1000 - Non-Public, Review Status Unknown","03/05/2020 15:32","Dissolved ortho-Phosphate","14265-44-2",NA,"0.064","0.05","mg/L as P","EPA 365.1 DWR Modified [1]*","1 Feet","Water, Natural","Normal Sample","0",NA,NA,"N"
"228","E2S800102306","EL0320B0221",2020-03-06 07:00:00,"0311","1000 - Non-Public, Review Status Unknown","03/06/2020 07:00","Dissolved Nitrate + Nitrite","NO3+NO2",NA,"0.36","0.05","mg/L as N","Std Method 4500-NO3-F (DWR Modified) [1]*","1 Feet","Water, Natural","Normal Sample","0",NA,NA,"N"
"229","E2S800102306","EL0320B0221",2020-03-06 07:00:00,"0311","1000 - Non-Public, Review Status Unknown","03/06/2020 07:00","Total Phosphorus","7723-14-0",NA,"0.14","0.01","mg/L as P","EPA 365.4 (DWR Modified) [1]*","1 Feet","Water, Natural","Normal Sample","0",NA,NA,"N"
"230","E2S800102306","EL0320B0221",2020-03-06 07:00:00,"0311","1000 - Non-Public, Review Status Unknown","03/06/2020 07:00","Total Kjeldahl Nitrogen","TKN",NA,"0.4","0.1","mg/L as N","EPA 351.2 (DWR Modified) [1]*","1 Feet","Water, Natural","Normal Sample","0",NA,NA,"N"
"231","E2S800102306","EL0320B0221",2020-03-06 07:00:00,"0311","1000 - Non-Public, Review Status Unknown","03/06/2020 07:00","Dissolved ortho-Phosphate","14265-44-2",NA,"0.092","0.05","mg/L as P","EPA 365.1 DWR Modified [1]*","1 Feet","Water, Natural","Normal Sample","0",NA,NA,"N"
"232","E380751331","EL0320B0212",2020-03-06 11:00:00,"0311","1000 - Non-Public, Review Status Unknown","03/06/2020 11:00","Dissolved Nitrate + Nitrite","NO3+NO2",NA,"0.624","0.05","mg/L as N","Std Method 4500-NO3-F (DWR Modified) [1]*","1 Feet","Water, Natural","Normal Sample","0",NA,NA,"N"
"233","E380751331","EL0320B0212",2020-03-06 11:00:00,"0311","1000 - Non-Public, Review Status Unknown","03/06/2020 11:00","Total Phosphorus","7723-14-0",NA,"0.124","0.01","mg/L as P","EPA 365.4 (DWR Modified) [1]*","1 Feet","Water, Natural","Normal Sample","0",NA,NA,"N"
"234","E380751331","EL0320B0212",2020-03-06 11:00:00,"0311","1000 - Non-Public, Review Status Unknown","03/06/2020 11:00","Total Kjeldahl Nitrogen","TKN",NA,"1.3","0.1","mg/L as N","EPA 351.2 (DWR Modified) [1]*","1 Feet","Water, Natural","Normal Sample","0",NA,NA,"N"
"235","E380751331","EL0320B0212",2020-03-06 11:00:00,"0311","1000 - Non-Public, Review Status Unknown","03/06/2020 11:00","Dissolved ortho-Phosphate","14265-44-2",NA,"<0.05","0.05","mg/L as P","EPA 365.1 DWR Modified [1]*","1 Feet","Water, Natural","Normal Sample","0",NA,NA,"N"
"236","E480751332","EL0320B0213",2020-03-06 11:30:00,"0311","1000 - Non-Public, Review Status Unknown","03/06/2020 11:30","Dissolved Nitrate + Nitrite","NO3+NO2",NA,"0.56","0.05","mg/L as N","Std Method 4500-NO3-F (DWR Modified) [1]*","1 Feet","Water, Natural","Normal Sample","0",NA,NA,"N"
"237","E480751332","EL0320B0213",2020-03-06 11:30:00,"0311","1000 - Non-Public, Review Status Unknown","03/06/2020 11:30","Total Phosphorus","7723-14-0",NA,"0.111","0.01","mg/L as P","EPA 365.4 (DWR Modified) [1]*","1 Feet","Water, Natural","Normal Sample","0",NA,NA,"N"
"238","E480751332","EL0320B0213",2020-03-06 11:30:00,"0311","1000 - Non-Public, Review Status Unknown","03/06/2020 11:30","Total Kjeldahl Nitrogen","TKN",NA,"0.9","0.1","mg/L as N","EPA 351.2 (DWR Modified) [1]*","1 Feet","Water, Natural","Normal Sample","0",NA,NA,"N"
"239","E480751332","EL0320B0213",2020-03-06 11:30:00,"0311","1000 - Non-Public, Review Status Unknown","03/06/2020 11:30","Dissolved ortho-Phosphate","14265-44-2",NA,"<0.05","0.05","mg/L as P","EPA 365.1 DWR Modified [1]*","1 Feet","Water, Natural","Normal Sample","0",NA,NA,"N"
"240","B980251499","EL0320B0235",2020-03-10 09:23:00,"0311","1000 - Non-Public, Review Status Unknown","03/10/2020 09:23","Dissolved Nitrate + Nitrite","NO3+NO2",NA,"0.34","0.05","mg/L as N","Std Method 4500-NO3-F (DWR Modified) [1]*","1 Feet","Water, Natural","Normal Sample","0",NA,NA,"N"
"241","B980251499","EL0320B0235",2020-03-10 09:23:00,"0311","1000 - Non-Public, Review Status Unknown","03/10/2020 09:23","Total Phosphorus","7723-14-0",NA,"0.08","0.01","mg/L as P","EPA 365.4 (DWR Modified) [1]*","1 Feet","Water, Natural","Normal Sample","0",NA,NA,"N"
"242","B980251499","EL0320B0235",2020-03-10 09:23:00,"0311","1000 - Non-Public, Review Status Unknown","03/10/2020 09:23","Total Kjeldahl Nitrogen","TKN",NA,"0.4","0.1","mg/L as N","EPA 351.2 (DWR Modified) [1]*","1 Feet","Water, Natural","Normal Sample","0",NA,NA,"N"
"243","B980251499","EL0320B0235",2020-03-10 09:23:00,"0311","1000 - Non-Public, Review Status Unknown","03/10/2020 09:23","Dissolved ortho-Phosphate","14265-44-2",NA,"0.06","0.05","mg/L as P","EPA 365.1 DWR Modified [1]*","1 Feet","Water, Natural","Normal Sample","0",NA,NA,"N"
"244","B980261495","EL0320B0234",2020-03-10 10:11:00,"0311","1000 - Non-Public, Review Status Unknown","03/10/2020 10:11","Dissolved Ammonia","7664-41-7","Y","<0.05","0.05","mg/L as N","EPA 350.1 (DWR Modified) [1]*","1 Feet","Water, Natural","Normal Sample","0",NA,NA,"N"
"245","B980261495","EL0320B0234",2020-03-10 10:11:00,"0311","1000 - Non-Public, Review Status Unknown","03/10/2020 10:11","Dissolved Ammonia","7664-41-7",NA,"<0.05","0.05","mg/L as N","EPA 350.1 (DWR Modified) [1]*","1 Feet","Water, Natural","Normal Sample","0",NA,NA,"N"
"246","B980261495","EL0320B0234",2020-03-10 10:11:00,"0311","1000 - Non-Public, Review Status Unknown","03/10/2020 10:11","Dissolved Nitrate + Nitrite","NO3+NO2","Y","0.29","0.05","mg/L as N","Std Method 4500-NO3-F (DWR Modified) [1]*","1 Feet","Water, Natural","Normal Sample","0",NA,NA,"N"
"247","B980261495","EL0320B0234",2020-03-10 10:11:00,"0311","1000 - Non-Public, Review Status Unknown","03/10/2020 10:11","Dissolved Nitrate + Nitrite","NO3+NO2",NA,"0.29","0.05","mg/L as N","Std Method 4500-NO3-F (DWR Modified) [1]*","1 Feet","Water, Natural","Normal Sample","0",NA,NA,"N"
"248","B980261495","EL0320B0234",2020-03-10 10:11:00,"0311","1000 - Non-Public, Review Status Unknown","03/10/2020 10:11","Total Phosphorus","7723-14-0",NA,"0.07","0.01","mg/L as P","EPA 365.4 (DWR Modified) [1]*","1 Feet","Water, Natural","Normal Sample","0",NA,NA,"N"
"249","B980261495","EL0320B0234",2020-03-10 10:11:00,"0311","1000 - Non-Public, Review Status Unknown","03/10/2020 10:11","Total Kjeldahl Nitrogen","TKN",NA,"0.4","0.1","mg/L as N","EPA 351.2 (DWR Modified) [1]*","1 Feet","Water, Natural","Normal Sample","0",NA,NA,"N"
"250","B980261495","EL0320B0234",2020-03-10 10:11:00,"0311","1000 - Non-Public, Review Status Unknown","03/10/2020 10:11","Dissolved ortho-Phosphate","14265-44-2",NA,"0.062","0.05","mg/L as P","EPA 365.1 DWR Modified [1]*","1 Feet","Water, Natural","Normal Sample","0",NA,NA,"N"
"251","B980261495","EL0320B0234",2020-03-10 10:11:00,"0311","1000 - Non-Public, Review Status Unknown","03/10/2020 10:11","Dissolved ortho-Phosphate","14265-44-2","Y","0.061","0.05","mg/L as P","EPA 365.1 DWR Modified [1]*","1 Feet","Water, Natural","Normal Sample","0",NA,NA,"N"
"252","E380782056","EL0320B0247",2020-03-10 10:30:00,"0311","1000 - Non-Public, Review Status Unknown","03/10/2020 10:30","Dissolved Nitrate + Nitrite","NO3+NO2",NA,"0.55","0.05","mg/L as N","Std Method 4500-NO3-F (DWR Modified) [1]*","1 Feet","Water, Natural","Normal Sample","0",NA,NA,"N"
"253","E380782056","EL0320B0247",2020-03-10 10:30:00,"0311","1000 - Non-Public, Review Status Unknown","03/10/2020 10:30","Total Phosphorus","7723-14-0",NA,"0.155","0.01","mg/L as P","EPA 365.4 (DWR Modified) [1]*","1 Feet","Water, Natural","Normal Sample","0",NA,NA,"N"
"254","E380782056","EL0320B0247",2020-03-10 10:30:00,"0311","1000 - Non-Public, Review Status Unknown","03/10/2020 10:30","Total Kjeldahl Nitrogen","TKN",NA,"1.3","0.1","mg/L as N","EPA 351.2 (DWR Modified) [1]*","1 Feet","Water, Natural","Normal Sample","0",NA,NA,"N"
"255","E380782056","EL0320B0247",2020-03-10 10:30:00,"0311","1000 - Non-Public, Review Status Unknown","03/10/2020 10:30","Dissolved ortho-Phosphate","14265-44-2",NA,"<0.05","0.05","mg/L as P","EPA 365.1 DWR Modified [1]*","1 Feet","Water, Natural","Normal Sample","0",NA,NA,"N"
"256","B980241491","EL0320B0233",2020-03-10 11:08:00,"0311","1000 - Non-Public, Review Status Unknown","03/10/2020 11:08","Dissolved Ammonia","7664-41-7",NA,"<0.05","0.05","mg/L as N","EPA 350.1 (DWR Modified) [1]*","1 Feet","Water, Natural","Normal Sample","0",NA,NA,"N"
"257","B980241491","EL0320B0233",2020-03-10 11:08:00,"0311","1000 - Non-Public, Review Status Unknown","03/10/2020 11:08","Dissolved Nitrate + Nitrite","NO3+NO2",NA,"0.2","0.05","mg/L as N","Std Method 4500-NO3-F (DWR Modified) [1]*","1 Feet","Water, Natural","Normal Sample","0",NA,NA,"N"
"258","B980241491","EL0320B0233",2020-03-10 11:08:00,"0311","1000 - Non-Public, Review Status Unknown","03/10/2020 11:08","Total Phosphorus","7723-14-0",NA,"0.09","0.01","mg/L as P","EPA 365.4 (DWR Modified) [1]*","1 Feet","Water, Natural","Normal Sample","0",NA,NA,"N"
"259","B980241491","EL0320B0233",2020-03-10 11:08:00,"0311","1000 - Non-Public, Review Status Unknown","03/10/2020 11:08","Total Kjeldahl Nitrogen","TKN",NA,"0.4","0.1","mg/L as N","EPA 351.2 (DWR Modified) [1]*","1 Feet","Water, Natural","Normal Sample","0",NA,NA,"N"
"260","B980241491","EL0320B0233",2020-03-10 11:08:00,"0311","1000 - Non-Public, Review Status Unknown","03/10/2020 11:08","Dissolved ortho-Phosphate","14265-44-2",NA,"0.068","0.05","mg/L as P","EPA 365.1 DWR Modified [1]*","1 Feet","Water, Natural","Normal Sample","0",NA,NA,"N"
"261","E380782055","EL0320B0248",2020-03-10 12:00:00,"0311","1000 - Non-Public, Review Status Unknown","03/10/2020 12:00","Dissolved Nitrate + Nitrite","NO3+NO2",NA,"0.54","0.05","mg/L as N","Std Method 4500-NO3-F (DWR Modified) [1]*","1 Feet","Water, Natural","Normal Sample","0",NA,NA,"N"
"262","E380782055","EL0320B0248",2020-03-10 12:00:00,"0311","1000 - Non-Public, Review Status Unknown","03/10/2020 12:00","Total Phosphorus","7723-14-0",NA,"0.214","0.01","mg/L as P","EPA 365.4 (DWR Modified) [1]*","1 Feet","Water, Natural","Normal Sample","0",NA,NA,"N"
"263","E380782055","EL0320B0248",2020-03-10 12:00:00,"0311","1000 - Non-Public, Review Status Unknown","03/10/2020 12:00","Total Kjeldahl Nitrogen","TKN",NA,"0.8","0.1","mg/L as N","EPA 351.2 (DWR Modified) [1]*","1 Feet","Water, Natural","Normal Sample","0",NA,NA,"N"
"264","E380782055","EL0320B0248",2020-03-10 12:00:00,"0311","1000 - Non-Public, Review Status Unknown","03/10/2020 12:00","Dissolved ortho-Phosphate","14265-44-2",NA,"0.063","0.05","mg/L as P","EPA 365.1 DWR Modified [1]*","1 Feet","Water, Natural","Normal Sample","0",NA,NA,"N"
"265","E3807102052","EL0320B0249",2020-03-10 12:59:00,"0311","1000 - Non-Public, Review Status Unknown","03/10/2020 12:59","Dissolved Nitrate + Nitrite","NO3+NO2",NA,"0.54","0.05","mg/L as N","Std Method 4500-NO3-F (DWR Modified) [1]*","1 Feet","Water, Natural","Normal Sample","0",NA,NA,"N"
"266","E3807102052","EL0320B0249",2020-03-10 12:59:00,"0311","1000 - Non-Public, Review Status Unknown","03/10/2020 12:59","Total Phosphorus","7723-14-0",NA,"0.218","0.01","mg/L as P","EPA 365.4 (DWR Modified) [1]*","1 Feet","Water, Natural","Normal Sample","0",NA,NA,"N"
"267","E3807102052","EL0320B0249",2020-03-10 12:59:00,"0311","1000 - Non-Public, Review Status Unknown","03/10/2020 12:59","Total Kjeldahl Nitrogen","TKN",NA,"1","0.1","mg/L as N","EPA 351.2 (DWR Modified) [1]*","1 Feet","Water, Natural","Normal Sample","0",NA,NA,"N"
"268","E3807102052","EL0320B0249",2020-03-10 12:59:00,"0311","1000 - Non-Public, Review Status Unknown","03/10/2020 12:59","Dissolved ortho-Phosphate","14265-44-2",NA,"0.054","0.05","mg/L as P","EPA 365.1 DWR Modified [1]*","1 Feet","Water, Natural","Normal Sample","0",NA,NA,"N"
"269","E381241554","EL0320B0239",2020-03-10 14:53:00,"0311","1000 - Non-Public, Review Status Unknown","03/10/2020 14:53","Dissolved Nitrate + Nitrite","NO3+NO2",NA,"0.49","0.05","mg/L as N","Std Method 4500-NO3-F (DWR Modified) [1]*","1 Feet","Water, Natural","Normal Sample","0",NA,NA,"N"
"270","E381241554","EL0320B0239",2020-03-10 14:53:00,"0311","1000 - Non-Public, Review Status Unknown","03/10/2020 14:53","Total Phosphorus","7723-14-0",NA,"0.115","0.01","mg/L as P","EPA 365.4 (DWR Modified) [1]*","1 Feet","Water, Natural","Normal Sample","0",NA,NA,"N"
"271","E381241554","EL0320B0239",2020-03-10 14:53:00,"0311","1000 - Non-Public, Review Status Unknown","03/10/2020 14:53","Total Kjeldahl Nitrogen","TKN",NA,"0.8","0.1","mg/L as N","EPA 351.2 (DWR Modified) [1]*","1 Feet","Water, Natural","Normal Sample","0",NA,NA,"N"
"272","E381241554","EL0320B0239",2020-03-10 14:53:00,"0311","1000 - Non-Public, Review Status Unknown","03/10/2020 14:53","Dissolved ortho-Phosphate","14265-44-2",NA,"<0.05","0.05","mg/L as P","EPA 365.1 DWR Modified [1]*","1 Feet","Water, Natural","Normal Sample","0",NA,NA,"N"
"273","E381221553","EL0320B0240",2020-03-10 16:15:00,"0311","1000 - Non-Public, Review Status Unknown","03/10/2020 16:15","Dissolved Nitrate + Nitrite","NO3+NO2",NA,"0.48","0.05","mg/L as N","Std Method 4500-NO3-F (DWR Modified) [1]*","1 Feet","Water, Natural","Normal Sample","0",NA,NA,"N"
"274","E381221553","EL0320B0240",2020-03-10 16:15:00,"0311","1000 - Non-Public, Review Status Unknown","03/10/2020 16:15","Total Phosphorus","7723-14-0",NA,"0.1","0.01","mg/L as P","EPA 365.4 (DWR Modified) [1]*","1 Feet","Water, Natural","Normal Sample","0",NA,NA,"N"
"275","E381221553","EL0320B0240",2020-03-10 16:15:00,"0311","1000 - Non-Public, Review Status Unknown","03/10/2020 16:15","Total Kjeldahl Nitrogen","TKN",NA,"0.755","0.1","mg/L as N","EPA 351.2 (DWR Modified) [1]*","1 Feet","Water, Natural","Normal Sample","0",NA,NA,"N"
"276","E381221553","EL0320B0240",2020-03-10 16:15:00,"0311","1000 - Non-Public, Review Status Unknown","03/10/2020 16:15","Dissolved ortho-Phosphate","14265-44-2",NA,"<0.05","0.05","mg/L as P","EPA 365.1 DWR Modified [1]*","1 Feet","Water, Natural","Normal Sample","0",NA,NA,"N"
"277","E380751331","EL0320B0242",2020-03-10 16:23:00,"0311","1000 - Non-Public, Review Status Unknown","03/10/2020 16:23","Dissolved Nitrate + Nitrite","NO3+NO2",NA,"0.59","0.05","mg/L as N","Std Method 4500-NO3-F (DWR Modified) [1]*","1 Feet","Water, Natural","Normal Sample","0",NA,NA,"N"
"278","E380751331","EL0320B0242",2020-03-10 16:23:00,"0311","1000 - Non-Public, Review Status Unknown","03/10/2020 16:23","Total Phosphorus","7723-14-0",NA,"0.14","0.01","mg/L as P","EPA 365.4 (DWR Modified) [1]*","1 Feet","Water, Natural","Normal Sample","0",NA,NA,"N"
"279","E380751331","EL0320B0242",2020-03-10 16:23:00,"0311","1000 - Non-Public, Review Status Unknown","03/10/2020 16:23","Total Kjeldahl Nitrogen","TKN",NA,"1.72","0.1","mg/L as N","EPA 351.2 (DWR Modified) [1]*","1 Feet","Water, Natural","Normal Sample","0",NA,NA,"N"
"280","E380751331","EL0320B0242",2020-03-10 16:23:00,"0311","1000 - Non-Public, Review Status Unknown","03/10/2020 16:23","Dissolved ortho-Phosphate","14265-44-2",NA,"<0.05","0.05","mg/L as P","EPA 365.1 DWR Modified [1]*","1 Feet","Water, Natural","Normal Sample","0",NA,NA,"N"
"281","E480751332","EL0320B0243",2020-03-10 16:30:00,"0311","1000 - Non-Public, Review Status Unknown","03/10/2020 16:30","Dissolved Nitrate + Nitrite","NO3+NO2",NA,"0.52","0.05","mg/L as N","Std Method 4500-NO3-F (DWR Modified) [1]*","1 Feet","Water, Natural","Normal Sample","0",NA,NA,"N"
"282","E480751332","EL0320B0243",2020-03-10 16:30:00,"0311","1000 - Non-Public, Review Status Unknown","03/10/2020 16:30","Total Phosphorus","7723-14-0",NA,"0.125","0.01","mg/L as P","EPA 365.4 (DWR Modified) [1]*","1 Feet","Water, Natural","Normal Sample","0",NA,NA,"N"
"283","E480751332","EL0320B0243",2020-03-10 16:30:00,"0311","1000 - Non-Public, Review Status Unknown","03/10/2020 16:30","Total Kjeldahl Nitrogen","TKN",NA,"1.2","0.1","mg/L as N","EPA 351.2 (DWR Modified) [1]*","1 Feet","Water, Natural","Normal Sample","0",NA,NA,"N"
"284","E480751332","EL0320B0243",2020-03-10 16:30:00,"0311","1000 - Non-Public, Review Status Unknown","03/10/2020 16:30","Dissolved ortho-Phosphate","14265-44-2",NA,"<0.05","0.05","mg/L as P","EPA 365.1 DWR Modified [1]*","1 Feet","Water, Natural","Normal Sample","0",NA,NA,"N"
"285","E381201552","EL0320B0241",2020-03-10 16:46:00,"0311","1000 - Non-Public, Review Status Unknown","03/10/2020 16:46","Dissolved Nitrate + Nitrite","NO3+NO2",NA,"0.49","0.05","mg/L as N","Std Method 4500-NO3-F (DWR Modified) [1]*","1 Feet","Water, Natural","Normal Sample","0",NA,NA,"N"
"286","E381201552","EL0320B0241",2020-03-10 16:46:00,"0311","1000 - Non-Public, Review Status Unknown","03/10/2020 16:46","Total Phosphorus","7723-14-0",NA,"0.13","0.01","mg/L as P","EPA 365.4 (DWR Modified) [1]*","1 Feet","Water, Natural","Normal Sample","0",NA,NA,"N"
"287","E381201552","EL0320B0241",2020-03-10 16:46:00,"0311","1000 - Non-Public, Review Status Unknown","03/10/2020 16:46","Total Kjeldahl Nitrogen","TKN",NA,"0.8","0.1","mg/L as N","EPA 351.2 (DWR Modified) [1]*","1 Feet","Water, Natural","Normal Sample","0",NA,NA,"N"
"288","E381201552","EL0320B0241",2020-03-10 16:46:00,"0311","1000 - Non-Public, Review Status Unknown","03/10/2020 16:46","Dissolved ortho-Phosphate","14265-44-2",NA,"<0.05","0.05","mg/L as P","EPA 365.1 DWR Modified [1]*","1 Feet","Water, Natural","Normal Sample","0",NA,NA,"N"
"289","E381061548","EL0320B0238",2020-03-11 11:33:00,"0311","1000 - Non-Public, Review Status Unknown","03/11/2020 11:33","Dissolved Nitrate + Nitrite","NO3+NO2",NA,"0.46","0.05","mg/L as N","Std Method 4500-NO3-F (DWR Modified) [1]*","1 Feet","Water, Natural","Normal Sample","0",NA,NA,"N"
"290","E381061548","EL0320B0238",2020-03-11 11:33:00,"0311","1000 - Non-Public, Review Status Unknown","03/11/2020 11:33","Total Phosphorus","7723-14-0",NA,"0.09","0.01","mg/L as P","EPA 365.4 (DWR Modified) [1]*","1 Feet","Water, Natural","Normal Sample","0",NA,NA,"N"
"291","E381061548","EL0320B0238",2020-03-11 11:33:00,"0311","1000 - Non-Public, Review Status Unknown","03/11/2020 11:33","Total Kjeldahl Nitrogen","TKN",NA,"0.6","0.1","mg/L as N","EPA 351.2 (DWR Modified) [1]*","1 Feet","Water, Natural","Normal Sample","0",NA,NA,"N"
"292","E381061548","EL0320B0238",2020-03-11 11:33:00,"0311","1000 - Non-Public, Review Status Unknown","03/11/2020 11:33","Dissolved ortho-Phosphate","14265-44-2",NA,"<0.05","0.05","mg/L as P","EPA 365.1 DWR Modified [1]*","1 Feet","Water, Natural","Normal Sample","0",NA,NA,"N"
"293","E381061546","EL0320B0237",2020-03-11 12:10:00,"0311","1000 - Non-Public, Review Status Unknown","03/11/2020 12:10","Dissolved Nitrate + Nitrite","NO3+NO2",NA,"0.46","0.05","mg/L as N","Std Method 4500-NO3-F (DWR Modified) [1]*","1 Feet","Water, Natural","Normal Sample","0",NA,NA,"N"
"294","E381061546","EL0320B0237",2020-03-11 12:10:00,"0311","1000 - Non-Public, Review Status Unknown","03/11/2020 12:10","Total Phosphorus","7723-14-0",NA,"0.07","0.01","mg/L as P","EPA 365.4 (DWR Modified) [1]*","1 Feet","Water, Natural","Normal Sample","0",NA,NA,"N"
"295","E381061546","EL0320B0237",2020-03-11 12:10:00,"0311","1000 - Non-Public, Review Status Unknown","03/11/2020 12:10","Total Kjeldahl Nitrogen","TKN",NA,"0.5","0.1","mg/L as N","EPA 351.2 (DWR Modified) [1]*","1 Feet","Water, Natural","Normal Sample","0",NA,NA,"N"
"296","E381061546","EL0320B0237",2020-03-11 12:10:00,"0311","1000 - Non-Public, Review Status Unknown","03/11/2020 12:10","Dissolved ortho-Phosphate","14265-44-2",NA,"<0.05","0.05","mg/L as P","EPA 365.1 DWR Modified [1]*","1 Feet","Water, Natural","Normal Sample","0",NA,NA,"N"
"297","E381051546","EL0320B0236",2020-03-11 12:40:00,"0311","1000 - Non-Public, Review Status Unknown","03/11/2020 12:40","Dissolved Nitrate + Nitrite","NO3+NO2",NA,"0.49","0.05","mg/L as N","Std Method 4500-NO3-F (DWR Modified) [1]*","1 Feet","Water, Natural","Normal Sample","0",NA,NA,"N"
"298","E381051546","EL0320B0236",2020-03-11 12:40:00,"0311","1000 - Non-Public, Review Status Unknown","03/11/2020 12:40","Total Phosphorus","7723-14-0",NA,"0.08","0.01","mg/L as P","EPA 365.4 (DWR Modified) [1]*","1 Feet","Water, Natural","Normal Sample","0",NA,NA,"N"
"299","E381051546","EL0320B0236",2020-03-11 12:40:00,"0311","1000 - Non-Public, Review Status Unknown","03/11/2020 12:40","Total Kjeldahl Nitrogen","TKN",NA,"0.5","0.1","mg/L as N","EPA 351.2 (DWR Modified) [1]*","1 Feet","Water, Natural","Normal Sample","0",NA,NA,"N"
"300","E381051546","EL0320B0236",2020-03-11 12:40:00,"0311","1000 - Non-Public, Review Status Unknown","03/11/2020 12:40","Dissolved ortho-Phosphate","14265-44-2",NA,"<0.05","0.05","mg/L as P","EPA 365.1 DWR Modified [1]*","1 Feet","Water, Natural","Normal Sample","0",NA,NA,"N"
"301","E381142005","EL0320B0244",2020-03-11 13:46:00,"0311","1000 - Non-Public, Review Status Unknown","03/11/2020 13:46","Dissolved Ammonia","7664-41-7",NA,"0.09","0.05","mg/L as N","EPA 350.1 (DWR Modified) [1]*","1 Feet","Water, Natural","Normal Sample","0",NA,NA,"N"
"302","E381142005","EL0320B0244",2020-03-11 13:46:00,"0311","1000 - Non-Public, Review Status Unknown","03/11/2020 13:46","Dissolved Nitrate + Nitrite","NO3+NO2",NA,"0.55","0.05","mg/L as N","Std Method 4500-NO3-F (DWR Modified) [1]*","1 Feet","Water, Natural","Normal Sample","0",NA,NA,"N"
"303","E381142005","EL0320B0244",2020-03-11 13:46:00,"0311","1000 - Non-Public, Review Status Unknown","03/11/2020 13:46","Total Phosphorus","7723-14-0",NA,"0.15","0.01","mg/L as P","EPA 365.4 (DWR Modified) [1]*","1 Feet","Water, Natural","Normal Sample","0",NA,NA,"N"
"304","E381142005","EL0320B0244",2020-03-11 13:46:00,"0311","1000 - Non-Public, Review Status Unknown","03/11/2020 13:46","Total Kjeldahl Nitrogen","TKN",NA,"0.6","0.1","mg/L as N","EPA 351.2 (DWR Modified) [1]*","1 Feet","Water, Natural","Normal Sample","0",NA,NA,"N"
"305","E381142005","EL0320B0244",2020-03-11 13:46:00,"0311","1000 - Non-Public, Review Status Unknown","03/11/2020 13:46","Dissolved ortho-Phosphate","14265-44-2",NA,"0.073","0.05","mg/L as P","EPA 365.1 DWR Modified [1]*","1 Feet","Water, Natural","Normal Sample","0",NA,NA,"N"
"306","E2S80122308","EL0320B0253",2020-03-11 13:52:00,"0311","1000 - Non-Public, Review Status Unknown","03/11/2020 13:52","Dissolved Nitrate + Nitrite","NO3+NO2",NA,"0.4","0.05","mg/L as N","Std Method 4500-NO3-F (DWR Modified) [1]*","1 Feet","Water, Natural","Normal Sample","0",NA,NA,"N"
"307","E2S80122308","EL0320B0253",2020-03-11 13:52:00,"0311","1000 - Non-Public, Review Status Unknown","03/11/2020 13:52","Total Phosphorus","7723-14-0",NA,"0.156","0.01","mg/L as P","EPA 365.4 (DWR Modified) [1]*","1 Feet","Water, Natural","Normal Sample","0",NA,NA,"N"
"308","E2S80122308","EL0320B0253",2020-03-11 13:52:00,"0311","1000 - Non-Public, Review Status Unknown","03/11/2020 13:52","Total Kjeldahl Nitrogen","TKN",NA,"0.6","0.1","mg/L as N","EPA 351.2 (DWR Modified) [1]*","1 Feet","Water, Natural","Normal Sample","0",NA,NA,"N"
"309","E2S80122308","EL0320B0253",2020-03-11 13:52:00,"0311","1000 - Non-Public, Review Status Unknown","03/11/2020 13:52","Dissolved ortho-Phosphate","14265-44-2",NA,"0.113","0.05","mg/L as P","EPA 365.1 DWR Modified [1]*","1 Feet","Water, Natural","Normal Sample","0",NA,NA,"N"
"310","E381132007","EL0320B0245",2020-03-11 14:13:00,"0311","1000 - Non-Public, Review Status Unknown","03/11/2020 14:13","Dissolved Ammonia","7664-41-7","Y","0.09","0.05","mg/L as N","EPA 350.1 (DWR Modified) [1]*","1 Feet","Water, Natural","Normal Sample","0",NA,NA,"N"
"311","E381132007","EL0320B0245",2020-03-11 14:13:00,"0311","1000 - Non-Public, Review Status Unknown","03/11/2020 14:13","Dissolved Ammonia","7664-41-7",NA,"0.09","0.05","mg/L as N","EPA 350.1 (DWR Modified) [1]*","1 Feet","Water, Natural","Normal Sample","0",NA,NA,"N"
"312","E381132007","EL0320B0245",2020-03-11 14:13:00,"0311","1000 - Non-Public, Review Status Unknown","03/11/2020 14:13","Dissolved Nitrate + Nitrite","NO3+NO2","Y","0.47","0.05","mg/L as N","Std Method 4500-NO3-F (DWR Modified) [1]*","1 Feet","Water, Natural","Normal Sample","0",NA,NA,"N"
"313","E381132007","EL0320B0245",2020-03-11 14:13:00,"0311","1000 - Non-Public, Review Status Unknown","03/11/2020 14:13","Dissolved Nitrate + Nitrite","NO3+NO2",NA,"0.47","0.05","mg/L as N","Std Method 4500-NO3-F (DWR Modified) [1]*","1 Feet","Water, Natural","Normal Sample","0",NA,NA,"N"
"314","E381132007","EL0320B0245",2020-03-11 14:13:00,"0311","1000 - Non-Public, Review Status Unknown","03/11/2020 14:13","Total Phosphorus","7723-14-0",NA,"0.12","0.01","mg/L as P","EPA 365.4 (DWR Modified) [1]*","1 Feet","Water, Natural","Normal Sample","0",NA,NA,"N"
"315","E381132007","EL0320B0245",2020-03-11 14:13:00,"0311","1000 - Non-Public, Review Status Unknown","03/11/2020 14:13","Total Kjeldahl Nitrogen","TKN",NA,"0.6","0.1","mg/L as N","EPA 351.2 (DWR Modified) [1]*","1 Feet","Water, Natural","Normal Sample","0",NA,NA,"N"
"316","E381132007","EL0320B0245",2020-03-11 14:13:00,"0311","1000 - Non-Public, Review Status Unknown","03/11/2020 14:13","Dissolved ortho-Phosphate","14265-44-2","Y","0.056","0.05","mg/L as P","EPA 365.1 DWR Modified [1]*","1 Feet","Water, Natural","Normal Sample","0",NA,NA,"N"
"317","E381132007","EL0320B0245",2020-03-11 14:13:00,"0311","1000 - Non-Public, Review Status Unknown","03/11/2020 14:13","Dissolved ortho-Phosphate","14265-44-2",NA,"0.056","0.05","mg/L as P","EPA 365.1 DWR Modified [1]*","1 Feet","Water, Natural","Normal Sample","0",NA,NA,"N"
"318","E2S800102306","EL0320B0251",2020-03-11 14:26:00,"0311","1000 - Non-Public, Review Status Unknown","03/11/2020 14:26","Dissolved Nitrate + Nitrite","NO3+NO2",NA,"0.36","0.05","mg/L as N","Std Method 4500-NO3-F (DWR Modified) [1]*","1 Feet","Water, Natural","Normal Sample","0",NA,NA,"N"
"319","E2S800102306","EL0320B0251",2020-03-11 14:26:00,"0311","1000 - Non-Public, Review Status Unknown","03/11/2020 14:26","Total Phosphorus","7723-14-0",NA,"0.188","0.01","mg/L as P","EPA 365.4 (DWR Modified) [1]*","1 Feet","Water, Natural","Normal Sample","0",NA,NA,"N"
"320","E2S800102306","EL0320B0251",2020-03-11 14:26:00,"0311","1000 - Non-Public, Review Status Unknown","03/11/2020 14:26","Total Kjeldahl Nitrogen","TKN",NA,"0.7","0.1","mg/L as N","EPA 351.2 (DWR Modified) [1]*","1 Feet","Water, Natural","Normal Sample","0",NA,NA,"N"
"321","E2S800102306","EL0320B0251",2020-03-11 14:26:00,"0311","1000 - Non-Public, Review Status Unknown","03/11/2020 14:26","Dissolved ortho-Phosphate","14265-44-2",NA,"0.115","0.05","mg/L as P","EPA 365.1 DWR Modified [1]*","1 Feet","Water, Natural","Normal Sample","0",NA,NA,"N"
"322","E381112008","EL0320B0246",2020-03-11 14:40:00,"0311","1000 - Non-Public, Review Status Unknown","03/11/2020 14:40","Dissolved Nitrate + Nitrite","NO3+NO2",NA,"0.46","0.05","mg/L as N","Std Method 4500-NO3-F (DWR Modified) [1]*","1 Feet","Water, Natural","Normal Sample","0",NA,NA,"N"
"323","E381112008","EL0320B0246",2020-03-11 14:40:00,"0311","1000 - Non-Public, Review Status Unknown","03/11/2020 14:40","Total Phosphorus","7723-14-0",NA,"0.151","0.01","mg/L as P","EPA 365.4 (DWR Modified) [1]*","1 Feet","Water, Natural","Normal Sample","0",NA,NA,"N"
"324","E381112008","EL0320B0246",2020-03-11 14:40:00,"0311","1000 - Non-Public, Review Status Unknown","03/11/2020 14:40","Total Kjeldahl Nitrogen","TKN",NA,"0.626","0.1","mg/L as N","EPA 351.2 (DWR Modified) [1]*","1 Feet","Water, Natural","Normal Sample","0",NA,NA,"N"
"325","E381112008","EL0320B0246",2020-03-11 14:40:00,"0311","1000 - Non-Public, Review Status Unknown","03/11/2020 14:40","Dissolved ortho-Phosphate","14265-44-2",NA,"0.052","0.05","mg/L as P","EPA 365.1 DWR Modified [1]*","1 Feet","Water, Natural","Normal Sample","0",NA,NA,"N"
"326","E380192066","EL0320B0224",2020-03-12 08:33:00,"0311","1000 - Non-Public, Review Status Unknown","03/12/2020 08:33","Dissolved Nitrate + Nitrite","NO3+NO2",NA,"0.57","0.05","mg/L as N","Std Method 4500-NO3-F (DWR Modified) [1]*","1 Feet","Water, Natural","Normal Sample","0",NA,NA,"N"
"327","E380192066","EL0320B0224",2020-03-12 08:33:00,"0311","1000 - Non-Public, Review Status Unknown","03/12/2020 08:33","Total Phosphorus","7723-14-0",NA,"0.115","0.01","mg/L as P","EPA 365.4 (DWR Modified) [1]*","1 Feet","Water, Natural","Normal Sample","0",NA,NA,"N"
"328","E380192066","EL0320B0224",2020-03-12 08:33:00,"0311","1000 - Non-Public, Review Status Unknown","03/12/2020 08:33","Total Kjeldahl Nitrogen","TKN",NA,"0.5","0.1","mg/L as N","EPA 351.2 (DWR Modified) [1]*","1 Feet","Water, Natural","Normal Sample","0",NA,NA,"N"
"329","E380192066","EL0320B0224",2020-03-12 08:33:00,"0311","1000 - Non-Public, Review Status Unknown","03/12/2020 08:33","Dissolved ortho-Phosphate","14265-44-2",NA,"0.077","0.05","mg/L as P","EPA 365.1 DWR Modified [1]*","1 Feet","Water, Natural","Normal Sample","0",NA,NA,"N"
"330","E380212066","EL0320B0225",2020-03-12 09:50:00,"0311","1000 - Non-Public, Review Status Unknown","03/12/2020 09:50","Dissolved Nitrate + Nitrite","NO3+NO2",NA,"1.01","0.05","mg/L as N","Std Method 4500-NO3-F (DWR Modified) [1]*","1 Feet","Water, Natural","Normal Sample","0",NA,NA,"N"
"331","E380212066","EL0320B0225",2020-03-12 09:50:00,"0311","1000 - Non-Public, Review Status Unknown","03/12/2020 09:50","Total Phosphorus","7723-14-0",NA,"0.14","0.01","mg/L as P","EPA 365.4 (DWR Modified) [1]*","1 Feet","Water, Natural","Normal Sample","0",NA,NA,"N"
"332","E380212066","EL0320B0225",2020-03-12 09:50:00,"0311","1000 - Non-Public, Review Status Unknown","03/12/2020 09:50","Total Kjeldahl Nitrogen","TKN",NA,"0.629","0.1","mg/L as N","EPA 351.2 (DWR Modified) [1]*","1 Feet","Water, Natural","Normal Sample","0",NA,NA,"N"
"333","E380212066","EL0320B0225",2020-03-12 09:50:00,"0311","1000 - Non-Public, Review Status Unknown","03/12/2020 09:50","Dissolved ortho-Phosphate","14265-44-2",NA,"0.076","0.05","mg/L as P","EPA 365.1 DWR Modified [1]*","1 Feet","Water, Natural","Normal Sample","0",NA,NA,"N"
"334","E380222067","EL0320B0226",2020-03-12 10:20:00,"0311","1000 - Non-Public, Review Status Unknown","03/12/2020 10:20","Dissolved Nitrate + Nitrite","NO3+NO2",NA,"1.33","0.05","mg/L as N","Std Method 4500-NO3-F (DWR Modified) [1]*","1 Feet","Water, Natural","Normal Sample","0",NA,NA,"N"
"335","E380222067","EL0320B0226",2020-03-12 10:20:00,"0311","1000 - Non-Public, Review Status Unknown","03/12/2020 10:20","Total Phosphorus","7723-14-0",NA,"0.15","0.01","mg/L as P","EPA 365.4 (DWR Modified) [1]*","1 Feet","Water, Natural","Normal Sample","0",NA,NA,"N"
"336","E380222067","EL0320B0226",2020-03-12 10:20:00,"0311","1000 - Non-Public, Review Status Unknown","03/12/2020 10:20","Total Kjeldahl Nitrogen","TKN",NA,"0.6","0.1","mg/L as N","EPA 351.2 (DWR Modified) [1]*","1 Feet","Water, Natural","Normal Sample","0",NA,NA,"N"
"337","E380222067","EL0320B0226",2020-03-12 10:20:00,"0311","1000 - Non-Public, Review Status Unknown","03/12/2020 10:20","Dissolved ortho-Phosphate","14265-44-2",NA,"0.087","0.05","mg/L as P","EPA 365.1 DWR Modified [1]*","1 Feet","Water, Natural","Normal Sample","0",NA,NA,"N"
"338","E380481568","EL0320B0227",2020-03-12 11:46:00,"0311","1000 - Non-Public, Review Status Unknown","03/12/2020 11:46","Dissolved Nitrate + Nitrite","NO3+NO2",NA,"0.48","0.05","mg/L as N","Std Method 4500-NO3-F (DWR Modified) [1]*","1 Feet","Water, Natural","Normal Sample","0",NA,NA,"N"
"339","E380481568","EL0320B0227",2020-03-12 11:46:00,"0311","1000 - Non-Public, Review Status Unknown","03/12/2020 11:46","Total Phosphorus","7723-14-0",NA,"0.08","0.01","mg/L as P","EPA 365.4 (DWR Modified) [1]*","1 Feet","Water, Natural","Normal Sample","0",NA,NA,"N"
"340","E380481568","EL0320B0227",2020-03-12 11:46:00,"0311","1000 - Non-Public, Review Status Unknown","03/12/2020 11:46","Total Kjeldahl Nitrogen","TKN",NA,"0.5","0.1","mg/L as N","EPA 351.2 (DWR Modified) [1]*","1 Feet","Water, Natural","Normal Sample","0",NA,NA,"N"
"341","E380481568","EL0320B0227",2020-03-12 11:46:00,"0311","1000 - Non-Public, Review Status Unknown","03/12/2020 11:46","Dissolved ortho-Phosphate","14265-44-2",NA,"0.056","0.05","mg/L as P","EPA 365.1 DWR Modified [1]*","1 Feet","Water, Natural","Normal Sample","0",NA,NA,"N"
"342","E380471567","EL0320B0228",2020-03-12 12:14:00,"0311","1000 - Non-Public, Review Status Unknown","03/12/2020 12:14","Dissolved Nitrate + Nitrite","NO3+NO2",NA,"0.49","0.05","mg/L as N","Std Method 4500-NO3-F (DWR Modified) [1]*","1 Feet","Water, Natural","Normal Sample","0",NA,NA,"N"
"343","E380471567","EL0320B0228",2020-03-12 12:14:00,"0311","1000 - Non-Public, Review Status Unknown","03/12/2020 12:14","Total Phosphorus","7723-14-0",NA,"0.09","0.01","mg/L as P","EPA 365.4 (DWR Modified) [1]*","1 Feet","Water, Natural","Normal Sample","0",NA,NA,"N"
"344","E380471567","EL0320B0228",2020-03-12 12:14:00,"0311","1000 - Non-Public, Review Status Unknown","03/12/2020 12:14","Total Kjeldahl Nitrogen","TKN",NA,"0.5","0.1","mg/L as N","EPA 351.2 (DWR Modified) [1]*","1 Feet","Water, Natural","Normal Sample","0",NA,NA,"N"
"345","E380471567","EL0320B0228",2020-03-12 12:14:00,"0311","1000 - Non-Public, Review Status Unknown","03/12/2020 12:14","Dissolved ortho-Phosphate","14265-44-2",NA,"0.058","0.05","mg/L as P","EPA 365.1 DWR Modified [1]*","1 Feet","Water, Natural","Normal Sample","0",NA,NA,"N"
"346","E380481565","EL0320B0229",2020-03-12 12:48:00,"0311","1000 - Non-Public, Review Status Unknown","03/12/2020 12:48","Dissolved Nitrate + Nitrite","NO3+NO2",NA,"0.49","0.05","mg/L as N","Std Method 4500-NO3-F (DWR Modified) [1]*","1 Feet","Water, Natural","Normal Sample","0",NA,NA,"N"
"347","E380481565","EL0320B0229",2020-03-12 12:48:00,"0311","1000 - Non-Public, Review Status Unknown","03/12/2020 12:48","Total Phosphorus","7723-14-0",NA,"0.09","0.01","mg/L as P","EPA 365.4 (DWR Modified) [1]*","1 Feet","Water, Natural","Normal Sample","0",NA,NA,"N"
"348","E380481565","EL0320B0229",2020-03-12 12:48:00,"0311","1000 - Non-Public, Review Status Unknown","03/12/2020 12:48","Total Kjeldahl Nitrogen","TKN",NA,"0.5","0.1","mg/L as N","EPA 351.2 (DWR Modified) [1]*","1 Feet","Water, Natural","Normal Sample","0",NA,NA,"N"
"349","E380481565","EL0320B0229",2020-03-12 12:48:00,"0311","1000 - Non-Public, Review Status Unknown","03/12/2020 12:48","Dissolved ortho-Phosphate","14265-44-2",NA,"0.059","0.05","mg/L as P","EPA 365.1 DWR Modified [1]*","1 Feet","Water, Natural","Normal Sample","0",NA,NA,"N"
"350","B980241515","EL0320B0230",2020-03-12 13:47:00,"0311","1000 - Non-Public, Review Status Unknown","03/12/2020 13:47","Dissolved Nitrate + Nitrite","NO3+NO2",NA,"0.124","0.05","mg/L as N","Std Method 4500-NO3-F (DWR Modified) [1]*","1 Feet","Water, Natural","Normal Sample","0",NA,NA,"N"
"351","B980241515","EL0320B0230",2020-03-12 13:47:00,"0311","1000 - Non-Public, Review Status Unknown","03/12/2020 13:47","Total Phosphorus","7723-14-0",NA,"0.07","0.01","mg/L as P","EPA 365.4 (DWR Modified) [1]*","1 Feet","Water, Natural","Normal Sample","0",NA,NA,"N"
"352","B980241515","EL0320B0230",2020-03-12 13:47:00,"0311","1000 - Non-Public, Review Status Unknown","03/12/2020 13:47","Total Kjeldahl Nitrogen","TKN",NA,"0.4","0.1","mg/L as N","EPA 351.2 (DWR Modified) [1]*","1 Feet","Water, Natural","Normal Sample","0",NA,NA,"N"
"353","B980241515","EL0320B0230",2020-03-12 13:47:00,"0311","1000 - Non-Public, Review Status Unknown","03/12/2020 13:47","Dissolved ortho-Phosphate","14265-44-2",NA,"0.056","0.05","mg/L as P","EPA 365.1 DWR Modified [1]*","1 Feet","Water, Natural","Normal Sample","0",NA,NA,"N"
"354","B980241519","EL0320B0231",2020-03-12 14:24:00,"0311","1000 - Non-Public, Review Status Unknown","03/12/2020 14:24","Dissolved Nitrate + Nitrite","NO3+NO2",NA,"0.29","0.05","mg/L as N","Std Method 4500-NO3-F (DWR Modified) [1]*","1 Feet","Water, Natural","Normal Sample","0",NA,NA,"N"
"355","B980241519","EL0320B0231",2020-03-12 14:24:00,"0311","1000 - Non-Public, Review Status Unknown","03/12/2020 14:24","Total Phosphorus","7723-14-0",NA,"0.07","0.01","mg/L as P","EPA 365.4 (DWR Modified) [1]*","1 Feet","Water, Natural","Normal Sample","0",NA,NA,"N"
"356","B980241519","EL0320B0231",2020-03-12 14:24:00,"0311","1000 - Non-Public, Review Status Unknown","03/12/2020 14:24","Total Kjeldahl Nitrogen","TKN",NA,"0.4","0.1","mg/L as N","EPA 351.2 (DWR Modified) [1]*","1 Feet","Water, Natural","Normal Sample","0",NA,NA,"N"
"357","B980241519","EL0320B0231",2020-03-12 14:24:00,"0311","1000 - Non-Public, Review Status Unknown","03/12/2020 14:24","Dissolved ortho-Phosphate","14265-44-2",NA,"0.054","0.05","mg/L as P","EPA 365.1 DWR Modified [1]*","1 Feet","Water, Natural","Normal Sample","0",NA,NA,"N"
"358","B980251521","EL0320B0232",2020-03-12 15:03:00,"0311","1000 - Non-Public, Review Status Unknown","03/12/2020 15:03","Dissolved Nitrate + Nitrite","NO3+NO2",NA,"0.47","0.05","mg/L as N","Std Method 4500-NO3-F (DWR Modified) [1]*","1 Feet","Water, Natural","Normal Sample","0",NA,NA,"N"
"359","B980251521","EL0320B0232",2020-03-12 15:03:00,"0311","1000 - Non-Public, Review Status Unknown","03/12/2020 15:03","Total Phosphorus","7723-14-0",NA,"0.09","0.01","mg/L as P","EPA 365.4 (DWR Modified) [1]*","1 Feet","Water, Natural","Normal Sample","0",NA,NA,"N"
"360","B980251521","EL0320B0232",2020-03-12 15:03:00,"0311","1000 - Non-Public, Review Status Unknown","03/12/2020 15:03","Total Kjeldahl Nitrogen","TKN",NA,"0.4","0.1","mg/L as N","EPA 351.2 (DWR Modified) [1]*","1 Feet","Water, Natural","Normal Sample","0",NA,NA,"N"
"361","B980251521","EL0320B0232",2020-03-12 15:03:00,"0311","1000 - Non-Public, Review Status Unknown","03/12/2020 15:03","Dissolved ortho-Phosphate","14265-44-2",NA,"0.062","0.05","mg/L as P","EPA 365.1 DWR Modified [1]*","1 Feet","Water, Natural","Normal Sample","0",NA,NA,"N"
"362",NA,NA,NA,NA,NA,NA,NA,NA,NA,NA,NA,NA,NA,NA,NA,NA,NA,NA,NA,NA
"363",NA,NA,NA,"*Codes in brackets ([]) following the analyte name refer to the Method Comparibility Code.  For more information, please refer to https://cdowr-dev.outsystemsenterprise.com/WaterDataLibrary/MTCCodes.aspx.",NA,NA,NA,NA,NA,NA,NA,NA,NA,NA,NA,NA,NA,NA,NA,NA
"364","E3S80462003","EL0319B0062",2019-03-14 07:04:00,"0311","1000 - Non-Public, Review Status Unknown","03/14/2019 07:04","Dissolved Nitrate + Nitrite","NO3+NO2",NA,"0.27","0.05","mg/L as N","Std Method 4500-NO3-F (DWR Modified) [1]*","1 Feet","Water, Natural","Normal Sample","0",NA,NA,"N"
"365","E3S80462003","EL0319B0062",2019-03-14 07:04:00,"0311","1000 - Non-Public, Review Status Unknown","03/14/2019 07:04","Total Phosphorus","7723-14-0",NA,"0.08","0.01","mg/L as P","EPA 365.4 (DWR Modified) [1]*","1 Feet","Water, Natural","Normal Sample","0",NA,NA,"N"
"366","E3S80462003","EL0319B0062",2019-03-14 07:04:00,"0311","1000 - Non-Public, Review Status Unknown","03/14/2019 07:04","Total Kjeldahl Nitrogen","TKN",NA,"0.3","0.1","mg/L as N","EPA 351.2 (DWR Modified) [1]*","1 Feet","Water, Natural","Normal Sample","0",NA,NA,"N"
"367","E3S80462003","EL0319B0062",2019-03-14 07:04:00,"0311","1000 - Non-Public, Review Status Unknown","03/14/2019 07:04","Dissolved ortho-Phosphate","14265-44-2",NA,"0.063","0.05","mg/L as P","EPA 365.1 DWR Modified [1]*","1 Feet","Water, Natural","Normal Sample","0",NA,NA,"N"
"368","E3S80192066","EL0319B0065",2019-03-14 07:22:00,"0311","1000 - Non-Public, Review Status Unknown","03/14/2019 07:22","Dissolved Nitrate + Nitrite","NO3+NO2",NA,"0.43","0.05","mg/L as N","Std Method 4500-NO3-F (DWR Modified) [1]*","1 Feet","Water, Natural","Normal Sample","0",NA,NA,"N"
"369","E3S80192066","EL0319B0065",2019-03-14 07:22:00,"0311","1000 - Non-Public, Review Status Unknown","03/14/2019 07:22","Total Phosphorus","7723-14-0",NA,"0.12","0.01","mg/L as P","EPA 365.4 (DWR Modified) [1]*","1 Feet","Water, Natural","Normal Sample","0",NA,NA,"N"
"370","E3S80192066","EL0319B0065",2019-03-14 07:22:00,"0311","1000 - Non-Public, Review Status Unknown","03/14/2019 07:22","Total Kjeldahl Nitrogen","TKN",NA,"0.5","0.1","mg/L as N","EPA 351.2 (DWR Modified) [1]*","1 Feet","Water, Natural","Normal Sample","0",NA,NA,"N"
"371","E3S80192066","EL0319B0065",2019-03-14 07:22:00,"0311","1000 - Non-Public, Review Status Unknown","03/14/2019 07:22","Dissolved ortho-Phosphate","14265-44-2",NA,"0.081","0.05","mg/L as P","EPA 365.1 DWR Modified [1]*","1 Feet","Water, Natural","Normal Sample","0",NA,NA,"N"
"372","E3S80202066","EL0319B0066",2019-03-14 07:35:00,"0311","1000 - Non-Public, Review Status Unknown","03/14/2019 07:35","Dissolved Nitrate + Nitrite","NO3+NO2",NA,"0.46","0.05","mg/L as N","Std Method 4500-NO3-F (DWR Modified) [1]*","1 Feet","Water, Natural","Normal Sample","0",NA,NA,"N"
"373","E3S80202066","EL0319B0066",2019-03-14 07:35:00,"0311","1000 - Non-Public, Review Status Unknown","03/14/2019 07:35","Total Phosphorus","7723-14-0",NA,"0.122","0.01","mg/L as P","EPA 365.4 (DWR Modified) [1]*","1 Feet","Water, Natural","Normal Sample","0",NA,NA,"N"
"374","E3S80202066","EL0319B0066",2019-03-14 07:35:00,"0311","1000 - Non-Public, Review Status Unknown","03/14/2019 07:35","Total Kjeldahl Nitrogen","TKN",NA,"0.5","0.1","mg/L as N","EPA 351.2 (DWR Modified) [1]*","1 Feet","Water, Natural","Normal Sample","0",NA,NA,"N"
"375","E3S80202066","EL0319B0066",2019-03-14 07:35:00,"0311","1000 - Non-Public, Review Status Unknown","03/14/2019 07:35","Dissolved ortho-Phosphate","14265-44-2",NA,"0.084","0.05","mg/L as P","EPA 365.1 DWR Modified [1]*","1 Feet","Water, Natural","Normal Sample","0",NA,NA,"N"
"376","E3S80482010","EL0319B0059",2019-03-14 08:01:00,"0311","1000 - Non-Public, Review Status Unknown","03/14/2019 08:01","Dissolved Nitrate + Nitrite","NO3+NO2",NA,"0.248","0.05","mg/L as N","Std Method 4500-NO3-F (DWR Modified) [1]*","1 Feet","Water, Natural","Normal Sample","0",NA,NA,"N"
"377","E3S80482010","EL0319B0059",2019-03-14 08:01:00,"0311","1000 - Non-Public, Review Status Unknown","03/14/2019 08:01","Total Phosphorus","7723-14-0",NA,"0.1","0.01","mg/L as P","EPA 365.4 (DWR Modified) [1]*","1 Feet","Water, Natural","Normal Sample","0",NA,NA,"N"
"378","E3S80482010","EL0319B0059",2019-03-14 08:01:00,"0311","1000 - Non-Public, Review Status Unknown","03/14/2019 08:01","Total Kjeldahl Nitrogen","TKN",NA,"0.314","0.1","mg/L as N","EPA 351.2 (DWR Modified) [1]*","1 Feet","Water, Natural","Normal Sample","0",NA,NA,"N"
"379","E3S80482010","EL0319B0059",2019-03-14 08:01:00,"0311","1000 - Non-Public, Review Status Unknown","03/14/2019 08:01","Dissolved ortho-Phosphate","14265-44-2",NA,"0.084","0.05","mg/L as P","EPA 365.1 DWR Modified [1]*","1 Feet","Water, Natural","Normal Sample","0",NA,NA,"N"
"380","E3S804102007","EL0319B0060",2019-03-14 08:31:00,"0311","1000 - Non-Public, Review Status Unknown","03/14/2019 08:31","Dissolved Nitrate + Nitrite","NO3+NO2",NA,"0.248","0.05","mg/L as N","Std Method 4500-NO3-F (DWR Modified) [1]*","1 Feet","Water, Natural","Normal Sample","0",NA,NA,"N"
"381","E3S804102007","EL0319B0060",2019-03-14 08:31:00,"0311","1000 - Non-Public, Review Status Unknown","03/14/2019 08:31","Total Phosphorus","7723-14-0",NA,"0.1","0.01","mg/L as P","EPA 365.4 (DWR Modified) [1]*","1 Feet","Water, Natural","Normal Sample","0",NA,NA,"N"
"382","E3S804102007","EL0319B0060",2019-03-14 08:31:00,"0311","1000 - Non-Public, Review Status Unknown","03/14/2019 08:31","Total Kjeldahl Nitrogen","TKN",NA,"0.317","0.1","mg/L as N","EPA 351.2 (DWR Modified) [1]*","1 Feet","Water, Natural","Normal Sample","0",NA,NA,"N"
"383","E3S804102007","EL0319B0060",2019-03-14 08:31:00,"0311","1000 - Non-Public, Review Status Unknown","03/14/2019 08:31","Dissolved ortho-Phosphate","14265-44-2",NA,"0.082","0.05","mg/L as P","EPA 365.1 DWR Modified [1]*","1 Feet","Water, Natural","Normal Sample","0",NA,NA,"N"
"384","B9S80241522","EL0319B0058",2019-03-14 08:53:00,"0311","1000 - Non-Public, Review Status Unknown","03/14/2019 08:53","Dissolved Nitrate + Nitrite","NO3+NO2",NA,"0.378","0.05","mg/L as N","Std Method 4500-NO3-F (DWR Modified) [1]*","1 Feet","Water, Natural","Normal Sample","0",NA,NA,"N"
"385","B9S80241522","EL0319B0058",2019-03-14 08:53:00,"0311","1000 - Non-Public, Review Status Unknown","03/14/2019 08:53","Total Phosphorus","7723-14-0",NA,"0.07","0.01","mg/L as P","EPA 365.4 (DWR Modified) [1]*","1 Feet","Water, Natural","Normal Sample","0",NA,NA,"N"
"386","B9S80241522","EL0319B0058",2019-03-14 08:53:00,"0311","1000 - Non-Public, Review Status Unknown","03/14/2019 08:53","Total Kjeldahl Nitrogen","TKN",NA,"0.375","0.1","mg/L as N","EPA 351.2 (DWR Modified) [1]*","1 Feet","Water, Natural","Normal Sample","0",NA,NA,"N"
"387","B9S80241522","EL0319B0058",2019-03-14 08:53:00,"0311","1000 - Non-Public, Review Status Unknown","03/14/2019 08:53","Dissolved ortho-Phosphate","14265-44-2",NA,"0.07","0.05","mg/L as P","EPA 365.1 DWR Modified [1]*","1 Feet","Water, Natural","Normal Sample","0",NA,NA,"N"
"388","E3S80192049","EL0319B0063",2019-03-14 09:03:00,"0311","1000 - Non-Public, Review Status Unknown","03/14/2019 09:03","Dissolved Nitrate + Nitrite","NO3+NO2",NA,"0.63","0.05","mg/L as N","Std Method 4500-NO3-F (DWR Modified) [1]*","1 Feet","Water, Natural","Normal Sample","0",NA,NA,"N"
"389","E3S80192049","EL0319B0063",2019-03-14 09:03:00,"0311","1000 - Non-Public, Review Status Unknown","03/14/2019 09:03","Total Phosphorus","7723-14-0",NA,"0.17","0.01","mg/L as P","EPA 365.4 (DWR Modified) [1]*","1 Feet","Water, Natural","Normal Sample","0",NA,NA,"N"
"390","E3S80192049","EL0319B0063",2019-03-14 09:03:00,"0311","1000 - Non-Public, Review Status Unknown","03/14/2019 09:03","Total Kjeldahl Nitrogen","TKN",NA,"0.5","0.1","mg/L as N","EPA 351.2 (DWR Modified) [1]*","1 Feet","Water, Natural","Normal Sample","0",NA,NA,"N"
"391","E3S80192049","EL0319B0063",2019-03-14 09:03:00,"0311","1000 - Non-Public, Review Status Unknown","03/14/2019 09:03","Dissolved ortho-Phosphate","14265-44-2",NA,"0.155","0.05","mg/L as P","EPA 365.1 DWR Modified [1]*","1 Feet","Water, Natural","Normal Sample","0",NA,NA,"N"
"392","B9S80231523","EL0319B0056",2019-03-14 09:04:00,"0311","1000 - Non-Public, Review Status Unknown","03/14/2019 09:04","Dissolved Nitrate + Nitrite","NO3+NO2",NA,"0.38","0.05","mg/L as N","Std Method 4500-NO3-F (DWR Modified) [1]*","1 Feet","Water, Natural","Normal Sample","0",NA,NA,"N"
"393","B9S80231523","EL0319B0056",2019-03-14 09:04:00,"0311","1000 - Non-Public, Review Status Unknown","03/14/2019 09:04","Total Phosphorus","7723-14-0",NA,"0.078","0.01","mg/L as P","EPA 365.4 (DWR Modified) [1]*","1 Feet","Water, Natural","Normal Sample","0",NA,NA,"N"
"394","B9S80231523","EL0319B0056",2019-03-14 09:04:00,"0311","1000 - Non-Public, Review Status Unknown","03/14/2019 09:04","Total Kjeldahl Nitrogen","TKN",NA,"0.4","0.1","mg/L as N","EPA 351.2 (DWR Modified) [1]*","1 Feet","Water, Natural","Normal Sample","0",NA,NA,"N"
"395","B9S80231523","EL0319B0056",2019-03-14 09:04:00,"0311","1000 - Non-Public, Review Status Unknown","03/14/2019 09:04","Dissolved ortho-Phosphate","14265-44-2",NA,"0.075","0.05","mg/L as P","EPA 365.1 DWR Modified [1]*","1 Feet","Water, Natural","Normal Sample","0",NA,NA,"N"
"396","E3S80462005","EL0319B0061",2019-03-14 09:24:00,"0311","1000 - Non-Public, Review Status Unknown","03/14/2019 09:24","Dissolved Nitrate + Nitrite","NO3+NO2",NA,"0.24","0.05","mg/L as N","Std Method 4500-NO3-F (DWR Modified) [1]*","1 Feet","Water, Natural","Normal Sample","0",NA,NA,"N"
"397","E3S80462005","EL0319B0061",2019-03-14 09:24:00,"0311","1000 - Non-Public, Review Status Unknown","03/14/2019 09:24","Total Phosphorus","7723-14-0",NA,"0.09","0.01","mg/L as P","EPA 365.4 (DWR Modified) [1]*","1 Feet","Water, Natural","Normal Sample","0",NA,NA,"N"
"398","E3S80462005","EL0319B0061",2019-03-14 09:24:00,"0311","1000 - Non-Public, Review Status Unknown","03/14/2019 09:24","Total Kjeldahl Nitrogen","TKN",NA,"0.314","0.1","mg/L as N","EPA 351.2 (DWR Modified) [1]*","1 Feet","Water, Natural","Normal Sample","0",NA,NA,"N"
"399","E3S80462005","EL0319B0061",2019-03-14 09:24:00,"0311","1000 - Non-Public, Review Status Unknown","03/14/2019 09:24","Dissolved ortho-Phosphate","14265-44-2",NA,"0.08","0.05","mg/L as P","EPA 365.1 DWR Modified [1]*","1 Feet","Water, Natural","Normal Sample","0",NA,NA,"N"
"400","E3S80212052","EL0319B0064",2019-03-14 10:15:00,"0311","1000 - Non-Public, Review Status Unknown","03/14/2019 10:15","Dissolved Nitrate + Nitrite","NO3+NO2",NA,"0.63","0.05","mg/L as N","Std Method 4500-NO3-F (DWR Modified) [1]*","1 Feet","Water, Natural","Normal Sample","0",NA,NA,"N"
"401","E3S80212052","EL0319B0064",2019-03-14 10:15:00,"0311","1000 - Non-Public, Review Status Unknown","03/14/2019 10:15","Total Phosphorus","7723-14-0",NA,"0.13","0.01","mg/L as P","EPA 365.4 (DWR Modified) [1]*","1 Feet","Water, Natural","Normal Sample","0",NA,NA,"N"
"402","E3S80212052","EL0319B0064",2019-03-14 10:15:00,"0311","1000 - Non-Public, Review Status Unknown","03/14/2019 10:15","Total Kjeldahl Nitrogen","TKN",NA,"0.4","0.1","mg/L as N","EPA 351.2 (DWR Modified) [1]*","1 Feet","Water, Natural","Normal Sample","0",NA,NA,"N"
"403","E3S80212052","EL0319B0064",2019-03-14 10:15:00,"0311","1000 - Non-Public, Review Status Unknown","03/14/2019 10:15","Dissolved ortho-Phosphate","14265-44-2",NA,"0.129","0.05","mg/L as P","EPA 365.1 DWR Modified [1]*","1 Feet","Water, Natural","Normal Sample","0",NA,NA,"N"
"404","E3S81031544","EL0319B0049",2019-03-14 10:40:00,"0311","1000 - Non-Public, Review Status Unknown","03/14/2019 10:40","Dissolved Nitrate + Nitrite","NO3+NO2",NA,"0.26","0.05","mg/L as N","Std Method 4500-NO3-F (DWR Modified) [1]*","1 Feet","Water, Natural","Normal Sample","0",NA,NA,"N"
"405","E3S81031544","EL0319B0049",2019-03-14 10:40:00,"0311","1000 - Non-Public, Review Status Unknown","03/14/2019 10:40","Total Phosphorus","7723-14-0",NA,"0.2","0.01","mg/L as P","EPA 365.4 (DWR Modified) [1]*","1 Feet","Water, Natural","Normal Sample","0",NA,NA,"N"
"406","E3S81031544","EL0319B0049",2019-03-14 10:40:00,"0311","1000 - Non-Public, Review Status Unknown","03/14/2019 10:40","Total Kjeldahl Nitrogen","TKN",NA,"0.9","0.1","mg/L as N","EPA 351.2 (DWR Modified) [1]*","1 Feet","Water, Natural","Normal Sample","0",NA,NA,"N"
"407","E3S81031544","EL0319B0049",2019-03-14 10:40:00,"0311","1000 - Non-Public, Review Status Unknown","03/14/2019 10:40","Dissolved ortho-Phosphate","14265-44-2",NA,"0.09","0.05","mg/L as P","EPA 365.1 DWR Modified [1]*","1 Feet","Water, Natural","Normal Sample","0",NA,NA,"N"
"408","E3S81051544","EL0319B0050",2019-03-14 11:15:00,"0311","1000 - Non-Public, Review Status Unknown","03/14/2019 11:15","Dissolved Nitrate + Nitrite","NO3+NO2",NA,"0.27","0.05","mg/L as N","Std Method 4500-NO3-F (DWR Modified) [1]*","1 Feet","Water, Natural","Normal Sample","0",NA,NA,"N"
"409","E3S81051544","EL0319B0050",2019-03-14 11:15:00,"0311","1000 - Non-Public, Review Status Unknown","03/14/2019 11:15","Total Phosphorus","7723-14-0",NA,"0.159","0.01","mg/L as P","EPA 365.4 (DWR Modified) [1]*","1 Feet","Water, Natural","Normal Sample","0",NA,NA,"N"
"410","E3S81051544","EL0319B0050",2019-03-14 11:15:00,"0311","1000 - Non-Public, Review Status Unknown","03/14/2019 11:15","Total Kjeldahl Nitrogen","TKN",NA,"0.63","0.1","mg/L as N","EPA 351.2 (DWR Modified) [1]*","1 Feet","Water, Natural","Normal Sample","0",NA,NA,"N"
"411","E3S81051544","EL0319B0050",2019-03-14 11:15:00,"0311","1000 - Non-Public, Review Status Unknown","03/14/2019 11:15","Dissolved ortho-Phosphate","14265-44-2",NA,"0.084","0.05","mg/L as P","EPA 365.1 DWR Modified [1]*","1 Feet","Water, Natural","Normal Sample","0",NA,NA,"N"
"412","E3S81071545","EL0319B0051",2019-03-14 12:00:00,"0311","1000 - Non-Public, Review Status Unknown","03/14/2019 12:00","Dissolved Nitrate + Nitrite","NO3+NO2",NA,"0.26","0.05","mg/L as N","Std Method 4500-NO3-F (DWR Modified) [1]*","1 Feet","Water, Natural","Normal Sample","0",NA,NA,"N"
"413","E3S81071545","EL0319B0051",2019-03-14 12:00:00,"0311","1000 - Non-Public, Review Status Unknown","03/14/2019 12:00","Total Phosphorus","7723-14-0",NA,"0.152","0.01","mg/L as P","EPA 365.4 (DWR Modified) [1]*","1 Feet","Water, Natural","Normal Sample","0",NA,NA,"N"
"414","E3S81071545","EL0319B0051",2019-03-14 12:00:00,"0311","1000 - Non-Public, Review Status Unknown","03/14/2019 12:00","Total Kjeldahl Nitrogen","TKN",NA,"0.9","0.1","mg/L as N","EPA 351.2 (DWR Modified) [1]*","1 Feet","Water, Natural","Normal Sample","0",NA,NA,"N"
"415","E3S81071545","EL0319B0051",2019-03-14 12:00:00,"0311","1000 - Non-Public, Review Status Unknown","03/14/2019 12:00","Dissolved ortho-Phosphate","14265-44-2",NA,"0.082","0.05","mg/L as P","EPA 365.1 DWR Modified [1]*","1 Feet","Water, Natural","Normal Sample","0",NA,NA,"N"
"416","E3S81071545","EL0319B0055",2019-03-14 12:00:00,NA,NA,NA,NA,NA,NA,NA,NA,NA,NA,NA,NA,NA,NA,NA,NA,NA
"417","E3S81051561","EL0319B0052",2019-03-14 12:15:00,"0311","1000 - Non-Public, Review Status Unknown","03/14/2019 12:15","Dissolved Nitrate + Nitrite","NO3+NO2",NA,"0.28","0.05","mg/L as N","Std Method 4500-NO3-F (DWR Modified) [1]*","1 Feet","Water, Natural","Normal Sample","0",NA,NA,"N"
"418","E3S81051561","EL0319B0052",2019-03-14 12:15:00,"0311","1000 - Non-Public, Review Status Unknown","03/14/2019 12:15","Total Phosphorus","7723-14-0",NA,"0.154","0.01","mg/L as P","EPA 365.4 (DWR Modified) [1]*","1 Feet","Water, Natural","Normal Sample","0",NA,NA,"N"
"419","E3S81051561","EL0319B0052",2019-03-14 12:15:00,"0311","1000 - Non-Public, Review Status Unknown","03/14/2019 12:15","Total Kjeldahl Nitrogen","TKN",NA,"0.7","0.1","mg/L as N","EPA 351.2 (DWR Modified) [1]*","1 Feet","Water, Natural","Normal Sample","0",NA,NA,"N"
"420","E3S81051561","EL0319B0052",2019-03-14 12:15:00,"0311","1000 - Non-Public, Review Status Unknown","03/14/2019 12:15","Dissolved ortho-Phosphate","14265-44-2",NA,"0.066","0.05","mg/L as P","EPA 365.1 DWR Modified [1]*","1 Feet","Water, Natural","Normal Sample","0",NA,NA,"N"
"421","E3S81041559","EL0319B0053",2019-03-14 12:45:00,"0311","1000 - Non-Public, Review Status Unknown","03/14/2019 12:45","Dissolved Nitrate + Nitrite","NO3+NO2",NA,"0.253","0.05","mg/L as N","Std Method 4500-NO3-F (DWR Modified) [1]*","1 Feet","Water, Natural","Normal Sample","0",NA,NA,"N"
"422","E3S81041559","EL0319B0053",2019-03-14 12:45:00,"0311","1000 - Non-Public, Review Status Unknown","03/14/2019 12:45","Total Phosphorus","7723-14-0",NA,"0.17","0.01","mg/L as P","EPA 365.4 (DWR Modified) [1]*","1 Feet","Water, Natural","Normal Sample","0",NA,NA,"N"
"423","E3S81041559","EL0319B0053",2019-03-14 12:45:00,"0311","1000 - Non-Public, Review Status Unknown","03/14/2019 12:45","Total Kjeldahl Nitrogen","TKN",NA,"0.6","0.1","mg/L as N","EPA 351.2 (DWR Modified) [1]*","1 Feet","Water, Natural","Normal Sample","0",NA,NA,"N"
"424","E3S81041559","EL0319B0053",2019-03-14 12:45:00,"0311","1000 - Non-Public, Review Status Unknown","03/14/2019 12:45","Dissolved ortho-Phosphate","14265-44-2",NA,"0.114","0.05","mg/L as P","EPA 365.1 DWR Modified [1]*","1 Feet","Water, Natural","Normal Sample","0",NA,NA,"N"
"425","B9S80221524","EL0319B0057",2019-03-14 13:22:00,"0311","1000 - Non-Public, Review Status Unknown","03/14/2019 13:22","Dissolved Nitrate + Nitrite","NO3+NO2",NA,"0.35","0.05","mg/L as N","Std Method 4500-NO3-F (DWR Modified) [1]*","1 Feet","Water, Natural","Normal Sample","0",NA,NA,"N"
"426","B9S80221524","EL0319B0057",2019-03-14 13:22:00,"0311","1000 - Non-Public, Review Status Unknown","03/14/2019 13:22","Total Phosphorus","7723-14-0",NA,"0.09","0.01","mg/L as P","EPA 365.4 (DWR Modified) [1]*","1 Feet","Water, Natural","Normal Sample","0",NA,NA,"N"
"427","B9S80221524","EL0319B0057",2019-03-14 13:22:00,"0311","1000 - Non-Public, Review Status Unknown","03/14/2019 13:22","Total Kjeldahl Nitrogen","TKN",NA,"0.4","0.1","mg/L as N","EPA 351.2 (DWR Modified) [1]*","1 Feet","Water, Natural","Normal Sample","0",NA,NA,"N"
"428","B9S80221524","EL0319B0057",2019-03-14 13:22:00,"0311","1000 - Non-Public, Review Status Unknown","03/14/2019 13:22","Dissolved ortho-Phosphate","14265-44-2",NA,"0.087","0.05","mg/L as P","EPA 365.1 DWR Modified [1]*","1 Feet","Water, Natural","Normal Sample","0",NA,NA,"N"
"429","E3S81041558","EL0319B0054",2019-03-14 13:30:00,"0311","1000 - Non-Public, Review Status Unknown","03/14/2019 13:30","Dissolved Nitrate + Nitrite","NO3+NO2",NA,"0.28","0.05","mg/L as N","Std Method 4500-NO3-F (DWR Modified) [1]*","1 Feet","Water, Natural","Normal Sample","0",NA,NA,"N"
"430","E3S81041558","EL0319B0054",2019-03-14 13:30:00,"0311","1000 - Non-Public, Review Status Unknown","03/14/2019 13:30","Total Phosphorus","7723-14-0",NA,"0.14","0.01","mg/L as P","EPA 365.4 (DWR Modified) [1]*","1 Feet","Water, Natural","Normal Sample","0",NA,NA,"N"
"431","E3S81041558","EL0319B0054",2019-03-14 13:30:00,"0311","1000 - Non-Public, Review Status Unknown","03/14/2019 13:30","Total Kjeldahl Nitrogen","TKN",NA,"0.7","0.1","mg/L as N","EPA 351.2 (DWR Modified) [1]*","1 Feet","Water, Natural","Normal Sample","0",NA,NA,"N"
"432","E3S81041558","EL0319B0054",2019-03-14 13:30:00,"0311","1000 - Non-Public, Review Status Unknown","03/14/2019 13:30","Dissolved ortho-Phosphate","14265-44-2",NA,"0.067","0.05","mg/L as P","EPA 365.1 DWR Modified [1]*","1 Feet","Water, Natural","Normal Sample","0",NA,NA,"N"
"433","E3S811101553","EL0319B0048",2019-03-14 15:05:00,"0311","1000 - Non-Public, Review Status Unknown","03/14/2019 15:05","Dissolved Nitrate + Nitrite","NO3+NO2",NA,"0.41","0.05","mg/L as N","Std Method 4500-NO3-F (DWR Modified) [1]*","1 Feet","Water, Natural","Normal Sample","0",NA,NA,"N"
"434","E3S811101553","EL0319B0048",2019-03-14 15:05:00,"0311","1000 - Non-Public, Review Status Unknown","03/14/2019 15:05","Total Phosphorus","7723-14-0",NA,"0.23","0.01","mg/L as P","EPA 365.4 (DWR Modified) [1]*","1 Feet","Water, Natural","Normal Sample","0",NA,NA,"N"
"435","E3S811101553","EL0319B0048",2019-03-14 15:05:00,"0311","1000 - Non-Public, Review Status Unknown","03/14/2019 15:05","Total Kjeldahl Nitrogen","TKN",NA,"1.4","0.1","mg/L as N","EPA 351.2 (DWR Modified) [1]*","1 Feet","Water, Natural","Normal Sample","0",NA,NA,"N"
"436","E3S811101553","EL0319B0048",2019-03-14 15:05:00,"0311","1000 - Non-Public, Review Status Unknown","03/14/2019 15:05","Dissolved ortho-Phosphate","14265-44-2",NA,"0.053","0.05","mg/L as P","EPA 365.1 DWR Modified [1]*","1 Feet","Water, Natural","Normal Sample","0",NA,NA,"N"
"437","E3S81191549","EL0319B0046",2019-03-14 15:45:00,"0311","1000 - Non-Public, Review Status Unknown","03/14/2019 15:45","Dissolved Nitrate + Nitrite","NO3+NO2",NA,"0.24","0.05","mg/L as N","Std Method 4500-NO3-F (DWR Modified) [1]*","1 Feet","Water, Natural","Normal Sample","0",NA,NA,"N"
"438","E3S81191549","EL0319B0046",2019-03-14 15:45:00,"0311","1000 - Non-Public, Review Status Unknown","03/14/2019 15:45","Total Phosphorus","7723-14-0",NA,"0.23","0.01","mg/L as P","EPA 365.4 (DWR Modified) [1]*","1 Feet","Water, Natural","Normal Sample","0",NA,NA,"N"
"439","E3S81191549","EL0319B0046",2019-03-14 15:45:00,"0311","1000 - Non-Public, Review Status Unknown","03/14/2019 15:45","Total Kjeldahl Nitrogen","TKN",NA,"1.4","0.1","mg/L as N","EPA 351.2 (DWR Modified) [1]*","1 Feet","Water, Natural","Normal Sample","0",NA,NA,"N"
"440","E3S81191549","EL0319B0046",2019-03-14 15:45:00,"0311","1000 - Non-Public, Review Status Unknown","03/14/2019 15:45","Dissolved ortho-Phosphate","14265-44-2",NA,"0.073","0.05","mg/L as P","EPA 365.1 DWR Modified [1]*","1 Feet","Water, Natural","Normal Sample","0",NA,NA,"N"
"441","E3S811101550","EL0319B0047",2019-03-14 15:45:00,"0311","1000 - Non-Public, Review Status Unknown","03/14/2019 15:45","Dissolved Nitrate + Nitrite","NO3+NO2",NA,"0.315","0.05","mg/L as N","Std Method 4500-NO3-F (DWR Modified) [1]*","1 Feet","Water, Natural","Normal Sample","0",NA,NA,"N"
"442","E3S811101550","EL0319B0047",2019-03-14 15:45:00,"0311","1000 - Non-Public, Review Status Unknown","03/14/2019 15:45","Total Phosphorus","7723-14-0","Y","0.245","0.01","mg/L as P","EPA 365.4 (DWR Modified) [1]*","1 Feet","Water, Natural","Normal Sample","0",NA,NA,"N"
"443","E3S811101550","EL0319B0047",2019-03-14 15:45:00,"0311","1000 - Non-Public, Review Status Unknown","03/14/2019 15:45","Total Phosphorus","7723-14-0",NA,"0.24","0.01","mg/L as P","EPA 365.4 (DWR Modified) [1]*","1 Feet","Water, Natural","Normal Sample","0",NA,NA,"N"
"444","E3S811101550","EL0319B0047",2019-03-14 15:45:00,"0311","1000 - Non-Public, Review Status Unknown","03/14/2019 15:45","Total Kjeldahl Nitrogen","TKN","Y","1.4","0.1","mg/L as N","EPA 351.2 (DWR Modified) [1]*","1 Feet","Water, Natural","Normal Sample","0",NA,NA,"N"
"445","E3S811101550","EL0319B0047",2019-03-14 15:45:00,"0311","1000 - Non-Public, Review Status Unknown","03/14/2019 15:45","Total Kjeldahl Nitrogen","TKN",NA,"1.4","0.1","mg/L as N","EPA 351.2 (DWR Modified) [1]*","1 Feet","Water, Natural","Normal Sample","0",NA,NA,"N"
"446","E3S811101550","EL0319B0047",2019-03-14 15:45:00,"0311","1000 - Non-Public, Review Status Unknown","03/14/2019 15:45","Dissolved ortho-Phosphate","14265-44-2",NA,"0.086","0.05","mg/L as P","EPA 365.1 DWR Modified [1]*","1 Feet","Water, Natural","Normal Sample","0",NA,NA,"N"
"447","E3S811920110","EL0319B0043",2019-03-15 09:05:00,"0311","1000 - Non-Public, Review Status Unknown","03/15/2019 09:05","Dissolved Nitrate + Nitrite","NO3+NO2",NA,"0.52","0.05","mg/L as N","Std Method 4500-NO3-F (DWR Modified) [1]*","1 Feet","Water, Natural","Normal Sample","0",NA,NA,"N"
"448","E3S811920110","EL0319B0043",2019-03-15 09:05:00,"0311","1000 - Non-Public, Review Status Unknown","03/15/2019 09:05","Total Phosphorus","7723-14-0",NA,"0.23","0.01","mg/L as P","EPA 365.4 (DWR Modified) [1]*","1 Feet","Water, Natural","Normal Sample","0",NA,NA,"N"
"449","E3S811920110","EL0319B0043",2019-03-15 09:05:00,"0311","1000 - Non-Public, Review Status Unknown","03/15/2019 09:05","Total Kjeldahl Nitrogen","TKN",NA,"0.7","0.1","mg/L as N","EPA 351.2 (DWR Modified) [1]*","1 Feet","Water, Natural","Normal Sample","0",NA,NA,"N"
"450","E3S811920110","EL0319B0043",2019-03-15 09:05:00,"0311","1000 - Non-Public, Review Status Unknown","03/15/2019 09:05","Dissolved ortho-Phosphate","14265-44-2",NA,"0.146","0.05","mg/L as P","EPA 365.1 DWR Modified [1]*","1 Feet","Water, Natural","Normal Sample","0",NA,NA,"N"
"451","E3S811720110","EL0319B0045",2019-03-15 09:05:00,"0311","1000 - Non-Public, Review Status Unknown","03/15/2019 09:05","Dissolved Nitrate + Nitrite","NO3+NO2",NA,"0.33","0.05","mg/L as N","Std Method 4500-NO3-F (DWR Modified) [1]*","1 Feet","Water, Natural","Normal Sample","0",NA,NA,"N"
"452","E3S811720110","EL0319B0045",2019-03-15 09:05:00,"0311","1000 - Non-Public, Review Status Unknown","03/15/2019 09:05","Total Phosphorus","7723-14-0",NA,"0.154","0.01","mg/L as P","EPA 365.4 (DWR Modified) [1]*","1 Feet","Water, Natural","Normal Sample","0",NA,NA,"N"
"453","E3S811720110","EL0319B0045",2019-03-15 09:05:00,"0311","1000 - Non-Public, Review Status Unknown","03/15/2019 09:05","Total Kjeldahl Nitrogen","TKN",NA,"0.6","0.1","mg/L as N","EPA 351.2 (DWR Modified) [1]*","1 Feet","Water, Natural","Normal Sample","0",NA,NA,"N"
"454","E3S811720110","EL0319B0045",2019-03-15 09:05:00,"0311","1000 - Non-Public, Review Status Unknown","03/15/2019 09:05","Dissolved ortho-Phosphate","14265-44-2",NA,"0.096","0.05","mg/L as P","EPA 365.1 DWR Modified [1]*","1 Feet","Water, Natural","Normal Sample","0",NA,NA,"N"
"455","E3S81182017","EL0319B0044",2019-03-15 10:45:00,"0311","1000 - Non-Public, Review Status Unknown","03/15/2019 10:45","Dissolved Nitrate + Nitrite","NO3+NO2",NA,"0.442","0.05","mg/L as N","Std Method 4500-NO3-F (DWR Modified) [1]*","1 Feet","Water, Natural","Normal Sample","0",NA,NA,"N"
"456","E3S81182017","EL0319B0044",2019-03-15 10:45:00,"0311","1000 - Non-Public, Review Status Unknown","03/15/2019 10:45","Total Phosphorus","7723-14-0",NA,"0.2","0.01","mg/L as P","EPA 365.4 (DWR Modified) [1]*","1 Feet","Water, Natural","Normal Sample","0",NA,NA,"N"
"457","E3S81182017","EL0319B0044",2019-03-15 10:45:00,"0311","1000 - Non-Public, Review Status Unknown","03/15/2019 10:45","Total Kjeldahl Nitrogen","TKN",NA,"0.7","0.1","mg/L as N","EPA 351.2 (DWR Modified) [1]*","1 Feet","Water, Natural","Normal Sample","0",NA,NA,"N"
"458","E3S81182017","EL0319B0044",2019-03-15 10:45:00,"0311","1000 - Non-Public, Review Status Unknown","03/15/2019 10:45","Dissolved ortho-Phosphate","14265-44-2",NA,"0.126","0.05","mg/L as P","EPA 365.1 DWR Modified [1]*","1 Feet","Water, Natural","Normal Sample","0",NA,NA,"N"
"459","Blank; Equipment (ID:47718","EL0319B0067",2019-03-15 12:00:00,NA,NA,NA,NA,NA,NA,NA,NA,NA,NA,NA,NA,NA,NA,NA,NA,NA
"460","E3S81071545","EL0319B0076",2019-03-19 01:00:00,"0311","1000 - Non-Public, Review Status Unknown","03/19/2019 01:00","Dissolved Nitrate + Nitrite","NO3+NO2",NA,"0.27","0.05","mg/L as N","Std Method 4500-NO3-F (DWR Modified) [1]*","1 Feet","Water, Natural","Normal Sample","0",NA,NA,"N"
"461","E3S81071545","EL0319B0076",2019-03-19 01:00:00,"0311","1000 - Non-Public, Review Status Unknown","03/19/2019 01:00","Total Phosphorus","7723-14-0",NA,"0.125","0.01","mg/L as P","EPA 365.4 (DWR Modified) [1]*","1 Feet","Water, Natural","Normal Sample","0",NA,NA,"N"
"462","E3S81071545","EL0319B0076",2019-03-19 01:00:00,"0311","1000 - Non-Public, Review Status Unknown","03/19/2019 01:00","Total Kjeldahl Nitrogen","TKN",NA,"0.5","0.1","mg/L as N","EPA 351.2 (DWR Modified) [1]*","1 Feet","Water, Natural","Normal Sample","0",NA,NA,"N"
"463","E3S81071545","EL0319B0076",2019-03-19 01:00:00,"0311","1000 - Non-Public, Review Status Unknown","03/19/2019 01:00","Dissolved ortho-Phosphate","14265-44-2",NA,"0.064","0.05","mg/L as P","EPA 365.1 DWR Modified [1]*","1 Feet","Water, Natural","Normal Sample","0",NA,NA,"N"
"464","E3S81051561","EL0319B0077",2019-03-19 09:30:00,"0311","1000 - Non-Public, Review Status Unknown","03/19/2019 09:30","Dissolved Nitrate + Nitrite","NO3+NO2",NA,"0.28","0.05","mg/L as N","Std Method 4500-NO3-F (DWR Modified) [1]*","1 Feet","Water, Natural","Normal Sample","0",NA,NA,"N"
"465","E3S81051561","EL0319B0077",2019-03-19 09:30:00,"0311","1000 - Non-Public, Review Status Unknown","03/19/2019 09:30","Total Phosphorus","7723-14-0",NA,"0.15","0.01","mg/L as P","EPA 365.4 (DWR Modified) [1]*","1 Feet","Water, Natural","Normal Sample","0",NA,NA,"N"
"466","E3S81051561","EL0319B0077",2019-03-19 09:30:00,"0311","1000 - Non-Public, Review Status Unknown","03/19/2019 09:30","Total Kjeldahl Nitrogen","TKN",NA,"0.5","0.1","mg/L as N","EPA 351.2 (DWR Modified) [1]*","1 Feet","Water, Natural","Normal Sample","0",NA,NA,"N"
"467","E3S81051561","EL0319B0077",2019-03-19 09:30:00,"0311","1000 - Non-Public, Review Status Unknown","03/19/2019 09:30","Dissolved ortho-Phosphate","14265-44-2",NA,"0.071","0.05","mg/L as P","EPA 365.1 DWR Modified [1]*","1 Feet","Water, Natural","Normal Sample","0",NA,NA,"N"
"468","E3S81041559","EL0319B0078",2019-03-19 09:40:00,"0311","1000 - Non-Public, Review Status Unknown","03/19/2019 09:40","Dissolved Nitrate + Nitrite","NO3+NO2",NA,"0.28","0.05","mg/L as N","Std Method 4500-NO3-F (DWR Modified) [1]*","1 Feet","Water, Natural","Normal Sample","0",NA,NA,"N"
"469","E3S81041559","EL0319B0078",2019-03-19 09:40:00,"0311","1000 - Non-Public, Review Status Unknown","03/19/2019 09:40","Total Phosphorus","7723-14-0",NA,"0.15","0.01","mg/L as P","EPA 365.4 (DWR Modified) [1]*","1 Feet","Water, Natural","Normal Sample","0",NA,NA,"N"
"470","E3S81041559","EL0319B0078",2019-03-19 09:40:00,"0311","1000 - Non-Public, Review Status Unknown","03/19/2019 09:40","Total Kjeldahl Nitrogen","TKN",NA,"0.5","0.1","mg/L as N","EPA 351.2 (DWR Modified) [1]*","1 Feet","Water, Natural","Normal Sample","0",NA,NA,"N"
"471","E3S81041559","EL0319B0078",2019-03-19 09:40:00,"0311","1000 - Non-Public, Review Status Unknown","03/19/2019 09:40","Dissolved ortho-Phosphate","14265-44-2",NA,"0.07","0.05","mg/L as P","EPA 365.1 DWR Modified [1]*","1 Feet","Water, Natural","Normal Sample","0",NA,NA,"N"
"472","E3S81041559","EL0319B0080",2019-03-19 09:40:00,NA,NA,NA,NA,NA,NA,NA,NA,NA,NA,NA,NA,NA,NA,NA,NA,NA
"473","E3S80192066","EL0319B0090",2019-03-19 10:36:00,"0311","1000 - Non-Public, Review Status Unknown","03/19/2019 10:36","Dissolved Nitrate + Nitrite","NO3+NO2",NA,"0.37","0.05","mg/L as N","Std Method 4500-NO3-F (DWR Modified) [1]*","1 Feet","Water, Natural","Normal Sample","0",NA,NA,"N"
"474","E3S80192066","EL0319B0090",2019-03-19 10:36:00,"0311","1000 - Non-Public, Review Status Unknown","03/19/2019 10:36","Total Phosphorus","7723-14-0",NA,"0.14","0.01","mg/L as P","EPA 365.4 (DWR Modified) [1]*","1 Feet","Water, Natural","Normal Sample","0",NA,NA,"N"
"475","E3S80192066","EL0319B0090",2019-03-19 10:36:00,"0311","1000 - Non-Public, Review Status Unknown","03/19/2019 10:36","Total Kjeldahl Nitrogen","TKN",NA,"0.5","0.1","mg/L as N","EPA 351.2 (DWR Modified) [1]*","1 Feet","Water, Natural","Normal Sample","0",NA,NA,"N"
"476","E3S80192066","EL0319B0090",2019-03-19 10:36:00,"0311","1000 - Non-Public, Review Status Unknown","03/19/2019 10:36","Dissolved ortho-Phosphate","14265-44-2",NA,"0.077","0.05","mg/L as P","EPA 365.1 DWR Modified [1]*","1 Feet","Water, Natural","Normal Sample","0",NA,NA,"N"
"477","E3S81041558","EL0319B0079",2019-03-19 10:45:00,"0311","1000 - Non-Public, Review Status Unknown","03/19/2019 10:45","Dissolved Nitrate + Nitrite","NO3+NO2",NA,"0.28","0.05","mg/L as N","Std Method 4500-NO3-F (DWR Modified) [1]*","1 Feet","Water, Natural","Normal Sample","0",NA,NA,"N"
"478","E3S81041558","EL0319B0079",2019-03-19 10:45:00,"0311","1000 - Non-Public, Review Status Unknown","03/19/2019 10:45","Total Phosphorus","7723-14-0",NA,"0.17","0.01","mg/L as P","EPA 365.4 (DWR Modified) [1]*","1 Feet","Water, Natural","Normal Sample","0",NA,NA,"N"
"479","E3S81041558","EL0319B0079",2019-03-19 10:45:00,"0311","1000 - Non-Public, Review Status Unknown","03/19/2019 10:45","Total Kjeldahl Nitrogen","TKN",NA,"0.626","0.1","mg/L as N","EPA 351.2 (DWR Modified) [1]*","1 Feet","Water, Natural","Normal Sample","0",NA,NA,"N"
"480","E3S81041558","EL0319B0079",2019-03-19 10:45:00,"0311","1000 - Non-Public, Review Status Unknown","03/19/2019 10:45","Dissolved ortho-Phosphate","14265-44-2",NA,"0.069","0.05","mg/L as P","EPA 365.1 DWR Modified [1]*","1 Feet","Water, Natural","Normal Sample","0",NA,NA,"N"
"481","E3S81191549","EL0319B0071",2019-03-19 11:10:00,"0311","1000 - Non-Public, Review Status Unknown","03/19/2019 11:10","Dissolved Nitrate + Nitrite","NO3+NO2",NA,"0.36","0.05","mg/L as N","Std Method 4500-NO3-F (DWR Modified) [1]*","1 Feet","Water, Natural","Normal Sample","0",NA,NA,"N"
"482","E3S81191549","EL0319B0071",2019-03-19 11:10:00,"0311","1000 - Non-Public, Review Status Unknown","03/19/2019 11:10","Total Phosphorus","7723-14-0",NA,"0.19","0.01","mg/L as P","EPA 365.4 (DWR Modified) [1]*","1 Feet","Water, Natural","Normal Sample","0",NA,NA,"N"
"483","E3S81191549","EL0319B0071",2019-03-19 11:10:00,"0311","1000 - Non-Public, Review Status Unknown","03/19/2019 11:10","Total Kjeldahl Nitrogen","TKN",NA,"1","0.1","mg/L as N","EPA 351.2 (DWR Modified) [1]*","1 Feet","Water, Natural","Normal Sample","0",NA,NA,"N"
"484","E3S81191549","EL0319B0071",2019-03-19 11:10:00,"0311","1000 - Non-Public, Review Status Unknown","03/19/2019 11:10","Dissolved ortho-Phosphate","14265-44-2",NA,"0.062","0.05","mg/L as P","EPA 365.1 DWR Modified [1]*","1 Feet","Water, Natural","Normal Sample","0",NA,NA,"N"
"485","E3S811101550","EL0319B0072",2019-03-19 11:20:00,"0311","1000 - Non-Public, Review Status Unknown","03/19/2019 11:20","Dissolved Nitrate + Nitrite","NO3+NO2",NA,"0.35","0.05","mg/L as N","Std Method 4500-NO3-F (DWR Modified) [1]*","1 Feet","Water, Natural","Normal Sample","0",NA,NA,"N"
"486","E3S811101550","EL0319B0072",2019-03-19 11:20:00,"0311","1000 - Non-Public, Review Status Unknown","03/19/2019 11:20","Total Phosphorus","7723-14-0",NA,"0.26","0.01","mg/L as P","EPA 365.4 (DWR Modified) [1]*","1 Feet","Water, Natural","Normal Sample","0",NA,NA,"N"
"487","E3S811101550","EL0319B0072",2019-03-19 11:20:00,"0311","1000 - Non-Public, Review Status Unknown","03/19/2019 11:20","Total Kjeldahl Nitrogen","TKN",NA,"1","0.1","mg/L as N","EPA 351.2 (DWR Modified) [1]*","1 Feet","Water, Natural","Normal Sample","0",NA,NA,"N"
"488","E3S811101550","EL0319B0072",2019-03-19 11:20:00,"0311","1000 - Non-Public, Review Status Unknown","03/19/2019 11:20","Dissolved ortho-Phosphate","14265-44-2",NA,"0.069","0.05","mg/L as P","EPA 365.1 DWR Modified [1]*","1 Feet","Water, Natural","Normal Sample","0",NA,NA,"N"
"489","E3S80192049","EL0319B0088",2019-03-19 11:30:00,"0311","1000 - Non-Public, Review Status Unknown","03/19/2019 11:30","Dissolved Nitrate + Nitrite","NO3+NO2",NA,"0.37","0.05","mg/L as N","Std Method 4500-NO3-F (DWR Modified) [1]*","1 Feet","Water, Natural","Normal Sample","0",NA,NA,"N"
"490","E3S80192049","EL0319B0088",2019-03-19 11:30:00,"0311","1000 - Non-Public, Review Status Unknown","03/19/2019 11:30","Total Phosphorus","7723-14-0",NA,"0.111","0.01","mg/L as P","EPA 365.4 (DWR Modified) [1]*","1 Feet","Water, Natural","Normal Sample","0",NA,NA,"N"
"491","E3S80192049","EL0319B0088",2019-03-19 11:30:00,"0311","1000 - Non-Public, Review Status Unknown","03/19/2019 11:30","Total Kjeldahl Nitrogen","TKN",NA,"0.435","0.1","mg/L as N","EPA 351.2 (DWR Modified) [1]*","1 Feet","Water, Natural","Normal Sample","0",NA,NA,"N"
"492","E3S80192049","EL0319B0088",2019-03-19 11:30:00,"0311","1000 - Non-Public, Review Status Unknown","03/19/2019 11:30","Dissolved ortho-Phosphate","14265-44-2",NA,"0.073","0.05","mg/L as P","EPA 365.1 DWR Modified [1]*","1 Feet","Water, Natural","Normal Sample","0",NA,NA,"N"
"493","E3S80212052","EL0319B0089",2019-03-19 11:43:00,"0311","1000 - Non-Public, Review Status Unknown","03/19/2019 11:43","Dissolved Nitrate + Nitrite","NO3+NO2",NA,"0.36","0.05","mg/L as N","Std Method 4500-NO3-F (DWR Modified) [1]*","1 Feet","Water, Natural","Normal Sample","0",NA,NA,"N"
"494","E3S80212052","EL0319B0089",2019-03-19 11:43:00,"0311","1000 - Non-Public, Review Status Unknown","03/19/2019 11:43","Total Phosphorus","7723-14-0",NA,"0.12","0.01","mg/L as P","EPA 365.4 (DWR Modified) [1]*","1 Feet","Water, Natural","Normal Sample","0",NA,NA,"N"
"495","E3S80212052","EL0319B0089",2019-03-19 11:43:00,"0311","1000 - Non-Public, Review Status Unknown","03/19/2019 11:43","Total Kjeldahl Nitrogen","TKN",NA,"0.5","0.1","mg/L as N","EPA 351.2 (DWR Modified) [1]*","1 Feet","Water, Natural","Normal Sample","0",NA,NA,"N"
"496","E3S80212052","EL0319B0089",2019-03-19 11:43:00,"0311","1000 - Non-Public, Review Status Unknown","03/19/2019 11:43","Dissolved ortho-Phosphate","14265-44-2",NA,"0.075","0.05","mg/L as P","EPA 365.1 DWR Modified [1]*","1 Feet","Water, Natural","Normal Sample","0",NA,NA,"N"
"497","E3S811101553","EL0319B0073",2019-03-19 11:55:00,"0311","1000 - Non-Public, Review Status Unknown","03/19/2019 11:55","Dissolved Nitrate + Nitrite","NO3+NO2",NA,"0.29","0.05","mg/L as N","Std Method 4500-NO3-F (DWR Modified) [1]*","1 Feet","Water, Natural","Normal Sample","0",NA,NA,"N"
"498","E3S811101553","EL0319B0073",2019-03-19 11:55:00,"0311","1000 - Non-Public, Review Status Unknown","03/19/2019 11:55","Total Phosphorus","7723-14-0",NA,"0.114","0.01","mg/L as P","EPA 365.4 (DWR Modified) [1]*","1 Feet","Water, Natural","Normal Sample","0",NA,NA,"N"
"499","E3S811101553","EL0319B0073",2019-03-19 11:55:00,"0311","1000 - Non-Public, Review Status Unknown","03/19/2019 11:55","Total Kjeldahl Nitrogen","TKN",NA,"0.5","0.1","mg/L as N","EPA 351.2 (DWR Modified) [1]*","1 Feet","Water, Natural","Normal Sample","0",NA,NA,"N"
"500","E3S811101553","EL0319B0073",2019-03-19 11:55:00,"0311","1000 - Non-Public, Review Status Unknown","03/19/2019 11:55","Dissolved ortho-Phosphate","14265-44-2",NA,"0.067","0.05","mg/L as P","EPA 365.1 DWR Modified [1]*","1 Feet","Water, Natural","Normal Sample","0",NA,NA,"N"
"501","E3S81031544","EL0319B0074",2019-03-19 12:20:00,"0311","1000 - Non-Public, Review Status Unknown","03/19/2019 12:20","Dissolved Nitrate + Nitrite","NO3+NO2",NA,"0.28","0.05","mg/L as N","Std Method 4500-NO3-F (DWR Modified) [1]*","1 Feet","Water, Natural","Normal Sample","0",NA,NA,"N"
"502","E3S81031544","EL0319B0074",2019-03-19 12:20:00,"0311","1000 - Non-Public, Review Status Unknown","03/19/2019 12:20","Total Phosphorus","7723-14-0",NA,"0.1","0.01","mg/L as P","EPA 365.4 (DWR Modified) [1]*","1 Feet","Water, Natural","Normal Sample","0",NA,NA,"N"
"503","E3S81031544","EL0319B0074",2019-03-19 12:20:00,"0311","1000 - Non-Public, Review Status Unknown","03/19/2019 12:20","Total Kjeldahl Nitrogen","TKN",NA,"0.441","0.1","mg/L as N","EPA 351.2 (DWR Modified) [1]*","1 Feet","Water, Natural","Normal Sample","0",NA,NA,"N"
"504","E3S81031544","EL0319B0074",2019-03-19 12:20:00,"0311","1000 - Non-Public, Review Status Unknown","03/19/2019 12:20","Dissolved ortho-Phosphate","14265-44-2",NA,"0.069","0.05","mg/L as P","EPA 365.1 DWR Modified [1]*","1 Feet","Water, Natural","Normal Sample","0",NA,NA,"N"
"505","E3S80462003","EL0319B0087",2019-03-19 12:20:00,"0311","1000 - Non-Public, Review Status Unknown","03/19/2019 12:20","Dissolved Nitrate + Nitrite","NO3+NO2",NA,"0.29","0.05","mg/L as N","Std Method 4500-NO3-F (DWR Modified) [1]*","1 Feet","Water, Natural","Normal Sample","0",NA,NA,"N"
"506","E3S80462003","EL0319B0087",2019-03-19 12:20:00,"0311","1000 - Non-Public, Review Status Unknown","03/19/2019 12:20","Total Phosphorus","7723-14-0",NA,"0.07","0.01","mg/L as P","EPA 365.4 (DWR Modified) [1]*","1 Feet","Water, Natural","Normal Sample","0",NA,NA,"N"
"507","E3S80462003","EL0319B0087",2019-03-19 12:20:00,"0311","1000 - Non-Public, Review Status Unknown","03/19/2019 12:20","Total Kjeldahl Nitrogen","TKN",NA,"0.3","0.1","mg/L as N","EPA 351.2 (DWR Modified) [1]*","1 Feet","Water, Natural","Normal Sample","0",NA,NA,"N"
"508","E3S80462003","EL0319B0087",2019-03-19 12:20:00,"0311","1000 - Non-Public, Review Status Unknown","03/19/2019 12:20","Dissolved ortho-Phosphate","14265-44-2",NA,"0.064","0.05","mg/L as P","EPA 365.1 DWR Modified [1]*","1 Feet","Water, Natural","Normal Sample","0",NA,NA,"N"
"509","E3S81051544","EL0319B0075",2019-03-19 12:35:00,"0311","1000 - Non-Public, Review Status Unknown","03/19/2019 12:35","Dissolved Nitrate + Nitrite","NO3+NO2",NA,"0.28","0.05","mg/L as N","Std Method 4500-NO3-F (DWR Modified) [1]*","1 Feet","Water, Natural","Normal Sample","0",NA,NA,"N"
"510","E3S81051544","EL0319B0075",2019-03-19 12:35:00,"0311","1000 - Non-Public, Review Status Unknown","03/19/2019 12:35","Total Phosphorus","7723-14-0",NA,"0.217","0.01","mg/L as P","EPA 365.4 (DWR Modified) [1]*","1 Feet","Water, Natural","Normal Sample","0",NA,NA,"N"
"511","E3S81051544","EL0319B0075",2019-03-19 12:35:00,"0311","1000 - Non-Public, Review Status Unknown","03/19/2019 12:35","Total Kjeldahl Nitrogen","TKN",NA,"0.4","0.1","mg/L as N","EPA 351.2 (DWR Modified) [1]*","1 Feet","Water, Natural","Normal Sample","0",NA,NA,"N"
"512","E3S81051544","EL0319B0075",2019-03-19 12:35:00,"0311","1000 - Non-Public, Review Status Unknown","03/19/2019 12:35","Dissolved ortho-Phosphate","14265-44-2",NA,"0.069","0.05","mg/L as P","EPA 365.1 DWR Modified [1]*","1 Feet","Water, Natural","Normal Sample","0",NA,NA,"N"
"513","E3S804102007","EL0319B0085",2019-03-19 12:58:00,"0311","1000 - Non-Public, Review Status Unknown","03/19/2019 12:58","Dissolved Nitrate + Nitrite","NO3+NO2",NA,"0.28","0.05","mg/L as N","Std Method 4500-NO3-F (DWR Modified) [1]*","1 Feet","Water, Natural","Normal Sample","0",NA,NA,"N"
"514","E3S804102007","EL0319B0085",2019-03-19 12:58:00,"0311","1000 - Non-Public, Review Status Unknown","03/19/2019 12:58","Total Phosphorus","7723-14-0",NA,"0.09","0.01","mg/L as P","EPA 365.4 (DWR Modified) [1]*","1 Feet","Water, Natural","Normal Sample","0",NA,NA,"N"
"515","E3S804102007","EL0319B0085",2019-03-19 12:58:00,"0311","1000 - Non-Public, Review Status Unknown","03/19/2019 12:58","Total Kjeldahl Nitrogen","TKN",NA,"0.3","0.1","mg/L as N","EPA 351.2 (DWR Modified) [1]*","1 Feet","Water, Natural","Normal Sample","0",NA,NA,"N"
"516","E3S804102007","EL0319B0085",2019-03-19 12:58:00,"0311","1000 - Non-Public, Review Status Unknown","03/19/2019 12:58","Dissolved ortho-Phosphate","14265-44-2",NA,"0.074","0.05","mg/L as P","EPA 365.1 DWR Modified [1]*","1 Feet","Water, Natural","Normal Sample","0",NA,NA,"N"
"517","E3S80482010","EL0319B0084",2019-03-19 13:11:00,"0311","1000 - Non-Public, Review Status Unknown","03/19/2019 13:11","Dissolved Nitrate + Nitrite","NO3+NO2",NA,"0.29","0.05","mg/L as N","Std Method 4500-NO3-F (DWR Modified) [1]*","1 Feet","Water, Natural","Normal Sample","0",NA,NA,"N"
"518","E3S80482010","EL0319B0084",2019-03-19 13:11:00,"0311","1000 - Non-Public, Review Status Unknown","03/19/2019 13:11","Total Phosphorus","7723-14-0",NA,"0.1","0.01","mg/L as P","EPA 365.4 (DWR Modified) [1]*","1 Feet","Water, Natural","Normal Sample","0",NA,NA,"N"
"519","E3S80482010","EL0319B0084",2019-03-19 13:11:00,"0311","1000 - Non-Public, Review Status Unknown","03/19/2019 13:11","Total Kjeldahl Nitrogen","TKN",NA,"0.3","0.1","mg/L as N","EPA 351.2 (DWR Modified) [1]*","1 Feet","Water, Natural","Normal Sample","0",NA,NA,"N"
"520","E3S80482010","EL0319B0084",2019-03-19 13:11:00,"0311","1000 - Non-Public, Review Status Unknown","03/19/2019 13:11","Dissolved ortho-Phosphate","14265-44-2",NA,"0.068","0.05","mg/L as P","EPA 365.1 DWR Modified [1]*","1 Feet","Water, Natural","Normal Sample","0",NA,NA,"N"
"521","E3S811920110","EL0319B0068",2019-03-19 13:45:00,"0311","1000 - Non-Public, Review Status Unknown","03/19/2019 13:45","Dissolved Nitrate + Nitrite","NO3+NO2",NA,"0.76","0.05","mg/L as N","Std Method 4500-NO3-F (DWR Modified) [1]*","1 Feet","Water, Natural","Normal Sample","0",NA,NA,"N"
"522","E3S811920110","EL0319B0068",2019-03-19 13:45:00,"0311","1000 - Non-Public, Review Status Unknown","03/19/2019 13:45","Total Phosphorus","7723-14-0",NA,"0.27","0.01","mg/L as P","EPA 365.4 (DWR Modified) [1]*","1 Feet","Water, Natural","Normal Sample","0",NA,NA,"N"
"523","E3S811920110","EL0319B0068",2019-03-19 13:45:00,"0311","1000 - Non-Public, Review Status Unknown","03/19/2019 13:45","Total Kjeldahl Nitrogen","TKN",NA,"1.1","0.1","mg/L as N","EPA 351.2 (DWR Modified) [1]*","1 Feet","Water, Natural","Normal Sample","0",NA,NA,"N"
"524","E3S811920110","EL0319B0068",2019-03-19 13:45:00,"0311","1000 - Non-Public, Review Status Unknown","03/19/2019 13:45","Dissolved ortho-Phosphate","14265-44-2",NA,"0.133","0.05","mg/L as P","EPA 365.1 DWR Modified [1]*","1 Feet","Water, Natural","Normal Sample","0",NA,NA,"N"
"525","E3S81182017","EL0319B0069",2019-03-19 13:57:00,"0311","1000 - Non-Public, Review Status Unknown","03/19/2019 13:57","Dissolved Nitrate + Nitrite","NO3+NO2",NA,"0.745","0.05","mg/L as N","Std Method 4500-NO3-F (DWR Modified) [1]*","1 Feet","Water, Natural","Normal Sample","0",NA,NA,"N"
"526","E3S81182017","EL0319B0069",2019-03-19 13:57:00,"0311","1000 - Non-Public, Review Status Unknown","03/19/2019 13:57","Total Phosphorus","7723-14-0",NA,"0.309","0.01","mg/L as P","EPA 365.4 (DWR Modified) [1]*","1 Feet","Water, Natural","Normal Sample","0",NA,NA,"N"
"527","E3S81182017","EL0319B0069",2019-03-19 13:57:00,"0311","1000 - Non-Public, Review Status Unknown","03/19/2019 13:57","Total Kjeldahl Nitrogen","TKN",NA,"1","0.1","mg/L as N","EPA 351.2 (DWR Modified) [1]*","1 Feet","Water, Natural","Normal Sample","0",NA,NA,"N"
"528","E3S81182017","EL0319B0069",2019-03-19 13:57:00,"0311","1000 - Non-Public, Review Status Unknown","03/19/2019 13:57","Dissolved ortho-Phosphate","14265-44-2",NA,"0.139","0.05","mg/L as P","EPA 365.1 DWR Modified [1]*","1 Feet","Water, Natural","Normal Sample","0",NA,NA,"N"
"529","B9S80241522","EL0319B0083",2019-03-19 13:57:00,"0311","1000 - Non-Public, Review Status Unknown","03/19/2019 13:57","Dissolved Nitrate + Nitrite","NO3+NO2",NA,"0.36","0.05","mg/L as N","Std Method 4500-NO3-F (DWR Modified) [1]*","1 Feet","Water, Natural","Normal Sample","0",NA,NA,"N"
"530","B9S80241522","EL0319B0083",2019-03-19 13:57:00,"0311","1000 - Non-Public, Review Status Unknown","03/19/2019 13:57","Total Phosphorus","7723-14-0",NA,"0.07","0.01","mg/L as P","EPA 365.4 (DWR Modified) [1]*","1 Feet","Water, Natural","Normal Sample","0",NA,NA,"N"
"531","B9S80241522","EL0319B0083",2019-03-19 13:57:00,"0311","1000 - Non-Public, Review Status Unknown","03/19/2019 13:57","Total Kjeldahl Nitrogen","TKN",NA,"0.4","0.1","mg/L as N","EPA 351.2 (DWR Modified) [1]*","1 Feet","Water, Natural","Normal Sample","0",NA,NA,"N"
"532","B9S80241522","EL0319B0083",2019-03-19 13:57:00,"0311","1000 - Non-Public, Review Status Unknown","03/19/2019 13:57","Dissolved ortho-Phosphate","14265-44-2",NA,"0.068","0.05","mg/L as P","EPA 365.1 DWR Modified [1]*","1 Feet","Water, Natural","Normal Sample","0",NA,NA,"N"
"533","E3S811720110","EL0319B0070",2019-03-19 14:10:00,"0311","1000 - Non-Public, Review Status Unknown","03/19/2019 14:10","Dissolved Nitrate + Nitrite","NO3+NO2",NA,"0.8","0.05","mg/L as N","Std Method 4500-NO3-F (DWR Modified) [1]*","1 Feet","Water, Natural","Normal Sample","0",NA,NA,"N"
"534","E3S811720110","EL0319B0070",2019-03-19 14:10:00,"0311","1000 - Non-Public, Review Status Unknown","03/19/2019 14:10","Total Phosphorus","7723-14-0",NA,"0.32","0.01","mg/L as P","EPA 365.4 (DWR Modified) [1]*","1 Feet","Water, Natural","Normal Sample","0",NA,NA,"N"
"535","E3S811720110","EL0319B0070",2019-03-19 14:10:00,"0311","1000 - Non-Public, Review Status Unknown","03/19/2019 14:10","Total Kjeldahl Nitrogen","TKN",NA,"1.03","0.1","mg/L as N","EPA 351.2 (DWR Modified) [1]*","1 Feet","Water, Natural","Normal Sample","0",NA,NA,"N"
"536","E3S811720110","EL0319B0070",2019-03-19 14:10:00,"0311","1000 - Non-Public, Review Status Unknown","03/19/2019 14:10","Dissolved ortho-Phosphate","14265-44-2",NA,"0.169","0.05","mg/L as P","EPA 365.1 DWR Modified [1]*","1 Feet","Water, Natural","Normal Sample","0",NA,NA,"N"
"537","B9S80221524","EL0319B0082",2019-03-19 15:56:00,"0311","1000 - Non-Public, Review Status Unknown","03/19/2019 15:56","Dissolved Nitrate + Nitrite","NO3+NO2",NA,"0.374","0.05","mg/L as N","Std Method 4500-NO3-F (DWR Modified) [1]*","1 Feet","Water, Natural","Normal Sample","0",NA,NA,"N"
"538","B9S80221524","EL0319B0082",2019-03-19 15:56:00,"0311","1000 - Non-Public, Review Status Unknown","03/19/2019 15:56","Total Phosphorus","7723-14-0",NA,"0.09","0.01","mg/L as P","EPA 365.4 (DWR Modified) [1]*","1 Feet","Water, Natural","Normal Sample","0",NA,NA,"N"
"539","B9S80221524","EL0319B0082",2019-03-19 15:56:00,"0311","1000 - Non-Public, Review Status Unknown","03/19/2019 15:56","Total Kjeldahl Nitrogen","TKN",NA,"0.4","0.1","mg/L as N","EPA 351.2 (DWR Modified) [1]*","1 Feet","Water, Natural","Normal Sample","0",NA,NA,"N"
"540","B9S80221524","EL0319B0082",2019-03-19 15:56:00,"0311","1000 - Non-Public, Review Status Unknown","03/19/2019 15:56","Dissolved ortho-Phosphate","14265-44-2",NA,"0.069","0.05","mg/L as P","EPA 365.1 DWR Modified [1]*","1 Feet","Water, Natural","Normal Sample","0",NA,NA,"N"
"541","B9S80231523","EL0319B0081",2019-03-19 16:27:00,"0311","1000 - Non-Public, Review Status Unknown","03/19/2019 16:27","Dissolved Nitrate + Nitrite","NO3+NO2",NA,"0.36","0.05","mg/L as N","Std Method 4500-NO3-F (DWR Modified) [1]*","1 Feet","Water, Natural","Normal Sample","0",NA,NA,"N"
"542","B9S80231523","EL0319B0081",2019-03-19 16:27:00,"0311","1000 - Non-Public, Review Status Unknown","03/19/2019 16:27","Total Phosphorus","7723-14-0",NA,"0.08","0.01","mg/L as P","EPA 365.4 (DWR Modified) [1]*","1 Feet","Water, Natural","Normal Sample","0",NA,NA,"N"
"543","B9S80231523","EL0319B0081",2019-03-19 16:27:00,"0311","1000 - Non-Public, Review Status Unknown","03/19/2019 16:27","Total Kjeldahl Nitrogen","TKN",NA,"0.4","0.1","mg/L as N","EPA 351.2 (DWR Modified) [1]*","1 Feet","Water, Natural","Normal Sample","0",NA,NA,"N"
"544","B9S80231523","EL0319B0081",2019-03-19 16:27:00,"0311","1000 - Non-Public, Review Status Unknown","03/19/2019 16:27","Dissolved ortho-Phosphate","14265-44-2",NA,"0.071","0.05","mg/L as P","EPA 365.1 DWR Modified [1]*","1 Feet","Water, Natural","Normal Sample","0",NA,NA,"N"
"545","E3S80462005","EL0319B0086",2019-03-19 16:38:00,"0311","1000 - Non-Public, Review Status Unknown","03/19/2019 16:38","Dissolved Nitrate + Nitrite","NO3+NO2",NA,"0.29","0.05","mg/L as N","Std Method 4500-NO3-F (DWR Modified) [1]*","1 Feet","Water, Natural","Normal Sample","0",NA,NA,"N"
"546","E3S80462005","EL0319B0086",2019-03-19 16:38:00,"0311","1000 - Non-Public, Review Status Unknown","03/19/2019 16:38","Total Phosphorus","7723-14-0",NA,"0.07","0.01","mg/L as P","EPA 365.4 (DWR Modified) [1]*","1 Feet","Water, Natural","Normal Sample","0",NA,NA,"N"
"547","E3S80462005","EL0319B0086",2019-03-19 16:38:00,"0311","1000 - Non-Public, Review Status Unknown","03/19/2019 16:38","Total Kjeldahl Nitrogen","TKN",NA,"0.2","0.1","mg/L as N","EPA 351.2 (DWR Modified) [1]*","1 Feet","Water, Natural","Normal Sample","0",NA,NA,"N"
"548","E3S80462005","EL0319B0086",2019-03-19 16:38:00,"0311","1000 - Non-Public, Review Status Unknown","03/19/2019 16:38","Dissolved ortho-Phosphate","14265-44-2",NA,"0.064","0.05","mg/L as P","EPA 365.1 DWR Modified [1]*","1 Feet","Water, Natural","Normal Sample","0",NA,NA,"N"
"549","Blank; Equipment (ID:47718","EL0319B0092",2019-03-19 20:00:00,NA,NA,NA,NA,NA,NA,NA,NA,NA,NA,NA,NA,NA,NA,NA,NA,NA
"550","E3S81071545","EL0319B0126",2019-03-26 08:48:00,"0311","1000 - Non-Public, Review Status Unknown","03/26/2019 08:48","Dissolved Nitrate + Nitrite","NO3+NO2",NA,"0.27","0.05","mg/L as N","Std Method 4500-NO3-F (DWR Modified) [1]*","1 Feet","Water, Natural","Normal Sample","0",NA,NA,"N"
"551","E3S81071545","EL0319B0126",2019-03-26 08:48:00,"0311","1000 - Non-Public, Review Status Unknown","03/26/2019 08:48","Total Phosphorus","7723-14-0",NA,"0.109","0.01","mg/L as P","EPA 365.4 (DWR Modified) [1]*","1 Feet","Water, Natural","Normal Sample","0",NA,NA,"N"
"552","E3S81071545","EL0319B0126",2019-03-26 08:48:00,"0311","1000 - Non-Public, Review Status Unknown","03/26/2019 08:48","Total Kjeldahl Nitrogen","TKN",NA,"0.5","0.1","mg/L as N","EPA 351.2 (DWR Modified) [1]*","1 Feet","Water, Natural","Normal Sample","0",NA,NA,"N"
"553","E3S81071545","EL0319B0126",2019-03-26 08:48:00,"0311","1000 - Non-Public, Review Status Unknown","03/26/2019 08:48","Dissolved ortho-Phosphate","14265-44-2",NA,"0.063","0.05","mg/L as P","EPA 365.1 DWR Modified [1]*","1 Feet","Water, Natural","Normal Sample","0",NA,NA,"N"
"554","E3S81031544","EL0319B0124",2019-03-26 09:40:00,"0311","1000 - Non-Public, Review Status Unknown","03/26/2019 09:40","Dissolved Nitrate + Nitrite","NO3+NO2",NA,"0.23","0.05","mg/L as N","Std Method 4500-NO3-F (DWR Modified) [1]*","1 Feet","Water, Natural","Normal Sample","0",NA,NA,"N"
"555","E3S81031544","EL0319B0124",2019-03-26 09:40:00,"0311","1000 - Non-Public, Review Status Unknown","03/26/2019 09:40","Total Phosphorus","7723-14-0",NA,"0.13","0.01","mg/L as P","EPA 365.4 (DWR Modified) [1]*","1 Feet","Water, Natural","Normal Sample","0",NA,NA,"N"
"556","E3S81031544","EL0319B0124",2019-03-26 09:40:00,"0311","1000 - Non-Public, Review Status Unknown","03/26/2019 09:40","Total Kjeldahl Nitrogen","TKN",NA,"0.6","0.1","mg/L as N","EPA 351.2 (DWR Modified) [1]*","1 Feet","Water, Natural","Normal Sample","0",NA,NA,"N"
"557","E3S81031544","EL0319B0124",2019-03-26 09:40:00,"0311","1000 - Non-Public, Review Status Unknown","03/26/2019 09:40","Dissolved ortho-Phosphate","14265-44-2",NA,"0.07","0.05","mg/L as P","EPA 365.1 DWR Modified [1]*","1 Feet","Water, Natural","Normal Sample","0",NA,NA,"N"
"558","E3S81051544","EL0319B0125",2019-03-26 10:23:00,"0311","1000 - Non-Public, Review Status Unknown","03/26/2019 10:23","Dissolved Nitrate + Nitrite","NO3+NO2",NA,"0.246","0.05","mg/L as N","Std Method 4500-NO3-F (DWR Modified) [1]*","1 Feet","Water, Natural","Normal Sample","0",NA,NA,"N"
"559","E3S81051544","EL0319B0125",2019-03-26 10:23:00,"0311","1000 - Non-Public, Review Status Unknown","03/26/2019 10:23","Total Phosphorus","7723-14-0",NA,"0.13","0.01","mg/L as P","EPA 365.4 (DWR Modified) [1]*","1 Feet","Water, Natural","Normal Sample","0",NA,NA,"N"
"560","E3S81051544","EL0319B0125",2019-03-26 10:23:00,"0311","1000 - Non-Public, Review Status Unknown","03/26/2019 10:23","Total Kjeldahl Nitrogen","TKN",NA,"0.6","0.1","mg/L as N","EPA 351.2 (DWR Modified) [1]*","1 Feet","Water, Natural","Normal Sample","0",NA,NA,"N"
"561","E3S81051544","EL0319B0125",2019-03-26 10:23:00,"0311","1000 - Non-Public, Review Status Unknown","03/26/2019 10:23","Dissolved ortho-Phosphate","14265-44-2",NA,"0.068","0.05","mg/L as P","EPA 365.1 DWR Modified [1]*","1 Feet","Water, Natural","Normal Sample","0",NA,NA,"N"
"562","E3S81191549","EL0319B0121",2019-03-26 11:40:00,"0311","1000 - Non-Public, Review Status Unknown","03/26/2019 11:40","Dissolved Nitrate + Nitrite","NO3+NO2",NA,"0.35","0.05","mg/L as N","Std Method 4500-NO3-F (DWR Modified) [1]*","1 Feet","Water, Natural","Normal Sample","0",NA,NA,"N"
"563","E3S81191549","EL0319B0121",2019-03-26 11:40:00,"0311","1000 - Non-Public, Review Status Unknown","03/26/2019 11:40","Total Phosphorus","7723-14-0",NA,"0.23","0.01","mg/L as P","EPA 365.4 (DWR Modified) [1]*","1 Feet","Water, Natural","Normal Sample","0",NA,NA,"N"
"564","E3S81191549","EL0319B0121",2019-03-26 11:40:00,"0311","1000 - Non-Public, Review Status Unknown","03/26/2019 11:40","Total Kjeldahl Nitrogen","TKN",NA,"1.03","0.1","mg/L as N","EPA 351.2 (DWR Modified) [1]*","1 Feet","Water, Natural","Normal Sample","0",NA,NA,"N"
"565","E3S81191549","EL0319B0121",2019-03-26 11:40:00,"0311","1000 - Non-Public, Review Status Unknown","03/26/2019 11:40","Dissolved ortho-Phosphate","14265-44-2",NA,"0.065","0.05","mg/L as P","EPA 365.1 DWR Modified [1]*","1 Feet","Water, Natural","Normal Sample","0",NA,NA,"N"
"566","E3S811101550","EL0319B0122",2019-03-26 12:15:00,"0311","1000 - Non-Public, Review Status Unknown","03/26/2019 12:15","Dissolved Nitrate + Nitrite","NO3+NO2",NA,"0.34","0.05","mg/L as N","Std Method 4500-NO3-F (DWR Modified) [1]*","1 Feet","Water, Natural","Normal Sample","0",NA,NA,"N"
"567","E3S811101550","EL0319B0122",2019-03-26 12:15:00,"0311","1000 - Non-Public, Review Status Unknown","03/26/2019 12:15","Total Phosphorus","7723-14-0","Y","0.42","0.01","mg/L as P","EPA 365.4 (DWR Modified) [1]*","1 Feet","Water, Natural","Normal Sample","0",NA,NA,"N"
"568","E3S811101550","EL0319B0122",2019-03-26 12:15:00,"0311","1000 - Non-Public, Review Status Unknown","03/26/2019 12:15","Total Phosphorus","7723-14-0",NA,"0.41","0.01","mg/L as P","EPA 365.4 (DWR Modified) [1]*","1 Feet","Water, Natural","Normal Sample","0",NA,NA,"N"
"569","E3S811101550","EL0319B0122",2019-03-26 12:15:00,"0311","1000 - Non-Public, Review Status Unknown","03/26/2019 12:15","Total Kjeldahl Nitrogen","TKN",NA,"1.54","0.1","mg/L as N","EPA 351.2 (DWR Modified) [1]*","1 Feet","Water, Natural","Normal Sample","0",NA,NA,"N"
"570","E3S811101550","EL0319B0122",2019-03-26 12:15:00,"0311","1000 - Non-Public, Review Status Unknown","03/26/2019 12:15","Total Kjeldahl Nitrogen","TKN","Y","1.55","0.1","mg/L as N","EPA 351.2 (DWR Modified) [1]*","1 Feet","Water, Natural","Normal Sample","0",NA,NA,"N"
"571","E3S811101550","EL0319B0122",2019-03-26 12:15:00,"0311","1000 - Non-Public, Review Status Unknown","03/26/2019 12:15","Dissolved ortho-Phosphate","14265-44-2",NA,"0.063","0.05","mg/L as P","EPA 365.1 DWR Modified [1]*","1 Feet","Water, Natural","Normal Sample","0",NA,NA,"N"
"572","E3S811101553","EL0319B0123",2019-03-26 13:00:00,"0311","1000 - Non-Public, Review Status Unknown","03/26/2019 13:00","Dissolved Nitrate + Nitrite","NO3+NO2",NA,"0.4","0.05","mg/L as N","Std Method 4500-NO3-F (DWR Modified) [1]*","1 Feet","Water, Natural","Normal Sample","0",NA,NA,"N"
"573","E3S811101553","EL0319B0123",2019-03-26 13:00:00,"0311","1000 - Non-Public, Review Status Unknown","03/26/2019 13:00","Total Phosphorus","7723-14-0",NA,"0.2","0.01","mg/L as P","EPA 365.4 (DWR Modified) [1]*","1 Feet","Water, Natural","Normal Sample","0",NA,NA,"N"
"574","E3S811101553","EL0319B0123",2019-03-26 13:00:00,"0311","1000 - Non-Public, Review Status Unknown","03/26/2019 13:00","Total Kjeldahl Nitrogen","TKN",NA,"1.05","0.1","mg/L as N","EPA 351.2 (DWR Modified) [1]*","1 Feet","Water, Natural","Normal Sample","0",NA,NA,"N"
"575","E3S811101553","EL0319B0123",2019-03-26 13:00:00,"0311","1000 - Non-Public, Review Status Unknown","03/26/2019 13:00","Dissolved ortho-Phosphate","14265-44-2",NA,"0.056","0.05","mg/L as P","EPA 365.1 DWR Modified [1]*","1 Feet","Water, Natural","Normal Sample","0",NA,NA,"N"
"576","E3S811101553","EL0319B0130",2019-03-26 13:05:00,NA,NA,NA,NA,NA,NA,NA,NA,NA,NA,NA,NA,NA,NA,NA,NA,NA
"577","E3S81041558","EL0319B0129",2019-03-26 13:30:00,"0311","1000 - Non-Public, Review Status Unknown","03/26/2019 13:30","Dissolved Nitrate + Nitrite","NO3+NO2",NA,"0.23","0.05","mg/L as N","Std Method 4500-NO3-F (DWR Modified) [1]*","1 Feet","Water, Natural","Normal Sample","0",NA,NA,"N"
"578","E3S81041558","EL0319B0129",2019-03-26 13:30:00,"0311","1000 - Non-Public, Review Status Unknown","03/26/2019 13:30","Total Phosphorus","7723-14-0",NA,"0.14","0.01","mg/L as P","EPA 365.4 (DWR Modified) [1]*","1 Feet","Water, Natural","Normal Sample","0",NA,NA,"N"
"579","E3S81041558","EL0319B0129",2019-03-26 13:30:00,"0311","1000 - Non-Public, Review Status Unknown","03/26/2019 13:30","Total Kjeldahl Nitrogen","TKN",NA,"0.7","0.1","mg/L as N","EPA 351.2 (DWR Modified) [1]*","1 Feet","Water, Natural","Normal Sample","0",NA,NA,"N"
"580","E3S81041558","EL0319B0129",2019-03-26 13:30:00,"0311","1000 - Non-Public, Review Status Unknown","03/26/2019 13:30","Dissolved ortho-Phosphate","14265-44-2",NA,"0.053","0.05","mg/L as P","EPA 365.1 DWR Modified [1]*","1 Feet","Water, Natural","Normal Sample","0",NA,NA,"N"
"581","E3S81041559","EL0319B0128",2019-03-26 13:50:00,"0311","1000 - Non-Public, Review Status Unknown","03/26/2019 13:50","Dissolved Nitrate + Nitrite","NO3+NO2",NA,"0.23","0.05","mg/L as N","Std Method 4500-NO3-F (DWR Modified) [1]*","1 Feet","Water, Natural","Normal Sample","0",NA,NA,"N"
"582","E3S81041559","EL0319B0128",2019-03-26 13:50:00,"0311","1000 - Non-Public, Review Status Unknown","03/26/2019 13:50","Total Phosphorus","7723-14-0",NA,"0.13","0.01","mg/L as P","EPA 365.4 (DWR Modified) [1]*","1 Feet","Water, Natural","Normal Sample","0",NA,NA,"N"
"583","E3S81041559","EL0319B0128",2019-03-26 13:50:00,"0311","1000 - Non-Public, Review Status Unknown","03/26/2019 13:50","Total Kjeldahl Nitrogen","TKN",NA,"0.7","0.1","mg/L as N","EPA 351.2 (DWR Modified) [1]*","1 Feet","Water, Natural","Normal Sample","0",NA,NA,"N"
"584","E3S81041559","EL0319B0128",2019-03-26 13:50:00,"0311","1000 - Non-Public, Review Status Unknown","03/26/2019 13:50","Dissolved ortho-Phosphate","14265-44-2",NA,"0.051","0.05","mg/L as P","EPA 365.1 DWR Modified [1]*","1 Feet","Water, Natural","Normal Sample","0",NA,NA,"N"
"585","E3S81051561","EL0319B0127",2019-03-26 14:00:00,"0311","1000 - Non-Public, Review Status Unknown","03/26/2019 14:00","Dissolved Nitrate + Nitrite","NO3+NO2",NA,"0.23","0.05","mg/L as N","Std Method 4500-NO3-F (DWR Modified) [1]*","1 Feet","Water, Natural","Normal Sample","0",NA,NA,"N"
"586","E3S81051561","EL0319B0127",2019-03-26 14:00:00,"0311","1000 - Non-Public, Review Status Unknown","03/26/2019 14:00","Total Phosphorus","7723-14-0",NA,"0.13","0.01","mg/L as P","EPA 365.4 (DWR Modified) [1]*","1 Feet","Water, Natural","Normal Sample","0",NA,NA,"N"
"587","E3S81051561","EL0319B0127",2019-03-26 14:00:00,"0311","1000 - Non-Public, Review Status Unknown","03/26/2019 14:00","Total Kjeldahl Nitrogen","TKN",NA,"0.6","0.1","mg/L as N","EPA 351.2 (DWR Modified) [1]*","1 Feet","Water, Natural","Normal Sample","0",NA,NA,"N"
"588","E3S81051561","EL0319B0127",2019-03-26 14:00:00,"0311","1000 - Non-Public, Review Status Unknown","03/26/2019 14:00","Dissolved ortho-Phosphate","14265-44-2",NA,"0.052","0.05","mg/L as P","EPA 365.1 DWR Modified [1]*","1 Feet","Water, Natural","Normal Sample","0",NA,NA,"N"
"589","E3S80462003","EL0319B0137",2019-03-28 07:11:00,"0311","1000 - Non-Public, Review Status Unknown","03/28/2019 07:11","Dissolved Nitrate + Nitrite","NO3+NO2",NA,"0.27","0.05","mg/L as N","Std Method 4500-NO3-F (DWR Modified) [1]*","1 Feet","Water, Natural","Normal Sample","0",NA,NA,"N"
"590","E3S80462003","EL0319B0137",2019-03-28 07:11:00,"0311","1000 - Non-Public, Review Status Unknown","03/28/2019 07:11","Total Phosphorus","7723-14-0",NA,"0.063","0.01","mg/L as P","EPA 365.4 (DWR Modified) [1]*","1 Feet","Water, Natural","Normal Sample","0",NA,NA,"N"
"591","E3S80462003","EL0319B0137",2019-03-28 07:11:00,"0311","1000 - Non-Public, Review Status Unknown","03/28/2019 07:11","Total Kjeldahl Nitrogen","TKN",NA,"0.3","0.1","mg/L as N","EPA 351.2 (DWR Modified) [1]*","1 Feet","Water, Natural","Normal Sample","0",NA,NA,"N"
"592","E3S80462003","EL0319B0137",2019-03-28 07:11:00,"0311","1000 - Non-Public, Review Status Unknown","03/28/2019 07:11","Dissolved ortho-Phosphate","14265-44-2",NA,"0.061","0.05","mg/L as P","EPA 365.1 DWR Modified [1]*","1 Feet","Water, Natural","Normal Sample","0",NA,NA,"N"
"593","E3S80462005","EL0319B0136",2019-03-28 08:00:00,"0311","1000 - Non-Public, Review Status Unknown","03/28/2019 08:00","Dissolved Nitrate + Nitrite","NO3+NO2",NA,"0.24","0.05","mg/L as N","Std Method 4500-NO3-F (DWR Modified) [1]*","1 Feet","Water, Natural","Normal Sample","0",NA,NA,"N"
"594","E3S80462005","EL0319B0136",2019-03-28 08:00:00,"0311","1000 - Non-Public, Review Status Unknown","03/28/2019 08:00","Total Phosphorus","7723-14-0",NA,"0.09","0.01","mg/L as P","EPA 365.4 (DWR Modified) [1]*","1 Feet","Water, Natural","Normal Sample","0",NA,NA,"N"
"595","E3S80462005","EL0319B0136",2019-03-28 08:00:00,"0311","1000 - Non-Public, Review Status Unknown","03/28/2019 08:00","Total Kjeldahl Nitrogen","TKN",NA,"0.252","0.1","mg/L as N","EPA 351.2 (DWR Modified) [1]*","1 Feet","Water, Natural","Normal Sample","0",NA,NA,"N"
"596","E3S80462005","EL0319B0136",2019-03-28 08:00:00,"0311","1000 - Non-Public, Review Status Unknown","03/28/2019 08:00","Dissolved ortho-Phosphate","14265-44-2",NA,"0.082","0.05","mg/L as P","EPA 365.1 DWR Modified [1]*","1 Feet","Water, Natural","Normal Sample","0",NA,NA,"N"
"597","E3S804102007","EL0319B0135",2019-03-28 08:43:00,"0311","1000 - Non-Public, Review Status Unknown","03/28/2019 08:43","Dissolved Nitrate + Nitrite","NO3+NO2",NA,"0.252","0.05","mg/L as N","Std Method 4500-NO3-F (DWR Modified) [1]*","1 Feet","Water, Natural","Normal Sample","0",NA,NA,"N"
"598","E3S804102007","EL0319B0135",2019-03-28 08:43:00,"0311","1000 - Non-Public, Review Status Unknown","03/28/2019 08:43","Total Phosphorus","7723-14-0",NA,"0.07","0.01","mg/L as P","EPA 365.4 (DWR Modified) [1]*","1 Feet","Water, Natural","Normal Sample","0",NA,NA,"N"
"599","E3S804102007","EL0319B0135",2019-03-28 08:43:00,"0311","1000 - Non-Public, Review Status Unknown","03/28/2019 08:43","Total Kjeldahl Nitrogen","TKN",NA,"0.255","0.1","mg/L as N","EPA 351.2 (DWR Modified) [1]*","1 Feet","Water, Natural","Normal Sample","0",NA,NA,"N"
"600","E3S804102007","EL0319B0135",2019-03-28 08:43:00,"0311","1000 - Non-Public, Review Status Unknown","03/28/2019 08:43","Dissolved ortho-Phosphate","14265-44-2",NA,"0.07","0.05","mg/L as P","EPA 365.1 DWR Modified [1]*","1 Feet","Water, Natural","Normal Sample","0",NA,NA,"N"
"601","E3S80482010","EL0319B0134",2019-03-28 09:19:00,"0311","1000 - Non-Public, Review Status Unknown","03/28/2019 09:19","Dissolved Nitrate + Nitrite","NO3+NO2",NA,"0.26","0.05","mg/L as N","Std Method 4500-NO3-F (DWR Modified) [1]*","1 Feet","Water, Natural","Normal Sample","0",NA,NA,"N"
"602","E3S80482010","EL0319B0134",2019-03-28 09:19:00,"0311","1000 - Non-Public, Review Status Unknown","03/28/2019 09:19","Total Phosphorus","7723-14-0",NA,"0.07","0.01","mg/L as P","EPA 365.4 (DWR Modified) [1]*","1 Feet","Water, Natural","Normal Sample","0",NA,NA,"N"
"603","E3S80482010","EL0319B0134",2019-03-28 09:19:00,"0311","1000 - Non-Public, Review Status Unknown","03/28/2019 09:19","Total Kjeldahl Nitrogen","TKN",NA,"0.2","0.1","mg/L as N","EPA 351.2 (DWR Modified) [1]*","1 Feet","Water, Natural","Normal Sample","0",NA,NA,"N"
"604","E3S80482010","EL0319B0134",2019-03-28 09:19:00,"0311","1000 - Non-Public, Review Status Unknown","03/28/2019 09:19","Dissolved ortho-Phosphate","14265-44-2",NA,"0.07","0.05","mg/L as P","EPA 365.1 DWR Modified [1]*","1 Feet","Water, Natural","Normal Sample","0",NA,NA,"N"
"605","E3S80192066","EL0319B0140",2019-03-28 10:45:00,"0311","1000 - Non-Public, Review Status Unknown","03/28/2019 10:45","Dissolved Nitrate + Nitrite","NO3+NO2",NA,"0.439","0.05","mg/L as N","Std Method 4500-NO3-F (DWR Modified) [1]*","1 Feet","Water, Natural","Normal Sample","0",NA,NA,"N"
"606","E3S80192066","EL0319B0140",2019-03-28 10:45:00,"0311","1000 - Non-Public, Review Status Unknown","03/28/2019 10:45","Total Phosphorus","7723-14-0",NA,"0.127","0.01","mg/L as P","EPA 365.4 (DWR Modified) [1]*","1 Feet","Water, Natural","Normal Sample","0",NA,NA,"N"
"607","E3S80192066","EL0319B0140",2019-03-28 10:45:00,"0311","1000 - Non-Public, Review Status Unknown","03/28/2019 10:45","Total Kjeldahl Nitrogen","TKN",NA,"0.5","0.1","mg/L as N","EPA 351.2 (DWR Modified) [1]*","1 Feet","Water, Natural","Normal Sample","0",NA,NA,"N"
"608","E3S80192066","EL0319B0140",2019-03-28 10:45:00,"0311","1000 - Non-Public, Review Status Unknown","03/28/2019 10:45","Dissolved ortho-Phosphate","14265-44-2",NA,"0.1","0.05","mg/L as P","EPA 365.1 DWR Modified [1]*","1 Feet","Water, Natural","Normal Sample","0",NA,NA,"N"
"609","E3S80192049","EL0319B0138",2019-03-28 11:48:00,"0311","1000 - Non-Public, Review Status Unknown","03/28/2019 11:48","Dissolved Nitrate + Nitrite","NO3+NO2",NA,"0.44","0.05","mg/L as N","Std Method 4500-NO3-F (DWR Modified) [1]*","1 Feet","Water, Natural","Normal Sample","0",NA,NA,"N"
"610","E3S80192049","EL0319B0138",2019-03-28 11:48:00,"0311","1000 - Non-Public, Review Status Unknown","03/28/2019 11:48","Total Phosphorus","7723-14-0",NA,"0.27","0.01","mg/L as P","EPA 365.4 (DWR Modified) [1]*","1 Feet","Water, Natural","Normal Sample","0",NA,NA,"N"
"611","E3S80192049","EL0319B0138",2019-03-28 11:48:00,"0311","1000 - Non-Public, Review Status Unknown","03/28/2019 11:48","Total Kjeldahl Nitrogen","TKN",NA,"0.7","0.1","mg/L as N","EPA 351.2 (DWR Modified) [1]*","1 Feet","Water, Natural","Normal Sample","0",NA,NA,"N"
"612","E3S80192049","EL0319B0138",2019-03-28 11:48:00,"0311","1000 - Non-Public, Review Status Unknown","03/28/2019 11:48","Dissolved ortho-Phosphate","14265-44-2",NA,"0.152","0.05","mg/L as P","EPA 365.1 DWR Modified [1]*","1 Feet","Water, Natural","Normal Sample","0",NA,NA,"N"
"613","E3S80212052","EL0319B0139",2019-03-28 12:52:00,"0311","1000 - Non-Public, Review Status Unknown","03/28/2019 12:52","Dissolved Nitrate + Nitrite","NO3+NO2",NA,"0.51","0.05","mg/L as N","Std Method 4500-NO3-F (DWR Modified) [1]*","1 Feet","Water, Natural","Normal Sample","0",NA,NA,"N"
"614","E3S80212052","EL0319B0139",2019-03-28 12:52:00,"0311","1000 - Non-Public, Review Status Unknown","03/28/2019 12:52","Total Phosphorus","7723-14-0",NA,"0.26","0.01","mg/L as P","EPA 365.4 (DWR Modified) [1]*","1 Feet","Water, Natural","Normal Sample","0",NA,NA,"N"
"615","E3S80212052","EL0319B0139",2019-03-28 12:52:00,"0311","1000 - Non-Public, Review Status Unknown","03/28/2019 12:52","Total Kjeldahl Nitrogen","TKN",NA,"0.8","0.1","mg/L as N","EPA 351.2 (DWR Modified) [1]*","1 Feet","Water, Natural","Normal Sample","0",NA,NA,"N"
"616","E3S80212052","EL0319B0139",2019-03-28 12:52:00,"0311","1000 - Non-Public, Review Status Unknown","03/28/2019 12:52","Dissolved ortho-Phosphate","14265-44-2",NA,"0.155","0.05","mg/L as P","EPA 365.1 DWR Modified [1]*","1 Feet","Water, Natural","Normal Sample","0",NA,NA,"N"
"617","B9S80221524","EL0319B0132",2019-03-28 14:14:00,"0311","1000 - Non-Public, Review Status Unknown","03/28/2019 14:14","Dissolved Nitrate + Nitrite","NO3+NO2",NA,"0.255","0.05","mg/L as N","Std Method 4500-NO3-F (DWR Modified) [1]*","1 Feet","Water, Natural","Normal Sample","0",NA,NA,"N"
"618","B9S80221524","EL0319B0132",2019-03-28 14:14:00,"0311","1000 - Non-Public, Review Status Unknown","03/28/2019 14:14","Total Phosphorus","7723-14-0","Y","0.08","0.01","mg/L as P","EPA 365.4 (DWR Modified) [1]*","1 Feet","Water, Natural","Normal Sample","0",NA,NA,"N"
"619","B9S80221524","EL0319B0132",2019-03-28 14:14:00,"0311","1000 - Non-Public, Review Status Unknown","03/28/2019 14:14","Total Phosphorus","7723-14-0",NA,"0.08","0.01","mg/L as P","EPA 365.4 (DWR Modified) [1]*","1 Feet","Water, Natural","Normal Sample","0",NA,NA,"N"
"620","B9S80221524","EL0319B0132",2019-03-28 14:14:00,"0311","1000 - Non-Public, Review Status Unknown","03/28/2019 14:14","Total Kjeldahl Nitrogen","TKN","Y","0.3","0.1","mg/L as N","EPA 351.2 (DWR Modified) [1]*","1 Feet","Water, Natural","Normal Sample","0",NA,NA,"N"
"621","B9S80221524","EL0319B0132",2019-03-28 14:14:00,"0311","1000 - Non-Public, Review Status Unknown","03/28/2019 14:14","Total Kjeldahl Nitrogen","TKN",NA,"0.315","0.1","mg/L as N","EPA 351.2 (DWR Modified) [1]*","1 Feet","Water, Natural","Normal Sample","0",NA,NA,"N"
"622","B9S80221524","EL0319B0132",2019-03-28 14:14:00,"0311","1000 - Non-Public, Review Status Unknown","03/28/2019 14:14","Dissolved ortho-Phosphate","14265-44-2",NA,"0.076","0.05","mg/L as P","EPA 365.1 DWR Modified [1]*","1 Feet","Water, Natural","Normal Sample","0",NA,NA,"N"
"623","B9S80231523","EL0319B0131",2019-03-28 15:00:00,"0311","1000 - Non-Public, Review Status Unknown","03/28/2019 15:00","Dissolved Nitrate + Nitrite","NO3+NO2",NA,"0.2","0.05","mg/L as N","Std Method 4500-NO3-F (DWR Modified) [1]*","1 Feet","Water, Natural","Normal Sample","0",NA,NA,"N"
"624","B9S80231523","EL0319B0131",2019-03-28 15:00:00,"0311","1000 - Non-Public, Review Status Unknown","03/28/2019 15:00","Total Phosphorus","7723-14-0",NA,"0.1","0.01","mg/L as P","EPA 365.4 (DWR Modified) [1]*","1 Feet","Water, Natural","Normal Sample","0",NA,NA,"N"
"625","B9S80231523","EL0319B0131",2019-03-28 15:00:00,"0311","1000 - Non-Public, Review Status Unknown","03/28/2019 15:00","Total Kjeldahl Nitrogen","TKN",NA,"0.3","0.1","mg/L as N","EPA 351.2 (DWR Modified) [1]*","1 Feet","Water, Natural","Normal Sample","0",NA,NA,"N"
"626","B9S80231523","EL0319B0131",2019-03-28 15:00:00,"0311","1000 - Non-Public, Review Status Unknown","03/28/2019 15:00","Dissolved ortho-Phosphate","14265-44-2",NA,"0.084","0.05","mg/L as P","EPA 365.1 DWR Modified [1]*","1 Feet","Water, Natural","Normal Sample","0",NA,NA,"N"
"627","B9S80241522","EL0319B0133",2019-03-28 16:01:00,"0311","1000 - Non-Public, Review Status Unknown","03/28/2019 16:01","Dissolved Nitrate + Nitrite","NO3+NO2",NA,"0.15","0.05","mg/L as N","Std Method 4500-NO3-F (DWR Modified) [1]*","1 Feet","Water, Natural","Normal Sample","0",NA,NA,"N"
"628","B9S80241522","EL0319B0133",2019-03-28 16:01:00,"0311","1000 - Non-Public, Review Status Unknown","03/28/2019 16:01","Total Phosphorus","7723-14-0",NA,"0.094","0.01","mg/L as P","EPA 365.4 (DWR Modified) [1]*","1 Feet","Water, Natural","Normal Sample","0",NA,NA,"N"
"629","B9S80241522","EL0319B0133",2019-03-28 16:01:00,"0311","1000 - Non-Public, Review Status Unknown","03/28/2019 16:01","Total Kjeldahl Nitrogen","TKN",NA,"0.4","0.1","mg/L as N","EPA 351.2 (DWR Modified) [1]*","1 Feet","Water, Natural","Normal Sample","0",NA,NA,"N"
"630","B9S80241522","EL0319B0133",2019-03-28 16:01:00,"0311","1000 - Non-Public, Review Status Unknown","03/28/2019 16:01","Dissolved ortho-Phosphate","14265-44-2",NA,"0.087","0.05","mg/L as P","EPA 365.1 DWR Modified [1]*","1 Feet","Water, Natural","Normal Sample","0",NA,NA,"N"
"631","E3S811920110","EL0319B0118",2019-03-29 08:56:00,"0311","1000 - Non-Public, Review Status Unknown","03/29/2019 08:56","Dissolved Nitrate + Nitrite","NO3+NO2",NA,"1.5","0.05","mg/L as N","Std Method 4500-NO3-F (DWR Modified) [1]*","1 Feet","Water, Natural","Normal Sample","0",NA,NA,"N"
"632","E3S811920110","EL0319B0118",2019-03-29 08:56:00,"0311","1000 - Non-Public, Review Status Unknown","03/29/2019 08:56","Total Phosphorus","7723-14-0",NA,"0.65","0.01","mg/L as P","EPA 365.4 (DWR Modified) [1]*","1 Feet","Water, Natural","Normal Sample","0",NA,NA,"N"
"633","E3S811920110","EL0319B0118",2019-03-29 08:56:00,"0311","1000 - Non-Public, Review Status Unknown","03/29/2019 08:56","Total Kjeldahl Nitrogen","TKN",NA,"1.4","0.1","mg/L as N","EPA 351.2 (DWR Modified) [1]*","1 Feet","Water, Natural","Normal Sample","0",NA,NA,"N"
"634","E3S811920110","EL0319B0118",2019-03-29 08:56:00,"0311","1000 - Non-Public, Review Status Unknown","03/29/2019 08:56","Dissolved ortho-Phosphate","14265-44-2",NA,"0.446","0.05","mg/L as P","EPA 365.1 DWR Modified [1]*","1 Feet","Water, Natural","Normal Sample","0",NA,NA,"N"
"635","E3S81182017","EL0319B0119",2019-03-29 10:05:00,"0311","1000 - Non-Public, Review Status Unknown","03/29/2019 10:05","Dissolved Nitrate + Nitrite","NO3+NO2",NA,"0.62","0.05","mg/L as N","Std Method 4500-NO3-F (DWR Modified) [1]*","1 Feet","Water, Natural","Normal Sample","0",NA,NA,"N"
"636","E3S81182017","EL0319B0119",2019-03-29 10:05:00,"0311","1000 - Non-Public, Review Status Unknown","03/29/2019 10:05","Total Phosphorus","7723-14-0",NA,"0.28","0.01","mg/L as P","EPA 365.4 (DWR Modified) [1]*","1 Feet","Water, Natural","Normal Sample","0",NA,NA,"N"
"637","E3S81182017","EL0319B0119",2019-03-29 10:05:00,"0311","1000 - Non-Public, Review Status Unknown","03/29/2019 10:05","Total Kjeldahl Nitrogen","TKN",NA,"0.8","0.1","mg/L as N","EPA 351.2 (DWR Modified) [1]*","1 Feet","Water, Natural","Normal Sample","0",NA,NA,"N"
"638","E3S81182017","EL0319B0119",2019-03-29 10:05:00,"0311","1000 - Non-Public, Review Status Unknown","03/29/2019 10:05","Dissolved ortho-Phosphate","14265-44-2",NA,"0.19","0.05","mg/L as P","EPA 365.1 DWR Modified [1]*","1 Feet","Water, Natural","Normal Sample","0",NA,NA,"N"
"639","E3S811720110","EL0319B0120",2019-03-29 11:05:00,"0311","1000 - Non-Public, Review Status Unknown","03/29/2019 11:05","Dissolved Nitrate + Nitrite","NO3+NO2",NA,"0.51","0.05","mg/L as N","Std Method 4500-NO3-F (DWR Modified) [1]*","1 Feet","Water, Natural","Normal Sample","0",NA,NA,"N"
"640","E3S811720110","EL0319B0120",2019-03-29 11:05:00,"0311","1000 - Non-Public, Review Status Unknown","03/29/2019 11:05","Total Phosphorus","7723-14-0",NA,"0.224","0.01","mg/L as P","EPA 365.4 (DWR Modified) [1]*","1 Feet","Water, Natural","Normal Sample","0",NA,NA,"N"
"641","E3S811720110","EL0319B0120",2019-03-29 11:05:00,"0311","1000 - Non-Public, Review Status Unknown","03/29/2019 11:05","Total Kjeldahl Nitrogen","TKN",NA,"0.7","0.1","mg/L as N","EPA 351.2 (DWR Modified) [1]*","1 Feet","Water, Natural","Normal Sample","0",NA,NA,"N"
"642","E3S811720110","EL0319B0120",2019-03-29 11:05:00,"0311","1000 - Non-Public, Review Status Unknown","03/29/2019 11:05","Dissolved ortho-Phosphate","14265-44-2",NA,"0.15","0.05","mg/L as P","EPA 365.1 DWR Modified [1]*","1 Feet","Water, Natural","Normal Sample","0",NA,NA,"N"
"643","Blank; Equipment (ID:47718","EL0319B0142",2019-03-29 11:05:00,NA,NA,NA,NA,NA,NA,NA,NA,NA,NA,NA,NA,NA,NA,NA,NA,NA
"644","E3S81191549","EL0419B0146",2019-04-03 08:20:00,"0311","1000 - Non-Public, Review Status Unknown","04/03/2019 08:20","Dissolved Nitrate + Nitrite","NO3+NO2",NA,"0.32","0.05","mg/L as N","Std Method 4500-NO3-F (DWR Modified) [1]*","1 Feet","Water, Natural","Normal Sample","0",NA,NA,"N"
"645","E3S81191549","EL0419B0146",2019-04-03 08:20:00,"0311","1000 - Non-Public, Review Status Unknown","04/03/2019 08:20","Total Phosphorus","7723-14-0",NA,"0.23","0.01","mg/L as P","EPA 365.4 (DWR Modified) [1]*","1 Feet","Water, Natural","Normal Sample","0",NA,NA,"N"
"646","E3S81191549","EL0419B0146",2019-04-03 08:20:00,"0311","1000 - Non-Public, Review Status Unknown","04/03/2019 08:20","Total Kjeldahl Nitrogen","TKN",NA,"1.4","0.1","mg/L as N","EPA 351.2 (DWR Modified) [1]*","1 Feet","Water, Natural","Normal Sample","0",NA,NA,"N"
"647","E3S81191549","EL0419B0146",2019-04-03 08:20:00,"0311","1000 - Non-Public, Review Status Unknown","04/03/2019 08:20","Dissolved ortho-Phosphate","14265-44-2",NA,"0.064","0.05","mg/L as P","EPA 365.1 DWR Modified [1]*","1 Feet","Water, Natural","Normal Sample","0",NA,NA,"N"
"648","B9S80221524","EL0419B0157",2019-04-03 09:04:00,"0311","1000 - Non-Public, Review Status Unknown","04/03/2019 09:04","Dissolved Nitrate + Nitrite","NO3+NO2",NA,"0.22","0.05","mg/L as N","Std Method 4500-NO3-F (DWR Modified) [1]*","1 Feet","Water, Natural","Normal Sample","0",NA,NA,"N"
"649","B9S80221524","EL0419B0157",2019-04-03 09:04:00,"0311","1000 - Non-Public, Review Status Unknown","04/03/2019 09:04","Total Phosphorus","7723-14-0",NA,"0.08","0.01","mg/L as P","EPA 365.4 (DWR Modified) [1]*","1 Feet","Water, Natural","Normal Sample","0",NA,NA,"N"
"650","B9S80221524","EL0419B0157",2019-04-03 09:04:00,"0311","1000 - Non-Public, Review Status Unknown","04/03/2019 09:04","Total Kjeldahl Nitrogen","TKN",NA,"0.3","0.1","mg/L as N","EPA 351.2 (DWR Modified) [1]*","1 Feet","Water, Natural","Normal Sample","0",NA,NA,"N"
"651","B9S80221524","EL0419B0157",2019-04-03 09:04:00,"0311","1000 - Non-Public, Review Status Unknown","04/03/2019 09:04","Dissolved ortho-Phosphate","14265-44-2",NA,"<0.05","0.05","mg/L as P","EPA 365.1 DWR Modified [1]*","1 Feet","Water, Natural","Normal Sample","0",NA,NA,"N"
"652","E3S811101550","EL0419B0147",2019-04-03 09:20:00,"0311","1000 - Non-Public, Review Status Unknown","04/03/2019 09:20","Dissolved Nitrate + Nitrite","NO3+NO2",NA,"0.32","0.05","mg/L as N","Std Method 4500-NO3-F (DWR Modified) [1]*","1 Feet","Water, Natural","Normal Sample","0",NA,NA,"N"
"653","E3S811101550","EL0419B0147",2019-04-03 09:20:00,"0311","1000 - Non-Public, Review Status Unknown","04/03/2019 09:20","Total Phosphorus","7723-14-0",NA,"0.221","0.01","mg/L as P","EPA 365.4 (DWR Modified) [1]*","1 Feet","Water, Natural","Normal Sample","0",NA,NA,"N"
"654","E3S811101550","EL0419B0147",2019-04-03 09:20:00,"0311","1000 - Non-Public, Review Status Unknown","04/03/2019 09:20","Total Kjeldahl Nitrogen","TKN",NA,"1.3","0.1","mg/L as N","EPA 351.2 (DWR Modified) [1]*","1 Feet","Water, Natural","Normal Sample","0",NA,NA,"N"
"655","E3S811101550","EL0419B0147",2019-04-03 09:20:00,"0311","1000 - Non-Public, Review Status Unknown","04/03/2019 09:20","Dissolved ortho-Phosphate","14265-44-2",NA,"0.058","0.05","mg/L as P","EPA 365.1 DWR Modified [1]*","1 Feet","Water, Natural","Normal Sample","0",NA,NA,"N"
"656","E3S811101553","EL0419B0148",2019-04-03 09:30:00,"0311","1000 - Non-Public, Review Status Unknown","04/03/2019 09:30","Dissolved Nitrate + Nitrite","NO3+NO2",NA,"0.35","0.05","mg/L as N","Std Method 4500-NO3-F (DWR Modified) [1]*","1 Feet","Water, Natural","Normal Sample","0",NA,NA,"N"
"657","E3S811101553","EL0419B0148",2019-04-03 09:30:00,"0311","1000 - Non-Public, Review Status Unknown","04/03/2019 09:30","Total Phosphorus","7723-14-0",NA,"0.221","0.01","mg/L as P","EPA 365.4 (DWR Modified) [1]*","1 Feet","Water, Natural","Normal Sample","0",NA,NA,"N"
"658","E3S811101553","EL0419B0148",2019-04-03 09:30:00,"0311","1000 - Non-Public, Review Status Unknown","04/03/2019 09:30","Total Kjeldahl Nitrogen","TKN",NA,"1.3","0.1","mg/L as N","EPA 351.2 (DWR Modified) [1]*","1 Feet","Water, Natural","Normal Sample","0",NA,NA,"N"
"659","E3S811101553","EL0419B0148",2019-04-03 09:30:00,"0311","1000 - Non-Public, Review Status Unknown","04/03/2019 09:30","Dissolved ortho-Phosphate","14265-44-2",NA,"0.05","0.05","mg/L as P","EPA 365.1 DWR Modified [1]*","1 Feet","Water, Natural","Normal Sample","0",NA,NA,"N"
"660","B9S80231523","EL0419B0156",2019-04-03 09:54:00,"0311","1000 - Non-Public, Review Status Unknown","04/03/2019 09:54","Dissolved Nitrate + Nitrite","NO3+NO2",NA,"0.2","0.05","mg/L as N","Std Method 4500-NO3-F (DWR Modified) [1]*","1 Feet","Water, Natural","Normal Sample","0",NA,NA,"N"
"661","B9S80231523","EL0419B0156",2019-04-03 09:54:00,"0311","1000 - Non-Public, Review Status Unknown","04/03/2019 09:54","Total Phosphorus","7723-14-0",NA,"0.08","0.01","mg/L as P","EPA 365.4 (DWR Modified) [1]*","1 Feet","Water, Natural","Normal Sample","0",NA,NA,"N"
"662","B9S80231523","EL0419B0156",2019-04-03 09:54:00,"0311","1000 - Non-Public, Review Status Unknown","04/03/2019 09:54","Total Kjeldahl Nitrogen","TKN",NA,"0.312","0.1","mg/L as N","EPA 351.2 (DWR Modified) [1]*","1 Feet","Water, Natural","Normal Sample","0",NA,NA,"N"
"663","B9S80231523","EL0419B0156",2019-04-03 09:54:00,"0311","1000 - Non-Public, Review Status Unknown","04/03/2019 09:54","Dissolved ortho-Phosphate","14265-44-2",NA,"0.058","0.05","mg/L as P","EPA 365.1 DWR Modified [1]*","1 Feet","Water, Natural","Normal Sample","0",NA,NA,"N"
"664","E3S81031544","EL0419B0149",2019-04-03 09:55:00,"0311","1000 - Non-Public, Review Status Unknown","04/03/2019 09:55","Dissolved Nitrate + Nitrite","NO3+NO2",NA,"0.17","0.05","mg/L as N","Std Method 4500-NO3-F (DWR Modified) [1]*","1 Feet","Water, Natural","Normal Sample","0",NA,NA,"N"
"665","E3S81031544","EL0419B0149",2019-04-03 09:55:00,"0311","1000 - Non-Public, Review Status Unknown","04/03/2019 09:55","Total Phosphorus","7723-14-0",NA,"0.1","0.01","mg/L as P","EPA 365.4 (DWR Modified) [1]*","1 Feet","Water, Natural","Normal Sample","0",NA,NA,"N"
"666","E3S81031544","EL0419B0149",2019-04-03 09:55:00,"0311","1000 - Non-Public, Review Status Unknown","04/03/2019 09:55","Total Kjeldahl Nitrogen","TKN",NA,"0.6","0.1","mg/L as N","EPA 351.2 (DWR Modified) [1]*","1 Feet","Water, Natural","Normal Sample","0",NA,NA,"N"
"667","E3S81031544","EL0419B0149",2019-04-03 09:55:00,"0311","1000 - Non-Public, Review Status Unknown","04/03/2019 09:55","Dissolved ortho-Phosphate","14265-44-2",NA,"<0.05","0.05","mg/L as P","EPA 365.1 DWR Modified [1]*","1 Feet","Water, Natural","Normal Sample","0",NA,NA,"N"
"668","E3S81051544","EL0419B0150",2019-04-03 10:25:00,"0311","1000 - Non-Public, Review Status Unknown","04/03/2019 10:25","Dissolved Nitrate + Nitrite","NO3+NO2",NA,"0.161","0.05","mg/L as N","Std Method 4500-NO3-F (DWR Modified) [1]*","1 Feet","Water, Natural","Normal Sample","0",NA,NA,"N"
"669","E3S81051544","EL0419B0150",2019-04-03 10:25:00,"0311","1000 - Non-Public, Review Status Unknown","04/03/2019 10:25","Total Phosphorus","7723-14-0",NA,"0.108","0.01","mg/L as P","EPA 365.4 (DWR Modified) [1]*","1 Feet","Water, Natural","Normal Sample","0",NA,NA,"N"
"670","E3S81051544","EL0419B0150",2019-04-03 10:25:00,"0311","1000 - Non-Public, Review Status Unknown","04/03/2019 10:25","Total Kjeldahl Nitrogen","TKN",NA,"0.6","0.1","mg/L as N","EPA 351.2 (DWR Modified) [1]*","1 Feet","Water, Natural","Normal Sample","0",NA,NA,"N"
"671","E3S81051544","EL0419B0150",2019-04-03 10:25:00,"0311","1000 - Non-Public, Review Status Unknown","04/03/2019 10:25","Dissolved ortho-Phosphate","14265-44-2",NA,"<0.05","0.05","mg/L as P","EPA 365.1 DWR Modified [1]*","1 Feet","Water, Natural","Normal Sample","0",NA,NA,"N"
"672","B9S80241522","EL0419B0158",2019-04-03 10:30:00,"0311","1000 - Non-Public, Review Status Unknown","04/03/2019 10:30","Dissolved Nitrate + Nitrite","NO3+NO2",NA,"0.18","0.05","mg/L as N","Std Method 4500-NO3-F (DWR Modified) [1]*","1 Feet","Water, Natural","Normal Sample","0",NA,NA,"N"
"673","B9S80241522","EL0419B0158",2019-04-03 10:30:00,"0311","1000 - Non-Public, Review Status Unknown","04/03/2019 10:30","Total Phosphorus","7723-14-0",NA,"0.09","0.01","mg/L as P","EPA 365.4 (DWR Modified) [1]*","1 Feet","Water, Natural","Normal Sample","0",NA,NA,"N"
"674","B9S80241522","EL0419B0158",2019-04-03 10:30:00,"0311","1000 - Non-Public, Review Status Unknown","04/03/2019 10:30","Total Kjeldahl Nitrogen","TKN",NA,"0.4","0.1","mg/L as N","EPA 351.2 (DWR Modified) [1]*","1 Feet","Water, Natural","Normal Sample","0",NA,NA,"N"
"675","B9S80241522","EL0419B0158",2019-04-03 10:30:00,"0311","1000 - Non-Public, Review Status Unknown","04/03/2019 10:30","Dissolved ortho-Phosphate","14265-44-2",NA,"0.06","0.05","mg/L as P","EPA 365.1 DWR Modified [1]*","1 Feet","Water, Natural","Normal Sample","0",NA,NA,"N"
"676","E3S81071545","EL0419B0151",2019-04-03 10:40:00,"0311","1000 - Non-Public, Review Status Unknown","04/03/2019 10:40","Dissolved Nitrate + Nitrite","NO3+NO2",NA,"0.17","0.05","mg/L as N","Std Method 4500-NO3-F (DWR Modified) [1]*","1 Feet","Water, Natural","Normal Sample","0",NA,NA,"N"
"677","E3S81071545","EL0419B0151",2019-04-03 10:40:00,"0311","1000 - Non-Public, Review Status Unknown","04/03/2019 10:40","Total Phosphorus","7723-14-0",NA,"0.1","0.01","mg/L as P","EPA 365.4 (DWR Modified) [1]*","1 Feet","Water, Natural","Normal Sample","0",NA,NA,"N"
"678","E3S81071545","EL0419B0151",2019-04-03 10:40:00,"0311","1000 - Non-Public, Review Status Unknown","04/03/2019 10:40","Total Kjeldahl Nitrogen","TKN",NA,"0.6","0.1","mg/L as N","EPA 351.2 (DWR Modified) [1]*","1 Feet","Water, Natural","Normal Sample","0",NA,NA,"N"
"679","E3S81071545","EL0419B0151",2019-04-03 10:40:00,"0311","1000 - Non-Public, Review Status Unknown","04/03/2019 10:40","Dissolved ortho-Phosphate","14265-44-2",NA,"<0.05","0.05","mg/L as P","EPA 365.1 DWR Modified [1]*","1 Feet","Water, Natural","Normal Sample","0",NA,NA,"N"
"680","E3S81051561","EL0419B0152",2019-04-03 11:00:00,"0311","1000 - Non-Public, Review Status Unknown","04/03/2019 11:00","Dissolved Nitrate + Nitrite","NO3+NO2",NA,"0.2","0.05","mg/L as N","Std Method 4500-NO3-F (DWR Modified) [1]*","1 Feet","Water, Natural","Normal Sample","0",NA,NA,"N"
"681","E3S81051561","EL0419B0152",2019-04-03 11:00:00,"0311","1000 - Non-Public, Review Status Unknown","04/03/2019 11:00","Total Phosphorus","7723-14-0",NA,"0.105","0.01","mg/L as P","EPA 365.4 (DWR Modified) [1]*","1 Feet","Water, Natural","Normal Sample","0",NA,NA,"N"
"682","E3S81051561","EL0419B0152",2019-04-03 11:00:00,"0311","1000 - Non-Public, Review Status Unknown","04/03/2019 11:00","Total Kjeldahl Nitrogen","TKN",NA,"0.5","0.1","mg/L as N","EPA 351.2 (DWR Modified) [1]*","1 Feet","Water, Natural","Normal Sample","0",NA,NA,"N"
"683","E3S81051561","EL0419B0152",2019-04-03 11:00:00,"0311","1000 - Non-Public, Review Status Unknown","04/03/2019 11:00","Dissolved ortho-Phosphate","14265-44-2",NA,"<0.05","0.05","mg/L as P","EPA 365.1 DWR Modified [1]*","1 Feet","Water, Natural","Normal Sample","0",NA,NA,"N"
"684","E3S81051561","EL0419B0155",2019-04-03 11:00:00,NA,NA,NA,NA,NA,NA,NA,NA,NA,NA,NA,NA,NA,NA,NA,NA,NA
"685","E3S81041559","EL0419B0153",2019-04-03 11:15:00,"0311","1000 - Non-Public, Review Status Unknown","04/03/2019 11:15","Dissolved Nitrate + Nitrite","NO3+NO2",NA,"0.21","0.05","mg/L as N","Std Method 4500-NO3-F (DWR Modified) [1]*","1 Feet","Water, Natural","Normal Sample","0",NA,NA,"N"
"686","E3S81041559","EL0419B0153",2019-04-03 11:15:00,"0311","1000 - Non-Public, Review Status Unknown","04/03/2019 11:15","Total Phosphorus","7723-14-0",NA,"0.1","0.01","mg/L as P","EPA 365.4 (DWR Modified) [1]*","1 Feet","Water, Natural","Normal Sample","0",NA,NA,"N"
"687","E3S81041559","EL0419B0153",2019-04-03 11:15:00,"0311","1000 - Non-Public, Review Status Unknown","04/03/2019 11:15","Total Kjeldahl Nitrogen","TKN",NA,"0.5","0.1","mg/L as N","EPA 351.2 (DWR Modified) [1]*","1 Feet","Water, Natural","Normal Sample","0",NA,NA,"N"
"688","E3S81041559","EL0419B0153",2019-04-03 11:15:00,"0311","1000 - Non-Public, Review Status Unknown","04/03/2019 11:15","Dissolved ortho-Phosphate","14265-44-2",NA,"<0.05","0.05","mg/L as P","EPA 365.1 DWR Modified [1]*","1 Feet","Water, Natural","Normal Sample","0",NA,NA,"N"
"689","E3S81041558","EL0419B0154",2019-04-03 11:25:00,"0311","1000 - Non-Public, Review Status Unknown","04/03/2019 11:25","Dissolved Nitrate + Nitrite","NO3+NO2",NA,"0.21","0.05","mg/L as N","Std Method 4500-NO3-F (DWR Modified) [1]*","1 Feet","Water, Natural","Normal Sample","0",NA,NA,"N"
"690","E3S81041558","EL0419B0154",2019-04-03 11:25:00,"0311","1000 - Non-Public, Review Status Unknown","04/03/2019 11:25","Total Phosphorus","7723-14-0",NA,"0.08","0.01","mg/L as P","EPA 365.4 (DWR Modified) [1]*","1 Feet","Water, Natural","Normal Sample","0",NA,NA,"N"
"691","E3S81041558","EL0419B0154",2019-04-03 11:25:00,"0311","1000 - Non-Public, Review Status Unknown","04/03/2019 11:25","Total Kjeldahl Nitrogen","TKN",NA,"0.5","0.1","mg/L as N","EPA 351.2 (DWR Modified) [1]*","1 Feet","Water, Natural","Normal Sample","0",NA,NA,"N"
"692","E3S81041558","EL0419B0154",2019-04-03 11:25:00,"0311","1000 - Non-Public, Review Status Unknown","04/03/2019 11:25","Dissolved ortho-Phosphate","14265-44-2",NA,"<0.05","0.05","mg/L as P","EPA 365.1 DWR Modified [1]*","1 Feet","Water, Natural","Normal Sample","0",NA,NA,"N"
"693","E3S80192066","EL0419B0165",2019-04-03 12:00:00,"0311","1000 - Non-Public, Review Status Unknown","04/03/2019 12:00","Dissolved Nitrate + Nitrite","NO3+NO2",NA,"0.27","0.05","mg/L as N","Std Method 4500-NO3-F (DWR Modified) [1]*","1 Feet","Water, Natural","Normal Sample","0",NA,NA,"N"
"694","E3S80192066","EL0419B0165",2019-04-03 12:00:00,"0311","1000 - Non-Public, Review Status Unknown","04/03/2019 12:00","Total Phosphorus","7723-14-0",NA,"0.09","0.01","mg/L as P","EPA 365.4 (DWR Modified) [1]*","1 Feet","Water, Natural","Normal Sample","0",NA,NA,"N"
"695","E3S80192066","EL0419B0165",2019-04-03 12:00:00,"0311","1000 - Non-Public, Review Status Unknown","04/03/2019 12:00","Total Kjeldahl Nitrogen","TKN",NA,"0.438","0.1","mg/L as N","EPA 351.2 (DWR Modified) [1]*","1 Feet","Water, Natural","Normal Sample","0",NA,NA,"N"
"696","E3S80192066","EL0419B0165",2019-04-03 12:00:00,"0311","1000 - Non-Public, Review Status Unknown","04/03/2019 12:00","Dissolved ortho-Phosphate","14265-44-2",NA,"0.056","0.05","mg/L as P","EPA 365.1 DWR Modified [1]*","1 Feet","Water, Natural","Normal Sample","0",NA,NA,"N"
"697","E3S80192049","EL0419B0163",2019-04-03 13:00:00,"0311","1000 - Non-Public, Review Status Unknown","04/03/2019 13:00","Dissolved Nitrate + Nitrite","NO3+NO2",NA,"0.24","0.05","mg/L as N","Std Method 4500-NO3-F (DWR Modified) [1]*","1 Feet","Water, Natural","Normal Sample","0",NA,NA,"N"
"698","E3S80192049","EL0419B0163",2019-04-03 13:00:00,"0311","1000 - Non-Public, Review Status Unknown","04/03/2019 13:00","Total Phosphorus","7723-14-0",NA,"0.09","0.01","mg/L as P","EPA 365.4 (DWR Modified) [1]*","1 Feet","Water, Natural","Normal Sample","0",NA,NA,"N"
"699","E3S80192049","EL0419B0163",2019-04-03 13:00:00,"0311","1000 - Non-Public, Review Status Unknown","04/03/2019 13:00","Total Kjeldahl Nitrogen","TKN",NA,"0.5","0.1","mg/L as N","EPA 351.2 (DWR Modified) [1]*","1 Feet","Water, Natural","Normal Sample","0",NA,NA,"N"
"700","E3S80192049","EL0419B0163",2019-04-03 13:00:00,"0311","1000 - Non-Public, Review Status Unknown","04/03/2019 13:00","Dissolved ortho-Phosphate","14265-44-2",NA,"0.061","0.05","mg/L as P","EPA 365.1 DWR Modified [1]*","1 Feet","Water, Natural","Normal Sample","0",NA,NA,"N"
"701","E3S80212052","EL0419B0164",2019-04-03 13:40:00,"0311","1000 - Non-Public, Review Status Unknown","04/03/2019 13:40","Dissolved Nitrate + Nitrite","NO3+NO2",NA,"0.26","0.05","mg/L as N","Std Method 4500-NO3-F (DWR Modified) [1]*","1 Feet","Water, Natural","Normal Sample","0",NA,NA,"N"
"702","E3S80212052","EL0419B0164",2019-04-03 13:40:00,"0311","1000 - Non-Public, Review Status Unknown","04/03/2019 13:40","Total Phosphorus","7723-14-0",NA,"0.09","0.01","mg/L as P","EPA 365.4 (DWR Modified) [1]*","1 Feet","Water, Natural","Normal Sample","0",NA,NA,"N"
"703","E3S80212052","EL0419B0164",2019-04-03 13:40:00,"0311","1000 - Non-Public, Review Status Unknown","04/03/2019 13:40","Total Kjeldahl Nitrogen","TKN",NA,"0.4","0.1","mg/L as N","EPA 351.2 (DWR Modified) [1]*","1 Feet","Water, Natural","Normal Sample","0",NA,NA,"N"
"704","E3S80212052","EL0419B0164",2019-04-03 13:40:00,"0311","1000 - Non-Public, Review Status Unknown","04/03/2019 13:40","Dissolved ortho-Phosphate","14265-44-2",NA,"0.067","0.05","mg/L as P","EPA 365.1 DWR Modified [1]*","1 Feet","Water, Natural","Normal Sample","0",NA,NA,"N"
"705","E3S811920110","EL0419B0143",2019-04-03 14:05:00,"0311","1000 - Non-Public, Review Status Unknown","04/03/2019 14:05","Dissolved Nitrate + Nitrite","NO3+NO2",NA,"1.4","0.05","mg/L as N","Std Method 4500-NO3-F (DWR Modified) [1]*","1 Feet","Water, Natural","Normal Sample","0",NA,NA,"N"
"706","E3S811920110","EL0419B0143",2019-04-03 14:05:00,"0311","1000 - Non-Public, Review Status Unknown","04/03/2019 14:05","Total Phosphorus","7723-14-0",NA,"0.59","0.01","mg/L as P","EPA 365.4 (DWR Modified) [1]*","1 Feet","Water, Natural","Normal Sample","0",NA,NA,"N"
"707","E3S811920110","EL0419B0143",2019-04-03 14:05:00,"0311","1000 - Non-Public, Review Status Unknown","04/03/2019 14:05","Total Phosphorus","7723-14-0","Y","0.58","0.01","mg/L as P","EPA 365.4 (DWR Modified) [1]*","1 Feet","Water, Natural","Normal Sample","0",NA,NA,"N"
"708","E3S811920110","EL0419B0143",2019-04-03 14:05:00,"0311","1000 - Non-Public, Review Status Unknown","04/03/2019 14:05","Total Kjeldahl Nitrogen","TKN","Y","1.28","0.1","mg/L as N","EPA 351.2 (DWR Modified) [1]*","1 Feet","Water, Natural","Normal Sample","0",NA,NA,"N"
"709","E3S811920110","EL0419B0143",2019-04-03 14:05:00,"0311","1000 - Non-Public, Review Status Unknown","04/03/2019 14:05","Total Kjeldahl Nitrogen","TKN",NA,"1.3","0.1","mg/L as N","EPA 351.2 (DWR Modified) [1]*","1 Feet","Water, Natural","Normal Sample","0",NA,NA,"N"
"710","E3S811920110","EL0419B0143",2019-04-03 14:05:00,"0311","1000 - Non-Public, Review Status Unknown","04/03/2019 14:05","Dissolved ortho-Phosphate","14265-44-2",NA,"0.402","0.05","mg/L as P","EPA 365.1 DWR Modified [1]*","1 Feet","Water, Natural","Normal Sample","0",NA,NA,"N"
"711","E3S81182017","EL0419B0144",2019-04-03 14:20:00,"0311","1000 - Non-Public, Review Status Unknown","04/03/2019 14:20","Dissolved Nitrate + Nitrite","NO3+NO2",NA,"0.86","0.05","mg/L as N","Std Method 4500-NO3-F (DWR Modified) [1]*","1 Feet","Water, Natural","Normal Sample","0",NA,NA,"N"
"712","E3S81182017","EL0419B0144",2019-04-03 14:20:00,"0311","1000 - Non-Public, Review Status Unknown","04/03/2019 14:20","Total Phosphorus","7723-14-0",NA,"0.36","0.01","mg/L as P","EPA 365.4 (DWR Modified) [1]*","1 Feet","Water, Natural","Normal Sample","0",NA,NA,"N"
"713","E3S81182017","EL0419B0144",2019-04-03 14:20:00,"0311","1000 - Non-Public, Review Status Unknown","04/03/2019 14:20","Total Kjeldahl Nitrogen","TKN",NA,"0.995","0.1","mg/L as N","EPA 351.2 (DWR Modified) [1]*","1 Feet","Water, Natural","Normal Sample","0",NA,NA,"N"
"714","E3S81182017","EL0419B0144",2019-04-03 14:20:00,"0311","1000 - Non-Public, Review Status Unknown","04/03/2019 14:20","Dissolved ortho-Phosphate","14265-44-2",NA,"0.254","0.05","mg/L as P","EPA 365.1 DWR Modified [1]*","1 Feet","Water, Natural","Normal Sample","0",NA,NA,"N"
"715","E3S811720110","EL0419B0145",2019-04-03 14:35:00,"0311","1000 - Non-Public, Review Status Unknown","04/03/2019 14:35","Dissolved Nitrate + Nitrite","NO3+NO2",NA,"0.38","0.05","mg/L as N","Std Method 4500-NO3-F (DWR Modified) [1]*","1 Feet","Water, Natural","Normal Sample","0",NA,NA,"N"
"716","E3S811720110","EL0419B0145",2019-04-03 14:35:00,"0311","1000 - Non-Public, Review Status Unknown","04/03/2019 14:35","Total Phosphorus","7723-14-0",NA,"0.15","0.01","mg/L as P","EPA 365.4 (DWR Modified) [1]*","1 Feet","Water, Natural","Normal Sample","0",NA,NA,"N"
"717","E3S811720110","EL0419B0145",2019-04-03 14:35:00,"0311","1000 - Non-Public, Review Status Unknown","04/03/2019 14:35","Total Kjeldahl Nitrogen","TKN",NA,"0.437","0.1","mg/L as N","EPA 351.2 (DWR Modified) [1]*","1 Feet","Water, Natural","Normal Sample","0",NA,NA,"N"
"718","E3S811720110","EL0419B0145",2019-04-03 14:35:00,"0311","1000 - Non-Public, Review Status Unknown","04/03/2019 14:35","Dissolved ortho-Phosphate","14265-44-2",NA,"0.115","0.05","mg/L as P","EPA 365.1 DWR Modified [1]*","1 Feet","Water, Natural","Normal Sample","0",NA,NA,"N"
"719","E3S80462003","EL0419B0162",2019-04-03 14:52:00,"0311","1000 - Non-Public, Review Status Unknown","04/03/2019 14:52","Dissolved Nitrate + Nitrite","NO3+NO2",NA,"0.2","0.05","mg/L as N","Std Method 4500-NO3-F (DWR Modified) [1]*","1 Feet","Water, Natural","Normal Sample","0",NA,NA,"N"
"720","E3S80462003","EL0419B0162",2019-04-03 14:52:00,"0311","1000 - Non-Public, Review Status Unknown","04/03/2019 14:52","Total Phosphorus","7723-14-0",NA,"0.07","0.01","mg/L as P","EPA 365.4 (DWR Modified) [1]*","1 Feet","Water, Natural","Normal Sample","0",NA,NA,"N"
"721","E3S80462003","EL0419B0162",2019-04-03 14:52:00,"0311","1000 - Non-Public, Review Status Unknown","04/03/2019 14:52","Total Kjeldahl Nitrogen","TKN",NA,"0.3","0.1","mg/L as N","EPA 351.2 (DWR Modified) [1]*","1 Feet","Water, Natural","Normal Sample","0",NA,NA,"N"
"722","E3S80462003","EL0419B0162",2019-04-03 14:52:00,"0311","1000 - Non-Public, Review Status Unknown","04/03/2019 14:52","Dissolved ortho-Phosphate","14265-44-2",NA,"0.055","0.05","mg/L as P","EPA 365.1 DWR Modified [1]*","1 Feet","Water, Natural","Normal Sample","0",NA,NA,"N"
"723","E3S80482010","EL0419B0159",2019-04-03 15:18:00,"0311","1000 - Non-Public, Review Status Unknown","04/03/2019 15:18","Dissolved Nitrate + Nitrite","NO3+NO2",NA,"0.183","0.05","mg/L as N","Std Method 4500-NO3-F (DWR Modified) [1]*","1 Feet","Water, Natural","Normal Sample","0",NA,NA,"N"
"724","E3S80482010","EL0419B0159",2019-04-03 15:18:00,"0311","1000 - Non-Public, Review Status Unknown","04/03/2019 15:18","Total Phosphorus","7723-14-0",NA,"0.078","0.01","mg/L as P","EPA 365.4 (DWR Modified) [1]*","1 Feet","Water, Natural","Normal Sample","0",NA,NA,"N"
"725","E3S80482010","EL0419B0159",2019-04-03 15:18:00,"0311","1000 - Non-Public, Review Status Unknown","04/03/2019 15:18","Total Kjeldahl Nitrogen","TKN",NA,"0.318","0.1","mg/L as N","EPA 351.2 (DWR Modified) [1]*","1 Feet","Water, Natural","Normal Sample","0",NA,NA,"N"
"726","E3S80482010","EL0419B0159",2019-04-03 15:18:00,"0311","1000 - Non-Public, Review Status Unknown","04/03/2019 15:18","Dissolved ortho-Phosphate","14265-44-2",NA,"0.063","0.05","mg/L as P","EPA 365.1 DWR Modified [1]*","1 Feet","Water, Natural","Normal Sample","0",NA,NA,"N"
"727","E3S804102007","EL0419B0160",2019-04-03 15:34:00,"0311","1000 - Non-Public, Review Status Unknown","04/03/2019 15:34","Dissolved Nitrate + Nitrite","NO3+NO2",NA,"0.16","0.05","mg/L as N","Std Method 4500-NO3-F (DWR Modified) [1]*","1 Feet","Water, Natural","Normal Sample","0",NA,NA,"N"
"728","E3S804102007","EL0419B0160",2019-04-03 15:34:00,"0311","1000 - Non-Public, Review Status Unknown","04/03/2019 15:34","Total Phosphorus","7723-14-0",NA,"0.1","0.01","mg/L as P","EPA 365.4 (DWR Modified) [1]*","1 Feet","Water, Natural","Normal Sample","0",NA,NA,"N"
"729","E3S804102007","EL0419B0160",2019-04-03 15:34:00,"0311","1000 - Non-Public, Review Status Unknown","04/03/2019 15:34","Total Kjeldahl Nitrogen","TKN",NA,"0.372","0.1","mg/L as N","EPA 351.2 (DWR Modified) [1]*","1 Feet","Water, Natural","Normal Sample","0",NA,NA,"N"
"730","E3S804102007","EL0419B0160",2019-04-03 15:34:00,"0311","1000 - Non-Public, Review Status Unknown","04/03/2019 15:34","Dissolved ortho-Phosphate","14265-44-2",NA,"0.072","0.05","mg/L as P","EPA 365.1 DWR Modified [1]*","1 Feet","Water, Natural","Normal Sample","0",NA,NA,"N"
"731","E3S80462005","EL0419B0161",2019-04-03 15:55:00,"0311","1000 - Non-Public, Review Status Unknown","04/03/2019 15:55","Dissolved Nitrate + Nitrite","NO3+NO2",NA,"0.18","0.05","mg/L as N","Std Method 4500-NO3-F (DWR Modified) [1]*","1 Feet","Water, Natural","Normal Sample","0",NA,NA,"N"
"732","E3S80462005","EL0419B0161",2019-04-03 15:55:00,"0311","1000 - Non-Public, Review Status Unknown","04/03/2019 15:55","Total Phosphorus","7723-14-0",NA,"0.07","0.01","mg/L as P","EPA 365.4 (DWR Modified) [1]*","1 Feet","Water, Natural","Normal Sample","0",NA,NA,"N"
"733","E3S80462005","EL0419B0161",2019-04-03 15:55:00,"0311","1000 - Non-Public, Review Status Unknown","04/03/2019 15:55","Total Kjeldahl Nitrogen","TKN",NA,"0.3","0.1","mg/L as N","EPA 351.2 (DWR Modified) [1]*","1 Feet","Water, Natural","Normal Sample","0",NA,NA,"N"
"734","E3S80462005","EL0419B0161",2019-04-03 15:55:00,"0311","1000 - Non-Public, Review Status Unknown","04/03/2019 15:55","Dissolved ortho-Phosphate","14265-44-2",NA,"0.06","0.05","mg/L as P","EPA 365.1 DWR Modified [1]*","1 Feet","Water, Natural","Normal Sample","0",NA,NA,"N"
"735","Blank; Equipment (ID:47718","EL0419B0167",2019-04-03 17:15:00,NA,NA,NA,NA,NA,NA,NA,NA,NA,NA,NA,NA,NA,NA,NA,NA,NA
"736","E3S80192066","EL0419B0190",2019-04-08 07:09:00,"0311","1000 - Non-Public, Review Status Unknown","04/08/2019 07:09","Dissolved Nitrate + Nitrite","NO3+NO2",NA,"0.32","0.05","mg/L as N","Std Method 4500-NO3-F (DWR Modified) [1]*","1 Feet","Water, Natural","Normal Sample","0",NA,"Sample  EL0419B0190 was originally batched with Batch: 66766.","N"
"737","E3S80192066","EL0419B0190",2019-04-08 07:09:00,"0311","1000 - Non-Public, Review Status Unknown","04/08/2019 07:09","Total Phosphorus","7723-14-0",NA,"0.11","0.01","mg/L as P","EPA 365.4 (DWR Modified) [1]*","1 Feet","Water, Natural","Normal Sample","0",NA,NA,"N"
"738","E3S80192066","EL0419B0190",2019-04-08 07:09:00,"0311","1000 - Non-Public, Review Status Unknown","04/08/2019 07:09","Total Kjeldahl Nitrogen","TKN",NA,"0.4","0.1","mg/L as N","EPA 351.2 (DWR Modified) [1]*","1 Feet","Water, Natural","Normal Sample","0",NA,NA,"N"
"739","E3S80192066","EL0419B0190",2019-04-08 07:09:00,"0311","1000 - Non-Public, Review Status Unknown","04/08/2019 07:09","Dissolved ortho-Phosphate","14265-44-2",NA,"0.07","0.05","mg/L as P","EPA 365.1 DWR Modified [1]*","1 Feet","Water, Natural","Normal Sample","0",NA,NA,"N"
"740","B9S80231523","EL0419B0181",2019-04-08 08:53:00,"0311","1000 - Non-Public, Review Status Unknown","04/08/2019 08:53","Dissolved Nitrate + Nitrite","NO3+NO2",NA,"0.18","0.05","mg/L as N","Std Method 4500-NO3-F (DWR Modified) [1]*","1 Feet","Water, Natural","Normal Sample","0",NA,"Sample  EL0419B0181 was originally batched with Batch: 66766.","N"
"741","B9S80231523","EL0419B0181",2019-04-08 08:53:00,"0311","1000 - Non-Public, Review Status Unknown","04/08/2019 08:53","Total Phosphorus","7723-14-0",NA,"0.09","0.01","mg/L as P","EPA 365.4 (DWR Modified) [1]*","1 Feet","Water, Natural","Normal Sample","0",NA,NA,"N"
"742","B9S80231523","EL0419B0181",2019-04-08 08:53:00,"0311","1000 - Non-Public, Review Status Unknown","04/08/2019 08:53","Total Kjeldahl Nitrogen","TKN",NA,"0.4","0.1","mg/L as N","EPA 351.2 (DWR Modified) [1]*","1 Feet","Water, Natural","Normal Sample","0",NA,NA,"N"
"743","B9S80231523","EL0419B0181",2019-04-08 08:53:00,"0311","1000 - Non-Public, Review Status Unknown","04/08/2019 08:53","Dissolved ortho-Phosphate","14265-44-2",NA,"0.063","0.05","mg/L as P","EPA 365.1 DWR Modified [1]*","1 Feet","Water, Natural","Normal Sample","0",NA,NA,"N"
"744","B9S80221524","EL0419B0182",2019-04-08 09:37:00,"0311","1000 - Non-Public, Review Status Unknown","04/08/2019 09:37","Dissolved Nitrate + Nitrite","NO3+NO2",NA,"0.18","0.05","mg/L as N","Std Method 4500-NO3-F (DWR Modified) [1]*","1 Feet","Water, Natural","Normal Sample","0",NA,"Sample  EL0419B0182 was originally batched with Batch: 66766.","N"
"745","B9S80221524","EL0419B0182",2019-04-08 09:37:00,"0311","1000 - Non-Public, Review Status Unknown","04/08/2019 09:37","Total Phosphorus","7723-14-0",NA,"0.08","0.01","mg/L as P","EPA 365.4 (DWR Modified) [1]*","1 Feet","Water, Natural","Normal Sample","0",NA,NA,"N"
"746","B9S80221524","EL0419B0182",2019-04-08 09:37:00,"0311","1000 - Non-Public, Review Status Unknown","04/08/2019 09:37","Total Kjeldahl Nitrogen","TKN",NA,"0.307","0.1","mg/L as N","EPA 351.2 (DWR Modified) [1]*","1 Feet","Water, Natural","Normal Sample","0",NA,NA,"N"
"747","B9S80221524","EL0419B0182",2019-04-08 09:37:00,"0311","1000 - Non-Public, Review Status Unknown","04/08/2019 09:37","Dissolved ortho-Phosphate","14265-44-2",NA,"0.06","0.05","mg/L as P","EPA 365.1 DWR Modified [1]*","1 Feet","Water, Natural","Normal Sample","0",NA,NA,"N"
"748","E3S81071545","EL0419B0180",2019-04-08 10:08:00,NA,NA,NA,NA,NA,NA,NA,NA,NA,NA,NA,NA,NA,NA,NA,NA,NA
"749","B9S80241522","EL0419B0183",2019-04-08 10:40:00,"0311","1000 - Non-Public, Review Status Unknown","04/08/2019 10:40","Dissolved Nitrate + Nitrite","NO3+NO2",NA,"0.12","0.05","mg/L as N","Std Method 4500-NO3-F (DWR Modified) [1]*","1 Feet","Water, Natural","Normal Sample","0",NA,"Sample  EL0419B0183 was originally batched with Batch: 66766.","N"
"750","B9S80241522","EL0419B0183",2019-04-08 10:40:00,"0311","1000 - Non-Public, Review Status Unknown","04/08/2019 10:40","Total Phosphorus","7723-14-0",NA,"0.1","0.01","mg/L as P","EPA 365.4 (DWR Modified) [1]*","1 Feet","Water, Natural","Normal Sample","0",NA,NA,"N"
"751","B9S80241522","EL0419B0183",2019-04-08 10:40:00,"0311","1000 - Non-Public, Review Status Unknown","04/08/2019 10:40","Total Kjeldahl Nitrogen","TKN",NA,"0.4","0.1","mg/L as N","EPA 351.2 (DWR Modified) [1]*","1 Feet","Water, Natural","Normal Sample","0",NA,NA,"N"
"752","B9S80241522","EL0419B0183",2019-04-08 10:40:00,"0311","1000 - Non-Public, Review Status Unknown","04/08/2019 10:40","Dissolved ortho-Phosphate","14265-44-2",NA,"0.082","0.05","mg/L as P","EPA 365.1 DWR Modified [1]*","1 Feet","Water, Natural","Normal Sample","0",NA,NA,"N"
"753","E3S80192049","EL0419B0188",2019-04-08 12:47:00,"0311","1000 - Non-Public, Review Status Unknown","04/08/2019 12:47","Dissolved Nitrate + Nitrite","NO3+NO2",NA,"0.39","0.05","mg/L as N","Std Method 4500-NO3-F (DWR Modified) [1]*","1 Feet","Water, Natural","Normal Sample","0",NA,"Sample  EL0419B0188 was originally batched with Batch: 66766.","N"
"754","E3S80192049","EL0419B0188",2019-04-08 12:47:00,"0311","1000 - Non-Public, Review Status Unknown","04/08/2019 12:47","Total Phosphorus","7723-14-0",NA,"0.21","0.01","mg/L as P","EPA 365.4 (DWR Modified) [1]*","1 Feet","Water, Natural","Normal Sample","0",NA,NA,"N"
"755","E3S80192049","EL0419B0188",2019-04-08 12:47:00,"0311","1000 - Non-Public, Review Status Unknown","04/08/2019 12:47","Total Kjeldahl Nitrogen","TKN",NA,"0.6","0.1","mg/L as N","EPA 351.2 (DWR Modified) [1]*","1 Feet","Water, Natural","Normal Sample","0",NA,NA,"N"
"756","E3S80192049","EL0419B0188",2019-04-08 12:47:00,"0311","1000 - Non-Public, Review Status Unknown","04/08/2019 12:47","Dissolved ortho-Phosphate","14265-44-2",NA,"0.067","0.05","mg/L as P","EPA 365.1 DWR Modified [1]*","1 Feet","Water, Natural","Normal Sample","0",NA,NA,"N"
"757","E3S80212052","EL0419B0189",2019-04-08 13:44:00,"0311","1000 - Non-Public, Review Status Unknown","04/08/2019 13:44","Dissolved Nitrate + Nitrite","NO3+NO2",NA,"0.27","0.05","mg/L as N","Std Method 4500-NO3-F (DWR Modified) [1]*","1 Feet","Water, Natural","Normal Sample","0",NA,"Sample  EL0419B0189 was originally batched with Batch: 66766.","N"
"758","E3S80212052","EL0419B0189",2019-04-08 13:44:00,"0311","1000 - Non-Public, Review Status Unknown","04/08/2019 13:44","Total Phosphorus","7723-14-0",NA,"0.13","0.01","mg/L as P","EPA 365.4 (DWR Modified) [1]*","1 Feet","Water, Natural","Normal Sample","0",NA,NA,"N"
"759","E3S80212052","EL0419B0189",2019-04-08 13:44:00,"0311","1000 - Non-Public, Review Status Unknown","04/08/2019 13:44","Total Kjeldahl Nitrogen","TKN",NA,"0.4","0.1","mg/L as N","EPA 351.2 (DWR Modified) [1]*","1 Feet","Water, Natural","Normal Sample","0",NA,NA,"N"
"760","E3S80212052","EL0419B0189",2019-04-08 13:44:00,"0311","1000 - Non-Public, Review Status Unknown","04/08/2019 13:44","Dissolved ortho-Phosphate","14265-44-2",NA,"0.076","0.05","mg/L as P","EPA 365.1 DWR Modified [1]*","1 Feet","Water, Natural","Normal Sample","0",NA,NA,"N"
"761","E3S80462003","EL0419B0187",2019-04-08 14:32:00,"0311","1000 - Non-Public, Review Status Unknown","04/08/2019 14:32","Dissolved Nitrate + Nitrite","NO3+NO2",NA,"0.18","0.05","mg/L as N","Std Method 4500-NO3-F (DWR Modified) [1]*","1 Feet","Water, Natural","Normal Sample","0",NA,"Sample  EL0419B0187 was originally batched with Batch: 66766.","N"
"762","E3S80462003","EL0419B0187",2019-04-08 14:32:00,"0311","1000 - Non-Public, Review Status Unknown","04/08/2019 14:32","Total Phosphorus","7723-14-0",NA,"0.06","0.01","mg/L as P","EPA 365.4 (DWR Modified) [1]*","1 Feet","Water, Natural","Normal Sample","0",NA,NA,"N"
"763","E3S80462003","EL0419B0187",2019-04-08 14:32:00,"0311","1000 - Non-Public, Review Status Unknown","04/08/2019 14:32","Total Kjeldahl Nitrogen","TKN",NA,"0.312","0.1","mg/L as N","EPA 351.2 (DWR Modified) [1]*","1 Feet","Water, Natural","Normal Sample","0",NA,NA,"N"
"764","E3S80462003","EL0419B0187",2019-04-08 14:32:00,"0311","1000 - Non-Public, Review Status Unknown","04/08/2019 14:32","Dissolved ortho-Phosphate","14265-44-2",NA,"<0.05","0.05","mg/L as P","EPA 365.1 DWR Modified [1]*","1 Feet","Water, Natural","Normal Sample","0",NA,NA,"N"
"765","Blank; Equipment (ID:47718","EL0419B0192",2019-04-08 15:00:00,NA,NA,NA,NA,NA,NA,NA,NA,NA,NA,NA,NA,NA,NA,NA,NA,NA
"766","E3S80482010","EL0419B0184",2019-04-08 15:57:00,"0311","1000 - Non-Public, Review Status Unknown","04/08/2019 15:57","Dissolved Nitrate + Nitrite","NO3+NO2",NA,"0.2","0.05","mg/L as N","Std Method 4500-NO3-F (DWR Modified) [1]*","1 Feet","Water, Natural","Normal Sample","0",NA,"Sample  EL0419B0184 was originally batched with Batch: 66766.","N"
"767","E3S80482010","EL0419B0184",2019-04-08 15:57:00,"0311","1000 - Non-Public, Review Status Unknown","04/08/2019 15:57","Total Phosphorus","7723-14-0",NA,"0.062","0.01","mg/L as P","EPA 365.4 (DWR Modified) [1]*","1 Feet","Water, Natural","Normal Sample","0",NA,NA,"N"
"768","E3S80482010","EL0419B0184",2019-04-08 15:57:00,"0311","1000 - Non-Public, Review Status Unknown","04/08/2019 15:57","Total Kjeldahl Nitrogen","TKN",NA,"0.3","0.1","mg/L as N","EPA 351.2 (DWR Modified) [1]*","1 Feet","Water, Natural","Normal Sample","0",NA,NA,"N"
"769","E3S80482010","EL0419B0184",2019-04-08 15:57:00,"0311","1000 - Non-Public, Review Status Unknown","04/08/2019 15:57","Dissolved ortho-Phosphate","14265-44-2",NA,"0.052","0.05","mg/L as P","EPA 365.1 DWR Modified [1]*","1 Feet","Water, Natural","Normal Sample","0",NA,NA,"N"
"770","E3S804102007","EL0419B0185",2019-04-08 16:29:00,"0311","1000 - Non-Public, Review Status Unknown","04/08/2019 16:29","Dissolved Nitrate + Nitrite","NO3+NO2",NA,"0.19","0.05","mg/L as N","Std Method 4500-NO3-F (DWR Modified) [1]*","1 Feet","Water, Natural","Normal Sample","0",NA,"Sample  EL0419B0185 was originally batched with Batch: 66766.","N"
"771","E3S804102007","EL0419B0185",2019-04-08 16:29:00,"0311","1000 - Non-Public, Review Status Unknown","04/08/2019 16:29","Total Phosphorus","7723-14-0",NA,"0.07","0.01","mg/L as P","EPA 365.4 (DWR Modified) [1]*","1 Feet","Water, Natural","Normal Sample","0",NA,NA,"N"
"772","E3S804102007","EL0419B0185",2019-04-08 16:29:00,"0311","1000 - Non-Public, Review Status Unknown","04/08/2019 16:29","Total Kjeldahl Nitrogen","TKN",NA,"0.3","0.1","mg/L as N","EPA 351.2 (DWR Modified) [1]*","1 Feet","Water, Natural","Normal Sample","0",NA,NA,"N"
"773","E3S804102007","EL0419B0185",2019-04-08 16:29:00,"0311","1000 - Non-Public, Review Status Unknown","04/08/2019 16:29","Dissolved ortho-Phosphate","14265-44-2",NA,"0.051","0.05","mg/L as P","EPA 365.1 DWR Modified [1]*","1 Feet","Water, Natural","Normal Sample","0",NA,NA,"N"
"774","E3S80462005","EL0419B0186",2019-04-08 17:02:00,"0311","1000 - Non-Public, Review Status Unknown","04/08/2019 17:02","Dissolved Nitrate + Nitrite","NO3+NO2",NA,"0.184","0.05","mg/L as N","Std Method 4500-NO3-F (DWR Modified) [1]*","1 Feet","Water, Natural","Normal Sample","0",NA,"Sample  EL0419B0186 was originally batched with Batch: 66766.","N"
"775","E3S80462005","EL0419B0186",2019-04-08 17:02:00,"0311","1000 - Non-Public, Review Status Unknown","04/08/2019 17:02","Total Phosphorus","7723-14-0",NA,"0.07","0.01","mg/L as P","EPA 365.4 (DWR Modified) [1]*","1 Feet","Water, Natural","Normal Sample","0",NA,NA,"N"
"776","E3S80462005","EL0419B0186",2019-04-08 17:02:00,"0311","1000 - Non-Public, Review Status Unknown","04/08/2019 17:02","Total Kjeldahl Nitrogen","TKN",NA,"0.3","0.1","mg/L as N","EPA 351.2 (DWR Modified) [1]*","1 Feet","Water, Natural","Normal Sample","0",NA,NA,"N"
"777","E3S80462005","EL0419B0186",2019-04-08 17:02:00,"0311","1000 - Non-Public, Review Status Unknown","04/08/2019 17:02","Dissolved ortho-Phosphate","14265-44-2",NA,"0.059","0.05","mg/L as P","EPA 365.1 DWR Modified [1]*","1 Feet","Water, Natural","Normal Sample","0",NA,NA,"N"
"778","E3S81191549","EL0419B0171",2019-04-09 09:40:00,"0311","1000 - Non-Public, Review Status Unknown","04/09/2019 09:40","Dissolved Nitrate + Nitrite","NO3+NO2",NA,"0.33","0.05","mg/L as N","Std Method 4500-NO3-F (DWR Modified) [1]*","1 Feet","Water, Natural","Normal Sample","0",NA,NA,"N"
"779","E3S81191549","EL0419B0171",2019-04-09 09:40:00,"0311","1000 - Non-Public, Review Status Unknown","04/09/2019 09:40","Total Phosphorus","7723-14-0",NA,"0.245","0.01","mg/L as P","EPA 365.4 (DWR Modified) [1]*","1 Feet","Water, Natural","Normal Sample","0",NA,NA,"N"
"780","E3S81191549","EL0419B0171",2019-04-09 09:40:00,"0311","1000 - Non-Public, Review Status Unknown","04/09/2019 09:40","Total Kjeldahl Nitrogen","TKN",NA,"1.22","0.1","mg/L as N","EPA 351.2 (DWR Modified) [1]*","1 Feet","Water, Natural","Normal Sample","0",NA,NA,"N"
"781","E3S81191549","EL0419B0171",2019-04-09 09:40:00,"0311","1000 - Non-Public, Review Status Unknown","04/09/2019 09:40","Dissolved ortho-Phosphate","14265-44-2",NA,"0.063","0.05","mg/L as P","EPA 365.1 DWR Modified [1]*","1 Feet","Water, Natural","Normal Sample","0",NA,NA,"N"
"782","E3S811101550","EL0419B0172",2019-04-09 10:45:00,"0311","1000 - Non-Public, Review Status Unknown","04/09/2019 10:45","Dissolved Nitrate + Nitrite","NO3+NO2",NA,"0.33","0.05","mg/L as N","Std Method 4500-NO3-F (DWR Modified) [1]*","1 Feet","Water, Natural","Normal Sample","0",NA,NA,"N"
"783","E3S811101550","EL0419B0172",2019-04-09 10:45:00,"0311","1000 - Non-Public, Review Status Unknown","04/09/2019 10:45","Total Phosphorus","7723-14-0",NA,"0.24","0.01","mg/L as P","EPA 365.4 (DWR Modified) [1]*","1 Feet","Water, Natural","Normal Sample","0",NA,NA,"N"
"784","E3S811101550","EL0419B0172",2019-04-09 10:45:00,"0311","1000 - Non-Public, Review Status Unknown","04/09/2019 10:45","Total Kjeldahl Nitrogen","TKN",NA,"1.3","0.1","mg/L as N","EPA 351.2 (DWR Modified) [1]*","1 Feet","Water, Natural","Normal Sample","0",NA,NA,"N"
"785","E3S811101550","EL0419B0172",2019-04-09 10:45:00,"0311","1000 - Non-Public, Review Status Unknown","04/09/2019 10:45","Dissolved ortho-Phosphate","14265-44-2",NA,"0.069","0.05","mg/L as P","EPA 365.1 DWR Modified [1]*","1 Feet","Water, Natural","Normal Sample","0",NA,NA,"N"
"786","E3S811101553","EL0419B0173",2019-04-09 11:35:00,"0311","1000 - Non-Public, Review Status Unknown","04/09/2019 11:35","Dissolved Nitrate + Nitrite","NO3+NO2",NA,"0.42","0.05","mg/L as N","Std Method 4500-NO3-F (DWR Modified) [1]*","1 Feet","Water, Natural","Normal Sample","0",NA,NA,"N"
"787","E3S811101553","EL0419B0173",2019-04-09 11:35:00,"0311","1000 - Non-Public, Review Status Unknown","04/09/2019 11:35","Total Phosphorus","7723-14-0",NA,"0.29","0.01","mg/L as P","EPA 365.4 (DWR Modified) [1]*","1 Feet","Water, Natural","Normal Sample","0",NA,NA,"N"
"788","E3S811101553","EL0419B0173",2019-04-09 11:35:00,"0311","1000 - Non-Public, Review Status Unknown","04/09/2019 11:35","Total Kjeldahl Nitrogen","TKN",NA,"1.6","0.1","mg/L as N","EPA 351.2 (DWR Modified) [1]*","1 Feet","Water, Natural","Normal Sample","0",NA,NA,"N"
"789","E3S811101553","EL0419B0173",2019-04-09 11:35:00,"0311","1000 - Non-Public, Review Status Unknown","04/09/2019 11:35","Dissolved ortho-Phosphate","14265-44-2",NA,"0.06","0.05","mg/L as P","EPA 365.1 DWR Modified [1]*","1 Feet","Water, Natural","Normal Sample","0",NA,NA,"N"
"790","E3S81051561","EL0419B0177",2019-04-09 12:45:00,"0311","1000 - Non-Public, Review Status Unknown","04/09/2019 12:45","Dissolved Nitrate + Nitrite","NO3+NO2",NA,"0.1","0.05","mg/L as N","Std Method 4500-NO3-F (DWR Modified) [1]*","1 Feet","Water, Natural","Normal Sample","0",NA,NA,"N"
"791","E3S81051561","EL0419B0177",2019-04-09 12:45:00,"0311","1000 - Non-Public, Review Status Unknown","04/09/2019 12:45","Total Phosphorus","7723-14-0",NA,"0.192","0.01","mg/L as P","EPA 365.4 (DWR Modified) [1]*","1 Feet","Water, Natural","Normal Sample","0",NA,NA,"N"
"792","E3S81051561","EL0419B0177",2019-04-09 12:45:00,"0311","1000 - Non-Public, Review Status Unknown","04/09/2019 12:45","Total Kjeldahl Nitrogen","TKN",NA,"0.9","0.1","mg/L as N","EPA 351.2 (DWR Modified) [1]*","1 Feet","Water, Natural","Normal Sample","0",NA,NA,"N"
"793","E3S81051561","EL0419B0177",2019-04-09 12:45:00,"0311","1000 - Non-Public, Review Status Unknown","04/09/2019 12:45","Dissolved ortho-Phosphate","14265-44-2",NA,"<0.05","0.05","mg/L as P","EPA 365.1 DWR Modified [1]*","1 Feet","Water, Natural","Normal Sample","0",NA,NA,"N"
"794","E3S81041559","EL0419B0178",2019-04-09 13:35:00,"0311","1000 - Non-Public, Review Status Unknown","04/09/2019 13:35","Dissolved Nitrate + Nitrite","NO3+NO2",NA,"0.19","0.05","mg/L as N","Std Method 4500-NO3-F (DWR Modified) [1]*","1 Feet","Water, Natural","Normal Sample","0",NA,NA,"N"
"795","E3S81041559","EL0419B0178",2019-04-09 13:35:00,"0311","1000 - Non-Public, Review Status Unknown","04/09/2019 13:35","Total Phosphorus","7723-14-0","Y","0.1","0.01","mg/L as P","EPA 365.4 (DWR Modified) [1]*","1 Feet","Water, Natural","Normal Sample","0",NA,NA,"N"
"796","E3S81041559","EL0419B0178",2019-04-09 13:35:00,"0311","1000 - Non-Public, Review Status Unknown","04/09/2019 13:35","Total Phosphorus","7723-14-0",NA,"0.1","0.01","mg/L as P","EPA 365.4 (DWR Modified) [1]*","1 Feet","Water, Natural","Normal Sample","0",NA,NA,"N"
"797","E3S81041559","EL0419B0178",2019-04-09 13:35:00,"0311","1000 - Non-Public, Review Status Unknown","04/09/2019 13:35","Total Kjeldahl Nitrogen","TKN","Y","0.377","0.1","mg/L as N","EPA 351.2 (DWR Modified) [1]*","1 Feet","Water, Natural","Normal Sample","0",NA,NA,"N"
"798","E3S81041559","EL0419B0178",2019-04-09 13:35:00,"0311","1000 - Non-Public, Review Status Unknown","04/09/2019 13:35","Total Kjeldahl Nitrogen","TKN",NA,"0.376","0.1","mg/L as N","EPA 351.2 (DWR Modified) [1]*","1 Feet","Water, Natural","Normal Sample","0",NA,NA,"N"
"799","E3S81041559","EL0419B0178",2019-04-09 13:35:00,"0311","1000 - Non-Public, Review Status Unknown","04/09/2019 13:35","Dissolved ortho-Phosphate","14265-44-2",NA,"0.051","0.05","mg/L as P","EPA 365.1 DWR Modified [1]*","1 Feet","Water, Natural","Normal Sample","0",NA,NA,"N"
"800","E3S81041558","EL0419B0179",2019-04-09 14:20:00,"0311","1000 - Non-Public, Review Status Unknown","04/09/2019 14:20","Dissolved Nitrate + Nitrite","NO3+NO2",NA,"0.193","0.05","mg/L as N","Std Method 4500-NO3-F (DWR Modified) [1]*","1 Feet","Water, Natural","Normal Sample","0",NA,NA,"N"
"801","E3S81041558","EL0419B0179",2019-04-09 14:20:00,"0311","1000 - Non-Public, Review Status Unknown","04/09/2019 14:20","Total Phosphorus","7723-14-0",NA,"0.12","0.01","mg/L as P","EPA 365.4 (DWR Modified) [1]*","1 Feet","Water, Natural","Normal Sample","0",NA,NA,"N"
"802","E3S81041558","EL0419B0179",2019-04-09 14:20:00,"0311","1000 - Non-Public, Review Status Unknown","04/09/2019 14:20","Total Kjeldahl Nitrogen","TKN",NA,"0.5","0.1","mg/L as N","EPA 351.2 (DWR Modified) [1]*","1 Feet","Water, Natural","Normal Sample","0",NA,NA,"N"
"803","E3S81041558","EL0419B0179",2019-04-09 14:20:00,"0311","1000 - Non-Public, Review Status Unknown","04/09/2019 14:20","Dissolved ortho-Phosphate","14265-44-2",NA,"0.052","0.05","mg/L as P","EPA 365.1 DWR Modified [1]*","1 Feet","Water, Natural","Normal Sample","0",NA,NA,"N"
"804","E3S81031544","EL0419B0174",2019-04-10 09:09:00,"0311","1000 - Non-Public, Review Status Unknown","04/10/2019 09:09","Dissolved Nitrate + Nitrite","NO3+NO2",NA,"0.15","0.05","mg/L as N","Std Method 4500-NO3-F (DWR Modified) [1]*","1 Feet","Water, Natural","Normal Sample","0",NA,NA,"N"
"805","E3S81031544","EL0419B0174",2019-04-10 09:09:00,"0311","1000 - Non-Public, Review Status Unknown","04/10/2019 09:09","Total Phosphorus","7723-14-0",NA,"0.182","0.01","mg/L as P","EPA 365.4 (DWR Modified) [1]*","1 Feet","Water, Natural","Normal Sample","0",NA,NA,"N"
"806","E3S81031544","EL0419B0174",2019-04-10 09:09:00,"0311","1000 - Non-Public, Review Status Unknown","04/10/2019 09:09","Total Kjeldahl Nitrogen","TKN",NA,"0.7","0.1","mg/L as N","EPA 351.2 (DWR Modified) [1]*","1 Feet","Water, Natural","Normal Sample","0",NA,NA,"N"
"807","E3S81031544","EL0419B0174",2019-04-10 09:09:00,"0311","1000 - Non-Public, Review Status Unknown","04/10/2019 09:09","Dissolved ortho-Phosphate","14265-44-2",NA,"0.069","0.05","mg/L as P","EPA 365.1 DWR Modified [1]*","1 Feet","Water, Natural","Normal Sample","0",NA,NA,"N"
"808","E3S81071545","EL0419B0176",2019-04-10 10:08:00,"0311","1000 - Non-Public, Review Status Unknown","04/10/2019 10:08","Dissolved Nitrate + Nitrite","NO3+NO2",NA,"0.154","0.05","mg/L as N","Std Method 4500-NO3-F (DWR Modified) [1]*","1 Feet","Water, Natural","Normal Sample","0",NA,NA,"N"
"809","E3S81071545","EL0419B0176",2019-04-10 10:08:00,"0311","1000 - Non-Public, Review Status Unknown","04/10/2019 10:08","Total Phosphorus","7723-14-0",NA,"0.1","0.01","mg/L as P","EPA 365.4 (DWR Modified) [1]*","1 Feet","Water, Natural","Normal Sample","0",NA,NA,"N"
"810","E3S81071545","EL0419B0176",2019-04-10 10:08:00,"0311","1000 - Non-Public, Review Status Unknown","04/10/2019 10:08","Total Kjeldahl Nitrogen","TKN",NA,"0.6","0.1","mg/L as N","EPA 351.2 (DWR Modified) [1]*","1 Feet","Water, Natural","Normal Sample","0",NA,NA,"N"
"811","E3S81071545","EL0419B0176",2019-04-10 10:08:00,"0311","1000 - Non-Public, Review Status Unknown","04/10/2019 10:08","Dissolved ortho-Phosphate","14265-44-2",NA,"0.057","0.05","mg/L as P","EPA 365.1 DWR Modified [1]*","1 Feet","Water, Natural","Normal Sample","0",NA,NA,"N"
"812","E3S81182017","EL0419B0169",2019-04-10 12:16:00,"0311","1000 - Non-Public, Review Status Unknown","04/10/2019 12:16","Dissolved Nitrate + Nitrite","NO3+NO2",NA,"0.63","0.05","mg/L as N","Std Method 4500-NO3-F (DWR Modified) [1]*","1 Feet","Water, Natural","Normal Sample","0",NA,NA,"N"
"813","E3S81182017","EL0419B0169",2019-04-10 12:16:00,"0311","1000 - Non-Public, Review Status Unknown","04/10/2019 12:16","Total Phosphorus","7723-14-0",NA,"0.58","0.01","mg/L as P","EPA 365.4 (DWR Modified) [1]*","1 Feet","Water, Natural","Normal Sample","0",NA,NA,"N"
"814","E3S81182017","EL0419B0169",2019-04-10 12:16:00,"0311","1000 - Non-Public, Review Status Unknown","04/10/2019 12:16","Total Kjeldahl Nitrogen","TKN",NA,"1.4","0.1","mg/L as N","EPA 351.2 (DWR Modified) [1]*","1 Feet","Water, Natural","Normal Sample","0",NA,NA,"N"
"815","E3S81182017","EL0419B0169",2019-04-10 12:16:00,"0311","1000 - Non-Public, Review Status Unknown","04/10/2019 12:16","Dissolved ortho-Phosphate","14265-44-2",NA,"0.33","0.05","mg/L as P","EPA 365.1 DWR Modified [1]*","1 Feet","Water, Natural","Normal Sample","0",NA,NA,"N"
"816","E3S811920110","EL0419B0168",2019-04-10 13:30:00,"0311","1000 - Non-Public, Review Status Unknown","04/10/2019 13:30","Dissolved Nitrate + Nitrite","NO3+NO2",NA,"0.55","0.05","mg/L as N","Std Method 4500-NO3-F (DWR Modified) [1]*","1 Feet","Water, Natural","Normal Sample","0",NA,NA,"N"
"817","E3S811920110","EL0419B0168",2019-04-10 13:30:00,"0311","1000 - Non-Public, Review Status Unknown","04/10/2019 13:30","Total Phosphorus","7723-14-0",NA,"0.84","0.01","mg/L as P","EPA 365.4 (DWR Modified) [1]*","1 Feet","Water, Natural","Normal Sample","0",NA,NA,"N"
"818","E3S811920110","EL0419B0168",2019-04-10 13:30:00,"0311","1000 - Non-Public, Review Status Unknown","04/10/2019 13:30","Total Kjeldahl Nitrogen","TKN",NA,"1.9","0.1","mg/L as N","EPA 351.2 (DWR Modified) [1]*","1 Feet","Water, Natural","Normal Sample","0",NA,NA,"N"
"819","E3S811920110","EL0419B0168",2019-04-10 13:30:00,"0311","1000 - Non-Public, Review Status Unknown","04/10/2019 13:30","Dissolved ortho-Phosphate","14265-44-2",NA,"0.245","0.05","mg/L as P","EPA 365.1 DWR Modified [1]*","1 Feet","Water, Natural","Normal Sample","0",NA,NA,"N"
"820","E3S811720110","EL0419B0170",2019-04-10 14:40:00,"0311","1000 - Non-Public, Review Status Unknown","04/10/2019 14:40","Dissolved Nitrate + Nitrite","NO3+NO2",NA,"1.5","0.05","mg/L as N","Std Method 4500-NO3-F (DWR Modified) [1]*","1 Feet","Water, Natural","Normal Sample","0",NA,NA,"N"
"821","E3S811720110","EL0419B0170",2019-04-10 14:40:00,"0311","1000 - Non-Public, Review Status Unknown","04/10/2019 14:40","Total Phosphorus","7723-14-0",NA,"0.72","0.01","mg/L as P","EPA 365.4 (DWR Modified) [1]*","1 Feet","Water, Natural","Normal Sample","0",NA,NA,"N"
"822","E3S811720110","EL0419B0170",2019-04-10 14:40:00,"0311","1000 - Non-Public, Review Status Unknown","04/10/2019 14:40","Total Kjeldahl Nitrogen","TKN",NA,"1.3","0.1","mg/L as N","EPA 351.2 (DWR Modified) [1]*","1 Feet","Water, Natural","Normal Sample","0",NA,NA,"N"
"823","E3S811720110","EL0419B0170",2019-04-10 14:40:00,"0311","1000 - Non-Public, Review Status Unknown","04/10/2019 14:40","Dissolved ortho-Phosphate","14265-44-2",NA,"0.477","0.05","mg/L as P","EPA 365.1 DWR Modified [1]*","1 Feet","Water, Natural","Normal Sample","0",NA,NA,"N"
"824","E3S80192049","EL0419B0213",2019-04-16 07:33:00,"0311","1000 - Non-Public, Review Status Unknown","04/16/2019 07:33","Dissolved Nitrate + Nitrite","NO3+NO2",NA,"0.19","0.05","mg/L as N","Std Method 4500-NO3-F (DWR Modified) [1]*","1 Feet","Water, Natural","Normal Sample","0",NA,NA,"N"
"825","E3S80192049","EL0419B0213",2019-04-16 07:33:00,"0311","1000 - Non-Public, Review Status Unknown","04/16/2019 07:33","Total Phosphorus","7723-14-0",NA,"0.12","0.01","mg/L as P","EPA 365.4 (DWR Modified) [1]*","1 Feet","Water, Natural","Normal Sample","0",NA,NA,"N"
"826","E3S80192049","EL0419B0213",2019-04-16 07:33:00,"0311","1000 - Non-Public, Review Status Unknown","04/16/2019 07:33","Total Kjeldahl Nitrogen","TKN",NA,"0.4","0.1","mg/L as N","EPA 351.2 (DWR Modified) [1]*","1 Feet","Water, Natural","Normal Sample","0",NA,NA,"N"
"827","E3S80192049","EL0419B0213",2019-04-16 07:33:00,"0311","1000 - Non-Public, Review Status Unknown","04/16/2019 07:33","Dissolved ortho-Phosphate","14265-44-2",NA,"0.067","0.05","mg/L as P","EPA 365.1 DWR Modified [1]*","1 Feet","Water, Natural","Normal Sample","0",NA,NA,"N"
"828","E3S80212052","EL0419B0214",2019-04-16 09:29:00,"0311","1000 - Non-Public, Review Status Unknown","04/16/2019 09:29","Dissolved Nitrate + Nitrite","NO3+NO2",NA,"0.19","0.05","mg/L as N","Std Method 4500-NO3-F (DWR Modified) [1]*","1 Feet","Water, Natural","Normal Sample","0",NA,NA,"N"
"829","E3S80212052","EL0419B0214",2019-04-16 09:29:00,"0311","1000 - Non-Public, Review Status Unknown","04/16/2019 09:29","Total Phosphorus","7723-14-0",NA,"0.12","0.01","mg/L as P","EPA 365.4 (DWR Modified) [1]*","1 Feet","Water, Natural","Normal Sample","0",NA,NA,"N"
"830","E3S80212052","EL0419B0214",2019-04-16 09:29:00,"0311","1000 - Non-Public, Review Status Unknown","04/16/2019 09:29","Total Kjeldahl Nitrogen","TKN",NA,"0.4","0.1","mg/L as N","EPA 351.2 (DWR Modified) [1]*","1 Feet","Water, Natural","Normal Sample","0",NA,NA,"N"
"831","E3S80212052","EL0419B0214",2019-04-16 09:29:00,"0311","1000 - Non-Public, Review Status Unknown","04/16/2019 09:29","Dissolved ortho-Phosphate","14265-44-2",NA,"0.068","0.05","mg/L as P","EPA 365.1 DWR Modified [1]*","1 Feet","Water, Natural","Normal Sample","0",NA,NA,"N"
"832","E3S80462005","EL0419B0211",2019-04-16 11:26:00,"0311","1000 - Non-Public, Review Status Unknown","04/16/2019 11:26","Dissolved Nitrate + Nitrite","NO3+NO2",NA,"0.156","0.05","mg/L as N","Std Method 4500-NO3-F (DWR Modified) [1]*","1 Feet","Water, Natural","Normal Sample","0",NA,NA,"N"
"833","E3S80462005","EL0419B0211",2019-04-16 11:26:00,"0311","1000 - Non-Public, Review Status Unknown","04/16/2019 11:26","Total Phosphorus","7723-14-0",NA,"0.06","0.01","mg/L as P","EPA 365.4 (DWR Modified) [1]*","1 Feet","Water, Natural","Normal Sample","0",NA,NA,"N"
"834","E3S80462005","EL0419B0211",2019-04-16 11:26:00,"0311","1000 - Non-Public, Review Status Unknown","04/16/2019 11:26","Total Kjeldahl Nitrogen","TKN",NA,"0.251","0.1","mg/L as N","EPA 351.2 (DWR Modified) [1]*","1 Feet","Water, Natural","Normal Sample","0",NA,NA,"N"
"835","E3S80462005","EL0419B0211",2019-04-16 11:26:00,"0311","1000 - Non-Public, Review Status Unknown","04/16/2019 11:26","Dissolved ortho-Phosphate","14265-44-2",NA,"0.054","0.05","mg/L as P","EPA 365.1 DWR Modified [1]*","1 Feet","Water, Natural","Normal Sample","0",NA,NA,"N"
"836","E3S804102007","EL0419B0210",2019-04-16 12:25:00,"0311","1000 - Non-Public, Review Status Unknown","04/16/2019 12:25","Dissolved Nitrate + Nitrite","NO3+NO2",NA,"0.155","0.05","mg/L as N","Std Method 4500-NO3-F (DWR Modified) [1]*","1 Feet","Water, Natural","Normal Sample","0",NA,NA,"N"
"837","E3S804102007","EL0419B0210",2019-04-16 12:25:00,"0311","1000 - Non-Public, Review Status Unknown","04/16/2019 12:25","Total Phosphorus","7723-14-0",NA,"0.07","0.01","mg/L as P","EPA 365.4 (DWR Modified) [1]*","1 Feet","Water, Natural","Normal Sample","0",NA,NA,"N"
"838","E3S804102007","EL0419B0210",2019-04-16 12:25:00,"0311","1000 - Non-Public, Review Status Unknown","04/16/2019 12:25","Total Kjeldahl Nitrogen","TKN",NA,"0.3","0.1","mg/L as N","EPA 351.2 (DWR Modified) [1]*","1 Feet","Water, Natural","Normal Sample","0",NA,NA,"N"
"839","E3S804102007","EL0419B0210",2019-04-16 12:25:00,"0311","1000 - Non-Public, Review Status Unknown","04/16/2019 12:25","Dissolved ortho-Phosphate","14265-44-2",NA,"0.055","0.05","mg/L as P","EPA 365.1 DWR Modified [1]*","1 Feet","Water, Natural","Normal Sample","0",NA,NA,"N"
"840","E3S80482010","EL0419B0209",2019-04-16 13:12:00,"0311","1000 - Non-Public, Review Status Unknown","04/16/2019 13:12","Dissolved Nitrate + Nitrite","NO3+NO2",NA,"0.152","0.05","mg/L as N","Std Method 4500-NO3-F (DWR Modified) [1]*","1 Feet","Water, Natural","Normal Sample","0",NA,NA,"N"
"841","E3S80482010","EL0419B0209",2019-04-16 13:12:00,"0311","1000 - Non-Public, Review Status Unknown","04/16/2019 13:12","Total Phosphorus","7723-14-0",NA,"0.07","0.01","mg/L as P","EPA 365.4 (DWR Modified) [1]*","1 Feet","Water, Natural","Normal Sample","0",NA,NA,"N"
"842","E3S80482010","EL0419B0209",2019-04-16 13:12:00,"0311","1000 - Non-Public, Review Status Unknown","04/16/2019 13:12","Total Kjeldahl Nitrogen","TKN",NA,"0.3","0.1","mg/L as N","EPA 351.2 (DWR Modified) [1]*","1 Feet","Water, Natural","Normal Sample","0",NA,NA,"N"
"843","E3S80482010","EL0419B0209",2019-04-16 13:12:00,"0311","1000 - Non-Public, Review Status Unknown","04/16/2019 13:12","Dissolved ortho-Phosphate","14265-44-2",NA,"0.058","0.05","mg/L as P","EPA 365.1 DWR Modified [1]*","1 Feet","Water, Natural","Normal Sample","0",NA,NA,"N"
"844","B9S80241522","EL0419B0208",2019-04-16 14:17:00,"0311","1000 - Non-Public, Review Status Unknown","04/16/2019 14:17","Dissolved Nitrate + Nitrite","NO3+NO2",NA,"0.17","0.05","mg/L as N","Std Method 4500-NO3-F (DWR Modified) [1]*","1 Feet","Water, Natural","Normal Sample","0",NA,NA,"N"
"845","B9S80241522","EL0419B0208",2019-04-16 14:17:00,"0311","1000 - Non-Public, Review Status Unknown","04/16/2019 14:17","Total Phosphorus","7723-14-0",NA,"0.08","0.01","mg/L as P","EPA 365.4 (DWR Modified) [1]*","1 Feet","Water, Natural","Normal Sample","0",NA,NA,"N"
"846","B9S80241522","EL0419B0208",2019-04-16 14:17:00,"0311","1000 - Non-Public, Review Status Unknown","04/16/2019 14:17","Total Kjeldahl Nitrogen","TKN",NA,"0.3","0.1","mg/L as N","EPA 351.2 (DWR Modified) [1]*","1 Feet","Water, Natural","Normal Sample","0",NA,NA,"N"
"847","B9S80241522","EL0419B0208",2019-04-16 14:17:00,"0311","1000 - Non-Public, Review Status Unknown","04/16/2019 14:17","Dissolved ortho-Phosphate","14265-44-2",NA,"0.054","0.05","mg/L as P","EPA 365.1 DWR Modified [1]*","1 Feet","Water, Natural","Normal Sample","0",NA,NA,"N"
"848","E3S80462003","EL0419B0212",2019-04-16 14:17:00,"0311","1000 - Non-Public, Review Status Unknown","04/16/2019 14:17","Dissolved Nitrate + Nitrite","NO3+NO2",NA,"0.16","0.05","mg/L as N","Std Method 4500-NO3-F (DWR Modified) [1]*","1 Feet","Water, Natural","Normal Sample","0",NA,NA,"N"
"849","E3S80462003","EL0419B0212",2019-04-16 14:17:00,"0311","1000 - Non-Public, Review Status Unknown","04/16/2019 14:17","Total Phosphorus","7723-14-0",NA,"0.063","0.01","mg/L as P","EPA 365.4 (DWR Modified) [1]*","1 Feet","Water, Natural","Normal Sample","0",NA,NA,"N"
"850","E3S80462003","EL0419B0212",2019-04-16 14:17:00,"0311","1000 - Non-Public, Review Status Unknown","04/16/2019 14:17","Total Kjeldahl Nitrogen","TKN",NA,"0.2","0.1","mg/L as N","EPA 351.2 (DWR Modified) [1]*","1 Feet","Water, Natural","Normal Sample","0",NA,NA,"N"
"851","E3S80462003","EL0419B0212",2019-04-16 14:17:00,"0311","1000 - Non-Public, Review Status Unknown","04/16/2019 14:17","Dissolved ortho-Phosphate","14265-44-2",NA,"<0.05","0.05","mg/L as P","EPA 365.1 DWR Modified [1]*","1 Feet","Water, Natural","Normal Sample","0",NA,NA,"N"
"852","B9S80231523","EL0419B0206",2019-04-16 15:07:00,"0311","1000 - Non-Public, Review Status Unknown","04/16/2019 15:07","Dissolved Nitrate + Nitrite","NO3+NO2",NA,"0.154","0.05","mg/L as N","Std Method 4500-NO3-F (DWR Modified) [1]*","1 Feet","Water, Natural","Normal Sample","0",NA,NA,"N"
"853","B9S80231523","EL0419B0206",2019-04-16 15:07:00,"0311","1000 - Non-Public, Review Status Unknown","04/16/2019 15:07","Total Phosphorus","7723-14-0",NA,"0.07","0.01","mg/L as P","EPA 365.4 (DWR Modified) [1]*","1 Feet","Water, Natural","Normal Sample","0",NA,NA,"N"
"854","B9S80231523","EL0419B0206",2019-04-16 15:07:00,"0311","1000 - Non-Public, Review Status Unknown","04/16/2019 15:07","Total Phosphorus","7723-14-0","Y","0.07","0.01","mg/L as P","EPA 365.4 (DWR Modified) [1]*","1 Feet","Water, Natural","Normal Sample","0",NA,NA,"N"
"855","B9S80231523","EL0419B0206",2019-04-16 15:07:00,"0311","1000 - Non-Public, Review Status Unknown","04/16/2019 15:07","Total Kjeldahl Nitrogen","TKN","Y","0.3","0.1","mg/L as N","EPA 351.2 (DWR Modified) [1]*","1 Feet","Water, Natural","Normal Sample","0",NA,NA,"N"
"856","B9S80231523","EL0419B0206",2019-04-16 15:07:00,"0311","1000 - Non-Public, Review Status Unknown","04/16/2019 15:07","Total Kjeldahl Nitrogen","TKN",NA,"0.3","0.1","mg/L as N","EPA 351.2 (DWR Modified) [1]*","1 Feet","Water, Natural","Normal Sample","0",NA,NA,"N"
"857","B9S80231523","EL0419B0206",2019-04-16 15:07:00,"0311","1000 - Non-Public, Review Status Unknown","04/16/2019 15:07","Dissolved ortho-Phosphate","14265-44-2",NA,"0.061","0.05","mg/L as P","EPA 365.1 DWR Modified [1]*","1 Feet","Water, Natural","Normal Sample","0",NA,NA,"N"
"858","Blank; Equipment (ID:47718","EL0419B0217",2019-04-16 15:15:00,NA,NA,NA,NA,NA,NA,NA,NA,NA,NA,NA,NA,NA,NA,NA,NA,NA
"859","B9S80221524","EL0419B0207",2019-04-16 15:55:00,"0311","1000 - Non-Public, Review Status Unknown","04/16/2019 15:55","Dissolved Nitrate + Nitrite","NO3+NO2",NA,"0.15","0.05","mg/L as N","Std Method 4500-NO3-F (DWR Modified) [1]*","1 Feet","Water, Natural","Normal Sample","0",NA,NA,"N"
"860","B9S80221524","EL0419B0207",2019-04-16 15:55:00,"0311","1000 - Non-Public, Review Status Unknown","04/16/2019 15:55","Total Phosphorus","7723-14-0",NA,"0.07","0.01","mg/L as P","EPA 365.4 (DWR Modified) [1]*","1 Feet","Water, Natural","Normal Sample","0",NA,NA,"N"
"861","B9S80221524","EL0419B0207",2019-04-16 15:55:00,"0311","1000 - Non-Public, Review Status Unknown","04/16/2019 15:55","Total Kjeldahl Nitrogen","TKN",NA,"0.3","0.1","mg/L as N","EPA 351.2 (DWR Modified) [1]*","1 Feet","Water, Natural","Normal Sample","0",NA,NA,"N"
"862","B9S80221524","EL0419B0207",2019-04-16 15:55:00,"0311","1000 - Non-Public, Review Status Unknown","04/16/2019 15:55","Dissolved ortho-Phosphate","14265-44-2",NA,"0.062","0.05","mg/L as P","EPA 365.1 DWR Modified [1]*","1 Feet","Water, Natural","Normal Sample","0",NA,NA,"N"
"863","E3S81191549","EL0419B0196",2019-04-17 09:35:00,"0311","1000 - Non-Public, Review Status Unknown","04/17/2019 09:35","Dissolved Nitrate + Nitrite","NO3+NO2",NA,"0.27","0.05","mg/L as N","Std Method 4500-NO3-F (DWR Modified) [1]*","1 Feet","Water, Natural","Normal Sample","0",NA,NA,"N"
"864","E3S81191549","EL0419B0196",2019-04-17 09:35:00,"0311","1000 - Non-Public, Review Status Unknown","04/17/2019 09:35","Total Phosphorus","7723-14-0",NA,"0.23","0.01","mg/L as P","EPA 365.4 (DWR Modified) [1]*","1 Feet","Water, Natural","Normal Sample","0",NA,NA,"N"
"865","E3S81191549","EL0419B0196",2019-04-17 09:35:00,"0311","1000 - Non-Public, Review Status Unknown","04/17/2019 09:35","Total Kjeldahl Nitrogen","TKN",NA,"1.1","0.1","mg/L as N","EPA 351.2 (DWR Modified) [1]*","1 Feet","Water, Natural","Normal Sample","0",NA,NA,"N"
"866","E3S81191549","EL0419B0196",2019-04-17 09:35:00,"0311","1000 - Non-Public, Review Status Unknown","04/17/2019 09:35","Dissolved ortho-Phosphate","14265-44-2",NA,"0.057","0.05","mg/L as P","EPA 365.1 DWR Modified [1]*","1 Feet","Water, Natural","Normal Sample","0",NA,NA,"N"
"867","E3S811101550","EL0419B0197",2019-04-17 09:50:00,"0311","1000 - Non-Public, Review Status Unknown","04/17/2019 09:50","Dissolved Nitrate + Nitrite","NO3+NO2",NA,"0.26","0.05","mg/L as N","Std Method 4500-NO3-F (DWR Modified) [1]*","1 Feet","Water, Natural","Normal Sample","0",NA,NA,"N"
"868","E3S811101550","EL0419B0197",2019-04-17 09:50:00,"0311","1000 - Non-Public, Review Status Unknown","04/17/2019 09:50","Total Phosphorus","7723-14-0",NA,"0.24","0.01","mg/L as P","EPA 365.4 (DWR Modified) [1]*","1 Feet","Water, Natural","Normal Sample","0",NA,NA,"N"
"869","E3S811101550","EL0419B0197",2019-04-17 09:50:00,"0311","1000 - Non-Public, Review Status Unknown","04/17/2019 09:50","Total Kjeldahl Nitrogen","TKN",NA,"1.1","0.1","mg/L as N","EPA 351.2 (DWR Modified) [1]*","1 Feet","Water, Natural","Normal Sample","0",NA,NA,"N"
"870","E3S811101550","EL0419B0197",2019-04-17 09:50:00,"0311","1000 - Non-Public, Review Status Unknown","04/17/2019 09:50","Dissolved ortho-Phosphate","14265-44-2",NA,"0.055","0.05","mg/L as P","EPA 365.1 DWR Modified [1]*","1 Feet","Water, Natural","Normal Sample","0",NA,NA,"N"
"871","E3S811101553","EL0419B0198",2019-04-17 10:20:00,"0311","1000 - Non-Public, Review Status Unknown","04/17/2019 10:20","Dissolved Nitrate + Nitrite","NO3+NO2",NA,"0.23","0.05","mg/L as N","Std Method 4500-NO3-F (DWR Modified) [1]*","1 Feet","Water, Natural","Normal Sample","0",NA,NA,"N"
"872","E3S811101553","EL0419B0198",2019-04-17 10:20:00,"0311","1000 - Non-Public, Review Status Unknown","04/17/2019 10:20","Total Phosphorus","7723-14-0",NA,"0.19","0.01","mg/L as P","EPA 365.4 (DWR Modified) [1]*","1 Feet","Water, Natural","Normal Sample","0",NA,NA,"N"
"873","E3S811101553","EL0419B0198",2019-04-17 10:20:00,"0311","1000 - Non-Public, Review Status Unknown","04/17/2019 10:20","Total Kjeldahl Nitrogen","TKN",NA,"0.8","0.1","mg/L as N","EPA 351.2 (DWR Modified) [1]*","1 Feet","Water, Natural","Normal Sample","0",NA,NA,"N"
"874","E3S811101553","EL0419B0198",2019-04-17 10:20:00,"0311","1000 - Non-Public, Review Status Unknown","04/17/2019 10:20","Dissolved ortho-Phosphate","14265-44-2",NA,"0.057","0.05","mg/L as P","EPA 365.1 DWR Modified [1]*","1 Feet","Water, Natural","Normal Sample","0",NA,NA,"N"
"875","E3S811101550","EL0419B0205",2019-04-17 10:20:00,NA,NA,NA,NA,NA,NA,NA,NA,NA,NA,NA,NA,NA,NA,NA,NA,NA
"876","E3S81031544","EL0419B0199",2019-04-17 10:40:00,"0311","1000 - Non-Public, Review Status Unknown","04/17/2019 10:40","Dissolved Nitrate + Nitrite","NO3+NO2",NA,"0.14","0.05","mg/L as N","Std Method 4500-NO3-F (DWR Modified) [1]*","1 Feet","Water, Natural","Normal Sample","0",NA,NA,"N"
"877","E3S81031544","EL0419B0199",2019-04-17 10:40:00,"0311","1000 - Non-Public, Review Status Unknown","04/17/2019 10:40","Total Phosphorus","7723-14-0",NA,"0.106","0.01","mg/L as P","EPA 365.4 (DWR Modified) [1]*","1 Feet","Water, Natural","Normal Sample","0",NA,NA,"N"
"878","E3S81031544","EL0419B0199",2019-04-17 10:40:00,"0311","1000 - Non-Public, Review Status Unknown","04/17/2019 10:40","Total Kjeldahl Nitrogen","TKN",NA,"0.5","0.1","mg/L as N","EPA 351.2 (DWR Modified) [1]*","1 Feet","Water, Natural","Normal Sample","0",NA,NA,"N"
"879","E3S81031544","EL0419B0199",2019-04-17 10:40:00,"0311","1000 - Non-Public, Review Status Unknown","04/17/2019 10:40","Dissolved ortho-Phosphate","14265-44-2",NA,"<0.05","0.05","mg/L as P","EPA 365.1 DWR Modified [1]*","1 Feet","Water, Natural","Normal Sample","0",NA,NA,"N"
"880","E3S81071545","EL0419B0201",2019-04-17 11:00:00,"0311","1000 - Non-Public, Review Status Unknown","04/17/2019 11:00","Dissolved Nitrate + Nitrite","NO3+NO2",NA,"0.16","0.05","mg/L as N","Std Method 4500-NO3-F (DWR Modified) [1]*","1 Feet","Water, Natural","Normal Sample","0",NA,NA,"N"
"881","E3S81071545","EL0419B0201",2019-04-17 11:00:00,"0311","1000 - Non-Public, Review Status Unknown","04/17/2019 11:00","Total Phosphorus","7723-14-0",NA,"0.106","0.01","mg/L as P","EPA 365.4 (DWR Modified) [1]*","1 Feet","Water, Natural","Normal Sample","0",NA,NA,"N"
"882","E3S81071545","EL0419B0201",2019-04-17 11:00:00,"0311","1000 - Non-Public, Review Status Unknown","04/17/2019 11:00","Total Kjeldahl Nitrogen","TKN",NA,"0.5","0.1","mg/L as N","EPA 351.2 (DWR Modified) [1]*","1 Feet","Water, Natural","Normal Sample","0",NA,NA,"N"
"883","E3S81071545","EL0419B0201",2019-04-17 11:00:00,"0311","1000 - Non-Public, Review Status Unknown","04/17/2019 11:00","Dissolved ortho-Phosphate","14265-44-2",NA,"0.05","0.05","mg/L as P","EPA 365.1 DWR Modified [1]*","1 Feet","Water, Natural","Normal Sample","0",NA,NA,"N"
"884","E3S81051561","EL0419B0202",2019-04-17 11:30:00,"0311","1000 - Non-Public, Review Status Unknown","04/17/2019 11:30","Dissolved Nitrate + Nitrite","NO3+NO2",NA,"0.17","0.05","mg/L as N","Std Method 4500-NO3-F (DWR Modified) [1]*","1 Feet","Water, Natural","Normal Sample","0",NA,NA,"N"
"885","E3S81051561","EL0419B0202",2019-04-17 11:30:00,"0311","1000 - Non-Public, Review Status Unknown","04/17/2019 11:30","Total Phosphorus","7723-14-0",NA,"0.111","0.01","mg/L as P","EPA 365.4 (DWR Modified) [1]*","1 Feet","Water, Natural","Normal Sample","0",NA,NA,"N"
"886","E3S81051561","EL0419B0202",2019-04-17 11:30:00,"0311","1000 - Non-Public, Review Status Unknown","04/17/2019 11:30","Total Kjeldahl Nitrogen","TKN",NA,"0.4","0.1","mg/L as N","EPA 351.2 (DWR Modified) [1]*","1 Feet","Water, Natural","Normal Sample","0",NA,NA,"N"
"887","E3S81051561","EL0419B0202",2019-04-17 11:30:00,"0311","1000 - Non-Public, Review Status Unknown","04/17/2019 11:30","Dissolved ortho-Phosphate","14265-44-2",NA,"0.054","0.05","mg/L as P","EPA 365.1 DWR Modified [1]*","1 Feet","Water, Natural","Normal Sample","0",NA,NA,"N"
"888","E3S81041559","EL0419B0203",2019-04-17 11:45:00,"0311","1000 - Non-Public, Review Status Unknown","04/17/2019 11:45","Dissolved Nitrate + Nitrite","NO3+NO2",NA,"0.17","0.05","mg/L as N","Std Method 4500-NO3-F (DWR Modified) [1]*","1 Feet","Water, Natural","Normal Sample","0",NA,NA,"N"
"889","E3S81041559","EL0419B0203",2019-04-17 11:45:00,"0311","1000 - Non-Public, Review Status Unknown","04/17/2019 11:45","Total Phosphorus","7723-14-0",NA,"0.124","0.01","mg/L as P","EPA 365.4 (DWR Modified) [1]*","1 Feet","Water, Natural","Normal Sample","0",NA,NA,"N"
"890","E3S81041559","EL0419B0203",2019-04-17 11:45:00,"0311","1000 - Non-Public, Review Status Unknown","04/17/2019 11:45","Total Kjeldahl Nitrogen","TKN",NA,"0.5","0.1","mg/L as N","EPA 351.2 (DWR Modified) [1]*","1 Feet","Water, Natural","Normal Sample","0",NA,NA,"N"
"891","E3S81041559","EL0419B0203",2019-04-17 11:45:00,"0311","1000 - Non-Public, Review Status Unknown","04/17/2019 11:45","Dissolved ortho-Phosphate","14265-44-2",NA,"0.054","0.05","mg/L as P","EPA 365.1 DWR Modified [1]*","1 Feet","Water, Natural","Normal Sample","0",NA,NA,"N"
"892","E3S81041558","EL0419B0204",2019-04-17 12:05:00,"0311","1000 - Non-Public, Review Status Unknown","04/17/2019 12:05","Dissolved Nitrate + Nitrite","NO3+NO2",NA,"0.17","0.05","mg/L as N","Std Method 4500-NO3-F (DWR Modified) [1]*","1 Feet","Water, Natural","Normal Sample","0",NA,NA,"N"
"893","E3S81041558","EL0419B0204",2019-04-17 12:05:00,"0311","1000 - Non-Public, Review Status Unknown","04/17/2019 12:05","Total Phosphorus","7723-14-0",NA,"0.1","0.01","mg/L as P","EPA 365.4 (DWR Modified) [1]*","1 Feet","Water, Natural","Normal Sample","0",NA,NA,"N"
"894","E3S81041558","EL0419B0204",2019-04-17 12:05:00,"0311","1000 - Non-Public, Review Status Unknown","04/17/2019 12:05","Total Kjeldahl Nitrogen","TKN",NA,"0.5","0.1","mg/L as N","EPA 351.2 (DWR Modified) [1]*","1 Feet","Water, Natural","Normal Sample","0",NA,NA,"N"
"895","E3S81041558","EL0419B0204",2019-04-17 12:05:00,"0311","1000 - Non-Public, Review Status Unknown","04/17/2019 12:05","Dissolved ortho-Phosphate","14265-44-2",NA,"0.057","0.05","mg/L as P","EPA 365.1 DWR Modified [1]*","1 Feet","Water, Natural","Normal Sample","0",NA,NA,"N"
