"","VisitNo","SampleID_frp","Date","Analyte","Result","RptLimit","Units","Flag1Blank","Flag1Sample","Flag2Sample","Location","LatitudeStart","LongitudeStart","StartTime","LAB_NAME","Comments"
"1","1382","EM0317B0019",2017-03-27,"Chlorophyll a","2.58","0.5","ug/L",NA,"N","N","Miner Slough","38.24513",-121.66345,"08:50","Bryte",NA
"2","1382","EM0317B0019",2017-03-27,"Pheophytin a","0.78","0.5","ug/L",NA,"Y","N","Miner Slough","38.24513",-121.66345,"08:50","Bryte",NA
"3","1384","EM0317B0022",2017-03-27,"Chlorophyll a","4.87","0.5","ug/L",NA,"N","N","Prospect Island","38.24599",-121.66362,"09:51","Bryte",NA
"4","1384","EM0317B0022",2017-03-27,"Pheophytin a","1.53","0.5","ug/L",NA,"Y","N","Prospect Island","38.24599",-121.66362,"09:51","Bryte",NA
"5","1380","EM0317B0021",2017-03-27,"Chlorophyll a","3.13","0.5","ug/L",NA,"N","N","Miner Slough","38.24513",-121.66345,"10:40","Bryte",NA
"6","1380","EM0317B0021",2017-03-27,"Pheophytin a","0.92","0.5","ug/L",NA,"Y","N","Miner Slough","38.24513",-121.66345,"10:40","Bryte",NA
"7","1385","EM0317B0023",2017-03-27,"Chlorophyll a","4.22","0.5","ug/L",NA,"N","N","Prospect Island","38.24555",-121.66485,"11:35","Bryte",NA
"8","1385","EM0317B0023",2017-03-27,"Pheophytin a","0.89","0.5","ug/L",NA,"Y","N","Prospect Island","38.24555",-121.66485,"11:35","Bryte",NA
"9","1381","EM0317B0020",2017-03-27,"Chlorophyll a","3.01","0.5","ug/L",NA,"N","N","Miner Slough","38.24513",-121.66345,"12:01","Bryte",NA
"10","1381","EM0317B0020",2017-03-27,"Pheophytin a","0.86","0.5","ug/L",NA,"Y","N","Miner Slough","38.24513",-121.66345,"12:01","Bryte",NA
"11","1383","EM0317B0024",2017-03-27,"Chlorophyll a","4.6","0.5","ug/L",NA,"N","Y","Prospect Island","38.24519",-121.66444,"12:59","Bryte",NA
"12","1383","EM0317B0024",2017-03-27,"Pheophytin a","1.27","0.5","ug/L",NA,"Y","N","Prospect Island","38.24519",-121.66444,"12:59","Bryte",NA
"13","1388","EM0317B0029",2017-03-29,"Chlorophyll a","6.47","0.5","ug/L",NA,"N","N","Lindsey Slough","38.25667",-121.78736,"08:27","Bryte",NA
"14","1388","EM0317B0029",2017-03-29,"Pheophytin a","2.59","0.5","ug/L",NA,"Y","N","Lindsey Slough","38.25667",-121.78736,"08:27","Bryte",NA
"15","1389","EM0317B0030",2017-03-29,"Chlorophyll a","6.86","0.5","ug/L",NA,"N","N","Lindsey Slough","38.25734",-121.78869,"09:34","Bryte",NA
"16","1389","EM0317B0030",2017-03-29,"Pheophytin a","2.28","0.5","ug/L",NA,"Y","N","Lindsey Slough","38.25734",-121.78869,"09:34","Bryte",NA
"17","1390","EM0317B0031",2017-03-29,"Chlorophyll a","7.17","0.5","ug/L",NA,"N","N","Lindsey Slough","38.25877",-121.79003,"10:10","Bryte",NA
"18","1390","EM0317B0031",2017-03-29,"Pheophytin a","2.36","0.5","ug/L",NA,"Y","N","Lindsey Slough","38.25877",-121.79003,"10:10","Bryte",NA
"19","1391","EM0317B0028",2017-03-29,"Chlorophyll a","7.04","0.5","ug/L",NA,"N","N","Lindsey Slough","38.25928",-121.79277,"11:27","Bryte",NA
"20","1391","EM0317B0028",2017-03-29,"Pheophytin a","2.22","0.5","ug/L",NA,"Y","N","Lindsey Slough","38.25928",-121.79277,"11:27","Bryte",NA
"21","1392","EM0317B0027",2017-03-29,"Chlorophyll a","7.03","0.5","ug/L",NA,"N","N","Lindsey Slough","38.25931",-121.79272,"12:19","Bryte",NA
"22","1392","EM0317B0027",2017-03-29,"Pheophytin a","2.03","0.5","ug/L",NA,"Y","N","Lindsey Slough","38.25931",-121.79272,"12:19","Bryte",NA
"23","1393","EM0317B0026",2017-03-29,"Chlorophyll a","7.83","0.5","ug/L",NA,"N","N","Lindsey Slough","38.25931",-121.79272,"12:58","Bryte",NA
"24","1393","EM0317B0026",2017-03-29,"Pheophytin a","2.31","0.5","ug/L",NA,"Y","N","Lindsey Slough","38.25931",-121.79272,"12:58","Bryte",NA
"25","1394","EM0417B0065",2017-03-30,"Chlorophyll a","7.17","0.5","ug/L",NA,"N","N","Decker Island","38.08418",-121.72397,"08:30","Bryte",NA
"26","1394","EM0417B0065",2017-03-30,"Pheophytin a","1.34","0.5","ug/L",NA,"Y","N","Decker Island","38.08418",-121.72397,"08:30","Bryte",NA
"27","1395","EM0417B0064",2017-03-30,"Chlorophyll a","23.41","0.5","ug/L",NA,"N","N","Decker Island","38.08418",-121.72397,"09:24","Bryte",NA
"28","1395","EM0417B0064",2017-03-30,"Pheophytin a","2.08","0.5","ug/L",NA,"Y","N","Decker Island","38.08418",-121.72397,"09:24","Bryte",NA
"29","1396","EM0417B0066",2017-03-30,"Chlorophyll a","6.09","0.5","ug/L",NA,"N","N","Decker Island","38.08397",-121.72419,"09:50","Bryte",NA
"30","1396","EM0417B0066",2017-03-30,"Pheophytin a","1.15","0.5","ug/L",NA,"Y","N","Decker Island","38.08397",-121.72419,"09:50","Bryte",NA
"31","1398","EM0417B0071",2017-03-30,"Chlorophyll a","6.23","0.5","ug/L",NA,"N","N","Horseshoe Bend","38.0829",-121.72488,"10:45","Bryte",NA
"32","1398","EM0417B0071",2017-03-30,"Pheophytin a","1.83","0.5","ug/L",NA,"Y","N","Horseshoe Bend","38.0829",-121.72488,"10:45","Bryte",NA
"33","1399","EM0417B0073",2017-03-30,"Chlorophyll a","6.59","0.5","ug/L",NA,"N","Y","Horseshoe Bend","38.08283",-121.72509,"12:08","Bryte",NA
"34","1399","EM0417B0073",2017-03-30,"Pheophytin a","1.61","0.5","ug/L",NA,"Y","N","Horseshoe Bend","38.08283",-121.72509,"12:08","Bryte",NA
"35","1400","EM0417B0070",2017-03-30,"Chlorophyll a","3.63","0.5","ug/L",NA,"N","N","Horseshoe Bend","38.09905",-121.70938,"13:30","Bryte",NA
"36","1400","EM0417B0070",2017-03-30,"Pheophytin a","2.46","0.5","ug/L",NA,"Y","N","Horseshoe Bend","38.09905",-121.70938,"13:30","Bryte",NA
"37","1401","EM0417B0069",2017-03-30,"Chlorophyll a","2.49","0.5","ug/L",NA,"N","N","Horseshoe Bend","38.08341",-121.71612,"14:10","Bryte",NA
"38","1401","EM0417B0069",2017-03-30,"Pheophytin a","1.25","0.5","ug/L",NA,"Y","N","Horseshoe Bend","38.08341",-121.71612,"14:10","Bryte",NA
"39","1402","EM0417B0053",2017-04-03,"Chlorophyll a","1.2","0.5","ug/L",NA,"N","N","Webb Tract Islands and Berms","38.095",-121.59016,"08:45","Bryte",NA
"40","1402","EM0417B0053",2017-04-03,"Pheophytin a","0.71","0.5","ug/L",NA,"N","N","Webb Tract Islands and Berms","38.095",-121.59016,"08:45","Bryte",NA
"41","1403","EM0417B0049",2017-04-03,"Chlorophyll a","1.57","0.5","ug/L",NA,"N","N","Webb Tract Islands and Berms","38.09688",-121.59277,"09:43","Bryte",NA
"42","1403","EM0417B0049",2017-04-03,"Pheophytin a","0.79","0.5","ug/L",NA,"N","N","Webb Tract Islands and Berms","38.09688",-121.59277,"09:43","Bryte",NA
"43","1404","EM0417B0052",2017-04-03,"Chlorophyll a","1.3","0.5","ug/L",NA,"N","N","Webb Tract Islands and Berms","38.09584",-121.58629,"10:15","Bryte",NA
"44","1404","EM0417B0052",2017-04-03,"Pheophytin a","0.85","0.5","ug/L",NA,"N","N","Webb Tract Islands and Berms","38.09584",-121.58629,"10:15","Bryte",NA
"45","1405","EM0317B0041",2017-04-03,"Chlorophyll a","2.57","0.5","ug/L",NA,"N","N","Broad Slough","38.03938",-121.84467,"11:45","Bryte",NA
"46","1405","EM0317B0041",2017-04-03,"Pheophytin a","1.9","0.5","ug/L",NA,"N","N","Broad Slough","38.03938",-121.84467,"11:45","Bryte",NA
"47","1406","EM0317B0042",2017-04-03,"Chlorophyll a","1.81","0.5","ug/L",NA,"N","N","Broad Slough","38.04265",-121.84575,"12:35","Bryte",NA
"48","1406","EM0317B0042",2017-04-03,"Pheophytin a","0.77","0.5","ug/L",NA,"N","N","Broad Slough","38.04265",-121.84575,"12:35","Bryte",NA
"49","1407","EM0317B0045",2017-04-03,"Chlorophyll a","1.79","0.5","ug/L",NA,"N","N","Broad Slough","38.04496",-121.84644,"13:05","Bryte",NA
"50","1407","EM0317B0045",2017-04-03,"Pheophytin a","0.97","0.5","ug/L",NA,"N","N","Broad Slough","38.04496",-121.84644,"13:05","Bryte",NA
"51","1408","EM0417B0085",2017-04-04,"Chlorophyll a","1.47","0.5","ug/L",NA,"N","N","Dow","38.02338",-121.83345,"08:40","Bryte",NA
"52","1408","EM0417B0085",2017-04-04,"Pheophytin a","0.94","0.5","ug/L",NA,"N","N","Dow","38.02338",-121.83345,"08:40","Bryte",NA
"53","1409","EM0417B0086",2017-04-04,"Chlorophyll a","7.7","0.5","ug/L",NA,"N","N","Dow","38.02183",-121.82466,"09:15","Bryte",NA
"54","1409","EM0417B0086",2017-04-04,"Pheophytin a","1.78","0.5","ug/L",NA,"N","N","Dow","38.02183",-121.82466,"09:15","Bryte",NA
"55","1411","EM0417B0087",2017-04-04,"Chlorophyll a","1.66","0.5","ug/L",NA,"N","Y","Dow","38.02282",-121.83,"10:10","Bryte",NA
"56","1411","EM0417B0087",2017-04-04,"Pheophytin a","0.93","0.5","ug/L",NA,"N","Y","Dow","38.02282",-121.83,"10:10","Bryte",NA
"57","1412","EM0417B0082",2017-04-04,"Chlorophyll a","1.82","0.5","ug/L",NA,"N","N","Dow","38.0215",-121.83319,"11:10","Bryte",NA
"58","1412","EM0417B0082",2017-04-04,"Pheophytin a","0.77","0.5","ug/L",NA,"N","N","Dow","38.0215",-121.83319,"11:10","Bryte",NA
"59","1413","EM0417B0083",2017-04-04,"Chlorophyll a","1.55","0.5","ug/L",NA,"N","N","Dow","38.02333",-121.82608,"11:46","Bryte",NA
"60","1413","EM0417B0083",2017-04-04,"Pheophytin a","0.89","0.5","ug/L",NA,"N","N","Dow","38.02333",-121.82608,"11:46","Bryte",NA
"61","1414","EM0417B0078",2017-04-06,"Chlorophyll a","2.19","0.5","ug/L",NA,"N","N","Winter Island","38.04777",-121.84854,"08:00","Bryte",NA
"62","1414","EM0417B0078",2017-04-06,"Pheophytin a","2.99","0.5","ug/L",NA,"N","N","Winter Island","38.04777",-121.84854,"08:00","Bryte",NA
"63","1415","EM0417B0080",2017-04-06,"Chlorophyll a","6.09","0.5","ug/L",NA,"N","Y","Winter Island","38.03883",-121.8449,"09:30","Bryte",NA
"64","1415","EM0417B0080",2017-04-06,"Pheophytin a","3.91","0.5","ug/L",NA,"N","Y","Winter Island","38.03883",-121.8449,"09:30","Bryte",NA
"65","1416","EM0417B0079",2017-04-06,"Chlorophyll a","2.32","0.5","ug/L",NA,"N","N","Winter Island","38.02922",-121.84116,"10:55","Bryte",NA
"66","1416","EM0417B0079",2017-04-06,"Pheophytin a","1","0.5","ug/L",NA,"N","N","Winter Island","38.02922",-121.84116,"10:55","Bryte",NA
"67","1417","EM0417B0075",2017-04-06,"Chlorophyll a","7.23","0.5","ug/L",NA,"N","N","Winter Island","38.05157",-121.8576,"12:15","Bryte",NA
"68","1417","EM0417B0075",2017-04-06,"Pheophytin a","3.44","0.5","ug/L",NA,"N","N","Winter Island","38.05157",-121.8576,"12:15","Bryte",NA
"69","1418","EM0417B0076",2017-04-06,"Chlorophyll a","10.17","0.5","ug/L",NA,"N","N","Winter Island","38.052124",-121.854286,"12:30","Bryte",NA
"70","1418","EM0417B0076",2017-04-06,"Pheophytin a","2.38","0.5","ug/L",NA,"N","N","Winter Island","38.052124",-121.854286,"12:30","Bryte",NA
"71","1419","EM0417B0077",2017-04-06,"Chlorophyll a","2.36","0.5","ug/L",NA,"N","N","Winter Island","38.0464",-121.84721,"13:30","Bryte",NA
"72","1419","EM0417B0077",2017-04-06,"Pheophytin a","0.71","0.5","ug/L",NA,"N","N","Winter Island","38.0464",-121.84721,"13:30","Bryte",NA
"73","1420","EM0417B0098",2017-04-10,"Chlorophyll a","18.38","0.5","ug/L",NA,"N","N","Tule Red","38.12151",-121.98251,"08:45","Bryte",NA
"74","1420","EM0417B0098",2017-04-10,"Pheophytin a","13.31","0.5","ug/L",NA,"N","N","Tule Red","38.12151",-121.98251,"08:45","Bryte",NA
"75","1421","EM0417B0099",2017-04-10,"Chlorophyll a","26.41","0.5","ug/L",NA,"N","N","Tule Red","38.12169",-121.98261,"09:40","Bryte",NA
"76","1421","EM0417B0099",2017-04-10,"Pheophytin a","16.47","0.5","ug/L",NA,"N","N","Tule Red","38.12169",-121.98261,"09:40","Bryte",NA
"77","1422","EM0417B0100",2017-04-10,"Chlorophyll a","34.65","0.5","ug/L",NA,"N","N","Tule Red","38.12778",-121.98637,"10:50","Bryte",NA
"78","1422","EM0417B0100",2017-04-10,"Pheophytin a","10.04","0.5","ug/L",NA,"N","N","Tule Red","38.12778",-121.98637,"10:50","Bryte",NA
"79","1424","EM0417B0101",2017-04-10,"Chlorophyll a","19.61","0.5","ug/L",NA,"N","N","Tule Red","38.13481",-121.9925,"12:10","Bryte",NA
"80","1424","EM0417B0101",2017-04-10,"Pheophytin a","10.42","0.5","ug/L",NA,"N","N","Tule Red","38.13481",-121.9925,"12:10","Bryte",NA
"81","1425","EM0417B0102",2017-04-10,"Chlorophyll a","32.5","0.5","ug/L",NA,"N","N","Tule Red","38.1349",-121.99253,"12:30","Bryte",NA
"82","1425","EM0417B0102",2017-04-10,"Pheophytin a","14.25","0.5","ug/L",NA,"N","N","Tule Red","38.1349",-121.99253,"12:30","Bryte",NA
"83","1426","EM0417B0103",2017-04-10,"Chlorophyll a","23.19","0.5","ug/L",NA,"N","N","Tule Red","38.11386",-121.98087,"13:45","Bryte",NA
"84","1426","EM0417B0103",2017-04-10,"Pheophytin a","5.2","0.5","ug/L",NA,"N","N","Tule Red","38.11386",-121.98087,"13:45","Bryte",NA
"85","1428","EM0417B0112",2017-04-11,"Chlorophyll a","14.15","0.5","ug/L",NA,"N","N","Grizzly Bay","38.10582",-122.00188,"10:15","Bryte",NA
"86","1428","EM0417B0112",2017-04-11,"Pheophytin a","2.29","0.5","ug/L",NA,"N","N","Grizzly Bay","38.10582",-122.00188,"10:15","Bryte",NA
"87","1436","EM0417B0114",2017-04-11,"Chlorophyll a","11.1","0.5","ug/L",NA,"N","N","Grizzly Bay","38.10552",-122.00709,"10:30","Bryte",NA
"88","1436","EM0417B0114",2017-04-11,"Pheophytin a","2.18","0.5","ug/L",NA,"N","N","Grizzly Bay","38.10552",-122.00709,"10:30","Bryte",NA
"89","1438","EM0417B0105",2017-04-11,"Chlorophyll a","3.43","0.5","ug/L",NA,"N","N","Ryer Island","38.08027",-122.01714,"12:20","Bryte",NA
"90","1438","EM0417B0105",2017-04-11,"Pheophytin a","1.87","0.5","ug/L",NA,"N","N","Ryer Island","38.08027",-122.01714,"12:20","Bryte",NA
"91","1439","EM0417B0107",2017-04-11,"Chlorophyll a","3.07","0.5","ug/L",NA,"N","N","Ryer Island","38.07919",-122.01527,"12:50","Bryte",NA
"92","1439","EM0417B0107",2017-04-11,"Pheophytin a","1.2","0.5","ug/L",NA,"N","N","Ryer Island","38.07919",-122.01527,"12:50","Bryte",NA
"93","1440","EM0417B0109",2017-04-11,"Chlorophyll a","3.46","0.5","ug/L",NA,"N","N","Ryer Island","38.07847",-122.01414,"13:20","Bryte",NA
"94","1440","EM0417B0109",2017-04-11,"Pheophytin a","1.19","0.5","ug/L",NA,"N","N","Ryer Island","38.07847",-122.01414,"13:20","Bryte",NA
"95","1446","EM0417B0120",2017-04-13,"Chlorophyll a","2.3","0.5","ug/L",NA,"N","N","Browns Island","38.03865",-121.85627,"08:30","Bryte",NA
"96","1446","EM0417B0120",2017-04-13,"Pheophytin a","1.74","0.5","ug/L",NA,"N","N","Browns Island","38.03865",-121.85627,"08:30","Bryte",NA
"97","1446","EM0417B0119",2017-04-13,"Chlorophyll a","1.59","0.5","ug/L",NA,"N","N","Browns Island","38.03865",-121.85627,"08:50","Bryte",NA
"98","1446","EM0417B0119",2017-04-13,"Pheophytin a","1.26","0.5","ug/L",NA,"N","N","Browns Island","38.03865",-121.85627,"08:50","Bryte",NA
"99","1447","EM0417B0121",2017-04-13,"Chlorophyll a","1.87","0.5","ug/L",NA,"N","N","Browns Island","38.03867",-121.86396,"09:30","Bryte",NA
"100","1447","EM0417B0121",2017-04-13,"Pheophytin a","1.02","0.5","ug/L",NA,"N","N","Browns Island","38.03867",-121.86396,"09:30","Bryte",NA
"101","1448","EM0417B0122",2017-04-13,"Chlorophyll a","1.37","0.5","ug/L",NA,"N","N","Browns Island","38.04056",-121.87032,"10:30","Bryte",NA
"102","1448","EM0417B0122",2017-04-13,"Pheophytin a","0.92","0.5","ug/L",NA,"N","N","Browns Island","38.04056",-121.87032,"10:30","Bryte",NA
"103","1449","EM0417B0123",2017-04-13,"Chlorophyll a","1.24","0.5","ug/L",NA,"N","N","Browns Island","38.04091",-121.86944,"11:20","Bryte","GPS coordinates from invert trawl start GPS coordinates from invert trawl start"
"104","1449","EM0417B0123",2017-04-13,"Pheophytin a","0.79","0.5","ug/L",NA,"N","N","Browns Island","38.04091",-121.86944,"11:20","Bryte","GPS coordinates from invert trawl start GPS coordinates from invert trawl start"
"105","1485","EM0617B0141",2017-06-07,"Chlorophyll a","<0.5","0.5","ug/L",NA,"N","N","Decker Island","38.08419",-121.723885,"08:30","Bryte",NA
"106","1485","EM0617B0141",2017-06-07,"Pheophytin a","<0.5","0.5","ug/L",NA,"N","N","Decker Island","38.08419",-121.723885,"08:30","Bryte",NA
"107","1485","EM0617B0142",2017-06-07,"Chlorophyll a","1.67","0.5","ug/L",NA,"N","N","Decker Island","38.08419",-121.723885,"08:45","Bryte",NA
"108","1485","EM0617B0142",2017-06-07,"Pheophytin a","1.3","0.5","ug/L",NA,"N","N","Decker Island","38.08419",-121.723885,"08:45","Bryte",NA
"109","1484","EM0617B0143",2017-06-07,"Chlorophyll a","2.29","0.5","ug/L",NA,"N","N","Decker Island","38.08421",-121.72395,"09:30","Bryte",NA
"110","1484","EM0617B0143",2017-06-07,"Pheophytin a","1.6","0.5","ug/L",NA,"N","N","Decker Island","38.08421",-121.72395,"09:30","Bryte",NA
"111","1486","EM0617B0144",2017-06-07,"Chlorophyll a","1.99","0.5","ug/L",NA,"N","N","Decker Island","38.08421",-121.72395,"10:00","Bryte",NA
"112","1486","EM0617B0144",2017-06-07,"Pheophytin a","1.77","0.5","ug/L",NA,"N","N","Decker Island","38.08421",-121.72395,"10:00","Bryte",NA
"113","1536","EM0617B0150",2017-06-27,"Chlorophyll a","1.77","0.5","ug/L",NA,"N","N","Horseshoe Bend","38.10293",-121.7095,"05:23","Bryte","24 Hr Study - high slack night 6 ; date corrected"
"114","1536","EM0617B0150",2017-06-27,"Pheophytin a","1.19","0.5","ug/L",NA,"N","N","Horseshoe Bend","38.10293",-121.7095,"05:23","Bryte","24 Hr Study - high slack night 6 ; date corrected"
"115","1495","EM0617B0148",2017-06-26,"Chlorophyll a","1.99","0.5","ug/L",NA,"N","N","Horseshoe Bend","38.10054",-121.70925,"11:49","Bryte","24 Hr Study - mid ebb day 12"
"116","1495","EM0617B0148",2017-06-26,"Pheophytin a","0.9","0.5","ug/L",NA,"N","N","Horseshoe Bend","38.10054",-121.70925,"11:49","Bryte","24 Hr Study - mid ebb day 12"
"117","1517","EM0617B0149",2017-06-26,"Chlorophyll a","2.28","0.5","ug/L",NA,"N","N","Horseshoe Bend","38.10132",-121.70892,"23:38","Bryte","24 Hr Study - mid ebb night 1"
"118","1517","EM0617B0149",2017-06-26,"Pheophytin a","0.59","0.5","ug/L",NA,"N","N","Horseshoe Bend","38.10132",-121.70892,"23:38","Bryte","24 Hr Study - mid ebb night 1"
"119","1780","EM0118B0006",2018-01-23,"Chlorophyll a","2.24","0.5","ug/L",NA,"N","Y","Decker Island","38.08421",-121.72395,"08:15","Bryte",NA
"120","1780","EM0118B0005",2018-01-23,"Chlorophyll a","1.71","0.5","ug/L",NA,"N","N","Decker Island","38.08421",-121.72395,"07:45","Bryte",NA
"121","1780","EM0118B0006",2018-01-23,"Dissolved Ammonia","0.17","0.01","mg/L as N",NA,"Y","Y","Decker Island","38.08421",-121.72395,"08:15","Bryte",NA
"122","1780","EM0118B0005",2018-01-23,"Dissolved Ammonia","0.17","0.01","mg/L as N",NA,"Y","N","Decker Island","38.08421",-121.72395,"07:45","Bryte",NA
"123","1780","EM0118B0005",2018-01-23,"Dissolved Nitrate + Nitrite","0.58","0.01","mg/L as N",NA,"Y","N","Decker Island","38.08421",-121.72395,"07:45","Bryte",NA
"124","1780","EM0118B0006",2018-01-23,"Dissolved Nitrate + Nitrite","0.57","0.01","mg/L as N",NA,"Y","N","Decker Island","38.08421",-121.72395,"08:15","Bryte",NA
"125","1780","EM0118B0006",2018-01-23,"Dissolved Organic Nitrogen","0.3","0.1","mg/L as N",NA,"N","N","Decker Island","38.08421",-121.72395,"08:15","Bryte",NA
"126","1780","EM0118B0005",2018-01-23,"Dissolved Organic Nitrogen","0.3","0.1","mg/L as N",NA,"N","N","Decker Island","38.08421",-121.72395,"07:45","Bryte",NA
"127","1780","EM0118B0006",2018-01-23,"Dissolved ortho-Phosphate","0.08","0.01","mg/L as P",NA,"N","N","Decker Island","38.08421",-121.72395,"08:15","Bryte",NA
"128","1780","EM0118B0005",2018-01-23,"Dissolved ortho-Phosphate","0.07","0.01","mg/L as P",NA,"N","N","Decker Island","38.08421",-121.72395,"07:45","Bryte",NA
"129","1780","EM0118B0005",2018-01-23,"Pheophytin a","2.32","0.5","ug/L",NA,"N","N","Decker Island","38.08421",-121.72395,"07:45","Bryte",NA
"130","1780","EM0118B0006",2018-01-23,"Pheophytin a","3.83","0.5","ug/L",NA,"N","Y","Decker Island","38.08421",-121.72395,"08:15","Bryte",NA
"131","1780","EM0118B0005",2018-01-23,"Total Kjeldahl Nitrogen","0.6","0.1","mg/L as N",NA,"N","N","Decker Island","38.08421",-121.72395,"07:45","Bryte",NA
"132","1780","EM0118B0006",2018-01-23,"Total Kjeldahl Nitrogen","0.6","0.1","mg/L as N",NA,"N","N","Decker Island","38.08421",-121.72395,"08:15","Bryte",NA
"133","1780","EM0118B0006",2018-01-23,"Total Phosphorus","0.08","0.01","mg/L as P",NA,"N","N","Decker Island","38.08421",-121.72395,"08:15","Bryte",NA
"134","1780","EM0118B0005",2018-01-23,"Total Phosphorus","0.08","0.01","mg/L as P",NA,"N","N","Decker Island","38.08421",-121.72395,"07:45","Bryte",NA
"135","1779","EM0118B0004",2018-01-23,"Chlorophyll a","0.72","0.5","ug/L",NA,"N","N","Decker Island","38.08421",-121.72395,"09:40","Bryte",NA
"136","1779","EM0118B0004",2018-01-23,"Dissolved Ammonia","0.11","0.01","mg/L as N",NA,"Y","N","Decker Island","38.08421",-121.72395,"09:40","Bryte",NA
"137","1779","EM0118B0004",2018-01-23,"Dissolved Nitrate + Nitrite","0.52","0.01","mg/L as N",NA,"Y","N","Decker Island","38.08421",-121.72395,"09:40","Bryte",NA
"138","1779","EM0118B0004",2018-01-23,"Dissolved Organic Nitrogen","0.3","0.1","mg/L as N",NA,"N","N","Decker Island","38.08421",-121.72395,"09:40","Bryte",NA
"139","1779","EM0118B0004",2018-01-23,"Dissolved ortho-Phosphate","0.07","0.01","mg/L as P",NA,"N","N","Decker Island","38.08421",-121.72395,"09:40","Bryte",NA
"140","1779","EM0118B0004",2018-01-23,"Pheophytin a","0.81","0.5","ug/L",NA,"N","N","Decker Island","38.08421",-121.72395,"09:40","Bryte",NA
"141","1779","EM0118B0004",2018-01-23,"Total Kjeldahl Nitrogen","0.5","0.1","mg/L as N",NA,"N","N","Decker Island","38.08421",-121.72395,"09:40","Bryte",NA
"142","1779","EM0118B0004",2018-01-23,"Total Phosphorus","0.07","0.01","mg/L as P",NA,"N","N","Decker Island","38.08421",-121.72395,"09:40","Bryte",NA
"143","1781","EM0118B0003",2018-01-23,"Chlorophyll a","0.94","0.5","ug/L",NA,"N","Y","Decker Island","38.08421",-121.72395,"10:20","Bryte",NA
"144","1781","EM0118B0003",2018-01-23,"Dissolved Ammonia","0.09","0.01","mg/L as N",NA,"Y","Y","Decker Island","38.08421",-121.72395,"10:20","Bryte",NA
"145","1781","EM0118B0003",2018-01-23,"Dissolved Nitrate + Nitrite","0.48","0.01","mg/L as N",NA,"Y","N","Decker Island","38.08421",-121.72395,"10:20","Bryte",NA
"146","1781","EM0118B0003",2018-01-23,"Dissolved Organic Nitrogen","0.3","0.1","mg/L as N",NA,"N","N","Decker Island","38.08421",-121.72395,"10:20","Bryte",NA
"147","1781","EM0118B0003",2018-01-23,"Dissolved ortho-Phosphate","0.07","0.01","mg/L as P",NA,"N","N","Decker Island","38.08421",-121.72395,"10:20","Bryte",NA
"148","1781","EM0118B0003",2018-01-23,"Pheophytin a","1.25","0.5","ug/L",NA,"N","Y","Decker Island","38.08421",-121.72395,"10:20","Bryte",NA
"149","1781","EM0118B0003",2018-01-23,"Total Kjeldahl Nitrogen","0.5","0.1","mg/L as N",NA,"N","N","Decker Island","38.08421",-121.72395,"10:20","Bryte",NA
"150","1781","EM0118B0003",2018-01-23,"Total Phosphorus","0.07","0.01","mg/L as P",NA,"N","N","Decker Island","38.08421",-121.72395,"10:20","Bryte",NA
"151","1798","EM0218B0009",2018-03-02,"Chlorophyll a","2.07","0.5","ug/L",NA,"N","N","Miner Slough","38.242464",-121.66188,"09:30","Bryte",NA
"152","1798","EM0218B0009",2018-03-02,"Dissolved Ammonia","0.35","0.01","mg/L as N",NA,"N","N","Miner Slough","38.242464",-121.66188,"09:30","Bryte",NA
"153","1798","EM0218B0009",2018-03-02,"Dissolved Nitrate + Nitrite","0.18","0.01","mg/L as N",NA,"Y","N","Miner Slough","38.242464",-121.66188,"09:30","Bryte",NA
"154","1798","EM0218B0009",2018-03-02,"Dissolved Organic Nitrogen","0.2","0.1","mg/L as N",NA,"N","N","Miner Slough","38.242464",-121.66188,"09:30","Bryte",NA
"155","1798","EM0218B0009",2018-03-02,"Dissolved ortho-Phosphate","0.04","0.01","mg/L as P",NA,"N","N","Miner Slough","38.242464",-121.66188,"09:30","Bryte",NA
"156","1798","EM0218B0009",2018-03-02,"Pheophytin a","1.63","0.5","ug/L",NA,"N","N","Miner Slough","38.242464",-121.66188,"09:30","Bryte",NA
"157","1798","EM0218B0009",2018-03-02,"Total Kjeldahl Nitrogen","0.6","0.1","mg/L as N",NA,"N","N","Miner Slough","38.242464",-121.66188,"09:30","Bryte",NA
"158","1798","EM0218B0009",2018-03-02,"Total Phosphorus","0.07","0.01","mg/L as P",NA,"N","N","Miner Slough","38.242464",-121.66188,"09:30","Bryte",NA
"159","1791","EM0318B0012",2018-03-09,"Chlorophyll a","1.13","0.5","ug/L",NA,"N","N","Decker Island","38.083608",-121.723387,"10:31","Bryte","Used start of trawl GPS. Samples were taken immediately outside vegetation line near Decker Island breach."
"160","1791","EM0318B0012",2018-03-09,"Dissolved Ammonia","0.22","0.01","mg/L as N",NA,"N","N","Decker Island","38.083608",-121.723387,"10:31","Bryte","Used start of trawl GPS. Samples were taken immediately outside vegetation line near Decker Island breach."
"161","1791","EM0318B0012",2018-03-09,"Dissolved Nitrate + Nitrite","0.41","0.01","mg/L as N",NA,"Y","N","Decker Island","38.083608",-121.723387,"10:31","Bryte","Used start of trawl GPS. Samples were taken immediately outside vegetation line near Decker Island breach."
"162","1791","EM0318B0012",2018-03-09,"Dissolved Organic Nitrogen","0.2","0.1","mg/L as N",NA,"N","N","Decker Island","38.083608",-121.723387,"10:31","Bryte","Used start of trawl GPS. Samples were taken immediately outside vegetation line near Decker Island breach."
"163","1791","EM0318B0012",2018-03-09,"Dissolved ortho-Phosphate","0.07","0.01","mg/L as P",NA,"N","N","Decker Island","38.083608",-121.723387,"10:31","Bryte","Used start of trawl GPS. Samples were taken immediately outside vegetation line near Decker Island breach."
"164","1791","EM0318B0012",2018-03-09,"Pheophytin a","0.66","0.5","ug/L",NA,"N","N","Decker Island","38.083608",-121.723387,"10:31","Bryte","Used start of trawl GPS. Samples were taken immediately outside vegetation line near Decker Island breach."
"165","1791","EM0318B0012",2018-03-09,"Total Kjeldahl Nitrogen","0.5","0.1","mg/L as N",NA,"N","N","Decker Island","38.083608",-121.723387,"10:31","Bryte","Used start of trawl GPS. Samples were taken immediately outside vegetation line near Decker Island breach."
"166","1791","EM0318B0012",2018-03-09,"Total Phosphorus","0.07","0.01","mg/L as P",NA,"N","N","Decker Island","38.083608",-121.723387,"10:31","Bryte","Used start of trawl GPS. Samples were taken immediately outside vegetation line near Decker Island breach."
"167","1790","EM0318B0013",2018-03-09,"Chlorophyll a","1.24","0.5","ug/L",NA,"N","N","Decker Island",NA,NA,"11:06","Bryte","no GPS in database. Sample was taken right at Decker breach."
"168","1790","EM0318B0013",2018-03-09,"Dissolved Ammonia","0.08","0.01","mg/L as N",NA,"N","N","Decker Island",NA,NA,"11:06","Bryte","no GPS in database. Sample was taken right at Decker breach."
"169","1790","EM0318B0013",2018-03-09,"Dissolved Nitrate + Nitrite","0.4","0.01","mg/L as N",NA,"Y","N","Decker Island",NA,NA,"11:06","Bryte","no GPS in database. Sample was taken right at Decker breach."
"170","1790","EM0318B0013",2018-03-09,"Dissolved Organic Nitrogen","0.2","0.1","mg/L as N",NA,"N","N","Decker Island",NA,NA,"11:06","Bryte","no GPS in database. Sample was taken right at Decker breach."
"171","1790","EM0318B0013",2018-03-09,"Dissolved ortho-Phosphate","0.06","0.01","mg/L as P",NA,"N","N","Decker Island",NA,NA,"11:06","Bryte","no GPS in database. Sample was taken right at Decker breach."
"172","1790","EM0318B0013",2018-03-09,"Pheophytin a","1.09","0.5","ug/L",NA,"N","N","Decker Island",NA,NA,"11:06","Bryte","no GPS in database. Sample was taken right at Decker breach."
"173","1790","EM0318B0013",2018-03-09,"Total Kjeldahl Nitrogen","0.4","0.1","mg/L as N",NA,"N","N","Decker Island",NA,NA,"11:06","Bryte","no GPS in database. Sample was taken right at Decker breach."
"174","1790","EM0318B0013",2018-03-09,"Total Phosphorus","0.06","0.01","mg/L as P",NA,"N","N","Decker Island",NA,NA,"11:06","Bryte","no GPS in database. Sample was taken right at Decker breach."
"175","1790","EM0318B0014",2018-03-09,"Chlorophyll a","0.89","0.5","ug/L",NA,"N","Y","Decker Island",NA,NA,"11:06","Bryte","no GPS available. Sample was taken inside breach at Decker breach."
"176","1790","EM0318B0014",2018-03-09,"Dissolved Ammonia","0.07","0.01","mg/L as N",NA,"N","N","Decker Island",NA,NA,"11:06","Bryte","no GPS available. Sample was taken inside breach at Decker breach."
"177","1790","EM0318B0014",2018-03-09,"Dissolved Nitrate + Nitrite","0.39","0.01","mg/L as N",NA,"Y","N","Decker Island",NA,NA,"11:06","Bryte","no GPS available. Sample was taken inside breach at Decker breach."
"178","1790","EM0318B0014",2018-03-09,"Dissolved Organic Nitrogen","0.2","0.1","mg/L as N",NA,"N","N","Decker Island",NA,NA,"11:06","Bryte","no GPS available. Sample was taken inside breach at Decker breach."
"179","1790","EM0318B0014",2018-03-09,"Dissolved ortho-Phosphate","0.06","0.01","mg/L as P",NA,"N","N","Decker Island",NA,NA,"11:06","Bryte","no GPS available. Sample was taken inside breach at Decker breach."
"180","1790","EM0318B0014",2018-03-09,"Pheophytin a","0.85","0.5","ug/L",NA,"N","N","Decker Island",NA,NA,"11:06","Bryte","no GPS available. Sample was taken inside breach at Decker breach."
"181","1790","EM0318B0014",2018-03-09,"Total Kjeldahl Nitrogen","0.5","0.1","mg/L as N",NA,"N","Y","Decker Island",NA,NA,"11:06","Bryte","no GPS available. Sample was taken inside breach at Decker breach."
"182","1790","EM0318B0014",2018-03-09,"Total Phosphorus","0.06","0.01","mg/L as P",NA,"N","N","Decker Island",NA,NA,"11:06","Bryte","no GPS available. Sample was taken inside breach at Decker breach."
"183","1836","EM0318B0018",2018-03-12,"Chlorophyll a","3.58","0.5","ug/L",NA,"N","N","Winter Island","38.04784",-121.84844,"10:00","Bryte",NA
"184","1836","EM0318B0018",2018-03-12,"Dissolved Ammonia","0.16","0.01","mg/L as N",NA,"N","N","Winter Island","38.04784",-121.84844,"10:00","Bryte",NA
"185","1836","EM0318B0018",2018-03-12,"Dissolved Nitrate + Nitrite","0.51","0.01","mg/L as N",NA,"Y","N","Winter Island","38.04784",-121.84844,"10:00","Bryte",NA
"186","1836","EM0318B0018",2018-03-12,"Dissolved Organic Nitrogen","0.3","0.1","mg/L as N",NA,"N","N","Winter Island","38.04784",-121.84844,"10:00","Bryte",NA
"187","1836","EM0318B0018",2018-03-12,"Dissolved ortho-Phosphate","0.07","0.01","mg/L as P",NA,"N","N","Winter Island","38.04784",-121.84844,"10:00","Bryte",NA
"188","1836","EM0318B0018",2018-03-12,"Pheophytin a","1.23","0.5","ug/L",NA,"N","N","Winter Island","38.04784",-121.84844,"10:00","Bryte",NA
"189","1836","EM0318B0018",2018-03-12,"Total Kjeldahl Nitrogen","0.5","0.1","mg/L as N",NA,"N","N","Winter Island","38.04784",-121.84844,"10:00","Bryte",NA
"190","1836","EM0318B0018",2018-03-12,"Total Phosphorus","0.07","0.01","mg/L as P",NA,"N","N","Winter Island","38.04784",-121.84844,"10:00","Bryte",NA
"191","1838","EM0318B0019",2018-03-12,"Chlorophyll a","3.26","0.5","ug/L",NA,"N","N","Broad Slough","38.04156",-121.84528,"11:46","Bryte","used start lat/long from invert trawls GPS coordinates from invert trawl start"
"192","1838","EM0318B0019",2018-03-12,"Dissolved Ammonia","0.17","0.01","mg/L as N",NA,"N","N","Broad Slough","38.04156",-121.84528,"11:46","Bryte","used start lat/long from invert trawls GPS coordinates from invert trawl start"
"193","1838","EM0318B0019",2018-03-12,"Dissolved Nitrate + Nitrite","0.49","0.01","mg/L as N",NA,"Y","N","Broad Slough","38.04156",-121.84528,"11:46","Bryte","used start lat/long from invert trawls GPS coordinates from invert trawl start"
"194","1838","EM0318B0019",2018-03-12,"Dissolved Organic Nitrogen","0.3","0.1","mg/L as N",NA,"N","N","Broad Slough","38.04156",-121.84528,"11:46","Bryte","used start lat/long from invert trawls GPS coordinates from invert trawl start"
"195","1838","EM0318B0019",2018-03-12,"Dissolved ortho-Phosphate","0.07","0.01","mg/L as P",NA,"N","N","Broad Slough","38.04156",-121.84528,"11:46","Bryte","used start lat/long from invert trawls GPS coordinates from invert trawl start"
"196","1838","EM0318B0019",2018-03-12,"Pheophytin a","0.75","0.5","ug/L",NA,"N","N","Broad Slough","38.04156",-121.84528,"11:46","Bryte","used start lat/long from invert trawls GPS coordinates from invert trawl start"
"197","1838","EM0318B0019",2018-03-12,"Total Kjeldahl Nitrogen","0.5","0.1","mg/L as N",NA,"N","N","Broad Slough","38.04156",-121.84528,"11:46","Bryte","used start lat/long from invert trawls GPS coordinates from invert trawl start"
"198","1838","EM0318B0019",2018-03-12,"Total Phosphorus","0.07","0.01","mg/L as P",NA,"N","N","Broad Slough","38.04156",-121.84528,"11:46","Bryte","used start lat/long from invert trawls GPS coordinates from invert trawl start"
"199","1851","EM0318B0017",2018-03-12,"Chlorophyll a","2.71","0.5","ug/L",NA,"N","N","Tule Red","38.113954",-121.980932,"12:41","Bryte",NA
"200","1851","EM0318B0017",2018-03-12,"Dissolved Ammonia","0.32","0.01","mg/L as N",NA,"N","N","Tule Red","38.113954",-121.980932,"12:41","Bryte",NA
"201","1851","EM0318B0017",2018-03-12,"Dissolved Nitrate + Nitrite","0.51","0.01","mg/L as N",NA,"Y","N","Tule Red","38.113954",-121.980932,"12:41","Bryte",NA
"202","1851","EM0318B0017",2018-03-12,"Dissolved Organic Nitrogen","1","0.1","mg/L as N",NA,"N","N","Tule Red","38.113954",-121.980932,"12:41","Bryte",NA
"203","1851","EM0318B0017",2018-03-12,"Dissolved ortho-Phosphate","0.01","0.01","mg/L as P",NA,"N","N","Tule Red","38.113954",-121.980932,"12:41","Bryte",NA
"204","1851","EM0318B0017",2018-03-12,"Pheophytin a","3.02","0.5","ug/L",NA,"N","N","Tule Red","38.113954",-121.980932,"12:41","Bryte",NA
"205","1851","EM0318B0017",2018-03-12,"Total Kjeldahl Nitrogen","1.6","0.1","mg/L as N",NA,"N","N","Tule Red","38.113954",-121.980932,"12:41","Bryte",NA
"206","1851","EM0318B0017",2018-03-12,"Total Phosphorus","0.09","0.01","mg/L as P",NA,"N","N","Tule Red","38.113954",-121.980932,"12:41","Bryte",NA
"207","1839","EM0318B0020",2018-03-12,"Chlorophyll a","3.11","0.5","ug/L",NA,"N","N","Winter Island","38.04311",-121.84582,"14:19","Bryte",NA
"208","1839","EM0318B0020",2018-03-12,"Dissolved Ammonia","0.07","0.01","mg/L as N",NA,"N","N","Winter Island","38.04311",-121.84582,"14:19","Bryte",NA
"209","1839","EM0318B0020",2018-03-12,"Dissolved Nitrate + Nitrite","0.06","0.01","mg/L as N",NA,"Y","N","Winter Island","38.04311",-121.84582,"14:19","Bryte",NA
"210","1839","EM0318B0020",2018-03-12,"Dissolved Organic Nitrogen","0.6","0.1","mg/L as N",NA,"N","N","Winter Island","38.04311",-121.84582,"14:19","Bryte",NA
"211","1839","EM0318B0020",2018-03-12,"Dissolved ortho-Phosphate","0.08","0.01","mg/L as P",NA,"N","N","Winter Island","38.04311",-121.84582,"14:19","Bryte",NA
"212","1839","EM0318B0020",2018-03-12,"Pheophytin a","0.88","0.5","ug/L",NA,"N","N","Winter Island","38.04311",-121.84582,"14:19","Bryte",NA
"213","1831","EM0318B0025",2018-03-13,"Chlorophyll a","3.67","0.5","ug/L",NA,"N","N","Honker-Spoonbill","38.0592657",-121.4224955,"09:05","Bryte","GPS coordinates from invert trawl start GPS coordinates from invert trawl start"
"214","1831","EM0318B0025",2018-03-13,"Dissolved Ammonia","0.14","0.01","mg/L as N",NA,"N","N","Honker-Spoonbill","38.0592657",-121.4224955,"09:05","Bryte","GPS coordinates from invert trawl start GPS coordinates from invert trawl start"
"215","1831","EM0318B0025",2018-03-13,"Dissolved Nitrate + Nitrite","0.52","0.01","mg/L as N",NA,"Y","N","Honker-Spoonbill","38.0592657",-121.4224955,"09:05","Bryte","GPS coordinates from invert trawl start GPS coordinates from invert trawl start"
"216","1831","EM0318B0025",2018-03-13,"Dissolved Organic Nitrogen","0.4","0.1","mg/L as N",NA,"N","N","Honker-Spoonbill","38.0592657",-121.4224955,"09:05","Bryte","GPS coordinates from invert trawl start GPS coordinates from invert trawl start"
"217","1831","EM0318B0025",2018-03-13,"Dissolved ortho-Phosphate","0.07","0.01","mg/L as P",NA,"N","N","Honker-Spoonbill","38.0592657",-121.4224955,"09:05","Bryte","GPS coordinates from invert trawl start GPS coordinates from invert trawl start"
"218","1831","EM0318B0025",2018-03-13,"Pheophytin a","1.17","0.5","ug/L",NA,"N","N","Honker-Spoonbill","38.0592657",-121.4224955,"09:05","Bryte","GPS coordinates from invert trawl start GPS coordinates from invert trawl start"
"219","1831","EM0318B0025",2018-03-13,"Total Kjeldahl Nitrogen","1.5","0.1","mg/L as N",NA,"N","N","Honker-Spoonbill","38.0592657",-121.4224955,"09:05","Bryte","GPS coordinates from invert trawl start GPS coordinates from invert trawl start"
"220","1831","EM0318B0025",2018-03-13,"Total Phosphorus","0.09","0.01","mg/L as P",NA,"N","N","Honker-Spoonbill","38.0592657",-121.4224955,"09:05","Bryte","GPS coordinates from invert trawl start GPS coordinates from invert trawl start"
"221","1832","EM0318B0026",2018-03-13,"Dissolved Ammonia","0.1","0.01","mg/L as N",NA,"N","N","Blacklock Marsh","38.180595",-121.912,"11:30","Bryte",NA
"222","1832","EM0318B0026",2018-03-13,"Dissolved Nitrate + Nitrite","0.52","0.01","mg/L as N",NA,"Y","N","Blacklock Marsh","38.180595",-121.912,"11:30","Bryte",NA
"223","1832","EM0318B0026",2018-03-13,"Dissolved Organic Nitrogen","0.4","0.1","mg/L as N",NA,"N","N","Blacklock Marsh","38.180595",-121.912,"11:30","Bryte",NA
"224","1832","EM0318B0026",2018-03-13,"Dissolved ortho-Phosphate","0.05","0.01","mg/L as P",NA,"N","N","Blacklock Marsh","38.180595",-121.912,"11:30","Bryte",NA
"225","1832","EM0318B0026",2018-03-13,"Total Kjeldahl Nitrogen","1.5","0.1","mg/L as N",NA,"N","N","Blacklock Marsh","38.180595",-121.912,"11:30","Bryte",NA
"226","1832","EM0318B0026",2018-03-13,"Total Phosphorus","0.1","0.01","mg/L as P",NA,"N","N","Blacklock Marsh","38.180595",-121.912,"11:30","Bryte",NA
"227","1835","EM0318B0027",2018-03-13,"Dissolved Ammonia","0.1","0.01","mg/L as N",NA,"N","N","Blacklock Marsh","38.178071",-121.91003,"12:45","Bryte",NA
"228","1835","EM0318B0027",2018-03-13,"Dissolved Nitrate + Nitrite","0.47","0.01","mg/L as N",NA,"Y","N","Blacklock Marsh","38.178071",-121.91003,"12:45","Bryte",NA
"229","1835","EM0318B0027",2018-03-13,"Dissolved Organic Nitrogen","0.5","0.1","mg/L as N",NA,"N","N","Blacklock Marsh","38.178071",-121.91003,"12:45","Bryte",NA
"230","1835","EM0318B0027",2018-03-13,"Dissolved ortho-Phosphate","0.05","0.01","mg/L as P",NA,"N","N","Blacklock Marsh","38.178071",-121.91003,"12:45","Bryte",NA
"231","1835","EM0318B0027",2018-03-13,"Total Kjeldahl Nitrogen","0.7","0.1","mg/L as N",NA,"N","N","Blacklock Marsh","38.178071",-121.91003,"12:45","Bryte",NA
"232","1835","EM0318B0027",2018-03-13,"Total Phosphorus","0.12","0.01","mg/L as P",NA,"N","N","Blacklock Marsh","38.178071",-121.91003,"12:45","Bryte",NA
"233","1792","EM0318B0021",2018-03-13,"Chlorophyll a","2.03","0.5","ug/L",NA,"N","N","Webb Tract Islands and Berms","38.0947",-121.59039,"13:26","Bryte",NA
"234","1792","EM0318B0021",2018-03-13,"Dissolved Ammonia","0.12","0.01","mg/L as N",NA,"N","N","Webb Tract Islands and Berms","38.0947",-121.59039,"13:26","Bryte",NA
"235","1792","EM0318B0021",2018-03-13,"Dissolved Nitrate + Nitrite","0.57","0.01","mg/L as N",NA,"Y","N","Webb Tract Islands and Berms","38.0947",-121.59039,"13:26","Bryte",NA
"236","1792","EM0318B0021",2018-03-13,"Dissolved Organic Nitrogen","0.6","0.1","mg/L as N",NA,"N","N","Webb Tract Islands and Berms","38.0947",-121.59039,"13:26","Bryte",NA
"237","1792","EM0318B0021",2018-03-13,"Dissolved ortho-Phosphate","0.06","0.01","mg/L as P",NA,"N","N","Webb Tract Islands and Berms","38.0947",-121.59039,"13:26","Bryte",NA
"238","1792","EM0318B0021",2018-03-13,"Pheophytin a","0.79","0.5","ug/L",NA,"N","N","Webb Tract Islands and Berms","38.0947",-121.59039,"13:26","Bryte",NA
"239","1792","EM0318B0021",2018-03-13,"Total Kjeldahl Nitrogen","0.7","0.1","mg/L as N",NA,"N","N","Webb Tract Islands and Berms","38.0947",-121.59039,"13:26","Bryte",NA
"240","1792","EM0318B0021",2018-03-13,"Total Phosphorus","0.07","0.01","mg/L as P",NA,"N","N","Webb Tract Islands and Berms","38.0947",-121.59039,"13:26","Bryte",NA
"241","1794","EM0318B0022",2018-03-13,"Chlorophyll a","8.01","0.5","ug/L",NA,"N","N","Webb Tract Islands and Berms","38.09674",-121.58981,"14:00","Bryte",NA
"242","1794","EM0318B0022",2018-03-13,"Dissolved Ammonia","0.1","0.01","mg/L as N",NA,"N","N","Webb Tract Islands and Berms","38.09674",-121.58981,"14:00","Bryte",NA
"243","1794","EM0318B0022",2018-03-13,"Dissolved Nitrate + Nitrite","0.58","0.01","mg/L as N",NA,"Y","N","Webb Tract Islands and Berms","38.09674",-121.58981,"14:00","Bryte",NA
"244","1794","EM0318B0022",2018-03-13,"Dissolved Organic Nitrogen","0.5","0.1","mg/L as N",NA,"N","N","Webb Tract Islands and Berms","38.09674",-121.58981,"14:00","Bryte",NA
"245","1794","EM0318B0022",2018-03-13,"Dissolved ortho-Phosphate","0.06","0.01","mg/L as P",NA,"N","N","Webb Tract Islands and Berms","38.09674",-121.58981,"14:00","Bryte",NA
"246","1794","EM0318B0022",2018-03-13,"Pheophytin a","1.69","0.5","ug/L",NA,"N","N","Webb Tract Islands and Berms","38.09674",-121.58981,"14:00","Bryte",NA
"247","1794","EM0318B0022",2018-03-13,"Total Kjeldahl Nitrogen","0.7","0.1","mg/L as N",NA,"N","N","Webb Tract Islands and Berms","38.09674",-121.58981,"14:00","Bryte",NA
"248","1794","EM0318B0022",2018-03-13,"Total Phosphorus","0.07","0.01","mg/L as P",NA,"N","N","Webb Tract Islands and Berms","38.09674",-121.58981,"14:00","Bryte",NA
"249","1793","EM0318B0023",2018-03-13,"Chlorophyll a","4.24","0.5","ug/L",NA,"N","N","Webb Tract Islands and Berms","38.09477",-121.59028,"15:05","Bryte",NA
"250","1793","EM0318B0023",2018-03-13,"Dissolved Ammonia","0.1","0.01","mg/L as N",NA,"N","N","Webb Tract Islands and Berms","38.09477",-121.59028,"15:05","Bryte",NA
"251","1793","EM0318B0023",2018-03-13,"Dissolved Nitrate + Nitrite","0.58","0.01","mg/L as N",NA,"Y","N","Webb Tract Islands and Berms","38.09477",-121.59028,"15:05","Bryte",NA
"252","1793","EM0318B0023",2018-03-13,"Dissolved Organic Nitrogen","0.4","0.1","mg/L as N",NA,"N","Y","Webb Tract Islands and Berms","38.09477",-121.59028,"15:05","Bryte",NA
"253","1793","EM0318B0023",2018-03-13,"Dissolved ortho-Phosphate","0.06","0.01","mg/L as P",NA,"N","N","Webb Tract Islands and Berms","38.09477",-121.59028,"15:05","Bryte",NA
"254","1793","EM0318B0023",2018-03-13,"Pheophytin a","0.9","0.5","ug/L",NA,"N","N","Webb Tract Islands and Berms","38.09477",-121.59028,"15:05","Bryte",NA
"255","1793","EM0318B0023",2018-03-13,"Total Kjeldahl Nitrogen","0.6","0.1","mg/L as N",NA,"N","N","Webb Tract Islands and Berms","38.09477",-121.59028,"15:05","Bryte",NA
"256","1793","EM0318B0023",2018-03-13,"Total Phosphorus","0.07","0.01","mg/L as P",NA,"N","N","Webb Tract Islands and Berms","38.09477",-121.59028,"15:05","Bryte",NA
"257","1828","EM0318B0034",2018-03-14,"Dissolved Ammonia","0.01","0.01","mg/L as N",NA,"N","N","Lindsey Slough","38.25995",-121.7926,"09:00","Bryte","sample at breach. used start lat/long from invert trawls Lindsey @ breach; GPS coordinates from invert trawl start"
"258","1828","EM0318B0035",2018-03-14,"Dissolved Ammonia","0.01","0.01","mg/L as N",NA,"N","N","Lindsey Slough","38.25995",-121.7926,"09:00","Bryte","used start lat/long from invert trawls Lindsey during tow; GPS coordinates from invert trawl start"
"259","1828","EM0318B0036",2018-03-14,"Dissolved Ammonia","0.02","0.01","mg/L as N",NA,"N","N","Lindsey Slough","38.25995",-121.7926,"09:00","Bryte","outside lindsey. used start lat/long from invert trawls Outside Lindsey; GPS coordinates from invert trawl start"
"260","1828","EM0318B0034",2018-03-14,"Dissolved Nitrate + Nitrite","0.04","0.01","mg/L as N",NA,"Y","N","Lindsey Slough","38.25995",-121.7926,"09:00","Bryte","sample at breach. used start lat/long from invert trawls Lindsey @ breach; GPS coordinates from invert trawl start"
"261","1828","EM0318B0035",2018-03-14,"Dissolved Nitrate + Nitrite","0.03","0.01","mg/L as N",NA,"Y","N","Lindsey Slough","38.25995",-121.7926,"09:00","Bryte","used start lat/long from invert trawls Lindsey during tow; GPS coordinates from invert trawl start"
"262","1828","EM0318B0036",2018-03-14,"Dissolved Nitrate + Nitrite","0.05","0.01","mg/L as N",NA,"Y","N","Lindsey Slough","38.25995",-121.7926,"09:00","Bryte","outside lindsey. used start lat/long from invert trawls Outside Lindsey; GPS coordinates from invert trawl start"
"263","1828","EM0318B0034",2018-03-14,"Dissolved Organic Nitrogen","0.3","0.1","mg/L as N",NA,"N","N","Lindsey Slough","38.25995",-121.7926,"09:00","Bryte","sample at breach. used start lat/long from invert trawls Lindsey @ breach; GPS coordinates from invert trawl start"
"264","1828","EM0318B0036",2018-03-14,"Dissolved Organic Nitrogen","0.3","0.1","mg/L as N",NA,"N","N","Lindsey Slough","38.25995",-121.7926,"09:00","Bryte","outside lindsey. used start lat/long from invert trawls Outside Lindsey; GPS coordinates from invert trawl start"
"265","1828","EM0318B0035",2018-03-14,"Dissolved Organic Nitrogen","0.3","0.1","mg/L as N",NA,"N","N","Lindsey Slough","38.25995",-121.7926,"09:00","Bryte","used start lat/long from invert trawls Lindsey during tow; GPS coordinates from invert trawl start"
"266","1828","EM0318B0036",2018-03-14,"Dissolved ortho-Phosphate","0.06","0.01","mg/L as P",NA,"N","N","Lindsey Slough","38.25995",-121.7926,"09:00","Bryte","outside lindsey. used start lat/long from invert trawls Outside Lindsey; GPS coordinates from invert trawl start"
"267","1828","EM0318B0034",2018-03-14,"Dissolved ortho-Phosphate","0.07","0.01","mg/L as P",NA,"N","N","Lindsey Slough","38.25995",-121.7926,"09:00","Bryte","sample at breach. used start lat/long from invert trawls Lindsey @ breach; GPS coordinates from invert trawl start"
"268","1828","EM0318B0035",2018-03-14,"Dissolved ortho-Phosphate","0.06","0.01","mg/L as P",NA,"N","N","Lindsey Slough","38.25995",-121.7926,"09:00","Bryte","used start lat/long from invert trawls Lindsey during tow; GPS coordinates from invert trawl start"
"269","1828","EM0318B0035",2018-03-14,"Total Kjeldahl Nitrogen","0.3","0.1","mg/L as N",NA,"N","N","Lindsey Slough","38.25995",-121.7926,"09:00","Bryte","used start lat/long from invert trawls Lindsey during tow; GPS coordinates from invert trawl start"
"270","1828","EM0318B0036",2018-03-14,"Total Kjeldahl Nitrogen","0.4","0.1","mg/L as N",NA,"N","N","Lindsey Slough","38.25995",-121.7926,"09:00","Bryte","outside lindsey. used start lat/long from invert trawls Outside Lindsey; GPS coordinates from invert trawl start"
"271","1828","EM0318B0034",2018-03-14,"Total Kjeldahl Nitrogen","0.4","0.1","mg/L as N",NA,"N","N","Lindsey Slough","38.25995",-121.7926,"09:00","Bryte","sample at breach. used start lat/long from invert trawls Lindsey @ breach; GPS coordinates from invert trawl start"
"272","1828","EM0318B0034",2018-03-14,"Total Phosphorus","0.07","0.01","mg/L as P",NA,"N","N","Lindsey Slough","38.25995",-121.7926,"09:00","Bryte","sample at breach. used start lat/long from invert trawls Lindsey @ breach; GPS coordinates from invert trawl start"
"273","1828","EM0318B0035",2018-03-14,"Total Phosphorus","0.06","0.01","mg/L as P",NA,"N","N","Lindsey Slough","38.25995",-121.7926,"09:00","Bryte","used start lat/long from invert trawls Lindsey during tow; GPS coordinates from invert trawl start"
"274","1828","EM0318B0036",2018-03-14,"Total Phosphorus","0.07","0.01","mg/L as P",NA,"N","N","Lindsey Slough","38.25995",-121.7926,"09:00","Bryte","outside lindsey. used start lat/long from invert trawls Outside Lindsey; GPS coordinates from invert trawl start"
"275","1829","EM0318B0031",2018-03-14,"Dissolved Ammonia","0.22","0.01","mg/L as N",NA,"N","N","Liberty Island","38.24355",-121.68453,"09:40","Bryte","at south breach. used start lat/long from invert trawls Liberty south breach; GPS coordinates from invert trawl start"
"276","1829","EM0318B0033",2018-03-14,"Dissolved Ammonia","0.17","0.01","mg/L as N",NA,"N","N","Liberty Island","38.24355",-121.68453,"09:40","Bryte","inside breach. used start lat/long from invert trawls Liberty inside breach; GPS coordinates from invert trawl start"
"277","1829","EM0318B0032",2018-03-14,"Dissolved Ammonia","0.2","0.01","mg/L as N",NA,"N","N","Liberty Island","38.24355",-121.68453,"09:40","Bryte","outside breach. used start lat/long from invert trawls Liberty outside breach; GPS coordinates from invert trawl start"
"278","1829","EM0318B0033",2018-03-14,"Dissolved Nitrate + Nitrite","0.32","0.01","mg/L as N",NA,"Y","N","Liberty Island","38.24355",-121.68453,"09:40","Bryte","inside breach. used start lat/long from invert trawls Liberty inside breach; GPS coordinates from invert trawl start"
"279","1829","EM0318B0032",2018-03-14,"Dissolved Nitrate + Nitrite","0.33","0.01","mg/L as N",NA,"Y","N","Liberty Island","38.24355",-121.68453,"09:40","Bryte","outside breach. used start lat/long from invert trawls Liberty outside breach; GPS coordinates from invert trawl start"
"280","1829","EM0318B0031",2018-03-14,"Dissolved Nitrate + Nitrite","0.33","0.01","mg/L as N",NA,"Y","N","Liberty Island","38.24355",-121.68453,"09:40","Bryte","at south breach. used start lat/long from invert trawls Liberty south breach; GPS coordinates from invert trawl start"
"281","1829","EM0318B0033",2018-03-14,"Dissolved Organic Nitrogen","0.3","0.1","mg/L as N",NA,"N","N","Liberty Island","38.24355",-121.68453,"09:40","Bryte","inside breach. used start lat/long from invert trawls Liberty inside breach; GPS coordinates from invert trawl start"
"282","1829","EM0318B0032",2018-03-14,"Dissolved Organic Nitrogen","0.2","0.1","mg/L as N",NA,"N","N","Liberty Island","38.24355",-121.68453,"09:40","Bryte","outside breach. used start lat/long from invert trawls Liberty outside breach; GPS coordinates from invert trawl start"
"283","1829","EM0318B0031",2018-03-14,"Dissolved Organic Nitrogen","0.3","0.1","mg/L as N",NA,"N","N","Liberty Island","38.24355",-121.68453,"09:40","Bryte","at south breach. used start lat/long from invert trawls Liberty south breach; GPS coordinates from invert trawl start"
"284","1829","EM0318B0031",2018-03-14,"Dissolved ortho-Phosphate","0.07","0.01","mg/L as P",NA,"N","N","Liberty Island","38.24355",-121.68453,"09:40","Bryte","at south breach. used start lat/long from invert trawls Liberty south breach; GPS coordinates from invert trawl start"
"285","1829","EM0318B0032",2018-03-14,"Dissolved ortho-Phosphate","0.07","0.01","mg/L as P",NA,"N","N","Liberty Island","38.24355",-121.68453,"09:40","Bryte","outside breach. used start lat/long from invert trawls Liberty outside breach; GPS coordinates from invert trawl start"
"286","1829","EM0318B0033",2018-03-14,"Dissolved ortho-Phosphate","0.06","0.01","mg/L as P",NA,"N","N","Liberty Island","38.24355",-121.68453,"09:40","Bryte","inside breach. used start lat/long from invert trawls Liberty inside breach; GPS coordinates from invert trawl start"
"287","1829","EM0318B0033",2018-03-14,"Total Kjeldahl Nitrogen","0.5","0.1","mg/L as N",NA,"N","N","Liberty Island","38.24355",-121.68453,"09:40","Bryte","inside breach. used start lat/long from invert trawls Liberty inside breach; GPS coordinates from invert trawl start"
"288","1829","EM0318B0031",2018-03-14,"Total Kjeldahl Nitrogen","0.5","0.1","mg/L as N",NA,"N","N","Liberty Island","38.24355",-121.68453,"09:40","Bryte","at south breach. used start lat/long from invert trawls Liberty south breach; GPS coordinates from invert trawl start"
"289","1829","EM0318B0032",2018-03-14,"Total Kjeldahl Nitrogen","0.5","0.1","mg/L as N",NA,"N","N","Liberty Island","38.24355",-121.68453,"09:40","Bryte","outside breach. used start lat/long from invert trawls Liberty outside breach; GPS coordinates from invert trawl start"
"290","1829","EM0318B0032",2018-03-14,"Total Phosphorus","0.07","0.01","mg/L as P",NA,"N","N","Liberty Island","38.24355",-121.68453,"09:40","Bryte","outside breach. used start lat/long from invert trawls Liberty outside breach; GPS coordinates from invert trawl start"
"291","1829","EM0318B0033",2018-03-14,"Total Phosphorus","0.07","0.01","mg/L as P",NA,"N","N","Liberty Island","38.24355",-121.68453,"09:40","Bryte","inside breach. used start lat/long from invert trawls Liberty inside breach; GPS coordinates from invert trawl start"
"292","1829","EM0318B0031",2018-03-14,"Total Phosphorus","0.08","0.01","mg/L as P",NA,"N","N","Liberty Island","38.24355",-121.68453,"09:40","Bryte","at south breach. used start lat/long from invert trawls Liberty south breach; GPS coordinates from invert trawl start"
"293","1830","EM0318B0028",2018-03-14,"Chlorophyll a","3.06","0.5","ug/L",NA,"N","N","Miner Slough","38.2591",-121.65387,"11:13","Bryte","inside prospect. used start lat/long from invert trawls Inside Prospect; GPS coordinates from invert trawl start"
"294","1830","EM0318B0030",2018-03-14,"Dissolved Ammonia","0.41","0.01","mg/L as N",NA,"N","N","Miner Slough","38.2591",-121.65387,"11:13","Bryte","outside prospect in slough. used start lat/long from invert trawls Prospect outside; GPS coordinates from invert trawl start"
"295","1830","EM0318B0029",2018-03-14,"Dissolved Ammonia","0.09","0.01","mg/L as N",NA,"N","N","Miner Slough","38.2591",-121.65387,"11:13","Bryte","at breach. used start lat/long from invert trawls Prospect @ breach; GPS coordinates from invert trawl start"
"296","1830","EM0318B0028",2018-03-14,"Dissolved Ammonia","0.03","0.01","mg/L as N",NA,"N","N","Miner Slough","38.2591",-121.65387,"11:13","Bryte","inside prospect. used start lat/long from invert trawls Inside Prospect; GPS coordinates from invert trawl start"
"297","1830","EM0318B0028",2018-03-14,"Dissolved Nitrate + Nitrite","0.19","0.01","mg/L as N",NA,"Y","N","Miner Slough","38.2591",-121.65387,"11:13","Bryte","inside prospect. used start lat/long from invert trawls Inside Prospect; GPS coordinates from invert trawl start"
"298","1830","EM0318B0029",2018-03-14,"Dissolved Nitrate + Nitrite","0.26","0.01","mg/L as N",NA,"Y","N","Miner Slough","38.2591",-121.65387,"11:13","Bryte","at breach. used start lat/long from invert trawls Prospect @ breach; GPS coordinates from invert trawl start"
"299","1830","EM0318B0030",2018-03-14,"Dissolved Nitrate + Nitrite","0.22","0.01","mg/L as N",NA,"Y","N","Miner Slough","38.2591",-121.65387,"11:13","Bryte","outside prospect in slough. used start lat/long from invert trawls Prospect outside; GPS coordinates from invert trawl start"
"300","1830","EM0318B0029",2018-03-14,"Dissolved Organic Nitrogen","0.3","0.1","mg/L as N",NA,"N","N","Miner Slough","38.2591",-121.65387,"11:13","Bryte","at breach. used start lat/long from invert trawls Prospect @ breach; GPS coordinates from invert trawl start"
"301","1830","EM0318B0028",2018-03-14,"Dissolved Organic Nitrogen","0.3","0.1","mg/L as N",NA,"N","N","Miner Slough","38.2591",-121.65387,"11:13","Bryte","inside prospect. used start lat/long from invert trawls Inside Prospect; GPS coordinates from invert trawl start"
"302","1830","EM0318B0030",2018-03-14,"Dissolved Organic Nitrogen","0.3","0.1","mg/L as N",NA,"N","N","Miner Slough","38.2591",-121.65387,"11:13","Bryte","outside prospect in slough. used start lat/long from invert trawls Prospect outside; GPS coordinates from invert trawl start"
"303","1830","EM0318B0029",2018-03-14,"Dissolved ortho-Phosphate","0.04","0.01","mg/L as P",NA,"N","N","Miner Slough","38.2591",-121.65387,"11:13","Bryte","at breach. used start lat/long from invert trawls Prospect @ breach; GPS coordinates from invert trawl start"
"304","1830","EM0318B0028",2018-03-14,"Dissolved ortho-Phosphate","0.03","0.01","mg/L as P",NA,"N","N","Miner Slough","38.2591",-121.65387,"11:13","Bryte","inside prospect. used start lat/long from invert trawls Inside Prospect; GPS coordinates from invert trawl start"
"305","1830","EM0318B0030",2018-03-14,"Dissolved ortho-Phosphate","0.06","0.01","mg/L as P",NA,"N","N","Miner Slough","38.2591",-121.65387,"11:13","Bryte","outside prospect in slough. used start lat/long from invert trawls Prospect outside; GPS coordinates from invert trawl start"
"306","1830","EM0318B0028",2018-03-14,"Pheophytin a","1.59","0.5","ug/L",NA,"N","N","Miner Slough","38.2591",-121.65387,"11:13","Bryte","inside prospect. used start lat/long from invert trawls Inside Prospect; GPS coordinates from invert trawl start"
"307","1830","EM0318B0029",2018-03-14,"Total Kjeldahl Nitrogen","0.3","0.1","mg/L as N",NA,"N","N","Miner Slough","38.2591",-121.65387,"11:13","Bryte","at breach. used start lat/long from invert trawls Prospect @ breach; GPS coordinates from invert trawl start"
"308","1830","EM0318B0028",2018-03-14,"Total Kjeldahl Nitrogen","0.2","0.1","mg/L as N",NA,"N","N","Miner Slough","38.2591",-121.65387,"11:13","Bryte","inside prospect. used start lat/long from invert trawls Inside Prospect; GPS coordinates from invert trawl start"
"309","1830","EM0318B0030",2018-03-14,"Total Kjeldahl Nitrogen","0.6","0.1","mg/L as N",NA,"N","N","Miner Slough","38.2591",-121.65387,"11:13","Bryte","outside prospect in slough. used start lat/long from invert trawls Prospect outside; GPS coordinates from invert trawl start"
"310","1830","EM0318B0029",2018-03-14,"Total Phosphorus","0.04","0.01","mg/L as P",NA,"N","N","Miner Slough","38.2591",-121.65387,"11:13","Bryte","at breach. used start lat/long from invert trawls Prospect @ breach; GPS coordinates from invert trawl start"
"311","1830","EM0318B0028",2018-03-14,"Total Phosphorus","0.04","0.01","mg/L as P",NA,"N","N","Miner Slough","38.2591",-121.65387,"11:13","Bryte","inside prospect. used start lat/long from invert trawls Inside Prospect; GPS coordinates from invert trawl start"
"312","1830","EM0318B0030",2018-03-14,"Total Phosphorus","0.07","0.01","mg/L as P",NA,"N","N","Miner Slough","38.2591",-121.65387,"11:13","Bryte","outside prospect in slough. used start lat/long from invert trawls Prospect outside; GPS coordinates from invert trawl start"
"313","1800","EM0318B0037",2018-03-15,"Chlorophyll a","79.39","0.5","ug/L",NA,"N","N","Grizzly Bay","38.13467",-122.00367,"09:45","Bryte",NA
"314","1800","EM0318B0037",2018-03-15,"Dissolved Ammonia","0.01","0.01","mg/L as N",NA,"N","N","Grizzly Bay","38.13467",-122.00367,"09:45","Bryte",NA
"315","1800","EM0318B0037",2018-03-15,"Dissolved Nitrate + Nitrite","0.06","0.01","mg/L as N",NA,"Y","N","Grizzly Bay","38.13467",-122.00367,"09:45","Bryte",NA
"316","1800","EM0318B0037",2018-03-15,"Dissolved Organic Nitrogen","0.2","0.1","mg/L as N",NA,"N","N","Grizzly Bay","38.13467",-122.00367,"09:45","Bryte",NA
"317","1800","EM0318B0037",2018-03-15,"Dissolved ortho-Phosphate","0.03","0.01","mg/L as P",NA,"N","N","Grizzly Bay","38.13467",-122.00367,"09:45","Bryte",NA
"318","1800","EM0318B0037",2018-03-15,"Pheophytin a","17.15","0.5","ug/L",NA,"N","N","Grizzly Bay","38.13467",-122.00367,"09:45","Bryte",NA
"319","1800","EM0318B0037",2018-03-15,"Total Kjeldahl Nitrogen","1","0.1","mg/L as N",NA,"N","N","Grizzly Bay","38.13467",-122.00367,"09:45","Bryte",NA
"320","1800","EM0318B0037",2018-03-15,"Total Phosphorus","0.24","0.01","mg/L as P",NA,"N","N","Grizzly Bay","38.13467",-122.00367,"09:45","Bryte",NA
"321","1803","EM0318B0038",2018-03-15,"Chlorophyll a","35.34","0.5","ug/L",NA,"N","N","Grizzly Bay","38.01507",-121.990238,"10:15","Bryte",NA
"322","1803","EM0318B0038",2018-03-15,"Dissolved Ammonia","<0.01","0.01","mg/L as N",NA,"N","N","Grizzly Bay","38.01507",-121.990238,"10:15","Bryte",NA
"323","1803","EM0318B0038",2018-03-15,"Dissolved Nitrate + Nitrite","0.15","0.01","mg/L as N",NA,"Y","N","Grizzly Bay","38.01507",-121.990238,"10:15","Bryte",NA
"324","1803","EM0318B0038",2018-03-15,"Dissolved Organic Nitrogen","0.2","0.1","mg/L as N",NA,"N","N","Grizzly Bay","38.01507",-121.990238,"10:15","Bryte",NA
"325","1803","EM0318B0038",2018-03-15,"Dissolved ortho-Phosphate","0.03","0.01","mg/L as P",NA,"N","N","Grizzly Bay","38.01507",-121.990238,"10:15","Bryte",NA
"326","1803","EM0318B0038",2018-03-15,"Pheophytin a","6.46","0.5","ug/L",NA,"N","N","Grizzly Bay","38.01507",-121.990238,"10:15","Bryte",NA
"327","1803","EM0318B0038",2018-03-15,"Total Kjeldahl Nitrogen","0.7","0.1","mg/L as N",NA,"N","N","Grizzly Bay","38.01507",-121.990238,"10:15","Bryte",NA
"328","1803","EM0318B0038",2018-03-15,"Total Phosphorus","0.35","0.01","mg/L as P",NA,"N","N","Grizzly Bay","38.01507",-121.990238,"10:15","Bryte",NA
"329","1805","EM0318B0039",2018-03-15,"Chlorophyll a","2.69","0.5","ug/L",NA,"N","N","Wings Landing","38.22694",-122.03591,"11:25","Bryte",NA
"330","1805","EM0318B0039",2018-03-15,"Dissolved Ammonia","0.12","0.01","mg/L as N",NA,"N","N","Wings Landing","38.22694",-122.03591,"11:25","Bryte",NA
"331","1805","EM0318B0039",2018-03-15,"Dissolved Nitrate + Nitrite","3.58","0.05","mg/L as N",NA,"Y","N","Wings Landing","38.22694",-122.03591,"11:25","Bryte",NA
"332","1805","EM0318B0039",2018-03-15,"Dissolved Nitrate + Nitrite","3.57","0.05","mg/L as N",NA,"Y","N","Wings Landing","38.22694",-122.03591,"11:25","Bryte",NA
"333","1805","EM0318B0039",2018-03-15,"Dissolved Organic Nitrogen","0.8","0.1","mg/L as N",NA,"N","N","Wings Landing","38.22694",-122.03591,"11:25","Bryte",NA
"334","1805","EM0318B0039",2018-03-15,"Dissolved ortho-Phosphate","0.39","0.01","mg/L as P",NA,"N","N","Wings Landing","38.22694",-122.03591,"11:25","Bryte",NA
"335","1805","EM0318B0039",2018-03-15,"Pheophytin a","4.95","0.5","ug/L",NA,"N","N","Wings Landing","38.22694",-122.03591,"11:25","Bryte",NA
"336","1805","EM0318B0039",2018-03-15,"Total Kjeldahl Nitrogen","1.3","0.1","mg/L as N",NA,"N","N","Wings Landing","38.22694",-122.03591,"11:25","Bryte",NA
"337","1805","EM0318B0039",2018-03-15,"Total Phosphorus","0.7","0.01","mg/L as P",NA,"N","N","Wings Landing","38.22694",-122.03591,"11:25","Bryte",NA
"338","1805","EM0318B0040",2018-03-15,"Chlorophyll a","2.56","0.5","ug/L",NA,"N","N","Wings Landing","38.22588",-122.0347,"11:30","Bryte",NA
"339","1805","EM0318B0040",2018-03-15,"Dissolved Ammonia","0.11","0.01","mg/L as N",NA,"N","N","Wings Landing","38.22588",-122.0347,"11:30","Bryte",NA
"340","1805","EM0318B0040",2018-03-15,"Dissolved Nitrate + Nitrite","2.7","0.05","mg/L as N",NA,"Y","N","Wings Landing","38.22588",-122.0347,"11:30","Bryte",NA
"341","1805","EM0318B0040",2018-03-15,"Dissolved Organic Nitrogen","0.6","0.1","mg/L as N",NA,"N","N","Wings Landing","38.22588",-122.0347,"11:30","Bryte",NA
"342","1805","EM0318B0040",2018-03-15,"Dissolved ortho-Phosphate","0.33","0.01","mg/L as P",NA,"N","N","Wings Landing","38.22588",-122.0347,"11:30","Bryte",NA
"343","1805","EM0318B0040",2018-03-15,"Pheophytin a","4.18","0.5","ug/L",NA,"N","N","Wings Landing","38.22588",-122.0347,"11:30","Bryte",NA
"344","1805","EM0318B0040",2018-03-15,"Total Kjeldahl Nitrogen","1.2","0.1","mg/L as N",NA,"N","N","Wings Landing","38.22588",-122.0347,"11:30","Bryte",NA
"345","1805","EM0318B0040",2018-03-15,"Total Phosphorus","0.68","0.01","mg/L as P",NA,"N","N","Wings Landing","38.22588",-122.0347,"11:30","Bryte",NA
"346","1845","EM0318B0042",2018-03-20,"Chlorophyll a","35.75","0.5","ug/L",NA,"N","N","Yolo Flyway Farms","38.37044",-121.6357,"10:47","Bryte",NA
"347","1845","EM0318B0042",2018-03-20,"Dissolved Ammonia","0.02","0.01","mg/L as N",NA,"N","N","Yolo Flyway Farms","38.37044",-121.6357,"10:47","Bryte",NA
"348","1845","EM0318B0042",2018-03-20,"Dissolved Nitrate + Nitrite","0.16","0.01","mg/L as N",NA,"Y","N","Yolo Flyway Farms","38.37044",-121.6357,"10:47","Bryte",NA
"349","1845","EM0318B0042",2018-03-20,"Dissolved Organic Nitrogen","0.5","0.1","mg/L as N",NA,"N","N","Yolo Flyway Farms","38.37044",-121.6357,"10:47","Bryte",NA
"350","1845","EM0318B0042",2018-03-20,"Dissolved ortho-Phosphate","0.08","0.01","mg/L as P",NA,"N","N","Yolo Flyway Farms","38.37044",-121.6357,"10:47","Bryte",NA
"351","1845","EM0318B0042",2018-03-20,"Pheophytin a","5.26","0.5","ug/L",NA,"N","N","Yolo Flyway Farms","38.37044",-121.6357,"10:47","Bryte",NA
"352","1845","EM0318B0042",2018-03-20,"Total Kjeldahl Nitrogen","0.8","0.1","mg/L as N",NA,"N","N","Yolo Flyway Farms","38.37044",-121.6357,"10:47","Bryte",NA
"353","1845","EM0318B0042",2018-03-20,"Total Phosphorus","0.25","0.01","mg/L as P",NA,"N","N","Yolo Flyway Farms","38.37044",-121.6357,"10:47","Bryte",NA
"354","1879","EM0318B0044",2018-03-22,"Chlorophyll a","2.65","0.5","ug/L",NA,"N","N","Browns Island","38.04016",-121.85596,"11:30","Bryte",NA
"355","1879","EM0318B0044",2018-03-22,"Dissolved Ammonia","0.03","0.01","mg/L as N",NA,"N","N","Browns Island","38.04016",-121.85596,"11:30","Bryte",NA
"356","1879","EM0318B0044",2018-03-22,"Dissolved Nitrate + Nitrite","0.24","0.01","mg/L as N",NA,"Y","N","Browns Island","38.04016",-121.85596,"11:30","Bryte",NA
"357","1879","EM0318B0044",2018-03-22,"Dissolved Organic Nitrogen","0.3","0.1","mg/L as N",NA,"N","N","Browns Island","38.04016",-121.85596,"11:30","Bryte",NA
"358","1879","EM0318B0044",2018-03-22,"Dissolved ortho-Phosphate","0.1","0.01","mg/L as P",NA,"N","N","Browns Island","38.04016",-121.85596,"11:30","Bryte",NA
"359","1879","EM0318B0044",2018-03-22,"Pheophytin a","1.01","0.5","ug/L",NA,"N","N","Browns Island","38.04016",-121.85596,"11:30","Bryte",NA
"360","1879","EM0318B0044",2018-03-22,"Total Kjeldahl Nitrogen","0.4","0.1","mg/L as N",NA,"N","N","Browns Island","38.04016",-121.85596,"11:30","Bryte",NA
"361","1879","EM0318B0044",2018-03-22,"Total Phosphorus","0.11","0.01","mg/L as P",NA,"N","N","Browns Island","38.04016",-121.85596,"11:30","Bryte",NA
"362","1806","EM0318B0045",2018-03-23,"Chlorophyll a","1.11","0.5","ug/L",NA,"N","N","Liberty Island","38.24453",-121.68582,"08:50","Bryte",NA
"363","1806","EM0318B0045",2018-03-23,"Dissolved Ammonia","0.11","0.01","mg/L as N",NA,"N","N","Liberty Island","38.24453",-121.68582,"08:50","Bryte",NA
"364","1806","EM0318B0045",2018-03-23,"Dissolved Nitrate + Nitrite","0.4","0.01","mg/L as N",NA,"Y","N","Liberty Island","38.24453",-121.68582,"08:50","Bryte",NA
"365","1806","EM0318B0045",2018-03-23,"Dissolved Organic Nitrogen","0.2","0.1","mg/L as N",NA,"N","Y","Liberty Island","38.24453",-121.68582,"08:50","Bryte",NA
"366","1806","EM0318B0045",2018-03-23,"Dissolved ortho-Phosphate","0.1","0.01","mg/L as P",NA,"N","N","Liberty Island","38.24453",-121.68582,"08:50","Bryte",NA
"367","1806","EM0318B0045",2018-03-23,"Pheophytin a","0.99","0.5","ug/L",NA,"N","N","Liberty Island","38.24453",-121.68582,"08:50","Bryte",NA
"368","1806","EM0318B0045",2018-03-23,"Total Kjeldahl Nitrogen","0.5","0.1","mg/L as N",NA,"N","N","Liberty Island","38.24453",-121.68582,"08:50","Bryte",NA
"369","1806","EM0318B0045",2018-03-23,"Total Phosphorus","0.1","0.01","mg/L as P",NA,"N","N","Liberty Island","38.24453",-121.68582,"08:50","Bryte",NA
"370","1816","EM0318B0048",2018-03-27,"Chlorophyll a","4.01","0.5","ug/L",NA,"N","N","Honker-Spoonbill","38.17593",-121.91882,"08:30","Bryte",NA
"371","1816","EM0318B0048",2018-03-27,"Dissolved Ammonia","0.12","0.01","mg/L as N",NA,"N","N","Honker-Spoonbill","38.17593",-121.91882,"08:30","Bryte",NA
"372","1816","EM0318B0048",2018-03-27,"Dissolved Nitrate + Nitrite","0.43","0.01","mg/L as N",NA,"Y","N","Honker-Spoonbill","38.17593",-121.91882,"08:30","Bryte",NA
"373","1816","EM0318B0048",2018-03-27,"Dissolved Organic Nitrogen","0.7","0.1","mg/L as N",NA,"N","N","Honker-Spoonbill","38.17593",-121.91882,"08:30","Bryte",NA
"374","1816","EM0318B0048",2018-03-27,"Dissolved ortho-Phosphate","0.04","0.01","mg/L as P",NA,"N","N","Honker-Spoonbill","38.17593",-121.91882,"08:30","Bryte",NA
"375","1816","EM0318B0048",2018-03-27,"Pheophytin a","2.85","0.5","ug/L",NA,"N","N","Honker-Spoonbill","38.17593",-121.91882,"08:30","Bryte",NA
"376","1816","EM0318B0048",2018-03-27,"Total Kjeldahl Nitrogen","0.7","0.1","mg/L as N",NA,"N","N","Honker-Spoonbill","38.17593",-121.91882,"08:30","Bryte",NA
"377","1816","EM0318B0048",2018-03-27,"Total Phosphorus","0.1","0.01","mg/L as P",NA,"N","N","Honker-Spoonbill","38.17593",-121.91882,"08:30","Bryte",NA
"378","1827","EM0318B0061",2018-03-29,"Chlorophyll a","5.13","0.5","ug/L",NA,"N","N","Prospect Island","38.24315",-121.66954,"11:30","Bryte","field sheet is missing Date was incorrectly entered as 3/29/2018"
"379","1827","EM0318B0061",2018-03-29,"Dissolved Ammonia","0.03","0.01","mg/L as N",NA,"N","N","Prospect Island","38.24315",-121.66954,"11:30","Bryte","field sheet is missing Date was incorrectly entered as 3/29/2018"
"380","1827","EM0318B0061",2018-03-29,"Dissolved Nitrate + Nitrite","0.02","0.01","mg/L as N",NA,"Y","N","Prospect Island","38.24315",-121.66954,"11:30","Bryte","field sheet is missing Date was incorrectly entered as 3/29/2018"
"381","1827","EM0318B0061",2018-03-29,"Dissolved Organic Nitrogen","0.3","0.1","mg/L as N",NA,"N","N","Prospect Island","38.24315",-121.66954,"11:30","Bryte","field sheet is missing Date was incorrectly entered as 3/29/2018"
"382","1827","EM0318B0061",2018-03-29,"Dissolved ortho-Phosphate","0.02","0.01","mg/L as P",NA,"N","N","Prospect Island","38.24315",-121.66954,"11:30","Bryte","field sheet is missing Date was incorrectly entered as 3/29/2018"
"383","1827","EM0318B0061",2018-03-29,"Pheophytin a","1.98","0.5","ug/L",NA,"N","N","Prospect Island","38.24315",-121.66954,"11:30","Bryte","field sheet is missing Date was incorrectly entered as 3/29/2018"
"384","1827","EM0318B0061",2018-03-29,"Total Kjeldahl Nitrogen","0.4","0.1","mg/L as N",NA,"N","N","Prospect Island","38.24315",-121.66954,"11:30","Bryte","field sheet is missing Date was incorrectly entered as 3/29/2018"
"385","1827","EM0318B0061",2018-03-29,"Total Phosphorus","0.04","0.01","mg/L as P",NA,"N","N","Prospect Island","38.24315",-121.66954,"11:30","Bryte","field sheet is missing Date was incorrectly entered as 3/29/2018"
"386","1857","EM0318B0049",2018-03-28,"Chlorophyll a","51.6","0.5","ug/L",NA,"N","N","Bradmoor Island","38.18364",-121.92459,"08:02","Bryte",NA
"387","1857","EM0318B0049",2018-03-28,"Dissolved Ammonia","0.34","0.01","mg/L as N",NA,"N","N","Bradmoor Island","38.18364",-121.92459,"08:02","Bryte",NA
"388","1857","EM0318B0049",2018-03-28,"Dissolved Nitrate + Nitrite","0.12","0.01","mg/L as N",NA,"Y","N","Bradmoor Island","38.18364",-121.92459,"08:02","Bryte",NA
"389","1857","EM0318B0049",2018-03-28,"Dissolved Organic Nitrogen","0.5","0.1","mg/L as N",NA,"N","N","Bradmoor Island","38.18364",-121.92459,"08:02","Bryte",NA
"390","1857","EM0318B0049",2018-03-28,"Dissolved ortho-Phosphate","<0.01","0.01","mg/L as P",NA,"N","N","Bradmoor Island","38.18364",-121.92459,"08:02","Bryte",NA
"391","1857","EM0318B0049",2018-03-28,"Pheophytin a","14.93","0.5","ug/L",NA,"N","N","Bradmoor Island","38.18364",-121.92459,"08:02","Bryte",NA
"392","1857","EM0318B0049",2018-03-28,"Total Kjeldahl Nitrogen","2","0.1","mg/L as N",NA,"N","N","Bradmoor Island","38.18364",-121.92459,"08:02","Bryte",NA
"393","1857","EM0318B0049",2018-03-28,"Total Phosphorus","0.14","0.01","mg/L as P",NA,"N","N","Bradmoor Island","38.18364",-121.92459,"08:02","Bryte",NA
"394","1863","EM0318B0050",2018-03-29,"Chlorophyll a","N.S.","0.5","ug/L",NA,"N","N","Ryer Island","38.07898",-122.01504,"08:32","Bryte","sample lost"
"395","1863","EM0318B0050",2018-03-29,"Dissolved Ammonia","0.06","0.01","mg/L as N",NA,"N","N","Ryer Island","38.07898",-122.01504,"08:32","Bryte",NA
"396","1863","EM0318B0050",2018-03-29,"Dissolved Nitrate + Nitrite","0.31","0.01","mg/L as N",NA,"Y","N","Ryer Island","38.07898",-122.01504,"08:32","Bryte",NA
"397","1863","EM0318B0050",2018-03-29,"Dissolved Organic Nitrogen","0.5","0.1","mg/L as N",NA,"N","N","Ryer Island","38.07898",-122.01504,"08:32","Bryte",NA
"398","1863","EM0318B0050",2018-03-29,"Dissolved ortho-Phosphate","0.08","0.01","mg/L as P",NA,"N","N","Ryer Island","38.07898",-122.01504,"08:32","Bryte",NA
"399","1863","EM0318B0050",2018-03-29,"Pheophytin a","N.S.","0.5","ug/L",NA,"N","N","Ryer Island","38.07898",-122.01504,"08:32","Bryte","sample lost"
"400","1863","EM0318B0050",2018-03-29,"Total Kjeldahl Nitrogen","0.5","0.1","mg/L as N",NA,"N","N","Ryer Island","38.07898",-122.01504,"08:32","Bryte",NA
"401","1863","EM0318B0050",2018-03-29,"Total Phosphorus","0.11","0.01","mg/L as P",NA,"N","N","Ryer Island","38.07898",-122.01504,"08:32","Bryte",NA
"402","1869","EM0418B0053",2018-04-06,"Chlorophyll a","1.33","0.5","ug/L",NA,"N","N","Horseshoe Bend","38.08308",-121.72419,"09:30","Bryte","used start lat/long from invert trawl GPS coordinates from invert trawl start"
"403","1869","EM0418B0053",2018-04-06,"Dissolved Ammonia","0.14","0.01","mg/L as N",NA,"N","N","Horseshoe Bend","38.08308",-121.72419,"09:30","Bryte","used start lat/long from invert trawl GPS coordinates from invert trawl start"
"404","1869","EM0418B0053",2018-04-06,"Dissolved Nitrate + Nitrite","0.23","0.01","mg/L as N",NA,"Y","N","Horseshoe Bend","38.08308",-121.72419,"09:30","Bryte","used start lat/long from invert trawl GPS coordinates from invert trawl start"
"405","1869","EM0418B0053",2018-04-06,"Dissolved Organic Nitrogen","0.2","0.1","mg/L as N",NA,"N","N","Horseshoe Bend","38.08308",-121.72419,"09:30","Bryte","used start lat/long from invert trawl GPS coordinates from invert trawl start"
"406","1869","EM0418B0053",2018-04-06,"Dissolved ortho-Phosphate","0.05","0.01","mg/L as P",NA,"N","N","Horseshoe Bend","38.08308",-121.72419,"09:30","Bryte","used start lat/long from invert trawl GPS coordinates from invert trawl start"
"407","1869","EM0418B0053",2018-04-06,"Pheophytin a","0.66","0.5","ug/L",NA,"N","N","Horseshoe Bend","38.08308",-121.72419,"09:30","Bryte","used start lat/long from invert trawl GPS coordinates from invert trawl start"
"408","1869","EM0418B0053",2018-04-06,"Total Kjeldahl Nitrogen","0.4","0.1","mg/L as N",NA,"N","N","Horseshoe Bend","38.08308",-121.72419,"09:30","Bryte","used start lat/long from invert trawl GPS coordinates from invert trawl start"
"409","1869","EM0418B0053",2018-04-06,"Total Phosphorus","0.05","0.01","mg/L as P",NA,"N","N","Horseshoe Bend","38.08308",-121.72419,"09:30","Bryte","used start lat/long from invert trawl GPS coordinates from invert trawl start"
"410","1870","EM0418B0054",2018-04-06,"Dissolved Ammonia","0.04","0.01","mg/L as N",NA,"N","N","Decker Island","38.08424",-121.72398,"10:05","Bryte","breach.used only gps on field sheet Breach; GPS coordinates from invert trawl start"
"411","1870","EM0418B0054",2018-04-06,"Dissolved Nitrate + Nitrite","0.19","0.01","mg/L as N",NA,"Y","N","Decker Island","38.08424",-121.72398,"10:05","Bryte","breach.used only gps on field sheet Breach; GPS coordinates from invert trawl start"
"412","1870","EM0418B0054",2018-04-06,"Dissolved Organic Nitrogen","0.3","0.1","mg/L as N",NA,"N","N","Decker Island","38.08424",-121.72398,"10:05","Bryte","breach.used only gps on field sheet Breach; GPS coordinates from invert trawl start"
"413","1870","EM0418B0054",2018-04-06,"Dissolved ortho-Phosphate","0.05","0.01","mg/L as P",NA,"N","N","Decker Island","38.08424",-121.72398,"10:05","Bryte","breach.used only gps on field sheet Breach; GPS coordinates from invert trawl start"
"414","1870","EM0418B0054",2018-04-06,"Total Kjeldahl Nitrogen","0.4","0.1","mg/L as N",NA,"N","N","Decker Island","38.08424",-121.72398,"10:05","Bryte","breach.used only gps on field sheet Breach; GPS coordinates from invert trawl start"
"415","1870","EM0418B0054",2018-04-06,"Total Phosphorus","0.05","0.01","mg/L as P",NA,"N","N","Decker Island","38.08424",-121.72398,"10:05","Bryte","breach.used only gps on field sheet Breach; GPS coordinates from invert trawl start"
"416","1870","EM0418B0055",2018-04-06,"Dissolved Ammonia","0.04","0.01","mg/L as N",NA,"N","N","Decker Island","38.08424",-121.72398,"10:15","Bryte","inside breach.used only gps on field sheet Inside; GPS coordinates from invert trawl start"
"417","1870","EM0418B0055",2018-04-06,"Dissolved Nitrate + Nitrite","0.19","0.01","mg/L as N",NA,"Y","N","Decker Island","38.08424",-121.72398,"10:15","Bryte","inside breach.used only gps on field sheet Inside; GPS coordinates from invert trawl start"
"418","1870","EM0418B0055",2018-04-06,"Dissolved Organic Nitrogen","0.3","0.1","mg/L as N",NA,"N","N","Decker Island","38.08424",-121.72398,"10:15","Bryte","inside breach.used only gps on field sheet Inside; GPS coordinates from invert trawl start"
"419","1870","EM0418B0055",2018-04-06,"Dissolved ortho-Phosphate","0.05","0.01","mg/L as P",NA,"N","N","Decker Island","38.08424",-121.72398,"10:15","Bryte","inside breach.used only gps on field sheet Inside; GPS coordinates from invert trawl start"
"420","1870","EM0418B0055",2018-04-06,"Total Kjeldahl Nitrogen","0.3","0.1","mg/L as N",NA,"N","N","Decker Island","38.08424",-121.72398,"10:15","Bryte","inside breach.used only gps on field sheet Inside; GPS coordinates from invert trawl start"
"421","1870","EM0418B0055",2018-04-06,"Total Phosphorus","0.06","0.01","mg/L as P",NA,"N","N","Decker Island","38.08424",-121.72398,"10:15","Bryte","inside breach.used only gps on field sheet Inside; GPS coordinates from invert trawl start"
"422","1881","EM0418B0063",2018-04-10,"Chlorophyll a","13.47","0.5","ug/L",NA,"N","N","Nurse-Denverton","38.18031",-121.90878,"08:00","Bryte",NA
"423","1881","EM0418B0063",2018-04-10,"Dissolved Ammonia","0.02","0.01","mg/L as N",NA,"N","N","Nurse-Denverton","38.18031",-121.90878,"08:00","Bryte",NA
"424","1881","EM0418B0063",2018-04-10,"Dissolved Nitrate + Nitrite","0.22","0.01","mg/L as N",NA,"N","N","Nurse-Denverton","38.18031",-121.90878,"08:00","Bryte",NA
"425","1881","EM0418B0063",2018-04-10,"Dissolved Organic Nitrogen","0.5","0.1","mg/L as N",NA,"N","N","Nurse-Denverton","38.18031",-121.90878,"08:00","Bryte",NA
"426","1881","EM0418B0063",2018-04-10,"Dissolved ortho-Phosphate","0.03","0.01","mg/L as P",NA,"N","N","Nurse-Denverton","38.18031",-121.90878,"08:00","Bryte",NA
"427","1881","EM0418B0063",2018-04-10,"Pheophytin a","2.25","0.5","ug/L",NA,"N","N","Nurse-Denverton","38.18031",-121.90878,"08:00","Bryte",NA
"428","1881","EM0418B0063",2018-04-10,"Total Kjeldahl Nitrogen","0.8","0.1","mg/L as N",NA,"N","N","Nurse-Denverton","38.18031",-121.90878,"08:00","Bryte",NA
"429","1881","EM0418B0063",2018-04-10,"Total Phosphorus","0.13","0.01","mg/L as P",NA,"N","N","Nurse-Denverton","38.18031",-121.90878,"08:00","Bryte",NA
"430","1882","EM0418B0064",2018-04-10,"Dissolved Ammonia","0.04","0.01","mg/L as N",NA,"N","N","Honker-Spoonbill","38.18093",-121.9125,"08:15","Bryte","used start lat/long from invert trawl GPS coordinates from invert trawl start"
"431","1882","EM0418B0064",2018-04-10,"Dissolved Nitrate + Nitrite","0.29","0.01","mg/L as N",NA,"N","N","Honker-Spoonbill","38.18093",-121.9125,"08:15","Bryte","used start lat/long from invert trawl GPS coordinates from invert trawl start"
"432","1882","EM0418B0064",2018-04-10,"Dissolved Organic Nitrogen","0.3","0.1","mg/L as N",NA,"N","N","Honker-Spoonbill","38.18093",-121.9125,"08:15","Bryte","used start lat/long from invert trawl GPS coordinates from invert trawl start"
"433","1882","EM0418B0064",2018-04-10,"Dissolved ortho-Phosphate","0.03","0.01","mg/L as P",NA,"N","N","Honker-Spoonbill","38.18093",-121.9125,"08:15","Bryte","used start lat/long from invert trawl GPS coordinates from invert trawl start"
"434","1882","EM0418B0064",2018-04-10,"Total Kjeldahl Nitrogen","0.7","0.1","mg/L as N",NA,"N","N","Honker-Spoonbill","38.18093",-121.9125,"08:15","Bryte","used start lat/long from invert trawl GPS coordinates from invert trawl start"
"435","1882","EM0418B0064",2018-04-10,"Total Phosphorus","0.1","0.01","mg/L as P",NA,"N","N","Honker-Spoonbill","38.18093",-121.9125,"08:15","Bryte","used start lat/long from invert trawl GPS coordinates from invert trawl start"
"436","1883","EM0418B0065",2018-04-10,"Dissolved Ammonia","0.08","0.01","mg/L as N",NA,"N","N","Nurse-Denverton","38.18064",-121.9127,"08:45","Bryte","outside Outside"
"437","1883","EM0418B0065",2018-04-10,"Dissolved Nitrate + Nitrite","0.29","0.01","mg/L as N",NA,"N","N","Nurse-Denverton","38.18064",-121.9127,"08:45","Bryte","outside Outside"
"438","1883","EM0418B0065",2018-04-10,"Dissolved Organic Nitrogen","0.3","0.1","mg/L as N",NA,"N","N","Nurse-Denverton","38.18064",-121.9127,"08:45","Bryte","outside Outside"
"439","1883","EM0418B0065",2018-04-10,"Dissolved ortho-Phosphate","0.03","0.01","mg/L as P",NA,"N","N","Nurse-Denverton","38.18064",-121.9127,"08:45","Bryte","outside Outside"
"440","1883","EM0418B0065",2018-04-10,"Total Kjeldahl Nitrogen","0.5","0.1","mg/L as N",NA,"N","N","Nurse-Denverton","38.18064",-121.9127,"08:45","Bryte","outside Outside"
"441","1883","EM0418B0065",2018-04-10,"Total Phosphorus","0.08","0.01","mg/L as P",NA,"N","N","Nurse-Denverton","38.18064",-121.9127,"08:45","Bryte","outside Outside"
"442","1885","EM0418B0066",2018-04-10,"Dissolved Ammonia","0.03","0.01","mg/L as N",NA,"N","N","Webb Tract Islands and Berms","38.09472",-121.59035,"11:45","Bryte","inside Inside"
"443","1885","EM0418B0066",2018-04-10,"Dissolved Nitrate + Nitrite","0.24","0.01","mg/L as N",NA,"N","N","Webb Tract Islands and Berms","38.09472",-121.59035,"11:45","Bryte","inside Inside"
"444","1885","EM0418B0066",2018-04-10,"Dissolved Organic Nitrogen","0.2","0.1","mg/L as N",NA,"N","N","Webb Tract Islands and Berms","38.09472",-121.59035,"11:45","Bryte","inside Inside"
"445","1885","EM0418B0066",2018-04-10,"Dissolved ortho-Phosphate","0.04","0.01","mg/L as P",NA,"N","N","Webb Tract Islands and Berms","38.09472",-121.59035,"11:45","Bryte","inside Inside"
"446","1885","EM0418B0066",2018-04-10,"Total Kjeldahl Nitrogen","0.3","0.1","mg/L as N",NA,"N","N","Webb Tract Islands and Berms","38.09472",-121.59035,"11:45","Bryte","inside Inside"
"447","1885","EM0418B0066",2018-04-10,"Total Phosphorus","0.06","0.01","mg/L as P",NA,"N","N","Webb Tract Islands and Berms","38.09472",-121.59035,"11:45","Bryte","inside Inside"
"448","1885","EM0418B0067",2018-04-10,"Dissolved Ammonia","0.04","0.01","mg/L as N",NA,"N","N","Webb Tract Islands and Berms","38.09588",-121.5899,"11:50","Bryte","breach Breach"
"449","1885","EM0418B0067",2018-04-10,"Dissolved Nitrate + Nitrite","0.17","0.01","mg/L as N",NA,"N","N","Webb Tract Islands and Berms","38.09588",-121.5899,"11:50","Bryte","breach Breach"
"450","1885","EM0418B0067",2018-04-10,"Dissolved Organic Nitrogen","0.2","0.1","mg/L as N",NA,"N","N","Webb Tract Islands and Berms","38.09588",-121.5899,"11:50","Bryte","breach Breach"
"451","1885","EM0418B0067",2018-04-10,"Dissolved ortho-Phosphate","0.05","0.01","mg/L as P",NA,"N","N","Webb Tract Islands and Berms","38.09588",-121.5899,"11:50","Bryte","breach Breach"
"452","1885","EM0418B0067",2018-04-10,"Total Kjeldahl Nitrogen","0.2","0.1","mg/L as N",NA,"N","N","Webb Tract Islands and Berms","38.09588",-121.5899,"11:50","Bryte","breach Breach"
"453","1885","EM0418B0067",2018-04-10,"Total Phosphorus","0.07","0.01","mg/L as P",NA,"N","N","Webb Tract Islands and Berms","38.09588",-121.5899,"11:50","Bryte","breach Breach"
"454","1885","EM0418B0068",2018-04-10,"Dissolved Ammonia","0.07","0.01","mg/L as N",NA,"N","N","Webb Tract Islands and Berms","38.09682",-121.58855,"11:55","Bryte","outside Outside"
"455","1885","EM0418B0068",2018-04-10,"Dissolved Nitrate + Nitrite","0.23","0.01","mg/L as N",NA,"N","N","Webb Tract Islands and Berms","38.09682",-121.58855,"11:55","Bryte","outside Outside"
"456","1885","EM0418B0068",2018-04-10,"Dissolved Organic Nitrogen","0.2","0.1","mg/L as N",NA,"N","N","Webb Tract Islands and Berms","38.09682",-121.58855,"11:55","Bryte","outside Outside"
"457","1885","EM0418B0068",2018-04-10,"Dissolved ortho-Phosphate","0.05","0.01","mg/L as P",NA,"N","N","Webb Tract Islands and Berms","38.09682",-121.58855,"11:55","Bryte","outside Outside"
"458","1885","EM0418B0068",2018-04-10,"Total Kjeldahl Nitrogen","0.3","0.1","mg/L as N",NA,"N","N","Webb Tract Islands and Berms","38.09682",-121.58855,"11:55","Bryte","outside Outside"
"459","1885","EM0418B0068",2018-04-10,"Total Phosphorus","0.05","0.01","mg/L as P",NA,"N","N","Webb Tract Islands and Berms","38.09682",-121.58855,"11:55","Bryte","outside Outside"
"460","1921","EM0418B0070",2018-04-11,"Chlorophyll a","1.44","0.5","ug/L",NA,"N","N","Prospect Island","38.24502",-121.66354,"08:05","Bryte","inside prospect. used start lat/long from invert Inside Prospect; GPS coordinates from invert trawl start"
"461","1921","EM0418B0070",2018-04-11,"Dissolved Ammonia","0.03","0.01","mg/L as N",NA,"N","N","Prospect Island","38.24502",-121.66354,"08:05","Bryte","inside prospect. used start lat/long from invert Inside Prospect; GPS coordinates from invert trawl start"
"462","1921","EM0418B0071",2018-04-11,"Dissolved Ammonia","0.05","0.01","mg/L as N",NA,"N","N","Prospect Island","38.24502",-121.66354,"08:05","Bryte","breach. used start lat/long from invert At breach; GPS coordinates from invert trawl start"
"463","1921","EM0418B0072",2018-04-11,"Dissolved Ammonia","0.1","0.01","mg/L as N",NA,"N","N","Prospect Island","38.24502",-121.66354,"08:05","Bryte","at opening to miner slough. used start lat/long from invert At opening to Miner Slough; GPS coordinates from invert trawl start"
"464","1921","EM0418B0070",2018-04-11,"Dissolved Nitrate + Nitrite","0.05","0.01","mg/L as N",NA,"N","N","Prospect Island","38.24502",-121.66354,"08:05","Bryte","inside prospect. used start lat/long from invert Inside Prospect; GPS coordinates from invert trawl start"
"465","1921","EM0418B0071",2018-04-11,"Dissolved Nitrate + Nitrite","0.07","0.01","mg/L as N",NA,"N","N","Prospect Island","38.24502",-121.66354,"08:05","Bryte","breach. used start lat/long from invert At breach; GPS coordinates from invert trawl start"
"466","1921","EM0418B0072",2018-04-11,"Dissolved Nitrate + Nitrite","0.14","0.01","mg/L as N",NA,"N","N","Prospect Island","38.24502",-121.66354,"08:05","Bryte","at opening to miner slough. used start lat/long from invert At opening to Miner Slough; GPS coordinates from invert trawl start"
"467","1921","EM0418B0071",2018-04-11,"Dissolved Organic Nitrogen","<0.1","0.1","mg/L as N",NA,"N","N","Prospect Island","38.24502",-121.66354,"08:05","Bryte","breach. used start lat/long from invert At breach; GPS coordinates from invert trawl start"
"468","1921","EM0418B0070",2018-04-11,"Dissolved Organic Nitrogen","<0.1","0.1","mg/L as N",NA,"N","N","Prospect Island","38.24502",-121.66354,"08:05","Bryte","inside prospect. used start lat/long from invert Inside Prospect; GPS coordinates from invert trawl start"
"469","1921","EM0418B0072",2018-04-11,"Dissolved Organic Nitrogen","<0.1","0.1","mg/L as N",NA,"N","N","Prospect Island","38.24502",-121.66354,"08:05","Bryte","at opening to miner slough. used start lat/long from invert At opening to Miner Slough; GPS coordinates from invert trawl start"
"470","1921","EM0418B0070",2018-04-11,"Dissolved ortho-Phosphate","0.03","0.01","mg/L as P",NA,"N","N","Prospect Island","38.24502",-121.66354,"08:05","Bryte","inside prospect. used start lat/long from invert Inside Prospect; GPS coordinates from invert trawl start"
"471","1921","EM0418B0071",2018-04-11,"Dissolved ortho-Phosphate","0.03","0.01","mg/L as P",NA,"N","N","Prospect Island","38.24502",-121.66354,"08:05","Bryte","breach. used start lat/long from invert At breach; GPS coordinates from invert trawl start"
"472","1921","EM0418B0072",2018-04-11,"Dissolved ortho-Phosphate","0.03","0.01","mg/L as P",NA,"N","N","Prospect Island","38.24502",-121.66354,"08:05","Bryte","at opening to miner slough. used start lat/long from invert At opening to Miner Slough; GPS coordinates from invert trawl start"
"473","1921","EM0418B0070",2018-04-11,"Pheophytin a","1.36","0.5","ug/L",NA,"N","N","Prospect Island","38.24502",-121.66354,"08:05","Bryte","inside prospect. used start lat/long from invert Inside Prospect; GPS coordinates from invert trawl start"
"474","1921","EM0418B0071",2018-04-11,"Total Kjeldahl Nitrogen","0.2","0.1","mg/L as N",NA,"N","N","Prospect Island","38.24502",-121.66354,"08:05","Bryte","breach. used start lat/long from invert At breach; GPS coordinates from invert trawl start"
"475","1921","EM0418B0072",2018-04-11,"Total Kjeldahl Nitrogen","0.4","0.1","mg/L as N",NA,"N","N","Prospect Island","38.24502",-121.66354,"08:05","Bryte","at opening to miner slough. used start lat/long from invert At opening to Miner Slough; GPS coordinates from invert trawl start"
"476","1921","EM0418B0070",2018-04-11,"Total Kjeldahl Nitrogen","0.2","0.1","mg/L as N",NA,"N","N","Prospect Island","38.24502",-121.66354,"08:05","Bryte","inside prospect. used start lat/long from invert Inside Prospect; GPS coordinates from invert trawl start"
"477","1921","EM0418B0072",2018-04-11,"Total Phosphorus","0.08","0.01","mg/L as P",NA,"N","N","Prospect Island","38.24502",-121.66354,"08:05","Bryte","at opening to miner slough. used start lat/long from invert At opening to Miner Slough; GPS coordinates from invert trawl start"
"478","1921","EM0418B0070",2018-04-11,"Total Phosphorus","0.05","0.01","mg/L as P",NA,"N","N","Prospect Island","38.24502",-121.66354,"08:05","Bryte","inside prospect. used start lat/long from invert Inside Prospect; GPS coordinates from invert trawl start"
"479","1921","EM0418B0071",2018-04-11,"Total Phosphorus","0.04","0.01","mg/L as P",NA,"N","N","Prospect Island","38.24502",-121.66354,"08:05","Bryte","breach. used start lat/long from invert At breach; GPS coordinates from invert trawl start"
"480","1928","EM0418B0077",2018-04-11,"Dissolved Ammonia","0.02","0.01","mg/L as N",NA,"N","N","Lindsey Slough","38.25992",-121.79267,"10:10","Bryte","100 meters from breach. used start lat/long from invert 100m from breach; GPS coordinates from invert trawl start"
"481","1928","EM0418B0078",2018-04-11,"Dissolved Ammonia","0.03","0.01","mg/L as N",NA,"N","N","Lindsey Slough","38.25992",-121.79267,"10:10","Bryte","outside of slough at entrance. used start lat/long from invert Outside of slough at entrance; GPS coordinates from invert trawl start"
"482","1928","EM0418B0076",2018-04-11,"Dissolved Ammonia","0.02","0.01","mg/L as N",NA,"N","N","Lindsey Slough","38.25992",-121.79267,"10:10","Bryte","at breach. used start lat/long from invert At breach; GPS coordinates from invert trawl start"
"483","1928","EM0418B0077",2018-04-11,"Dissolved Nitrate + Nitrite","0.06","0.01","mg/L as N",NA,"N","N","Lindsey Slough","38.25992",-121.79267,"10:10","Bryte","100 meters from breach. used start lat/long from invert 100m from breach; GPS coordinates from invert trawl start"
"484","1928","EM0418B0078",2018-04-11,"Dissolved Nitrate + Nitrite","0.08","0.01","mg/L as N",NA,"N","N","Lindsey Slough","38.25992",-121.79267,"10:10","Bryte","outside of slough at entrance. used start lat/long from invert Outside of slough at entrance; GPS coordinates from invert trawl start"
"485","1928","EM0418B0076",2018-04-11,"Dissolved Nitrate + Nitrite","0.04","0.01","mg/L as N",NA,"N","N","Lindsey Slough","38.25992",-121.79267,"10:10","Bryte","at breach. used start lat/long from invert At breach; GPS coordinates from invert trawl start"
"486","1928","EM0418B0077",2018-04-11,"Dissolved Organic Nitrogen","0.5","0.1","mg/L as N",NA,"N","N","Lindsey Slough","38.25992",-121.79267,"10:10","Bryte","100 meters from breach. used start lat/long from invert 100m from breach; GPS coordinates from invert trawl start"
"487","1928","EM0418B0076",2018-04-11,"Dissolved Organic Nitrogen","0.5","0.1","mg/L as N",NA,"N","N","Lindsey Slough","38.25992",-121.79267,"10:10","Bryte","at breach. used start lat/long from invert At breach; GPS coordinates from invert trawl start"
"488","1928","EM0418B0078",2018-04-11,"Dissolved Organic Nitrogen","0.5","0.1","mg/L as N",NA,"N","N","Lindsey Slough","38.25992",-121.79267,"10:10","Bryte","outside of slough at entrance. used start lat/long from invert Outside of slough at entrance; GPS coordinates from invert trawl start"
"489","1928","EM0418B0077",2018-04-11,"Dissolved ortho-Phosphate","0.2","0.01","mg/L as P",NA,"N","N","Lindsey Slough","38.25992",-121.79267,"10:10","Bryte","100 meters from breach. used start lat/long from invert 100m from breach; GPS coordinates from invert trawl start"
"490","1928","EM0418B0076",2018-04-11,"Dissolved ortho-Phosphate","0.2","0.01","mg/L as P",NA,"N","N","Lindsey Slough","38.25992",-121.79267,"10:10","Bryte","at breach. used start lat/long from invert At breach; GPS coordinates from invert trawl start"
"491","1928","EM0418B0078",2018-04-11,"Dissolved ortho-Phosphate","0.21","0.01","mg/L as P",NA,"N","N","Lindsey Slough","38.25992",-121.79267,"10:10","Bryte","outside of slough at entrance. used start lat/long from invert Outside of slough at entrance; GPS coordinates from invert trawl start"
"492","1928","EM0418B0077",2018-04-11,"Total Kjeldahl Nitrogen","0.7","0.1","mg/L as N",NA,"N","N","Lindsey Slough","38.25992",-121.79267,"10:10","Bryte","100 meters from breach. used start lat/long from invert 100m from breach; GPS coordinates from invert trawl start"
"493","1928","EM0418B0076",2018-04-11,"Total Kjeldahl Nitrogen","0.6","0.1","mg/L as N",NA,"N","N","Lindsey Slough","38.25992",-121.79267,"10:10","Bryte","at breach. used start lat/long from invert At breach; GPS coordinates from invert trawl start"
"494","1928","EM0418B0078",2018-04-11,"Total Kjeldahl Nitrogen","0.7","0.1","mg/L as N",NA,"N","N","Lindsey Slough","38.25992",-121.79267,"10:10","Bryte","outside of slough at entrance. used start lat/long from invert Outside of slough at entrance; GPS coordinates from invert trawl start"
"495","1928","EM0418B0076",2018-04-11,"Total Phosphorus","0.22","0.01","mg/L as P",NA,"N","N","Lindsey Slough","38.25992",-121.79267,"10:10","Bryte","at breach. used start lat/long from invert At breach; GPS coordinates from invert trawl start"
"496","1928","EM0418B0077",2018-04-11,"Total Phosphorus","0.24","0.01","mg/L as P",NA,"N","N","Lindsey Slough","38.25992",-121.79267,"10:10","Bryte","100 meters from breach. used start lat/long from invert 100m from breach; GPS coordinates from invert trawl start"
"497","1928","EM0418B0078",2018-04-11,"Total Phosphorus","0.24","0.01","mg/L as P",NA,"N","N","Lindsey Slough","38.25992",-121.79267,"10:10","Bryte","outside of slough at entrance. used start lat/long from invert Outside of slough at entrance; GPS coordinates from invert trawl start"
"498","1929","EM0418B0074",2018-04-11,"Dissolved Ammonia","0.05","0.01","mg/L as N",NA,"N","N","Liberty Island","38.24419",-121.68419,"10:45","Bryte","start of trawl"
"499","1929","EM0418B0075",2018-04-11,"Dissolved Ammonia","0.03","0.01","mg/L as N",NA,"N","N","Liberty Island","38.24549",-121.68557,"10:45","Bryte","end of trawl"
"500","1929","EM0418B0073",2018-04-11,"Dissolved Ammonia","0.06","0.01","mg/L as N",NA,"N","N","Liberty Island","38.24419",-121.68419,"10:45","Bryte","outside breach. used start lat/long from invert trawl Outside breach; GPS coordinates from invert trawl start"
"501","1929","EM0418B0075",2018-04-11,"Dissolved Nitrate + Nitrite","0.13","0.01","mg/L as N",NA,"N","N","Liberty Island","38.24549",-121.68557,"10:45","Bryte","end of trawl"
"502","1929","EM0418B0073",2018-04-11,"Dissolved Nitrate + Nitrite","0.17","0.01","mg/L as N",NA,"N","N","Liberty Island","38.24419",-121.68419,"10:45","Bryte","outside breach. used start lat/long from invert trawl Outside breach; GPS coordinates from invert trawl start"
"503","1929","EM0418B0074",2018-04-11,"Dissolved Nitrate + Nitrite","0.17","0.01","mg/L as N",NA,"N","N","Liberty Island","38.24419",-121.68419,"10:45","Bryte","start of trawl"
"504","1929","EM0418B0074",2018-04-11,"Dissolved Organic Nitrogen","0.2","0.1","mg/L as N",NA,"N","N","Liberty Island","38.24419",-121.68419,"10:45","Bryte","start of trawl"
"505","1929","EM0418B0075",2018-04-11,"Dissolved Organic Nitrogen","0.2","0.1","mg/L as N",NA,"N","N","Liberty Island","38.24549",-121.68557,"10:45","Bryte","end of trawl"
"506","1929","EM0418B0073",2018-04-11,"Dissolved Organic Nitrogen","0.2","0.1","mg/L as N",NA,"N","N","Liberty Island","38.24419",-121.68419,"10:45","Bryte","outside breach. used start lat/long from invert trawl Outside breach; GPS coordinates from invert trawl start"
"507","1929","EM0418B0073",2018-04-11,"Dissolved ortho-Phosphate","0.09","0.01","mg/L as P",NA,"N","N","Liberty Island","38.24419",-121.68419,"10:45","Bryte","outside breach. used start lat/long from invert trawl Outside breach; GPS coordinates from invert trawl start"
"508","1929","EM0418B0074",2018-04-11,"Dissolved ortho-Phosphate","0.08","0.01","mg/L as P",NA,"N","N","Liberty Island","38.24419",-121.68419,"10:45","Bryte","start of trawl"
"509","1929","EM0418B0075",2018-04-11,"Dissolved ortho-Phosphate","0.08","0.01","mg/L as P",NA,"N","N","Liberty Island","38.24549",-121.68557,"10:45","Bryte","end of trawl"
"510","1929","EM0418B0075",2018-04-11,"Total Kjeldahl Nitrogen","0.3","0.1","mg/L as N",NA,"N","N","Liberty Island","38.24549",-121.68557,"10:45","Bryte","end of trawl"
"511","1929","EM0418B0073",2018-04-11,"Total Kjeldahl Nitrogen","0.3","0.1","mg/L as N",NA,"N","N","Liberty Island","38.24419",-121.68419,"10:45","Bryte","outside breach. used start lat/long from invert trawl Outside breach; GPS coordinates from invert trawl start"
"512","1929","EM0418B0074",2018-04-11,"Total Kjeldahl Nitrogen","0.2","0.1","mg/L as N",NA,"N","N","Liberty Island","38.24419",-121.68419,"10:45","Bryte","start of trawl"
"513","1929","EM0418B0074",2018-04-11,"Total Phosphorus","0.08","0.01","mg/L as P",NA,"N","N","Liberty Island","38.24419",-121.68419,"10:45","Bryte","start of trawl"
"514","1929","EM0418B0073",2018-04-11,"Total Phosphorus","0.11","0.01","mg/L as P",NA,"N","N","Liberty Island","38.24419",-121.68419,"10:45","Bryte","outside breach. used start lat/long from invert trawl Outside breach; GPS coordinates from invert trawl start"
"515","1929","EM0418B0075",2018-04-11,"Total Phosphorus","0.09","0.01","mg/L as P",NA,"N","N","Liberty Island","38.24549",-121.68557,"10:45","Bryte","end of trawl"
"516","1918","EM0418B0079",2018-04-12,"Chlorophyll a","1.65","0.5","ug/L",NA,"N","N","Grizzly Bay","38.12922",-121.9983,"12:05","Bryte",NA
"517","1918","EM0418B0079",2018-04-12,"Dissolved Ammonia","0.05","0.01","mg/L as N",NA,"N","N","Grizzly Bay","38.12922",-121.9983,"12:05","Bryte",NA
"518","1918","EM0418B0079",2018-04-12,"Dissolved Nitrate + Nitrite","0.28","0.01","mg/L as N",NA,"N","N","Grizzly Bay","38.12922",-121.9983,"12:05","Bryte",NA
"519","1918","EM0418B0079",2018-04-12,"Dissolved Organic Nitrogen","0.5","0.1","mg/L as N",NA,"N","N","Grizzly Bay","38.12922",-121.9983,"12:05","Bryte",NA
"520","1918","EM0418B0079",2018-04-12,"Dissolved ortho-Phosphate","0.06","0.01","mg/L as P",NA,"N","N","Grizzly Bay","38.12922",-121.9983,"12:05","Bryte",NA
"521","1918","EM0418B0079",2018-04-12,"Pheophytin a","3.41","0.5","ug/L",NA,"N","N","Grizzly Bay","38.12922",-121.9983,"12:05","Bryte",NA
"522","1918","EM0418B0079",2018-04-12,"Total Kjeldahl Nitrogen","0.5","0.1","mg/L as N",NA,"N","N","Grizzly Bay","38.12922",-121.9983,"12:05","Bryte",NA
"523","1918","EM0418B0079",2018-04-12,"Total Phosphorus","0.17","0.01","mg/L as P",NA,"N","N","Grizzly Bay","38.12922",-121.9983,"12:05","Bryte",NA
"524","1919","EM0418B0080",2018-04-12,"Dissolved Ammonia","0.05","0.01","mg/L as N",NA,"N","N","Grizzly Bay","38.12551",-121.9947,"12:40","Bryte",NA
"525","1919","EM0418B0080",2018-04-12,"Dissolved Nitrate + Nitrite","0.25","0.01","mg/L as N",NA,"N","N","Grizzly Bay","38.12551",-121.9947,"12:40","Bryte",NA
"526","1919","EM0418B0080",2018-04-12,"Dissolved Organic Nitrogen","0.4","0.1","mg/L as N",NA,"N","N","Grizzly Bay","38.12551",-121.9947,"12:40","Bryte",NA
"527","1919","EM0418B0080",2018-04-12,"Dissolved ortho-Phosphate","0.06","0.01","mg/L as P",NA,"N","N","Grizzly Bay","38.12551",-121.9947,"12:40","Bryte",NA
"528","1919","EM0418B0080",2018-04-12,"Total Kjeldahl Nitrogen","0.6","0.1","mg/L as N",NA,"N","N","Grizzly Bay","38.12551",-121.9947,"12:40","Bryte",NA
"529","1919","EM0418B0080",2018-04-12,"Total Phosphorus","0.17","0.01","mg/L as P",NA,"N","N","Grizzly Bay","38.12551",-121.9947,"12:40","Bryte",NA
"530","1920","EM0418B0082",2018-04-12,"Dissolved Ammonia","0.11","0.01","mg/L as N",NA,"N","N","Wings Landing","38.22626",-122.03646,"13:42","Bryte","mid-trawl. used start of lat/long invert trawl. Mid trawl, at right out of slough; GPS coordinates from invert trawl start"
"531","1920","EM0418B0081",2018-04-12,"Dissolved Ammonia","0.11","0.01","mg/L as N",NA,"N","N","Wings Landing","38.22626",-122.03646,"13:42","Bryte","deepest part At deepest part"
"532","1920","EM0418B0082",2018-04-12,"Dissolved Nitrate + Nitrite","2.12","0.01","mg/L as N",NA,"N","N","Wings Landing","38.22626",-122.03646,"13:42","Bryte","mid-trawl. used start of lat/long invert trawl. Mid trawl, at right out of slough; GPS coordinates from invert trawl start"
"533","1920","EM0418B0081",2018-04-12,"Dissolved Nitrate + Nitrite","2.13","0.01","mg/L as N",NA,"N","N","Wings Landing","38.22626",-122.03646,"13:42","Bryte","deepest part At deepest part"
"534","1920","EM0418B0081",2018-04-12,"Dissolved Organic Nitrogen","1.1","0.1","mg/L as N",NA,"N","N","Wings Landing","38.22626",-122.03646,"13:42","Bryte","deepest part At deepest part"
"535","1920","EM0418B0082",2018-04-12,"Dissolved Organic Nitrogen","1.2","0.1","mg/L as N",NA,"N","N","Wings Landing","38.22626",-122.03646,"13:42","Bryte","mid-trawl. used start of lat/long invert trawl. Mid trawl, at right out of slough; GPS coordinates from invert trawl start"
"536","1920","EM0418B0082",2018-04-12,"Dissolved ortho-Phosphate","0.45","0.01","mg/L as P",NA,"N","N","Wings Landing","38.22626",-122.03646,"13:42","Bryte","mid-trawl. used start of lat/long invert trawl. Mid trawl, at right out of slough; GPS coordinates from invert trawl start"
"537","1920","EM0418B0081",2018-04-12,"Dissolved ortho-Phosphate","0.45","0.01","mg/L as P",NA,"N","N","Wings Landing","38.22626",-122.03646,"13:42","Bryte","deepest part At deepest part"
"538","1920","EM0418B0081",2018-04-12,"Total Kjeldahl Nitrogen","1.3","0.1","mg/L as N",NA,"N","N","Wings Landing","38.22626",-122.03646,"13:42","Bryte","deepest part At deepest part"
"539","1920","EM0418B0082",2018-04-12,"Total Kjeldahl Nitrogen","1.3","0.1","mg/L as N",NA,"N","N","Wings Landing","38.22626",-122.03646,"13:42","Bryte","mid-trawl. used start of lat/long invert trawl. Mid trawl, at right out of slough; GPS coordinates from invert trawl start"
"540","1920","EM0418B0081",2018-04-12,"Total Phosphorus","0.64","0.01","mg/L as P",NA,"N","N","Wings Landing","38.22626",-122.03646,"13:42","Bryte","deepest part At deepest part"
"541","1920","EM0418B0082",2018-04-12,"Total Phosphorus","0.63","0.01","mg/L as P",NA,"N","N","Wings Landing","38.22626",-122.03646,"13:42","Bryte","mid-trawl. used start of lat/long invert trawl. Mid trawl, at right out of slough; GPS coordinates from invert trawl start"
"542","1905","EM0418B0084",2018-04-18,"Chlorophyll a","1.42","0.5","ug/L",NA,"N","N","Dow","38.02312",-121.83355,"07:18","Bryte",NA
"543","1905","EM0418B0084",2018-04-18,"Dissolved Ammonia","0.09","0.01","mg/L as N",NA,"Y","N","Dow","38.02312",-121.83355,"07:18","Bryte",NA
"544","1905","EM0418B0084",2018-04-18,"Dissolved Nitrate + Nitrite","0.21","0.01","mg/L as N",NA,"Y","N","Dow","38.02312",-121.83355,"07:18","Bryte",NA
"545","1905","EM0418B0084",2018-04-18,"Dissolved Organic Nitrogen","0.2","0.1","mg/L as N",NA,"N","N","Dow","38.02312",-121.83355,"07:18","Bryte",NA
"546","1905","EM0418B0084",2018-04-18,"Dissolved ortho-Phosphate","0.06","0.01","mg/L as P",NA,"N","N","Dow","38.02312",-121.83355,"07:18","Bryte",NA
"547","1905","EM0418B0084",2018-04-18,"Pheophytin a","0.73","0.5","ug/L",NA,"N","N","Dow","38.02312",-121.83355,"07:18","Bryte",NA
"548","1905","EM0418B0084",2018-04-18,"Total Kjeldahl Nitrogen","0.4","0.1","mg/L as N",NA,"N","N","Dow","38.02312",-121.83355,"07:18","Bryte",NA
"549","1905","EM0418B0084",2018-04-18,"Total Phosphorus","0.07","0.01","mg/L as P",NA,"N","N","Dow","38.02312",-121.83355,"07:18","Bryte",NA
"550","1911","EM0418B0085",2018-04-18,"Chlorophyll a","1.19","0.5","ug/L",NA,"N","N","Winter Island","38.04633",-121.84732,"12:50","Bryte","inside winter at breach channel during strong ebb. used start of lat/long from invert trawl Used startLatitude and Longiitude from invert trawl. Inside Winter @ breach channel  during strong ebb"
"551","1911","EM0418B0086",2018-04-18,"Dissolved Ammonia","0.08","0.01","mg/L as N",NA,"Y","N","Winter Island","38.04633",-121.84732,"12:50","Bryte","at barge. used start of lat/long from invert trawl Used startLatitude and Longiitude from invert trawl. at barge"
"552","1911","EM0418B0085",2018-04-18,"Dissolved Ammonia","0.05","0.01","mg/L as N",NA,"Y","N","Winter Island","38.04633",-121.84732,"12:50","Bryte","inside winter at breach channel during strong ebb. used start of lat/long from invert trawl Used startLatitude and Longiitude from invert trawl. Inside Winter @ breach channel  during strong ebb"
"553","1911","EM0418B0087",2018-04-18,"Dissolved Ammonia","0.06","0.01","mg/L as N",NA,"Y","N","Winter Island","38.04846",-121.84805,"12:50","Bryte",NA
"554","1911","EM0418B0087",2018-04-18,"Dissolved Nitrate + Nitrite","0.22","0.01","mg/L as N",NA,"Y","N","Winter Island","38.04846",-121.84805,"12:50","Bryte",NA
"555","1911","EM0418B0085",2018-04-18,"Dissolved Nitrate + Nitrite","0.16","0.01","mg/L as N",NA,"Y","N","Winter Island","38.04633",-121.84732,"12:50","Bryte","inside winter at breach channel during strong ebb. used start of lat/long from invert trawl Used startLatitude and Longiitude from invert trawl. Inside Winter @ breach channel  during strong ebb"
"556","1911","EM0418B0086",2018-04-18,"Dissolved Nitrate + Nitrite","0.27","0.01","mg/L as N",NA,"Y","N","Winter Island","38.04633",-121.84732,"12:50","Bryte","at barge. used start of lat/long from invert trawl Used startLatitude and Longiitude from invert trawl. at barge"
"557","1911","EM0418B0087",2018-04-18,"Dissolved Organic Nitrogen","0.2","0.1","mg/L as N",NA,"N","N","Winter Island","38.04846",-121.84805,"12:50","Bryte",NA
"558","1911","EM0418B0086",2018-04-18,"Dissolved Organic Nitrogen","0.2","0.1","mg/L as N",NA,"N","N","Winter Island","38.04633",-121.84732,"12:50","Bryte","at barge. used start of lat/long from invert trawl Used startLatitude and Longiitude from invert trawl. at barge"
"559","1911","EM0418B0085",2018-04-18,"Dissolved Organic Nitrogen","0.1","0.1","mg/L as N",NA,"N","N","Winter Island","38.04633",-121.84732,"12:50","Bryte","inside winter at breach channel during strong ebb. used start of lat/long from invert trawl Used startLatitude and Longiitude from invert trawl. Inside Winter @ breach channel  during strong ebb"
"560","1911","EM0418B0086",2018-04-18,"Dissolved ortho-Phosphate","0.06","0.01","mg/L as P",NA,"N","N","Winter Island","38.04633",-121.84732,"12:50","Bryte","at barge. used start of lat/long from invert trawl Used startLatitude and Longiitude from invert trawl. at barge"
"561","1911","EM0418B0087",2018-04-18,"Dissolved ortho-Phosphate","0.06","0.01","mg/L as P",NA,"N","N","Winter Island","38.04846",-121.84805,"12:50","Bryte",NA
"562","1911","EM0418B0085",2018-04-18,"Dissolved ortho-Phosphate","0.06","0.01","mg/L as P",NA,"N","N","Winter Island","38.04633",-121.84732,"12:50","Bryte","inside winter at breach channel during strong ebb. used start of lat/long from invert trawl Used startLatitude and Longiitude from invert trawl. Inside Winter @ breach channel  during strong ebb"
"563","1911","EM0418B0085",2018-04-18,"Pheophytin a","1.47","0.5","ug/L",NA,"N","N","Winter Island","38.04633",-121.84732,"12:50","Bryte","inside winter at breach channel during strong ebb. used start of lat/long from invert trawl Used startLatitude and Longiitude from invert trawl. Inside Winter @ breach channel  during strong ebb"
"564","1911","EM0418B0085",2018-04-18,"Total Kjeldahl Nitrogen","0.4","0.1","mg/L as N",NA,"N","N","Winter Island","38.04633",-121.84732,"12:50","Bryte","inside winter at breach channel during strong ebb. used start of lat/long from invert trawl Used startLatitude and Longiitude from invert trawl. Inside Winter @ breach channel  during strong ebb"
"565","1911","EM0418B0086",2018-04-18,"Total Kjeldahl Nitrogen","0.3","0.1","mg/L as N",NA,"N","N","Winter Island","38.04633",-121.84732,"12:50","Bryte","at barge. used start of lat/long from invert trawl Used startLatitude and Longiitude from invert trawl. at barge"
"566","1911","EM0418B0087",2018-04-18,"Total Kjeldahl Nitrogen","0.3","0.1","mg/L as N",NA,"N","N","Winter Island","38.04846",-121.84805,"12:50","Bryte",NA
"567","1911","EM0418B0087",2018-04-18,"Total Phosphorus","0.06","0.01","mg/L as P",NA,"N","N","Winter Island","38.04846",-121.84805,"12:50","Bryte",NA
"568","1911","EM0418B0086",2018-04-18,"Total Phosphorus","0.08","0.01","mg/L as P",NA,"N","N","Winter Island","38.04633",-121.84732,"12:50","Bryte","at barge. used start of lat/long from invert trawl Used startLatitude and Longiitude from invert trawl. at barge"
"569","1911","EM0418B0085",2018-04-18,"Total Phosphorus","0.08","0.01","mg/L as P",NA,"N","N","Winter Island","38.04633",-121.84732,"12:50","Bryte","inside winter at breach channel during strong ebb. used start of lat/long from invert trawl Used startLatitude and Longiitude from invert trawl. Inside Winter @ breach channel  during strong ebb"
"570","1932","EM0518B0094",2018-05-07,"Dissolved Ammonia","0.04","0.01","mg/L as N",NA,"N","N","Broad Slough","38.04783",-121.84753,"10:41","Bryte","At breach; GPS coordinates from invert trawl start At breach; GPS coordinates from invert trawl start"
"571","1932","EM0518B0094",2018-05-07,"Dissolved Nitrate + Nitrite","0.3","0.01","mg/L as N",NA,"Y","N","Broad Slough","38.04783",-121.84753,"10:41","Bryte","At breach; GPS coordinates from invert trawl start At breach; GPS coordinates from invert trawl start"
"572","1932","EM0518B0094",2018-05-07,"Dissolved Organic Nitrogen","0.2","0.1","mg/L as N",NA,"N","N","Broad Slough","38.04783",-121.84753,"10:41","Bryte","At breach; GPS coordinates from invert trawl start At breach; GPS coordinates from invert trawl start"
"573","1932","EM0518B0094",2018-05-07,"Dissolved ortho-Phosphate","0.07","0.01","mg/L as P",NA,"N","N","Broad Slough","38.04783",-121.84753,"10:41","Bryte","At breach; GPS coordinates from invert trawl start At breach; GPS coordinates from invert trawl start"
"574","1932","EM0518B0094",2018-05-07,"Total Kjeldahl Nitrogen","0.4","0.1","mg/L as N",NA,"N","N","Broad Slough","38.04783",-121.84753,"10:41","Bryte","At breach; GPS coordinates from invert trawl start At breach; GPS coordinates from invert trawl start"
"575","1932","EM0518B0094",2018-05-07,"Total Phosphorus","0.08","0.01","mg/L as P",NA,"N","N","Broad Slough","38.04783",-121.84753,"10:41","Bryte","At breach; GPS coordinates from invert trawl start At breach; GPS coordinates from invert trawl start"
"576","1932","EM0518B0095",2018-05-07,"Chlorophyll a","2.14","0.5","ug/L",NA,"N","N","Broad Slough","38.04783",-121.84753,"10:46","Bryte",NA
"577","1932","EM0518B0095",2018-05-07,"Dissolved Ammonia","0.06","0.01","mg/L as N",NA,"N","N","Broad Slough","38.04783",-121.84753,"10:46","Bryte",NA
"578","1932","EM0518B0093",2018-05-07,"Dissolved Ammonia","0.02","0.01","mg/L as N",NA,"N","N","Broad Slough","38.04783",-121.84753,"10:46","Bryte","Inside island; GPS coordinates from invert trawl start Inside island; GPS coordinates from invert trawl start"
"579","1932","EM0518B0095",2018-05-07,"Dissolved Nitrate + Nitrite","0.34","0.01","mg/L as N",NA,"Y","N","Broad Slough","38.04783",-121.84753,"10:46","Bryte",NA
"580","1932","EM0518B0093",2018-05-07,"Dissolved Nitrate + Nitrite","0.22","0.01","mg/L as N",NA,"Y","N","Broad Slough","38.04783",-121.84753,"10:46","Bryte","Inside island; GPS coordinates from invert trawl start Inside island; GPS coordinates from invert trawl start"
"581","1932","EM0518B0093",2018-05-07,"Dissolved Organic Nitrogen","0.2","0.1","mg/L as N",NA,"N","N","Broad Slough","38.04783",-121.84753,"10:46","Bryte","Inside island; GPS coordinates from invert trawl start Inside island; GPS coordinates from invert trawl start"
"582","1932","EM0518B0095",2018-05-07,"Dissolved Organic Nitrogen","0.2","0.1","mg/L as N",NA,"N","N","Broad Slough","38.04783",-121.84753,"10:46","Bryte",NA
"583","1932","EM0518B0093",2018-05-07,"Dissolved ortho-Phosphate","0.07","0.01","mg/L as P",NA,"N","N","Broad Slough","38.04783",-121.84753,"10:46","Bryte","Inside island; GPS coordinates from invert trawl start Inside island; GPS coordinates from invert trawl start"
"584","1932","EM0518B0095",2018-05-07,"Dissolved ortho-Phosphate","0.07","0.01","mg/L as P",NA,"N","N","Broad Slough","38.04783",-121.84753,"10:46","Bryte",NA
"585","1932","EM0518B0095",2018-05-07,"Pheophytin a","0.75","0.5","ug/L",NA,"N","N","Broad Slough","38.04783",-121.84753,"10:46","Bryte",NA
"586","1932","EM0518B0093",2018-05-07,"Total Kjeldahl Nitrogen","0.2","0.1","mg/L as N",NA,"N","N","Broad Slough","38.04783",-121.84753,"10:46","Bryte","Inside island; GPS coordinates from invert trawl start Inside island; GPS coordinates from invert trawl start"
"587","1932","EM0518B0095",2018-05-07,"Total Kjeldahl Nitrogen","0.3","0.1","mg/L as N",NA,"N","N","Broad Slough","38.04783",-121.84753,"10:46","Bryte",NA
"588","1932","EM0518B0093",2018-05-07,"Total Phosphorus","0.08","0.01","mg/L as P",NA,"N","N","Broad Slough","38.04783",-121.84753,"10:46","Bryte","Inside island; GPS coordinates from invert trawl start Inside island; GPS coordinates from invert trawl start"
"589","1932","EM0518B0095",2018-05-07,"Total Phosphorus","0.08","0.01","mg/L as P",NA,"N","N","Broad Slough","38.04783",-121.84753,"10:46","Bryte",NA
"590","1933","EM0518B0110",2018-05-09,"Dissolved Ammonia","0.03","0.01","mg/L as N",NA,"N","N","Lindsey Slough","38.25998",-121.79225,"08:25","Bryte","Lindsey breach Lindsey breach"
"591","1933","EM0518B0110",2018-05-09,"Dissolved Nitrate + Nitrite","0.05","0.01","mg/L as N",NA,"Y","N","Lindsey Slough","38.25998",-121.79225,"08:25","Bryte","Lindsey breach Lindsey breach"
"592","1933","EM0518B0110",2018-05-09,"Dissolved Organic Nitrogen","0.4","0.1","mg/L as N",NA,"N","N","Lindsey Slough","38.25998",-121.79225,"08:25","Bryte","Lindsey breach Lindsey breach"
"593","1933","EM0518B0110",2018-05-09,"Dissolved ortho-Phosphate","0.23","0.01","mg/L as P",NA,"N","N","Lindsey Slough","38.25998",-121.79225,"08:25","Bryte","Lindsey breach Lindsey breach"
"594","1933","EM0518B0110",2018-05-09,"Total Kjeldahl Nitrogen","0.5","0.1","mg/L as N",NA,"N","N","Lindsey Slough","38.25998",-121.79225,"08:25","Bryte","Lindsey breach Lindsey breach"
"595","1933","EM0518B0110",2018-05-09,"Total Phosphorus","0.26","0.01","mg/L as P",NA,"N","N","Lindsey Slough","38.25998",-121.79225,"08:25","Bryte","Lindsey breach Lindsey breach"
"596","1933","EM0518B0111",2018-05-09,"Dissolved Ammonia","0.03","0.01","mg/L as N",NA,"N","N","Lindsey Slough","38.26004",-121.78933,"08:35","Bryte","Lindsey outside Lindsey outside"
"597","1933","EM0518B0111",2018-05-09,"Dissolved Nitrate + Nitrite","0.04","0.01","mg/L as N",NA,"Y","N","Lindsey Slough","38.26004",-121.78933,"08:35","Bryte","Lindsey outside Lindsey outside"
"598","1933","EM0518B0111",2018-05-09,"Dissolved Organic Nitrogen","0.4","0.1","mg/L as N",NA,"N","N","Lindsey Slough","38.26004",-121.78933,"08:35","Bryte","Lindsey outside Lindsey outside"
"599","1933","EM0518B0111",2018-05-09,"Dissolved ortho-Phosphate","0.27","0.01","mg/L as P",NA,"N","N","Lindsey Slough","38.26004",-121.78933,"08:35","Bryte","Lindsey outside Lindsey outside"
"600","1933","EM0518B0111",2018-05-09,"Total Kjeldahl Nitrogen","0.5","0.1","mg/L as N",NA,"N","N","Lindsey Slough","38.26004",-121.78933,"08:35","Bryte","Lindsey outside Lindsey outside"
"601","1933","EM0518B0111",2018-05-09,"Total Phosphorus","0.29","0.01","mg/L as P",NA,"N","N","Lindsey Slough","38.26004",-121.78933,"08:35","Bryte","Lindsey outside Lindsey outside"
"602","1934","EM0518B0107",2018-05-09,"Dissolved Ammonia","0.2","0.01","mg/L as N",NA,"N","N","Liberty Island","38.2443",-121.68392,"09:01","Bryte","Liberty breach Liberty breach"
"603","1934","EM0518B0107",2018-05-09,"Dissolved Nitrate + Nitrite","0.17","0.01","mg/L as N",NA,"Y","N","Liberty Island","38.2443",-121.68392,"09:01","Bryte","Liberty breach Liberty breach"
"604","1934","EM0518B0107",2018-05-09,"Dissolved Organic Nitrogen","0.2","0.1","mg/L as N",NA,"N","N","Liberty Island","38.2443",-121.68392,"09:01","Bryte","Liberty breach Liberty breach"
"605","1934","EM0518B0107",2018-05-09,"Dissolved ortho-Phosphate","0.08","0.01","mg/L as P",NA,"N","N","Liberty Island","38.2443",-121.68392,"09:01","Bryte","Liberty breach Liberty breach"
"606","1934","EM0518B0107",2018-05-09,"Total Kjeldahl Nitrogen","0.4","0.1","mg/L as N",NA,"N","N","Liberty Island","38.2443",-121.68392,"09:01","Bryte","Liberty breach Liberty breach"
"607","1934","EM0518B0107",2018-05-09,"Total Phosphorus","0.08","0.01","mg/L as P",NA,"N","N","Liberty Island","38.2443",-121.68392,"09:01","Bryte","Liberty breach Liberty breach"
"608","1934","EM0518B0108",2018-05-09,"Dissolved Ammonia","0.04","0.01","mg/L as N",NA,"N","N","Liberty Island","38.25285",-121.68608,"09:10","Bryte","Liberty inside Liberty inside"
"609","1934","EM0518B0108",2018-05-09,"Dissolved Nitrate + Nitrite","0.12","0.01","mg/L as N",NA,"Y","N","Liberty Island","38.25285",-121.68608,"09:10","Bryte","Liberty inside Liberty inside"
"610","1934","EM0518B0108",2018-05-09,"Dissolved Organic Nitrogen","0.1","0.1","mg/L as N",NA,"N","N","Liberty Island","38.25285",-121.68608,"09:10","Bryte","Liberty inside Liberty inside"
"611","1934","EM0518B0108",2018-05-09,"Dissolved ortho-Phosphate","0.06","0.01","mg/L as P",NA,"N","N","Liberty Island","38.25285",-121.68608,"09:10","Bryte","Liberty inside Liberty inside"
"612","1934","EM0518B0108",2018-05-09,"Total Kjeldahl Nitrogen","0.2","0.1","mg/L as N",NA,"N","N","Liberty Island","38.25285",-121.68608,"09:10","Bryte","Liberty inside Liberty inside"
"613","1934","EM0518B0108",2018-05-09,"Total Phosphorus","0.07","0.01","mg/L as P",NA,"N","N","Liberty Island","38.25285",-121.68608,"09:10","Bryte","Liberty inside Liberty inside"
"614","1934","EM0518B0109",2018-05-09,"Dissolved Ammonia","0.16","0.01","mg/L as N",NA,"N","N","Liberty Island","38.24083",-121.68552,"09:20","Bryte","Outside Outside"
"615","1934","EM0518B0109",2018-05-09,"Dissolved Nitrate + Nitrite","0.16","0.01","mg/L as N",NA,"Y","N","Liberty Island","38.24083",-121.68552,"09:20","Bryte","Outside Outside"
"616","1934","EM0518B0109",2018-05-09,"Dissolved Organic Nitrogen","0.1","0.1","mg/L as N",NA,"N","N","Liberty Island","38.24083",-121.68552,"09:20","Bryte","Outside Outside"
"617","1934","EM0518B0109",2018-05-09,"Dissolved ortho-Phosphate","0.08","0.01","mg/L as P",NA,"N","N","Liberty Island","38.24083",-121.68552,"09:20","Bryte","Outside Outside"
"618","1934","EM0518B0109",2018-05-09,"Total Kjeldahl Nitrogen","0.4","0.1","mg/L as N",NA,"N","N","Liberty Island","38.24083",-121.68552,"09:20","Bryte","Outside Outside"
"619","1934","EM0518B0109",2018-05-09,"Total Phosphorus","0.09","0.01","mg/L as P",NA,"N","N","Liberty Island","38.24083",-121.68552,"09:20","Bryte","Outside Outside"
"620","1935","EM0518B0104",2018-05-09,"Chlorophyll a","1.46","0.5","ug/L",NA,"N","N","Prospect Island","38.24505",-121.66349,"09:45","Bryte","Prospect inside Prospect inside"
"621","1935","EM0518B0104",2018-05-09,"Dissolved Ammonia","0.02","0.01","mg/L as N",NA,"N","N","Prospect Island","38.24505",-121.66349,"09:45","Bryte","Prospect inside Prospect inside"
"622","1935","EM0518B0104",2018-05-09,"Dissolved Nitrate + Nitrite","0.02","0.01","mg/L as N",NA,"Y","N","Prospect Island","38.24505",-121.66349,"09:45","Bryte","Prospect inside Prospect inside"
"623","1935","EM0518B0104",2018-05-09,"Dissolved Organic Nitrogen","0.1","0.1","mg/L as N",NA,"N","N","Prospect Island","38.24505",-121.66349,"09:45","Bryte","Prospect inside Prospect inside"
"624","1935","EM0518B0104",2018-05-09,"Dissolved ortho-Phosphate","0.02","0.01","mg/L as P",NA,"N","N","Prospect Island","38.24505",-121.66349,"09:45","Bryte","Prospect inside Prospect inside"
"625","1935","EM0518B0104",2018-05-09,"Pheophytin a","1.07","0.5","ug/L",NA,"N","N","Prospect Island","38.24505",-121.66349,"09:45","Bryte","Prospect inside Prospect inside"
"626","1935","EM0518B0104",2018-05-09,"Total Kjeldahl Nitrogen","0.2","0.1","mg/L as N",NA,"N","N","Prospect Island","38.24505",-121.66349,"09:45","Bryte","Prospect inside Prospect inside"
"627","1935","EM0518B0104",2018-05-09,"Total Phosphorus","0.04","0.01","mg/L as P",NA,"N","N","Prospect Island","38.24505",-121.66349,"09:45","Bryte","Prospect inside Prospect inside"
"628","1935","EM0518B0105",2018-05-09,"Dissolved Ammonia","0.24","0.01","mg/L as N",NA,"N","N","Prospect Island","38.24495",-121.66325,"09:50","Bryte","Prospect breach; GPS coordinates from invert trawl start Prospect breach; GPS coordinates from invert trawl start"
"629","1935","EM0518B0105",2018-05-09,"Dissolved Nitrate + Nitrite","0.13","0.01","mg/L as N",NA,"Y","N","Prospect Island","38.24495",-121.66325,"09:50","Bryte","Prospect breach; GPS coordinates from invert trawl start Prospect breach; GPS coordinates from invert trawl start"
"630","1935","EM0518B0105",2018-05-09,"Dissolved Organic Nitrogen","0.1","0.1","mg/L as N",NA,"N","N","Prospect Island","38.24495",-121.66325,"09:50","Bryte","Prospect breach; GPS coordinates from invert trawl start Prospect breach; GPS coordinates from invert trawl start"
"631","1935","EM0518B0105",2018-05-09,"Dissolved ortho-Phosphate","0.04","0.01","mg/L as P",NA,"N","N","Prospect Island","38.24495",-121.66325,"09:50","Bryte","Prospect breach; GPS coordinates from invert trawl start Prospect breach; GPS coordinates from invert trawl start"
"632","1935","EM0518B0105",2018-05-09,"Total Kjeldahl Nitrogen","0.5","0.1","mg/L as N",NA,"N","N","Prospect Island","38.24495",-121.66325,"09:50","Bryte","Prospect breach; GPS coordinates from invert trawl start Prospect breach; GPS coordinates from invert trawl start"
"633","1935","EM0518B0105",2018-05-09,"Total Phosphorus","0.07","0.01","mg/L as P",NA,"N","N","Prospect Island","38.24495",-121.66325,"09:50","Bryte","Prospect breach; GPS coordinates from invert trawl start Prospect breach; GPS coordinates from invert trawl start"
"634","1935","EM0518B0106",2018-05-09,"Dissolved Ammonia","0.41","0.01","mg/L as N",NA,"N","N","Prospect Island","38.2409",-121.66501,"10:00","Bryte","Prospect outside Prospect outside"
"635","1935","EM0518B0106",2018-05-09,"Dissolved Nitrate + Nitrite","0.17","0.01","mg/L as N",NA,"Y","N","Prospect Island","38.2409",-121.66501,"10:00","Bryte","Prospect outside Prospect outside"
"636","1935","EM0518B0106",2018-05-09,"Dissolved Organic Nitrogen","0.2","0.1","mg/L as N",NA,"N","N","Prospect Island","38.2409",-121.66501,"10:00","Bryte","Prospect outside Prospect outside"
"637","1935","EM0518B0106",2018-05-09,"Dissolved ortho-Phosphate","0.06","0.01","mg/L as P",NA,"N","N","Prospect Island","38.2409",-121.66501,"10:00","Bryte","Prospect outside Prospect outside"
"638","1935","EM0518B0106",2018-05-09,"Total Kjeldahl Nitrogen","0.6","0.1","mg/L as N",NA,"N","N","Prospect Island","38.2409",-121.66501,"10:00","Bryte","Prospect outside Prospect outside"
"639","1935","EM0518B0106",2018-05-09,"Total Phosphorus","0.07","0.01","mg/L as P",NA,"N","N","Prospect Island","38.2409",-121.66501,"10:00","Bryte","Prospect outside Prospect outside"
"640","1939","EM0518B0098",2018-05-10,"Dissolved Ammonia","0.07","0.01","mg/L as N",NA,"N","N","Blacklock Marsh","38.18071",-121.91203,"08:30","Bryte","at breach at breach"
"641","1939","EM0518B0098",2018-05-10,"Dissolved Nitrate + Nitrite","0.39","0.01","mg/L as N",NA,"Y","N","Blacklock Marsh","38.18071",-121.91203,"08:30","Bryte","at breach at breach"
"642","1939","EM0518B0098",2018-05-10,"Dissolved Organic Nitrogen","0.6","0.1","mg/L as N",NA,"N","N","Blacklock Marsh","38.18071",-121.91203,"08:30","Bryte","at breach at breach"
"643","1939","EM0518B0098",2018-05-10,"Dissolved ortho-Phosphate","0.05","0.01","mg/L as P",NA,"N","N","Blacklock Marsh","38.18071",-121.91203,"08:30","Bryte","at breach at breach"
"644","1939","EM0518B0098",2018-05-10,"Total Kjeldahl Nitrogen","1","0.1","mg/L as N",NA,"N","N","Blacklock Marsh","38.18071",-121.91203,"08:30","Bryte","at breach at breach"
"645","1939","EM0518B0098",2018-05-10,"Total Phosphorus","0.13","0.01","mg/L as P",NA,"N","N","Blacklock Marsh","38.18071",-121.91203,"08:30","Bryte","at breach at breach"
"646","1939","EM0518B0097",2018-05-10,"Chlorophyll a","3.6","0.5","ug/L",NA,"N","N","Blacklock Marsh","38.1807",-121.90891,"08:36","Bryte",NA
"647","1939","EM0518B0097",2018-05-10,"Dissolved Ammonia","0.05","0.01","mg/L as N",NA,"N","N","Blacklock Marsh","38.1807",-121.90891,"08:36","Bryte",NA
"648","1939","EM0518B0097",2018-05-10,"Dissolved Nitrate + Nitrite","0.23","0.01","mg/L as N",NA,"Y","N","Blacklock Marsh","38.1807",-121.90891,"08:36","Bryte",NA
"649","1939","EM0518B0097",2018-05-10,"Dissolved Organic Nitrogen","0.5","0.1","mg/L as N",NA,"N","N","Blacklock Marsh","38.1807",-121.90891,"08:36","Bryte",NA
"650","1939","EM0518B0097",2018-05-10,"Dissolved ortho-Phosphate","0.04","0.01","mg/L as P",NA,"N","N","Blacklock Marsh","38.1807",-121.90891,"08:36","Bryte",NA
"651","1939","EM0518B0097",2018-05-10,"Pheophytin a","3.87","0.5","ug/L",NA,"N","N","Blacklock Marsh","38.1807",-121.90891,"08:36","Bryte",NA
"652","1939","EM0518B0097",2018-05-10,"Total Kjeldahl Nitrogen","0.8","0.1","mg/L as N",NA,"N","N","Blacklock Marsh","38.1807",-121.90891,"08:36","Bryte",NA
"653","1939","EM0518B0097",2018-05-10,"Total Phosphorus","0.14","0.01","mg/L as P",NA,"N","N","Blacklock Marsh","38.1807",-121.90891,"08:36","Bryte",NA
"654","1939","EM0518B0099",2018-05-10,"Dissolved Ammonia","0.07","0.01","mg/L as N",NA,"N","N","Blacklock Marsh","38.17997",-121.91379,"08:40","Bryte","outside in LHB outside in LHB"
"655","1939","EM0518B0099",2018-05-10,"Dissolved Nitrate + Nitrite","0.39","0.01","mg/L as N",NA,"Y","N","Blacklock Marsh","38.17997",-121.91379,"08:40","Bryte","outside in LHB outside in LHB"
"656","1939","EM0518B0099",2018-05-10,"Dissolved Organic Nitrogen","0.5","0.1","mg/L as N",NA,"N","N","Blacklock Marsh","38.17997",-121.91379,"08:40","Bryte","outside in LHB outside in LHB"
"657","1939","EM0518B0099",2018-05-10,"Dissolved ortho-Phosphate","0.04","0.01","mg/L as P",NA,"N","N","Blacklock Marsh","38.17997",-121.91379,"08:40","Bryte","outside in LHB outside in LHB"
"658","1939","EM0518B0099",2018-05-10,"Total Kjeldahl Nitrogen","0.9","0.1","mg/L as N",NA,"N","N","Blacklock Marsh","38.17997",-121.91379,"08:40","Bryte","outside in LHB outside in LHB"
"659","1939","EM0518B0099",2018-05-10,"Total Phosphorus","0.12","0.01","mg/L as P",NA,"N","N","Blacklock Marsh","38.17997",-121.91379,"08:40","Bryte","outside in LHB outside in LHB"
"660","1940","EM0518B0091",2018-05-10,"Chlorophyll a","1.47","0.5","ug/L",NA,"N","Y","Decker Island","38.08421",-121.7239,"12:45","Bryte",NA
"661","1940","EM0518B0091",2018-05-10,"Dissolved Ammonia","0.04","0.01","mg/L as N",NA,"N","N","Decker Island","38.08421",-121.7239,"12:45","Bryte",NA
"662","1940","EM0518B0091",2018-05-10,"Dissolved Nitrate + Nitrite","0.16","0.01","mg/L as N",NA,"Y","N","Decker Island","38.08421",-121.7239,"12:45","Bryte",NA
"663","1940","EM0518B0091",2018-05-10,"Dissolved Organic Nitrogen","0.2","0.1","mg/L as N",NA,"N","N","Decker Island","38.08421",-121.7239,"12:45","Bryte",NA
"664","1940","EM0518B0091",2018-05-10,"Dissolved ortho-Phosphate","0.04","0.01","mg/L as P",NA,"N","N","Decker Island","38.08421",-121.7239,"12:45","Bryte",NA
"665","1940","EM0518B0091",2018-05-10,"Pheophytin a","0.94","0.5","ug/L",NA,"N","N","Decker Island","38.08421",-121.7239,"12:45","Bryte",NA
"666","1940","EM0518B0091",2018-05-10,"Total Kjeldahl Nitrogen","0.4","0.1","mg/L as N",NA,"N","N","Decker Island","38.08421",-121.7239,"12:45","Bryte",NA
"667","1940","EM0518B0091",2018-05-10,"Total Phosphorus","0.06","0.01","mg/L as P",NA,"N","N","Decker Island","38.08421",-121.7239,"12:45","Bryte",NA
"668","1938","EM0518B0102",2018-05-10,"Chlorophyll a","2.04","0.5","ug/L",NA,"N","N","Webb Tract Islands and Berms","38.09471",-121.59035,"13:34","Bryte","used trawl start GPS"
"669","1938","EM0518B0102",2018-05-10,"Dissolved Ammonia","0.04","0.01","mg/L as N",NA,"N","N","Webb Tract Islands and Berms","38.09471",-121.59035,"13:34","Bryte","used trawl start GPS"
"670","1938","EM0518B0102",2018-05-10,"Dissolved Nitrate + Nitrite","0.29","0.01","mg/L as N",NA,"Y","N","Webb Tract Islands and Berms","38.09471",-121.59035,"13:34","Bryte","used trawl start GPS"
"671","1938","EM0518B0102",2018-05-10,"Dissolved Organic Nitrogen","0.3","0.1","mg/L as N",NA,"N","N","Webb Tract Islands and Berms","38.09471",-121.59035,"13:34","Bryte","used trawl start GPS"
"672","1938","EM0518B0102",2018-05-10,"Dissolved ortho-Phosphate","0.07","0.01","mg/L as P",NA,"N","N","Webb Tract Islands and Berms","38.09471",-121.59035,"13:34","Bryte","used trawl start GPS"
"673","1938","EM0518B0102",2018-05-10,"Pheophytin a","0.76","0.5","ug/L",NA,"N","N","Webb Tract Islands and Berms","38.09471",-121.59035,"13:34","Bryte","used trawl start GPS"
"674","1938","EM0518B0102",2018-05-10,"Total Kjeldahl Nitrogen","0.5","0.1","mg/L as N",NA,"N","N","Webb Tract Islands and Berms","38.09471",-121.59035,"13:34","Bryte","used trawl start GPS"
"675","1938","EM0518B0102",2018-05-10,"Total Phosphorus","0.08","0.01","mg/L as P",NA,"N","N","Webb Tract Islands and Berms","38.09471",-121.59035,"13:34","Bryte","used trawl start GPS"
"676","1941","EM0518B0089",2018-05-10,"Dissolved Ammonia","0.11","0.01","mg/L as N",NA,"N","N","Horseshoe Bend","38.08276",-121.72638,"14:04","Bryte",NA
"677","1941","EM0518B0089",2018-05-10,"Dissolved Nitrate + Nitrite","0.28","0.01","mg/L as N",NA,"Y","N","Horseshoe Bend","38.08276",-121.72638,"14:04","Bryte",NA
"678","1941","EM0518B0089",2018-05-10,"Dissolved Organic Nitrogen","0.2","0.1","mg/L as N",NA,"N","N","Horseshoe Bend","38.08276",-121.72638,"14:04","Bryte",NA
"679","1941","EM0518B0089",2018-05-10,"Dissolved ortho-Phosphate","0.06","0.01","mg/L as P",NA,"N","N","Horseshoe Bend","38.08276",-121.72638,"14:04","Bryte",NA
"680","1941","EM0518B0089",2018-05-10,"Total Kjeldahl Nitrogen","0.4","0.1","mg/L as N",NA,"N","N","Horseshoe Bend","38.08276",-121.72638,"14:04","Bryte",NA
"681","1941","EM0518B0089",2018-05-10,"Total Phosphorus","0.06","0.01","mg/L as P",NA,"N","N","Horseshoe Bend","38.08276",-121.72638,"14:04","Bryte",NA
"682","1942","EM0518B0090",2018-05-10,"Dissolved Ammonia","0.04","0.01","mg/L as N",NA,"N","N","Decker Island","38.084184",-121.72381,"14:45","Bryte",NA
"683","1942","EM0518B0090",2018-05-10,"Dissolved Nitrate + Nitrite","0.12","0.01","mg/L as N",NA,"Y","N","Decker Island","38.084184",-121.72381,"14:45","Bryte",NA
"684","1942","EM0518B0090",2018-05-10,"Dissolved Organic Nitrogen","0.2","0.1","mg/L as N",NA,"N","N","Decker Island","38.084184",-121.72381,"14:45","Bryte",NA
"685","1942","EM0518B0090",2018-05-10,"Dissolved ortho-Phosphate","0.04","0.01","mg/L as P",NA,"N","N","Decker Island","38.084184",-121.72381,"14:45","Bryte",NA
"686","1942","EM0518B0090",2018-05-10,"Total Kjeldahl Nitrogen","0.4","0.1","mg/L as N",NA,"N","N","Decker Island","38.084184",-121.72381,"14:45","Bryte",NA
"687","1942","EM0518B0090",2018-05-10,"Total Phosphorus","0.07","0.01","mg/L as P",NA,"N","N","Decker Island","38.084184",-121.72381,"14:45","Bryte",NA
"688","1936","EM0518B0113",2018-05-11,"Chlorophyll a","27.8","0.5","ug/L",NA,"N","N","Grizzly Bay","38.11831",-121.99002,"14:25","Bryte",NA
"689","1936","EM0518B0113",2018-05-11,"Dissolved Ammonia","0.02","0.01","mg/L as N",NA,"N","N","Grizzly Bay","38.11831",-121.99002,"14:25","Bryte",NA
"690","1936","EM0518B0113",2018-05-11,"Dissolved Nitrate + Nitrite","0.22","0.01","mg/L as N",NA,"Y","N","Grizzly Bay","38.11831",-121.99002,"14:25","Bryte",NA
"691","1936","EM0518B0113",2018-05-11,"Dissolved Organic Nitrogen","0.2","0.1","mg/L as N",NA,"N","N","Grizzly Bay","38.11831",-121.99002,"14:25","Bryte",NA
"692","1936","EM0518B0113",2018-05-11,"Dissolved ortho-Phosphate","0.07","0.01","mg/L as P",NA,"N","N","Grizzly Bay","38.11831",-121.99002,"14:25","Bryte",NA
"693","1936","EM0518B0113",2018-05-11,"Pheophytin a","1.46","0.5","ug/L",NA,"N","N","Grizzly Bay","38.11831",-121.99002,"14:25","Bryte",NA
"694","1936","EM0518B0113",2018-05-11,"Total Kjeldahl Nitrogen","0.5","0.1","mg/L as N",NA,"N","N","Grizzly Bay","38.11831",-121.99002,"14:25","Bryte",NA
"695","1936","EM0518B0113",2018-05-11,"Total Phosphorus","0.14","0.01","mg/L as P",NA,"N","N","Grizzly Bay","38.11831",-121.99002,"14:25","Bryte",NA
"696","1936","EM0518B0114",2018-05-11,"Dissolved Ammonia","0.01","0.01","mg/L as N",NA,"N","N","Grizzly Bay","38.11941",-121.99088,"14:30","Bryte",NA
"697","1936","EM0518B0114",2018-05-11,"Dissolved Nitrate + Nitrite","0.26","0.01","mg/L as N",NA,"Y","N","Grizzly Bay","38.11941",-121.99088,"14:30","Bryte",NA
"698","1936","EM0518B0114",2018-05-11,"Dissolved Organic Nitrogen","0.2","0.1","mg/L as N",NA,"N","N","Grizzly Bay","38.11941",-121.99088,"14:30","Bryte",NA
"699","1936","EM0518B0114",2018-05-11,"Dissolved ortho-Phosphate","0.08","0.01","mg/L as P",NA,"N","N","Grizzly Bay","38.11941",-121.99088,"14:30","Bryte",NA
"700","1936","EM0518B0114",2018-05-11,"Total Kjeldahl Nitrogen","0.4","0.1","mg/L as N",NA,"N","N","Grizzly Bay","38.11941",-121.99088,"14:30","Bryte",NA
"701","1936","EM0518B0114",2018-05-11,"Total Phosphorus","0.13","0.01","mg/L as P",NA,"N","N","Grizzly Bay","38.11941",-121.99088,"14:30","Bryte",NA
"702","1937","EM0518B0117",2018-05-11,"Dissolved Ammonia","0.07","0.01","mg/L as N",NA,"N","N","Wings Landing","38.22576",-121.03652,"15:41","Bryte",NA
"703","1937","EM0518B0117",2018-05-11,"Dissolved Nitrate + Nitrite","1.98","0.01","mg/L as N",NA,"Y","N","Wings Landing","38.22576",-121.03652,"15:41","Bryte",NA
"704","1937","EM0518B0117",2018-05-11,"Dissolved Organic Nitrogen","1.1","0.1","mg/L as N",NA,"N","N","Wings Landing","38.22576",-121.03652,"15:41","Bryte",NA
"705","1937","EM0518B0117",2018-05-11,"Dissolved ortho-Phosphate","0.59","0.01","mg/L as P",NA,"N","N","Wings Landing","38.22576",-121.03652,"15:41","Bryte",NA
"706","1937","EM0518B0117",2018-05-11,"Total Kjeldahl Nitrogen","1.4","0.1","mg/L as N",NA,"N","N","Wings Landing","38.22576",-121.03652,"15:41","Bryte",NA
"707","1937","EM0518B0117",2018-05-11,"Total Phosphorus","0.68","0.01","mg/L as P",NA,"N","N","Wings Landing","38.22576",-121.03652,"15:41","Bryte",NA
"708","1937","EM0518B0115",2018-05-11,"Dissolved Ammonia","0.05","0.01","mg/L as N",NA,"N","N","Wings Landing","38.22506",-122.04241,"15:50","Bryte","inside site inside site"
"709","1937","EM0518B0115",2018-05-11,"Dissolved Nitrate + Nitrite","1.74","0.01","mg/L as N",NA,"Y","N","Wings Landing","38.22506",-122.04241,"15:50","Bryte","inside site inside site"
"710","1937","EM0518B0115",2018-05-11,"Dissolved Organic Nitrogen","1.1","0.1","mg/L as N",NA,"N","N","Wings Landing","38.22506",-122.04241,"15:50","Bryte","inside site inside site"
"711","1937","EM0518B0115",2018-05-11,"Dissolved ortho-Phosphate","0.56","0.01","mg/L as P",NA,"N","N","Wings Landing","38.22506",-122.04241,"15:50","Bryte","inside site inside site"
"712","1937","EM0518B0115",2018-05-11,"Total Kjeldahl Nitrogen","1.4","0.1","mg/L as N",NA,"N","N","Wings Landing","38.22506",-122.04241,"15:50","Bryte","inside site inside site"
"713","1937","EM0518B0115",2018-05-11,"Total Phosphorus","0.75","0.01","mg/L as P",NA,"N","N","Wings Landing","38.22506",-122.04241,"15:50","Bryte","inside site inside site"
"714","1937","EM0518B0116",2018-05-11,"Dissolved Ammonia","0.09","0.01","mg/L as N",NA,"N","N","Wings Landing","38.22576",-121.03652,"15:55","Bryte","at breach (but not breached) ; GPS coordinates from invert trawl start at breach (but not breached) ; GPS coordinates from invert trawl start"
"715","1937","EM0518B0116",2018-05-11,"Dissolved Nitrate + Nitrite","1.91","0.05","mg/L as N",NA,"Y","N","Wings Landing","38.22576",-121.03652,"15:55","Bryte","at breach (but not breached) ; GPS coordinates from invert trawl start at breach (but not breached) ; GPS coordinates from invert trawl start"
"716","1937","EM0518B0116",2018-05-11,"Dissolved Organic Nitrogen","1","0.1","mg/L as N",NA,"N","N","Wings Landing","38.22576",-121.03652,"15:55","Bryte","at breach (but not breached) ; GPS coordinates from invert trawl start at breach (but not breached) ; GPS coordinates from invert trawl start"
"717","1937","EM0518B0116",2018-05-11,"Dissolved ortho-Phosphate","0.77","0.01","mg/L as P",NA,"N","N","Wings Landing","38.22576",-121.03652,"15:55","Bryte","at breach (but not breached) ; GPS coordinates from invert trawl start at breach (but not breached) ; GPS coordinates from invert trawl start"
"718","1937","EM0518B0116",2018-05-11,"Total Kjeldahl Nitrogen","1.4","0.1","mg/L as N",NA,"N","N","Wings Landing","38.22576",-121.03652,"15:55","Bryte","at breach (but not breached) ; GPS coordinates from invert trawl start at breach (but not breached) ; GPS coordinates from invert trawl start"
"719","1937","EM0518B0116",2018-05-11,"Total Phosphorus","0.92","0.01","mg/L as P",NA,"N","N","Wings Landing","38.22576",-121.03652,"15:55","Bryte","at breach (but not breached) ; GPS coordinates from invert trawl start at breach (but not breached) ; GPS coordinates from invert trawl start"
"720","1960","EM0618B0123",2018-06-04,"Chlorophyll a","1.49","0.5","ug/L",NA,"N","N","Winter Island","38.05366",-121.85478,"10:00","Bryte","inside inside"
"721","1960","EM0618B0123",2018-06-04,"Dissolved Ammonia","0.03","0.01","mg/L as N",NA,"N","N","Winter Island","38.05366",-121.85478,"10:00","Bryte","inside inside"
"722","1960","EM0618B0123",2018-06-04,"Dissolved Nitrate + Nitrite","0.09","0.01","mg/L as N",NA,"Y","N","Winter Island","38.05366",-121.85478,"10:00","Bryte","inside inside"
"723","1960","EM0618B0123",2018-06-04,"Dissolved Organic Nitrogen","0.2","0.1","mg/L as N",NA,"N","N","Winter Island","38.05366",-121.85478,"10:00","Bryte","inside inside"
"724","1960","EM0618B0123",2018-06-04,"Dissolved ortho-Phosphate","0.12","0.01","mg/L as P",NA,"N","N","Winter Island","38.05366",-121.85478,"10:00","Bryte","inside inside"
"725","1960","EM0618B0123",2018-06-04,"Pheophytin a","1.42","0.5","ug/L",NA,"N","N","Winter Island","38.05366",-121.85478,"10:00","Bryte","inside inside"
"726","1960","EM0618B0123",2018-06-04,"Total Kjeldahl Nitrogen","0.5","0.1","mg/L as N",NA,"N","N","Winter Island","38.05366",-121.85478,"10:00","Bryte","inside inside"
"727","1960","EM0618B0123",2018-06-04,"Total Phosphorus","0.14","0.01","mg/L as P",NA,"N","N","Winter Island","38.05366",-121.85478,"10:00","Bryte","inside inside"
"728","1958","EM0618B0124",2018-06-04,"Dissolved Ammonia","0.03","0.01","mg/L as N",NA,"N","N","Winter Island","38.04679",-121.8476,"10:30","Bryte","breach breach"
"729","1958","EM0618B0124",2018-06-04,"Dissolved Nitrate + Nitrite","0.35","0.01","mg/L as N",NA,"Y","N","Winter Island","38.04679",-121.8476,"10:30","Bryte","breach breach"
"730","1958","EM0618B0124",2018-06-04,"Dissolved Organic Nitrogen","0.2","0.1","mg/L as N",NA,"N","N","Winter Island","38.04679",-121.8476,"10:30","Bryte","breach breach"
"731","1958","EM0618B0124",2018-06-04,"Dissolved ortho-Phosphate","0.08","0.01","mg/L as P",NA,"N","N","Winter Island","38.04679",-121.8476,"10:30","Bryte","breach breach"
"732","1958","EM0618B0124",2018-06-04,"Total Kjeldahl Nitrogen","0.4","0.1","mg/L as N",NA,"N","N","Winter Island","38.04679",-121.8476,"10:30","Bryte","breach breach"
"733","1958","EM0618B0124",2018-06-04,"Total Phosphorus","0.1","0.01","mg/L as P",NA,"N","N","Winter Island","38.04679",-121.8476,"10:30","Bryte","breach breach"
"734","1959","EM0618B0125",2018-06-04,"Dissolved Ammonia","0.05","0.01","mg/L as N",NA,"N","N","Broad Slough","38.0479",-121.84755,"10:45","Bryte",NA
"735","1959","EM0618B0125",2018-06-04,"Dissolved Nitrate + Nitrite","0.35","0.01","mg/L as N",NA,"Y","N","Broad Slough","38.0479",-121.84755,"10:45","Bryte",NA
"736","1959","EM0618B0125",2018-06-04,"Dissolved Organic Nitrogen","0.2","0.1","mg/L as N",NA,"N","N","Broad Slough","38.0479",-121.84755,"10:45","Bryte",NA
"737","1959","EM0618B0125",2018-06-04,"Dissolved ortho-Phosphate","0.08","0.01","mg/L as P",NA,"N","N","Broad Slough","38.0479",-121.84755,"10:45","Bryte",NA
"738","1959","EM0618B0125",2018-06-04,"Total Kjeldahl Nitrogen","0.5","0.1","mg/L as N",NA,"N","N","Broad Slough","38.0479",-121.84755,"10:45","Bryte",NA
"739","1959","EM0618B0125",2018-06-04,"Total Phosphorus","0.1","0.01","mg/L as P",NA,"N","N","Broad Slough","38.0479",-121.84755,"10:45","Bryte",NA
"740","1951","EM0618B0121",2018-06-05,"Chlorophyll a","2.03","0.5","ug/L",NA,"N","N","Horseshoe Bend","38.08303",-121.72256,"09:15","Bryte",NA
"741","1951","EM0618B0121",2018-06-05,"Dissolved Ammonia","0.04","0.01","mg/L as N",NA,"N","Y","Horseshoe Bend","38.08303",-121.72256,"09:15","Bryte",NA
"742","1951","EM0618B0121",2018-06-05,"Dissolved Nitrate + Nitrite","0.33","0.01","mg/L as N",NA,"Y","N","Horseshoe Bend","38.08303",-121.72256,"09:15","Bryte",NA
"743","1951","EM0618B0121",2018-06-05,"Dissolved Organic Nitrogen","0.3","0.1","mg/L as N",NA,"N","Y","Horseshoe Bend","38.08303",-121.72256,"09:15","Bryte",NA
"744","1951","EM0618B0121",2018-06-05,"Dissolved ortho-Phosphate","0.07","0.01","mg/L as P",NA,"N","N","Horseshoe Bend","38.08303",-121.72256,"09:15","Bryte",NA
"745","1951","EM0618B0121",2018-06-05,"Pheophytin a","1.92","0.5","ug/L",NA,"N","Y","Horseshoe Bend","38.08303",-121.72256,"09:15","Bryte",NA
"746","1951","EM0618B0121",2018-06-05,"Total Kjeldahl Nitrogen","0.3","0.1","mg/L as N",NA,"N","Y","Horseshoe Bend","38.08303",-121.72256,"09:15","Bryte",NA
"747","1951","EM0618B0121",2018-06-05,"Total Phosphorus","0.08","0.01","mg/L as P",NA,"N","N","Horseshoe Bend","38.08303",-121.72256,"09:15","Bryte",NA
"748","1952","EM0618B0119",2018-06-05,"Dissolved Ammonia","0.03","0.01","mg/L as N",NA,"N","N","Decker Island","38.08422",-121.72401,"10:15","Bryte","Flux 1 - Decker Breach"
"749","1952","EM0618B0119",2018-06-05,"Dissolved Nitrate + Nitrite","0.17","0.01","mg/L as N",NA,"Y","N","Decker Island","38.08422",-121.72401,"10:15","Bryte","Flux 1 - Decker Breach"
"750","1952","EM0618B0119",2018-06-05,"Dissolved Organic Nitrogen","0.2","0.1","mg/L as N",NA,"N","N","Decker Island","38.08422",-121.72401,"10:15","Bryte","Flux 1 - Decker Breach"
"751","1952","EM0618B0119",2018-06-05,"Dissolved ortho-Phosphate","0.06","0.01","mg/L as P",NA,"N","N","Decker Island","38.08422",-121.72401,"10:15","Bryte","Flux 1 - Decker Breach"
"752","1952","EM0618B0119",2018-06-05,"Total Kjeldahl Nitrogen","0.3","0.1","mg/L as N",NA,"N","N","Decker Island","38.08422",-121.72401,"10:15","Bryte","Flux 1 - Decker Breach"
"753","1952","EM0618B0119",2018-06-05,"Total Phosphorus","0.08","0.01","mg/L as P",NA,"N","N","Decker Island","38.08422",-121.72401,"10:15","Bryte","Flux 1 - Decker Breach"
"754","1952","EM0618B0120",2018-06-05,"Dissolved Ammonia","0.03","0.01","mg/L as N",NA,"N","N","Decker Island","38.08422",-121.72401,"11:00","Bryte","Flux 2 - Decker Breach Breach 2"
"755","1952","EM0618B0120",2018-06-05,"Dissolved Nitrate + Nitrite","0.13","0.01","mg/L as N",NA,"Y","N","Decker Island","38.08422",-121.72401,"11:00","Bryte","Flux 2 - Decker Breach Breach 2"
"756","1952","EM0618B0120",2018-06-05,"Dissolved Organic Nitrogen","0.2","0.1","mg/L as N",NA,"N","N","Decker Island","38.08422",-121.72401,"11:00","Bryte","Flux 2 - Decker Breach Breach 2"
"757","1952","EM0618B0120",2018-06-05,"Dissolved ortho-Phosphate","0.06","0.01","mg/L as P",NA,"N","N","Decker Island","38.08422",-121.72401,"11:00","Bryte","Flux 2 - Decker Breach Breach 2"
"758","1952","EM0618B0120",2018-06-05,"Total Kjeldahl Nitrogen","0.3","0.1","mg/L as N",NA,"N","N","Decker Island","38.08422",-121.72401,"11:00","Bryte","Flux 2 - Decker Breach Breach 2"
"759","1952","EM0618B0120",2018-06-05,"Total Phosphorus","0.07","0.01","mg/L as P",NA,"N","N","Decker Island","38.08422",-121.72401,"11:00","Bryte","Flux 2 - Decker Breach Breach 2"
"760","1953","EM0618B0141",2018-06-06,"Dissolved Ammonia","0.02","0.01","mg/L as N",NA,"N","N","Lindsey Slough","38.25984",-121.79275,"08:09","Bryte","Lindsey Inside - used lat/long from trawl start"
"761","1953","EM0618B0141",2018-06-06,"Dissolved Nitrate + Nitrite","0.07","0.01","mg/L as N",NA,"Y","N","Lindsey Slough","38.25984",-121.79275,"08:09","Bryte","Lindsey Inside - used lat/long from trawl start"
"762","1953","EM0618B0141",2018-06-06,"Dissolved Organic Nitrogen","0.3","0.1","mg/L as N",NA,"N","N","Lindsey Slough","38.25984",-121.79275,"08:09","Bryte","Lindsey Inside - used lat/long from trawl start"
"763","1953","EM0618B0141",2018-06-06,"Dissolved ortho-Phosphate","0.29","0.01","mg/L as P",NA,"N","N","Lindsey Slough","38.25984",-121.79275,"08:09","Bryte","Lindsey Inside - used lat/long from trawl start"
"764","1953","EM0618B0141",2018-06-06,"Total Kjeldahl Nitrogen","0.5","0.1","mg/L as N",NA,"N","N","Lindsey Slough","38.25984",-121.79275,"08:09","Bryte","Lindsey Inside - used lat/long from trawl start"
"765","1953","EM0618B0141",2018-06-06,"Total Phosphorus","0.31","0.01","mg/L as P",NA,"N","N","Lindsey Slough","38.25984",-121.79275,"08:09","Bryte","Lindsey Inside - used lat/long from trawl start"
"766","1953","EM0618B0140",2018-06-06,"Dissolved Ammonia","0.02","0.01","mg/L as N",NA,"N","N","Lindsey Slough","38.25984",-121.79275,"08:10","Bryte","Lindsey Breach"
"767","1953","EM0618B0140",2018-06-06,"Dissolved Nitrate + Nitrite","0.07","0.01","mg/L as N",NA,"Y","N","Lindsey Slough","38.25984",-121.79275,"08:10","Bryte","Lindsey Breach"
"768","1953","EM0618B0140",2018-06-06,"Dissolved Organic Nitrogen","0.4","0.1","mg/L as N",NA,"N","N","Lindsey Slough","38.25984",-121.79275,"08:10","Bryte","Lindsey Breach"
"769","1953","EM0618B0140",2018-06-06,"Dissolved ortho-Phosphate","0.29","0.01","mg/L as P",NA,"N","N","Lindsey Slough","38.25984",-121.79275,"08:10","Bryte","Lindsey Breach"
"770","1953","EM0618B0140",2018-06-06,"Total Kjeldahl Nitrogen","0.5","0.1","mg/L as N",NA,"N","N","Lindsey Slough","38.25984",-121.79275,"08:10","Bryte","Lindsey Breach"
"771","1953","EM0618B0140",2018-06-06,"Total Phosphorus","0.31","0.01","mg/L as P",NA,"N","N","Lindsey Slough","38.25984",-121.79275,"08:10","Bryte","Lindsey Breach"
"772","1953","EM0618B0142",2018-06-06,"Dissolved Ammonia","0.02","0.01","mg/L as N",NA,"N","N","Lindsey Slough","38.25996",-121.79103,"08:15","Bryte","Lindsey Outside"
"773","1953","EM0618B0142",2018-06-06,"Dissolved Nitrate + Nitrite","0.07","0.01","mg/L as N",NA,"Y","N","Lindsey Slough","38.25996",-121.79103,"08:15","Bryte","Lindsey Outside"
"774","1953","EM0618B0142",2018-06-06,"Dissolved Organic Nitrogen","0.3","0.1","mg/L as N",NA,"N","N","Lindsey Slough","38.25996",-121.79103,"08:15","Bryte","Lindsey Outside"
"775","1953","EM0618B0142",2018-06-06,"Dissolved ortho-Phosphate","0.29","0.01","mg/L as P",NA,"N","N","Lindsey Slough","38.25996",-121.79103,"08:15","Bryte","Lindsey Outside"
"776","1953","EM0618B0142",2018-06-06,"Total Kjeldahl Nitrogen","0.3","0.1","mg/L as N",NA,"N","N","Lindsey Slough","38.25996",-121.79103,"08:15","Bryte","Lindsey Outside"
"777","1953","EM0618B0142",2018-06-06,"Total Phosphorus","0.3","0.01","mg/L as P",NA,"N","N","Lindsey Slough","38.25996",-121.79103,"08:15","Bryte","Lindsey Outside"
"778","1954","EM0618B0137",2018-06-06,"Dissolved Ammonia","0.18","0.01","mg/L as N",NA,"N","N","Liberty Island","38.24413",-121.68471,"09:00","Bryte","Liberty Breach - used lat/long from trawl start"
"779","1954","EM0618B0137",2018-06-06,"Dissolved Nitrate + Nitrite","0.21","0.01","mg/L as N",NA,"Y","N","Liberty Island","38.24413",-121.68471,"09:00","Bryte","Liberty Breach - used lat/long from trawl start"
"780","1954","EM0618B0137",2018-06-06,"Dissolved Organic Nitrogen","0.2","0.1","mg/L as N",NA,"N","N","Liberty Island","38.24413",-121.68471,"09:00","Bryte","Liberty Breach - used lat/long from trawl start"
"781","1954","EM0618B0137",2018-06-06,"Dissolved ortho-Phosphate","0.08","0.01","mg/L as P",NA,"N","N","Liberty Island","38.24413",-121.68471,"09:00","Bryte","Liberty Breach - used lat/long from trawl start"
"782","1954","EM0618B0137",2018-06-06,"Total Kjeldahl Nitrogen","0.4","0.1","mg/L as N",NA,"N","N","Liberty Island","38.24413",-121.68471,"09:00","Bryte","Liberty Breach - used lat/long from trawl start"
"783","1954","EM0618B0137",2018-06-06,"Total Phosphorus","0.08","0.01","mg/L as P",NA,"N","N","Liberty Island","38.24413",-121.68471,"09:00","Bryte","Liberty Breach - used lat/long from trawl start"
"784","1954","EM0618B0139",2018-06-06,"Dissolved Ammonia","0.18","0.01","mg/L as N",NA,"N","N","Liberty Island","38.24413",-121.68471,"09:01","Bryte","Liberty Outside - used lat/long from trawl start"
"785","1954","EM0618B0139",2018-06-06,"Dissolved Nitrate + Nitrite","0.21","0.01","mg/L as N",NA,"Y","N","Liberty Island","38.24413",-121.68471,"09:01","Bryte","Liberty Outside - used lat/long from trawl start"
"786","1954","EM0618B0139",2018-06-06,"Dissolved Organic Nitrogen","0.2","0.1","mg/L as N",NA,"N","N","Liberty Island","38.24413",-121.68471,"09:01","Bryte","Liberty Outside - used lat/long from trawl start"
"787","1954","EM0618B0139",2018-06-06,"Dissolved ortho-Phosphate","0.09","0.01","mg/L as P",NA,"N","N","Liberty Island","38.24413",-121.68471,"09:01","Bryte","Liberty Outside - used lat/long from trawl start"
"788","1954","EM0618B0139",2018-06-06,"Total Kjeldahl Nitrogen","0.5","0.1","mg/L as N",NA,"N","N","Liberty Island","38.24413",-121.68471,"09:01","Bryte","Liberty Outside - used lat/long from trawl start"
"789","1954","EM0618B0139",2018-06-06,"Total Phosphorus","0.09","0.01","mg/L as P",NA,"N","N","Liberty Island","38.24413",-121.68471,"09:01","Bryte","Liberty Outside - used lat/long from trawl start"
"790","1954","EM0618B0138",2018-06-06,"Dissolved Ammonia","0.14","0.01","mg/L as N",NA,"N","N","Liberty Island","38.24413",-121.68471,"09:05","Bryte","Liberty Inside - used lat/long from trawl start"
"791","1954","EM0618B0138",2018-06-06,"Dissolved Nitrate + Nitrite","0.2","0.01","mg/L as N",NA,"Y","N","Liberty Island","38.24413",-121.68471,"09:05","Bryte","Liberty Inside - used lat/long from trawl start"
"792","1954","EM0618B0138",2018-06-06,"Dissolved Organic Nitrogen","0.2","0.1","mg/L as N",NA,"N","N","Liberty Island","38.24413",-121.68471,"09:05","Bryte","Liberty Inside - used lat/long from trawl start"
"793","1954","EM0618B0138",2018-06-06,"Dissolved ortho-Phosphate","0.08","0.01","mg/L as P",NA,"N","N","Liberty Island","38.24413",-121.68471,"09:05","Bryte","Liberty Inside - used lat/long from trawl start"
"794","1954","EM0618B0138",2018-06-06,"Total Kjeldahl Nitrogen","0.5","0.1","mg/L as N",NA,"N","N","Liberty Island","38.24413",-121.68471,"09:05","Bryte","Liberty Inside - used lat/long from trawl start"
"795","1954","EM0618B0138",2018-06-06,"Total Phosphorus","0.08","0.01","mg/L as P",NA,"N","N","Liberty Island","38.24413",-121.68471,"09:05","Bryte","Liberty Inside - used lat/long from trawl start"
"796","1955","EM0618B0134",2018-06-06,"Chlorophyll a","2.37","0.5","ug/L",NA,"N","N","Prospect Island","38.24502",-121.66351,"09:41","Bryte","used trawl start GPS"
"797","1955","EM0618B0134",2018-06-06,"Dissolved Ammonia","0.09","0.01","mg/L as N",NA,"N","N","Prospect Island","38.24502",-121.66351,"09:41","Bryte","used trawl start GPS"
"798","1955","EM0618B0134",2018-06-06,"Dissolved Nitrate + Nitrite","0.08","0.01","mg/L as N",NA,"Y","N","Prospect Island","38.24502",-121.66351,"09:41","Bryte","used trawl start GPS"
"799","1955","EM0618B0134",2018-06-06,"Dissolved Organic Nitrogen","0.1","0.1","mg/L as N",NA,"N","N","Prospect Island","38.24502",-121.66351,"09:41","Bryte","used trawl start GPS"
"800","1955","EM0618B0134",2018-06-06,"Dissolved ortho-Phosphate","0.04","0.01","mg/L as P",NA,"N","N","Prospect Island","38.24502",-121.66351,"09:41","Bryte","used trawl start GPS"
"801","1955","EM0618B0134",2018-06-06,"Pheophytin a","1.57","0.5","ug/L",NA,"N","N","Prospect Island","38.24502",-121.66351,"09:41","Bryte","used trawl start GPS"
"802","1955","EM0618B0134",2018-06-06,"Total Kjeldahl Nitrogen","0.3","0.1","mg/L as N",NA,"N","N","Prospect Island","38.24502",-121.66351,"09:41","Bryte","used trawl start GPS"
"803","1955","EM0618B0134",2018-06-06,"Total Phosphorus","0.07","0.01","mg/L as P",NA,"N","N","Prospect Island","38.24502",-121.66351,"09:41","Bryte","used trawl start GPS"
"804","1955","EM0618B0135",2018-06-06,"Dissolved Ammonia","0.09","0.01","mg/L as N",NA,"N","N","Prospect Island","38.24502",-121.66351,"09:41","Bryte","Miner Breach"
"805","1955","EM0618B0135",2018-06-06,"Dissolved Nitrate + Nitrite","0.08","0.01","mg/L as N",NA,"Y","N","Prospect Island","38.24502",-121.66351,"09:41","Bryte","Miner Breach"
"806","1955","EM0618B0135",2018-06-06,"Dissolved Organic Nitrogen","0.2","0.1","mg/L as N",NA,"N","N","Prospect Island","38.24502",-121.66351,"09:41","Bryte","Miner Breach"
"807","1955","EM0618B0135",2018-06-06,"Dissolved ortho-Phosphate","0.04","0.01","mg/L as P",NA,"N","N","Prospect Island","38.24502",-121.66351,"09:41","Bryte","Miner Breach"
"808","1955","EM0618B0135",2018-06-06,"Total Kjeldahl Nitrogen","0.3","0.1","mg/L as N",NA,"N","N","Prospect Island","38.24502",-121.66351,"09:41","Bryte","Miner Breach"
"809","1955","EM0618B0135",2018-06-06,"Total Phosphorus","0.06","0.01","mg/L as P",NA,"N","N","Prospect Island","38.24502",-121.66351,"09:41","Bryte","Miner Breach"
"810","1955","EM0618B0136",2018-06-06,"Dissolved Ammonia","0.18","0.01","mg/L as N",NA,"N","N","Prospect Island","38.24393",-121.66374,"09:41","Bryte","Miner"
"811","1955","EM0618B0136",2018-06-06,"Dissolved Nitrate + Nitrite","0.15","0.01","mg/L as N",NA,"Y","N","Prospect Island","38.24393",-121.66374,"09:41","Bryte","Miner"
"812","1955","EM0618B0136",2018-06-06,"Dissolved Organic Nitrogen","0.2","0.1","mg/L as N",NA,"N","N","Prospect Island","38.24393",-121.66374,"09:41","Bryte","Miner"
"813","1955","EM0618B0136",2018-06-06,"Dissolved ortho-Phosphate","0.05","0.01","mg/L as P",NA,"N","N","Prospect Island","38.24393",-121.66374,"09:41","Bryte","Miner"
"814","1955","EM0618B0136",2018-06-06,"Total Kjeldahl Nitrogen","0.4","0.1","mg/L as N",NA,"N","N","Prospect Island","38.24393",-121.66374,"09:41","Bryte","Miner"
"815","1955","EM0618B0136",2018-06-06,"Total Phosphorus","0.05","0.01","mg/L as P",NA,"N","N","Prospect Island","38.24393",-121.66374,"09:41","Bryte","Miner"
"816","1961","EM0618B0132",2018-06-07,"Dissolved Ammonia","0.02","0.01","mg/L as N",NA,"N","N","Webb Tract Islands and Berms","38.09585",-121.58988,"09:48","Bryte",NA
"817","1961","EM0618B0132",2018-06-07,"Dissolved Nitrate + Nitrite","0.23","0.01","mg/L as N",NA,"Y","N","Webb Tract Islands and Berms","38.09585",-121.58988,"09:48","Bryte",NA
"818","1961","EM0618B0132",2018-06-07,"Dissolved Organic Nitrogen","0.2","0.1","mg/L as N",NA,"N","Y","Webb Tract Islands and Berms","38.09585",-121.58988,"09:48","Bryte",NA
"819","1961","EM0618B0132",2018-06-07,"Dissolved ortho-Phosphate","0.07","0.01","mg/L as P",NA,"N","N","Webb Tract Islands and Berms","38.09585",-121.58988,"09:48","Bryte",NA
"820","1961","EM0618B0132",2018-06-07,"Total Kjeldahl Nitrogen","0.2","0.1","mg/L as N",NA,"N","Y","Webb Tract Islands and Berms","38.09585",-121.58988,"09:48","Bryte",NA
"821","1961","EM0618B0132",2018-06-07,"Total Phosphorus","0.07","0.01","mg/L as P",NA,"N","N","Webb Tract Islands and Berms","38.09585",-121.58988,"09:48","Bryte",NA
"822","1963","EM0618B0131",2018-06-07,"Dissolved Ammonia","0.05","0.01","mg/L as N",NA,"N","N","Webb Tract Islands and Berms","38.09428",-121.589,"10:00","Bryte",NA
"823","1963","EM0618B0131",2018-06-07,"Dissolved Nitrate + Nitrite","0.28","0.01","mg/L as N",NA,"Y","N","Webb Tract Islands and Berms","38.09428",-121.589,"10:00","Bryte",NA
"824","1963","EM0618B0131",2018-06-07,"Dissolved Organic Nitrogen","0.2","0.1","mg/L as N",NA,"N","N","Webb Tract Islands and Berms","38.09428",-121.589,"10:00","Bryte",NA
"825","1963","EM0618B0131",2018-06-07,"Dissolved ortho-Phosphate","0.07","0.01","mg/L as P",NA,"N","N","Webb Tract Islands and Berms","38.09428",-121.589,"10:00","Bryte",NA
"826","1963","EM0618B0131",2018-06-07,"Total Kjeldahl Nitrogen","0.3","0.1","mg/L as N",NA,"N","N","Webb Tract Islands and Berms","38.09428",-121.589,"10:00","Bryte",NA
"827","1963","EM0618B0131",2018-06-07,"Total Phosphorus","0.07","0.01","mg/L as P",NA,"N","N","Webb Tract Islands and Berms","38.09428",-121.589,"10:00","Bryte",NA
"828","1962","EM0618B0130",2018-06-07,"Dissolved Ammonia","0.02","0.01","mg/L as N",NA,"N","N","Webb Tract Islands and Berms","38.09532",-121.59004,"10:10","Bryte",NA
"829","1962","EM0618B0130",2018-06-07,"Dissolved Nitrate + Nitrite","0.22","0.01","mg/L as N",NA,"Y","N","Webb Tract Islands and Berms","38.09532",-121.59004,"10:10","Bryte",NA
"830","1962","EM0618B0130",2018-06-07,"Dissolved Organic Nitrogen","0.3","0.1","mg/L as N",NA,"N","N","Webb Tract Islands and Berms","38.09532",-121.59004,"10:10","Bryte",NA
"831","1962","EM0618B0130",2018-06-07,"Dissolved ortho-Phosphate","0.07","0.01","mg/L as P",NA,"N","N","Webb Tract Islands and Berms","38.09532",-121.59004,"10:10","Bryte",NA
"832","1962","EM0618B0130",2018-06-07,"Total Kjeldahl Nitrogen","0.4","0.1","mg/L as N",NA,"N","N","Webb Tract Islands and Berms","38.09532",-121.59004,"10:10","Bryte",NA
"833","1962","EM0618B0130",2018-06-07,"Total Phosphorus","0.07","0.01","mg/L as P",NA,"N","N","Webb Tract Islands and Berms","38.09532",-121.59004,"10:10","Bryte",NA
"834","1956","EM0618B0128",2018-06-07,"Dissolved Ammonia","0.04","0.01","mg/L as N",NA,"N","N","Honker-Spoonbill","38.18069",-121.91208,"11:10","Bryte","at breach - used trawl start"
"835","1956","EM0618B0128",2018-06-07,"Dissolved Nitrate + Nitrite","0.37","0.01","mg/L as N",NA,"Y","N","Honker-Spoonbill","38.18069",-121.91208,"11:10","Bryte","at breach - used trawl start"
"836","1956","EM0618B0128",2018-06-07,"Dissolved Organic Nitrogen","0.6","0.1","mg/L as N",NA,"N","N","Honker-Spoonbill","38.18069",-121.91208,"11:10","Bryte","at breach - used trawl start"
"837","1956","EM0618B0128",2018-06-07,"Dissolved ortho-Phosphate","0.06","0.01","mg/L as P",NA,"N","N","Honker-Spoonbill","38.18069",-121.91208,"11:10","Bryte","at breach - used trawl start"
"838","1956","EM0618B0128",2018-06-07,"Total Kjeldahl Nitrogen","0.9","0.1","mg/L as N",NA,"N","N","Honker-Spoonbill","38.18069",-121.91208,"11:10","Bryte","at breach - used trawl start"
"839","1956","EM0618B0128",2018-06-07,"Total Phosphorus","0.15","0.01","mg/L as P",NA,"N","N","Honker-Spoonbill","38.18069",-121.91208,"11:10","Bryte","at breach - used trawl start"
"840","1956","EM0618B0127",2018-06-07,"Chlorophyll a","5.26","0.5","ug/L",NA,"N","N","Honker-Spoonbill","38.18097",-121.90993,"11:14","Bryte","at end of trawl - used trawl end"
"841","1956","EM0618B0127",2018-06-07,"Dissolved Ammonia","0.03","0.01","mg/L as N",NA,"N","N","Honker-Spoonbill","38.18097",-121.90993,"11:14","Bryte","at end of trawl - used trawl end"
"842","1956","EM0618B0127",2018-06-07,"Dissolved Nitrate + Nitrite","0.36","0.01","mg/L as N",NA,"Y","N","Honker-Spoonbill","38.18097",-121.90993,"11:14","Bryte","at end of trawl - used trawl end"
"843","1956","EM0618B0127",2018-06-07,"Dissolved Organic Nitrogen","0.6","0.1","mg/L as N",NA,"N","N","Honker-Spoonbill","38.18097",-121.90993,"11:14","Bryte","at end of trawl - used trawl end"
"844","1956","EM0618B0127",2018-06-07,"Dissolved ortho-Phosphate","0.06","0.01","mg/L as P",NA,"N","N","Honker-Spoonbill","38.18097",-121.90993,"11:14","Bryte","at end of trawl - used trawl end"
"845","1956","EM0618B0127",2018-06-07,"Pheophytin a","2.92","0.5","ug/L",NA,"N","N","Honker-Spoonbill","38.18097",-121.90993,"11:14","Bryte","at end of trawl - used trawl end"
"846","1956","EM0618B0127",2018-06-07,"Total Kjeldahl Nitrogen","0.9","0.1","mg/L as N",NA,"N","N","Honker-Spoonbill","38.18097",-121.90993,"11:14","Bryte","at end of trawl - used trawl end"
"847","1956","EM0618B0127",2018-06-07,"Total Phosphorus","0.14","0.01","mg/L as P",NA,"N","N","Honker-Spoonbill","38.18097",-121.90993,"11:14","Bryte","at end of trawl - used trawl end"
"848","1957","EM0618B0129",2018-06-07,"Dissolved Ammonia","0.04","0.01","mg/L as N",NA,"N","N","Nurse-Denverton","38.18069",-121.91208,"11:16","Bryte","100 meter outside Blacklock in LHB - used trawl start"
"849","1957","EM0618B0129",2018-06-07,"Dissolved Nitrate + Nitrite","0.39","0.01","mg/L as N",NA,"Y","N","Nurse-Denverton","38.18069",-121.91208,"11:16","Bryte","100 meter outside Blacklock in LHB - used trawl start"
"850","1957","EM0618B0129",2018-06-07,"Dissolved Organic Nitrogen","0.5","0.1","mg/L as N",NA,"N","N","Nurse-Denverton","38.18069",-121.91208,"11:16","Bryte","100 meter outside Blacklock in LHB - used trawl start"
"851","1957","EM0618B0129",2018-06-07,"Dissolved ortho-Phosphate","0.06","0.01","mg/L as P",NA,"N","N","Nurse-Denverton","38.18069",-121.91208,"11:16","Bryte","100 meter outside Blacklock in LHB - used trawl start"
"852","1957","EM0618B0129",2018-06-07,"Total Kjeldahl Nitrogen","0.8","0.1","mg/L as N",NA,"N","N","Nurse-Denverton","38.18069",-121.91208,"11:16","Bryte","100 meter outside Blacklock in LHB - used trawl start"
"853","1957","EM0618B0129",2018-06-07,"Total Phosphorus","0.13","0.01","mg/L as P",NA,"N","N","Nurse-Denverton","38.18069",-121.91208,"11:16","Bryte","100 meter outside Blacklock in LHB - used trawl start"
"854","1964","EM0618B0146",2018-06-11,"Dissolved Ammonia","0.08","0.01","mg/L as N",NA,"N","N","Wings Landing","38.22646",-122.03637,"14:00","Bryte","Breach"
"855","1964","EM0618B0146",2018-06-11,"Dissolved Nitrate + Nitrite","2.7","0.05","mg/L as N",NA,"N","N","Wings Landing","38.22646",-122.03637,"14:00","Bryte","Breach"
"856","1964","EM0618B0146",2018-06-11,"Dissolved Organic Nitrogen","0.9","0.1","mg/L as N",NA,"N","N","Wings Landing","38.22646",-122.03637,"14:00","Bryte","Breach"
"857","1964","EM0618B0146",2018-06-11,"Dissolved ortho-Phosphate","0.63","0.01","mg/L as P",NA,"N","N","Wings Landing","38.22646",-122.03637,"14:00","Bryte","Breach"
"858","1964","EM0618B0146",2018-06-11,"Total Kjeldahl Nitrogen","1.3","0.1","mg/L as N",NA,"N","N","Wings Landing","38.22646",-122.03637,"14:00","Bryte","Breach"
"859","1964","EM0618B0146",2018-06-11,"Total Phosphorus","0.71","0.01","mg/L as P",NA,"N","N","Wings Landing","38.22646",-122.03637,"14:00","Bryte","Breach"
"860","1965","EM0618B0145",2018-06-11,"Dissolved Ammonia","0.07","0.01","mg/L as N",NA,"N","N","Wings Landing","38.22601",-122.03826,"14:30","Bryte",NA
"861","1965","EM0618B0145",2018-06-11,"Dissolved Nitrate + Nitrite","2.71","0.05","mg/L as N",NA,"N","N","Wings Landing","38.22601",-122.03826,"14:30","Bryte",NA
"862","1965","EM0618B0145",2018-06-11,"Dissolved Organic Nitrogen","1","0.1","mg/L as N",NA,"N","N","Wings Landing","38.22601",-122.03826,"14:30","Bryte",NA
"863","1965","EM0618B0145",2018-06-11,"Dissolved ortho-Phosphate","0.8","0.01","mg/L as P",NA,"N","N","Wings Landing","38.22601",-122.03826,"14:30","Bryte",NA
"864","1965","EM0618B0145",2018-06-11,"Total Kjeldahl Nitrogen","1.3","0.1","mg/L as N",NA,"N","N","Wings Landing","38.22601",-122.03826,"14:30","Bryte",NA
"865","1965","EM0618B0145",2018-06-11,"Total Phosphorus","0.89","0.01","mg/L as P",NA,"N","N","Wings Landing","38.22601",-122.03826,"14:30","Bryte",NA
"866","1966","EM0618B0147",2018-06-11,"Dissolved Ammonia","0.09","0.01","mg/L as N",NA,"N","N","Wings Landing","38.22527",-122.03412,"14:45","Bryte","Outside"
"867","1966","EM0618B0147",2018-06-11,"Dissolved Nitrate + Nitrite","2.73","0.05","mg/L as N",NA,"N","N","Wings Landing","38.22527",-122.03412,"14:45","Bryte","Outside"
"868","1966","EM0618B0147",2018-06-11,"Dissolved Organic Nitrogen","1","0.1","mg/L as N",NA,"N","N","Wings Landing","38.22527",-122.03412,"14:45","Bryte","Outside"
"869","1966","EM0618B0147",2018-06-11,"Dissolved ortho-Phosphate","0.66","0.01","mg/L as P",NA,"N","N","Wings Landing","38.22527",-122.03412,"14:45","Bryte","Outside"
"870","1966","EM0618B0147",2018-06-11,"Total Kjeldahl Nitrogen","1.3","0.1","mg/L as N",NA,"N","N","Wings Landing","38.22527",-122.03412,"14:45","Bryte","Outside"
"871","1966","EM0618B0147",2018-06-11,"Total Phosphorus","0.73","0.01","mg/L as P",NA,"N","N","Wings Landing","38.22527",-122.03412,"14:45","Bryte","Outside"
"872","1967","EM0618B0143",2018-06-11,"Chlorophyll a","2.59","0.5","ug/L",NA,"N","N","Grizzly Bay","38.1049",-121.99977,"15:30","Bryte","Grizzly 2"
"873","1967","EM0618B0143",2018-06-11,"Dissolved Ammonia","0.05","0.01","mg/L as N",NA,"N","N","Grizzly Bay","38.1049",-121.99977,"15:30","Bryte","Grizzly 2"
"874","1967","EM0618B0143",2018-06-11,"Dissolved Nitrate + Nitrite","0.46","0.01","mg/L as N",NA,"N","N","Grizzly Bay","38.1049",-121.99977,"15:30","Bryte","Grizzly 2"
"875","1967","EM0618B0143",2018-06-11,"Dissolved Organic Nitrogen","0.1","0.1","mg/L as N",NA,"N","N","Grizzly Bay","38.1049",-121.99977,"15:30","Bryte","Grizzly 2"
"876","1967","EM0618B0143",2018-06-11,"Dissolved ortho-Phosphate","0.1","0.01","mg/L as P",NA,"N","N","Grizzly Bay","38.1049",-121.99977,"15:30","Bryte","Grizzly 2"
"877","1967","EM0618B0143",2018-06-11,"Pheophytin a","0.54","0.5","ug/L",NA,"N","N","Grizzly Bay","38.1049",-121.99977,"15:30","Bryte","Grizzly 2"
"878","1967","EM0618B0143",2018-06-11,"Total Kjeldahl Nitrogen","0.4","0.1","mg/L as N",NA,"N","N","Grizzly Bay","38.1049",-121.99977,"15:30","Bryte","Grizzly 2"
"879","1967","EM0618B0143",2018-06-11,"Total Phosphorus","0.1","0.01","mg/L as P",NA,"N","N","Grizzly Bay","38.1049",-121.99977,"15:30","Bryte","Grizzly 2"
"880","1967","EM0618B0144",2018-06-11,"Dissolved Ammonia","0.05","0.01","mg/L as N",NA,"N","N","Grizzly Bay","38.10368",-122.00211,"15:40","Bryte","Grizzly 1"
"881","1967","EM0618B0144",2018-06-11,"Dissolved Nitrate + Nitrite","0.45","0.01","mg/L as N",NA,"N","N","Grizzly Bay","38.10368",-122.00211,"15:40","Bryte","Grizzly 1"
"882","1967","EM0618B0144",2018-06-11,"Dissolved Organic Nitrogen","0.1","0.1","mg/L as N",NA,"N","N","Grizzly Bay","38.10368",-122.00211,"15:40","Bryte","Grizzly 1"
"883","1967","EM0618B0144",2018-06-11,"Dissolved ortho-Phosphate","0.09","0.01","mg/L as P",NA,"N","N","Grizzly Bay","38.10368",-122.00211,"15:40","Bryte","Grizzly 1"
"884","1967","EM0618B0144",2018-06-11,"Total Kjeldahl Nitrogen","0.6","0.1","mg/L as N",NA,"N","N","Grizzly Bay","38.10368",-122.00211,"15:40","Bryte","Grizzly 1"
"885","1967","EM0618B0144",2018-06-11,"Total Phosphorus","0.09","0.01","mg/L as P",NA,"N","N","Grizzly Bay","38.10368",-122.00211,"15:40","Bryte","Grizzly 1"
"886","2093","EF0918B0149",2018-09-07,"Chlorophyll a","2.97","0.5","ug/L",NA,"N","Y","Broad Slough","38.02914",-121.84113,"14:00","Bryte","Winter Inside"
"887","2094","EF0918B0152",2018-09-07,"Dissolved Ammonia","0.047","0.01","mg/L as N",NA,"N","N","Broad Slough","38.03202",-121.8389,"14:00","Bryte","Winter Outside"
"888","2095","EF0918B0151",2018-09-07,"Dissolved Ammonia","0.05","0.01","mg/L as N",NA,"N","N","Broad Slough","38.03871",-121.84504,"14:00","Bryte","Winter Southern Breach"
"889","2093","EF0918B0149",2018-09-07,"Dissolved Ammonia","0.05","0.01","mg/L as N",NA,"N","N","Broad Slough","38.02914",-121.84113,"14:00","Bryte","Winter Inside"
"890","2093","EF0918B0149",2018-09-07,"Dissolved Nitrate + Nitrite","0.23","0.01","mg/L as N",NA,"Y","N","Broad Slough","38.02914",-121.84113,"14:00","Bryte","Winter Inside"
"891","2094","EF0918B0152",2018-09-07,"Dissolved Nitrate + Nitrite","0.21","0.01","mg/L as N",NA,"Y","N","Broad Slough","38.03202",-121.8389,"14:00","Bryte","Winter Outside"
"892","2095","EF0918B0151",2018-09-07,"Dissolved Nitrate + Nitrite","0.23","0.01","mg/L as N",NA,"Y","N","Broad Slough","38.03871",-121.84504,"14:00","Bryte","Winter Southern Breach"
"893","2095","EF0918B0151",2018-09-07,"Dissolved Organic Nitrogen","0.11","0.1","mg/L as N",NA,"N","N","Broad Slough","38.03871",-121.84504,"14:00","Bryte","Winter Southern Breach"
"894","2093","EF0918B0149",2018-09-07,"Dissolved Organic Nitrogen","<0.1","0.1","mg/L as N",NA,"N","N","Broad Slough","38.02914",-121.84113,"14:00","Bryte","Winter Inside"
"895","2094","EF0918B0152",2018-09-07,"Dissolved Organic Nitrogen","0.12","0.1","mg/L as N",NA,"N","N","Broad Slough","38.03202",-121.8389,"14:00","Bryte","Winter Outside"
"896","2095","EF0918B0151",2018-09-07,"Dissolved ortho-Phosphate","0.08","0.01","mg/L as P",NA,"N","N","Broad Slough","38.03871",-121.84504,"14:00","Bryte","Winter Southern Breach"
"897","2093","EF0918B0149",2018-09-07,"Dissolved ortho-Phosphate","0.075","0.01","mg/L as P",NA,"N","N","Broad Slough","38.02914",-121.84113,"14:00","Bryte","Winter Inside"
"898","2094","EF0918B0152",2018-09-07,"Dissolved ortho-Phosphate","0.08","0.01","mg/L as P",NA,"N","N","Broad Slough","38.03202",-121.8389,"14:00","Bryte","Winter Outside"
"899","2093","EF0918B0149",2018-09-07,"Pheophytin a","1.45","0.5","ug/L",NA,"N","Y","Broad Slough","38.02914",-121.84113,"14:00","Bryte","Winter Inside"
"900","2093","EF0918B0149",2018-09-07,"Total Kjeldahl Nitrogen","0.3","0.1","mg/L as N",NA,"N","Y","Broad Slough","38.02914",-121.84113,"14:00","Bryte","Winter Inside"
"901","2095","EF0918B0151",2018-09-07,"Total Kjeldahl Nitrogen","0.19","0.1","mg/L as N",NA,"N","N","Broad Slough","38.03871",-121.84504,"14:00","Bryte","Winter Southern Breach"
"902","2094","EF0918B0152",2018-09-07,"Total Kjeldahl Nitrogen","0.217","0.1","mg/L as N",NA,"N","N","Broad Slough","38.03202",-121.8389,"14:00","Bryte","Winter Outside"
"903","2093","EF0918B0149",2018-09-07,"Total Phosphorus","0.07","0.01","mg/L as P",NA,"N","N","Broad Slough","38.02914",-121.84113,"14:00","Bryte","Winter Inside"
"904","2094","EF0918B0152",2018-09-07,"Total Phosphorus","0.08","0.01","mg/L as P",NA,"N","N","Broad Slough","38.03202",-121.8389,"14:00","Bryte","Winter Outside"
"905","2095","EF0918B0151",2018-09-07,"Total Phosphorus","0.08","0.01","mg/L as P",NA,"N","N","Broad Slough","38.03871",-121.84504,"14:00","Bryte","Winter Southern Breach"
"906","2093","EF0918B0149",2018-09-07,"Total Phosphorus","0.08","0.01","mg/L as P",NA,"N","N","Broad Slough","38.02914",-121.84113,"14:00","Bryte","Winter Inside"
"907","2053","EF0818B0158",2018-09-12,"Chlorophyll a","0.63","0.5","ug/L",NA,"N","N","Miner Slough","38.24503",-121.66358,"11:00","Bryte","Prospect Inside"
"908","2053","EF0818B0158",2018-09-12,"Dissolved Ammonia","0.05","0.01","mg/L as N",NA,"Y","N","Miner Slough","38.24503",-121.66358,"11:00","Bryte","Prospect Inside"
"909","2053","EF0818B0158",2018-09-12,"Dissolved Nitrate + Nitrite","0.05","0.01","mg/L as N",NA,"Y","N","Miner Slough","38.24503",-121.66358,"11:00","Bryte","Prospect Inside"
"910","2053","EF0818B0158",2018-09-12,"Dissolved Organic Nitrogen","<0.1","0.1","mg/L as N",NA,"N","N","Miner Slough","38.24503",-121.66358,"11:00","Bryte","Prospect Inside"
"911","2053","EF0818B0158",2018-09-12,"Dissolved ortho-Phosphate","0.032","0.01","mg/L as P",NA,"N","N","Miner Slough","38.24503",-121.66358,"11:00","Bryte","Prospect Inside"
"912","2053","EF0818B0158",2018-09-12,"Pheophytin a","<0.5","0.5","ug/L",NA,"N","N","Miner Slough","38.24503",-121.66358,"11:00","Bryte","Prospect Inside"
"913","2053","EF0818B0158",2018-09-12,"Total Kjeldahl Nitrogen","0.2","0.1","mg/L as N",NA,"N","N","Miner Slough","38.24503",-121.66358,"11:00","Bryte","Prospect Inside"
"914","2053","EF0818B0158",2018-09-12,"Total Phosphorus","0.03","0.01","mg/L as P",NA,"N","N","Miner Slough","38.24503",-121.66358,"11:00","Bryte","Prospect Inside"
"915","2054","EF0818B0159",2018-09-12,"Dissolved Ammonia","0.047","0.01","mg/L as N",NA,"Y","N","Miner Slough","38.24501",-121.66355,"11:08","Bryte","Prospect Breach"
"916","2054","EF0818B0159",2018-09-12,"Dissolved Nitrate + Nitrite","0.05","0.01","mg/L as N",NA,"Y","N","Miner Slough","38.24501",-121.66355,"11:08","Bryte","Prospect Breach"
"917","2054","EF0818B0159",2018-09-12,"Dissolved Organic Nitrogen","0.1","0.1","mg/L as N",NA,"N","N","Miner Slough","38.24501",-121.66355,"11:08","Bryte","Prospect Breach"
"918","2054","EF0818B0159",2018-09-12,"Dissolved ortho-Phosphate","0.029","0.01","mg/L as P",NA,"N","N","Miner Slough","38.24501",-121.66355,"11:08","Bryte","Prospect Breach"
"919","2054","EF0818B0159",2018-09-12,"Total Kjeldahl Nitrogen","0.185","0.1","mg/L as N",NA,"N","N","Miner Slough","38.24501",-121.66355,"11:08","Bryte","Prospect Breach"
"920","2054","EF0818B0159",2018-09-12,"Total Phosphorus","0.03","0.01","mg/L as P",NA,"N","N","Miner Slough","38.24501",-121.66355,"11:08","Bryte","Prospect Breach"
"921","2055","EF0818B0160",2018-09-12,"Dissolved Ammonia","0.09","0.01","mg/L as N",NA,"Y","N","Miner Slough","38.24443",-121.66341,"11:13","Bryte","Prospect Channel"
"922","2055","EF0818B0160",2018-09-12,"Dissolved Nitrate + Nitrite","0.09","0.01","mg/L as N",NA,"Y","N","Miner Slough","38.24443",-121.66341,"11:13","Bryte","Prospect Channel"
"923","2055","EF0818B0160",2018-09-12,"Dissolved Organic Nitrogen","<0.1","0.1","mg/L as N",NA,"N","N","Miner Slough","38.24443",-121.66341,"11:13","Bryte","Prospect Channel"
"924","2055","EF0818B0160",2018-09-12,"Dissolved ortho-Phosphate","0.041","0.01","mg/L as P",NA,"N","N","Miner Slough","38.24443",-121.66341,"11:13","Bryte","Prospect Channel"
"925","2055","EF0818B0160",2018-09-12,"Total Kjeldahl Nitrogen","0.25","0.1","mg/L as N",NA,"N","N","Miner Slough","38.24443",-121.66341,"11:13","Bryte","Prospect Channel"
"926","2055","EF0818B0160",2018-09-12,"Total Phosphorus","0.07","0.01","mg/L as P",NA,"N","N","Miner Slough","38.24443",-121.66341,"11:13","Bryte","Prospect Channel"
"927","2057","EF0818B0163",2018-09-12,"Dissolved Ammonia","0.08","0.01","mg/L as N",NA,"Y","N","Liberty Island","38.24",-121.68504,"11:58","Bryte","Liberty Outside"
"928","2057","EF0818B0163",2018-09-12,"Dissolved Nitrate + Nitrite","0.11","0.01","mg/L as N",NA,"Y","N","Liberty Island","38.24",-121.68504,"11:58","Bryte","Liberty Outside"
"929","2057","EF0818B0163",2018-09-12,"Dissolved Organic Nitrogen","0.1","0.1","mg/L as N",NA,"N","N","Liberty Island","38.24",-121.68504,"11:58","Bryte","Liberty Outside"
"930","2057","EF0818B0163",2018-09-12,"Dissolved ortho-Phosphate","0.09","0.01","mg/L as P",NA,"N","N","Liberty Island","38.24",-121.68504,"11:58","Bryte","Liberty Outside"
"931","2057","EF0818B0163",2018-09-12,"Total Kjeldahl Nitrogen","0.2","0.1","mg/L as N",NA,"N","N","Liberty Island","38.24",-121.68504,"11:58","Bryte","Liberty Outside"
"932","2057","EF0818B0163",2018-09-12,"Total Phosphorus","0.09","0.01","mg/L as P",NA,"N","N","Liberty Island","38.24",-121.68504,"11:58","Bryte","Liberty Outside"
"933","2058","EF0818B0162",2018-09-12,"Dissolved Ammonia","0.04","0.01","mg/L as N",NA,"Y","N","Liberty Island","38.24265",-121.68388,"12:03","Bryte","Liberty Breach"
"934","2058","EF0818B0162",2018-09-12,"Dissolved Nitrate + Nitrite","0.08","0.01","mg/L as N",NA,"Y","N","Liberty Island","38.24265",-121.68388,"12:03","Bryte","Liberty Breach"
"935","2058","EF0818B0162",2018-09-12,"Dissolved Organic Nitrogen","0.11","0.1","mg/L as N",NA,"N","N","Liberty Island","38.24265",-121.68388,"12:03","Bryte","Liberty Breach"
"936","2058","EF0818B0162",2018-09-12,"Dissolved ortho-Phosphate","0.1","0.01","mg/L as P",NA,"N","N","Liberty Island","38.24265",-121.68388,"12:03","Bryte","Liberty Breach"
"937","2058","EF0818B0162",2018-09-12,"Total Kjeldahl Nitrogen","0.2","0.1","mg/L as N",NA,"N","N","Liberty Island","38.24265",-121.68388,"12:03","Bryte","Liberty Breach"
"938","2058","EF0818B0162",2018-09-12,"Total Phosphorus","0.1","0.01","mg/L as P",NA,"N","N","Liberty Island","38.24265",-121.68388,"12:03","Bryte","Liberty Breach"
"939","2059","EF0818B0161",2018-09-12,"Dissolved Ammonia","0.04","0.01","mg/L as N",NA,"Y","N","Liberty Island","38.24497",-121.68042,"12:09","Bryte","Liberty Inside"
"940","2059","EF0818B0161",2018-09-12,"Dissolved Nitrate + Nitrite","0.08","0.01","mg/L as N",NA,"Y","N","Liberty Island","38.24497",-121.68042,"12:09","Bryte","Liberty Inside"
"941","2059","EF0818B0161",2018-09-12,"Dissolved Organic Nitrogen","0.11","0.1","mg/L as N",NA,"N","N","Liberty Island","38.24497",-121.68042,"12:09","Bryte","Liberty Inside"
"942","2059","EF0818B0161",2018-09-12,"Dissolved ortho-Phosphate","0.102","0.01","mg/L as P",NA,"N","N","Liberty Island","38.24497",-121.68042,"12:09","Bryte","Liberty Inside"
"943","2059","EF0818B0161",2018-09-12,"Total Kjeldahl Nitrogen","0.3","0.1","mg/L as N",NA,"N","N","Liberty Island","38.24497",-121.68042,"12:09","Bryte","Liberty Inside"
"944","2059","EF0818B0161",2018-09-12,"Total Phosphorus","0.115","0.01","mg/L as P",NA,"N","N","Liberty Island","38.24497",-121.68042,"12:09","Bryte","Liberty Inside"
"945","1011","EF0818B0154",2018-09-13,"Dissolved Ammonia","0.06","0.01","mg/L as N",NA,"Y","N","Decker Island","38.08361",-121.72421,NA,"Bryte",NA
"946","1011","EF0818B0154",2018-09-13,"Dissolved Nitrate + Nitrite","0.224","0.01","mg/L as N",NA,"Y","N","Decker Island","38.08361",-121.72421,NA,"Bryte",NA
"947","1011","EF0818B0154",2018-09-13,"Dissolved Organic Nitrogen","<0.1","0.1","mg/L as N",NA,"N","N","Decker Island","38.08361",-121.72421,NA,"Bryte",NA
"948","1011","EF0818B0154",2018-09-13,"Dissolved ortho-Phosphate","0.07","0.01","mg/L as P",NA,"N","N","Decker Island","38.08361",-121.72421,NA,"Bryte",NA
"949","1011","EF0818B0154",2018-09-13,"Total Kjeldahl Nitrogen","0.2","0.1","mg/L as N",NA,"N","N","Decker Island","38.08361",-121.72421,NA,"Bryte",NA
"950","1011","EF0818B0154",2018-09-13,"Total Phosphorus","0.07","0.01","mg/L as P",NA,"N","N","Decker Island","38.08361",-121.72421,NA,"Bryte",NA
"951","2192","EF0818B0156",2018-09-13,"Chlorophyll a","1.78","0.5","ug/L",NA,"N","N","Decker Island","38.08311",-121.71957,NA,"Bryte",NA
"952","2192","EF0818B0156",2018-09-13,"Dissolved Ammonia","0.07","0.01","mg/L as N",NA,"Y","N","Decker Island","38.08311",-121.71957,NA,"Bryte",NA
"953","2192","EF0818B0156",2018-09-13,"Dissolved Nitrate + Nitrite","0.23","0.01","mg/L as N",NA,"Y","N","Decker Island","38.08311",-121.71957,NA,"Bryte",NA
"954","2192","EF0818B0156",2018-09-13,"Dissolved Organic Nitrogen","<0.1","0.1","mg/L as N",NA,"N","N","Decker Island","38.08311",-121.71957,NA,"Bryte",NA
"955","2192","EF0818B0156",2018-09-13,"Dissolved ortho-Phosphate","0.082","0.01","mg/L as P",NA,"N","N","Decker Island","38.08311",-121.71957,NA,"Bryte",NA
"956","2192","EF0818B0156",2018-09-13,"Pheophytin a","0.81","0.5","ug/L",NA,"N","N","Decker Island","38.08311",-121.71957,NA,"Bryte",NA
"957","2192","EF0818B0156",2018-09-13,"Total Kjeldahl Nitrogen","0.246","0.1","mg/L as N",NA,"N","N","Decker Island","38.08311",-121.71957,NA,"Bryte",NA
"958","2192","EF0818B0156",2018-09-13,"Total Phosphorus","0.08","0.01","mg/L as P",NA,"N","N","Decker Island","38.08311",-121.71957,NA,"Bryte",NA
"959","1076","EF0918B0168",2018-09-17,"Chlorophyll a","2.64","0.5","ug/L",NA,"N","N","Webb Tract Islands and Berms","38.09624",-121.58953,"11:30","Bryte","Webb-Breach SJ River ""Breach"""
"960","1076","EF0918B0168",2018-09-17,"Dissolved Ammonia","0.07","0.01","mg/L as N",NA,"N","N","Webb Tract Islands and Berms","38.09624",-121.58953,"11:30","Bryte","Webb-Breach SJ River ""Breach"""
"961","1076","EF0918B0168",2018-09-17,"Dissolved Nitrate + Nitrite","0.23","0.01","mg/L as N",NA,"Y","N","Webb Tract Islands and Berms","38.09624",-121.58953,"11:30","Bryte","Webb-Breach SJ River ""Breach"""
"962","1076","EF0918B0168",2018-09-17,"Dissolved Organic Nitrogen","<0.1","0.1","mg/L as N",NA,"N","N","Webb Tract Islands and Berms","38.09624",-121.58953,"11:30","Bryte","Webb-Breach SJ River ""Breach"""
"963","1076","EF0918B0168",2018-09-17,"Dissolved ortho-Phosphate","0.07","0.01","mg/L as P",NA,"N","N","Webb Tract Islands and Berms","38.09624",-121.58953,"11:30","Bryte","Webb-Breach SJ River ""Breach"""
"964","1076","EF0918B0168",2018-09-17,"Pheophytin a","2.14","0.5","ug/L",NA,"N","N","Webb Tract Islands and Berms","38.09624",-121.58953,"11:30","Bryte","Webb-Breach SJ River ""Breach"""
"965","1076","EF0918B0168",2018-09-17,"Total Kjeldahl Nitrogen","0.3","0.1","mg/L as N",NA,"N","N","Webb Tract Islands and Berms","38.09624",-121.58953,"11:30","Bryte","Webb-Breach SJ River ""Breach"""
"966","1076","EF0918B0168",2018-09-17,"Total Phosphorus","0.08","0.01","mg/L as P",NA,"N","N","Webb Tract Islands and Berms","38.09624",-121.58953,"11:30","Bryte","Webb-Breach SJ River ""Breach"""
"967","1705","EF0918B0169",2018-09-17,"Dissolved Ammonia","0.05","0.01","mg/L as N",NA,"N","N","Webb Tract Islands and Berms","38.09566",-121.58974,"11:55","Bryte","Webb-Inside inside"
"968","1705","EF0918B0169",2018-09-17,"Dissolved Nitrate + Nitrite","0.219","0.01","mg/L as N",NA,"Y","N","Webb Tract Islands and Berms","38.09566",-121.58974,"11:55","Bryte","Webb-Inside inside"
"969","1705","EF0918B0169",2018-09-17,"Dissolved Organic Nitrogen","0.11","0.1","mg/L as N",NA,"N","N","Webb Tract Islands and Berms","38.09566",-121.58974,"11:55","Bryte","Webb-Inside inside"
"970","1705","EF0918B0169",2018-09-17,"Dissolved ortho-Phosphate","0.072","0.01","mg/L as P",NA,"N","N","Webb Tract Islands and Berms","38.09566",-121.58974,"11:55","Bryte","Webb-Inside inside"
"971","1705","EF0918B0169",2018-09-17,"Total Kjeldahl Nitrogen","0.2","0.1","mg/L as N",NA,"N","N","Webb Tract Islands and Berms","38.09566",-121.58974,"11:55","Bryte","Webb-Inside inside"
"972","1705","EF0918B0169",2018-09-17,"Total Phosphorus","0.08","0.01","mg/L as P",NA,"N","N","Webb Tract Islands and Berms","38.09566",-121.58974,"11:55","Bryte","Webb-Inside inside"
"973","1003","EF0918B0170",2018-09-17,"Dissolved Ammonia","0.1","0.01","mg/L as N",NA,"N","N","Webb Tract Islands and Berms","38.09627",-121.58615,"12:15","Bryte","Webb-Outside outside"
"974","1003","EF0918B0170",2018-09-17,"Dissolved Nitrate + Nitrite","0.224","0.01","mg/L as N",NA,"Y","N","Webb Tract Islands and Berms","38.09627",-121.58615,"12:15","Bryte","Webb-Outside outside"
"975","1003","EF0918B0170",2018-09-17,"Dissolved Organic Nitrogen","0.1","0.1","mg/L as N",NA,"N","N","Webb Tract Islands and Berms","38.09627",-121.58615,"12:15","Bryte","Webb-Outside outside"
"976","1003","EF0918B0170",2018-09-17,"Dissolved ortho-Phosphate","0.076","0.01","mg/L as P",NA,"N","N","Webb Tract Islands and Berms","38.09627",-121.58615,"12:15","Bryte","Webb-Outside outside"
"977","1003","EF0918B0170",2018-09-17,"Total Kjeldahl Nitrogen","0.2","0.1","mg/L as N",NA,"N","N","Webb Tract Islands and Berms","38.09627",-121.58615,"12:15","Bryte","Webb-Outside outside"
"978","1003","EF0918B0170",2018-09-17,"Total Phosphorus","0.08","0.01","mg/L as P",NA,"N","N","Webb Tract Islands and Berms","38.09627",-121.58615,"12:15","Bryte","Webb-Outside outside"
"979","2073","EF0918B0165",2018-09-18,"Chlorophyll a","0.89","0.5","ug/L",NA,"N","N","Browns Island","38.03895",-121.85919,"12:00","Bryte","Browns Inside"
"980","2073","EF0918B0165",2018-09-18,"Dissolved Ammonia","0.05","0.01","mg/L as N",NA,"N","N","Browns Island","38.03895",-121.85919,"12:00","Bryte","Browns Inside"
"981","2073","EF0918B0165",2018-09-18,"Dissolved Nitrate + Nitrite","0.1","0.01","mg/L as N",NA,"Y","N","Browns Island","38.03895",-121.85919,"12:00","Bryte","Browns Inside"
"982","2073","EF0918B0165",2018-09-18,"Dissolved Organic Nitrogen","0.13","0.1","mg/L as N",NA,"N","N","Browns Island","38.03895",-121.85919,"12:00","Bryte","Browns Inside"
"983","2073","EF0918B0165",2018-09-18,"Dissolved ortho-Phosphate","0.081","0.01","mg/L as P",NA,"N","N","Browns Island","38.03895",-121.85919,"12:00","Bryte","Browns Inside"
"984","2073","EF0918B0165",2018-09-18,"Pheophytin a","0.52","0.5","ug/L",NA,"N","N","Browns Island","38.03895",-121.85919,"12:00","Bryte","Browns Inside"
"985","2073","EF0918B0165",2018-09-18,"Total Kjeldahl Nitrogen","0.316","0.1","mg/L as N",NA,"N","N","Browns Island","38.03895",-121.85919,"12:00","Bryte","Browns Inside"
"986","2073","EF0918B0165",2018-09-18,"Total Phosphorus","0.1","0.01","mg/L as P",NA,"N","N","Browns Island","38.03895",-121.85919,"12:00","Bryte","Browns Inside"
"987","2074","EF0918B0166",2018-09-18,"Dissolved Ammonia","0.07","0.01","mg/L as N",NA,"N","N","Browns Island","38.04282",-121.87331,"12:05","Bryte","Browns Breach"
"988","2074","EF0918B0166",2018-09-18,"Dissolved Nitrate + Nitrite","0.246","0.01","mg/L as N",NA,"Y","N","Browns Island","38.04282",-121.87331,"12:05","Bryte","Browns Breach"
"989","2074","EF0918B0166",2018-09-18,"Dissolved Organic Nitrogen","<0.1","0.1","mg/L as N",NA,"N","N","Browns Island","38.04282",-121.87331,"12:05","Bryte","Browns Breach"
"990","2074","EF0918B0166",2018-09-18,"Dissolved ortho-Phosphate","0.08","0.01","mg/L as P",NA,"N","N","Browns Island","38.04282",-121.87331,"12:05","Bryte","Browns Breach"
"991","2074","EF0918B0166",2018-09-18,"Total Kjeldahl Nitrogen","0.2","0.1","mg/L as N",NA,"N","N","Browns Island","38.04282",-121.87331,"12:05","Bryte","Browns Breach"
"992","2074","EF0918B0166",2018-09-18,"Total Phosphorus","0.08","0.01","mg/L as P",NA,"N","N","Browns Island","38.04282",-121.87331,"12:05","Bryte","Browns Breach"
"993","2075","EF0918B0167",2018-09-18,"Dissolved Ammonia","0.063","0.01","mg/L as N",NA,"N","N","Browns Island","38.04494",-121.87388,"12:10","Bryte","Browns Outside"
"994","2075","EF0918B0167",2018-09-18,"Dissolved Nitrate + Nitrite","0.27","0.01","mg/L as N",NA,"Y","N","Browns Island","38.04494",-121.87388,"12:10","Bryte","Browns Outside"
"995","2075","EF0918B0167",2018-09-18,"Dissolved Organic Nitrogen","<0.1","0.1","mg/L as N",NA,"N","N","Browns Island","38.04494",-121.87388,"12:10","Bryte","Browns Outside"
"996","2075","EF0918B0167",2018-09-18,"Dissolved ortho-Phosphate","0.085","0.01","mg/L as P",NA,"N","N","Browns Island","38.04494",-121.87388,"12:10","Bryte","Browns Outside"
"997","2075","EF0918B0167",2018-09-18,"Total Kjeldahl Nitrogen","0.191","0.1","mg/L as N",NA,"N","N","Browns Island","38.04494",-121.87388,"12:10","Bryte","Browns Outside"
"998","2075","EF0918B0167",2018-09-18,"Total Phosphorus","0.09","0.01","mg/L as P",NA,"N","N","Browns Island","38.04494",-121.87388,"12:10","Bryte","Browns Outside"
"999","2076","EF0918B0172",2018-09-19,"Chlorophyll a","5.73","0.5","ug/L",NA,"N","N","Grizzly Bay","38.13194",-121.99932,"14:40","Bryte","Grizzly"
"1000","2076","EF0918B0172",2018-09-19,"Dissolved Ammonia","<0.01","0.01","mg/L as N",NA,"N","N","Grizzly Bay","38.13194",-121.99932,"14:40","Bryte","Grizzly"
"1001","2076","EF0918B0172",2018-09-19,"Dissolved Nitrate + Nitrite","0.251","0.01","mg/L as N",NA,"Y","N","Grizzly Bay","38.13194",-121.99932,"14:40","Bryte","Grizzly"
"1002","2076","EF0918B0172",2018-09-19,"Dissolved Organic Nitrogen","0.1","0.1","mg/L as N",NA,"N","N","Grizzly Bay","38.13194",-121.99932,"14:40","Bryte","Grizzly"
"1003","2076","EF0918B0172",2018-09-19,"Dissolved ortho-Phosphate","0.087","0.01","mg/L as P",NA,"N","N","Grizzly Bay","38.13194",-121.99932,"14:40","Bryte","Grizzly"
"1004","2076","EF0918B0172",2018-09-19,"Pheophytin a","1.2","0.5","ug/L",NA,"N","N","Grizzly Bay","38.13194",-121.99932,"14:40","Bryte","Grizzly"
"1005","2076","EF0918B0172",2018-09-19,"Total Kjeldahl Nitrogen","0.255","0.1","mg/L as N",NA,"N","N","Grizzly Bay","38.13194",-121.99932,"14:40","Bryte","Grizzly"
"1006","2076","EF0918B0172",2018-09-19,"Total Phosphorus","0.123","0.01","mg/L as P",NA,"N","N","Grizzly Bay","38.13194",-121.99932,"14:40","Bryte","Grizzly"
"1007","2076","EF0918B0173",2018-09-19,"Dissolved Ammonia","<0.01","0.01","mg/L as N",NA,"N","N","Grizzly Bay","38.13037",-121.99893,"15:10","Bryte","Grizzly"
"1008","2076","EF0918B0173",2018-09-19,"Dissolved Nitrate + Nitrite","0.12","0.01","mg/L as N",NA,"Y","N","Grizzly Bay","38.13037",-121.99893,"15:10","Bryte","Grizzly"
"1009","2076","EF0918B0173",2018-09-19,"Dissolved Organic Nitrogen","0.1","0.1","mg/L as N",NA,"N","N","Grizzly Bay","38.13037",-121.99893,"15:10","Bryte","Grizzly"
"1010","2076","EF0918B0173",2018-09-19,"Dissolved ortho-Phosphate","0.055","0.01","mg/L as P",NA,"N","N","Grizzly Bay","38.13037",-121.99893,"15:10","Bryte","Grizzly"
"1011","2076","EF0918B0173",2018-09-19,"Total Kjeldahl Nitrogen","0.2","0.1","mg/L as N",NA,"N","N","Grizzly Bay","38.13037",-121.99893,"15:10","Bryte","Grizzly"
"1012","2076","EF0918B0173",2018-09-19,"Total Phosphorus","0.08","0.01","mg/L as P",NA,"N","N","Grizzly Bay","38.13037",-121.99893,"15:10","Bryte","Grizzly"
"1013","2079","EF0918B0175",2018-09-19,"Dissolved Ammonia","0.07","0.01","mg/L as N",NA,"N","N","Wings Landing","38.22611",-122.03844,"15:55","Bryte","Wings Breach (near brood pond)"
"1014","2079","EF0918B0175",2018-09-19,"Dissolved Nitrate + Nitrite","1.47","0.01","mg/L as N",NA,"Y","N","Wings Landing","38.22611",-122.03844,"15:55","Bryte","Wings Breach (near brood pond)"
"1015","2079","EF0918B0175",2018-09-19,"Dissolved Organic Nitrogen","0.6","0.1","mg/L as N",NA,"N","N","Wings Landing","38.22611",-122.03844,"15:55","Bryte","Wings Breach (near brood pond)"
"1016","2079","EF0918B0175",2018-09-19,"Dissolved ortho-Phosphate","0.597","0.01","mg/L as P",NA,"N","N","Wings Landing","38.22611",-122.03844,"15:55","Bryte","Wings Breach (near brood pond)"
"1017","2079","EF0918B0175",2018-09-19,"Total Kjeldahl Nitrogen","0.8","0.1","mg/L as N",NA,"N","N","Wings Landing","38.22611",-122.03844,"15:55","Bryte","Wings Breach (near brood pond)"
"1018","2079","EF0918B0175",2018-09-19,"Total Phosphorus","0.6","0.01","mg/L as P",NA,"N","N","Wings Landing","38.22611",-122.03844,"15:55","Bryte","Wings Breach (near brood pond)"
"1019","2078","EF0918B0174",2018-09-19,"Dissolved Ammonia","0.08","0.01","mg/L as N",NA,"N","N","Wings Landing","38.22601",-122.03826,"16:00","Bryte","Wings Inside"
"1020","2078","EF0918B0174",2018-09-19,"Dissolved Nitrate + Nitrite","1.37","0.01","mg/L as N",NA,"Y","N","Wings Landing","38.22601",-122.03826,"16:00","Bryte","Wings Inside"
"1021","2078","EF0918B0174",2018-09-19,"Dissolved Organic Nitrogen","0.5","0.1","mg/L as N",NA,"N","N","Wings Landing","38.22601",-122.03826,"16:00","Bryte","Wings Inside"
"1022","2078","EF0918B0174",2018-09-19,"Dissolved ortho-Phosphate","0.526","0.01","mg/L as P",NA,"N","N","Wings Landing","38.22601",-122.03826,"16:00","Bryte","Wings Inside"
"1023","2078","EF0918B0174",2018-09-19,"Total Kjeldahl Nitrogen","0.8","0.1","mg/L as N",NA,"N","N","Wings Landing","38.22601",-122.03826,"16:00","Bryte","Wings Inside"
"1024","2078","EF0918B0174",2018-09-19,"Total Phosphorus","0.6","0.01","mg/L as P",NA,"N","N","Wings Landing","38.22601",-122.03826,"16:00","Bryte","Wings Inside"
"1025","2077","EF0918B0176",2018-09-19,"Dissolved Ammonia","0.06","0.01","mg/L as N",NA,"N","N","Wings Landing","38.22581",-122.03702,"16:15","Bryte","Wings Outside"
"1026","2077","EF0918B0176",2018-09-19,"Dissolved Nitrate + Nitrite","0.754","0.01","mg/L as N",NA,"Y","N","Wings Landing","38.22581",-122.03702,"16:15","Bryte","Wings Outside"
"1027","2077","EF0918B0176",2018-09-19,"Dissolved Organic Nitrogen","0.6","0.1","mg/L as N",NA,"N","N","Wings Landing","38.22581",-122.03702,"16:15","Bryte","Wings Outside"
"1028","2077","EF0918B0176",2018-09-19,"Dissolved ortho-Phosphate","0.53","0.01","mg/L as P",NA,"N","N","Wings Landing","38.22581",-122.03702,"16:15","Bryte","Wings Outside"
"1029","2077","EF0918B0176",2018-09-19,"Total Kjeldahl Nitrogen","0.8","0.1","mg/L as N",NA,"N","N","Wings Landing","38.22581",-122.03702,"16:15","Bryte","Wings Outside"
"1030","2077","EF0918B0176",2018-09-19,"Total Phosphorus","0.624","0.01","mg/L as P",NA,"N","N","Wings Landing","38.22581",-122.03702,"16:15","Bryte","Wings Outside"
"1031","2138","EF1018B0187",2018-10-04,"Dissolved Ammonia","0.07","0.01","mg/L as N",NA,"N","N","Winter Island","38.04556",-121.84406,"13:07","Bryte",NA
"1032","2138","EF1018B0187",2018-10-04,"Dissolved Nitrate + Nitrite","0.27","0.01","mg/L as N",NA,"Y","N","Winter Island","38.04556",-121.84406,"13:07","Bryte",NA
"1033","2138","EF1018B0187",2018-10-04,"Dissolved Organic Nitrogen","<0.1","0.1","mg/L as N",NA,"N","N","Winter Island","38.04556",-121.84406,"13:07","Bryte",NA
"1034","2138","EF1018B0187",2018-10-04,"Dissolved ortho-Phosphate","0.099","0.01","mg/L as P",NA,"N","N","Winter Island","38.04556",-121.84406,"13:07","Bryte",NA
"1035","2138","EF1018B0187",2018-10-04,"Total Kjeldahl Nitrogen","0.254","0.1","mg/L as N",NA,"N","N","Winter Island","38.04556",-121.84406,"13:07","Bryte",NA
"1036","2138","EF1018B0187",2018-10-04,"Total Kjeldahl Nitrogen","0.3","0.1","mg/L as N",NA,"N","N","Winter Island","38.04556",-121.84406,"13:07","Bryte",NA
"1037","2138","EF1018B0187",2018-10-04,"Total Phosphorus","0.108","0.01","mg/L as P",NA,"N","N","Winter Island","38.04556",-121.84406,"13:07","Bryte",NA
"1038","2138","EF1018B0187",2018-10-04,"Total Phosphorus","0.1","0.01","mg/L as P",NA,"N","N","Winter Island","38.04556",-121.84406,"13:07","Bryte",NA
"1039","2138","EF1018B0186",2018-10-04,"Dissolved Ammonia","0.07","0.01","mg/L as N",NA,"N","N","Winter Island","38.04624",-121.84698,"13:07","Bryte",NA
"1040","2138","EF1018B0186",2018-10-04,"Dissolved Nitrate + Nitrite","0.27","0.01","mg/L as N",NA,"Y","N","Winter Island","38.04624",-121.84698,"13:07","Bryte",NA
"1041","2138","EF1018B0186",2018-10-04,"Dissolved Organic Nitrogen","0.13","0.1","mg/L as N",NA,"N","N","Winter Island","38.04624",-121.84698,"13:07","Bryte",NA
"1042","2138","EF1018B0186",2018-10-04,"Dissolved ortho-Phosphate","0.086","0.01","mg/L as P",NA,"N","N","Winter Island","38.04624",-121.84698,"13:07","Bryte",NA
"1043","2138","EF1018B0186",2018-10-04,"Total Kjeldahl Nitrogen","0.249","0.1","mg/L as N",NA,"N","N","Winter Island","38.04624",-121.84698,"13:07","Bryte",NA
"1044","2138","EF1018B0186",2018-10-04,"Total Phosphorus","0.108","0.01","mg/L as P",NA,"N","N","Winter Island","38.04624",-121.84698,"13:07","Bryte",NA
"1045","2138","EF1018B0184",2018-10-04,"Chlorophyll a","1.83","0.5","ug/L",NA,"N","N","Winter Island","38.05355",-121.85489,"13:07","Bryte",NA
"1046","2138","EF1018B0184",2018-10-04,"Dissolved Ammonia","0.07","0.01","mg/L as N",NA,"N","N","Winter Island","38.05355",-121.85489,"13:07","Bryte",NA
"1047","2138","EF1018B0184",2018-10-04,"Dissolved Nitrate + Nitrite","0.28","0.01","mg/L as N",NA,"Y","N","Winter Island","38.05355",-121.85489,"13:07","Bryte",NA
"1048","2138","EF1018B0184",2018-10-04,"Dissolved Organic Nitrogen","<0.1","0.1","mg/L as N",NA,"N","N","Winter Island","38.05355",-121.85489,"13:07","Bryte",NA
"1049","2138","EF1018B0184",2018-10-04,"Dissolved ortho-Phosphate","0.087","0.01","mg/L as P",NA,"N","N","Winter Island","38.05355",-121.85489,"13:07","Bryte",NA
"1050","2138","EF1018B0184",2018-10-04,"Pheophytin a","0.85","0.5","ug/L",NA,"N","N","Winter Island","38.05355",-121.85489,"13:07","Bryte",NA
"1051","2138","EF1018B0184",2018-10-04,"Total Kjeldahl Nitrogen","0.3","0.1","mg/L as N",NA,"N","N","Winter Island","38.05355",-121.85489,"13:07","Bryte",NA
"1052","2138","EF1018B0184",2018-10-04,"Total Phosphorus","0.1","0.01","mg/L as P",NA,"N","N","Winter Island","38.05355",-121.85489,"13:07","Bryte",NA
"1053","2081","EF1018B0204",2018-10-09,"Dissolved Ammonia","0.03","0.01","mg/L as N",NA,"N","N","Prospect Island","38.24494",-121.66364,"10:15","Bryte","Prospect Breach"
"1054","2081","EF1018B0204",2018-10-09,"Dissolved Nitrate + Nitrite","0.03","0.01","mg/L as N",NA,"Y","N","Prospect Island","38.24494",-121.66364,"10:15","Bryte","Prospect Breach"
"1055","2081","EF1018B0204",2018-10-09,"Dissolved Organic Nitrogen","0.12","0.1","mg/L as N",NA,"N","N","Prospect Island","38.24494",-121.66364,"10:15","Bryte","Prospect Breach"
"1056","2081","EF1018B0204",2018-10-09,"Dissolved ortho-Phosphate","0.026","0.01","mg/L as P",NA,"N","N","Prospect Island","38.24494",-121.66364,"10:15","Bryte","Prospect Breach"
"1057","2081","EF1018B0204",2018-10-09,"Total Kjeldahl Nitrogen","0.191","0.1","mg/L as N",NA,"N","N","Prospect Island","38.24494",-121.66364,"10:15","Bryte","Prospect Breach"
"1058","2081","EF1018B0204",2018-10-09,"Total Phosphorus","0.03","0.01","mg/L as P",NA,"N","N","Prospect Island","38.24494",-121.66364,"10:15","Bryte","Prospect Breach"
"1059","2082","EF1018B0203",2018-10-09,"Chlorophyll a","<0.5","0.5","ug/L",NA,"N","N","Miner Slough","38.245",-121.66364,"10:25","Bryte","Prospect Inside"
"1060","2082","EF1018B0203",2018-10-09,"Dissolved Ammonia","0.03","0.01","mg/L as N",NA,"N","N","Miner Slough","38.245",-121.66364,"10:25","Bryte","Prospect Inside"
"1061","2082","EF1018B0203",2018-10-09,"Dissolved Nitrate + Nitrite","0.027","0.01","mg/L as N",NA,"Y","N","Miner Slough","38.245",-121.66364,"10:25","Bryte","Prospect Inside"
"1062","2082","EF1018B0203",2018-10-09,"Dissolved Organic Nitrogen","0.1","0.1","mg/L as N",NA,"N","N","Miner Slough","38.245",-121.66364,"10:25","Bryte","Prospect Inside"
"1063","2082","EF1018B0203",2018-10-09,"Dissolved ortho-Phosphate","0.027","0.01","mg/L as P",NA,"N","N","Miner Slough","38.245",-121.66364,"10:25","Bryte","Prospect Inside"
"1064","2082","EF1018B0203",2018-10-09,"Pheophytin a","<0.5","0.5","ug/L",NA,"N","N","Miner Slough","38.245",-121.66364,"10:25","Bryte","Prospect Inside"
"1065","2082","EF1018B0203",2018-10-09,"Total Kjeldahl Nitrogen","0.187","0.1","mg/L as N",NA,"N","N","Miner Slough","38.245",-121.66364,"10:25","Bryte","Prospect Inside"
"1066","2082","EF1018B0203",2018-10-09,"Total Phosphorus","0.03","0.01","mg/L as P",NA,"N","N","Miner Slough","38.245",-121.66364,"10:25","Bryte","Prospect Inside"
"1067","2135","EF1018B0205",2018-10-09,"Dissolved Ammonia","0.1","0.01","mg/L as N",NA,"N","N","Miner Slough","38.24091",-121.66512,"10:45","Bryte","Prospect Outside"
"1068","2135","EF1018B0205",2018-10-09,"Dissolved Nitrate + Nitrite","0.156","0.01","mg/L as N",NA,"Y","N","Miner Slough","38.24091",-121.66512,"10:45","Bryte","Prospect Outside"
"1069","2135","EF1018B0205",2018-10-09,"Dissolved Organic Nitrogen","0.1","0.1","mg/L as N",NA,"N","N","Miner Slough","38.24091",-121.66512,"10:45","Bryte","Prospect Outside"
"1070","2135","EF1018B0205",2018-10-09,"Dissolved ortho-Phosphate","0.048","0.01","mg/L as P",NA,"N","N","Miner Slough","38.24091",-121.66512,"10:45","Bryte","Prospect Outside"
"1071","2135","EF1018B0205",2018-10-09,"Total Kjeldahl Nitrogen","0.3","0.1","mg/L as N",NA,"N","N","Miner Slough","38.24091",-121.66512,"10:45","Bryte","Prospect Outside"
"1072","2135","EF1018B0205",2018-10-09,"Total Phosphorus","0.05","0.01","mg/L as P",NA,"N","N","Miner Slough","38.24091",-121.66512,"10:45","Bryte","Prospect Outside"
"1073","2085","EF1018B0208",2018-10-09,"Dissolved Ammonia","0.13","0.01","mg/L as N",NA,"N","N","Liberty Island","38.2389",-121.68477,"10:50","Bryte","Liberty Outside"
"1074","2085","EF1018B0208",2018-10-09,"Dissolved Nitrate + Nitrite","0.2","0.01","mg/L as N",NA,"Y","N","Liberty Island","38.2389",-121.68477,"10:50","Bryte","Liberty Outside"
"1075","2085","EF1018B0208",2018-10-09,"Dissolved Organic Nitrogen","0.2","0.1","mg/L as N",NA,"N","N","Liberty Island","38.2389",-121.68477,"10:50","Bryte","Liberty Outside"
"1076","2085","EF1018B0208",2018-10-09,"Dissolved ortho-Phosphate","0.1","0.01","mg/L as P",NA,"N","N","Liberty Island","38.2389",-121.68477,"10:50","Bryte","Liberty Outside"
"1077","2085","EF1018B0208",2018-10-09,"Total Kjeldahl Nitrogen","0.3","0.1","mg/L as N",NA,"N","N","Liberty Island","38.2389",-121.68477,"10:50","Bryte","Liberty Outside"
"1078","2085","EF1018B0208",2018-10-09,"Total Phosphorus","0.105","0.01","mg/L as P",NA,"N","N","Liberty Island","38.2389",-121.68477,"10:50","Bryte","Liberty Outside"
"1079","2084","EF1018B0207",2018-10-09,"Dissolved Ammonia","0.1","0.01","mg/L as N",NA,"N","N","Liberty Island","38.24222",-121.68393,"10:55","Bryte","Liberty Breach"
"1080","2084","EF1018B0207",2018-10-09,"Dissolved Nitrate + Nitrite","0.17","0.01","mg/L as N",NA,"Y","N","Liberty Island","38.24222",-121.68393,"10:55","Bryte","Liberty Breach"
"1081","2084","EF1018B0207",2018-10-09,"Dissolved Organic Nitrogen","0.1","0.1","mg/L as N",NA,"N","N","Liberty Island","38.24222",-121.68393,"10:55","Bryte","Liberty Breach"
"1082","2084","EF1018B0207",2018-10-09,"Dissolved ortho-Phosphate","0.09","0.01","mg/L as P",NA,"N","N","Liberty Island","38.24222",-121.68393,"10:55","Bryte","Liberty Breach"
"1083","2084","EF1018B0207",2018-10-09,"Total Kjeldahl Nitrogen","0.3","0.1","mg/L as N",NA,"N","N","Liberty Island","38.24222",-121.68393,"10:55","Bryte","Liberty Breach"
"1084","2084","EF1018B0207",2018-10-09,"Total Phosphorus","0.09","0.01","mg/L as P",NA,"N","N","Liberty Island","38.24222",-121.68393,"10:55","Bryte","Liberty Breach"
"1085","2086","EF1018B0206",2018-10-09,"Dissolved Ammonia","0.06","0.01","mg/L as N",NA,"N","N","Liberty Island","38.2609",-121.68832,"11:00","Bryte","Liberty Inside"
"1086","2086","EF1018B0206",2018-10-09,"Dissolved Nitrate + Nitrite","0.17","0.01","mg/L as N",NA,"Y","N","Liberty Island","38.2609",-121.68832,"11:00","Bryte","Liberty Inside"
"1087","2086","EF1018B0206",2018-10-09,"Dissolved Organic Nitrogen","0.19","0.1","mg/L as N",NA,"N","N","Liberty Island","38.2609",-121.68832,"11:00","Bryte","Liberty Inside"
"1088","2086","EF1018B0206",2018-10-09,"Dissolved ortho-Phosphate","0.09","0.01","mg/L as P",NA,"N","N","Liberty Island","38.2609",-121.68832,"11:00","Bryte","Liberty Inside"
"1089","2086","EF1018B0206",2018-10-09,"Total Kjeldahl Nitrogen","0.3","0.1","mg/L as N",NA,"N","N","Liberty Island","38.2609",-121.68832,"11:00","Bryte","Liberty Inside"
"1090","2086","EF1018B0206",2018-10-09,"Total Phosphorus","0.09","0.01","mg/L as P",NA,"N","N","Liberty Island","38.2609",-121.68832,"11:00","Bryte","Liberty Inside"
"1091","2099","EF1018B0199",2018-10-12,"Chlorophyll a","1.13","0.5","ug/L",NA,"N","N","Decker Island","38.08393",-121.72415,"07:55","Bryte","Decker Breach Decker Breach"
"1092","2099","EF1018B0199",2018-10-12,"Dissolved Ammonia","0.06","0.01","mg/L as N",NA,"N","N","Decker Island","38.08393",-121.72415,"07:55","Bryte","Decker Breach Decker Breach"
"1093","2099","EF1018B0199",2018-10-12,"Dissolved Nitrate + Nitrite","0.28","0.01","mg/L as N",NA,"Y","N","Decker Island","38.08393",-121.72415,"07:55","Bryte","Decker Breach Decker Breach"
"1094","2099","EF1018B0199",2018-10-12,"Dissolved Organic Nitrogen","<0.1","0.1","mg/L as N",NA,"N","N","Decker Island","38.08393",-121.72415,"07:55","Bryte","Decker Breach Decker Breach"
"1095","2099","EF1018B0199",2018-10-12,"Dissolved ortho-Phosphate","0.07","0.01","mg/L as P",NA,"N","N","Decker Island","38.08393",-121.72415,"07:55","Bryte","Decker Breach Decker Breach"
"1096","2099","EF1018B0199",2018-10-12,"Pheophytin a","<0.5","0.5","ug/L",NA,"N","N","Decker Island","38.08393",-121.72415,"07:55","Bryte","Decker Breach Decker Breach"
"1097","2099","EF1018B0199",2018-10-12,"Total Kjeldahl Nitrogen","0.2","0.1","mg/L as N",NA,"N","N","Decker Island","38.08393",-121.72415,"07:55","Bryte","Decker Breach Decker Breach"
"1098","2099","EF1018B0199",2018-10-12,"Total Phosphorus","0.07","0.01","mg/L as P",NA,"N","N","Decker Island","38.08393",-121.72415,"07:55","Bryte","Decker Breach Decker Breach"
"1099","2098","EF1018B0201",2018-10-12,"Dissolved Ammonia","0.07","0.01","mg/L as N",NA,"N","N","Horseshoe Bend","38.08289",-121.72439,"08:05","Bryte",NA
"1100","2098","EF1018B0201",2018-10-12,"Dissolved Nitrate + Nitrite","0.314","0.01","mg/L as N",NA,"Y","N","Horseshoe Bend","38.08289",-121.72439,"08:05","Bryte",NA
"1101","2098","EF1018B0201",2018-10-12,"Dissolved Organic Nitrogen","<0.1","0.1","mg/L as N",NA,"N","N","Horseshoe Bend","38.08289",-121.72439,"08:05","Bryte",NA
"1102","2098","EF1018B0201",2018-10-12,"Dissolved ortho-Phosphate","0.078","0.01","mg/L as P",NA,"N","N","Horseshoe Bend","38.08289",-121.72439,"08:05","Bryte",NA
"1103","2098","EF1018B0201",2018-10-12,"Total Kjeldahl Nitrogen","0.224","0.1","mg/L as N",NA,"N","N","Horseshoe Bend","38.08289",-121.72439,"08:05","Bryte",NA
"1104","2098","EF1018B0201",2018-10-12,"Total Phosphorus","0.08","0.01","mg/L as P",NA,"N","N","Horseshoe Bend","38.08289",-121.72439,"08:05","Bryte",NA
"1105","2113","EF1018B0189",2018-10-17,"Chlorophyll a","0.65","0.5","ug/L",NA,"N","N","Browns Island","38.03832",-121.86091,"11:55","Bryte","Browns Inside (back pond)"
"1106","2113","EF1018B0189",2018-10-17,"Dissolved Ammonia","0.05","0.01","mg/L as N",NA,"N","N","Browns Island","38.03832",-121.86091,"11:55","Bryte","Browns Inside (back pond)"
"1107","2113","EF1018B0189",2018-10-17,"Dissolved Nitrate + Nitrite","0.193","0.01","mg/L as N",NA,"Y","N","Browns Island","38.03832",-121.86091,"11:55","Bryte","Browns Inside (back pond)"
"1108","2113","EF1018B0189",2018-10-17,"Dissolved Organic Nitrogen","0.1","0.1","mg/L as N",NA,"N","N","Browns Island","38.03832",-121.86091,"11:55","Bryte","Browns Inside (back pond)"
"1109","2113","EF1018B0189",2018-10-17,"Dissolved ortho-Phosphate","0.074","0.01","mg/L as P",NA,"N","N","Browns Island","38.03832",-121.86091,"11:55","Bryte","Browns Inside (back pond)"
"1110","2113","EF1018B0189",2018-10-17,"Pheophytin a","<0.5","0.5","ug/L",NA,"N","N","Browns Island","38.03832",-121.86091,"11:55","Bryte","Browns Inside (back pond)"
"1111","2113","EF1018B0189",2018-10-17,"Total Kjeldahl Nitrogen","0.2","0.1","mg/L as N",NA,"N","N","Browns Island","38.03832",-121.86091,"11:55","Bryte","Browns Inside (back pond)"
"1112","2113","EF1018B0189",2018-10-17,"Total Phosphorus","0.08","0.01","mg/L as P",NA,"N","N","Browns Island","38.03832",-121.86091,"11:55","Bryte","Browns Inside (back pond)"
"1113","2114","EF1018B0190",2018-10-17,"Dissolved Ammonia","0.07","0.01","mg/L as N",NA,"N","N","Browns Island","38.043",-121.87303,"13:10","Bryte","Browns Breach"
"1114","2114","EF1018B0190",2018-10-17,"Dissolved Nitrate + Nitrite","0.3","0.01","mg/L as N",NA,"Y","N","Browns Island","38.043",-121.87303,"13:10","Bryte","Browns Breach"
"1115","2114","EF1018B0190",2018-10-17,"Dissolved Organic Nitrogen","0.2","0.1","mg/L as N",NA,"N","N","Browns Island","38.043",-121.87303,"13:10","Bryte","Browns Breach"
"1116","2114","EF1018B0190",2018-10-17,"Dissolved ortho-Phosphate","0.086","0.01","mg/L as P",NA,"N","N","Browns Island","38.043",-121.87303,"13:10","Bryte","Browns Breach"
"1117","2114","EF1018B0190",2018-10-17,"Total Kjeldahl Nitrogen","0.315","0.1","mg/L as N",NA,"N","N","Browns Island","38.043",-121.87303,"13:10","Bryte","Browns Breach"
"1118","2114","EF1018B0190",2018-10-17,"Total Phosphorus","0.09","0.01","mg/L as P",NA,"N","N","Browns Island","38.043",-121.87303,"13:10","Bryte","Browns Breach"
"1119","2115","EF1018B0191",2018-10-17,"Dissolved Ammonia","0.07","0.01","mg/L as N",NA,"N","N","Browns Island","38.04361",-121.87373,"13:40","Bryte","Browns Outside"
"1120","2115","EF1018B0191",2018-10-17,"Dissolved Nitrate + Nitrite","0.3","0.01","mg/L as N",NA,"Y","N","Browns Island","38.04361",-121.87373,"13:40","Bryte","Browns Outside"
"1121","2115","EF1018B0191",2018-10-17,"Dissolved Organic Nitrogen","<0.1","0.1","mg/L as N",NA,"N","N","Browns Island","38.04361",-121.87373,"13:40","Bryte","Browns Outside"
"1122","2115","EF1018B0191",2018-10-17,"Dissolved ortho-Phosphate","0.086","0.01","mg/L as P",NA,"N","N","Browns Island","38.04361",-121.87373,"13:40","Bryte","Browns Outside"
"1123","2115","EF1018B0191",2018-10-17,"Total Kjeldahl Nitrogen","0.2","0.1","mg/L as N",NA,"N","N","Browns Island","38.04361",-121.87373,"13:40","Bryte","Browns Outside"
"1124","2115","EF1018B0191",2018-10-17,"Total Phosphorus","0.09","0.01","mg/L as P",NA,"N","N","Browns Island","38.04361",-121.87373,"13:40","Bryte","Browns Outside"
"1125","2091","EF1018B0192",2018-10-18,"Chlorophyll a","1","0.5","ug/L",NA,"N","N","Grizzly Bay","38.10254",-122.00563,"12:44","Bryte","Grizzly"
"1126","2091","EF1018B0192",2018-10-18,"Dissolved Ammonia","0.08","0.01","mg/L as N",NA,"N","N","Grizzly Bay","38.10254",-122.00563,"12:44","Bryte","Grizzly"
"1127","2091","EF1018B0192",2018-10-18,"Dissolved Nitrate + Nitrite","0.33","0.01","mg/L as N",NA,"Y","N","Grizzly Bay","38.10254",-122.00563,"12:44","Bryte","Grizzly"
"1128","2091","EF1018B0192",2018-10-18,"Dissolved Organic Nitrogen","<0.1","0.1","mg/L as N",NA,"N","N","Grizzly Bay","38.10254",-122.00563,"12:44","Bryte","Grizzly"
"1129","2091","EF1018B0192",2018-10-18,"Dissolved ortho-Phosphate","0.08","0.01","mg/L as P",NA,"N","N","Grizzly Bay","38.10254",-122.00563,"12:44","Bryte","Grizzly"
"1130","2091","EF1018B0192",2018-10-18,"Pheophytin a","<0.5","0.5","ug/L",NA,"N","N","Grizzly Bay","38.10254",-122.00563,"12:44","Bryte","Grizzly"
"1131","2091","EF1018B0192",2018-10-18,"Total Kjeldahl Nitrogen","0.216","0.1","mg/L as N",NA,"N","N","Grizzly Bay","38.10254",-122.00563,"12:44","Bryte","Grizzly"
"1132","2091","EF1018B0192",2018-10-18,"Total Phosphorus","0.09","0.01","mg/L as P",NA,"N","N","Grizzly Bay","38.10254",-122.00563,"12:44","Bryte","Grizzly"
"1133","2091","EF1018B0193",2018-10-18,"Dissolved Ammonia","0.078","0.01","mg/L as N",NA,"N","N","Grizzly Bay","38.10282",-122.00293,"12:50","Bryte","Grizzly"
"1134","2091","EF1018B0193",2018-10-18,"Dissolved Nitrate + Nitrite","0.32","0.01","mg/L as N",NA,"Y","N","Grizzly Bay","38.10282",-122.00293,"12:50","Bryte","Grizzly"
"1135","2091","EF1018B0193",2018-10-18,"Dissolved Organic Nitrogen","<0.1","0.1","mg/L as N",NA,"N","N","Grizzly Bay","38.10282",-122.00293,"12:50","Bryte","Grizzly"
"1136","2091","EF1018B0193",2018-10-18,"Dissolved ortho-Phosphate","0.096","0.01","mg/L as P",NA,"N","N","Grizzly Bay","38.10282",-122.00293,"12:50","Bryte","Grizzly"
"1137","2091","EF1018B0193",2018-10-18,"Total Kjeldahl Nitrogen","0.187","0.1","mg/L as N",NA,"N","N","Grizzly Bay","38.10282",-122.00293,"12:50","Bryte","Grizzly"
"1138","2091","EF1018B0193",2018-10-18,"Total Phosphorus","0.1","0.01","mg/L as P",NA,"N","N","Grizzly Bay","38.10282",-122.00293,"12:50","Bryte","Grizzly"
"1139","2132","EF1018B0196",2018-10-18,"Dissolved Ammonia","0.159","0.01","mg/L as N",NA,"N","N","Wings Landing","38.22594",-122.03484,"13:47","Bryte","Wings"
"1140","2132","EF1018B0196",2018-10-18,"Dissolved Nitrate + Nitrite","0.57","0.01","mg/L as N",NA,"Y","N","Wings Landing","38.22594",-122.03484,"13:47","Bryte","Wings"
"1141","2132","EF1018B0196",2018-10-18,"Dissolved Organic Nitrogen","0.8","0.1","mg/L as N",NA,"N","N","Wings Landing","38.22594",-122.03484,"13:47","Bryte","Wings"
"1142","2132","EF1018B0196",2018-10-18,"Dissolved ortho-Phosphate","0.249","0.01","mg/L as P",NA,"N","N","Wings Landing","38.22594",-122.03484,"13:47","Bryte","Wings"
"1143","2132","EF1018B0196",2018-10-18,"Total Kjeldahl Nitrogen","1.24","0.1","mg/L as N",NA,"N","N","Wings Landing","38.22594",-122.03484,"13:47","Bryte","Wings"
"1144","2132","EF1018B0196",2018-10-18,"Total Phosphorus","0.37","0.01","mg/L as P",NA,"N","N","Wings Landing","38.22594",-122.03484,"13:47","Bryte","Wings"
"1145","2092","EF1018B0194",2018-10-18,"Dissolved Ammonia","0.13","0.01","mg/L as N",NA,"N","N","Wings Landing","38.22599",-122.03828,"13:55","Bryte","Wings"
"1146","2092","EF1018B0194",2018-10-18,"Dissolved Nitrate + Nitrite","0.34","0.01","mg/L as N",NA,"Y","N","Wings Landing","38.22599",-122.03828,"13:55","Bryte","Wings"
"1147","2092","EF1018B0194",2018-10-18,"Dissolved Organic Nitrogen","1","0.1","mg/L as N",NA,"N","N","Wings Landing","38.22599",-122.03828,"13:55","Bryte","Wings"
"1148","2092","EF1018B0194",2018-10-18,"Dissolved ortho-Phosphate","0.185","0.01","mg/L as P",NA,"N","N","Wings Landing","38.22599",-122.03828,"13:55","Bryte","Wings"
"1149","2092","EF1018B0194",2018-10-18,"Total Kjeldahl Nitrogen","1.29","0.1","mg/L as N",NA,"N","N","Wings Landing","38.22599",-122.03828,"13:55","Bryte","Wings"
"1150","2092","EF1018B0194",2018-10-18,"Total Phosphorus","0.35","0.01","mg/L as P",NA,"N","N","Wings Landing","38.22599",-122.03828,"13:55","Bryte","Wings"
"1151","2134","EF1018B0195",2018-10-18,"Dissolved Ammonia","0.13","0.01","mg/L as N",NA,"N","N","Wings Landing","38.22617",-122.03854,"14:02","Bryte","Wings"
"1152","2134","EF1018B0195",2018-10-18,"Dissolved Nitrate + Nitrite","0.59","0.01","mg/L as N",NA,"Y","N","Wings Landing","38.22617",-122.03854,"14:02","Bryte","Wings"
"1153","2134","EF1018B0195",2018-10-18,"Dissolved Organic Nitrogen","0.9","0.1","mg/L as N",NA,"N","N","Wings Landing","38.22617",-122.03854,"14:02","Bryte","Wings"
"1154","2134","EF1018B0195",2018-10-18,"Dissolved ortho-Phosphate","0.243","0.01","mg/L as P",NA,"N","N","Wings Landing","38.22617",-122.03854,"14:02","Bryte","Wings"
"1155","2134","EF1018B0195",2018-10-18,"Total Kjeldahl Nitrogen","1.25","0.1","mg/L as N",NA,"N","N","Wings Landing","38.22617",-122.03854,"14:02","Bryte","Wings"
"1156","2134","EF1018B0195",2018-10-18,"Total Phosphorus","0.36","0.01","mg/L as P",NA,"N","N","Wings Landing","38.22617",-122.03854,"14:02","Bryte","Wings"
"1157","2129","EF1118B0210",2018-11-02,"Chlorophyll a","3.24","0.5","ug/L",NA,"N","N","Winter Island","38.04789",-121.84851,"13:30","Bryte",NA
"1158","2129","EF1118B0210",2018-11-02,"Dissolved Ammonia","0.08","0.05","mg/L as N",NA,"N","N","Winter Island","38.04789",-121.84851,"13:30","Bryte",NA
"1159","2129","EF1118B0210",2018-11-02,"Dissolved Nitrate + Nitrite","0.36","0.05","mg/L as N",NA,"N","N","Winter Island","38.04789",-121.84851,"13:30","Bryte",NA
"1160","2129","EF1118B0210",2018-11-02,"Dissolved Organic Nitrogen","<0.1","0.1","mg/L as N",NA,"N","N","Winter Island","38.04789",-121.84851,"13:30","Bryte",NA
"1161","2129","EF1118B0210",2018-11-02,"Dissolved ortho-Phosphate","0.08","0.05","mg/L as P",NA,"N","N","Winter Island","38.04789",-121.84851,"13:30","Bryte",NA
"1162","2129","EF1118B0210",2018-11-02,"Pheophytin a","<0.5","0.5","ug/L",NA,"N","N","Winter Island","38.04789",-121.84851,"13:30","Bryte",NA
"1163","2129","EF1118B0210",2018-11-02,"Total Kjeldahl Nitrogen","0.2","0.1","mg/L as N",NA,"N","N","Winter Island","38.04789",-121.84851,"13:30","Bryte",NA
"1164","2129","EF1118B0210",2018-11-02,"Total Phosphorus","0.08","0.01","mg/L as P",NA,"N","N","Winter Island","38.04789",-121.84851,"13:30","Bryte",NA
"1165","2127","EF1118B0212",2018-11-02,"Dissolved Ammonia","0.08","0.05","mg/L as N",NA,"N","N","Broad Slough","38.04847",-121.84779,"13:50","Bryte","no GPS available; WINT outside"
"1166","2127","EF1118B0212",2018-11-02,"Dissolved Nitrate + Nitrite","0.373","0.05","mg/L as N",NA,"N","N","Broad Slough","38.04847",-121.84779,"13:50","Bryte","no GPS available; WINT outside"
"1167","2127","EF1118B0212",2018-11-02,"Dissolved Organic Nitrogen","<0.1","0.1","mg/L as N",NA,"N","N","Broad Slough","38.04847",-121.84779,"13:50","Bryte","no GPS available; WINT outside"
"1168","2127","EF1118B0212",2018-11-02,"Dissolved ortho-Phosphate","0.085","0.05","mg/L as P",NA,"N","N","Broad Slough","38.04847",-121.84779,"13:50","Bryte","no GPS available; WINT outside"
"1169","2127","EF1118B0212",2018-11-02,"Total Kjeldahl Nitrogen","0.2","0.1","mg/L as N",NA,"N","N","Broad Slough","38.04847",-121.84779,"13:50","Bryte","no GPS available; WINT outside"
"1170","2127","EF1118B0212",2018-11-02,"Total Phosphorus","0.09","0.01","mg/L as P",NA,"N","N","Broad Slough","38.04847",-121.84779,"13:50","Bryte","no GPS available; WINT outside"
"1171","2122","EF1118B0211",2018-11-02,"Dissolved Ammonia","0.08","0.05","mg/L as N",NA,"N","N","Winter Island","38.04789",-121.84851,"14:05","Bryte",NA
"1172","2122","EF1118B0211",2018-11-02,"Dissolved Nitrate + Nitrite","0.36","0.05","mg/L as N",NA,"N","N","Winter Island","38.04789",-121.84851,"14:05","Bryte",NA
"1173","2122","EF1118B0211",2018-11-02,"Dissolved Organic Nitrogen","<0.1","0.1","mg/L as N",NA,"N","N","Winter Island","38.04789",-121.84851,"14:05","Bryte",NA
"1174","2122","EF1118B0211",2018-11-02,"Dissolved ortho-Phosphate","0.083","0.05","mg/L as P",NA,"N","N","Winter Island","38.04789",-121.84851,"14:05","Bryte",NA
"1175","2122","EF1118B0211",2018-11-02,"Total Kjeldahl Nitrogen","0.2","0.1","mg/L as N",NA,"N","N","Winter Island","38.04789",-121.84851,"14:05","Bryte",NA
"1176","2122","EF1118B0211",2018-11-02,"Total Phosphorus","0.09","0.01","mg/L as P",NA,"N","N","Winter Island","38.04789",-121.84851,"14:05","Bryte",NA
"1177","1006","EF1118B0215",2018-11-08,"Dissolved Ammonia","<0.05","0.05","mg/L as N",NA,"N","N","Miner Slough","38.2449",-121.66357,"10:30","Bryte","Prospect Breach"
"1178","1006","EF1118B0215",2018-11-08,"Dissolved Nitrate + Nitrite","<0.05","0.05","mg/L as N",NA,"N","N","Miner Slough","38.2449",-121.66357,"10:30","Bryte","Prospect Breach"
"1179","1006","EF1118B0215",2018-11-08,"Dissolved Organic Nitrogen","0.11","0.1","mg/L as N",NA,"N","N","Miner Slough","38.2449",-121.66357,"10:30","Bryte","Prospect Breach"
"1180","1006","EF1118B0215",2018-11-08,"Dissolved ortho-Phosphate","<0.05","0.05","mg/L as P",NA,"N","N","Miner Slough","38.2449",-121.66357,"10:30","Bryte","Prospect Breach"
"1181","1006","EF1118B0215",2018-11-08,"Total Kjeldahl Nitrogen","0.2","0.1","mg/L as N",NA,"N","N","Miner Slough","38.2449",-121.66357,"10:30","Bryte","Prospect Breach"
"1182","1006","EF1118B0215",2018-11-08,"Total Phosphorus","0.03","0.01","mg/L as P",NA,"N","N","Miner Slough","38.2449",-121.66357,"10:30","Bryte","Prospect Breach"
"1183","1043","EF1118B0214",2018-11-08,"Chlorophyll a","<0.5","0.5","ug/L",NA,"N","N","Miner Slough","38.24502",-121.6636,"10:35","Bryte","Prospect Inside"
"1184","1043","EF1118B0214",2018-11-08,"Dissolved Ammonia","<0.05","0.05","mg/L as N",NA,"N","N","Miner Slough","38.24502",-121.6636,"10:35","Bryte","Prospect Inside"
"1185","1043","EF1118B0214",2018-11-08,"Dissolved Nitrate + Nitrite","<0.05","0.05","mg/L as N",NA,"N","N","Miner Slough","38.24502",-121.6636,"10:35","Bryte","Prospect Inside"
"1186","1043","EF1118B0214",2018-11-08,"Dissolved Organic Nitrogen","0.12","0.1","mg/L as N",NA,"N","N","Miner Slough","38.24502",-121.6636,"10:35","Bryte","Prospect Inside"
"1187","1043","EF1118B0214",2018-11-08,"Dissolved ortho-Phosphate","<0.05","0.05","mg/L as P",NA,"N","N","Miner Slough","38.24502",-121.6636,"10:35","Bryte","Prospect Inside"
"1188","1043","EF1118B0214",2018-11-08,"Pheophytin a","<0.5","0.5","ug/L",NA,"N","N","Miner Slough","38.24502",-121.6636,"10:35","Bryte","Prospect Inside"
"1189","1043","EF1118B0214",2018-11-08,"Total Kjeldahl Nitrogen","0.193","0.1","mg/L as N",NA,"N","N","Miner Slough","38.24502",-121.6636,"10:35","Bryte","Prospect Inside"
"1190","1043","EF1118B0214",2018-11-08,"Total Phosphorus","0.03","0.01","mg/L as P",NA,"N","N","Miner Slough","38.24502",-121.6636,"10:35","Bryte","Prospect Inside"
"1191","1064","EF1118B0216",2018-11-08,"Dissolved Ammonia","0.249","0.05","mg/L as N",NA,"N","N","Miner Slough","38.24082",-121.66512,"12:04","Bryte","Prospect Outside"
"1192","1064","EF1118B0216",2018-11-08,"Dissolved Nitrate + Nitrite","0.24","0.05","mg/L as N",NA,"N","N","Miner Slough","38.24082",-121.66512,"12:04","Bryte","Prospect Outside"
"1193","1064","EF1118B0216",2018-11-08,"Dissolved Organic Nitrogen","0.11","0.1","mg/L as N",NA,"N","N","Miner Slough","38.24082",-121.66512,"12:04","Bryte","Prospect Outside"
"1194","1064","EF1118B0216",2018-11-08,"Dissolved ortho-Phosphate","0.077","0.05","mg/L as P",NA,"N","N","Miner Slough","38.24082",-121.66512,"12:04","Bryte","Prospect Outside"
"1195","1064","EF1118B0216",2018-11-08,"Total Kjeldahl Nitrogen","0.4","0.1","mg/L as N",NA,"N","N","Miner Slough","38.24082",-121.66512,"12:04","Bryte","Prospect Outside"
"1196","1064","EF1118B0216",2018-11-08,"Total Phosphorus","0.08","0.01","mg/L as P",NA,"N","N","Miner Slough","38.24082",-121.66512,"12:04","Bryte","Prospect Outside"
"1197","1008","EF1118B0219",2018-11-08,"Dissolved Ammonia","0.2","0.05","mg/L as N",NA,"N","N","Liberty Island","38.23989",-121.68505,"12:23","Bryte","Liberty Outside"
"1198","1008","EF1118B0219",2018-11-08,"Dissolved Nitrate + Nitrite","0.36","0.05","mg/L as N",NA,"N","N","Liberty Island","38.23989",-121.68505,"12:23","Bryte","Liberty Outside"
"1199","1008","EF1118B0219",2018-11-08,"Dissolved Organic Nitrogen","0.1","0.1","mg/L as N",NA,"N","N","Liberty Island","38.23989",-121.68505,"12:23","Bryte","Liberty Outside"
"1200","1008","EF1118B0219",2018-11-08,"Dissolved ortho-Phosphate","0.093","0.05","mg/L as P",NA,"N","N","Liberty Island","38.23989",-121.68505,"12:23","Bryte","Liberty Outside"
"1201","1008","EF1118B0219",2018-11-08,"Total Kjeldahl Nitrogen","0.5","0.1","mg/L as N",NA,"N","N","Liberty Island","38.23989",-121.68505,"12:23","Bryte","Liberty Outside"
"1202","1008","EF1118B0219",2018-11-08,"Total Phosphorus","0.094","0.01","mg/L as P",NA,"N","N","Liberty Island","38.23989",-121.68505,"12:23","Bryte","Liberty Outside"
"1203","2141","EF1118B0218",2018-11-08,"Dissolved Ammonia","0.14","0.05","mg/L as N",NA,"N","N","Liberty Island","38.24125",-121.68472,"12:28","Bryte","Liberty Breach"
"1204","2141","EF1118B0218",2018-11-08,"Dissolved Nitrate + Nitrite","0.36","0.05","mg/L as N",NA,"N","N","Liberty Island","38.24125",-121.68472,"12:28","Bryte","Liberty Breach"
"1205","2141","EF1118B0218",2018-11-08,"Dissolved Organic Nitrogen","0.12","0.1","mg/L as N",NA,"N","N","Liberty Island","38.24125",-121.68472,"12:28","Bryte","Liberty Breach"
"1206","2141","EF1118B0218",2018-11-08,"Dissolved ortho-Phosphate","0.079","0.05","mg/L as P",NA,"N","N","Liberty Island","38.24125",-121.68472,"12:28","Bryte","Liberty Breach"
"1207","2141","EF1118B0218",2018-11-08,"Total Kjeldahl Nitrogen","0.378","0.1","mg/L as N",NA,"N","N","Liberty Island","38.24125",-121.68472,"12:28","Bryte","Liberty Breach"
"1208","2141","EF1118B0218",2018-11-08,"Total Phosphorus","0.09","0.01","mg/L as P",NA,"N","N","Liberty Island","38.24125",-121.68472,"12:28","Bryte","Liberty Breach"
"1209","1638","EF1118B0217",2018-11-08,"Dissolved Ammonia","0.14","0.05","mg/L as N",NA,"N","N","Liberty Island","38.24452",-121.6835,"12:33","Bryte","Liberty Inside"
"1210","1638","EF1118B0217",2018-11-08,"Dissolved Nitrate + Nitrite","0.36","0.05","mg/L as N",NA,"N","N","Liberty Island","38.24452",-121.6835,"12:33","Bryte","Liberty Inside"
"1211","1638","EF1118B0217",2018-11-08,"Dissolved Organic Nitrogen","0.1","0.1","mg/L as N",NA,"N","N","Liberty Island","38.24452",-121.6835,"12:33","Bryte","Liberty Inside"
"1212","1638","EF1118B0217",2018-11-08,"Dissolved ortho-Phosphate","0.089","0.05","mg/L as P",NA,"N","N","Liberty Island","38.24452",-121.6835,"12:33","Bryte","Liberty Inside"
"1213","1638","EF1118B0217",2018-11-08,"Total Kjeldahl Nitrogen","0.4","0.1","mg/L as N",NA,"N","N","Liberty Island","38.24452",-121.6835,"12:33","Bryte","Liberty Inside"
"1214","1638","EF1118B0217",2018-11-08,"Total Phosphorus","0.114","0.01","mg/L as P",NA,"N","N","Liberty Island","38.24452",-121.6835,"12:33","Bryte","Liberty Inside"
"1215","2142","EF1118B0235",2018-11-13,"Dissolved Ammonia","0.08","0.05","mg/L as N",NA,"N","N","Chipps Island","38.08384",-121.72417,"12:20","Bryte","Decker Breach"
"1216","2142","EF1118B0235",2018-11-13,"Dissolved Nitrate + Nitrite","0.34","0.05","mg/L as N",NA,"N","N","Chipps Island","38.08384",-121.72417,"12:20","Bryte","Decker Breach"
"1217","2142","EF1118B0235",2018-11-13,"Dissolved Organic Nitrogen","0.2","0.1","mg/L as N",NA,"N","N","Chipps Island","38.08384",-121.72417,"12:20","Bryte","Decker Breach"
"1218","2142","EF1118B0235",2018-11-13,"Dissolved ortho-Phosphate","<0.05","0.05","mg/L as P",NA,"N","N","Chipps Island","38.08384",-121.72417,"12:20","Bryte","Decker Breach"
"1219","2142","EF1118B0235",2018-11-13,"Total Kjeldahl Nitrogen","0.4","0.1","mg/L as N",NA,"N","N","Chipps Island","38.08384",-121.72417,"12:20","Bryte","Decker Breach"
"1220","2142","EF1118B0235",2018-11-13,"Total Phosphorus","0.05","0.01","mg/L as P",NA,"N","N","Chipps Island","38.08384",-121.72417,"12:20","Bryte","Decker Breach"
"1221","1028","EF1118B0236",2018-11-13,"Chlorophyll a","1.15","0.5","ug/L",NA,"N","N","Horseshoe Bend","38.08244",-121.72497,"12:35","Bryte","Decker Outside"
"1222","1028","EF1118B0236",2018-11-13,"Dissolved Ammonia","0.107","0.05","mg/L as N",NA,"N","N","Horseshoe Bend","38.08244",-121.72497,"12:35","Bryte","Decker Outside"
"1223","1028","EF1118B0236",2018-11-13,"Dissolved Nitrate + Nitrite","0.45","0.05","mg/L as N",NA,"N","N","Horseshoe Bend","38.08244",-121.72497,"12:35","Bryte","Decker Outside"
"1224","1028","EF1118B0236",2018-11-13,"Dissolved Organic Nitrogen","0.13","0.1","mg/L as N",NA,"N","N","Horseshoe Bend","38.08244",-121.72497,"12:35","Bryte","Decker Outside"
"1225","1028","EF1118B0236",2018-11-13,"Dissolved ortho-Phosphate","0.07","0.05","mg/L as P",NA,"N","N","Horseshoe Bend","38.08244",-121.72497,"12:35","Bryte","Decker Outside"
"1226","1028","EF1118B0236",2018-11-13,"Pheophytin a","<0.5","0.5","ug/L",NA,"N","N","Horseshoe Bend","38.08244",-121.72497,"12:35","Bryte","Decker Outside"
"1227","1028","EF1118B0236",2018-11-13,"Total Kjeldahl Nitrogen","0.3","0.1","mg/L as N",NA,"N","N","Horseshoe Bend","38.08244",-121.72497,"12:35","Bryte","Decker Outside"
"1228","1028","EF1118B0236",2018-11-13,"Total Phosphorus","0.07","0.01","mg/L as P",NA,"N","N","Horseshoe Bend","38.08244",-121.72497,"12:35","Bryte","Decker Outside"
"1229","1070","EF1218B0250",2018-12-06,"Dissolved Ammonia","0.063","0.05","mg/L as N",NA,"N","N","Grizzly Bay","38.1201",-121.99034,"11:50","Bryte",NA
"1230","1070","EF1218B0250",2018-12-06,"Dissolved Nitrate + Nitrite","0.439","0.05","mg/L as N",NA,"N","N","Grizzly Bay","38.1201",-121.99034,"11:50","Bryte",NA
"1231","1070","EF1218B0250",2018-12-06,"Dissolved Organic Nitrogen","0.15","0.1","mg/L as N",NA,"N","N","Grizzly Bay","38.1201",-121.99034,"11:50","Bryte",NA
"1232","1070","EF1218B0250",2018-12-06,"Dissolved ortho-Phosphate","0.066","0.05","mg/L as P",NA,"N","N","Grizzly Bay","38.1201",-121.99034,"11:50","Bryte",NA
"1233","1070","EF1218B0250",2018-12-06,"Total Kjeldahl Nitrogen","0.265","0.1","mg/L as N",NA,"N","N","Grizzly Bay","38.1201",-121.99034,"11:50","Bryte",NA
"1234","1070","EF1218B0250",2018-12-06,"Total Phosphorus","0.11","0.01","mg/L as P",NA,"N","N","Grizzly Bay","38.1201",-121.99034,"11:50","Bryte",NA
"1235","1013","EF1218B0251",2018-12-06,"Dissolved Ammonia","<0.05","0.05","mg/L as N",NA,"N","N","Chipps Island","38.12047",-121.99055,"12:00","Bryte",NA
"1236","1013","EF1218B0251",2018-12-06,"Dissolved Nitrate + Nitrite","0.429","0.05","mg/L as N",NA,"N","N","Chipps Island","38.12047",-121.99055,"12:00","Bryte",NA
"1237","1013","EF1218B0251",2018-12-06,"Dissolved Organic Nitrogen","0.21","0.1","mg/L as N",NA,"N","N","Chipps Island","38.12047",-121.99055,"12:00","Bryte",NA
"1238","1013","EF1218B0251",2018-12-06,"Dissolved ortho-Phosphate","0.061","0.05","mg/L as P",NA,"N","N","Chipps Island","38.12047",-121.99055,"12:00","Bryte",NA
"1239","1013","EF1218B0251",2018-12-06,"Total Kjeldahl Nitrogen","0.237","0.1","mg/L as N",NA,"N","N","Chipps Island","38.12047",-121.99055,"12:00","Bryte",NA
"1240","1013","EF1218B0251",2018-12-06,"Total Phosphorus","0.09","0.01","mg/L as P",NA,"N","N","Chipps Island","38.12047",-121.99055,"12:00","Bryte",NA
"1241","2143","EF1218B0253",2018-12-06,"Dissolved Ammonia","0.16","0.05","mg/L as N",NA,"N","N","Winter Island","38.04563",-121.84728,"14:32","Bryte",NA
"1242","2143","EF1218B0253",2018-12-06,"Dissolved Nitrate + Nitrite","0.482","0.05","mg/L as N",NA,"N","N","Winter Island","38.04563",-121.84728,"14:32","Bryte",NA
"1243","2143","EF1218B0253",2018-12-06,"Dissolved Organic Nitrogen","0.28","0.1","mg/L as N",NA,"N","N","Winter Island","38.04563",-121.84728,"14:32","Bryte",NA
"1244","2143","EF1218B0253",2018-12-06,"Dissolved ortho-Phosphate","0.08","0.05","mg/L as P",NA,"N","N","Winter Island","38.04563",-121.84728,"14:32","Bryte",NA
"1245","2143","EF1218B0253",2018-12-06,"Total Kjeldahl Nitrogen","0.301","0.1","mg/L as N",NA,"N","N","Winter Island","38.04563",-121.84728,"14:32","Bryte",NA
"1246","2143","EF1218B0253",2018-12-06,"Total Phosphorus","0.08","0.01","mg/L as P",NA,"N","N","Winter Island","38.04563",-121.84728,"14:32","Bryte",NA
"1247","1069","EF1218B0254",2018-12-06,"Chlorophyll a","0.75","0.5","ug/L",NA,"N","N","Broad Slough","38.04808",-121.84721,"15:00","Bryte",NA
"1248","1069","EF1218B0254",2018-12-06,"Dissolved Ammonia","0.156","0.05","mg/L as N",NA,"N","N","Broad Slough","38.04808",-121.84721,"15:00","Bryte",NA
"1249","1069","EF1218B0254",2018-12-06,"Dissolved Ammonia","0.16","0.05","mg/L as N",NA,"N","N","Broad Slough","38.04808",-121.84721,"15:00","Bryte",NA
"1250","1069","EF1218B0254",2018-12-06,"Dissolved Nitrate + Nitrite","0.481","0.05","mg/L as N",NA,"N","N","Broad Slough","38.04808",-121.84721,"15:00","Bryte",NA
"1251","1069","EF1218B0254",2018-12-06,"Dissolved Organic Nitrogen","0.21","0.1","mg/L as N",NA,"N","Y","Broad Slough","38.04808",-121.84721,"15:00","Bryte",NA
"1252","1069","EF1218B0254",2018-12-06,"Dissolved ortho-Phosphate","0.08","0.05","mg/L as P",NA,"N","N","Broad Slough","38.04808",-121.84721,"15:00","Bryte",NA
"1253","1069","EF1218B0254",2018-12-06,"Pheophytin a","<0.5","0.5","ug/L",NA,"N","N","Broad Slough","38.04808",-121.84721,"15:00","Bryte",NA
"1254","1069","EF1218B0254",2018-12-06,"Total Kjeldahl Nitrogen","0.319","0.1","mg/L as N",NA,"N","N","Broad Slough","38.04808",-121.84721,"15:00","Bryte",NA
"1255","1069","EF1218B0254",2018-12-06,"Total Phosphorus","0.08","0.01","mg/L as P",NA,"N","N","Broad Slough","38.04808",-121.84721,"15:00","Bryte",NA
"1256","2144","EF1218B0260",2018-12-10,"Chlorophyll a","1.05","0.5","ug/L",NA,"N","N","Decker Island","38.08366",-121.7243,"09:00","Bryte",NA
"1257","2144","EF1218B0260",2018-12-10,"Dissolved Ammonia","0.094","0.05","mg/L as N",NA,"N","N","Decker Island","38.08366",-121.7243,"09:00","Bryte",NA
"1258","2144","EF1218B0260",2018-12-10,"Dissolved Nitrate + Nitrite","0.468","0.05","mg/L as N",NA,"N","N","Decker Island","38.08366",-121.7243,"09:00","Bryte",NA
"1259","2144","EF1218B0260",2018-12-10,"Dissolved Organic Nitrogen","0.42","0.1","mg/L as N",NA,"N","N","Decker Island","38.08366",-121.7243,"09:00","Bryte",NA
"1260","2144","EF1218B0260",2018-12-10,"Dissolved ortho-Phosphate","0.067","0.05","mg/L as P",NA,"N","N","Decker Island","38.08366",-121.7243,"09:00","Bryte",NA
"1261","2144","EF1218B0260",2018-12-10,"Pheophytin a","0.93","0.5","ug/L",NA,"N","N","Decker Island","38.08366",-121.7243,"09:00","Bryte",NA
"1262","2144","EF1218B0260",2018-12-10,"Total Kjeldahl Nitrogen","0.445","0.1","mg/L as N",NA,"N","N","Decker Island","38.08366",-121.7243,"09:00","Bryte",NA
"1263","2144","EF1218B0260",2018-12-10,"Total Phosphorus","0.077","0.01","mg/L as P",NA,"N","N","Decker Island","38.08366",-121.7243,"09:00","Bryte",NA
"1264","2145","EF1218B0262",2018-12-10,"Dissolved Ammonia","0.208","0.05","mg/L as N",NA,"N","N","Horseshoe Bend","38.0966",-121.70953,"09:40","Bryte",NA
"1265","2145","EF1218B0262",2018-12-10,"Dissolved Nitrate + Nitrite","0.617","0.05","mg/L as N",NA,"N","N","Horseshoe Bend","38.0966",-121.70953,"09:40","Bryte",NA
"1266","2145","EF1218B0262",2018-12-10,"Dissolved Organic Nitrogen","0.16","0.1","mg/L as N",NA,"N","N","Horseshoe Bend","38.0966",-121.70953,"09:40","Bryte",NA
"1267","2145","EF1218B0262",2018-12-10,"Dissolved ortho-Phosphate","0.088","0.05","mg/L as P",NA,"N","N","Horseshoe Bend","38.0966",-121.70953,"09:40","Bryte",NA
"1268","2145","EF1218B0262",2018-12-10,"Total Kjeldahl Nitrogen","0.611","0.1","mg/L as N",NA,"N","N","Horseshoe Bend","38.0966",-121.70953,"09:40","Bryte",NA
"1269","2145","EF1218B0262",2018-12-10,"Total Phosphorus","0.089","0.01","mg/L as P",NA,"N","N","Horseshoe Bend","38.0966",-121.70953,"09:40","Bryte",NA
"1270","2149","EF1218B0257",2018-12-14,"Chlorophyll a","<0.5","0.5","ug/L",NA,"N","N","Chipps Island","38.03953",-121.85841,"10:54","Bryte",NA
"1271","2149","EF1218B0257",2018-12-14,"Dissolved Ammonia","0.138","0.05","mg/L as N",NA,"N","N","Chipps Island","38.03953",-121.85841,"10:54","Bryte",NA
"1272","2149","EF1218B0257",2018-12-14,"Dissolved Nitrate + Nitrite","0.439","0.05","mg/L as N",NA,"N","Y","Chipps Island","38.03953",-121.85841,"10:54","Bryte",NA
"1273","2149","EF1218B0257",2018-12-14,"Dissolved Organic Nitrogen","<0.1","0.1","mg/L as N",NA,"N","N","Chipps Island","38.03953",-121.85841,"10:54","Bryte",NA
"1274","2149","EF1218B0257",2018-12-14,"Dissolved ortho-Phosphate","0.076","0.05","mg/L as P",NA,"N","Y","Chipps Island","38.03953",-121.85841,"10:54","Bryte",NA
"1275","2149","EF1218B0257",2018-12-14,"Pheophytin a","<0.5","0.5","ug/L",NA,"N","N","Chipps Island","38.03953",-121.85841,"10:54","Bryte",NA
"1276","2149","EF1218B0257",2018-12-14,"Total Kjeldahl Nitrogen","0.38","0.1","mg/L as N",NA,"N","Y","Chipps Island","38.03953",-121.85841,"10:54","Bryte",NA
"1277","2149","EF1218B0257",2018-12-14,"Total Phosphorus","0.09","0.01","mg/L as P",NA,"N","N","Chipps Island","38.03953",-121.85841,"10:54","Bryte",NA
"1278","1019","EF1218B0258",2018-12-14,"Dissolved Ammonia","0.167","0.05","mg/L as N",NA,"N","N","Chipps Island","38.04286",-121.87326,"11:49","Bryte",NA
"1279","1019","EF1218B0258",2018-12-14,"Dissolved Nitrate + Nitrite","0.517","0.05","mg/L as N",NA,"N","N","Chipps Island","38.04286",-121.87326,"11:49","Bryte",NA
"1280","1019","EF1218B0258",2018-12-14,"Dissolved Organic Nitrogen","<0.1","0.1","mg/L as N",NA,"N","N","Chipps Island","38.04286",-121.87326,"11:49","Bryte",NA
"1281","1019","EF1218B0258",2018-12-14,"Dissolved ortho-Phosphate","0.081","0.05","mg/L as P",NA,"N","N","Chipps Island","38.04286",-121.87326,"11:49","Bryte",NA
"1282","1019","EF1218B0258",2018-12-14,"Total Kjeldahl Nitrogen","0.37","0.1","mg/L as N",NA,"N","N","Chipps Island","38.04286",-121.87326,"11:49","Bryte",NA
"1283","1019","EF1218B0258",2018-12-14,"Total Phosphorus","0.086","0.01","mg/L as P",NA,"N","N","Chipps Island","38.04286",-121.87326,"11:49","Bryte",NA
"1284","1056","EF1218B0259",2018-12-14,"Dissolved Ammonia","0.171","0.05","mg/L as N",NA,"N","N","Chipps Island","38.04435",-121.87392,"12:00","Bryte",NA
"1285","1056","EF1218B0259",2018-12-14,"Dissolved Nitrate + Nitrite","0.506","0.05","mg/L as N",NA,"N","N","Chipps Island","38.04435",-121.87392,"12:00","Bryte",NA
"1286","1056","EF1218B0259",2018-12-14,"Dissolved Organic Nitrogen","<0.1","0.1","mg/L as N",NA,"N","N","Chipps Island","38.04435",-121.87392,"12:00","Bryte",NA
"1287","1056","EF1218B0259",2018-12-14,"Dissolved ortho-Phosphate","0.054","0.05","mg/L as P",NA,"N","N","Chipps Island","38.04435",-121.87392,"12:00","Bryte",NA
"1288","1056","EF1218B0259",2018-12-14,"Total Kjeldahl Nitrogen","0.35","0.1","mg/L as N",NA,"N","N","Chipps Island","38.04435",-121.87392,"12:00","Bryte",NA
"1289","1056","EF1218B0259",2018-12-14,"Total Phosphorus","0.1","0.01","mg/L as P",NA,"N","N","Chipps Island","38.04435",-121.87392,"12:00","Bryte",NA
"1290","2157","EF0219B0002",2019-02-22,"Chlorophyll a","2.44","0.5","ug/L",NA,"N","N","Wings Landing","38.22603",-122.03832,"09:59","Bryte",NA
"1291","2157","EF0219B0002",2019-02-22,"Dissolved Ammonia","0.07","0.05","mg/L as N",NA,"N","N","Wings Landing","38.22603",-122.03832,"09:59","Bryte",NA
"1292","2157","EF0219B0002",2019-02-22,"Dissolved Nitrate + Nitrite","1.09","0.05","mg/L as N",NA,"N","N","Wings Landing","38.22603",-122.03832,"09:59","Bryte",NA
"1293","2157","EF0219B0002",2019-02-22,"Dissolved Organic Nitrogen","0.9","0.1","mg/L as N",NA,"N","N","Wings Landing","38.22603",-122.03832,"09:59","Bryte",NA
"1294","2157","EF0219B0002",2019-02-22,"Dissolved ortho-Phosphate","0.371","0.05","mg/L as P",NA,"N","N","Wings Landing","38.22603",-122.03832,"09:59","Bryte",NA
"1295","2157","EF0219B0002",2019-02-22,"Pheophytin a","1.71","0.5","ug/L",NA,"N","Y","Wings Landing","38.22603",-122.03832,"09:59","Bryte",NA
"1296","2157","EF0219B0002",2019-02-22,"Total Kjeldahl Nitrogen","1.28","0.1","mg/L as N",NA,"N","N","Wings Landing","38.22603",-122.03832,"09:59","Bryte",NA
"1297","2157","EF0219B0002",2019-02-22,"Total Kjeldahl Nitrogen","1.3","0.1","mg/L as N",NA,"N","N","Wings Landing","38.22603",-122.03832,"09:59","Bryte",NA
"1298","2157","EF0219B0002",2019-02-22,"Total Phosphorus","0.49","0.01","mg/L as P",NA,"N","N","Wings Landing","38.22603",-122.03832,"09:59","Bryte",NA
"1299","2157","EF0219B0002",2019-02-22,"Total Phosphorus","0.48","0.01","mg/L as P",NA,"N","N","Wings Landing","38.22603",-122.03832,"09:59","Bryte",NA
"1300","2160","EF0319B0010",2019-03-14,"Chlorophyll a","3.65","0.5","ug/L",NA,"N","N","Grizzly Bay","38.1316",-121.99682,"08:23","Bryte",NA
"1301","2160","EF0319B0010",2019-03-14,"Dissolved Ammonia","0.05","0.05","mg/L as N",NA,"N","Y","Grizzly Bay","38.1316",-121.99682,"08:23","Bryte",NA
"1302","2160","EF0319B0010",2019-03-14,"Dissolved Nitrate + Nitrite","1.69","0.05","mg/L as N",NA,"N","N","Grizzly Bay","38.1316",-121.99682,"08:23","Bryte",NA
"1303","2160","EF0319B0010",2019-03-14,"Dissolved Organic Carbon","8.4","0.5","mg/L as C",NA,"N","N","Grizzly Bay","38.1316",-121.99682,"08:23","Bryte",NA
"1304","2160","EF0319B0010",2019-03-14,"Dissolved Organic Nitrogen","0.7","0.1","mg/L as N",NA,"N","N","Grizzly Bay","38.1316",-121.99682,"08:23","Bryte",NA
"1305","2160","EF0319B0010",2019-03-14,"Dissolved ortho-Phosphate","0.475","0.05","mg/L as P",NA,"N","N","Grizzly Bay","38.1316",-121.99682,"08:23","Bryte",NA
"1306","2160","EF0319B0010",2019-03-14,"Pheophytin a","2.49","0.5","ug/L",NA,"N","N","Grizzly Bay","38.1316",-121.99682,"08:23","Bryte",NA
"1307","2160","EF0319B0010",2019-03-14,"Total Kjeldahl Nitrogen","1","0.1","mg/L as N",NA,"N","N","Grizzly Bay","38.1316",-121.99682,"08:23","Bryte",NA
"1308","2160","EF0319B0010",2019-03-14,"Total Organic Carbon","8.8","0.5","mg/L as C",NA,"N","N","Grizzly Bay","38.1316",-121.99682,"08:23","Bryte",NA
"1309","2160","EF0319B0010",2019-03-14,"Total Phosphorus","0.59","0.01","mg/L as P",NA,"N","N","Grizzly Bay","38.1316",-121.99682,"08:23","Bryte",NA
"1310","1018","EF0319B0012",2019-03-14,"Chlorophyll a","3.8","0.5","ug/L",NA,"N","N","Wings Landing","38.22599",-122.03828,"10:15","Bryte",NA
"1311","1018","EF0319B0012",2019-03-14,"Dissolved Ammonia","0.108","0.05","mg/L as N",NA,"N","N","Wings Landing","38.22599",-122.03828,"10:15","Bryte",NA
"1312","1018","EF0319B0012",2019-03-14,"Dissolved Nitrate + Nitrite","1.23","0.05","mg/L as N",NA,"N","N","Wings Landing","38.22599",-122.03828,"10:15","Bryte",NA
"1313","1018","EF0319B0012",2019-03-14,"Dissolved Organic Carbon","4","0.5","mg/L as C",NA,"N","N","Wings Landing","38.22599",-122.03828,"10:15","Bryte",NA
"1314","1018","EF0319B0012",2019-03-14,"Dissolved Organic Nitrogen","0.7","0.1","mg/L as N",NA,"N","N","Wings Landing","38.22599",-122.03828,"10:15","Bryte",NA
"1315","1018","EF0319B0012",2019-03-14,"Dissolved ortho-Phosphate","0.335","0.05","mg/L as P",NA,"N","N","Wings Landing","38.22599",-122.03828,"10:15","Bryte",NA
"1316","1018","EF0319B0012",2019-03-14,"Pheophytin a","2.11","0.5","ug/L",NA,"N","N","Wings Landing","38.22599",-122.03828,"10:15","Bryte",NA
"1317","1018","EF0319B0012",2019-03-14,"Total Kjeldahl Nitrogen","1","0.1","mg/L as N",NA,"N","N","Wings Landing","38.22599",-122.03828,"10:15","Bryte",NA
"1318","1018","EF0319B0012",2019-03-14,"Total Organic Carbon","3.7","0.5","mg/L as C",NA,"N","N","Wings Landing","38.22599",-122.03828,"10:15","Bryte",NA
"1319","1018","EF0319B0012",2019-03-14,"Total Phosphorus","0.58","0.01","mg/L as P",NA,"N","N","Wings Landing","38.22599",-122.03828,"10:15","Bryte",NA
"1320","1034","EF0319B0014",2019-03-18,"Chlorophyll a","2.01","0.5","ug/L",NA,"N","N","Decker Island","38.08493",-121.72334,"16:45","Bryte",NA
"1321","1034","EF0319B0014",2019-03-18,"Dissolved Ammonia","<0.05","0.05","mg/L as N",NA,"N","N","Decker Island","38.08493",-121.72334,"16:45","Bryte",NA
"1322","1034","EF0319B0014",2019-03-18,"Dissolved Nitrate + Nitrite","0.23","0.05","mg/L as N",NA,"N","N","Decker Island","38.08493",-121.72334,"16:45","Bryte",NA
"1323","1034","EF0319B0014",2019-03-18,"Dissolved Organic Carbon","2.4","0.5","mg/L as C",NA,"N","N","Decker Island","38.08493",-121.72334,"16:45","Bryte",NA
"1324","1034","EF0319B0014",2019-03-18,"Dissolved Organic Nitrogen","0.1","0.1","mg/L as N",NA,"N","N","Decker Island","38.08493",-121.72334,"16:45","Bryte",NA
"1325","1034","EF0319B0014",2019-03-18,"Dissolved ortho-Phosphate","<0.05","0.05","mg/L as P",NA,"N","N","Decker Island","38.08493",-121.72334,"16:45","Bryte",NA
"1326","1034","EF0319B0014",2019-03-18,"Pheophytin a","0.61","0.5","ug/L",NA,"N","N","Decker Island","38.08493",-121.72334,"16:45","Bryte",NA
"1327","1034","EF0319B0014",2019-03-18,"Total Kjeldahl Nitrogen","0.2","0.1","mg/L as N",NA,"N","N","Decker Island","38.08493",-121.72334,"16:45","Bryte",NA
"1328","1034","EF0319B0014",2019-03-18,"Total Organic Carbon","2.4","0.5","mg/L as C",NA,"N","N","Decker Island","38.08493",-121.72334,"16:45","Bryte",NA
"1329","1034","EF0319B0014",2019-03-18,"Total Phosphorus","0.062","0.01","mg/L as P",NA,"N","N","Decker Island","38.08493",-121.72334,"16:45","Bryte",NA
"1330","1649","EF0319B0015",2019-03-19,"Chlorophyll a","48.1","0.5","ug/L",NA,"N","N","Tule Red","38.11399",-121.98144,"10:31","Bryte",NA
"1331","1649","EF0319B0015",2019-03-19,"Dissolved Ammonia","<0.05","0.05","mg/L as N",NA,"N","N","Tule Red","38.11399",-121.98144,"10:31","Bryte",NA
"1332","1649","EF0319B0015",2019-03-19,"Dissolved Nitrate + Nitrite","<0.05","0.05","mg/L as N",NA,"N","N","Tule Red","38.11399",-121.98144,"10:31","Bryte",NA
"1333","1649","EF0319B0015",2019-03-19,"Dissolved Organic Carbon","11.6","0.5","mg/L as C",NA,"N","N","Tule Red","38.11399",-121.98144,"10:31","Bryte",NA
"1334","1649","EF0319B0015",2019-03-19,"Dissolved Organic Nitrogen","1","0.1","mg/L as N",NA,"N","N","Tule Red","38.11399",-121.98144,"10:31","Bryte",NA
"1335","1649","EF0319B0015",2019-03-19,"Dissolved ortho-Phosphate","0.074","0.05","mg/L as P",NA,"N","N","Tule Red","38.11399",-121.98144,"10:31","Bryte",NA
"1336","1649","EF0319B0015",2019-03-19,"Pheophytin a","11.6","0.5","ug/L",NA,"N","N","Tule Red","38.11399",-121.98144,"10:31","Bryte",NA
"1337","1649","EF0319B0015",2019-03-19,"Total Kjeldahl Nitrogen","1.75","0.1","mg/L as N",NA,"N","N","Tule Red","38.11399",-121.98144,"10:31","Bryte",NA
"1338","1649","EF0319B0015",2019-03-19,"Total Organic Carbon","12.7","0.5","mg/L as C",NA,"N","N","Tule Red","38.11399",-121.98144,"10:31","Bryte",NA
"1339","1649","EF0319B0015",2019-03-19,"Total Phosphorus","0.17","0.01","mg/L as P",NA,"N","N","Tule Red","38.11399",-121.98144,"10:31","Bryte",NA
"1340","3587","EF0319B0017",2019-03-20,"Chlorophyll a","1.13","0.5","ug/L",NA,"N","N","Webb Tract Islands and Berms","38.09772",-121.58841,"11:15","Bryte",NA
"1341","3587","EF0319B0017",2019-03-20,"Dissolved Ammonia","0.05","0.05","mg/L as N",NA,"N","N","Webb Tract Islands and Berms","38.09772",-121.58841,"11:15","Bryte",NA
"1342","3587","EF0319B0017",2019-03-20,"Dissolved Nitrate + Nitrite","0.34","0.05","mg/L as N",NA,"N","N","Webb Tract Islands and Berms","38.09772",-121.58841,"11:15","Bryte",NA
"1343","3587","EF0319B0017",2019-03-20,"Dissolved Organic Carbon","2.8","0.5","mg/L as C",NA,"N","N","Webb Tract Islands and Berms","38.09772",-121.58841,"11:15","Bryte",NA
"1344","3587","EF0319B0017",2019-03-20,"Dissolved Organic Nitrogen","0.22","0.1","mg/L as N",NA,"N","N","Webb Tract Islands and Berms","38.09772",-121.58841,"11:15","Bryte",NA
"1345","3587","EF0319B0017",2019-03-20,"Dissolved ortho-Phosphate","0.064","0.05","mg/L as P",NA,"N","N","Webb Tract Islands and Berms","38.09772",-121.58841,"11:15","Bryte",NA
"1346","3587","EF0319B0017",2019-03-20,"Pheophytin a","<0.5","0.5","ug/L",NA,"N","N","Webb Tract Islands and Berms","38.09772",-121.58841,"11:15","Bryte",NA
"1347","3587","EF0319B0017",2019-03-20,"Total Kjeldahl Nitrogen","0.6","0.1","mg/L as N",NA,"N","N","Webb Tract Islands and Berms","38.09772",-121.58841,"11:15","Bryte",NA
"1348","3587","EF0319B0017",2019-03-20,"Total Organic Carbon","2.6","0.5","mg/L as C",NA,"N","N","Webb Tract Islands and Berms","38.09772",-121.58841,"11:15","Bryte",NA
"1349","3587","EF0319B0017",2019-03-20,"Total Phosphorus","0.07","0.01","mg/L as P",NA,"N","N","Webb Tract Islands and Berms","38.09772",-121.58841,"11:15","Bryte",NA
"1350","1040","EF0319B0019",2019-03-22,"Chlorophyll a","23.47","0.5","ug/L",NA,"N","N","Lookout Slough","38.29574",-121.72477,"10:51","Bryte",NA
"1351","1040","EF0319B0019",2019-03-22,"Dissolved Ammonia","<0.05","0.05","mg/L as N",NA,"N","N","Lookout Slough","38.29574",-121.72477,"10:51","Bryte",NA
"1352","1040","EF0319B0019",2019-03-22,"Dissolved Nitrate + Nitrite","<0.05","0.05","mg/L as N",NA,"N","N","Lookout Slough","38.29574",-121.72477,"10:51","Bryte",NA
"1353","1040","EF0319B0019",2019-03-22,"Dissolved Organic Carbon","13.4","0.5","mg/L as C",NA,"N","N","Lookout Slough","38.29574",-121.72477,"10:51","Bryte",NA
"1354","1040","EF0319B0019",2019-03-22,"Dissolved Organic Nitrogen","1.1","0.1","mg/L as N",NA,"N","N","Lookout Slough","38.29574",-121.72477,"10:51","Bryte",NA
"1355","1040","EF0319B0019",2019-03-22,"Dissolved ortho-Phosphate","0.446","0.05","mg/L as P",NA,"N","N","Lookout Slough","38.29574",-121.72477,"10:51","Bryte",NA
"1356","1040","EF0319B0019",2019-03-22,"Dissolved ortho-Phosphate","0.449","0.05","mg/L as P",NA,"N","N","Lookout Slough","38.29574",-121.72477,"10:51","Bryte",NA
"1357","1040","EF0319B0019",2019-03-22,"Pheophytin a","6.47","0.5","ug/L",NA,"N","N","Lookout Slough","38.29574",-121.72477,"10:51","Bryte",NA
"1358","1040","EF0319B0019",2019-03-22,"Total Kjeldahl Nitrogen","1.4","0.1","mg/L as N",NA,"N","N","Lookout Slough","38.29574",-121.72477,"10:51","Bryte",NA
"1359","1040","EF0319B0019",2019-03-22,"Total Organic Carbon","13.9","0.5","mg/L as C",NA,"N","N","Lookout Slough","38.29574",-121.72477,"10:51","Bryte",NA
"1360","1040","EF0319B0019",2019-03-22,"Total Phosphorus","0.54","0.01","mg/L as P",NA,"N","N","Lookout Slough","38.29574",-121.72477,"10:51","Bryte",NA
"1361","3587","EF0319B0018",2019-03-22,"Chlorophyll a","1.09","0.5","ug/L",NA,"N","N","Webb Tract Islands and Berms","38.09772",-121.58841,"11:15","Bryte",NA
"1362","3587","EF0319B0018",2019-03-22,"Dissolved Ammonia","0.05","0.05","mg/L as N",NA,"N","N","Webb Tract Islands and Berms","38.09772",-121.58841,"11:15","Bryte",NA
"1363","3587","EF0319B0018",2019-03-22,"Dissolved Nitrate + Nitrite","0.35","0.05","mg/L as N",NA,"N","N","Webb Tract Islands and Berms","38.09772",-121.58841,"11:15","Bryte",NA
"1364","3587","EF0319B0018",2019-03-22,"Dissolved Organic Carbon","2.9","0.5","mg/L as C",NA,"N","N","Webb Tract Islands and Berms","38.09772",-121.58841,"11:15","Bryte",NA
"1365","3587","EF0319B0018",2019-03-22,"Dissolved Organic Nitrogen","0.16","0.1","mg/L as N",NA,"N","N","Webb Tract Islands and Berms","38.09772",-121.58841,"11:15","Bryte",NA
"1366","3587","EF0319B0018",2019-03-22,"Dissolved ortho-Phosphate","0.06","0.05","mg/L as P",NA,"N","N","Webb Tract Islands and Berms","38.09772",-121.58841,"11:15","Bryte",NA
"1367","3587","EF0319B0018",2019-03-22,"Pheophytin a","<0.5","0.5","ug/L",NA,"N","N","Webb Tract Islands and Berms","38.09772",-121.58841,"11:15","Bryte",NA
"1368","3587","EF0319B0018",2019-03-22,"Total Kjeldahl Nitrogen","0.254","0.1","mg/L as N",NA,"N","N","Webb Tract Islands and Berms","38.09772",-121.58841,"11:15","Bryte",NA
"1369","3587","EF0319B0018",2019-03-22,"Total Organic Carbon","3.1","0.5","mg/L as C",NA,"N","N","Webb Tract Islands and Berms","38.09772",-121.58841,"11:15","Bryte",NA
"1370","3587","EF0319B0018",2019-03-22,"Total Phosphorus","0.06","0.01","mg/L as P",NA,"N","N","Webb Tract Islands and Berms","38.09772",-121.58841,"11:15","Bryte",NA
"1371","2185","EF0319B0040",2019-03-26,"Chlorophyll a","4.07","0.5","ug/L",NA,"N","N","Miner Slough","38.24501",-121.66352,"13:05","Bryte",NA
"1372","2185","EF0319B0040",2019-03-26,"Dissolved Ammonia","<0.05","0.05","mg/L as N",NA,"N","N","Miner Slough","38.24501",-121.66352,"13:05","Bryte",NA
"1373","2185","EF0319B0040",2019-03-26,"Dissolved Nitrate + Nitrite","0.18","0.05","mg/L as N",NA,"N","N","Miner Slough","38.24501",-121.66352,"13:05","Bryte",NA
"1374","2185","EF0319B0040",2019-03-26,"Dissolved Organic Nitrogen","0.1","0.1","mg/L as N",NA,"N","N","Miner Slough","38.24501",-121.66352,"13:05","Bryte",NA
"1375","2185","EF0319B0040",2019-03-26,"Dissolved ortho-Phosphate","<0.05","0.05","mg/L as P",NA,"N","N","Miner Slough","38.24501",-121.66352,"13:05","Bryte",NA
"1376","2185","EF0319B0040",2019-03-26,"Pheophytin a","1.17","0.5","ug/L",NA,"N","N","Miner Slough","38.24501",-121.66352,"13:05","Bryte",NA
"1377","2185","EF0319B0040",2019-03-26,"Total Kjeldahl Nitrogen","0.2","0.1","mg/L as N",NA,"N","N","Miner Slough","38.24501",-121.66352,"13:05","Bryte",NA
"1378","2185","EF0319B0040",2019-03-26,"Total Phosphorus","0.04","0.01","mg/L as P",NA,"N","N","Miner Slough","38.24501",-121.66352,"13:05","Bryte",NA
"1379","1689","EF0319B0042",2019-03-27,"Chlorophyll a","1.79","0.5","ug/L",NA,"N","N","Blacklock Marsh","38.1809",-121.91212,"08:45","Bryte",NA
"1380","1689","EF0319B0042",2019-03-27,"Dissolved Ammonia","0.07","0.05","mg/L as N",NA,"N","N","Blacklock Marsh","38.1809",-121.91212,"08:45","Bryte",NA
"1381","1689","EF0319B0042",2019-03-27,"Dissolved Nitrate + Nitrite","0.24","0.05","mg/L as N",NA,"N","N","Blacklock Marsh","38.1809",-121.91212,"08:45","Bryte",NA
"1382","1689","EF0319B0042",2019-03-27,"Dissolved Organic Carbon","4.7","0.5","mg/L as C",NA,"N","N","Blacklock Marsh","38.1809",-121.91212,"08:45","Bryte",NA
"1383","1689","EF0319B0042",2019-03-27,"Dissolved Organic Nitrogen","0.3","0.1","mg/L as N",NA,"N","N","Blacklock Marsh","38.1809",-121.91212,"08:45","Bryte",NA
"1384","1689","EF0319B0042",2019-03-27,"Dissolved ortho-Phosphate","0.081","0.05","mg/L as P",NA,"N","N","Blacklock Marsh","38.1809",-121.91212,"08:45","Bryte",NA
"1385","1689","EF0319B0042",2019-03-27,"Pheophytin a","1.25","0.5","ug/L",NA,"N","N","Blacklock Marsh","38.1809",-121.91212,"08:45","Bryte",NA
"1386","1689","EF0319B0042",2019-03-27,"Total Kjeldahl Nitrogen","0.5","0.1","mg/L as N",NA,"N","N","Blacklock Marsh","38.1809",-121.91212,"08:45","Bryte",NA
"1387","1689","EF0319B0042",2019-03-27,"Total Organic Carbon","4.5","0.5","mg/L as C",NA,"N","N","Blacklock Marsh","38.1809",-121.91212,"08:45","Bryte",NA
"1388","1689","EF0319B0042",2019-03-27,"Total Phosphorus","0.111","0.01","mg/L as P",NA,"N","N","Blacklock Marsh","38.1809",-121.91212,"08:45","Bryte",NA
"1389","1637","EF0319B0043",2019-03-27,"Chlorophyll a","2.48","0.5","ug/L",NA,"N","N","Honker-Spoonbill","38.17817",-121.91667,"09:25","Bryte",NA
"1390","1637","EF0319B0043",2019-03-27,"Dissolved Ammonia","0.07","0.05","mg/L as N",NA,"N","N","Honker-Spoonbill","38.17817",-121.91667,"09:25","Bryte",NA
"1391","1637","EF0319B0043",2019-03-27,"Dissolved Nitrate + Nitrite","0.23","0.05","mg/L as N",NA,"N","N","Honker-Spoonbill","38.17817",-121.91667,"09:25","Bryte",NA
"1392","1637","EF0319B0043",2019-03-27,"Dissolved Organic Carbon","4.1","0.5","mg/L as C",NA,"N","N","Honker-Spoonbill","38.17817",-121.91667,"09:25","Bryte",NA
"1393","1637","EF0319B0043",2019-03-27,"Dissolved Organic Nitrogen","0.3","0.1","mg/L as N",NA,"N","N","Honker-Spoonbill","38.17817",-121.91667,"09:25","Bryte",NA
"1394","1637","EF0319B0043",2019-03-27,"Dissolved ortho-Phosphate","<0.05","0.05","mg/L as P",NA,"N","N","Honker-Spoonbill","38.17817",-121.91667,"09:25","Bryte",NA
"1395","1637","EF0319B0043",2019-03-27,"Pheophytin a","1.25","0.5","ug/L",NA,"N","N","Honker-Spoonbill","38.17817",-121.91667,"09:25","Bryte",NA
"1396","1637","EF0319B0043",2019-03-27,"Total Kjeldahl Nitrogen","0.5","0.1","mg/L as N",NA,"N","N","Honker-Spoonbill","38.17817",-121.91667,"09:25","Bryte",NA
"1397","1637","EF0319B0043",2019-03-27,"Total Organic Carbon","4.1","0.5","mg/L as C",NA,"N","N","Honker-Spoonbill","38.17817",-121.91667,"09:25","Bryte",NA
"1398","1637","EF0319B0043",2019-03-27,"Total Phosphorus","0.1","0.01","mg/L as P",NA,"N","N","Honker-Spoonbill","38.17817",-121.91667,"09:25","Bryte",NA
"1399","1012","EF0319B0044",2019-03-27,"Chlorophyll a","1.97","0.5","ug/L",NA,"N","N","Honker-Spoonbill","38.17601",-121.92251,"10:45","Bryte",NA
"1400","1012","EF0319B0044",2019-03-27,"Dissolved Ammonia","0.07","0.05","mg/L as N",NA,"N","N","Honker-Spoonbill","38.17601",-121.92251,"10:45","Bryte",NA
"1401","1012","EF0319B0044",2019-03-27,"Dissolved Nitrate + Nitrite","0.23","0.05","mg/L as N",NA,"N","N","Honker-Spoonbill","38.17601",-121.92251,"10:45","Bryte",NA
"1402","1012","EF0319B0044",2019-03-27,"Dissolved Organic Carbon","4","0.5","mg/L as C",NA,"N","N","Honker-Spoonbill","38.17601",-121.92251,"10:45","Bryte",NA
"1403","1012","EF0319B0044",2019-03-27,"Dissolved Organic Nitrogen","0.2","0.1","mg/L as N",NA,"N","N","Honker-Spoonbill","38.17601",-121.92251,"10:45","Bryte",NA
"1404","1012","EF0319B0044",2019-03-27,"Dissolved ortho-Phosphate","0.053","0.05","mg/L as P",NA,"N","N","Honker-Spoonbill","38.17601",-121.92251,"10:45","Bryte",NA
"1405","1012","EF0319B0044",2019-03-27,"Pheophytin a","2.19","0.5","ug/L",NA,"N","N","Honker-Spoonbill","38.17601",-121.92251,"10:45","Bryte",NA
"1406","1012","EF0319B0044",2019-03-27,"Total Kjeldahl Nitrogen","0.5","0.1","mg/L as N",NA,"N","N","Honker-Spoonbill","38.17601",-121.92251,"10:45","Bryte",NA
"1407","1012","EF0319B0044",2019-03-27,"Total Organic Carbon","4","0.5","mg/L as C",NA,"N","N","Honker-Spoonbill","38.17601",-121.92251,"10:45","Bryte",NA
"1408","1012","EF0319B0044",2019-03-27,"Total Phosphorus","0.111","0.01","mg/L as P",NA,"N","N","Honker-Spoonbill","38.17601",-121.92251,"10:45","Bryte",NA
"1409","3583","EF0319B0038",2019-03-27,"Chlorophyll a","2.3","0.5","ug/L",NA,"N","N","Broad Slough","38.03866",-121.84377,"12:21","Bryte",NA
"1410","3583","EF0319B0038",2019-03-27,"Dissolved Ammonia","<0.05","0.05","mg/L as N",NA,"N","N","Broad Slough","38.03866",-121.84377,"12:21","Bryte",NA
"1411","3583","EF0319B0038",2019-03-27,"Dissolved Nitrate + Nitrite","0.2","0.05","mg/L as N",NA,"N","N","Broad Slough","38.03866",-121.84377,"12:21","Bryte",NA
"1412","3583","EF0319B0038",2019-03-27,"Dissolved Organic Carbon","3","0.5","mg/L as C",NA,"N","N","Broad Slough","38.03866",-121.84377,"12:21","Bryte",NA
"1413","3583","EF0319B0038",2019-03-27,"Dissolved Organic Nitrogen","0.16","0.1","mg/L as N",NA,"N","N","Broad Slough","38.03866",-121.84377,"12:21","Bryte",NA
"1414","3583","EF0319B0038",2019-03-27,"Dissolved ortho-Phosphate","<0.05","0.05","mg/L as P",NA,"N","N","Broad Slough","38.03866",-121.84377,"12:21","Bryte",NA
"1415","3583","EF0319B0038",2019-03-27,"Pheophytin a","1.55","0.5","ug/L",NA,"N","N","Broad Slough","38.03866",-121.84377,"12:21","Bryte",NA
"1416","3583","EF0319B0038",2019-03-27,"Total Kjeldahl Nitrogen","0.3","0.1","mg/L as N",NA,"N","N","Broad Slough","38.03866",-121.84377,"12:21","Bryte",NA
"1417","3583","EF0319B0038",2019-03-27,"Total Organic Carbon","3","0.5","mg/L as C",NA,"N","N","Broad Slough","38.03866",-121.84377,"12:21","Bryte",NA
"1418","3583","EF0319B0038",2019-03-27,"Total Phosphorus","0.063","0.01","mg/L as P",NA,"N","N","Broad Slough","38.03866",-121.84377,"12:21","Bryte",NA
"1419","1044","EF0319B0039",2019-03-28,"Chlorophyll a","1.65","0.5","ug/L",NA,"N","N","Broad Slough","38.04408",-121.84641,"09:20","Bryte",NA
"1420","1044","EF0319B0039",2019-03-28,"Dissolved Ammonia","0.06","0.05","mg/L as N",NA,"N","N","Broad Slough","38.04408",-121.84641,"09:20","Bryte",NA
"1421","1044","EF0319B0039",2019-03-28,"Dissolved Nitrate + Nitrite","0.313","0.05","mg/L as N",NA,"N","N","Broad Slough","38.04408",-121.84641,"09:20","Bryte",NA
"1422","1044","EF0319B0039",2019-03-28,"Dissolved Nitrate + Nitrite","0.307","0.05","mg/L as N",NA,"N","N","Broad Slough","38.04408",-121.84641,"09:20","Bryte",NA
"1423","1044","EF0319B0039",2019-03-28,"Dissolved Organic Carbon","2.8","0.5","mg/L as C",NA,"N","N","Broad Slough","38.04408",-121.84641,"09:20","Bryte","Duplicate"
"1424","1044","EF0319B0039",2019-03-28,"Dissolved Organic Carbon","2.8","0.5","mg/L as C",NA,"N","N","Broad Slough","38.04408",-121.84641,"09:20","Bryte",NA
"1425","1044","EF0319B0039",2019-03-28,"Dissolved Organic Nitrogen","0.2","0.1","mg/L as N",NA,"N","N","Broad Slough","38.04408",-121.84641,"09:20","Bryte",NA
"1426","1044","EF0319B0039",2019-03-28,"Dissolved ortho-Phosphate","0.065","0.05","mg/L as P",NA,"N","N","Broad Slough","38.04408",-121.84641,"09:20","Bryte",NA
"1427","1044","EF0319B0039",2019-03-28,"Pheophytin a","0.74","0.5","ug/L",NA,"N","N","Broad Slough","38.04408",-121.84641,"09:20","Bryte",NA
"1428","1044","EF0319B0039",2019-03-28,"Total Kjeldahl Nitrogen","0.317","0.1","mg/L as N",NA,"N","N","Broad Slough","38.04408",-121.84641,"09:20","Bryte",NA
"1429","1044","EF0319B0039",2019-03-28,"Total Organic Carbon","2.9","0.5","mg/L as C",NA,"N","N","Broad Slough","38.04408",-121.84641,"09:20","Bryte","Duplicate"
"1430","1044","EF0319B0039",2019-03-28,"Total Organic Carbon","2.9","0.5","mg/L as C",NA,"N","N","Broad Slough","38.04408",-121.84641,"09:20","Bryte",NA
"1431","1044","EF0319B0039",2019-03-28,"Total Phosphorus","0.07","0.01","mg/L as P",NA,"N","N","Broad Slough","38.04408",-121.84641,"09:20","Bryte",NA
"1432","3562","EF0319B0045",2019-03-28,"Chlorophyll a","1.74","0.5","ug/L",NA,"N","N","Browns Island","38.04119",-121.85641,"09:34","Bryte",NA
"1433","3562","EF0319B0045",2019-03-28,"Dissolved Ammonia","<0.05","0.05","mg/L as N",NA,"N","N","Browns Island","38.04119",-121.85641,"09:34","Bryte",NA
"1434","3562","EF0319B0045",2019-03-28,"Dissolved Nitrate + Nitrite","0.157","0.05","mg/L as N",NA,"N","N","Browns Island","38.04119",-121.85641,"09:34","Bryte",NA
"1435","3562","EF0319B0045",2019-03-28,"Dissolved Organic Carbon","6.4","0.5","mg/L as C",NA,"N","N","Browns Island","38.04119",-121.85641,"09:34","Bryte",NA
"1436","3562","EF0319B0045",2019-03-28,"Dissolved Organic Nitrogen","0.4","0.1","mg/L as N",NA,"N","N","Browns Island","38.04119",-121.85641,"09:34","Bryte",NA
"1437","3562","EF0319B0045",2019-03-28,"Dissolved ortho-Phosphate","0.065","0.05","mg/L as P",NA,"N","N","Browns Island","38.04119",-121.85641,"09:34","Bryte",NA
"1438","3562","EF0319B0045",2019-03-28,"Pheophytin a","0.86","0.5","ug/L",NA,"N","N","Browns Island","38.04119",-121.85641,"09:34","Bryte",NA
"1439","3562","EF0319B0045",2019-03-28,"Total Kjeldahl Nitrogen","0.5","0.1","mg/L as N",NA,"N","N","Browns Island","38.04119",-121.85641,"09:34","Bryte",NA
"1440","3562","EF0319B0045",2019-03-28,"Total Organic Carbon","5.8","0.5","mg/L as C",NA,"N","N","Browns Island","38.04119",-121.85641,"09:34","Bryte",NA
"1441","3562","EF0319B0045",2019-03-28,"Total Phosphorus","0.1","0.01","mg/L as P",NA,"N","N","Browns Island","38.04119",-121.85641,"09:34","Bryte",NA
"1442","1001","EF0419B0047",2019-04-02,"Chlorophyll a","2.21","0.5","ug/L",NA,"N","N","Bradmoor Island","38.19396",-121.91597,"08:41","Bryte",NA
"1443","1001","EF0419B0047",2019-04-02,"Dissolved Ammonia","0.309","0.05","mg/L as N",NA,"N","N","Bradmoor Island","38.19396",-121.91597,"08:41","Bryte",NA
"1444","1001","EF0419B0047",2019-04-02,"Dissolved Nitrate + Nitrite","0.48","0.05","mg/L as N",NA,"N","N","Bradmoor Island","38.19396",-121.91597,"08:41","Bryte",NA
"1445","1001","EF0419B0047",2019-04-02,"Dissolved Organic Carbon","19.6","0.5","mg/L as C",NA,"N","N","Bradmoor Island","38.19396",-121.91597,"08:41","Bryte",NA
"1446","1001","EF0419B0047",2019-04-02,"Dissolved Organic Nitrogen","1.6","0.1","mg/L as N",NA,"N","N","Bradmoor Island","38.19396",-121.91597,"08:41","Bryte",NA
"1447","1001","EF0419B0047",2019-04-02,"Dissolved ortho-Phosphate","<0.05","0.05","mg/L as P",NA,"N","N","Bradmoor Island","38.19396",-121.91597,"08:41","Bryte",NA
"1448","1001","EF0419B0047",2019-04-02,"Pheophytin a","2.44","0.5","ug/L",NA,"N","N","Bradmoor Island","38.19396",-121.91597,"08:41","Bryte",NA
"1449","1001","EF0419B0047",2019-04-02,"Total Kjeldahl Nitrogen","2.4","0.1","mg/L as N",NA,"N","N","Bradmoor Island","38.19396",-121.91597,"08:41","Bryte",NA
"1450","1001","EF0419B0047",2019-04-02,"Total Organic Carbon","20.4","0.5","mg/L as C",NA,"N","N","Bradmoor Island","38.19396",-121.91597,"08:41","Bryte",NA
"1451","1001","EF0419B0047",2019-04-02,"Total Phosphorus","<0.01","0.01","mg/L as P",NA,"N","N","Bradmoor Island","38.19396",-121.91597,"08:41","Bryte",NA
"1452","2173","EF0419B0049",2019-04-04,"Chlorophyll a","2.18","0.5","ug/L",NA,"N","N","Prospect Island","38.24493",-121.66396,"12:34","Bryte",NA
"1453","2173","EF0419B0049",2019-04-04,"Dissolved Ammonia","<0.05","0.05","mg/L as N",NA,"N","N","Prospect Island","38.24493",-121.66396,"12:34","Bryte",NA
"1454","2173","EF0419B0049",2019-04-04,"Dissolved Nitrate + Nitrite","<0.05","0.05","mg/L as N",NA,"N","N","Prospect Island","38.24493",-121.66396,"12:34","Bryte",NA
"1455","2173","EF0419B0049",2019-04-04,"Dissolved Organic Carbon","2.4","0.5","mg/L as C",NA,"N","N","Prospect Island","38.24493",-121.66396,"12:34","Bryte",NA
"1456","2173","EF0419B0049",2019-04-04,"Dissolved Organic Nitrogen","0.16","0.1","mg/L as N",NA,"N","N","Prospect Island","38.24493",-121.66396,"12:34","Bryte",NA
"1457","2173","EF0419B0049",2019-04-04,"Dissolved ortho-Phosphate","<0.05","0.05","mg/L as P",NA,"N","N","Prospect Island","38.24493",-121.66396,"12:34","Bryte",NA
"1458","2173","EF0419B0049",2019-04-04,"Pheophytin a","1.14","0.5","ug/L",NA,"N","N","Prospect Island","38.24493",-121.66396,"12:34","Bryte",NA
"1459","2173","EF0419B0049",2019-04-04,"Total Kjeldahl Nitrogen","0.218","0.1","mg/L as N",NA,"N","N","Prospect Island","38.24493",-121.66396,"12:34","Bryte",NA
"1460","2173","EF0419B0049",2019-04-04,"Total Organic Carbon","2.7","0.5","mg/L as C",NA,"N","N","Prospect Island","38.24493",-121.66396,"12:34","Bryte",NA
"1461","2173","EF0419B0049",2019-04-04,"Total Phosphorus","0.03","0.01","mg/L as P",NA,"N","N","Prospect Island","38.24493",-121.66396,"12:34","Bryte",NA
"1462","2173","EF0419B0050",2019-04-04,"Chlorophyll a","2.59","0.5","ug/L",NA,"N","N","Prospect Island","38.24493",-121.66396,"12:34","Bryte",NA
"1463","2173","EF0419B0050",2019-04-04,"Dissolved Ammonia","<0.05","0.05","mg/L as N",NA,"N","N","Prospect Island","38.24493",-121.66396,"12:34","Bryte",NA
"1464","2173","EF0419B0050",2019-04-04,"Dissolved Nitrate + Nitrite","<0.05","0.05","mg/L as N",NA,"N","N","Prospect Island","38.24493",-121.66396,"12:34","Bryte",NA
"1465","2173","EF0419B0050",2019-04-04,"Dissolved Organic Carbon","2.6","0.5","mg/L as C",NA,"N","N","Prospect Island","38.24493",-121.66396,"12:34","Bryte",NA
"1466","2173","EF0419B0050",2019-04-04,"Dissolved Organic Nitrogen","0.2","0.1","mg/L as N",NA,"N","N","Prospect Island","38.24493",-121.66396,"12:34","Bryte",NA
"1467","2173","EF0419B0050",2019-04-04,"Dissolved ortho-Phosphate","<0.05","0.05","mg/L as P",NA,"N","N","Prospect Island","38.24493",-121.66396,"12:34","Bryte",NA
"1468","2173","EF0419B0050",2019-04-04,"Pheophytin a","1.16","0.5","ug/L",NA,"N","N","Prospect Island","38.24493",-121.66396,"12:34","Bryte",NA
"1469","2173","EF0419B0050",2019-04-04,"Total Kjeldahl Nitrogen","0.2","0.1","mg/L as N",NA,"N","N","Prospect Island","38.24493",-121.66396,"12:34","Bryte",NA
"1470","2173","EF0419B0050",2019-04-04,"Total Organic Carbon","2.7","0.5","mg/L as C",NA,"N","N","Prospect Island","38.24493",-121.66396,"12:34","Bryte",NA
"1471","2173","EF0419B0050",2019-04-04,"Total Phosphorus","0.04","0.01","mg/L as P",NA,"N","N","Prospect Island","38.24493",-121.66396,"12:34","Bryte",NA
"1472","3326","EF0419B0062",2019-04-09,"Chlorophyll a","2.5","0.5","ug/L",NA,"N","N","Broad Slough","38.04635",-121.84492,"09:36","Bryte","Winter"
"1473","3326","EF0419B0062",2019-04-09,"Dissolved Ammonia","<0.05","0.05","mg/L as N",NA,"N","N","Broad Slough","38.04635",-121.84492,"09:36","Bryte","Winter"
"1474","3326","EF0419B0062",2019-04-09,"Dissolved Nitrate + Nitrite","0.23","0.05","mg/L as N",NA,"N","N","Broad Slough","38.04635",-121.84492,"09:36","Bryte","Winter"
"1475","3326","EF0419B0062",2019-04-09,"Dissolved Organic Carbon","2.9","0.5","mg/L as C",NA,"N","N","Broad Slough","38.04635",-121.84492,"09:36","Bryte","Winter"
"1476","3326","EF0419B0062",2019-04-09,"Dissolved Organic Nitrogen","0.19","0.1","mg/L as N",NA,"N","N","Broad Slough","38.04635",-121.84492,"09:36","Bryte","Winter"
"1477","3326","EF0419B0062",2019-04-09,"Dissolved ortho-Phosphate","0.053","0.05","mg/L as P",NA,"N","N","Broad Slough","38.04635",-121.84492,"09:36","Bryte","Winter"
"1478","3326","EF0419B0062",2019-04-09,"Pheophytin a","1.05","0.5","ug/L",NA,"N","N","Broad Slough","38.04635",-121.84492,"09:36","Bryte","Winter"
"1479","3326","EF0419B0062",2019-04-09,"Total Kjeldahl Nitrogen","0.3","0.1","mg/L as N",NA,"N","N","Broad Slough","38.04635",-121.84492,"09:36","Bryte","Winter"
"1480","3326","EF0419B0062",2019-04-09,"Total Organic Carbon","2.9","0.5","mg/L as C",NA,"N","N","Broad Slough","38.04635",-121.84492,"09:36","Bryte","Winter"
"1481","3326","EF0419B0062",2019-04-09,"Total Phosphorus","0.06","0.01","mg/L as P",NA,"N","N","Broad Slough","38.04635",-121.84492,"09:36","Bryte","Winter"
"1482","1697","EF0419B0056",2019-04-10,"Dissolved Ammonia","<0.05","0.05","mg/L as N",NA,"N","N","Liberty Island","38.24493",-121.68655,"09:55","Bryte","Liberty"
"1483","1697","EF0419B0056",2019-04-10,"Dissolved Nitrate + Nitrite","<0.05","0.05","mg/L as N",NA,"N","N","Liberty Island","38.24493",-121.68655,"09:55","Bryte","Liberty"
"1484","1697","EF0419B0056",2019-04-10,"Dissolved Organic Carbon","4.1","0.5","mg/L as C",NA,"N","N","Liberty Island","38.24493",-121.68655,"09:55","Bryte","Liberty"
"1485","1697","EF0419B0056",2019-04-10,"Dissolved Organic Nitrogen","0.13","0.1","mg/L as N",NA,"N","N","Liberty Island","38.24493",-121.68655,"09:55","Bryte","Liberty"
"1486","1697","EF0419B0056",2019-04-10,"Dissolved ortho-Phosphate","<0.05","0.05","mg/L as P",NA,"N","N","Liberty Island","38.24493",-121.68655,"09:55","Bryte","Liberty"
"1487","1697","EF0419B0056",2019-04-10,"Total Kjeldahl Nitrogen","0.4","0.1","mg/L as N",NA,"N","N","Liberty Island","38.24493",-121.68655,"09:55","Bryte","Liberty"
"1488","1697","EF0419B0056",2019-04-10,"Total Organic Carbon","4.1","0.5","mg/L as C",NA,"N","N","Liberty Island","38.24493",-121.68655,"09:55","Bryte","Liberty"
"1489","1697","EF0419B0056",2019-04-10,"Total Phosphorus","0.08","0.01","mg/L as P",NA,"N","N","Liberty Island","38.24493",-121.68655,"09:55","Bryte","Liberty"
"1490","1025","EF0419B0053",2019-04-10,"Chlorophyll a","1.88","0.5","ug/L",NA,"N","N","Webb Tract Islands and Berms","38.09753",-121.58817,"10:00","Bryte","Stacys"
"1491","1025","EF0419B0053",2019-04-10,"Dissolved Ammonia","<0.05","0.05","mg/L as N",NA,"N","N","Webb Tract Islands and Berms","38.09753",-121.58817,"10:00","Bryte","Stacys"
"1492","1025","EF0419B0053",2019-04-10,"Dissolved Nitrate + Nitrite","0.2","0.05","mg/L as N",NA,"N","N","Webb Tract Islands and Berms","38.09753",-121.58817,"10:00","Bryte","Stacys"
"1493","1025","EF0419B0053",2019-04-10,"Dissolved Organic Carbon","3","0.5","mg/L as C",NA,"N","N","Webb Tract Islands and Berms","38.09753",-121.58817,"10:00","Bryte","Stacys"
"1494","1025","EF0419B0053",2019-04-10,"Dissolved Organic Nitrogen","0.16","0.1","mg/L as N",NA,"N","N","Webb Tract Islands and Berms","38.09753",-121.58817,"10:00","Bryte","Stacys"
"1495","1025","EF0419B0053",2019-04-10,"Dissolved ortho-Phosphate","<0.05","0.05","mg/L as P",NA,"N","N","Webb Tract Islands and Berms","38.09753",-121.58817,"10:00","Bryte","Stacys"
"1496","1025","EF0419B0053",2019-04-10,"Pheophytin a","0.77","0.5","ug/L",NA,"N","N","Webb Tract Islands and Berms","38.09753",-121.58817,"10:00","Bryte","Stacys"
"1497","1025","EF0419B0053",2019-04-10,"Total Kjeldahl Nitrogen","0.2","0.1","mg/L as N",NA,"N","N","Webb Tract Islands and Berms","38.09753",-121.58817,"10:00","Bryte","Stacys"
"1498","1025","EF0419B0053",2019-04-10,"Total Organic Carbon","2.5","0.5","mg/L as C",NA,"N","N","Webb Tract Islands and Berms","38.09753",-121.58817,"10:00","Bryte","Stacys"
"1499","1025","EF0419B0053",2019-04-10,"Total Phosphorus","0.05","0.01","mg/L as P",NA,"N","N","Webb Tract Islands and Berms","38.09753",-121.58817,"10:00","Bryte","Stacys"
"1500","1656","EF0419B0058",2019-04-11,"Chlorophyll a","2.18","0.5","ug/L",NA,"N","N","Ryer Island","38.08167",-122.01789,"10:15","Bryte","Ryer"
"1501","1656","EF0419B0058",2019-04-11,"Dissolved Ammonia","<0.05","0.05","mg/L as N",NA,"N","N","Ryer Island","38.08167",-122.01789,"10:15","Bryte","Ryer"
"1502","1656","EF0419B0058",2019-04-11,"Dissolved Nitrate + Nitrite","0.15","0.05","mg/L as N",NA,"N","N","Ryer Island","38.08167",-122.01789,"10:15","Bryte","Ryer"
"1503","1656","EF0419B0058",2019-04-11,"Dissolved Organic Nitrogen","0.2","0.1","mg/L as N",NA,"N","N","Ryer Island","38.08167",-122.01789,"10:15","Bryte","Ryer"
"1504","1656","EF0419B0058",2019-04-11,"Dissolved ortho-Phosphate","0.11","0.05","mg/L as P",NA,"N","N","Ryer Island","38.08167",-122.01789,"10:15","Bryte","Ryer"
"1505","1656","EF0419B0058",2019-04-11,"Pheophytin a","1.11","0.5","ug/L",NA,"N","N","Ryer Island","38.08167",-122.01789,"10:15","Bryte","Ryer"
"1506","1656","EF0419B0058",2019-04-11,"Total Kjeldahl Nitrogen","0.3","0.1","mg/L as N",NA,"N","N","Ryer Island","38.08167",-122.01789,"10:15","Bryte","Ryer"
"1507","1656","EF0419B0058",2019-04-11,"Total Phosphorus","0.124","0.01","mg/L as P",NA,"N","N","Ryer Island","38.08167",-122.01789,"10:15","Bryte","Ryer"
"1508","1656","EF0419B0058",2019-04-11,"Total Phosphorus","0.125","0.01","mg/L as P",NA,"N","N","Ryer Island","38.08167",-122.01789,"10:15","Bryte","Ryer"
"1509","2161","EF0419B0063",2019-04-09,"Chlorophyll a","1.44","0.5","ug/L",NA,"N","N","Browns Island","38.04136",-121.85632,"10:30","Bryte","Browns"
"1510","2161","EF0419B0063",2019-04-09,"Dissolved Ammonia","<0.05","0.05","mg/L as N",NA,"N","N","Browns Island","38.04136",-121.85632,"10:30","Bryte","Browns"
"1511","2161","EF0419B0063",2019-04-09,"Dissolved Nitrate + Nitrite","0.08","0.05","mg/L as N",NA,"N","N","Browns Island","38.04136",-121.85632,"10:30","Bryte","Browns"
"1512","2161","EF0419B0063",2019-04-09,"Dissolved Organic Carbon","6.3","0.5","mg/L as C",NA,"N","N","Browns Island","38.04136",-121.85632,"10:30","Bryte","Browns"
"1513","2161","EF0419B0063",2019-04-09,"Dissolved Organic Nitrogen","0.4","0.1","mg/L as N",NA,"N","N","Browns Island","38.04136",-121.85632,"10:30","Bryte","Browns"
"1514","2161","EF0419B0063",2019-04-09,"Dissolved ortho-Phosphate","0.097","0.05","mg/L as P",NA,"N","N","Browns Island","38.04136",-121.85632,"10:30","Bryte","Browns"
"1515","2161","EF0419B0063",2019-04-09,"Pheophytin a","0.61","0.5","ug/L",NA,"N","N","Browns Island","38.04136",-121.85632,"10:30","Bryte","Browns"
"1516","2161","EF0419B0063",2019-04-09,"Total Kjeldahl Nitrogen","0.5","0.1","mg/L as N",NA,"N","N","Browns Island","38.04136",-121.85632,"10:30","Bryte","Browns"
"1517","2161","EF0419B0063",2019-04-09,"Total Organic Carbon","6.6","0.5","mg/L as C",NA,"N","N","Browns Island","38.04136",-121.85632,"10:30","Bryte","Browns"
"1518","2161","EF0419B0063",2019-04-09,"Total Phosphorus","0.108","0.01","mg/L as P",NA,"N","N","Browns Island","38.04136",-121.85632,"10:30","Bryte","Browns"
"1519","1050","EF0419B0059",2019-04-08,"Chlorophyll a","15","0.5","ug/L",NA,"N","N","Honker-Spoonbill","38.18306",-121.91189,"10:45","Bryte","LHB 1"
"1520","1050","EF0419B0059",2019-04-08,"Dissolved Ammonia","<0.05","0.05","mg/L as N",NA,"N","N","Honker-Spoonbill","38.18306",-121.91189,"10:45","Bryte","LHB 1"
"1521","1050","EF0419B0059",2019-04-08,"Dissolved Nitrate + Nitrite","0.2","0.05","mg/L as N",NA,"N","N","Honker-Spoonbill","38.18306",-121.91189,"10:45","Bryte","LHB 1"
"1522","1050","EF0419B0059",2019-04-08,"Dissolved Organic Carbon","6.2","0.5","mg/L as C",NA,"N","N","Honker-Spoonbill","38.18306",-121.91189,"10:45","Bryte","LHB 1"
"1523","1050","EF0419B0059",2019-04-08,"Dissolved Organic Nitrogen","0.4","0.1","mg/L as N",NA,"N","N","Honker-Spoonbill","38.18306",-121.91189,"10:45","Bryte","LHB 1"
"1524","1050","EF0419B0059",2019-04-08,"Dissolved ortho-Phosphate","0.057","0.05","mg/L as P",NA,"N","N","Honker-Spoonbill","38.18306",-121.91189,"10:45","Bryte","LHB 1"
"1525","1050","EF0419B0059",2019-04-08,"Pheophytin a","2.6","0.5","ug/L",NA,"N","N","Honker-Spoonbill","38.18306",-121.91189,"10:45","Bryte","LHB 1"
"1526","1050","EF0419B0059",2019-04-08,"Total Kjeldahl Nitrogen","0.7","0.1","mg/L as N",NA,"N","N","Honker-Spoonbill","38.18306",-121.91189,"10:45","Bryte","LHB 1"
"1527","1050","EF0419B0059",2019-04-08,"Total Organic Carbon","5.9","0.5","mg/L as C",NA,"N","N","Honker-Spoonbill","38.18306",-121.91189,"10:45","Bryte","LHB 1"
"1528","1050","EF0419B0059",2019-04-08,"Total Phosphorus","0.14","0.01","mg/L as P",NA,"N","N","Honker-Spoonbill","38.18306",-121.91189,"10:45","Bryte","LHB 1"
"1529","2175","EF0419B0052",2019-04-10,"Chlorophyll a","1.42","0.5","ug/L",NA,"N","N","Decker Island","38.08657",-121.72232,"11:00","Bryte","Decker Inside"
"1530","2175","EF0419B0052",2019-04-10,"Dissolved Ammonia","<0.05","0.05","mg/L as N",NA,"N","N","Decker Island","38.08657",-121.72232,"11:00","Bryte","Decker Inside"
"1531","2175","EF0419B0052",2019-04-10,"Dissolved Nitrate + Nitrite","0.108","0.05","mg/L as N",NA,"N","N","Decker Island","38.08657",-121.72232,"11:00","Bryte","Decker Inside"
"1532","2175","EF0419B0052",2019-04-10,"Dissolved Nitrate + Nitrite","0.107","0.05","mg/L as N",NA,"N","N","Decker Island","38.08657",-121.72232,"11:00","Bryte","Decker Inside"
"1533","2175","EF0419B0052",2019-04-10,"Dissolved Organic Carbon","2.8","0.5","mg/L as C",NA,"N","N","Decker Island","38.08657",-121.72232,"11:00","Bryte","Decker Inside"
"1534","2175","EF0419B0052",2019-04-10,"Dissolved Organic Nitrogen","0.22","0.1","mg/L as N",NA,"N","N","Decker Island","38.08657",-121.72232,"11:00","Bryte","Decker Inside"
"1535","2175","EF0419B0052",2019-04-10,"Dissolved ortho-Phosphate","<0.05","0.05","mg/L as P",NA,"N","N","Decker Island","38.08657",-121.72232,"11:00","Bryte","Decker Inside"
"1536","2175","EF0419B0052",2019-04-10,"Pheophytin a","0.86","0.5","ug/L",NA,"N","N","Decker Island","38.08657",-121.72232,"11:00","Bryte","Decker Inside"
"1537","2175","EF0419B0052",2019-04-10,"Total Kjeldahl Nitrogen","0.3","0.1","mg/L as N",NA,"N","N","Decker Island","38.08657",-121.72232,"11:00","Bryte","Decker Inside"
"1538","2175","EF0419B0052",2019-04-10,"Total Organic Carbon","2.9","0.5","mg/L as C",NA,"N","N","Decker Island","38.08657",-121.72232,"11:00","Bryte","Decker Inside"
"1539","2175","EF0419B0052",2019-04-10,"Total Phosphorus","0.06","0.01","mg/L as P",NA,"N","N","Decker Island","38.08657",-121.72232,"11:00","Bryte","Decker Inside"
"1540","1645","EF0419B0057",2019-04-10,"Dissolved Ammonia","0.05","0.05","mg/L as N",NA,"N","N","Lookout Slough","38.292",-121.71658,"11:12","Bryte","Lookout Slough"
"1541","1645","EF0419B0057",2019-04-10,"Dissolved Nitrate + Nitrite","0.09","0.05","mg/L as N",NA,"N","N","Lookout Slough","38.292",-121.71658,"11:12","Bryte","Lookout Slough"
"1542","1645","EF0419B0057",2019-04-10,"Dissolved Organic Carbon","9.8","0.5","mg/L as C",NA,"N","N","Lookout Slough","38.292",-121.71658,"11:12","Bryte","Duplicate Lookout Slough"
"1543","1645","EF0419B0057",2019-04-10,"Dissolved Organic Carbon","9.9","0.5","mg/L as C",NA,"N","N","Lookout Slough","38.292",-121.71658,"11:12","Bryte","Lookout Slough"
"1544","1645","EF0419B0057",2019-04-10,"Dissolved Organic Nitrogen","0.6","0.1","mg/L as N",NA,"N","N","Lookout Slough","38.292",-121.71658,"11:12","Bryte","Lookout Slough"
"1545","1645","EF0419B0057",2019-04-10,"Dissolved ortho-Phosphate","0.324","0.05","mg/L as P",NA,"N","N","Lookout Slough","38.292",-121.71658,"11:12","Bryte","Lookout Slough"
"1546","1645","EF0419B0057",2019-04-10,"Total Kjeldahl Nitrogen","0.8","0.1","mg/L as N",NA,"N","N","Lookout Slough","38.292",-121.71658,"11:12","Bryte","Lookout Slough"
"1547","1645","EF0419B0057",2019-04-10,"Total Organic Carbon","10.7","0.5","mg/L as C",NA,"N","N","Lookout Slough","38.292",-121.71658,"11:12","Bryte","Duplicate Lookout Slough"
"1548","1645","EF0419B0057",2019-04-10,"Total Organic Carbon","10.8","0.5","mg/L as C",NA,"N","N","Lookout Slough","38.292",-121.71658,"11:12","Bryte","Lookout Slough"
"1549","1645","EF0419B0057",2019-04-10,"Total Phosphorus","0.39","0.01","mg/L as P",NA,"N","N","Lookout Slough","38.292",-121.71658,"11:12","Bryte","Lookout Slough"
"1550","1072","EF0419B0060",2019-04-08,"Chlorophyll a","1.82","0.5","ug/L",NA,"N","N","Honker-Spoonbill","38.18101",-121.91705,"12:10","Bryte","LHB 2"
"1551","1072","EF0419B0060",2019-04-08,"Dissolved Ammonia","<0.05","0.05","mg/L as N",NA,"N","N","Honker-Spoonbill","38.18101",-121.91705,"12:10","Bryte","LHB 2"
"1552","1072","EF0419B0060",2019-04-08,"Dissolved Nitrate + Nitrite","0.18","0.05","mg/L as N",NA,"N","N","Honker-Spoonbill","38.18101",-121.91705,"12:10","Bryte","LHB 2"
"1553","1072","EF0419B0060",2019-04-08,"Dissolved Organic Carbon","6","0.5","mg/L as C",NA,"N","N","Honker-Spoonbill","38.18101",-121.91705,"12:10","Bryte","LHB 2"
"1554","1072","EF0419B0060",2019-04-08,"Dissolved Organic Nitrogen","0.38","0.1","mg/L as N",NA,"N","N","Honker-Spoonbill","38.18101",-121.91705,"12:10","Bryte","LHB 2"
"1555","1072","EF0419B0060",2019-04-08,"Dissolved ortho-Phosphate","0.062","0.05","mg/L as P",NA,"N","N","Honker-Spoonbill","38.18101",-121.91705,"12:10","Bryte","LHB 2"
"1556","1072","EF0419B0060",2019-04-08,"Pheophytin a","2.8","0.5","ug/L",NA,"N","N","Honker-Spoonbill","38.18101",-121.91705,"12:10","Bryte","LHB 2"
"1557","1072","EF0419B0060",2019-04-08,"Total Kjeldahl Nitrogen","0.6","0.1","mg/L as N",NA,"N","N","Honker-Spoonbill","38.18101",-121.91705,"12:10","Bryte","LHB 2"
"1558","1072","EF0419B0060",2019-04-08,"Total Organic Carbon","6","0.5","mg/L as C",NA,"N","N","Honker-Spoonbill","38.18101",-121.91705,"12:10","Bryte","LHB 2"
"1559","1072","EF0419B0060",2019-04-08,"Total Phosphorus","0.157","0.01","mg/L as P",NA,"N","N","Honker-Spoonbill","38.18101",-121.91705,"12:10","Bryte","LHB 2"
"1560","1694","EF0419B0055",2019-04-11,"Dissolved Ammonia","<0.05","0.05","mg/L as N",NA,"N","N","Prospect Island","38.24501",-121.66355,"12:12","Bryte","Miner"
"1561","1694","EF0419B0055",2019-04-11,"Dissolved Nitrate + Nitrite","0.08","0.05","mg/L as N",NA,"N","N","Prospect Island","38.24501",-121.66355,"12:12","Bryte","Miner"
"1562","1694","EF0419B0055",2019-04-11,"Dissolved Organic Carbon","2.5","0.5","mg/L as C",NA,"N","N","Prospect Island","38.24501",-121.66355,"12:12","Bryte","Miner"
"1563","1694","EF0419B0055",2019-04-11,"Dissolved Organic Nitrogen","0.2","0.1","mg/L as N",NA,"N","N","Prospect Island","38.24501",-121.66355,"12:12","Bryte","Miner"
"1564","1694","EF0419B0055",2019-04-11,"Dissolved ortho-Phosphate","<0.05","0.05","mg/L as P",NA,"N","N","Prospect Island","38.24501",-121.66355,"12:12","Bryte","Miner"
"1565","1694","EF0419B0055",2019-04-11,"Total Kjeldahl Nitrogen","0.2","0.1","mg/L as N",NA,"N","N","Prospect Island","38.24501",-121.66355,"12:12","Bryte","Miner"
"1566","1694","EF0419B0055",2019-04-11,"Total Organic Carbon","2.5","0.5","mg/L as C",NA,"N","N","Prospect Island","38.24501",-121.66355,"12:12","Bryte","Miner"
"1567","1694","EF0419B0055",2019-04-11,"Total Phosphorus","0.05","0.01","mg/L as P",NA,"N","N","Prospect Island","38.24501",-121.66355,"12:12","Bryte","Miner"
"1568","1648","EF0419B0061",2019-04-08,"Chlorophyll a","13.2","0.5","ug/L",NA,"N","N","Honker-Spoonbill","38.17796",-121.91945,"13:00","Bryte","LHB 3"
"1569","1648","EF0419B0061",2019-04-08,"Dissolved Ammonia","<0.05","0.05","mg/L as N",NA,"N","N","Honker-Spoonbill","38.17796",-121.91945,"13:00","Bryte","LHB 3"
"1570","1648","EF0419B0061",2019-04-08,"Dissolved Nitrate + Nitrite","0.17","0.05","mg/L as N",NA,"N","N","Honker-Spoonbill","38.17796",-121.91945,"13:00","Bryte","LHB 3"
"1571","1648","EF0419B0061",2019-04-08,"Dissolved Organic Carbon","6.3","0.5","mg/L as C",NA,"N","N","Honker-Spoonbill","38.17796",-121.91945,"13:00","Bryte","LHB 3"
"1572","1648","EF0419B0061",2019-04-08,"Dissolved Organic Nitrogen","0.4","0.1","mg/L as N",NA,"N","N","Honker-Spoonbill","38.17796",-121.91945,"13:00","Bryte","LHB 3"
"1573","1648","EF0419B0061",2019-04-08,"Dissolved ortho-Phosphate","0.06","0.05","mg/L as P",NA,"N","N","Honker-Spoonbill","38.17796",-121.91945,"13:00","Bryte","LHB 3"
"1574","1648","EF0419B0061",2019-04-08,"Pheophytin a","3.14","0.5","ug/L",NA,"N","N","Honker-Spoonbill","38.17796",-121.91945,"13:00","Bryte","LHB 3"
"1575","1648","EF0419B0061",2019-04-08,"Total Kjeldahl Nitrogen","0.751","0.1","mg/L as N",NA,"N","N","Honker-Spoonbill","38.17796",-121.91945,"13:00","Bryte","LHB 3"
"1576","1648","EF0419B0061",2019-04-08,"Total Organic Carbon","6.3","0.5","mg/L as C",NA,"N","N","Honker-Spoonbill","38.17796",-121.91945,"13:00","Bryte","LHB 3"
"1577","1648","EF0419B0061",2019-04-08,"Total Phosphorus","0.17","0.01","mg/L as P",NA,"N","N","Honker-Spoonbill","38.17796",-121.91945,"13:00","Bryte","LHB 3"
"1578","1048","EF0419B0054",2019-04-11,"Chlorophyll a","6.55","0.5","ug/L",NA,"N","N","Yolo Flyway Farms","38.36034",-121.64024,"13:14","Bryte","Flyway"
"1579","1048","EF0419B0054",2019-04-11,"Dissolved Ammonia","<0.05","0.05","mg/L as N",NA,"N","N","Yolo Flyway Farms","38.36034",-121.64024,"13:14","Bryte","Flyway"
"1580","1048","EF0419B0054",2019-04-11,"Dissolved Nitrate + Nitrite","0.13","0.05","mg/L as N",NA,"N","N","Yolo Flyway Farms","38.36034",-121.64024,"13:14","Bryte","Flyway"
"1581","1048","EF0419B0054",2019-04-11,"Dissolved Organic Carbon","1.9","0.5","mg/L as C",NA,"N","N","Yolo Flyway Farms","38.36034",-121.64024,"13:14","Bryte","Flyway"
"1582","1048","EF0419B0054",2019-04-11,"Dissolved Organic Nitrogen","0.11","0.1","mg/L as N",NA,"N","N","Yolo Flyway Farms","38.36034",-121.64024,"13:14","Bryte","Flyway"
"1583","1048","EF0419B0054",2019-04-11,"Dissolved ortho-Phosphate","<0.05","0.05","mg/L as P",NA,"N","N","Yolo Flyway Farms","38.36034",-121.64024,"13:14","Bryte","Flyway"
"1584","1048","EF0419B0054",2019-04-11,"Pheophytin a","2.48","0.5","ug/L",NA,"N","N","Yolo Flyway Farms","38.36034",-121.64024,"13:14","Bryte","Flyway"
"1585","1048","EF0419B0054",2019-04-11,"Total Kjeldahl Nitrogen","0.2","0.1","mg/L as N",NA,"N","N","Yolo Flyway Farms","38.36034",-121.64024,"13:14","Bryte","Flyway"
"1586","1048","EF0419B0054",2019-04-11,"Total Organic Carbon","1.9","0.5","mg/L as C",NA,"N","N","Yolo Flyway Farms","38.36034",-121.64024,"13:14","Bryte","Flyway"
"1587","1048","EF0419B0054",2019-04-11,"Total Phosphorus","0.08","0.01","mg/L as P",NA,"N","N","Yolo Flyway Farms","38.36034",-121.64024,"13:14","Bryte","Flyway"
"1588","3327","EF0419B0068",2019-04-25,"Chlorophyll a","2.56","0.5","ug/L",NA,"N","N","Liberty Island","38.28035",-121.69313,"08:10","Bryte",NA
"1589","3327","EF0419B0068",2019-04-25,"Dissolved Ammonia","<0.05","0.05","mg/L as N",NA,"N","N","Liberty Island","38.28035",-121.69313,"08:10","Bryte",NA
"1590","3327","EF0419B0068",2019-04-25,"Dissolved Nitrate + Nitrite","<0.05","0.05","mg/L as N",NA,"N","N","Liberty Island","38.28035",-121.69313,"08:10","Bryte",NA
"1591","3327","EF0419B0068",2019-04-25,"Dissolved Organic Carbon","4.6","0.5","mg/L as C",NA,"N","N","Liberty Island","38.28035",-121.69313,"08:10","Bryte",NA
"1592","3327","EF0419B0068",2019-04-25,"Dissolved Organic Nitrogen","0.37","0.1","mg/L as N",NA,"N","N","Liberty Island","38.28035",-121.69313,"08:10","Bryte",NA
"1593","3327","EF0419B0068",2019-04-25,"Dissolved ortho-Phosphate","0.08","0.05","mg/L as P",NA,"N","N","Liberty Island","38.28035",-121.69313,"08:10","Bryte",NA
"1594","3327","EF0419B0068",2019-04-25,"Pheophytin a","0.89","0.5","ug/L",NA,"N","N","Liberty Island","38.28035",-121.69313,"08:10","Bryte",NA
"1595","3327","EF0419B0068",2019-04-25,"Total Kjeldahl Nitrogen","0.441","0.1","mg/L as N",NA,"N","N","Liberty Island","38.28035",-121.69313,"08:10","Bryte",NA
"1596","3327","EF0419B0068",2019-04-25,"Total Organic Carbon","4.6","0.5","mg/L as C",NA,"N","N","Liberty Island","38.28035",-121.69313,"08:10","Bryte",NA
"1597","3327","EF0419B0068",2019-04-25,"Total Phosphorus","0.12","0.01","mg/L as P",NA,"N","N","Liberty Island","38.28035",-121.69313,"08:10","Bryte",NA
"1598","2170","EF0419B0066",2019-04-25,"Chlorophyll a","10.5","0.5","ug/L",NA,"N","N","Grizzly Bay","38.13138",-121.9994,"09:11","Bryte",NA
"1599","2170","EF0419B0066",2019-04-25,"Dissolved Ammonia","<0.05","0.05","mg/L as N",NA,"N","N","Grizzly Bay","38.13138",-121.9994,"09:11","Bryte",NA
"1600","2170","EF0419B0066",2019-04-25,"Dissolved Nitrate + Nitrite","0.09","0.05","mg/L as N",NA,"N","N","Grizzly Bay","38.13138",-121.9994,"09:11","Bryte",NA
"1601","2170","EF0419B0066",2019-04-25,"Dissolved Organic Carbon","2.8","0.5","mg/L as C",NA,"N","N","Grizzly Bay","38.13138",-121.9994,"09:11","Bryte","Duplicate"
"1602","2170","EF0419B0066",2019-04-25,"Dissolved Organic Carbon","2.7","0.5","mg/L as C",NA,"N","N","Grizzly Bay","38.13138",-121.9994,"09:11","Bryte",NA
"1603","2170","EF0419B0066",2019-04-25,"Dissolved Organic Nitrogen","0.2","0.1","mg/L as N",NA,"N","N","Grizzly Bay","38.13138",-121.9994,"09:11","Bryte",NA
"1604","2170","EF0419B0066",2019-04-25,"Dissolved ortho-Phosphate","0.063","0.05","mg/L as P",NA,"N","N","Grizzly Bay","38.13138",-121.9994,"09:11","Bryte",NA
"1605","2170","EF0419B0066",2019-04-25,"Pheophytin a","2.95","0.5","ug/L",NA,"N","N","Grizzly Bay","38.13138",-121.9994,"09:11","Bryte",NA
"1606","2170","EF0419B0066",2019-04-25,"Total Kjeldahl Nitrogen","0.5","0.1","mg/L as N",NA,"N","N","Grizzly Bay","38.13138",-121.9994,"09:11","Bryte",NA
"1607","2170","EF0419B0066",2019-04-25,"Total Organic Carbon","2.5","0.5","mg/L as C",NA,"N","N","Grizzly Bay","38.13138",-121.9994,"09:11","Bryte",NA
"1608","2170","EF0419B0066",2019-04-25,"Total Organic Carbon","2.5","0.5","mg/L as C",NA,"N","N","Grizzly Bay","38.13138",-121.9994,"09:11","Bryte","Duplicate"
"1609","2170","EF0419B0066",2019-04-25,"Total Phosphorus","0.115","0.01","mg/L as P",NA,"N","N","Grizzly Bay","38.13138",-121.9994,"09:11","Bryte",NA
"1610","3520","EF0419B0069",2019-04-25,"Chlorophyll a","12.5","0.5","ug/L",NA,"N","N","Yolo Flyway Farms","38.36209",-121.64281,"14:22","Bryte",NA
"1611","3520","EF0419B0069",2019-04-25,"Dissolved Ammonia","<0.05","0.05","mg/L as N",NA,"N","N","Yolo Flyway Farms","38.36209",-121.64281,"14:22","Bryte",NA
"1612","3520","EF0419B0069",2019-04-25,"Dissolved Nitrate + Nitrite","0.113","0.05","mg/L as N",NA,"N","N","Yolo Flyway Farms","38.36209",-121.64281,"14:22","Bryte",NA
"1613","3520","EF0419B0069",2019-04-25,"Dissolved Organic Carbon","6.3","0.5","mg/L as C",NA,"N","N","Yolo Flyway Farms","38.36209",-121.64281,"14:22","Bryte",NA
"1614","3520","EF0419B0069",2019-04-25,"Dissolved Organic Nitrogen","0.5","0.1","mg/L as N",NA,"N","N","Yolo Flyway Farms","38.36209",-121.64281,"14:22","Bryte",NA
"1615","3520","EF0419B0069",2019-04-25,"Dissolved ortho-Phosphate","0.069","0.05","mg/L as P",NA,"N","N","Yolo Flyway Farms","38.36209",-121.64281,"14:22","Bryte",NA
"1616","3520","EF0419B0069",2019-04-25,"Pheophytin a","4.79","0.5","ug/L",NA,"N","N","Yolo Flyway Farms","38.36209",-121.64281,"14:22","Bryte",NA
"1617","3520","EF0419B0069",2019-04-25,"Total Kjeldahl Nitrogen","0.8","0.1","mg/L as N",NA,"N","N","Yolo Flyway Farms","38.36209",-121.64281,"14:22","Bryte",NA
"1618","3520","EF0419B0069",2019-04-25,"Total Organic Carbon","6.4","0.5","mg/L as C",NA,"N","N","Yolo Flyway Farms","38.36209",-121.64281,"14:22","Bryte",NA
"1619","3520","EF0419B0069",2019-04-25,"Total Phosphorus","0.2","0.01","mg/L as P",NA,"N","N","Yolo Flyway Farms","38.36209",-121.64281,"14:22","Bryte",NA
"1620","3520","EF0419B0069",2019-04-25,"Total Phosphorus","0.21","0.01","mg/L as P",NA,"N","N","Yolo Flyway Farms","38.36209",-121.64281,"14:22","Bryte",NA
"1621","3863","EF0419B0065",2019-04-25,"Chlorophyll a","9.38","0.5","ug/L",NA,"N","N","Wings Landing","38.22632",-122.03753,"16:21","Bryte",NA
"1622","3863","EF0419B0065",2019-04-25,"Dissolved Ammonia","0.111","0.05","mg/L as N",NA,"N","N","Wings Landing","38.22632",-122.03753,"16:21","Bryte",NA
"1623","3863","EF0419B0065",2019-04-25,"Dissolved Nitrate + Nitrite","0.63","0.05","mg/L as N",NA,"N","N","Wings Landing","38.22632",-122.03753,"16:21","Bryte",NA
"1624","3863","EF0419B0065",2019-04-25,"Dissolved Organic Carbon","14.4","0.5","mg/L as C",NA,"N","N","Wings Landing","38.22632",-122.03753,"16:21","Bryte",NA
"1625","3863","EF0419B0065",2019-04-25,"Dissolved Organic Nitrogen","1.1","0.1","mg/L as N",NA,"N","N","Wings Landing","38.22632",-122.03753,"16:21","Bryte",NA
"1626","3863","EF0419B0065",2019-04-25,"Dissolved ortho-Phosphate","0.682","0.05","mg/L as P",NA,"N","N","Wings Landing","38.22632",-122.03753,"16:21","Bryte",NA
"1627","3863","EF0419B0065",2019-04-25,"Pheophytin a","2.81","0.5","ug/L",NA,"N","N","Wings Landing","38.22632",-122.03753,"16:21","Bryte",NA
"1628","3863","EF0419B0065",2019-04-25,"Total Kjeldahl Nitrogen","1.46","0.1","mg/L as N",NA,"N","N","Wings Landing","38.22632",-122.03753,"16:21","Bryte",NA
"1629","3863","EF0419B0065",2019-04-25,"Total Organic Carbon","15","0.5","mg/L as C",NA,"N","N","Wings Landing","38.22632",-122.03753,"16:21","Bryte",NA
"1630","3863","EF0419B0065",2019-04-25,"Total Phosphorus","0.9","0.01","mg/L as P",NA,"N","N","Wings Landing","38.22632",-122.03753,"16:21","Bryte",NA
"1631","3403","EF0419B0070",2019-04-26,"Chlorophyll a","5.94","0.5","ug/L",NA,"N","N","Blacklock Marsh","38.17988",-121.90996,"10:01","Bryte",NA
"1632","3403","EF0419B0070",2019-04-26,"Dissolved Ammonia","<0.05","0.05","mg/L as N",NA,"N","N","Blacklock Marsh","38.17988",-121.90996,"10:01","Bryte",NA
"1633","3403","EF0419B0070",2019-04-26,"Dissolved Nitrate + Nitrite","0.13","0.05","mg/L as N",NA,"N","N","Blacklock Marsh","38.17988",-121.90996,"10:01","Bryte",NA
"1634","3403","EF0419B0070",2019-04-26,"Dissolved Organic Carbon","5.5","0.5","mg/L as C",NA,"N","N","Blacklock Marsh","38.17988",-121.90996,"10:01","Bryte",NA
"1635","3403","EF0419B0070",2019-04-26,"Dissolved Organic Nitrogen","0.4","0.1","mg/L as N",NA,"N","N","Blacklock Marsh","38.17988",-121.90996,"10:01","Bryte",NA
"1636","3403","EF0419B0070",2019-04-26,"Dissolved ortho-Phosphate","0.077","0.05","mg/L as P",NA,"N","N","Blacklock Marsh","38.17988",-121.90996,"10:01","Bryte",NA
"1637","3403","EF0419B0070",2019-04-26,"Pheophytin a","1.18","0.5","ug/L",NA,"N","N","Blacklock Marsh","38.17988",-121.90996,"10:01","Bryte",NA
"1638","3403","EF0419B0070",2019-04-26,"Total Kjeldahl Nitrogen","0.6","0.1","mg/L as N",NA,"N","N","Blacklock Marsh","38.17988",-121.90996,"10:01","Bryte",NA
"1639","3403","EF0419B0070",2019-04-26,"Total Organic Carbon","5.2","0.5","mg/L as C",NA,"N","N","Blacklock Marsh","38.17988",-121.90996,"10:01","Bryte",NA
"1640","3403","EF0419B0070",2019-04-26,"Total Phosphorus","0.16","0.01","mg/L as P",NA,"N","N","Blacklock Marsh","38.17988",-121.90996,"10:01","Bryte",NA
"1641","3323","EF0419B0089",2019-04-29,"Chlorophyll a","4.03","0.5","ug/L",NA,"N","N","Chipps Island","38.05849",-121.90716,"09:33","Bryte",NA
"1642","3323","EF0419B0089",2019-04-29,"Dissolved Ammonia","<0.05","0.05","mg/L as N",NA,"N","N","Chipps Island","38.05849",-121.90716,"09:33","Bryte",NA
"1643","3323","EF0419B0089",2019-04-29,"Dissolved Nitrate + Nitrite","0.062","0.05","mg/L as N",NA,"N","N","Chipps Island","38.05849",-121.90716,"09:33","Bryte",NA
"1644","3323","EF0419B0089",2019-04-29,"Dissolved Organic Carbon","3.9","0.5","mg/L as C",NA,"N","N","Chipps Island","38.05849",-121.90716,"09:33","Bryte",NA
"1645","3323","EF0419B0089",2019-04-29,"Dissolved Organic Nitrogen","0.2","0.1","mg/L as N",NA,"N","N","Chipps Island","38.05849",-121.90716,"09:33","Bryte",NA
"1646","3323","EF0419B0089",2019-04-29,"Dissolved ortho-Phosphate","0.069","0.05","mg/L as P",NA,"N","N","Chipps Island","38.05849",-121.90716,"09:33","Bryte",NA
"1647","3323","EF0419B0089",2019-04-29,"Pheophytin a","2.61","0.5","ug/L",NA,"N","N","Chipps Island","38.05849",-121.90716,"09:33","Bryte",NA
"1648","3323","EF0419B0089",2019-04-29,"Total Kjeldahl Nitrogen","0.4","0.1","mg/L as N",NA,"N","N","Chipps Island","38.05849",-121.90716,"09:33","Bryte",NA
"1649","3323","EF0419B0089",2019-04-29,"Total Organic Carbon","3.7","0.5","mg/L as C",NA,"N","N","Chipps Island","38.05849",-121.90716,"09:33","Bryte",NA
"1650","3323","EF0419B0089",2019-04-29,"Total Phosphorus","0.18","0.01","mg/L as P",NA,"N","N","Chipps Island","38.05849",-121.90716,"09:33","Bryte",NA
"1651","3399","EF0419B0090",2019-04-30,"Chlorophyll a","489","5","ug/L",NA,"N","N","Arnold Slough","38.17492",-121.90627,"10:20","Bryte",NA
"1652","3399","EF0419B0090",2019-04-30,"Dissolved Ammonia","<0.05","0.05","mg/L as N",NA,"N","N","Arnold Slough","38.17492",-121.90627,"10:20","Bryte",NA
"1653","3399","EF0419B0090",2019-04-30,"Dissolved Nitrate + Nitrite","<0.05","0.05","mg/L as N",NA,"N","N","Arnold Slough","38.17492",-121.90627,"10:20","Bryte",NA
"1654","3399","EF0419B0090",2019-04-30,"Dissolved Organic Carbon","25.8","1","mg/L as C",NA,"N","N","Arnold Slough","38.17492",-121.90627,"10:20","Bryte","2X Dilution"
"1655","3399","EF0419B0090",2019-04-30,"Dissolved Organic Nitrogen","2.27","0.1","mg/L as N",NA,"N","N","Arnold Slough","38.17492",-121.90627,"10:20","Bryte",NA
"1656","3399","EF0419B0090",2019-04-30,"Dissolved ortho-Phosphate","<0.05","0.05","mg/L as P",NA,"N","N","Arnold Slough","38.17492",-121.90627,"10:20","Bryte",NA
"1657","3399","EF0419B0090",2019-04-30,"Pheophytin a","15.5","5","ug/L",NA,"N","Y","Arnold Slough","38.17492",-121.90627,"10:20","Bryte",NA
"1658","3399","EF0419B0090",2019-04-30,"Total Kjeldahl Nitrogen","4.8","0.1","mg/L as N",NA,"N","N","Arnold Slough","38.17492",-121.90627,"10:20","Bryte",NA
"1659","3399","EF0419B0090",2019-04-30,"Total Organic Carbon","40.3","1","mg/L as C",NA,"N","N","Arnold Slough","38.17492",-121.90627,"10:20","Bryte","2X Dilution"
"1660","3399","EF0419B0090",2019-04-30,"Total Phosphorus","0.42","0.01","mg/L as P",NA,"N","N","Arnold Slough","38.17492",-121.90627,"10:20","Bryte",NA
"1661","3272","EF0519B0082",2019-05-14,"Chlorophyll a","4.11","0.5","ug/L",NA,"N","N","Blacklock Marsh","38.18006",-121.90645,"12:20","Bryte",NA
"1662","3272","EF0519B0082",2019-05-14,"Dissolved Ammonia","0.07","0.05","mg/L as N",NA,"N","N","Blacklock Marsh","38.18006",-121.90645,"12:20","Bryte",NA
"1663","3272","EF0519B0082",2019-05-14,"Dissolved Nitrate + Nitrite","0.22","0.05","mg/L as N",NA,"N","N","Blacklock Marsh","38.18006",-121.90645,"12:20","Bryte",NA
"1664","3272","EF0519B0082",2019-05-14,"Dissolved Organic Carbon","6.3","0.5","mg/L as C",NA,"N","N","Blacklock Marsh","38.18006",-121.90645,"12:20","Bryte",NA
"1665","3272","EF0519B0082",2019-05-14,"Dissolved Organic Nitrogen","0.4","0.1","mg/L as N",NA,"N","N","Blacklock Marsh","38.18006",-121.90645,"12:20","Bryte",NA
"1666","3272","EF0519B0082",2019-05-14,"Dissolved ortho-Phosphate","0.053","0.05","mg/L as P",NA,"N","N","Blacklock Marsh","38.18006",-121.90645,"12:20","Bryte",NA
"1667","3272","EF0519B0082",2019-05-14,"Pheophytin a","2.5","0.5","ug/L",NA,"N","N","Blacklock Marsh","38.18006",-121.90645,"12:20","Bryte",NA
"1668","3272","EF0519B0082",2019-05-14,"Total Kjeldahl Nitrogen","0.8","0.1","mg/L as N",NA,"N","N","Blacklock Marsh","38.18006",-121.90645,"12:20","Bryte",NA
"1669","3272","EF0519B0082",2019-05-14,"Total Organic Carbon","5.9","0.5","mg/L as C",NA,"N","N","Blacklock Marsh","38.18006",-121.90645,"12:20","Bryte",NA
"1670","3272","EF0519B0082",2019-05-14,"Total Phosphorus","0.19","0.01","mg/L as P",NA,"N","N","Blacklock Marsh","38.18006",-121.90645,"12:20","Bryte",NA
"1671","3273","EF0519B0083",2019-05-14,"Chlorophyll a","4.58","0.5","ug/L",NA,"N","N","Wings Landing","38.22604",-122.0384,NA,"Bryte",NA
"1672","3273","EF0519B0083",2019-05-14,"Dissolved Ammonia","0.07","0.05","mg/L as N",NA,"N","N","Wings Landing","38.22604",-122.0384,NA,"Bryte",NA
"1673","3273","EF0519B0083",2019-05-14,"Dissolved Nitrate + Nitrite","0.84","0.05","mg/L as N",NA,"N","N","Wings Landing","38.22604",-122.0384,NA,"Bryte",NA
"1674","3273","EF0519B0083",2019-05-14,"Dissolved Organic Carbon","12.1","0.5","mg/L as C",NA,"N","N","Wings Landing","38.22604",-122.0384,NA,"Bryte",NA
"1675","3273","EF0519B0083",2019-05-14,"Dissolved Organic Nitrogen","0.9","0.1","mg/L as N",NA,"N","N","Wings Landing","38.22604",-122.0384,NA,"Bryte",NA
"1676","3273","EF0519B0083",2019-05-14,"Dissolved ortho-Phosphate","0.559","0.05","mg/L as P",NA,"N","N","Wings Landing","38.22604",-122.0384,NA,"Bryte",NA
"1677","3273","EF0519B0083",2019-05-14,"Dissolved ortho-Phosphate","0.562","0.05","mg/L as P",NA,"N","N","Wings Landing","38.22604",-122.0384,NA,"Bryte",NA
"1678","3273","EF0519B0083",2019-05-14,"Pheophytin a","3.21","0.5","ug/L",NA,"N","N","Wings Landing","38.22604",-122.0384,NA,"Bryte",NA
"1679","3273","EF0519B0083",2019-05-14,"Total Kjeldahl Nitrogen","1","0.1","mg/L as N",NA,"N","N","Wings Landing","38.22604",-122.0384,NA,"Bryte",NA
"1680","3273","EF0519B0083",2019-05-14,"Total Organic Carbon","12.1","0.5","mg/L as C",NA,"N","N","Wings Landing","38.22604",-122.0384,NA,"Bryte",NA
"1681","3273","EF0519B0083",2019-05-14,"Total Phosphorus","0.62","0.01","mg/L as P",NA,"N","N","Wings Landing","38.22604",-122.0384,NA,"Bryte",NA
"1682","1065","EF0519B0085",2019-05-15,"Chlorophyll a","2.37","0.5","ug/L",NA,"N","N","Winter Island","38.0388",-121.84494,"13:32","Bryte",NA
"1683","1065","EF0519B0085",2019-05-15,"Dissolved Ammonia","0.06","0.05","mg/L as N",NA,"N","N","Winter Island","38.0388",-121.84494,"13:32","Bryte",NA
"1684","1065","EF0519B0085",2019-05-15,"Dissolved Nitrate + Nitrite","0.128","0.05","mg/L as N",NA,"N","N","Winter Island","38.0388",-121.84494,"13:32","Bryte",NA
"1685","1065","EF0519B0085",2019-05-15,"Dissolved Organic Carbon","2.1","0.5","mg/L as C",NA,"N","N","Winter Island","38.0388",-121.84494,"13:32","Bryte",NA
"1686","1065","EF0519B0085",2019-05-15,"Dissolved Organic Nitrogen","0.1","0.1","mg/L as N",NA,"N","N","Winter Island","38.0388",-121.84494,"13:32","Bryte",NA
"1687","1065","EF0519B0085",2019-05-15,"Dissolved ortho-Phosphate","<0.05","0.05","mg/L as P",NA,"N","N","Winter Island","38.0388",-121.84494,"13:32","Bryte",NA
"1688","1065","EF0519B0085",2019-05-15,"Pheophytin a","1.13","0.5","ug/L",NA,"N","N","Winter Island","38.0388",-121.84494,"13:32","Bryte",NA
"1689","1065","EF0519B0085",2019-05-15,"Total Kjeldahl Nitrogen","0.2","0.1","mg/L as N",NA,"N","N","Winter Island","38.0388",-121.84494,"13:32","Bryte",NA
"1690","1065","EF0519B0085",2019-05-15,"Total Organic Carbon","2.1","0.5","mg/L as C",NA,"N","N","Winter Island","38.0388",-121.84494,"13:32","Bryte",NA
"1691","1065","EF0519B0085",2019-05-15,"Total Phosphorus","0.055","0.01","mg/L as P",NA,"N","N","Winter Island","38.0388",-121.84494,"13:32","Bryte",NA
"1692","2171","EF0519B0086",2019-05-15,"Chlorophyll a","1.35","0.5","ug/L",NA,"N","Y","Browns Island","38.03928",-121.85813,"14:30","Bryte",NA
"1693","2171","EF0519B0086",2019-05-15,"Dissolved Ammonia","<0.05","0.05","mg/L as N",NA,"N","N","Browns Island","38.03928",-121.85813,"14:30","Bryte",NA
"1694","2171","EF0519B0086",2019-05-15,"Dissolved Nitrate + Nitrite","0.07","0.05","mg/L as N",NA,"N","N","Browns Island","38.03928",-121.85813,"14:30","Bryte",NA
"1695","2171","EF0519B0086",2019-05-15,"Dissolved Organic Carbon","4.1","0.5","mg/L as C",NA,"N","N","Browns Island","38.03928",-121.85813,"14:30","Bryte",NA
"1696","2171","EF0519B0086",2019-05-15,"Dissolved Organic Nitrogen","0.2","0.1","mg/L as N",NA,"N","N","Browns Island","38.03928",-121.85813,"14:30","Bryte",NA
"1697","2171","EF0519B0086",2019-05-15,"Dissolved ortho-Phosphate","0.078","0.05","mg/L as P",NA,"N","N","Browns Island","38.03928",-121.85813,"14:30","Bryte",NA
"1698","2171","EF0519B0086",2019-05-15,"Pheophytin a","0.53","0.5","ug/L",NA,"N","Y","Browns Island","38.03928",-121.85813,"14:30","Bryte",NA
"1699","2171","EF0519B0086",2019-05-15,"Total Kjeldahl Nitrogen","0.3","0.1","mg/L as N",NA,"N","N","Browns Island","38.03928",-121.85813,"14:30","Bryte",NA
"1700","2171","EF0519B0086",2019-05-15,"Total Organic Carbon","3.9","0.5","mg/L as C",NA,"N","N","Browns Island","38.03928",-121.85813,"14:30","Bryte",NA
"1701","2171","EF0519B0086",2019-05-15,"Total Phosphorus","0.094","0.01","mg/L as P",NA,"N","N","Browns Island","38.03928",-121.85813,"14:30","Bryte",NA
"1702","3392","EF0519B0113",2019-05-21,"Chlorophyll a","2.25","0.5","ug/L",NA,"N","N","Lookout Slough","38.29206",-121.71664,"08:16","Bryte",NA
"1703","3392","EF0519B0113",2019-05-21,"Dissolved Ammonia","<0.05","0.05","mg/L as N",NA,"N","N","Lookout Slough","38.29206",-121.71664,"08:16","Bryte",NA
"1704","3392","EF0519B0113",2019-05-21,"Dissolved Nitrate + Nitrite","<0.05","0.05","mg/L as N",NA,"N","N","Lookout Slough","38.29206",-121.71664,"08:16","Bryte",NA
"1705","3392","EF0519B0113",2019-05-21,"Dissolved Organic Carbon","10.5","0.5","mg/L as C",NA,"N","N","Lookout Slough","38.29206",-121.71664,"08:16","Bryte",NA
"1706","3392","EF0519B0113",2019-05-21,"Dissolved Organic Nitrogen","0.6","0.1","mg/L as N",NA,"N","N","Lookout Slough","38.29206",-121.71664,"08:16","Bryte",NA
"1707","3392","EF0519B0113",2019-05-21,"Dissolved ortho-Phosphate","0.303","0.05","mg/L as P",NA,"N","N","Lookout Slough","38.29206",-121.71664,"08:16","Bryte",NA
"1708","3392","EF0519B0113",2019-05-21,"Pheophytin a","0.91","0.5","ug/L",NA,"N","N","Lookout Slough","38.29206",-121.71664,"08:16","Bryte",NA
"1709","3392","EF0519B0113",2019-05-21,"Total Kjeldahl Nitrogen","0.7","0.1","mg/L as N",NA,"N","N","Lookout Slough","38.29206",-121.71664,"08:16","Bryte",NA
"1710","3392","EF0519B0113",2019-05-21,"Total Organic Carbon","10.7","0.5","mg/L as C",NA,"N","N","Lookout Slough","38.29206",-121.71664,"08:16","Bryte",NA
"1711","3392","EF0519B0113",2019-05-21,"Total Phosphorus","0.36","0.01","mg/L as P",NA,"N","N","Lookout Slough","38.29206",-121.71664,"08:16","Bryte",NA
"1712","3393","EF0519B0112",2019-05-21,"Chlorophyll a","1.37","0.5","ug/L",NA,"N","N","Liberty Island","38.25651",-121.68779,"09:46","Bryte",NA
"1713","3393","EF0519B0112",2019-05-21,"Dissolved Ammonia","0.07","0.05","mg/L as N",NA,"N","N","Liberty Island","38.25651",-121.68779,"09:46","Bryte",NA
"1714","3393","EF0519B0112",2019-05-21,"Dissolved Nitrate + Nitrite","0.14","0.05","mg/L as N",NA,"N","N","Liberty Island","38.25651",-121.68779,"09:46","Bryte",NA
"1715","3393","EF0519B0112",2019-05-21,"Dissolved Organic Carbon","2.9","0.5","mg/L as C",NA,"N","N","Liberty Island","38.25651",-121.68779,"09:46","Bryte",NA
"1716","3393","EF0519B0112",2019-05-21,"Dissolved Organic Nitrogen","0.2","0.1","mg/L as N",NA,"N","N","Liberty Island","38.25651",-121.68779,"09:46","Bryte",NA
"1717","3393","EF0519B0112",2019-05-21,"Dissolved ortho-Phosphate","0.069","0.05","mg/L as P",NA,"N","N","Liberty Island","38.25651",-121.68779,"09:46","Bryte",NA
"1718","3393","EF0519B0112",2019-05-21,"Pheophytin a","0.74","0.5","ug/L",NA,"N","N","Liberty Island","38.25651",-121.68779,"09:46","Bryte",NA
"1719","3393","EF0519B0112",2019-05-21,"Total Kjeldahl Nitrogen","0.3","0.1","mg/L as N",NA,"N","N","Liberty Island","38.25651",-121.68779,"09:46","Bryte",NA
"1720","3393","EF0519B0112",2019-05-21,"Total Organic Carbon","2.6","0.5","mg/L as C",NA,"N","N","Liberty Island","38.25651",-121.68779,"09:46","Bryte",NA
"1721","3393","EF0519B0112",2019-05-21,"Total Phosphorus","0.07","0.01","mg/L as P",NA,"N","N","Liberty Island","38.25651",-121.68779,"09:46","Bryte",NA
"1722","3542","EF0519B0114",2019-05-23,"Chlorophyll a","10.6","0.5","ug/L",NA,"N","N","Yolo Flyway Farms","38.36068",-121.64043,"09:20","Bryte",NA
"1723","3542","EF0519B0110",2019-05-23,"Chlorophyll a","12.1","0.5","ug/L",NA,"N","N","Yolo Flyway Farms","38.36068",-121.64043,"16:00","Bryte",NA
"1724","3542","EF0519B0114",2019-05-23,"Dissolved Ammonia","<0.05","0.05","mg/L as N",NA,"N","N","Yolo Flyway Farms","38.36068",-121.64043,"09:20","Bryte",NA
"1725","3542","EF0519B0110",2019-05-23,"Dissolved Ammonia","<0.05","0.05","mg/L as N",NA,"N","N","Yolo Flyway Farms","38.36068",-121.64043,"16:00","Bryte",NA
"1726","3542","EF0519B0114",2019-05-23,"Dissolved Nitrate + Nitrite","0.61","0.05","mg/L as N",NA,"N","N","Yolo Flyway Farms","38.36068",-121.64043,"09:20","Bryte",NA
"1727","3542","EF0519B0110",2019-05-23,"Dissolved Nitrate + Nitrite","0.61","0.05","mg/L as N",NA,"N","N","Yolo Flyway Farms","38.36068",-121.64043,"16:00","Bryte",NA
"1728","3542","EF0519B0110",2019-05-23,"Dissolved Organic Carbon","6","0.5","mg/L as C",NA,"N","N","Yolo Flyway Farms","38.36068",-121.64043,"16:00","Bryte",NA
"1729","3542","EF0519B0114",2019-05-23,"Dissolved Organic Carbon","6.2","0.5","mg/L as C",NA,"N","N","Yolo Flyway Farms","38.36068",-121.64043,"09:20","Bryte",NA
"1730","3542","EF0519B0114",2019-05-23,"Dissolved Organic Nitrogen","0.5","0.1","mg/L as N",NA,"N","N","Yolo Flyway Farms","38.36068",-121.64043,"09:20","Bryte",NA
"1731","3542","EF0519B0110",2019-05-23,"Dissolved Organic Nitrogen","0.5","0.1","mg/L as N",NA,"N","N","Yolo Flyway Farms","38.36068",-121.64043,"16:00","Bryte",NA
"1732","3542","EF0519B0110",2019-05-23,"Dissolved ortho-Phosphate","0.119","0.05","mg/L as P",NA,"N","N","Yolo Flyway Farms","38.36068",-121.64043,"16:00","Bryte",NA
"1733","3542","EF0519B0114",2019-05-23,"Dissolved ortho-Phosphate","0.116","0.05","mg/L as P",NA,"N","N","Yolo Flyway Farms","38.36068",-121.64043,"09:20","Bryte",NA
"1734","3542","EF0519B0114",2019-05-23,"Pheophytin a","2.67","0.5","ug/L",NA,"N","N","Yolo Flyway Farms","38.36068",-121.64043,"09:20","Bryte",NA
"1735","3542","EF0519B0110",2019-05-23,"Pheophytin a","2.61","0.5","ug/L",NA,"N","N","Yolo Flyway Farms","38.36068",-121.64043,"16:00","Bryte",NA
"1736","3542","EF0519B0114",2019-05-23,"Total Kjeldahl Nitrogen","0.7","0.1","mg/L as N",NA,"N","N","Yolo Flyway Farms","38.36068",-121.64043,"09:20","Bryte",NA
"1737","3542","EF0519B0110",2019-05-23,"Total Kjeldahl Nitrogen","0.8","0.1","mg/L as N",NA,"N","N","Yolo Flyway Farms","38.36068",-121.64043,"16:00","Bryte",NA
"1738","3542","EF0519B0114",2019-05-23,"Total Organic Carbon","5.6","0.5","mg/L as C",NA,"N","N","Yolo Flyway Farms","38.36068",-121.64043,"09:20","Bryte",NA
"1739","3542","EF0519B0110",2019-05-23,"Total Organic Carbon","5.6","0.5","mg/L as C",NA,"N","N","Yolo Flyway Farms","38.36068",-121.64043,"16:00","Bryte",NA
"1740","3542","EF0519B0114",2019-05-23,"Total Phosphorus","0.185","0.01","mg/L as P",NA,"N","N","Yolo Flyway Farms","38.36068",-121.64043,"09:20","Bryte",NA
"1741","3542","EF0519B0110",2019-05-23,"Total Phosphorus","0.17","0.01","mg/L as P",NA,"N","N","Yolo Flyway Farms","38.36068",-121.64043,"16:00","Bryte",NA
"1742","1017","EF0519B0129",2019-05-30,"Chlorophyll a","1.01","0.5","ug/L",NA,"N","N","Decker Island","38.08409",-121.72408,"15:45","Bryte",NA
"1743","1017","EF0519B0129",2019-05-30,"Dissolved Ammonia","0.06","0.05","mg/L as N",NA,"N","N","Decker Island","38.08409",-121.72408,"15:45","Bryte",NA
"1744","1017","EF0519B0129",2019-05-30,"Dissolved Nitrate + Nitrite","0.159","0.05","mg/L as N",NA,"N","N","Decker Island","38.08409",-121.72408,"15:45","Bryte",NA
"1745","1017","EF0519B0129",2019-05-30,"Dissolved Organic Carbon","3.6","0.5","mg/L as C",NA,"N","N","Decker Island","38.08409",-121.72408,"15:45","Bryte",NA
"1746","1017","EF0519B0129",2019-05-30,"Dissolved Organic Nitrogen","0.38","0.1","mg/L as N",NA,"N","N","Decker Island","38.08409",-121.72408,"15:45","Bryte",NA
"1747","1017","EF0519B0129",2019-05-30,"Dissolved ortho-Phosphate","<0.05","0.05","mg/L as P",NA,"N","N","Decker Island","38.08409",-121.72408,"15:45","Bryte",NA
"1748","1017","EF0519B0129",2019-05-30,"Pheophytin a","0.58","0.5","ug/L",NA,"N","N","Decker Island","38.08409",-121.72408,"15:45","Bryte",NA
"1749","1017","EF0519B0129",2019-05-30,"Total Kjeldahl Nitrogen","0.6","0.1","mg/L as N",NA,"N","N","Decker Island","38.08409",-121.72408,"15:45","Bryte",NA
"1750","1017","EF0519B0129",2019-05-30,"Total Organic Carbon","3.6","0.5","mg/L as C",NA,"N","N","Decker Island","38.08409",-121.72408,"15:45","Bryte",NA
"1751","1017","EF0519B0129",2019-05-30,"Total Phosphorus","0.06","0.01","mg/L as P",NA,"N","N","Decker Island","38.08409",-121.72408,"15:45","Bryte",NA
"1752","1674","EF0519B0130",2019-05-30,"Chlorophyll a","1.11","0.5","ug/L",NA,"N","N","Webb Tract Islands and Berms","38.09488",-121.59019,"18:22","Bryte",NA
"1753","1674","EF0519B0130",2019-05-30,"Dissolved Ammonia","0.055","0.05","mg/L as N",NA,"N","N","Webb Tract Islands and Berms","38.09488",-121.59019,"18:22","Bryte",NA
"1754","1674","EF0519B0130",2019-05-30,"Dissolved Nitrate + Nitrite","0.2","0.05","mg/L as N",NA,"N","N","Webb Tract Islands and Berms","38.09488",-121.59019,"18:22","Bryte",NA
"1755","1674","EF0519B0130",2019-05-30,"Dissolved Organic Carbon","2.7","0.5","mg/L as C",NA,"N","N","Webb Tract Islands and Berms","38.09488",-121.59019,"18:22","Bryte",NA
"1756","1674","EF0519B0130",2019-05-30,"Dissolved Organic Nitrogen","0.2","0.1","mg/L as N",NA,"N","Y","Webb Tract Islands and Berms","38.09488",-121.59019,"18:22","Bryte",NA
"1757","1674","EF0519B0130",2019-05-30,"Dissolved ortho-Phosphate","<0.05","0.05","mg/L as P",NA,"N","N","Webb Tract Islands and Berms","38.09488",-121.59019,"18:22","Bryte",NA
"1758","1674","EF0519B0130",2019-05-30,"Pheophytin a","0.66","0.5","ug/L",NA,"N","N","Webb Tract Islands and Berms","38.09488",-121.59019,"18:22","Bryte",NA
"1759","1674","EF0519B0130",2019-05-30,"Total Kjeldahl Nitrogen","0.4","0.1","mg/L as N",NA,"N","N","Webb Tract Islands and Berms","38.09488",-121.59019,"18:22","Bryte",NA
"1760","1674","EF0519B0130",2019-05-30,"Total Organic Carbon","2.7","0.5","mg/L as C",NA,"N","N","Webb Tract Islands and Berms","38.09488",-121.59019,"18:22","Bryte",NA
"1761","1674","EF0519B0130",2019-05-30,"Total Phosphorus","0.05","0.01","mg/L as P",NA,"N","N","Webb Tract Islands and Berms","38.09488",-121.59019,"18:22","Bryte",NA
"1762","3681","EF0619B0132",2019-06-07,"Chlorophyll a","0.89","0.5","ug/L",NA,"N","N","Webb Tract Islands and Berms","38.09483",-121.59023,"09:22","Bryte",NA
"1763","3681","EF0619B0132",2019-06-07,"Dissolved Ammonia","<0.05","0.05","mg/L as N",NA,"N","N","Webb Tract Islands and Berms","38.09483",-121.59023,"09:22","Bryte",NA
"1764","3681","EF0619B0132",2019-06-07,"Dissolved Nitrate + Nitrite","0.158","0.05","mg/L as N",NA,"N","N","Webb Tract Islands and Berms","38.09483",-121.59023,"09:22","Bryte",NA
"1765","3681","EF0619B0132",2019-06-07,"Dissolved Organic Carbon","2.6","0.5","mg/L as C",NA,"N","N","Webb Tract Islands and Berms","38.09483",-121.59023,"09:22","Bryte",NA
"1766","3681","EF0619B0132",2019-06-07,"Dissolved Organic Nitrogen","0.3","0.1","mg/L as N",NA,"N","N","Webb Tract Islands and Berms","38.09483",-121.59023,"09:22","Bryte",NA
"1767","3681","EF0619B0132",2019-06-07,"Dissolved ortho-Phosphate","0.059","0.05","mg/L as P",NA,"N","N","Webb Tract Islands and Berms","38.09483",-121.59023,"09:22","Bryte",NA
"1768","3681","EF0619B0132",2019-06-07,"Pheophytin a","1.24","0.5","ug/L",NA,"N","N","Webb Tract Islands and Berms","38.09483",-121.59023,"09:22","Bryte",NA
"1769","3388","EF0619B0137",2019-06-04,"Chlorophyll a","1.34","0.5","ug/L",NA,"N","N","Decker Island","38.08411",-121.72407,"11:33","Bryte",NA
"1770","3388","EF0619B0137",2019-06-04,"Dissolved Ammonia","<0.05","0.05","mg/L as N",NA,"N","N","Decker Island","38.08411",-121.72407,"11:33","Bryte",NA
"1771","3388","EF0619B0137",2019-06-04,"Dissolved Nitrate + Nitrite","0.12","0.05","mg/L as N",NA,"N","N","Decker Island","38.08411",-121.72407,"11:33","Bryte",NA
"1772","3388","EF0619B0137",2019-06-04,"Dissolved Organic Carbon","6","0.5","mg/L as C",NA,"N","N","Decker Island","38.08411",-121.72407,"11:33","Bryte",NA
"1773","3388","EF0619B0137",2019-06-04,"Dissolved Organic Nitrogen","0.3","0.1","mg/L as N",NA,"N","N","Decker Island","38.08411",-121.72407,"11:33","Bryte",NA
"1774","3388","EF0619B0137",2019-06-04,"Dissolved ortho-Phosphate","<0.05","0.05","mg/L as P",NA,"N","N","Decker Island","38.08411",-121.72407,"11:33","Bryte",NA
"1775","3388","EF0619B0137",2019-06-04,"Pheophytin a","1.14","0.5","ug/L",NA,"N","N","Decker Island","38.08411",-121.72407,"11:33","Bryte",NA
"1776","3395","EF0619B0136",2019-06-06,"Chlorophyll a","0.59","0.5","ug/L",NA,"N","N","Lookout Slough","38.28413",-121.71735,"08:20","Bryte",NA
"1777","3395","EF0619B0136",2019-06-06,"Dissolved Ammonia","<0.05","0.05","mg/L as N",NA,"N","N","Lookout Slough","38.28413",-121.71735,"08:20","Bryte",NA
"1778","3395","EF0619B0136",2019-06-06,"Dissolved Nitrate + Nitrite","0.07","0.05","mg/L as N",NA,"N","N","Lookout Slough","38.28413",-121.71735,"08:20","Bryte",NA
"1779","3395","EF0619B0136",2019-06-06,"Dissolved Organic Carbon","3.8","0.5","mg/L as C",NA,"N","N","Lookout Slough","38.28413",-121.71735,"08:20","Bryte",NA
"1780","3395","EF0619B0136",2019-06-06,"Dissolved Organic Nitrogen","0.3","0.1","mg/L as N",NA,"N","N","Lookout Slough","38.28413",-121.71735,"08:20","Bryte",NA
"1781","3395","EF0619B0136",2019-06-06,"Dissolved ortho-Phosphate","0.151","0.05","mg/L as P",NA,"N","N","Lookout Slough","38.28413",-121.71735,"08:20","Bryte",NA
"1782","3395","EF0619B0136",2019-06-06,"Pheophytin a","<0.5","0.5","ug/L",NA,"N","N","Lookout Slough","38.28413",-121.71735,"08:20","Bryte",NA
"1783","3395","EF0619B0136",2019-06-06,"Total Kjeldahl Nitrogen","0.437","0.1","mg/L as N",NA,"N","N","Lookout Slough","38.28413",-121.71735,"08:20","Bryte",NA
"1784","3395","EF0619B0136",2019-06-06,"Total Organic Carbon","3.8","0.5","mg/L as C",NA,"N","N","Lookout Slough","38.28413",-121.71735,"08:20","Bryte",NA
"1785","3395","EF0619B0136",2019-06-06,"Total Phosphorus","0.154","0.01","mg/L as P",NA,"N","N","Lookout Slough","38.28413",-121.71735,"08:20","Bryte",NA
"1786","3396","EF0619B0135",2019-06-06,"Chlorophyll a","0.64","0.5","ug/L",NA,"N","N","Liberty Island","38.25665",-121.6879,"09:10","Bryte",NA
"1787","3396","EF0619B0135",2019-06-06,"Dissolved Ammonia","0.06","0.05","mg/L as N",NA,"N","N","Liberty Island","38.25665",-121.6879,"09:10","Bryte",NA
"1788","3396","EF0619B0135",2019-06-06,"Dissolved Nitrate + Nitrite","0.12","0.05","mg/L as N",NA,"N","N","Liberty Island","38.25665",-121.6879,"09:10","Bryte",NA
"1789","3396","EF0619B0135",2019-06-06,"Dissolved Organic Carbon","2.4","0.5","mg/L as C",NA,"N","N","Liberty Island","38.25665",-121.6879,"09:10","Bryte",NA
"1790","3396","EF0619B0135",2019-06-06,"Dissolved Organic Nitrogen","0.16","0.1","mg/L as N",NA,"N","N","Liberty Island","38.25665",-121.6879,"09:10","Bryte",NA
"1791","3396","EF0619B0135",2019-06-06,"Dissolved ortho-Phosphate","0.074","0.05","mg/L as P",NA,"N","N","Liberty Island","38.25665",-121.6879,"09:10","Bryte",NA
"1792","3396","EF0619B0135",2019-06-06,"Pheophytin a","<0.5","0.5","ug/L",NA,"N","N","Liberty Island","38.25665",-121.6879,"09:10","Bryte",NA
"1793","3396","EF0619B0135",2019-06-06,"Total Kjeldahl Nitrogen","0.3","0.1","mg/L as N",NA,"N","N","Liberty Island","38.25665",-121.6879,"09:10","Bryte",NA
"1794","3396","EF0619B0135",2019-06-06,"Total Organic Carbon","2.5","0.5","mg/L as C",NA,"N","N","Liberty Island","38.25665",-121.6879,"09:10","Bryte",NA
"1795","3396","EF0619B0135",2019-06-06,"Total Phosphorus","0.07","0.01","mg/L as P",NA,"N","N","Liberty Island","38.25665",-121.6879,"09:10","Bryte",NA
"1796","3397","EF0619B0134",2019-06-06,"Chlorophyll a","1.06","0.5","ug/L",NA,"N","N","Prospect Island","38.24503",-121.66351,"10:16","Bryte",NA
"1797","3397","EF0619B0134",2019-06-06,"Dissolved Ammonia","0.06","0.05","mg/L as N",NA,"N","N","Prospect Island","38.24503",-121.66351,"10:16","Bryte",NA
"1798","3397","EF0619B0134",2019-06-06,"Dissolved Nitrate + Nitrite","0.09","0.05","mg/L as N",NA,"N","N","Prospect Island","38.24503",-121.66351,"10:16","Bryte",NA
"1799","3397","EF0619B0134",2019-06-06,"Dissolved Organic Carbon","1.9","0.5","mg/L as C",NA,"N","N","Prospect Island","38.24503",-121.66351,"10:16","Bryte",NA
"1800","3397","EF0619B0134",2019-06-06,"Dissolved Organic Nitrogen","0.12","0.1","mg/L as N",NA,"N","N","Prospect Island","38.24503",-121.66351,"10:16","Bryte",NA
"1801","3397","EF0619B0134",2019-06-06,"Dissolved ortho-Phosphate","<0.05","0.05","mg/L as P",NA,"N","N","Prospect Island","38.24503",-121.66351,"10:16","Bryte",NA
"1802","3397","EF0619B0134",2019-06-06,"Pheophytin a","0.58","0.5","ug/L",NA,"N","N","Prospect Island","38.24503",-121.66351,"10:16","Bryte",NA
"1803","3397","EF0619B0134",2019-06-06,"Total Kjeldahl Nitrogen","0.2","0.1","mg/L as N",NA,"N","N","Prospect Island","38.24503",-121.66351,"10:16","Bryte",NA
"1804","3397","EF0619B0134",2019-06-06,"Total Organic Carbon","1.9","0.5","mg/L as C",NA,"N","N","Prospect Island","38.24503",-121.66351,"10:16","Bryte",NA
"1805","3397","EF0619B0134",2019-06-06,"Total Phosphorus","0.05","0.01","mg/L as P",NA,"N","N","Prospect Island","38.24503",-121.66351,"10:16","Bryte",NA
"1806","2177","EF0619B0141",2019-06-11,"Chlorophyll a","14.3","0.5","ug/L",NA,"N","N","Grizzly Bay","38.13068",-121.99875,"12:08","Bryte",NA
"1807","2177","EF0619B0141",2019-06-11,"Dissolved Ammonia","<0.05","0.05","mg/L as N",NA,"N","N","Grizzly Bay","38.13068",-121.99875,"12:08","Bryte",NA
"1808","2177","EF0619B0141",2019-06-11,"Dissolved Nitrate + Nitrite","0.06","0.05","mg/L as N",NA,"N","N","Grizzly Bay","38.13068",-121.99875,"12:08","Bryte",NA
"1809","2177","EF0619B0141",2019-06-11,"Dissolved Organic Nitrogen","<0.1","0.1","mg/L as N",NA,"N","N","Grizzly Bay","38.13068",-121.99875,"12:08","Bryte",NA
"1810","2177","EF0619B0141",2019-06-11,"Dissolved ortho-Phosphate","0.069","0.05","mg/L as P",NA,"N","N","Grizzly Bay","38.13068",-121.99875,"12:08","Bryte",NA
"1811","2177","EF0619B0141",2019-06-11,"Pheophytin a","1.36","0.5","ug/L",NA,"N","N","Grizzly Bay","38.13068",-121.99875,"12:08","Bryte",NA
"1812","3389","EF0619B0133",2019-06-12,"Chlorophyll a","7.22","0.5","ug/L",NA,"N","N","Yolo Flyway Farms","38.3607",-121.64065,"10:10","Bryte",NA
"1813","3389","EF0619B0133",2019-06-12,"Dissolved Ammonia","<0.05","0.05","mg/L as N",NA,"N","N","Yolo Flyway Farms","38.3607",-121.64065,"10:10","Bryte",NA
"1814","3389","EF0619B0133",2019-06-12,"Dissolved Nitrate + Nitrite","0.47","0.05","mg/L as N",NA,"N","N","Yolo Flyway Farms","38.3607",-121.64065,"10:10","Bryte",NA
"1815","3389","EF0619B0133",2019-06-12,"Dissolved Nitrate + Nitrite","0.46","0.05","mg/L as N",NA,"N","N","Yolo Flyway Farms","38.3607",-121.64065,"10:10","Bryte",NA
"1816","3389","EF0619B0133",2019-06-12,"Dissolved Organic Carbon","6.2","0.5","mg/L as C",NA,"N","N","Yolo Flyway Farms","38.3607",-121.64065,"10:10","Bryte",NA
"1817","3389","EF0619B0133",2019-06-12,"Dissolved Organic Nitrogen","0.6","0.1","mg/L as N",NA,"N","N","Yolo Flyway Farms","38.3607",-121.64065,"10:10","Bryte",NA
"1818","3389","EF0619B0133",2019-06-12,"Dissolved ortho-Phosphate","0.174","0.05","mg/L as P",NA,"N","N","Yolo Flyway Farms","38.3607",-121.64065,"10:10","Bryte",NA
"1819","3389","EF0619B0133",2019-06-12,"Dissolved ortho-Phosphate","0.173","0.05","mg/L as P",NA,"N","N","Yolo Flyway Farms","38.3607",-121.64065,"10:10","Bryte",NA
"1820","3389","EF0619B0133",2019-06-12,"Pheophytin a","3.03","0.5","ug/L",NA,"N","N","Yolo Flyway Farms","38.3607",-121.64065,"10:10","Bryte",NA
"1821","3389","EF0619B0133",2019-06-12,"Total Kjeldahl Nitrogen","0.9","0.1","mg/L as N",NA,"N","N","Yolo Flyway Farms","38.3607",-121.64065,"10:10","Bryte",NA
"1822","3389","EF0619B0133",2019-06-12,"Total Phosphorus","0.23","0.01","mg/L as P",NA,"N","N","Yolo Flyway Farms","38.3607",-121.64065,"10:10","Bryte",NA
"1823","3391","EF0619B0143",2019-06-13,"Chlorophyll a","1.81","0.5","ug/L",NA,"N","N","Winter Island","38.03825",-121.84649,"13:32","Bryte",NA
"1824","3391","EF0619B0143",2019-06-13,"Dissolved Ammonia","<0.05","0.05","mg/L as N",NA,"N","N","Winter Island","38.03825",-121.84649,"13:32","Bryte",NA
"1825","3391","EF0619B0143",2019-06-13,"Dissolved Nitrate + Nitrite","0.121","0.05","mg/L as N",NA,"N","N","Winter Island","38.03825",-121.84649,"13:32","Bryte",NA
"1826","3391","EF0619B0143",2019-06-13,"Dissolved Organic Carbon","2.8","0.5","mg/L as C",NA,"N","N","Winter Island","38.03825",-121.84649,"13:32","Bryte",NA
"1827","3391","EF0619B0143",2019-06-13,"Dissolved Organic Nitrogen","0.37","0.1","mg/L as N",NA,"N","N","Winter Island","38.03825",-121.84649,"13:32","Bryte",NA
"1828","3391","EF0619B0143",2019-06-13,"Dissolved ortho-Phosphate","0.057","0.05","mg/L as P",NA,"N","N","Winter Island","38.03825",-121.84649,"13:32","Bryte",NA
"1829","3391","EF0619B0143",2019-06-13,"Pheophytin a","1.26","0.5","ug/L",NA,"N","N","Winter Island","38.03825",-121.84649,"13:32","Bryte",NA
"1830","3391","EF0619B0143",2019-06-13,"Total Kjeldahl Nitrogen","0.5","0.1","mg/L as N",NA,"N","N","Winter Island","38.03825",-121.84649,"13:32","Bryte",NA
"1831","3391","EF0619B0143",2019-06-13,"Total Organic Carbon","2.8","0.5","mg/L as C",NA,"N","N","Winter Island","38.03825",-121.84649,"13:32","Bryte",NA
"1832","3391","EF0619B0143",2019-06-13,"Total Phosphorus","0.07","0.01","mg/L as P",NA,"N","N","Winter Island","38.03825",-121.84649,"13:32","Bryte",NA
"1833","3390","EF0619B0144",2019-06-13,"Chlorophyll a","2.72","0.5","ug/L",NA,"N","N","Browns Island","38.03916",-121.85811,"14:32","Bryte",NA
"1834","3390","EF0619B0144",2019-06-13,"Dissolved Ammonia","<0.05","0.05","mg/L as N",NA,"N","N","Browns Island","38.03916",-121.85811,"14:32","Bryte",NA
"1835","3390","EF0619B0144",2019-06-13,"Dissolved Nitrate + Nitrite","0.07","0.05","mg/L as N",NA,"N","N","Browns Island","38.03916",-121.85811,"14:32","Bryte",NA
"1836","3390","EF0619B0144",2019-06-13,"Dissolved Organic Carbon","4.5","0.5","mg/L as C",NA,"N","N","Browns Island","38.03916",-121.85811,"14:32","Bryte",NA
"1837","3390","EF0619B0144",2019-06-13,"Dissolved Organic Nitrogen","0.25","0.1","mg/L as N",NA,"N","N","Browns Island","38.03916",-121.85811,"14:32","Bryte",NA
"1838","3390","EF0619B0144",2019-06-13,"Dissolved ortho-Phosphate","0.104","0.05","mg/L as P",NA,"N","N","Browns Island","38.03916",-121.85811,"14:32","Bryte",NA
"1839","3390","EF0619B0144",2019-06-13,"Pheophytin a","0.79","0.5","ug/L",NA,"N","N","Browns Island","38.03916",-121.85811,"14:32","Bryte",NA
"1840","3390","EF0619B0144",2019-06-13,"Total Kjeldahl Nitrogen","0.4","0.1","mg/L as N",NA,"N","N","Browns Island","38.03916",-121.85811,"14:32","Bryte",NA
"1841","3390","EF0619B0144",2019-06-13,"Total Organic Carbon","4.5","0.5","mg/L as C",NA,"N","N","Browns Island","38.03916",-121.85811,"14:32","Bryte",NA
"1842","3390","EF0619B0144",2019-06-13,"Total Phosphorus","0.127","0.01","mg/L as P",NA,"N","N","Browns Island","38.03916",-121.85811,"14:32","Bryte",NA
"1843","3821","EF0619B0142",2019-06-21,"Chlorophyll a","2.26","0.5","ug/L",NA,"N","N","Blacklock Marsh","38.18045",-121.90834,"07:55","Bryte",NA
"1844","3821","EF0619B0142",2019-06-21,"Dissolved Ammonia","<0.05","0.05","mg/L as N",NA,"N","N","Blacklock Marsh","38.18045",-121.90834,"07:55","Bryte",NA
"1845","3821","EF0619B0142",2019-06-21,"Dissolved Nitrate + Nitrite","0.184","0.05","mg/L as N",NA,"N","N","Blacklock Marsh","38.18045",-121.90834,"07:55","Bryte",NA
"1846","3821","EF0619B0142",2019-06-21,"Dissolved Organic Carbon","5.8","0.5","mg/L as C",NA,"N","N","Blacklock Marsh","38.18045",-121.90834,"07:55","Bryte",NA
"1847","3821","EF0619B0142",2019-06-21,"Dissolved Organic Nitrogen","0.4","0.1","mg/L as N",NA,"N","N","Blacklock Marsh","38.18045",-121.90834,"07:55","Bryte",NA
"1848","3821","EF0619B0142",2019-06-21,"Dissolved ortho-Phosphate","0.071","0.05","mg/L as P",NA,"N","N","Blacklock Marsh","38.18045",-121.90834,"07:55","Bryte",NA
"1849","3821","EF0619B0142",2019-06-21,"Pheophytin a","2.01","0.5","ug/L",NA,"N","N","Blacklock Marsh","38.18045",-121.90834,"07:55","Bryte",NA
"1850","3821","EF0619B0142",2019-06-21,"Total Kjeldahl Nitrogen","0.7","0.1","mg/L as N",NA,"N","N","Blacklock Marsh","38.18045",-121.90834,"07:55","Bryte",NA
"1851","3821","EF0619B0142",2019-06-21,"Total Organic Carbon","5.8","0.5","mg/L as C",NA,"N","N","Blacklock Marsh","38.18045",-121.90834,"07:55","Bryte",NA
"1852","3821","EF0619B0142",2019-06-21,"Total Phosphorus","0.17","0.01","mg/L as P",NA,"N","N","Blacklock Marsh","38.18045",-121.90834,"07:55","Bryte",NA
"1853","3700","EF0619B0139",2019-06-21,"Chlorophyll a","18.4","0.5","ug/L",NA,"N","N","Wings Landing","38.225971",-122.038201,"09:40","Bryte",NA
"1854","3700","EF0619B0139",2019-06-21,"Dissolved Ammonia","<0.05","0.05","mg/L as N",NA,"N","N","Wings Landing","38.225971",-122.038201,"09:40","Bryte",NA
"1855","3700","EF0619B0139",2019-06-21,"Dissolved Nitrate + Nitrite","0.4","0.05","mg/L as N",NA,"N","N","Wings Landing","38.225971",-122.038201,"09:40","Bryte",NA
"1856","3700","EF0619B0139",2019-06-21,"Dissolved Organic Carbon","16.2","0.5","mg/L as C",NA,"N","N","Wings Landing","38.225971",-122.038201,"09:40","Bryte",NA
"1857","3700","EF0619B0139",2019-06-21,"Dissolved Organic Nitrogen","1.04","0.1","mg/L as N",NA,"N","N","Wings Landing","38.225971",-122.038201,"09:40","Bryte",NA
"1858","3700","EF0619B0139",2019-06-21,"Dissolved ortho-Phosphate","0.68","0.05","mg/L as P",NA,"N","N","Wings Landing","38.225971",-122.038201,"09:40","Bryte",NA
"1859","3700","EF0619B0139",2019-06-21,"Pheophytin a","3.51","0.5","ug/L",NA,"N","N","Wings Landing","38.225971",-122.038201,"09:40","Bryte",NA
"1860","3700","EF0619B0139",2019-06-21,"Total Kjeldahl Nitrogen","1.4","0.1","mg/L as N",NA,"N","Y","Wings Landing","38.225971",-122.038201,"09:40","Bryte",NA
"1861","3700","EF0619B0139",2019-06-21,"Total Kjeldahl Nitrogen","1.47","0.1","mg/L as N",NA,"N","Y","Wings Landing","38.225971",-122.038201,"09:40","Bryte",NA
"1862","3700","EF0619B0139",2019-06-21,"Total Organic Carbon","16.6","0.5","mg/L as C",NA,"N","N","Wings Landing","38.225971",-122.038201,"09:40","Bryte",NA
"1863","3700","EF0619B0139",2019-06-21,"Total Phosphorus","0.8","0.01","mg/L as P",NA,"N","N","Wings Landing","38.225971",-122.038201,"09:40","Bryte",NA
"1864","3700","EF0619B0139",2019-06-21,"Total Phosphorus","0.77","0.01","mg/L as P",NA,"N","N","Wings Landing","38.225971",-122.038201,"09:40","Bryte",NA
"1865","3289","EF0919B0197",2019-09-04,"Chlorophyll a","1.24","0.5","ug/L",NA,"N","N","Lookout Slough","38.29093",-121.71694,"10:49","Bryte",NA
"1866","3289","EF0919B0197",2019-09-04,"Dissolved Ammonia","0.063","0.05","mg/L as N",NA,"N","N","Lookout Slough","38.29093",-121.71694,"10:49","Bryte",NA
"1867","3289","EF0919B0197",2019-09-04,"Dissolved Nitrate + Nitrite","0.065","0.05","mg/L as N",NA,"N","N","Lookout Slough","38.29093",-121.71694,"10:49","Bryte",NA
"1868","3289","EF0919B0197",2019-09-04,"Dissolved Organic Carbon","4.5","0.5","mg/L as C",NA,"N","N","Lookout Slough","38.29093",-121.71694,"10:49","Bryte",NA
"1869","3289","EF0919B0197",2019-09-04,"Dissolved Organic Nitrogen","0.74","0.1","mg/L as N",NA,"N","N","Lookout Slough","38.29093",-121.71694,"10:49","Bryte",NA
"1870","3289","EF0919B0197",2019-09-04,"Dissolved ortho-Phosphate","0.212","0.05","mg/L as P",NA,"N","N","Lookout Slough","38.29093",-121.71694,"10:49","Bryte",NA
"1871","3289","EF0919B0197",2019-09-04,"Pheophytin a","0.94","0.5","ug/L",NA,"N","N","Lookout Slough","38.29093",-121.71694,"10:49","Bryte",NA
"1872","3289","EF0919B0197",2019-09-04,"Total Kjeldahl Nitrogen","0.811","0.1","mg/L as N",NA,"N","N","Lookout Slough","38.29093",-121.71694,"10:49","Bryte",NA
"1873","3289","EF0919B0197",2019-09-04,"Total Organic Carbon","4.6","0.5","mg/L as C",NA,"N","N","Lookout Slough","38.29093",-121.71694,"10:49","Bryte",NA
"1874","3289","EF0919B0197",2019-09-04,"Total Phosphorus","0.255","0.01","mg/L as P",NA,"N","N","Lookout Slough","38.29093",-121.71694,"10:49","Bryte",NA
"1875","3290","EF0919B0196",2019-09-04,"Chlorophyll a","0.93","0.5","ug/L",NA,"N","N","Liberty Island","38.25653",-121.68649,"11:40","Bryte",NA
"1876","3290","EF0919B0196",2019-09-04,"Dissolved Ammonia","0.065","0.05","mg/L as N",NA,"N","N","Liberty Island","38.25653",-121.68649,"11:40","Bryte",NA
"1877","3290","EF0919B0196",2019-09-04,"Dissolved Nitrate + Nitrite","0.103","0.05","mg/L as N",NA,"N","N","Liberty Island","38.25653",-121.68649,"11:40","Bryte",NA
"1878","3290","EF0919B0196",2019-09-04,"Dissolved Organic Carbon","3","0.5","mg/L as C",NA,"N","N","Liberty Island","38.25653",-121.68649,"11:40","Bryte",NA
"1879","3290","EF0919B0196",2019-09-04,"Dissolved Organic Nitrogen","0.31","0.1","mg/L as N",NA,"N","N","Liberty Island","38.25653",-121.68649,"11:40","Bryte",NA
"1880","3290","EF0919B0196",2019-09-04,"Dissolved ortho-Phosphate","0.098","0.05","mg/L as P",NA,"N","N","Liberty Island","38.25653",-121.68649,"11:40","Bryte",NA
"1881","3290","EF0919B0196",2019-09-04,"Pheophytin a","<0.5","0.5","ug/L",NA,"N","N","Liberty Island","38.25653",-121.68649,"11:40","Bryte",NA
"1882","3290","EF0919B0196",2019-09-04,"Total Kjeldahl Nitrogen","0.381","0.1","mg/L as N",NA,"N","N","Liberty Island","38.25653",-121.68649,"11:40","Bryte",NA
"1883","3290","EF0919B0196",2019-09-04,"Total Organic Carbon","3","0.5","mg/L as C",NA,"N","N","Liberty Island","38.25653",-121.68649,"11:40","Bryte",NA
"1884","3290","EF0919B0196",2019-09-04,"Total Phosphorus","0.099","0.01","mg/L as P",NA,"N","N","Liberty Island","38.25653",-121.68649,"11:40","Bryte",NA
"1885","3292","EF0919B0194",2019-09-04,"Chlorophyll a","13.1","0.5","ug/L",NA,"N","N","Yolo Flyway Farms","38.36095",-121.6429,"13:20","Bryte",NA
"1886","3292","EF0919B0194",2019-09-04,"Dissolved Ammonia","<0.05","0.05","mg/L as N",NA,"N","N","Yolo Flyway Farms","38.36095",-121.6429,"13:20","Bryte",NA
"1887","3292","EF0919B0194",2019-09-04,"Dissolved Nitrate + Nitrite","0.186","0.05","mg/L as N",NA,"N","N","Yolo Flyway Farms","38.36095",-121.6429,"13:20","Bryte",NA
"1888","3292","EF0919B0194",2019-09-04,"Dissolved Organic Carbon","6.3","0.5","mg/L as C",NA,"N","N","Yolo Flyway Farms","38.36095",-121.6429,"13:20","Bryte",NA
"1889","3292","EF0919B0194",2019-09-04,"Dissolved Organic Nitrogen","0.77","0.1","mg/L as N",NA,"N","N","Yolo Flyway Farms","38.36095",-121.6429,"13:20","Bryte",NA
"1890","3292","EF0919B0194",2019-09-04,"Dissolved ortho-Phosphate","0.148","0.05","mg/L as P",NA,"N","N","Yolo Flyway Farms","38.36095",-121.6429,"13:20","Bryte",NA
"1891","3292","EF0919B0194",2019-09-04,"Pheophytin a","2.22","0.5","ug/L",NA,"N","N","Yolo Flyway Farms","38.36095",-121.6429,"13:20","Bryte",NA
"1892","3292","EF0919B0194",2019-09-04,"Total Kjeldahl Nitrogen","0.779","0.1","mg/L as N",NA,"N","N","Yolo Flyway Farms","38.36095",-121.6429,"13:20","Bryte",NA
"1893","3292","EF0919B0194",2019-09-04,"Total Organic Carbon","6.3","0.5","mg/L as C",NA,"N","N","Yolo Flyway Farms","38.36095",-121.6429,"13:20","Bryte",NA
"1894","3292","EF0919B0194",2019-09-04,"Total Phosphorus","0.222","0.01","mg/L as P",NA,"N","N","Yolo Flyway Farms","38.36095",-121.6429,"13:20","Bryte",NA
"1895","3291","EF0919B0195",2019-09-04,"Chlorophyll a","2.17","0.5","ug/L",NA,"N","N","Prospect Island","38.245",-121.66353,"15:30","Bryte",NA
"1896","3291","EF0919B0195",2019-09-04,"Dissolved Ammonia","<0.05","0.05","mg/L as N",NA,"N","N","Prospect Island","38.245",-121.66353,"15:30","Bryte",NA
"1897","3291","EF0919B0195",2019-09-04,"Dissolved Nitrate + Nitrite","<0.05","0.05","mg/L as N",NA,"N","N","Prospect Island","38.245",-121.66353,"15:30","Bryte",NA
"1898","3291","EF0919B0195",2019-09-04,"Dissolved Organic Carbon","3.3","0.5","mg/L as C",NA,"N","N","Prospect Island","38.245",-121.66353,"15:30","Bryte",NA
"1899","3291","EF0919B0195",2019-09-04,"Dissolved Organic Nitrogen","0.42","0.1","mg/L as N",NA,"N","N","Prospect Island","38.245",-121.66353,"15:30","Bryte",NA
"1900","3291","EF0919B0195",2019-09-04,"Dissolved ortho-Phosphate","<0.05","0.05","mg/L as P",NA,"N","N","Prospect Island","38.245",-121.66353,"15:30","Bryte",NA
"1901","3291","EF0919B0195",2019-09-04,"Pheophytin a","0.61","0.5","ug/L",NA,"N","N","Prospect Island","38.245",-121.66353,"15:30","Bryte",NA
"1902","3291","EF0919B0195",2019-09-04,"Total Kjeldahl Nitrogen","0.422","0.1","mg/L as N",NA,"N","N","Prospect Island","38.245",-121.66353,"15:30","Bryte",NA
"1903","3291","EF0919B0195",2019-09-04,"Total Kjeldahl Nitrogen","0.416","0.1","mg/L as N",NA,"N","N","Prospect Island","38.245",-121.66353,"15:30","Bryte",NA
"1904","3291","EF0919B0195",2019-09-04,"Total Organic Carbon","3.5","0.5","mg/L as C",NA,"N","N","Prospect Island","38.245",-121.66353,"15:30","Bryte",NA
"1905","3291","EF0919B0195",2019-09-04,"Total Phosphorus","0.056","0.01","mg/L as P",NA,"N","N","Prospect Island","38.245",-121.66353,"15:30","Bryte",NA
"1906","3291","EF0919B0195",2019-09-04,"Total Phosphorus","0.053","0.01","mg/L as P",NA,"N","N","Prospect Island","38.245",-121.66353,"15:30","Bryte",NA
"1907","3021","EF0919B0200",2019-09-06,"Chlorophyll a","5.46","0.5","ug/L",NA,"N","N","Grizzly Bay","38.13346",-121.99997,"10:35","Bryte",NA
"1908","3021","EF0919B0200",2019-09-06,"Dissolved Ammonia","<0.05","0.05","mg/L as N",NA,"N","N","Grizzly Bay","38.13346",-121.99997,"10:35","Bryte",NA
"1909","3021","EF0919B0200",2019-09-06,"Dissolved Nitrate + Nitrite","0.268","0.05","mg/L as N",NA,"N","N","Grizzly Bay","38.13346",-121.99997,"10:35","Bryte",NA
"1910","3021","EF0919B0200",2019-09-06,"Dissolved Organic Carbon","1.9","0.5","mg/L as C",NA,"N","N","Grizzly Bay","38.13346",-121.99997,"10:35","Bryte",NA
"1911","3021","EF0919B0200",2019-09-06,"Dissolved Organic Nitrogen","0.66","0.1","mg/L as N",NA,"N","N","Grizzly Bay","38.13346",-121.99997,"10:35","Bryte",NA
"1912","3021","EF0919B0200",2019-09-06,"Dissolved ortho-Phosphate","0.099","0.05","mg/L as P",NA,"N","N","Grizzly Bay","38.13346",-121.99997,"10:35","Bryte",NA
"1913","3021","EF0919B0200",2019-09-06,"Pheophytin a","6.92","0.5","ug/L",NA,"N","N","Grizzly Bay","38.13346",-121.99997,"10:35","Bryte",NA
"1914","3021","EF0919B0200",2019-09-06,"Total Kjeldahl Nitrogen","0.657","0.1","mg/L as N",NA,"N","N","Grizzly Bay","38.13346",-121.99997,"10:35","Bryte",NA
"1915","3021","EF0919B0200",2019-09-06,"Total Organic Carbon","1.9","0.5","mg/L as C",NA,"N","N","Grizzly Bay","38.13346",-121.99997,"10:35","Bryte",NA
"1916","3021","EF0919B0200",2019-09-06,"Total Phosphorus","0.291","0.01","mg/L as P",NA,"N","N","Grizzly Bay","38.13346",-121.99997,"10:35","Bryte",NA
"1917","3967","EF0919B0199",2019-09-06,"Chlorophyll a","11.1","0.5","ug/L",NA,"N","N","Wings Landing","38.22621",-122.0385,"11:50","Bryte",NA
"1918","3967","EF0919B0198",2019-09-06,"Chlorophyll a","11.8","0.5","ug/L",NA,"N","N","Wings Landing","38.22621",-122.0385,"11:50","Bryte",NA
"1919","3967","EF0919B0199",2019-09-06,"Dissolved Ammonia","0.552","0.05","mg/L as N",NA,"N","N","Wings Landing","38.22621",-122.0385,"11:50","Bryte",NA
"1920","3967","EF0919B0198",2019-09-06,"Dissolved Ammonia","0.557","0.05","mg/L as N",NA,"N","N","Wings Landing","38.22621",-122.0385,"11:50","Bryte",NA
"1921","3967","EF0919B0199",2019-09-06,"Dissolved Nitrate + Nitrite","1.2","0.05","mg/L as N",NA,"N","N","Wings Landing","38.22621",-122.0385,"11:50","Bryte",NA
"1922","3967","EF0919B0198",2019-09-06,"Dissolved Nitrate + Nitrite","1.2","0.05","mg/L as N",NA,"N","N","Wings Landing","38.22621",-122.0385,"11:50","Bryte",NA
"1923","3967","EF0919B0199",2019-09-06,"Dissolved Organic Carbon","12.9","0.5","mg/L as C",NA,"N","N","Wings Landing","38.22621",-122.0385,"11:50","Bryte",NA
"1924","3967","EF0919B0198",2019-09-06,"Dissolved Organic Carbon","13.2","0.5","mg/L as C",NA,"N","N","Wings Landing","38.22621",-122.0385,"11:50","Bryte",NA
"1925","3967","EF0919B0199",2019-09-06,"Dissolved Organic Nitrogen","1.16","0.1","mg/L as N",NA,"N","N","Wings Landing","38.22621",-122.0385,"11:50","Bryte",NA
"1926","3967","EF0919B0198",2019-09-06,"Dissolved Organic Nitrogen","1.25","0.1","mg/L as N",NA,"N","N","Wings Landing","38.22621",-122.0385,"11:50","Bryte",NA
"1927","3967","EF0919B0198",2019-09-06,"Dissolved ortho-Phosphate","0.159","0.05","mg/L as P",NA,"N","N","Wings Landing","38.22621",-122.0385,"11:50","Bryte",NA
"1928","3967","EF0919B0199",2019-09-06,"Dissolved ortho-Phosphate","0.152","0.05","mg/L as P",NA,"N","N","Wings Landing","38.22621",-122.0385,"11:50","Bryte",NA
"1929","3967","EF0919B0198",2019-09-06,"Pheophytin a","21.9","0.5","ug/L",NA,"N","N","Wings Landing","38.22621",-122.0385,"11:50","Bryte",NA
"1930","3967","EF0919B0199",2019-09-06,"Pheophytin a","20.7","0.5","ug/L",NA,"N","N","Wings Landing","38.22621",-122.0385,"11:50","Bryte",NA
"1931","3967","EF0919B0198",2019-09-06,"Total Kjeldahl Nitrogen","6","1","mg/L as N",NA,"N","N","Wings Landing","38.22621",-122.0385,"11:50","Bryte",NA
"1932","3967","EF0919B0199",2019-09-06,"Total Kjeldahl Nitrogen","7.5","1","mg/L as N",NA,"N","N","Wings Landing","38.22621",-122.0385,"11:50","Bryte",NA
"1933","3967","EF0919B0199",2019-09-06,"Total Organic Carbon","13.2","0.5","mg/L as C",NA,"N","N","Wings Landing","38.22621",-122.0385,"11:50","Bryte",NA
"1934","3967","EF0919B0198",2019-09-06,"Total Organic Carbon","13.3","0.5","mg/L as C",NA,"N","N","Wings Landing","38.22621",-122.0385,"11:50","Bryte",NA
"1935","3967","EF0919B0198",2019-09-06,"Total Phosphorus","0.82","0.05","mg/L as P",NA,"N","N","Wings Landing","38.22621",-122.0385,"11:50","Bryte",NA
"1936","3967","EF0919B0199",2019-09-06,"Total Phosphorus","0.77","0.05","mg/L as P",NA,"N","N","Wings Landing","38.22621",-122.0385,"11:50","Bryte",NA
"1937","3116","EF0919B0215",2019-09-11,"Chlorophyll a","1.41","0.5","ug/L",NA,"N","N","Webb Tract Islands and Berms","38.09639",-121.58945,"09:18","Bryte",NA
"1938","3277","EF0919B0216",2019-09-11,"Chlorophyll a","0.57","0.5","ug/L",NA,"N","N","Decker Island","38.0848",-121.72413,"11:00","Bryte",NA
"1939","3116","EF0919B0215",2019-09-11,"Dissolved Ammonia","0.052","0.05","mg/L as N",NA,"N","N","Webb Tract Islands and Berms","38.09639",-121.58945,"09:18","Bryte",NA
"1940","3277","EF0919B0216",2019-09-11,"Dissolved Ammonia","<0.05","0.05","mg/L as N",NA,"N","N","Decker Island","38.0848",-121.72413,"11:00","Bryte",NA
"1941","3277","EF0919B0216",2019-09-11,"Dissolved Nitrate + Nitrite","<0.05","0.05","mg/L as N",NA,"N","N","Decker Island","38.0848",-121.72413,"11:00","Bryte",NA
"1942","3116","EF0919B0215",2019-09-11,"Dissolved Nitrate + Nitrite","0.207","0.05","mg/L as N",NA,"N","N","Webb Tract Islands and Berms","38.09639",-121.58945,"09:18","Bryte",NA
"1943","3116","EF0919B0215",2019-09-11,"Dissolved Organic Carbon","2.2","0.5","mg/L as C",NA,"N","N","Webb Tract Islands and Berms","38.09639",-121.58945,"09:18","Bryte",NA
"1944","3277","EF0919B0216",2019-09-11,"Dissolved Organic Carbon","3.2","0.5","mg/L as C",NA,"N","N","Decker Island","38.0848",-121.72413,"11:00","Bryte",NA
"1945","3277","EF0919B0216",2019-09-11,"Dissolved Organic Nitrogen","0.29","0.1","mg/L as N",NA,"N","N","Decker Island","38.0848",-121.72413,"11:00","Bryte",NA
"1946","3116","EF0919B0215",2019-09-11,"Dissolved Organic Nitrogen","0.22","0.1","mg/L as N",NA,"N","N","Webb Tract Islands and Berms","38.09639",-121.58945,"09:18","Bryte",NA
"1947","3277","EF0919B0216",2019-09-11,"Dissolved ortho-Phosphate","<0.05","0.05","mg/L as P",NA,"N","N","Decker Island","38.0848",-121.72413,"11:00","Bryte",NA
"1948","3116","EF0919B0215",2019-09-11,"Dissolved ortho-Phosphate","0.07","0.05","mg/L as P",NA,"N","N","Webb Tract Islands and Berms","38.09639",-121.58945,"09:18","Bryte",NA
"1949","3116","EF0919B0215",2019-09-11,"Pheophytin a","0.93","0.5","ug/L",NA,"N","N","Webb Tract Islands and Berms","38.09639",-121.58945,"09:18","Bryte",NA
"1950","3277","EF0919B0216",2019-09-11,"Pheophytin a","0.81","0.5","ug/L",NA,"N","N","Decker Island","38.0848",-121.72413,"11:00","Bryte",NA
"1951","3116","EF0919B0215",2019-09-11,"Total Kjeldahl Nitrogen","0.319","0.1","mg/L as N",NA,"N","N","Webb Tract Islands and Berms","38.09639",-121.58945,"09:18","Bryte",NA
"1952","3277","EF0919B0216",2019-09-11,"Total Kjeldahl Nitrogen","0.438","0.1","mg/L as N",NA,"N","N","Decker Island","38.0848",-121.72413,"11:00","Bryte",NA
"1953","3116","EF0919B0215",2019-09-11,"Total Organic Carbon","2.2","0.5","mg/L as C",NA,"N","N","Webb Tract Islands and Berms","38.09639",-121.58945,"09:18","Bryte",NA
"1954","3277","EF0919B0216",2019-09-11,"Total Organic Carbon","3.2","0.5","mg/L as C",NA,"N","N","Decker Island","38.0848",-121.72413,"11:00","Bryte",NA
"1955","3116","EF0919B0215",2019-09-11,"Total Phosphorus","0.07","0.01","mg/L as P",NA,"N","N","Webb Tract Islands and Berms","38.09639",-121.58945,"09:18","Bryte",NA
"1956","3277","EF0919B0216",2019-09-11,"Total Phosphorus","0.079","0.01","mg/L as P",NA,"N","N","Decker Island","38.0848",-121.72413,"11:00","Bryte",NA
"1957","3279","EF0919B0210",2019-09-18,"Chlorophyll a","1.39","0.5","ug/L",NA,"N","N","Chipps Island","38.05637",-121.92,"08:30","Bryte",NA
"1958","3279","EF0919B0210",2019-09-18,"Dissolved Ammonia","<0.05","0.05","mg/L as N",NA,"N","N","Chipps Island","38.05637",-121.92,"08:30","Bryte",NA
"1959","3279","EF0919B0210",2019-09-18,"Dissolved Nitrate + Nitrite","0.179","0.05","mg/L as N",NA,"N","N","Chipps Island","38.05637",-121.92,"08:30","Bryte",NA
"1960","3279","EF0919B0210",2019-09-18,"Dissolved Organic Carbon","2.6","0.5","mg/L as C",NA,"N","N","Chipps Island","38.05637",-121.92,"08:30","Bryte",NA
"1961","3279","EF0919B0210",2019-09-18,"Dissolved Organic Nitrogen","0.23","0.1","mg/L as N",NA,"N","N","Chipps Island","38.05637",-121.92,"08:30","Bryte",NA
"1962","3279","EF0919B0210",2019-09-18,"Dissolved ortho-Phosphate","0.076","0.05","mg/L as P",NA,"N","N","Chipps Island","38.05637",-121.92,"08:30","Bryte",NA
"1963","3279","EF0919B0210",2019-09-18,"Pheophytin a","1.43","0.5","ug/L",NA,"N","N","Chipps Island","38.05637",-121.92,"08:30","Bryte",NA
"1964","3279","EF0919B0210",2019-09-18,"Total Kjeldahl Nitrogen","0.318","0.1","mg/L as N",NA,"N","N","Chipps Island","38.05637",-121.92,"08:30","Bryte",NA
"1965","3279","EF0919B0210",2019-09-18,"Total Organic Carbon","2.6","0.5","mg/L as C",NA,"N","N","Chipps Island","38.05637",-121.92,"08:30","Bryte",NA
"1966","3279","EF0919B0210",2019-09-18,"Total Phosphorus","0.085","0.01","mg/L as P",NA,"N","N","Chipps Island","38.05637",-121.92,"08:30","Bryte",NA
"1967","3262","EF0919B0208",2019-09-18,"Chlorophyll a","1.97","0.5","ug/L",NA,"N","N","Browns Island","38.03923",-121.85813,"09:54","Bryte",NA
"1968","3262","EF0919B0208",2019-09-18,"Dissolved Ammonia","<0.05","0.05","mg/L as N",NA,"N","N","Browns Island","38.03923",-121.85813,"09:54","Bryte",NA
"1969","3262","EF0919B0208",2019-09-18,"Dissolved Nitrate + Nitrite","<0.05","0.05","mg/L as N",NA,"N","N","Browns Island","38.03923",-121.85813,"09:54","Bryte",NA
"1970","3262","EF0919B0208",2019-09-18,"Dissolved Organic Carbon","4.5","0.5","mg/L as C",NA,"N","N","Browns Island","38.03923",-121.85813,"09:54","Bryte",NA
"1971","3262","EF0919B0208",2019-09-18,"Dissolved Organic Nitrogen","0.23","0.1","mg/L as N",NA,"N","N","Browns Island","38.03923",-121.85813,"09:54","Bryte",NA
"1972","3262","EF0919B0208",2019-09-18,"Dissolved ortho-Phosphate","0.068","0.05","mg/L as P",NA,"N","N","Browns Island","38.03923",-121.85813,"09:54","Bryte",NA
"1973","3262","EF0919B0208",2019-09-18,"Pheophytin a","0.65","0.5","ug/L",NA,"N","N","Browns Island","38.03923",-121.85813,"09:54","Bryte",NA
"1974","3262","EF0919B0208",2019-09-18,"Total Kjeldahl Nitrogen","0.311","0.1","mg/L as N",NA,"N","N","Browns Island","38.03923",-121.85813,"09:54","Bryte",NA
"1975","3262","EF0919B0208",2019-09-18,"Total Organic Carbon","4.5","0.5","mg/L as C",NA,"N","N","Browns Island","38.03923",-121.85813,"09:54","Bryte",NA
"1976","3262","EF0919B0208",2019-09-18,"Total Phosphorus","0.079","0.01","mg/L as P",NA,"N","N","Browns Island","38.03923",-121.85813,"09:54","Bryte",NA
"1977","3252","EF1019B0719",2019-10-01,"Chlorophyll a","1.21","0.5","ug/L",NA,"N","N","Decker Island","38.08437",-121.72398,"08:12","Bryte",NA
"1978","3252","EF1019B0719",2019-10-01,"Dissolved Ammonia","<0.05","0.05","mg/L as N",NA,"N","N","Decker Island","38.08437",-121.72398,"08:12","Bryte",NA
"1979","3252","EF1019B0719",2019-10-01,"Dissolved Nitrate + Nitrite","0.126","0.05","mg/L as N",NA,"N","N","Decker Island","38.08437",-121.72398,"08:12","Bryte",NA
"1980","3252","EF1019B0719",2019-10-01,"Dissolved Organic Carbon","3.2","0.5","mg/L as C",NA,"N","N","Decker Island","38.08437",-121.72398,"08:12","Bryte",NA
"1981","3252","EF1019B0719",2019-10-01,"Dissolved Organic Nitrogen","0.37","0.1","mg/L as N",NA,"N","N","Decker Island","38.08437",-121.72398,"08:12","Bryte",NA
"1982","3252","EF1019B0719",2019-10-01,"Dissolved ortho-Phosphate","0.05","0.05","mg/L as P",NA,"N","N","Decker Island","38.08437",-121.72398,"08:12","Bryte",NA
"1983","3252","EF1019B0719",2019-10-01,"Pheophytin a","1.02","0.5","ug/L",NA,"N","N","Decker Island","38.08437",-121.72398,"08:12","Bryte",NA
"1984","3252","EF1019B0719",2019-10-01,"Total Kjeldahl Nitrogen","0.461","0.1","mg/L as N",NA,"N","N","Decker Island","38.08437",-121.72398,"08:12","Bryte",NA
"1985","3252","EF1019B0719",2019-10-01,"Total Kjeldahl Nitrogen","0.465","0.1","mg/L as N",NA,"N","N","Decker Island","38.08437",-121.72398,"08:12","Bryte",NA
"1986","3252","EF1019B0719",2019-10-01,"Total Organic Carbon","3.7","0.5","mg/L as C",NA,"N","N","Decker Island","38.08437",-121.72398,"08:12","Bryte",NA
"1987","3252","EF1019B0719",2019-10-01,"Total Phosphorus","0.057","0.01","mg/L as P",NA,"N","N","Decker Island","38.08437",-121.72398,"08:12","Bryte",NA
"1988","3252","EF1019B0719",2019-10-01,"Total Phosphorus","0.055","0.01","mg/L as P",NA,"N","N","Decker Island","38.08437",-121.72398,"08:12","Bryte",NA
"1989","3251","EF1019B0720",2019-10-01,"Chlorophyll a","1.7","0.5","ug/L",NA,"N","N","Webb Tract Islands and Berms","38.09689",-121.59019,"11:15","Bryte",NA
"1990","3251","EF1019B0720",2019-10-01,"Dissolved Ammonia","0.079","0.05","mg/L as N",NA,"N","N","Webb Tract Islands and Berms","38.09689",-121.59019,"11:15","Bryte",NA
"1991","3251","EF1019B0720",2019-10-01,"Dissolved Nitrate + Nitrite","0.212","0.05","mg/L as N",NA,"N","N","Webb Tract Islands and Berms","38.09689",-121.59019,"11:15","Bryte",NA
"1992","3251","EF1019B0720",2019-10-01,"Dissolved Organic Carbon","2.5","0.5","mg/L as C",NA,"N","N","Webb Tract Islands and Berms","38.09689",-121.59019,"11:15","Bryte",NA
"1993","3251","EF1019B0720",2019-10-01,"Dissolved Organic Nitrogen","0.17","0.1","mg/L as N",NA,"N","N","Webb Tract Islands and Berms","38.09689",-121.59019,"11:15","Bryte",NA
"1994","3251","EF1019B0720",2019-10-01,"Dissolved ortho-Phosphate","0.067","0.05","mg/L as P",NA,"N","N","Webb Tract Islands and Berms","38.09689",-121.59019,"11:15","Bryte",NA
"1995","3251","EF1019B0720",2019-10-01,"Pheophytin a","0.69","0.5","ug/L",NA,"N","N","Webb Tract Islands and Berms","38.09689",-121.59019,"11:15","Bryte",NA
"1996","3251","EF1019B0720",2019-10-01,"Total Kjeldahl Nitrogen","0.311","0.1","mg/L as N",NA,"N","N","Webb Tract Islands and Berms","38.09689",-121.59019,"11:15","Bryte",NA
"1997","3251","EF1019B0720",2019-10-01,"Total Organic Carbon","2.5","0.5","mg/L as C",NA,"N","N","Webb Tract Islands and Berms","38.09689",-121.59019,"11:15","Bryte",NA
"1998","3251","EF1019B0720",2019-10-01,"Total Phosphorus","0.059","0.01","mg/L as P",NA,"N","N","Webb Tract Islands and Berms","38.09689",-121.59019,"11:15","Bryte",NA
"1999","3225","EF1019B0721",2019-10-02,"Chlorophyll a","3.26","0.5","ug/L",NA,"N","Y","Grizzly Bay","38.13182",-121.99899,"08:12","Bryte",NA
"2000","3225","EF1019B0721",2019-10-02,"Dissolved Ammonia","<0.05","0.05","mg/L as N",NA,"N","N","Grizzly Bay","38.13182",-121.99899,"08:12","Bryte",NA
"2001","3225","EF1019B0721",2019-10-02,"Dissolved Nitrate + Nitrite","0.261","0.05","mg/L as N",NA,"N","N","Grizzly Bay","38.13182",-121.99899,"08:12","Bryte",NA
"2002","3225","EF1019B0721",2019-10-02,"Dissolved Organic Carbon","2.6","0.5","mg/L as C",NA,"N","N","Grizzly Bay","38.13182",-121.99899,"08:12","Bryte",NA
"2003","3225","EF1019B0721",2019-10-02,"Dissolved Organic Nitrogen","0.77","0.1","mg/L as N",NA,"N","N","Grizzly Bay","38.13182",-121.99899,"08:12","Bryte",NA
"2004","3225","EF1019B0721",2019-10-02,"Dissolved ortho-Phosphate","0.094","0.05","mg/L as P",NA,"N","N","Grizzly Bay","38.13182",-121.99899,"08:12","Bryte",NA
"2005","3225","EF1019B0721",2019-10-02,"Pheophytin a","1.63","0.5","ug/L",NA,"N","Y","Grizzly Bay","38.13182",-121.99899,"08:12","Bryte",NA
"2006","3225","EF1019B0721",2019-10-02,"Total Kjeldahl Nitrogen","0.917","0.1","mg/L as N",NA,"N","N","Grizzly Bay","38.13182",-121.99899,"08:12","Bryte",NA
"2007","3225","EF1019B0721",2019-10-02,"Total Organic Carbon","2.6","0.5","mg/L as C",NA,"N","N","Grizzly Bay","38.13182",-121.99899,"08:12","Bryte",NA
"2008","3225","EF1019B0721",2019-10-02,"Total Phosphorus","0.112","0.01","mg/L as P",NA,"N","N","Grizzly Bay","38.13182",-121.99899,"08:12","Bryte",NA
"2009","3694","EF1019B0723",2019-10-02,"Chlorophyll a","11.5","0.5","ug/L",NA,"N","N","Wings Landing","38.22602",-122.03826,"14:35","Bryte",NA
"2010","3694","EF1019B0723",2019-10-02,"Dissolved Ammonia","0.112","0.05","mg/L as N",NA,"N","N","Wings Landing","38.22602",-122.03826,"14:35","Bryte",NA
"2011","3694","EF1019B0723",2019-10-02,"Dissolved Nitrate + Nitrite","0.654","0.05","mg/L as N",NA,"N","N","Wings Landing","38.22602",-122.03826,"14:35","Bryte",NA
"2012","3694","EF1019B0723",2019-10-02,"Dissolved Organic Carbon","8.5","0.5","mg/L as C",NA,"N","N","Wings Landing","38.22602",-122.03826,"14:35","Bryte",NA
"2013","3694","EF1019B0723",2019-10-02,"Dissolved Organic Nitrogen","0.92","0.1","mg/L as N",NA,"N","N","Wings Landing","38.22602",-122.03826,"14:35","Bryte",NA
"2014","3694","EF1019B0723",2019-10-02,"Dissolved ortho-Phosphate","0.384","0.05","mg/L as P",NA,"N","N","Wings Landing","38.22602",-122.03826,"14:35","Bryte",NA
"2015","3694","EF1019B0723",2019-10-02,"Pheophytin a","1.87","0.5","ug/L",NA,"N","N","Wings Landing","38.22602",-122.03826,"14:35","Bryte",NA
"2016","3694","EF1019B0723",2019-10-02,"Total Kjeldahl Nitrogen","1.18","0.1","mg/L as N",NA,"N","N","Wings Landing","38.22602",-122.03826,"14:35","Bryte",NA
"2017","3694","EF1019B0723",2019-10-02,"Total Organic Carbon","8.9","0.5","mg/L as C",NA,"N","N","Wings Landing","38.22602",-122.03826,"14:35","Bryte",NA
"2018","3694","EF1019B0723",2019-10-02,"Total Phosphorus","0.424","0.05","mg/L as P",NA,"N","N","Wings Landing","38.22602",-122.03826,"14:35","Bryte",NA
"2019","3284","EF1019B0728",2019-10-14,"Chlorophyll a","2.78","0.5","ug/L",NA,"N","Y","Chipps Island","38.05901",-121.90777,"12:00","Bryte",NA
"2020","3284","EF1019B0728",2019-10-14,"Dissolved Ammonia","<0.05","0.05","mg/L as N",NA,"N","N","Chipps Island","38.05901",-121.90777,"12:00","Bryte",NA
"2021","3284","EF1019B0728",2019-10-14,"Dissolved Nitrate + Nitrite","<0.05","0.05","mg/L as N",NA,"N","N","Chipps Island","38.05901",-121.90777,"12:00","Bryte",NA
"2022","3284","EF1019B0728",2019-10-14,"Dissolved Organic Carbon","4.3","0.5","mg/L as C",NA,"N","N","Chipps Island","38.05901",-121.90777,"12:00","Bryte",NA
"2023","3284","EF1019B0728",2019-10-14,"Dissolved Organic Nitrogen","0.28","0.1","mg/L as N",NA,"N","N","Chipps Island","38.05901",-121.90777,"12:00","Bryte",NA
"2024","3284","EF1019B0728",2019-10-14,"Dissolved ortho-Phosphate","<0.05","0.05","mg/L as P",NA,"N","N","Chipps Island","38.05901",-121.90777,"12:00","Bryte",NA
"2025","3284","EF1019B0728",2019-10-14,"Pheophytin a","0.87","0.5","ug/L",NA,"N","Y","Chipps Island","38.05901",-121.90777,"12:00","Bryte",NA
"2026","3284","EF1019B0728",2019-10-14,"Total Kjeldahl Nitrogen","0.434","0.1","mg/L as N",NA,"N","N","Chipps Island","38.05901",-121.90777,"12:00","Bryte",NA
"2027","3284","EF1019B0728",2019-10-14,"Total Organic Carbon","4.5","0.5","mg/L as C",NA,"N","N","Chipps Island","38.05901",-121.90777,"12:00","Bryte",NA
"2028","3284","EF1019B0728",2019-10-14,"Total Phosphorus","0.079","0.01","mg/L as P",NA,"N","N","Chipps Island","38.05901",-121.90777,"12:00","Bryte",NA
"2029","3256","EF1019B0725",2019-10-17,"Chlorophyll a","1.55","0.5","ug/L",NA,"N","N","Winter Island","38.05178",-121.85445,"10:30","Bryte",NA
"2030","3256","EF1019B0725",2019-10-17,"Dissolved Ammonia","<0.05","0.05","mg/L as N",NA,"N","N","Winter Island","38.05178",-121.85445,"10:30","Bryte",NA
"2031","3256","EF1019B0725",2019-10-17,"Dissolved Nitrate + Nitrite","0.127","0.05","mg/L as N",NA,"N","N","Winter Island","38.05178",-121.85445,"10:30","Bryte",NA
"2032","3256","EF1019B0725",2019-10-17,"Dissolved Organic Carbon","2.6","0.5","mg/L as C",NA,"N","N","Winter Island","38.05178",-121.85445,"10:30","Bryte",NA
"2033","3256","EF1019B0725",2019-10-17,"Dissolved Organic Nitrogen","0.24","0.1","mg/L as N",NA,"N","N","Winter Island","38.05178",-121.85445,"10:30","Bryte",NA
"2034","3256","EF1019B0725",2019-10-17,"Dissolved ortho-Phosphate","0.056","0.05","mg/L as P",NA,"N","N","Winter Island","38.05178",-121.85445,"10:30","Bryte",NA
"2035","3256","EF1019B0725",2019-10-17,"Pheophytin a","1.42","0.5","ug/L",NA,"N","N","Winter Island","38.05178",-121.85445,"10:30","Bryte",NA
"2036","3256","EF1019B0725",2019-10-17,"Total Kjeldahl Nitrogen","0.274","0.1","mg/L as N",NA,"N","N","Winter Island","38.05178",-121.85445,"10:30","Bryte",NA
"2037","3256","EF1019B0725",2019-10-17,"Total Organic Carbon","2.7","0.5","mg/L as C",NA,"N","N","Winter Island","38.05178",-121.85445,"10:30","Bryte",NA
"2038","3256","EF1019B0725",2019-10-17,"Total Phosphorus","0.045","0.01","mg/L as P",NA,"N","N","Winter Island","38.05178",-121.85445,"10:30","Bryte",NA
"2039","3311","EF1019B0733",2019-10-29,"Chlorophyll a","0.82","0.5","ug/L",NA,"N","N","Lookout Slough","38.28978",-121.71719,"16:00","Bryte",NA
"2040","3311","EF1019B0733",2019-10-29,"Dissolved Ammonia","<0.05","0.05","mg/L as N",NA,"N","N","Lookout Slough","38.28978",-121.71719,"16:00","Bryte",NA
"2041","3311","EF1019B0733",2019-10-29,"Dissolved Nitrate + Nitrite","0.063","0.05","mg/L as N",NA,"N","N","Lookout Slough","38.28978",-121.71719,"16:00","Bryte",NA
"2042","3311","EF1019B0733",2019-10-29,"Dissolved Organic Carbon","3.5","0.5","mg/L as C",NA,"N","N","Lookout Slough","38.28978",-121.71719,"16:00","Bryte",NA
"2043","3311","EF1019B0733",2019-10-29,"Dissolved Organic Nitrogen","0.26","0.1","mg/L as N",NA,"N","N","Lookout Slough","38.28978",-121.71719,"16:00","Bryte",NA
"2044","3311","EF1019B0733",2019-10-29,"Dissolved ortho-Phosphate","0.102","0.05","mg/L as P",NA,"N","N","Lookout Slough","38.28978",-121.71719,"16:00","Bryte",NA
"2045","3311","EF1019B0733",2019-10-29,"Pheophytin a","0.93","0.5","ug/L",NA,"N","N","Lookout Slough","38.28978",-121.71719,"16:00","Bryte",NA
"2046","3311","EF1019B0733",2019-10-29,"Total Kjeldahl Nitrogen","0.347","0.1","mg/L as N",NA,"N","N","Lookout Slough","38.28978",-121.71719,"16:00","Bryte",NA
"2047","3311","EF1019B0733",2019-10-29,"Total Organic Carbon","3.6","0.5","mg/L as C",NA,"N","N","Lookout Slough","38.28978",-121.71719,"16:00","Bryte",NA
"2048","3311","EF1019B0733",2019-10-29,"Total Phosphorus","0.114","0.01","mg/L as P",NA,"N","N","Lookout Slough","38.28978",-121.71719,"16:00","Bryte",NA
"2049","3312","EF1019B0732",2019-10-29,"Chlorophyll a","1.53","0.5","ug/L",NA,"N","N","Liberty Island","38.24514",-121.68475,"09:13","Bryte",NA
"2050","3312","EF1019B0732",2019-10-29,"Dissolved Ammonia","0.24","0.05","mg/L as N",NA,"N","N","Liberty Island","38.24514",-121.68475,"09:13","Bryte",NA
"2051","3312","EF1019B0732",2019-10-29,"Dissolved Nitrate + Nitrite","0.261","0.05","mg/L as N",NA,"N","N","Liberty Island","38.24514",-121.68475,"09:13","Bryte",NA
"2052","3312","EF1019B0732",2019-10-29,"Dissolved Organic Carbon","2.3","0.5","mg/L as C",NA,"N","N","Liberty Island","38.24514",-121.68475,"09:13","Bryte",NA
"2053","3312","EF1019B0732",2019-10-29,"Dissolved Organic Nitrogen","0.15","0.1","mg/L as N",NA,"N","N","Liberty Island","38.24514",-121.68475,"09:13","Bryte",NA
"2054","3312","EF1019B0732",2019-10-29,"Dissolved ortho-Phosphate","0.053","0.05","mg/L as P",NA,"N","N","Liberty Island","38.24514",-121.68475,"09:13","Bryte",NA
"2055","3312","EF1019B0732",2019-10-29,"Pheophytin a","2.17","0.5","ug/L",NA,"N","N","Liberty Island","38.24514",-121.68475,"09:13","Bryte",NA
"2056","3312","EF1019B0732",2019-10-29,"Total Kjeldahl Nitrogen","0.516","0.1","mg/L as N",NA,"N","N","Liberty Island","38.24514",-121.68475,"09:13","Bryte",NA
"2057","3312","EF1019B0732",2019-10-29,"Total Organic Carbon","2.1","0.5","mg/L as C",NA,"N","N","Liberty Island","38.24514",-121.68475,"09:13","Bryte",NA
"2058","3312","EF1019B0732",2019-10-29,"Total Phosphorus","0.072","0.01","mg/L as P",NA,"N","N","Liberty Island","38.24514",-121.68475,"09:13","Bryte",NA
"2059","3313","EF1019B0730",2019-10-29,"Chlorophyll a","0.91","0.5","ug/L",NA,"N","N","Yolo Flyway Farms","38.36193",-121.64283,"10:21","Bryte",NA
"2060","3313","EF1019B0730",2019-10-29,"Dissolved Ammonia","<0.05","0.05","mg/L as N",NA,"N","N","Yolo Flyway Farms","38.36193",-121.64283,"10:21","Bryte",NA
"2061","3313","EF1019B0730",2019-10-29,"Dissolved Nitrate + Nitrite","<0.05","0.05","mg/L as N",NA,"N","N","Yolo Flyway Farms","38.36193",-121.64283,"10:21","Bryte",NA
"2062","3313","EF1019B0730",2019-10-29,"Dissolved Organic Carbon","3.4","0.5","mg/L as C",NA,"N","N","Yolo Flyway Farms","38.36193",-121.64283,"10:21","Bryte",NA
"2063","3313","EF1019B0730",2019-10-29,"Dissolved Organic Nitrogen","0.18","0.1","mg/L as N",NA,"N","N","Yolo Flyway Farms","38.36193",-121.64283,"10:21","Bryte",NA
"2064","3313","EF1019B0730",2019-10-29,"Dissolved ortho-Phosphate","0.085","0.05","mg/L as P",NA,"N","N","Yolo Flyway Farms","38.36193",-121.64283,"10:21","Bryte",NA
"2065","3313","EF1019B0730",2019-10-29,"Pheophytin a","0.77","0.5","ug/L",NA,"N","N","Yolo Flyway Farms","38.36193",-121.64283,"10:21","Bryte",NA
"2066","3313","EF1019B0730",2019-10-29,"Total Kjeldahl Nitrogen","0.324","0.1","mg/L as N",NA,"N","N","Yolo Flyway Farms","38.36193",-121.64283,"10:21","Bryte",NA
"2067","3313","EF1019B0730",2019-10-29,"Total Kjeldahl Nitrogen","0.345","0.1","mg/L as N",NA,"N","N","Yolo Flyway Farms","38.36193",-121.64283,"10:21","Bryte",NA
"2068","3313","EF1019B0730",2019-10-29,"Total Organic Carbon","3.4","0.5","mg/L as C",NA,"N","N","Yolo Flyway Farms","38.36193",-121.64283,"10:21","Bryte",NA
"2069","3313","EF1019B0730",2019-10-29,"Total Phosphorus","0.1","0.01","mg/L as P",NA,"N","N","Yolo Flyway Farms","38.36193",-121.64283,"10:21","Bryte",NA
"2070","3293","EF1019B0731",2019-10-29,"Chlorophyll a","1.74","0.5","ug/L",NA,"N","N","Prospect Island","38.24485",-121.66343,"12:00","Bryte",NA
"2071","3293","EF1019B0731",2019-10-29,"Dissolved Ammonia","0.107","0.05","mg/L as N",NA,"N","N","Prospect Island","38.24485",-121.66343,"12:00","Bryte",NA
"2072","3293","EF1019B0731",2019-10-29,"Dissolved Nitrate + Nitrite","0.186","0.05","mg/L as N",NA,"N","N","Prospect Island","38.24485",-121.66343,"12:00","Bryte",NA
"2073","3293","EF1019B0731",2019-10-29,"Dissolved Organic Carbon","2.7","0.5","mg/L as C",NA,"N","N","Prospect Island","38.24485",-121.66343,"12:00","Bryte",NA
"2074","3293","EF1019B0731",2019-10-29,"Dissolved Organic Nitrogen","0.13","0.1","mg/L as N",NA,"N","N","Prospect Island","38.24485",-121.66343,"12:00","Bryte",NA
"2075","3293","EF1019B0731",2019-10-29,"Dissolved ortho-Phosphate","<0.05","0.05","mg/L as P",NA,"N","N","Prospect Island","38.24485",-121.66343,"12:00","Bryte",NA
"2076","3293","EF1019B0731",2019-10-29,"Pheophytin a","0.73","0.5","ug/L",NA,"N","N","Prospect Island","38.24485",-121.66343,"12:00","Bryte",NA
"2077","3293","EF1019B0731",2019-10-29,"Total Kjeldahl Nitrogen","0.303","0.1","mg/L as N",NA,"N","N","Prospect Island","38.24485",-121.66343,"12:00","Bryte",NA
"2078","3293","EF1019B0731",2019-10-29,"Total Organic Carbon","2.7","0.5","mg/L as C",NA,"N","N","Prospect Island","38.24485",-121.66343,"12:00","Bryte",NA
"2079","3293","EF1019B0731",2019-10-29,"Total Phosphorus","0.042","0.01","mg/L as P",NA,"N","N","Prospect Island","38.24485",-121.66343,"12:00","Bryte",NA
"2080","3269","EF1019B0726",2019-10-30,"Chlorophyll a","0.87","0.5","ug/L",NA,"N","N","Browns Island","38.03908",-121.8577,"11:02","Bryte",NA
"2081","3269","EF1019B0726",2019-10-30,"Dissolved Ammonia","<0.05","0.05","mg/L as N",NA,"N","N","Browns Island","38.03908",-121.8577,"11:02","Bryte",NA
"2082","3269","EF1019B0726",2019-10-30,"Dissolved Nitrate + Nitrite","<0.05","0.05","mg/L as N",NA,"N","N","Browns Island","38.03908",-121.8577,"11:02","Bryte",NA
"2083","3269","EF1019B0726",2019-10-30,"Dissolved Organic Carbon","5.4","0.5","mg/L as C",NA,"N","N","Browns Island","38.03908",-121.8577,"11:02","Bryte","Duplicate"
"2084","3269","EF1019B0726",2019-10-30,"Dissolved Organic Carbon","5.5","0.5","mg/L as C",NA,"N","N","Browns Island","38.03908",-121.8577,"11:02","Bryte",NA
"2085","3269","EF1019B0726",2019-10-30,"Dissolved Organic Nitrogen","0.27","0.1","mg/L as N",NA,"N","N","Browns Island","38.03908",-121.8577,"11:02","Bryte",NA
"2086","3269","EF1019B0726",2019-10-30,"Dissolved ortho-Phosphate","0.067","0.05","mg/L as P",NA,"N","N","Browns Island","38.03908",-121.8577,"11:02","Bryte",NA
"2087","3269","EF1019B0726",2019-10-30,"Pheophytin a","<0.5","0.5","ug/L",NA,"N","N","Browns Island","38.03908",-121.8577,"11:02","Bryte",NA
"2088","3269","EF1019B0726",2019-10-30,"Total Kjeldahl Nitrogen","0.401","0.1","mg/L as N",NA,"N","N","Browns Island","38.03908",-121.8577,"11:02","Bryte",NA
"2089","3269","EF1019B0726",2019-10-30,"Total Organic Carbon","5.4","0.5","mg/L as C",NA,"N","N","Browns Island","38.03908",-121.8577,"11:02","Bryte",NA
"2090","3269","EF1019B0726",2019-10-30,"Total Organic Carbon","5.3","0.5","mg/L as C",NA,"N","N","Browns Island","38.03908",-121.8577,"11:02","Bryte","Duplicate"
"2091","3269","EF1019B0726",2019-10-30,"Total Phosphorus","0.087","0.01","mg/L as P",NA,"N","N","Browns Island","38.03908",-121.8577,"11:02","Bryte",NA
"2092","3318","EF1119B0761",2019-11-18,"Chlorophyll a","0.67","0.5","ug/L",NA,"N","N","Lookout Slough","38.29031",-121.71713,"10:40","Bryte",NA
"2093","3318","EF1119B0761",2019-11-18,"Dissolved Ammonia","<0.05","0.05","mg/L as N",NA,"N","N","Lookout Slough","38.29031",-121.71713,"10:40","Bryte",NA
"2094","3318","EF1119B0761",2019-11-18,"Dissolved Nitrate + Nitrite","0.481","0.05","mg/L as N",NA,"N","N","Lookout Slough","38.29031",-121.71713,"10:40","Bryte",NA
"2095","3318","EF1119B0761",2019-11-18,"Dissolved Organic Carbon","3.6","0.5","mg/L as C",NA,"N","N","Lookout Slough","38.29031",-121.71713,"10:40","Bryte",NA
"2096","3318","EF1119B0761",2019-11-18,"Dissolved Organic Nitrogen","0.25","0.1","mg/L as N",NA,"N","N","Lookout Slough","38.29031",-121.71713,"10:40","Bryte",NA
"2097","3318","EF1119B0761",2019-11-18,"Dissolved ortho-Phosphate","0.146","0.05","mg/L as P",NA,"N","N","Lookout Slough","38.29031",-121.71713,"10:40","Bryte",NA
"2098","3318","EF1119B0761",2019-11-18,"Pheophytin a","<0.5","0.5","ug/L",NA,"N","N","Lookout Slough","38.29031",-121.71713,"10:40","Bryte",NA
"2099","3318","EF1119B0761",2019-11-18,"Total Kjeldahl Nitrogen","0.293","0.1","mg/L as N",NA,"N","N","Lookout Slough","38.29031",-121.71713,"10:40","Bryte",NA
"2100","3318","EF1119B0761",2019-11-18,"Total Organic Carbon","3.8","0.5","mg/L as C",NA,"N","N","Lookout Slough","38.29031",-121.71713,"10:40","Bryte",NA
"2101","3318","EF1119B0761",2019-11-18,"Total Phosphorus","0.15","0.01","mg/L as P",NA,"N","N","Lookout Slough","38.29031",-121.71713,"10:40","Bryte",NA
"2102","3319","EF1119B0760",2019-11-18,"Chlorophyll a","0.62","0.5","ug/L",NA,"N","N","Liberty Island","38.24786",-121.68404,"11:40","Bryte",NA
"2103","3319","EF1119B0760",2019-11-18,"Dissolved Ammonia","0.215","0.05","mg/L as N",NA,"N","N","Liberty Island","38.24786",-121.68404,"11:40","Bryte",NA
"2104","3319","EF1119B0760",2019-11-18,"Dissolved Nitrate + Nitrite","0.33","0.05","mg/L as N",NA,"N","N","Liberty Island","38.24786",-121.68404,"11:40","Bryte",NA
"2105","3319","EF1119B0760",2019-11-18,"Dissolved Organic Carbon","2.8","0.5","mg/L as C",NA,"N","N","Liberty Island","38.24786",-121.68404,"11:40","Bryte",NA
"2106","3319","EF1119B0760",2019-11-18,"Dissolved Organic Nitrogen","0.14","0.1","mg/L as N",NA,"N","N","Liberty Island","38.24786",-121.68404,"11:40","Bryte",NA
"2107","3319","EF1119B0760",2019-11-18,"Dissolved ortho-Phosphate","0.079","0.05","mg/L as P",NA,"N","N","Liberty Island","38.24786",-121.68404,"11:40","Bryte",NA
"2108","3319","EF1119B0760",2019-11-18,"Pheophytin a","<0.5","0.5","ug/L",NA,"N","N","Liberty Island","38.24786",-121.68404,"11:40","Bryte",NA
"2109","3319","EF1119B0760",2019-11-18,"Total Kjeldahl Nitrogen","0.442","0.1","mg/L as N",NA,"N","N","Liberty Island","38.24786",-121.68404,"11:40","Bryte",NA
"2110","3319","EF1119B0760",2019-11-18,"Total Organic Carbon","2.9","0.5","mg/L as C",NA,"N","N","Liberty Island","38.24786",-121.68404,"11:40","Bryte",NA
"2111","3319","EF1119B0760",2019-11-18,"Total Phosphorus","0.067","0.01","mg/L as P",NA,"N","N","Liberty Island","38.24786",-121.68404,"11:40","Bryte",NA
"2112","3320","EF1119B0758",2019-11-18,"Chlorophyll a","0.91","0.5","ug/L",NA,"N","N","Toe Drain","38.36195",-121.6428,"13:02","Bryte",NA
"2113","3320","EF1119B0758",2019-11-18,"Dissolved Ammonia","<0.05","0.05","mg/L as N",NA,"N","N","Toe Drain","38.36195",-121.6428,"13:02","Bryte",NA
"2114","3320","EF1119B0758",2019-11-18,"Dissolved Nitrate + Nitrite","0.061","0.05","mg/L as N",NA,"N","N","Toe Drain","38.36195",-121.6428,"13:02","Bryte",NA
"2115","3320","EF1119B0758",2019-11-18,"Dissolved Organic Carbon","3.3","0.5","mg/L as C",NA,"N","N","Toe Drain","38.36195",-121.6428,"13:02","Bryte",NA
"2116","3320","EF1119B0758",2019-11-18,"Dissolved Organic Nitrogen","0.21","0.1","mg/L as N",NA,"N","N","Toe Drain","38.36195",-121.6428,"13:02","Bryte",NA
"2117","3320","EF1119B0758",2019-11-18,"Dissolved ortho-Phosphate","0.059","0.05","mg/L as P",NA,"N","N","Toe Drain","38.36195",-121.6428,"13:02","Bryte",NA
"2118","3320","EF1119B0758",2019-11-18,"Pheophytin a","<0.5","0.5","ug/L",NA,"N","N","Toe Drain","38.36195",-121.6428,"13:02","Bryte",NA
"2119","3320","EF1119B0758",2019-11-18,"Total Kjeldahl Nitrogen","0.242","0.1","mg/L as N",NA,"N","N","Toe Drain","38.36195",-121.6428,"13:02","Bryte",NA
"2120","3320","EF1119B0758",2019-11-18,"Total Organic Carbon","4.4","0.5","mg/L as C",NA,"N","N","Toe Drain","38.36195",-121.6428,"13:02","Bryte",NA
"2121","3320","EF1119B0758",2019-11-18,"Total Phosphorus","0.07","0.01","mg/L as P",NA,"N","N","Toe Drain","38.36195",-121.6428,"13:02","Bryte",NA
"2122","3317","EF1119B0759",2019-11-18,"Chlorophyll a","1.11","0.5","ug/L",NA,"N","N","Prospect Island","38.24498",-121.66352,"14:43","Bryte",NA
"2123","3317","EF1119B0759",2019-11-18,"Dissolved Ammonia","0.099","0.05","mg/L as N",NA,"N","N","Prospect Island","38.24498",-121.66352,"14:43","Bryte",NA
"2124","3317","EF1119B0759",2019-11-18,"Dissolved Nitrate + Nitrite","0.174","0.05","mg/L as N",NA,"N","N","Prospect Island","38.24498",-121.66352,"14:43","Bryte",NA
"2125","3317","EF1119B0759",2019-11-18,"Dissolved Organic Carbon","3.4","0.5","mg/L as C",NA,"N","N","Prospect Island","38.24498",-121.66352,"14:43","Bryte",NA
"2126","3317","EF1119B0759",2019-11-18,"Dissolved Organic Nitrogen","0.21","0.1","mg/L as N",NA,"N","N","Prospect Island","38.24498",-121.66352,"14:43","Bryte",NA
"2127","3317","EF1119B0759",2019-11-18,"Dissolved ortho-Phosphate","<0.05","0.05","mg/L as P",NA,"N","N","Prospect Island","38.24498",-121.66352,"14:43","Bryte",NA
"2128","3317","EF1119B0759",2019-11-18,"Pheophytin a","0.73","0.5","ug/L",NA,"N","N","Prospect Island","38.24498",-121.66352,"14:43","Bryte",NA
"2129","3317","EF1119B0759",2019-11-18,"Total Kjeldahl Nitrogen","0.428","0.1","mg/L as N",NA,"N","N","Prospect Island","38.24498",-121.66352,"14:43","Bryte",NA
"2130","3317","EF1119B0759",2019-11-18,"Total Kjeldahl Nitrogen","0.383","0.1","mg/L as N",NA,"N","N","Prospect Island","38.24498",-121.66352,"14:43","Bryte",NA
"2131","3317","EF1119B0759",2019-11-18,"Total Organic Carbon","3.7","0.5","mg/L as C",NA,"N","N","Prospect Island","38.24498",-121.66352,"14:43","Bryte",NA
"2132","3317","EF1119B0759",2019-11-18,"Total Phosphorus","0.048","0.01","mg/L as P",NA,"N","N","Prospect Island","38.24498",-121.66352,"14:43","Bryte",NA
"2133","3314","EF1119B0764",2019-11-19,"Chlorophyll a","1.05","0.5","ug/L",NA,"N","N","Webb Tract Islands and Berms","38.09584",-121.58961,"10:45","Bryte",NA
"2134","3314","EF1119B0764",2019-11-19,"Dissolved Ammonia","0.095","0.05","mg/L as N",NA,"N","N","Webb Tract Islands and Berms","38.09584",-121.58961,"10:45","Bryte",NA
"2135","3314","EF1119B0764",2019-11-19,"Dissolved Nitrate + Nitrite","0.438","0.05","mg/L as N",NA,"N","N","Webb Tract Islands and Berms","38.09584",-121.58961,"10:45","Bryte",NA
"2136","3314","EF1119B0764",2019-11-19,"Dissolved Organic Carbon","2.8","0.5","mg/L as C",NA,"N","N","Webb Tract Islands and Berms","38.09584",-121.58961,"10:45","Bryte",NA
"2137","3314","EF1119B0764",2019-11-19,"Dissolved Organic Nitrogen","0.22","0.1","mg/L as N",NA,"N","N","Webb Tract Islands and Berms","38.09584",-121.58961,"10:45","Bryte",NA
"2138","3314","EF1119B0764",2019-11-19,"Dissolved ortho-Phosphate","0.07","0.05","mg/L as P",NA,"N","N","Webb Tract Islands and Berms","38.09584",-121.58961,"10:45","Bryte",NA
"2139","3314","EF1119B0764",2019-11-19,"Pheophytin a","0.63","0.5","ug/L",NA,"N","N","Webb Tract Islands and Berms","38.09584",-121.58961,"10:45","Bryte",NA
"2140","3314","EF1119B0764",2019-11-19,"Total Kjeldahl Nitrogen","0.339","0.1","mg/L as N",NA,"N","N","Webb Tract Islands and Berms","38.09584",-121.58961,"10:45","Bryte",NA
"2141","3314","EF1119B0764",2019-11-19,"Total Organic Carbon","2.7","0.5","mg/L as C",NA,"N","N","Webb Tract Islands and Berms","38.09584",-121.58961,"10:45","Bryte",NA
"2142","3314","EF1119B0764",2019-11-19,"Total Phosphorus","0.065","0.01","mg/L as P",NA,"N","N","Webb Tract Islands and Berms","38.09584",-121.58961,"10:45","Bryte",NA
"2143","3315","EF1119B0768",2019-11-19,"Chlorophyll a","1.24","0.5","ug/L",NA,"N","N","Decker Island","38.08442",-121.72391,"13:49","Bryte",NA
"2144","3315","EF1119B0768",2019-11-19,"Dissolved Ammonia","<0.05","0.05","mg/L as N",NA,"N","N","Decker Island","38.08442",-121.72391,"13:49","Bryte",NA
"2145","3315","EF1119B0768",2019-11-19,"Dissolved Nitrate + Nitrite","0.364","0.05","mg/L as N",NA,"N","N","Decker Island","38.08442",-121.72391,"13:49","Bryte",NA
"2146","3315","EF1119B0768",2019-11-19,"Dissolved Organic Carbon","2.8","0.5","mg/L as C",NA,"N","N","Decker Island","38.08442",-121.72391,"13:49","Bryte",NA
"2147","3315","EF1119B0768",2019-11-19,"Dissolved Organic Nitrogen","0.19","0.1","mg/L as N",NA,"N","N","Decker Island","38.08442",-121.72391,"13:49","Bryte",NA
"2148","3315","EF1119B0768",2019-11-19,"Dissolved ortho-Phosphate","0.055","0.05","mg/L as P",NA,"N","N","Decker Island","38.08442",-121.72391,"13:49","Bryte",NA
"2149","3315","EF1119B0768",2019-11-19,"Pheophytin a","<0.5","0.5","ug/L",NA,"N","N","Decker Island","38.08442",-121.72391,"13:49","Bryte",NA
"2150","3315","EF1119B0768",2019-11-19,"Total Kjeldahl Nitrogen","0.276","0.1","mg/L as N",NA,"N","N","Decker Island","38.08442",-121.72391,"13:49","Bryte",NA
"2151","3315","EF1119B0768",2019-11-19,"Total Organic Carbon","2.9","0.5","mg/L as C",NA,"N","N","Decker Island","38.08442",-121.72391,"13:49","Bryte",NA
"2152","3315","EF1119B0768",2019-11-19,"Total Phosphorus","0.049","0.01","mg/L as P",NA,"N","N","Decker Island","38.08442",-121.72391,"13:49","Bryte",NA
"2153","3643","EF1119B0763",2019-11-21,"Chlorophyll a","2.89","0.5","ug/L",NA,"N","N","Grizzly Bay","38.13284",-121.99782,"11:10","Bryte",NA
"2154","3643","EF1119B0763",2019-11-21,"Dissolved Ammonia","0.062","0.05","mg/L as N",NA,"N","N","Grizzly Bay","38.13284",-121.99782,"11:10","Bryte",NA
"2155","3643","EF1119B0763",2019-11-21,"Dissolved Ammonia","0.064","0.05","mg/L as N",NA,"N","N","Grizzly Bay","38.13284",-121.99782,"11:10","Bryte",NA
"2156","3643","EF1119B0763",2019-11-21,"Dissolved Nitrate + Nitrite","0.32","0.05","mg/L as N",NA,"N","N","Grizzly Bay","38.13284",-121.99782,"11:10","Bryte",NA
"2157","3643","EF1119B0763",2019-11-21,"Dissolved Nitrate + Nitrite","0.323","0.05","mg/L as N",NA,"N","N","Grizzly Bay","38.13284",-121.99782,"11:10","Bryte",NA
"2158","3643","EF1119B0763",2019-11-21,"Dissolved Organic Carbon","2.9","0.5","mg/L as C",NA,"N","N","Grizzly Bay","38.13284",-121.99782,"11:10","Bryte",NA
"2159","3643","EF1119B0763",2019-11-21,"Dissolved Organic Nitrogen","0.24","0.1","mg/L as N",NA,"N","N","Grizzly Bay","38.13284",-121.99782,"11:10","Bryte",NA
"2160","3643","EF1119B0763",2019-11-21,"Dissolved ortho-Phosphate","0.066","0.05","mg/L as P",NA,"N","N","Grizzly Bay","38.13284",-121.99782,"11:10","Bryte",NA
"2161","3643","EF1119B0763",2019-11-21,"Dissolved ortho-Phosphate","0.065","0.05","mg/L as P",NA,"N","N","Grizzly Bay","38.13284",-121.99782,"11:10","Bryte",NA
"2162","3643","EF1119B0763",2019-11-21,"Pheophytin a","0.83","0.5","ug/L",NA,"N","N","Grizzly Bay","38.13284",-121.99782,"11:10","Bryte",NA
"2163","3643","EF1119B0763",2019-11-21,"Total Kjeldahl Nitrogen","0.454","0.1","mg/L as N",NA,"N","N","Grizzly Bay","38.13284",-121.99782,"11:10","Bryte",NA
"2164","3643","EF1119B0763",2019-11-21,"Total Organic Carbon","2.3","0.5","mg/L as C",NA,"N","N","Grizzly Bay","38.13284",-121.99782,"11:10","Bryte",NA
"2165","3643","EF1119B0763",2019-11-21,"Total Phosphorus","0.077","0.01","mg/L as P",NA,"N","N","Grizzly Bay","38.13284",-121.99782,"11:10","Bryte",NA
"2166","3742","EF1119B0762",2019-11-21,"Chlorophyll a","9.08","0.5","ug/L",NA,"N","N","Wings Landing","38.22604",-122.03844,"12:42","Bryte",NA
"2167","3742","EF1119B0762",2019-11-21,"Dissolved Ammonia","0.203","0.05","mg/L as N",NA,"N","N","Wings Landing","38.22604",-122.03844,"12:42","Bryte",NA
"2168","3742","EF1119B0762",2019-11-21,"Dissolved Nitrate + Nitrite","0.767","0.05","mg/L as N",NA,"N","N","Wings Landing","38.22604",-122.03844,"12:42","Bryte",NA
"2169","3742","EF1119B0762",2019-11-21,"Dissolved Organic Carbon","11.5","0.5","mg/L as C",NA,"N","N","Wings Landing","38.22604",-122.03844,"12:42","Bryte",NA
"2170","3742","EF1119B0762",2019-11-21,"Dissolved Organic Nitrogen","1.2","0.1","mg/L as N",NA,"N","N","Wings Landing","38.22604",-122.03844,"12:42","Bryte",NA
"2171","3742","EF1119B0762",2019-11-21,"Dissolved ortho-Phosphate","0.426","0.05","mg/L as P",NA,"N","N","Wings Landing","38.22604",-122.03844,"12:42","Bryte",NA
"2172","3742","EF1119B0762",2019-11-21,"Pheophytin a","2.48","0.5","ug/L",NA,"N","N","Wings Landing","38.22604",-122.03844,"12:42","Bryte",NA
"2173","3742","EF1119B0762",2019-11-21,"Total Kjeldahl Nitrogen","1.62","0.1","mg/L as N",NA,"N","N","Wings Landing","38.22604",-122.03844,"12:42","Bryte",NA
"2174","3742","EF1119B0762",2019-11-21,"Total Organic Carbon","12.9","0.5","mg/L as C",NA,"N","N","Wings Landing","38.22604",-122.03844,"12:42","Bryte",NA
"2175","3742","EF1119B0762",2019-11-21,"Total Phosphorus","0.48","0.05","mg/L as P",NA,"N","N","Wings Landing","38.22604",-122.03844,"12:42","Bryte",NA
"2176","3270","EF1219B0784",2019-12-03,"Chlorophyll a","1.41","0.5","ug/L",NA,"N","N","Winter Island","38.04781",-121.8485,"10:55","Bryte",NA
"2177","3270","EF1219B0784",2019-12-03,"Dissolved Ammonia","0.128","0.05","mg/L as N",NA,"N","N","Winter Island","38.04781",-121.8485,"10:55","Bryte",NA
"2178","3270","EF1219B0784",2019-12-03,"Dissolved Ammonia","0.132","0.05","mg/L as N",NA,"N","N","Winter Island","38.04781",-121.8485,"10:55","Bryte",NA
"2179","3270","EF1219B0784",2019-12-03,"Dissolved Nitrate + Nitrite","0.463","0.05","mg/L as N",NA,"N","N","Winter Island","38.04781",-121.8485,"10:55","Bryte",NA
"2180","3270","EF1219B0784",2019-12-03,"Dissolved Nitrate + Nitrite","0.464","0.05","mg/L as N",NA,"N","N","Winter Island","38.04781",-121.8485,"10:55","Bryte",NA
"2181","3270","EF1219B0784",2019-12-03,"Dissolved Organic Carbon","2.2","0.5","mg/L as C",NA,"Y","N","Winter Island","38.04781",-121.8485,"10:55","Bryte",NA
"2182","3270","EF1219B0784",2019-12-03,"Dissolved Organic Nitrogen","0.18","0.1","mg/L as N",NA,"N","N","Winter Island","38.04781",-121.8485,"10:55","Bryte",NA
"2183","3270","EF1219B0784",2019-12-03,"Dissolved ortho-Phosphate","0.074","0.05","mg/L as P",NA,"N","N","Winter Island","38.04781",-121.8485,"10:55","Bryte",NA
"2184","3270","EF1219B0784",2019-12-03,"Dissolved ortho-Phosphate","0.073","0.05","mg/L as P",NA,"N","N","Winter Island","38.04781",-121.8485,"10:55","Bryte",NA
"2185","3270","EF1219B0784",2019-12-03,"Pheophytin a","1.06","0.5","ug/L",NA,"N","N","Winter Island","38.04781",-121.8485,"10:55","Bryte",NA
"2186","3270","EF1219B0784",2019-12-03,"Total Kjeldahl Nitrogen","0.374","0.1","mg/L as N",NA,"N","N","Winter Island","38.04781",-121.8485,"10:55","Bryte",NA
"2187","3270","EF1219B0784",2019-12-03,"Total Kjeldahl Nitrogen","0.364","0.1","mg/L as N",NA,"N","N","Winter Island","38.04781",-121.8485,"10:55","Bryte",NA
"2188","3270","EF1219B0784",2019-12-03,"Total Organic Carbon","2.2","0.5","mg/L as C",NA,"N","N","Winter Island","38.04781",-121.8485,"10:55","Bryte",NA
"2189","3270","EF1219B0784",2019-12-03,"Total Phosphorus","0.074","0.01","mg/L as P",NA,"N","N","Winter Island","38.04781",-121.8485,"10:55","Bryte",NA
"2190","3270","EF1219B0784",2019-12-03,"Total Phosphorus","0.076","0.01","mg/L as P",NA,"N","N","Winter Island","38.04781",-121.8485,"10:55","Bryte",NA
"2191","3271","EF1219B0785",2019-12-03,"Chlorophyll a","<0.5","0.5","ug/L",NA,"N","N","Browns Island","38.03852",-121.86267,"11:50","Bryte",NA
"2192","3271","EF1219B0785",2019-12-03,"Dissolved Ammonia","0.065","0.05","mg/L as N",NA,"N","N","Browns Island","38.03852",-121.86267,"11:50","Bryte",NA
"2193","3271","EF1219B0785",2019-12-03,"Dissolved Nitrate + Nitrite","0.254","0.05","mg/L as N",NA,"N","N","Browns Island","38.03852",-121.86267,"11:50","Bryte",NA
"2194","3271","EF1219B0785",2019-12-03,"Dissolved Organic Carbon","4.6","0.5","mg/L as C",NA,"Y","N","Browns Island","38.03852",-121.86267,"11:50","Bryte",NA
"2195","3271","EF1219B0785",2019-12-03,"Dissolved Organic Nitrogen","0.24","0.1","mg/L as N",NA,"N","N","Browns Island","38.03852",-121.86267,"11:50","Bryte",NA
"2196","3271","EF1219B0785",2019-12-03,"Dissolved ortho-Phosphate","0.099","0.05","mg/L as P",NA,"N","N","Browns Island","38.03852",-121.86267,"11:50","Bryte",NA
"2197","3271","EF1219B0785",2019-12-03,"Pheophytin a","<0.5","0.5","ug/L",NA,"N","N","Browns Island","38.03852",-121.86267,"11:50","Bryte",NA
"2198","3271","EF1219B0785",2019-12-03,"Total Kjeldahl Nitrogen","0.405","0.1","mg/L as N",NA,"N","N","Browns Island","38.03852",-121.86267,"11:50","Bryte",NA
"2199","3271","EF1219B0785",2019-12-03,"Total Organic Carbon","4.9","0.5","mg/L as C",NA,"N","N","Browns Island","38.03852",-121.86267,"11:50","Bryte",NA
"2200","3271","EF1219B0785",2019-12-03,"Total Phosphorus","0.102","0.01","mg/L as P",NA,"N","N","Browns Island","38.03852",-121.86267,"11:50","Bryte",NA
"2201","3621","EF1219B0775",2019-12-16,"Chlorophyll a","2.64","0.5","ug/L",NA,"N","N","Lookout Slough","38.29029",-121.71719,"10:10","Bryte",NA
"2202","3621","EF1219B0775",2019-12-16,"Dissolved Ammonia","0.16","0.05","mg/L as N",NA,"N","N","Lookout Slough","38.29029",-121.71719,"10:10","Bryte",NA
"2203","3621","EF1219B0775",2019-12-16,"Dissolved Nitrate + Nitrite","0.96","0.05","mg/L as N",NA,"N","N","Lookout Slough","38.29029",-121.71719,"10:10","Bryte",NA
"2204","3621","EF1219B0775",2019-12-16,"Dissolved Organic Carbon","7","0.5","mg/L as C",NA,"N","N","Lookout Slough","38.29029",-121.71719,"10:10","Bryte",NA
"2205","3621","EF1219B0775",2019-12-16,"Dissolved Organic Nitrogen","0.7","0.1","mg/L as N",NA,"N","N","Lookout Slough","38.29029",-121.71719,"10:10","Bryte",NA
"2206","3621","EF1219B0775",2019-12-16,"Dissolved ortho-Phosphate","0.198","0.05","mg/L as P",NA,"N","N","Lookout Slough","38.29029",-121.71719,"10:10","Bryte",NA
"2207","3621","EF1219B0775",2019-12-16,"Pheophytin a","0.58","0.5","ug/L",NA,"N","N","Lookout Slough","38.29029",-121.71719,"10:10","Bryte",NA
"2208","3621","EF1219B0775",2019-12-16,"Total Kjeldahl Nitrogen","0.874","0.1","mg/L as N",NA,"N","N","Lookout Slough","38.29029",-121.71719,"10:10","Bryte",NA
"2209","3621","EF1219B0775",2019-12-16,"Total Organic Carbon","7.1","0.5","mg/L as C",NA,"N","N","Lookout Slough","38.29029",-121.71719,"10:10","Bryte",NA
"2210","3621","EF1219B0775",2019-12-16,"Total Phosphorus","0.23","0.01","mg/L as P",NA,"N","N","Lookout Slough","38.29029",-121.71719,"10:10","Bryte",NA
"2211","3622","EF1219B0774",2019-12-16,"Chlorophyll a","0.75","0.5","ug/L",NA,"N","N","Liberty Island","38.2476",-121.68488,"10:52","Bryte",NA
"2212","3622","EF1219B0774",2019-12-16,"Dissolved Ammonia","0.161","0.05","mg/L as N",NA,"N","N","Liberty Island","38.2476",-121.68488,"10:52","Bryte",NA
"2213","3622","EF1219B0774",2019-12-16,"Dissolved Nitrate + Nitrite","0.65","0.05","mg/L as N",NA,"N","N","Liberty Island","38.2476",-121.68488,"10:52","Bryte",NA
"2214","3622","EF1219B0774",2019-12-16,"Dissolved Organic Carbon","4.4","0.5","mg/L as C",NA,"N","N","Liberty Island","38.2476",-121.68488,"10:52","Bryte",NA
"2215","3622","EF1219B0774",2019-12-16,"Dissolved Organic Nitrogen","0.3","0.1","mg/L as N",NA,"N","N","Liberty Island","38.2476",-121.68488,"10:52","Bryte",NA
"2216","3622","EF1219B0774",2019-12-16,"Dissolved ortho-Phosphate","0.083","0.05","mg/L as P",NA,"N","N","Liberty Island","38.2476",-121.68488,"10:52","Bryte",NA
"2217","3622","EF1219B0774",2019-12-16,"Pheophytin a","0.7","0.5","ug/L",NA,"N","N","Liberty Island","38.2476",-121.68488,"10:52","Bryte",NA
"2218","3622","EF1219B0774",2019-12-16,"Total Kjeldahl Nitrogen","0.6","0.1","mg/L as N",NA,"N","N","Liberty Island","38.2476",-121.68488,"10:52","Bryte",NA
"2219","3622","EF1219B0774",2019-12-16,"Total Organic Carbon","4.2","0.5","mg/L as C",NA,"N","N","Liberty Island","38.2476",-121.68488,"10:52","Bryte",NA
"2220","3622","EF1219B0774",2019-12-16,"Total Phosphorus","0.11","0.01","mg/L as P",NA,"N","N","Liberty Island","38.2476",-121.68488,"10:52","Bryte",NA
"2221","3623","EF1219B0772",2019-12-16,"Chlorophyll a","3.99","0.5","ug/L",NA,"N","N","Yolo Flyway Farms","38.36068",-121.64017,"13:03","Bryte",NA
"2222","3623","EF1219B0772",2019-12-16,"Dissolved Ammonia","0.06","0.05","mg/L as N",NA,"N","N","Yolo Flyway Farms","38.36068",-121.64017,"13:03","Bryte",NA
"2223","3623","EF1219B0772",2019-12-16,"Dissolved Nitrate + Nitrite","0.34","0.05","mg/L as N",NA,"N","N","Yolo Flyway Farms","38.36068",-121.64017,"13:03","Bryte",NA
"2224","3623","EF1219B0772",2019-12-16,"Dissolved Organic Carbon","6.7","0.5","mg/L as C",NA,"N","N","Yolo Flyway Farms","38.36068",-121.64017,"13:03","Bryte",NA
"2225","3623","EF1219B0772",2019-12-16,"Dissolved Organic Nitrogen","0.5","0.1","mg/L as N",NA,"N","N","Yolo Flyway Farms","38.36068",-121.64017,"13:03","Bryte",NA
"2226","3623","EF1219B0772",2019-12-16,"Dissolved ortho-Phosphate","0.139","0.05","mg/L as P",NA,"N","N","Yolo Flyway Farms","38.36068",-121.64017,"13:03","Bryte",NA
"2227","3623","EF1219B0772",2019-12-16,"Pheophytin a","0.71","0.5","ug/L",NA,"N","N","Yolo Flyway Farms","38.36068",-121.64017,"13:03","Bryte",NA
"2228","3623","EF1219B0772",2019-12-16,"Total Kjeldahl Nitrogen","0.7","0.1","mg/L as N",NA,"N","N","Yolo Flyway Farms","38.36068",-121.64017,"13:03","Bryte",NA
"2229","3623","EF1219B0772",2019-12-16,"Total Organic Carbon","7","0.5","mg/L as C",NA,"N","N","Yolo Flyway Farms","38.36068",-121.64017,"13:03","Bryte",NA
"2230","3623","EF1219B0772",2019-12-16,"Total Phosphorus","0.185","0.01","mg/L as P",NA,"N","N","Yolo Flyway Farms","38.36068",-121.64017,"13:03","Bryte",NA
"2231","3624","EF1219B0773",2019-12-16,"Chlorophyll a","3.36","0.5","ug/L",NA,"N","N","Prospect Island","38.24499",-121.66349,"14:09","Bryte",NA
"2232","3624","EF1219B0773",2019-12-16,"Dissolved Ammonia","<0.05","0.05","mg/L as N",NA,"N","N","Prospect Island","38.24499",-121.66349,"14:09","Bryte",NA
"2233","3624","EF1219B0773",2019-12-16,"Dissolved Nitrate + Nitrite","0.126","0.05","mg/L as N",NA,"N","N","Prospect Island","38.24499",-121.66349,"14:09","Bryte",NA
"2234","3624","EF1219B0773",2019-12-16,"Dissolved Organic Carbon","3.9","0.5","mg/L as C",NA,"N","N","Prospect Island","38.24499",-121.66349,"14:09","Bryte",NA
"2235","3624","EF1219B0773",2019-12-16,"Dissolved Organic Nitrogen","0.3","0.1","mg/L as N",NA,"N","N","Prospect Island","38.24499",-121.66349,"14:09","Bryte",NA
"2236","3624","EF1219B0773",2019-12-16,"Dissolved ortho-Phosphate","<0.05","0.05","mg/L as P",NA,"N","N","Prospect Island","38.24499",-121.66349,"14:09","Bryte",NA
"2237","3624","EF1219B0773",2019-12-16,"Pheophytin a","0.86","0.5","ug/L",NA,"N","N","Prospect Island","38.24499",-121.66349,"14:09","Bryte",NA
"2238","3624","EF1219B0773",2019-12-16,"Total Kjeldahl Nitrogen","0.5","0.1","mg/L as N",NA,"N","N","Prospect Island","38.24499",-121.66349,"14:09","Bryte",NA
"2239","3624","EF1219B0773",2019-12-16,"Total Organic Carbon","4.3","0.5","mg/L as C",NA,"N","N","Prospect Island","38.24499",-121.66349,"14:09","Bryte",NA
"2240","3624","EF1219B0773",2019-12-16,"Total Phosphorus","0.062","0.01","mg/L as P",NA,"N","N","Prospect Island","38.24499",-121.66349,"14:09","Bryte",NA
"2241","3265","EF1219B0778",2019-12-17,"Chlorophyll a","1.64","0.5","ug/L",NA,"N","N","Webb Tract Islands and Berms","38.09458",-121.59053,"10:33","Bryte",NA
"2242","3265","EF1219B0778",2019-12-17,"Dissolved Ammonia","0.1","0.05","mg/L as N",NA,"N","N","Webb Tract Islands and Berms","38.09458",-121.59053,"10:33","Bryte",NA
"2243","3265","EF1219B0778",2019-12-17,"Dissolved Nitrate + Nitrite","0.56","0.05","mg/L as N",NA,"N","N","Webb Tract Islands and Berms","38.09458",-121.59053,"10:33","Bryte",NA
"2244","3265","EF1219B0778",2019-12-17,"Dissolved Nitrate + Nitrite","0.66","0.05","mg/L as N",NA,"N","N","Webb Tract Islands and Berms","38.09458",-121.59053,"10:33","Bryte",NA
"2245","3265","EF1219B0778",2019-12-17,"Dissolved Organic Carbon","4.7","0.5","mg/L as C",NA,"N","N","Webb Tract Islands and Berms","38.09458",-121.59053,"10:33","Bryte",NA
"2246","3265","EF1219B0778",2019-12-17,"Dissolved Organic Nitrogen","0.4","0.1","mg/L as N",NA,"N","N","Webb Tract Islands and Berms","38.09458",-121.59053,"10:33","Bryte",NA
"2247","3265","EF1219B0778",2019-12-17,"Dissolved ortho-Phosphate","0.067","0.05","mg/L as P",NA,"N","N","Webb Tract Islands and Berms","38.09458",-121.59053,"10:33","Bryte",NA
"2248","3265","EF1219B0778",2019-12-17,"Dissolved ortho-Phosphate","0.068","0.05","mg/L as P",NA,"N","N","Webb Tract Islands and Berms","38.09458",-121.59053,"10:33","Bryte",NA
"2249","3265","EF1219B0778",2019-12-17,"Pheophytin a","2.99","0.5","ug/L",NA,"N","N","Webb Tract Islands and Berms","38.09458",-121.59053,"10:33","Bryte",NA
"2250","3265","EF1219B0778",2019-12-17,"Total Kjeldahl Nitrogen","0.5","0.1","mg/L as N",NA,"N","N","Webb Tract Islands and Berms","38.09458",-121.59053,"10:33","Bryte",NA
"2251","3265","EF1219B0778",2019-12-17,"Total Organic Carbon","4.7","0.5","mg/L as C",NA,"N","N","Webb Tract Islands and Berms","38.09458",-121.59053,"10:33","Bryte",NA
"2252","3265","EF1219B0778",2019-12-17,"Total Phosphorus","0.078","0.01","mg/L as P",NA,"N","N","Webb Tract Islands and Berms","38.09458",-121.59053,"10:33","Bryte",NA
"2253","3266","EF1219B0782",2019-12-17,"Chlorophyll a","0.91","0.5","ug/L",NA,"N","N","Decker Island","38.08437",-121.72393,"12:16","Bryte",NA
"2254","3266","EF1219B0782",2019-12-17,"Dissolved Ammonia","0.08","0.05","mg/L as N",NA,"N","N","Decker Island","38.08437",-121.72393,"12:16","Bryte",NA
"2255","3266","EF1219B0782",2019-12-17,"Dissolved Nitrate + Nitrite","0.66","0.05","mg/L as N",NA,"N","N","Decker Island","38.08437",-121.72393,"12:16","Bryte",NA
"2256","3266","EF1219B0782",2019-12-17,"Dissolved Organic Carbon","5.5","0.5","mg/L as C",NA,"N","N","Decker Island","38.08437",-121.72393,"12:16","Bryte",NA
"2257","3266","EF1219B0782",2019-12-17,"Dissolved Organic Nitrogen","0.3","0.1","mg/L as N",NA,"N","N","Decker Island","38.08437",-121.72393,"12:16","Bryte",NA
"2258","3266","EF1219B0782",2019-12-17,"Dissolved ortho-Phosphate","0.05","0.05","mg/L as P",NA,"N","N","Decker Island","38.08437",-121.72393,"12:16","Bryte",NA
"2259","3266","EF1219B0782",2019-12-17,"Pheophytin a","1.22","0.5","ug/L",NA,"N","N","Decker Island","38.08437",-121.72393,"12:16","Bryte",NA
"2260","3266","EF1219B0782",2019-12-17,"Total Kjeldahl Nitrogen","0.5","0.1","mg/L as N",NA,"N","N","Decker Island","38.08437",-121.72393,"12:16","Bryte",NA
"2261","3266","EF1219B0782",2019-12-17,"Total Organic Carbon","4.8","0.5","mg/L as C",NA,"N","N","Decker Island","38.08437",-121.72393,"12:16","Bryte",NA
"2262","3266","EF1219B0782",2019-12-17,"Total Phosphorus","0.07","0.01","mg/L as P",NA,"N","N","Decker Island","38.08437",-121.72393,"12:16","Bryte",NA
"2263","3267","EF1219B0777",2019-12-18,"Chlorophyll a","3.48","0.5","ug/L",NA,"N","N","Grizzly Bay","38.13288",-121.99805,"09:21","Bryte",NA
"2264","3267","EF1219B0777",2019-12-18,"Dissolved Ammonia","0.17","0.05","mg/L as N",NA,"N","N","Grizzly Bay","38.13288",-121.99805,"09:21","Bryte",NA
"2265","3267","EF1219B0777",2019-12-18,"Dissolved Nitrate + Nitrite","0.46","0.05","mg/L as N",NA,"N","Y","Grizzly Bay","38.13288",-121.99805,"09:21","Bryte",NA
"2266","3267","EF1219B0777",2019-12-18,"Dissolved Organic Carbon","2.4","0.5","mg/L as C",NA,"N","N","Grizzly Bay","38.13288",-121.99805,"09:21","Bryte",NA
"2267","3267","EF1219B0777",2019-12-18,"Dissolved Organic Nitrogen","0.2","0.1","mg/L as N",NA,"N","N","Grizzly Bay","38.13288",-121.99805,"09:21","Bryte",NA
"2268","3267","EF1219B0777",2019-12-18,"Dissolved ortho-Phosphate","0.067","0.05","mg/L as P",NA,"N","N","Grizzly Bay","38.13288",-121.99805,"09:21","Bryte",NA
"2269","3267","EF1219B0777",2019-12-18,"Pheophytin a","0.57","0.5","ug/L",NA,"N","N","Grizzly Bay","38.13288",-121.99805,"09:21","Bryte",NA
"2270","3267","EF1219B0777",2019-12-18,"Total Kjeldahl Nitrogen","0.7","0.1","mg/L as N",NA,"N","Y","Grizzly Bay","38.13288",-121.99805,"09:21","Bryte",NA
"2271","3267","EF1219B0777",2019-12-18,"Total Organic Carbon","2.9","0.5","mg/L as C",NA,"N","N","Grizzly Bay","38.13288",-121.99805,"09:21","Bryte",NA
"2272","3267","EF1219B0777",2019-12-18,"Total Phosphorus","0.08","0.01","mg/L as P",NA,"N","N","Grizzly Bay","38.13288",-121.99805,"09:21","Bryte",NA
"2273","3267","EF1219B0777",2019-12-18,"Total Phosphorus","0.07","0.01","mg/L as P",NA,"N","N","Grizzly Bay","38.13288",-121.99805,"09:21","Bryte",NA
"2274","3699","EF1219B0776",2019-12-18,"Chlorophyll a","4.39","0.5","ug/L",NA,"N","N","Wings Landing",NA,NA,NA,"Bryte","no GPS available; WING inside pond"
"2275","3699","EF1219B0776",2019-12-18,"Dissolved Ammonia","0.318","0.05","mg/L as N",NA,"N","N","Wings Landing",NA,NA,NA,"Bryte","no GPS available; WING inside pond"
"2276","3699","EF1219B0776",2019-12-18,"Dissolved Nitrate + Nitrite","1.13","0.05","mg/L as N",NA,"N","N","Wings Landing",NA,NA,NA,"Bryte","no GPS available; WING inside pond"
"2277","3699","EF1219B0776",2019-12-18,"Dissolved Organic Carbon","13.2","0.5","mg/L as C",NA,"N","N","Wings Landing",NA,NA,NA,"Bryte","no GPS available; WING inside pond"
"2278","3699","EF1219B0776",2019-12-18,"Dissolved Organic Nitrogen","1.1","0.1","mg/L as N",NA,"N","N","Wings Landing",NA,NA,NA,"Bryte","no GPS available; WING inside pond"
"2279","3699","EF1219B0776",2019-12-18,"Dissolved ortho-Phosphate","0.565","0.05","mg/L as P",NA,"N","N","Wings Landing",NA,NA,NA,"Bryte","no GPS available; WING inside pond"
"2280","3699","EF1219B0776",2019-12-18,"Pheophytin a","3.04","0.5","ug/L",NA,"N","N","Wings Landing",NA,NA,NA,"Bryte","no GPS available; WING inside pond"
"2281","3699","EF1219B0776",2019-12-18,"Total Kjeldahl Nitrogen","1.71","0.1","mg/L as N",NA,"N","N","Wings Landing",NA,NA,NA,"Bryte","no GPS available; WING inside pond"
"2282","3699","EF1219B0776",2019-12-18,"Total Organic Carbon","13.5","0.5","mg/L as C",NA,"N","N","Wings Landing",NA,NA,NA,"Bryte","no GPS available; WING inside pond"
"2283","3699","EF1219B0776",2019-12-18,"Total Phosphorus","0.74","0.05","mg/L as P",NA,"N","N","Wings Landing",NA,NA,NA,"Bryte","no GPS available; WING inside pond"
"2284","3384","EF1219B0789",2019-12-30,"Chlorophyll a","0.55","0.5","ug/L",NA,"N","N","Browns Island","38.04784",-121.84853,"09:43","Bryte",NA
"2285","3384","EF1219B0789",2019-12-30,"Dissolved Ammonia","0.1","0.05","mg/L as N",NA,"N","N","Browns Island","38.04784",-121.84853,"09:43","Bryte",NA
"2286","3384","EF1219B0789",2019-12-30,"Dissolved Nitrate + Nitrite","0.46","0.05","mg/L as N",NA,"N","N","Browns Island","38.04784",-121.84853,"09:43","Bryte",NA
"2287","3384","EF1219B0789",2019-12-30,"Dissolved Organic Carbon","3.8","0.5","mg/L as C",NA,"Y","N","Browns Island","38.04784",-121.84853,"09:43","Bryte",NA
"2288","3384","EF1219B0789",2019-12-30,"Dissolved Organic Nitrogen","0.3","0.1","mg/L as N",NA,"N","N","Browns Island","38.04784",-121.84853,"09:43","Bryte",NA
"2289","3384","EF1219B0789",2019-12-30,"Dissolved ortho-Phosphate","0.069","0.05","mg/L as P",NA,"N","N","Browns Island","38.04784",-121.84853,"09:43","Bryte",NA
"2290","3384","EF1219B0789",2019-12-30,"Pheophytin a","<0.5","0.5","ug/L",NA,"N","N","Browns Island","38.04784",-121.84853,"09:43","Bryte",NA
"2291","3384","EF1219B0789",2019-12-30,"Total Kjeldahl Nitrogen","0.5","0.1","mg/L as N",NA,"N","N","Browns Island","38.04784",-121.84853,"09:43","Bryte",NA
"2292","3384","EF1219B0789",2019-12-30,"Total Organic Carbon","3.7","0.5","mg/L as C",NA,"N","N","Browns Island","38.04784",-121.84853,"09:43","Bryte",NA
"2293","3384","EF1219B0789",2019-12-30,"Total Phosphorus","0.08","0.01","mg/L as P",NA,"N","N","Browns Island","38.04784",-121.84853,"09:43","Bryte",NA
"2294","3383","EF1219B0788",2019-12-30,"Chlorophyll a","0.78","0.5","ug/L",NA,"N","N","Winter Island","38.22572",-122.04234,"08:42","Bryte",NA
"2295","3383","EF1219B0788",2019-12-30,"Dissolved Ammonia","0.129","0.05","mg/L as N",NA,"N","N","Winter Island","38.22572",-122.04234,"08:42","Bryte",NA
"2296","3383","EF1219B0788",2019-12-30,"Dissolved Nitrate + Nitrite","0.56","0.05","mg/L as N",NA,"N","N","Winter Island","38.22572",-122.04234,"08:42","Bryte",NA
"2297","3383","EF1219B0788",2019-12-30,"Dissolved Organic Carbon","3.3","0.5","mg/L as C",NA,"Y","N","Winter Island","38.22572",-122.04234,"08:42","Bryte",NA
"2298","3383","EF1219B0788",2019-12-30,"Dissolved Organic Nitrogen","0.31","0.1","mg/L as N",NA,"N","N","Winter Island","38.22572",-122.04234,"08:42","Bryte",NA
"2299","3383","EF1219B0788",2019-12-30,"Dissolved ortho-Phosphate","0.074","0.05","mg/L as P",NA,"N","N","Winter Island","38.22572",-122.04234,"08:42","Bryte",NA
"2300","3383","EF1219B0788",2019-12-30,"Pheophytin a","<0.5","0.5","ug/L",NA,"N","N","Winter Island","38.22572",-122.04234,"08:42","Bryte",NA
"2301","3383","EF1219B0788",2019-12-30,"Total Kjeldahl Nitrogen","0.6","0.1","mg/L as N",NA,"N","N","Winter Island","38.22572",-122.04234,"08:42","Bryte",NA
"2302","3383","EF1219B0788",2019-12-30,"Total Organic Carbon","3.3","0.5","mg/L as C",NA,"N","N","Winter Island","38.22572",-122.04234,"08:42","Bryte",NA
"2303","3383","EF1219B0788",2019-12-30,"Total Phosphorus","0.08","0.01","mg/L as P",NA,"N","N","Winter Island","38.22572",-122.04234,"08:42","Bryte",NA
"2304","3385","EF0120B0002",2020-01-02,"Chlorophyll a","0.61","0.5","ug/L",NA,"N","N","Decker Island","38.0844",-121.72396,"12:08","Bryte",NA
"2305","3385","EF0120B0002",2020-01-02,"Dissolved Ammonia","0.08","0.05","mg/L as N",NA,"N","N","Decker Island","38.0844",-121.72396,"12:08","Bryte",NA
"2306","3385","EF0120B0002",2020-01-02,"Dissolved Nitrate + Nitrite","0.43","0.05","mg/L as N",NA,"N","N","Decker Island","38.0844",-121.72396,"12:08","Bryte",NA
"2307","3385","EF0120B0002",2020-01-02,"Dissolved Organic Carbon","3.4","0.5","mg/L as C",NA,"N","N","Decker Island","38.0844",-121.72396,"12:08","Bryte",NA
"2308","3385","EF0120B0002",2020-01-02,"Dissolved Organic Nitrogen","0.3","0.1","mg/L as N",NA,"N","N","Decker Island","38.0844",-121.72396,"12:08","Bryte",NA
"2309","3385","EF0120B0002",2020-01-02,"Dissolved ortho-Phosphate","0.057","0.05","mg/L as P",NA,"N","N","Decker Island","38.0844",-121.72396,"12:08","Bryte",NA
"2310","3385","EF0120B0002",2020-01-02,"Pheophytin a","0.51","0.5","ug/L",NA,"N","N","Decker Island","38.0844",-121.72396,"12:08","Bryte",NA
"2311","3385","EF0120B0002",2020-01-02,"Total Kjeldahl Nitrogen","0.4","0.1","mg/L as N",NA,"N","N","Decker Island","38.0844",-121.72396,"12:08","Bryte",NA
"2312","3385","EF0120B0002",2020-01-02,"Total Organic Carbon","3.1","0.5","mg/L as C",NA,"N","N","Decker Island","38.0844",-121.72396,"12:08","Bryte",NA
"2313","3385","EF0120B0002",2020-01-02,"Total Phosphorus","0.062","0.01","mg/L as P",NA,"N","N","Decker Island","38.0844",-121.72396,"12:08","Bryte",NA
"2314","4281","EF0320B0135",2020-03-16,"Chlorophyll a","0.56","0.5","ug/L",NA,"N","N","Decker Island","38.08442",-121.7239,"13:47","Bryte",NA
"2315","4281","EF0320B0135",2020-03-16,"Dissolved Ammonia","<0.05","0.05","mg/L as N",NA,"N","N","Decker Island","38.08442",-121.7239,"13:47","Bryte",NA
"2316","4281","EF0320B0135",2020-03-16,"Dissolved Nitrate + Nitrite","0.35","0.05","mg/L as N",NA,"N","N","Decker Island","38.08442",-121.7239,"13:47","Bryte",NA
"2317","4281","EF0320B0135",2020-03-16,"Dissolved Organic Carbon","3.2","0.5","mg/L as C",NA,"N","N","Decker Island","38.08442",-121.7239,"13:47","Bryte",NA
"2318","4281","EF0320B0135",2020-03-16,"Dissolved Organic Carbon","3.2","0.5","mg/L as C",NA,"N","N","Decker Island","38.08442",-121.7239,"13:47","Bryte","Duplicate"
"2319","4281","EF0320B0135",2020-03-16,"Dissolved Organic Nitrogen","0.3","0.1","mg/L as N",NA,"N","N","Decker Island","38.08442",-121.7239,"13:47","Bryte",NA
"2320","4281","EF0320B0135",2020-03-16,"Dissolved ortho-Phosphate","0.07","0.05","mg/L as P",NA,"N","N","Decker Island","38.08442",-121.7239,"13:47","Bryte",NA
"2321","4281","EF0320B0135",2020-03-16,"Pheophytin a","<0.5","0.5","ug/L",NA,"N","N","Decker Island","38.08442",-121.7239,"13:47","Bryte",NA
"2322","4281","EF0320B0135",2020-03-16,"Total Kjeldahl Nitrogen","0.3","0.1","mg/L as N",NA,"N","N","Decker Island","38.08442",-121.7239,"13:47","Bryte",NA
"2323","4281","EF0320B0135",2020-03-16,"Total Organic Carbon","3.4","0.5","mg/L as C",NA,"N","N","Decker Island","38.08442",-121.7239,"13:47","Bryte","Duplicate"
"2324","4281","EF0320B0135",2020-03-16,"Total Organic Carbon","3.4","0.5","mg/L as C",NA,"N","N","Decker Island","38.08442",-121.7239,"13:47","Bryte",NA
"2325","4281","EF0320B0135",2020-03-16,"Total Phosphorus","0.07","0.01","mg/L as P",NA,"N","N","Decker Island","38.08442",-121.7239,"13:47","Bryte",NA
"2326","4223","EF0320B0137",2020-03-17,"Chlorophyll a","2.12","0.5","ug/L",NA,"N","N","Horseshoe Bend",NA,NA,"17:11","Bryte","no GPS available"
"2327","4223","EF0320B0137",2020-03-17,"Dissolved Ammonia","0.08","0.05","mg/L as N",NA,"N","N","Horseshoe Bend",NA,NA,"17:11","Bryte","no GPS available"
"2328","4223","EF0320B0137",2020-03-17,"Dissolved Nitrate + Nitrite","0.373","0.05","mg/L as N",NA,"N","N","Horseshoe Bend",NA,NA,"17:11","Bryte","no GPS available"
"2329","4223","EF0320B0137",2020-03-17,"Dissolved Organic Nitrogen","0.13","0.1","mg/L as N",NA,"N","N","Horseshoe Bend",NA,NA,"17:11","Bryte","no GPS available"
"2330","4223","EF0320B0137",2020-03-17,"Dissolved ortho-Phosphate","0.066","0.05","mg/L as P",NA,"N","N","Horseshoe Bend",NA,NA,"17:11","Bryte","no GPS available"
"2331","4223","EF0320B0137",2020-03-17,"Pheophytin a","1.07","0.5","ug/L",NA,"N","N","Horseshoe Bend",NA,NA,"17:11","Bryte","no GPS available"
"2332","4223","EF0320B0137",2020-03-17,"Total Kjeldahl Nitrogen","0.3","0.1","mg/L as N",NA,"N","N","Horseshoe Bend",NA,NA,"17:11","Bryte","no GPS available"
"2333","4223","EF0320B0137",2020-03-17,"Total Phosphorus","0.07","0.01","mg/L as P",NA,"N","N","Horseshoe Bend",NA,NA,"17:11","Bryte","no GPS available"
"2334","4203","EF0320B0136",2020-03-17,"Chlorophyll a","0.89","0.5","ug/L",NA,"N","Y","Webb Tract Islands and Berms","38.09605",-121.58981,"15:30","Bryte",NA
"2335","4203","EF0320B0136",2020-03-17,"Dissolved Ammonia","0.05","0.05","mg/L as N",NA,"N","N","Webb Tract Islands and Berms","38.09605",-121.58981,"15:30","Bryte",NA
"2336","4203","EF0320B0136",2020-03-17,"Dissolved Nitrate + Nitrite","0.48","0.05","mg/L as N",NA,"N","N","Webb Tract Islands and Berms","38.09605",-121.58981,"15:30","Bryte",NA
"2337","4203","EF0320B0136",2020-03-17,"Dissolved Organic Carbon","4","0.5","mg/L as C",NA,"N","N","Webb Tract Islands and Berms","38.09605",-121.58981,"15:30","Bryte",NA
"2338","4203","EF0320B0136",2020-03-17,"Dissolved Organic Nitrogen","0.38","0.1","mg/L as N",NA,"N","Y","Webb Tract Islands and Berms","38.09605",-121.58981,"15:30","Bryte",NA
"2339","4203","EF0320B0136",2020-03-17,"Dissolved ortho-Phosphate","0.056","0.05","mg/L as P",NA,"N","N","Webb Tract Islands and Berms","38.09605",-121.58981,"15:30","Bryte",NA
"2340","4203","EF0320B0136",2020-03-17,"Pheophytin a","<0.5","0.5","ug/L",NA,"N","N","Webb Tract Islands and Berms","38.09605",-121.58981,"15:30","Bryte",NA
"2341","4203","EF0320B0136",2020-03-17,"Total Kjeldahl Nitrogen","0.4","0.1","mg/L as N",NA,"N","N","Webb Tract Islands and Berms","38.09605",-121.58981,"15:30","Bryte",NA
"2342","4203","EF0320B0136",2020-03-17,"Total Organic Carbon","4","0.5","mg/L as C",NA,"N","N","Webb Tract Islands and Berms","38.09605",-121.58981,"15:30","Bryte",NA
"2343","4203","EF0320B0136",2020-03-17,"Total Phosphorus","0.06","0.01","mg/L as P",NA,"N","N","Webb Tract Islands and Berms","38.09605",-121.58981,"15:30","Bryte",NA
"2344","3641","EF0620B0218",2020-06-09,"Chlorophyll a","1.1","0.5","ug/L",NA,"N","N","Yolo Flyway Farms","38.36124",-121.64304,"09:53","Bryte","physical field sheets for this date are missing"
"2345","3641","EF0620B0218",2020-06-09,"Dissolved Ammonia","<0.05","0.05","mg/L as N",NA,"N","N","Yolo Flyway Farms","38.36124",-121.64304,"09:53","Bryte","physical field sheets for this date are missing"
"2346","3641","EF0620B0218",2020-06-09,"Dissolved Nitrate + Nitrite","0.08","0.05","mg/L as N",NA,"N","N","Yolo Flyway Farms","38.36124",-121.64304,"09:53","Bryte","physical field sheets for this date are missing"
"2347","3641","EF0620B0218",2020-06-09,"Dissolved Organic Carbon","4.5","0.5","mg/L as C",NA,"N","N","Yolo Flyway Farms","38.36124",-121.64304,"09:53","Bryte","physical field sheets for this date are missing"
"2348","3641","EF0620B0218",2020-06-09,"Dissolved Organic Carbon","4.5","0.5","mg/L as C",NA,"N","N","Yolo Flyway Farms","38.36124",-121.64304,"09:53","Bryte","Duplicate physical field sheets for this date are missing"
"2349","3641","EF0620B0218",2020-06-09,"Dissolved Organic Nitrogen","0.5","0.1","mg/L as N",NA,"N","N","Yolo Flyway Farms","38.36124",-121.64304,"09:53","Bryte","physical field sheets for this date are missing"
"2350","3641","EF0620B0218",2020-06-09,"Dissolved ortho-Phosphate","0.246","0.05","mg/L as P",NA,"N","N","Yolo Flyway Farms","38.36124",-121.64304,"09:53","Bryte","physical field sheets for this date are missing"
"2351","3641","EF0620B0218",2020-06-09,"Pheophytin a","0.81","0.5","ug/L",NA,"N","N","Yolo Flyway Farms","38.36124",-121.64304,"09:53","Bryte","physical field sheets for this date are missing"
"2352","3641","EF0620B0218",2020-06-09,"Total Kjeldahl Nitrogen","0.5","0.1","mg/L as N",NA,"N","N","Yolo Flyway Farms","38.36124",-121.64304,"09:53","Bryte","physical field sheets for this date are missing"
"2353","3641","EF0620B0218",2020-06-09,"Total Organic Carbon","4.1","0.5","mg/L as C",NA,"N","N","Yolo Flyway Farms","38.36124",-121.64304,"09:53","Bryte","physical field sheets for this date are missing"
"2354","3641","EF0620B0218",2020-06-09,"Total Organic Carbon","4","0.5","mg/L as C",NA,"N","N","Yolo Flyway Farms","38.36124",-121.64304,"09:53","Bryte","Duplicate physical field sheets for this date are missing"
"2355","3641","EF0620B0218",2020-06-09,"Total Phosphorus","0.27","0.01","mg/L as P",NA,"N","N","Yolo Flyway Farms","38.36124",-121.64304,"09:53","Bryte","physical field sheets for this date are missing"
"2356","3653","EF0620B0225",2020-06-09,"Chlorophyll a","0.99","0.5","ug/L",NA,"N","N","Decker Island","38.08443",-121.72392,"11:37","Bryte",NA
"2357","3653","EF0620B0225",2020-06-09,"Dissolved Ammonia","<0.05","0.05","mg/L as N",NA,"N","N","Decker Island","38.08443",-121.72392,"11:37","Bryte",NA
"2358","3653","EF0620B0225",2020-06-09,"Dissolved Nitrate + Nitrite","0.186","0.05","mg/L as N",NA,"N","N","Decker Island","38.08443",-121.72392,"11:37","Bryte",NA
"2359","3653","EF0620B0225",2020-06-09,"Dissolved Organic Carbon","3.8","0.5","mg/L as C",NA,"N","N","Decker Island","38.08443",-121.72392,"11:37","Bryte",NA
"2360","3653","EF0620B0225",2020-06-09,"Dissolved Organic Nitrogen","0.2","0.1","mg/L as N",NA,"N","N","Decker Island","38.08443",-121.72392,"11:37","Bryte",NA
"2361","3653","EF0620B0225",2020-06-09,"Dissolved ortho-Phosphate","0.076","0.05","mg/L as P",NA,"N","N","Decker Island","38.08443",-121.72392,"11:37","Bryte",NA
"2362","3653","EF0620B0225",2020-06-09,"Pheophytin a","1.19","0.5","ug/L",NA,"N","N","Decker Island","38.08443",-121.72392,"11:37","Bryte",NA
"2363","3653","EF0620B0225",2020-06-09,"Total Kjeldahl Nitrogen","0.4","0.1","mg/L as N",NA,"N","N","Decker Island","38.08443",-121.72392,"11:37","Bryte",NA
"2364","3653","EF0620B0225",2020-06-09,"Total Organic Carbon","3.3","0.5","mg/L as C",NA,"N","N","Decker Island","38.08443",-121.72392,"11:37","Bryte",NA
"2365","3653","EF0620B0225",2020-06-09,"Total Phosphorus","0.129","0.01","mg/L as P",NA,"N","N","Decker Island","38.08443",-121.72392,"11:37","Bryte",NA
"2366","3651","EF0620B0219",2020-06-09,"Chlorophyll a","0.71","0.5","ug/L",NA,"N","N","Toe Drain","38.36095",-121.63968,"13:16","Bryte","physical field sheets for this date are missing"
"2367","3651","EF0620B0219",2020-06-09,"Dissolved Ammonia","<0.05","0.05","mg/L as N",NA,"N","N","Toe Drain","38.36095",-121.63968,"13:16","Bryte","physical field sheets for this date are missing"
"2368","3651","EF0620B0219",2020-06-09,"Dissolved Nitrate + Nitrite","0.055","0.05","mg/L as N",NA,"N","N","Toe Drain","38.36095",-121.63968,"13:16","Bryte","physical field sheets for this date are missing"
"2369","3651","EF0620B0219",2020-06-09,"Dissolved Organic Nitrogen","0.3","0.1","mg/L as N",NA,"N","N","Toe Drain","38.36095",-121.63968,"13:16","Bryte","physical field sheets for this date are missing"
"2370","3651","EF0620B0219",2020-06-09,"Dissolved ortho-Phosphate","0.235","0.05","mg/L as P",NA,"N","N","Toe Drain","38.36095",-121.63968,"13:16","Bryte","physical field sheets for this date are missing"
"2371","3651","EF0620B0219",2020-06-09,"Pheophytin a","0.54","0.5","ug/L",NA,"N","N","Toe Drain","38.36095",-121.63968,"13:16","Bryte","physical field sheets for this date are missing"
"2372","3651","EF0620B0219",2020-06-09,"Total Kjeldahl Nitrogen","0.505","0.1","mg/L as N",NA,"N","N","Toe Drain","38.36095",-121.63968,"13:16","Bryte","physical field sheets for this date are missing"
"2373","3651","EF0620B0219",2020-06-09,"Total Phosphorus","0.26","0.01","mg/L as P",NA,"N","N","Toe Drain","38.36095",-121.63968,"13:16","Bryte","physical field sheets for this date are missing"
"2374","3667","EF0620B0226",2020-06-10,"Chlorophyll a","1.03","0.5","ug/L",NA,"N","N","Liberty Island",NA,NA,NA,"Bryte","no GPS available"
"2375","3667","EF0620B0226",2020-06-10,"Dissolved Ammonia","<0.05","0.05","mg/L as N",NA,"N","N","Liberty Island",NA,NA,NA,"Bryte","no GPS available"
"2376","3667","EF0620B0226",2020-06-10,"Dissolved Nitrate + Nitrite","0.114","0.05","mg/L as N",NA,"N","N","Liberty Island",NA,NA,NA,"Bryte","no GPS available"
"2377","3667","EF0620B0226",2020-06-10,"Dissolved Organic Carbon","3","0.5","mg/L as C",NA,"N","N","Liberty Island",NA,NA,NA,"Bryte","no GPS available"
"2378","3667","EF0620B0226",2020-06-10,"Dissolved Organic Nitrogen","0.3","0.1","mg/L as N",NA,"N","N","Liberty Island",NA,NA,NA,"Bryte","no GPS available"
"2379","3667","EF0620B0226",2020-06-10,"Dissolved ortho-Phosphate","0.106","0.05","mg/L as P",NA,"N","N","Liberty Island",NA,NA,NA,"Bryte","no GPS available"
"2380","3667","EF0620B0226",2020-06-10,"Pheophytin a","0.51","0.5","ug/L",NA,"N","N","Liberty Island",NA,NA,NA,"Bryte","no GPS available"
"2381","3667","EF0620B0226",2020-06-10,"Total Kjeldahl Nitrogen","0.4","0.1","mg/L as N",NA,"N","N","Liberty Island",NA,NA,NA,"Bryte","no GPS available"
"2382","3667","EF0620B0226",2020-06-10,"Total Organic Carbon","2.8","0.5","mg/L as C",NA,"N","N","Liberty Island",NA,NA,NA,"Bryte","no GPS available"
"2383","3667","EF0620B0226",2020-06-10,"Total Phosphorus","0.108","0.01","mg/L as P",NA,"N","N","Liberty Island",NA,NA,NA,"Bryte","no GPS available"
"2384","4161","EF0620B0229",2020-06-25,"Chlorophyll a","4.27","0.5","ug/L",NA,"N","N","Webb Tract Islands and Berms","38.09612",-121.58974,"08:14","Bryte",NA
"2385","4161","EF0620B0229",2020-06-25,"Dissolved Ammonia","<0.05","0.05","mg/L as N",NA,"N","N","Webb Tract Islands and Berms","38.09612",-121.58974,"08:14","Bryte",NA
"2386","4161","EF0620B0229",2020-06-25,"Dissolved Nitrate + Nitrite","0.26","0.05","mg/L as N",NA,"N","N","Webb Tract Islands and Berms","38.09612",-121.58974,"08:14","Bryte",NA
"2387","4161","EF0620B0229",2020-06-25,"Dissolved Organic Carbon","2.6","0.5","mg/L as C",NA,"N","N","Webb Tract Islands and Berms","38.09612",-121.58974,"08:14","Bryte",NA
"2388","4161","EF0620B0229",2020-06-25,"Dissolved Organic Nitrogen","0.25","0.1","mg/L as N",NA,"N","N","Webb Tract Islands and Berms","38.09612",-121.58974,"08:14","Bryte",NA
"2389","4161","EF0620B0229",2020-06-25,"Dissolved ortho-Phosphate","0.078","0.05","mg/L as P",NA,"N","N","Webb Tract Islands and Berms","38.09612",-121.58974,"08:14","Bryte",NA
"2390","4161","EF0620B0229",2020-06-25,"Pheophytin a","0.64","0.5","ug/L",NA,"N","N","Webb Tract Islands and Berms","38.09612",-121.58974,"08:14","Bryte",NA
"2391","4161","EF0620B0229",2020-06-25,"Total Kjeldahl Nitrogen","0.3","0.1","mg/L as N",NA,"N","N","Webb Tract Islands and Berms","38.09612",-121.58974,"08:14","Bryte",NA
"2392","4161","EF0620B0229",2020-06-25,"Total Organic Carbon","2.4","0.5","mg/L as C",NA,"N","N","Webb Tract Islands and Berms","38.09612",-121.58974,"08:14","Bryte",NA
"2393","4161","EF0620B0229",2020-06-25,"Total Phosphorus","0.1","0.01","mg/L as P",NA,"N","N","Webb Tract Islands and Berms","38.09612",-121.58974,"08:14","Bryte",NA
"2394","4263","EF0620B0228",2020-06-26,"Chlorophyll a","2.76","0.5","ug/L",NA,"N","N","Horseshoe Bend","38.08308",-121.72422,"10:03","Bryte",NA
"2395","4263","EF0620B0228",2020-06-26,"Dissolved Ammonia","<0.05","0.05","mg/L as N",NA,"N","N","Horseshoe Bend","38.08308",-121.72422,"10:03","Bryte",NA
"2396","4263","EF0620B0228",2020-06-26,"Dissolved Nitrate + Nitrite","0.07","0.05","mg/L as N",NA,"N","Y","Horseshoe Bend","38.08308",-121.72422,"10:03","Bryte",NA
"2397","4263","EF0620B0228",2020-06-26,"Dissolved Organic Carbon","2.3","0.5","mg/L as C",NA,"N","N","Horseshoe Bend","38.08308",-121.72422,"10:03","Bryte",NA
"2398","4263","EF0620B0228",2020-06-26,"Dissolved Organic Nitrogen","0.2","0.1","mg/L as N",NA,"N","N","Horseshoe Bend","38.08308",-121.72422,"10:03","Bryte",NA
"2399","4263","EF0620B0228",2020-06-26,"Dissolved ortho-Phosphate","0.073","0.05","mg/L as P",NA,"N","N","Horseshoe Bend","38.08308",-121.72422,"10:03","Bryte",NA
"2400","4263","EF0620B0228",2020-06-26,"Pheophytin a","0.97","0.5","ug/L",NA,"N","N","Horseshoe Bend","38.08308",-121.72422,"10:03","Bryte",NA
"2401","4263","EF0620B0228",2020-06-26,"Total Kjeldahl Nitrogen","0.3","0.1","mg/L as N",NA,"N","N","Horseshoe Bend","38.08308",-121.72422,"10:03","Bryte",NA
"2402","4263","EF0620B0228",2020-06-26,"Total Organic Carbon","2.3","0.5","mg/L as C",NA,"N","N","Horseshoe Bend","38.08308",-121.72422,"10:03","Bryte",NA
"2403","4263","EF0620B0228",2020-06-26,"Total Phosphorus","0.07","0.01","mg/L as P",NA,"N","N","Horseshoe Bend","38.08308",-121.72422,"10:03","Bryte",NA
"2404","4064","EF0820B0239",2020-08-10,"Chlorophyll a","0.63","0.5","ug/L",NA,"N","N","Browns Island","38.04061",-121.86217,"12:33","Bryte",NA
"2405","4064","EF0820B0239",2020-08-10,"Dissolved Ammonia","<0.05","0.05","mg/L as N",NA,"N","N","Browns Island","38.04061",-121.86217,"12:33","Bryte",NA
"2406","4064","EF0820B0239",2020-08-10,"Dissolved Nitrate + Nitrite","<0.05","0.05","mg/L as N",NA,"N","N","Browns Island","38.04061",-121.86217,"12:33","Bryte",NA
"2407","4064","EF0820B0239",2020-08-10,"Dissolved Organic Carbon","2.8","0.5","mg/L as C",NA,"N","N","Browns Island","38.04061",-121.86217,"12:33","Bryte",NA
"2408","4064","EF0820B0239",2020-08-10,"Dissolved Organic Nitrogen","0.31","0.1","mg/L as N",NA,"N","N","Browns Island","38.04061",-121.86217,"12:33","Bryte",NA
"2409","4064","EF0820B0239",2020-08-10,"Dissolved ortho-Phosphate","0.066","0.05","mg/L as P",NA,"N","N","Browns Island","38.04061",-121.86217,"12:33","Bryte",NA
"2410","4064","EF0820B0239",2020-08-10,"Pheophytin a","<0.5","0.5","ug/L",NA,"N","N","Browns Island","38.04061",-121.86217,"12:33","Bryte",NA
"2411","4064","EF0820B0239",2020-08-10,"Total Kjeldahl Nitrogen","0.4","0.1","mg/L as N",NA,"N","N","Browns Island","38.04061",-121.86217,"12:33","Bryte",NA
"2412","4064","EF0820B0239",2020-08-10,"Total Organic Carbon","2.9","0.5","mg/L as C",NA,"N","N","Browns Island","38.04061",-121.86217,"12:33","Bryte",NA
"2413","4064","EF0820B0239",2020-08-10,"Total Phosphorus","0.08","0.01","mg/L as P",NA,"N","N","Browns Island","38.04061",-121.86217,"12:33","Bryte",NA
"2414","4081","EF0820B0238",2020-08-11,"Chlorophyll a","1.23","0.5","ug/L",NA,"N","N","Winter Island","38.04782",-121.84858,"09:59","Bryte",NA
"2415","4081","EF0820B0238",2020-08-11,"Dissolved Ammonia","<0.05","0.05","mg/L as N",NA,"N","N","Winter Island","38.04782",-121.84858,"09:59","Bryte",NA
"2416","4081","EF0820B0238",2020-08-11,"Dissolved Nitrate + Nitrite","0.108","0.05","mg/L as N",NA,"N","N","Winter Island","38.04782",-121.84858,"09:59","Bryte",NA
"2417","4081","EF0820B0238",2020-08-11,"Dissolved Organic Carbon","2.2","0.5","mg/L as C",NA,"N","N","Winter Island","38.04782",-121.84858,"09:59","Bryte",NA
"2418","4081","EF0820B0238",2020-08-11,"Dissolved Organic Nitrogen","0.2","0.1","mg/L as N",NA,"N","N","Winter Island","38.04782",-121.84858,"09:59","Bryte",NA
"2419","4081","EF0820B0238",2020-08-11,"Dissolved ortho-Phosphate","0.052","0.05","mg/L as P",NA,"N","N","Winter Island","38.04782",-121.84858,"09:59","Bryte",NA
"2420","4081","EF0820B0238",2020-08-11,"Pheophytin a","0.86","0.5","ug/L",NA,"N","N","Winter Island","38.04782",-121.84858,"09:59","Bryte",NA
"2421","4081","EF0820B0238",2020-08-11,"Total Kjeldahl Nitrogen","0.315","0.1","mg/L as N",NA,"N","N","Winter Island","38.04782",-121.84858,"09:59","Bryte",NA
"2422","4081","EF0820B0238",2020-08-11,"Total Organic Carbon","1.9","0.5","mg/L as C",NA,"N","N","Winter Island","38.04782",-121.84858,"09:59","Bryte",NA
"2423","4081","EF0820B0238",2020-08-11,"Total Phosphorus","0.08","0.01","mg/L as P",NA,"N","N","Winter Island","38.04782",-121.84858,"09:59","Bryte",NA
"2424","4084","EF0820B0241",2020-08-12,"Chlorophyll a","5.13","0.5","ug/L",NA,"N","N","Tule Red","38.12392",-121.98111,"11:33","Bryte",NA
"2425","4084","EF0820B0241",2020-08-12,"Dissolved Ammonia","<0.05","0.05","mg/L as N",NA,"N","N","Tule Red","38.12392",-121.98111,"11:33","Bryte",NA
"2426","4084","EF0820B0241",2020-08-12,"Dissolved Nitrate + Nitrite","<0.05","0.05","mg/L as N",NA,"N","N","Tule Red","38.12392",-121.98111,"11:33","Bryte",NA
"2427","4084","EF0820B0241",2020-08-12,"Dissolved Organic Carbon","5","0.5","mg/L as C",NA,"N","N","Tule Red","38.12392",-121.98111,"11:33","Bryte",NA
"2428","4084","EF0820B0241",2020-08-12,"Dissolved Organic Nitrogen","0.3","0.1","mg/L as N",NA,"N","Y","Tule Red","38.12392",-121.98111,"11:33","Bryte",NA
"2429","4084","EF0820B0241",2020-08-12,"Dissolved ortho-Phosphate","<0.05","0.05","mg/L as P",NA,"N","N","Tule Red","38.12392",-121.98111,"11:33","Bryte",NA
"2430","4084","EF0820B0241",2020-08-12,"Pheophytin a","0.68","0.5","ug/L",NA,"N","N","Tule Red","38.12392",-121.98111,"11:33","Bryte",NA
"2431","4084","EF0820B0241",2020-08-12,"Total Kjeldahl Nitrogen","0.5","0.1","mg/L as N",NA,"N","N","Tule Red","38.12392",-121.98111,"11:33","Bryte",NA
"2432","4084","EF0820B0241",2020-08-12,"Total Organic Carbon","5","0.5","mg/L as C",NA,"N","N","Tule Red","38.12392",-121.98111,"11:33","Bryte",NA
"2433","4084","EF0820B0241",2020-08-12,"Total Phosphorus","0.05","0.01","mg/L as P",NA,"N","N","Tule Red","38.12392",-121.98111,"11:33","Bryte",NA
"2434","4088","EF0820B0242",2020-08-13,"Chlorophyll a","3.45","0.5","ug/L",NA,"N","N","Ryer Island","38.08134",-122.017564,"13:50","Bryte",NA
"2435","4088","EF0820B0242",2020-08-13,"Dissolved Ammonia","<0.05","0.05","mg/L as N",NA,"N","N","Ryer Island","38.08134",-122.017564,"13:50","Bryte",NA
"2436","4088","EF0820B0242",2020-08-13,"Dissolved Nitrate + Nitrite","0.187","0.05","mg/L as N",NA,"N","N","Ryer Island","38.08134",-122.017564,"13:50","Bryte",NA
"2437","4088","EF0820B0242",2020-08-13,"Dissolved Organic Carbon","2.1","0.5","mg/L as C",NA,"N","N","Ryer Island","38.08134",-122.017564,"13:50","Bryte",NA
"2438","4088","EF0820B0242",2020-08-13,"Dissolved Organic Nitrogen","0.4","0.1","mg/L as N",NA,"N","N","Ryer Island","38.08134",-122.017564,"13:50","Bryte",NA
"2439","4088","EF0820B0242",2020-08-13,"Dissolved ortho-Phosphate","0.101","0.05","mg/L as P",NA,"N","N","Ryer Island","38.08134",-122.017564,"13:50","Bryte",NA
"2440","4088","EF0820B0242",2020-08-13,"Pheophytin a","1.27","0.5","ug/L",NA,"N","N","Ryer Island","38.08134",-122.017564,"13:50","Bryte",NA
"2441","4088","EF0820B0242",2020-08-13,"Total Kjeldahl Nitrogen","0.4","0.1","mg/L as N",NA,"N","N","Ryer Island","38.08134",-122.017564,"13:50","Bryte",NA
"2442","4088","EF0820B0242",2020-08-13,"Total Organic Carbon","2","0.5","mg/L as C",NA,"N","N","Ryer Island","38.08134",-122.017564,"13:50","Bryte",NA
"2443","4088","EF0820B0242",2020-08-13,"Total Phosphorus","0.12","0.01","mg/L as P",NA,"N","N","Ryer Island","38.08134",-122.017564,"13:50","Bryte",NA
"2444","4092","EF1020B0578",2020-10-05,"Chlorophyll a","7.53","0.5","ug/L",NA,"N","N","Webb Tract Islands and Berms","38.09624",-121.58971,"12:28","Bryte",NA
"2445","4092","EF1020B0578",2020-10-05,"Dissolved Ammonia","<0.05","0.05","mg/L as N",NA,"N","N","Webb Tract Islands and Berms","38.09624",-121.58971,"12:28","Bryte",NA
"2446","4092","EF1020B0578",2020-10-05,"Dissolved Nitrate + Nitrite","0.23","0.05","mg/L as N",NA,"Y","N","Webb Tract Islands and Berms","38.09624",-121.58971,"12:28","Bryte",NA
"2447","4092","EF1020B0578",2020-10-05,"Dissolved Organic Carbon","2.1","0.5","mg/L as C",NA,"Y","N","Webb Tract Islands and Berms","38.09624",-121.58971,"12:28","Bryte",NA
"2448","4092","EF1020B0578",2020-10-05,"Dissolved Organic Nitrogen","0.3","0.1","mg/L as N",NA,"N","Y","Webb Tract Islands and Berms","38.09624",-121.58971,"12:28","Bryte",NA
"2449","4092","EF1020B0578",2020-10-05,"Dissolved ortho-Phosphate","<0.05","0.05","mg/L as P",NA,"N","N","Webb Tract Islands and Berms","38.09624",-121.58971,"12:28","Bryte",NA
"2450","4092","EF1020B0578",2020-10-05,"Pheophytin a","3.28","0.5","ug/L",NA,"N","N","Webb Tract Islands and Berms","38.09624",-121.58971,"12:28","Bryte",NA
"2451","4092","EF1020B0578",2020-10-05,"Total Kjeldahl Nitrogen","0.3","0.1","mg/L as N",NA,"N","N","Webb Tract Islands and Berms","38.09624",-121.58971,"12:28","Bryte",NA
"2452","4092","EF1020B0578",2020-10-05,"Total Organic Carbon","2.1","0.5","mg/L as C",NA,"N","N","Webb Tract Islands and Berms","38.09624",-121.58971,"12:28","Bryte",NA
"2453","4092","EF1020B0578",2020-10-05,"Total Phosphorus","0.078","0.01","mg/L as P",NA,"N","N","Webb Tract Islands and Berms","38.09624",-121.58971,"12:28","Bryte",NA
"2454","4093","EF1020B0577",2020-10-06,"Chlorophyll a","1.5","0.5","ug/L",NA,"N","N","Decker Island","38.08429",-121.72397,"09:50","Bryte",NA
"2455","4093","EF1020B0577",2020-10-06,"Dissolved Ammonia","<0.05","0.05","mg/L as N",NA,"N","N","Decker Island","38.08429",-121.72397,"09:50","Bryte",NA
"2456","4093","EF1020B0577",2020-10-06,"Dissolved Nitrate + Nitrite","0.17","0.05","mg/L as N",NA,"Y","N","Decker Island","38.08429",-121.72397,"09:50","Bryte",NA
"2457","4093","EF1020B0577",2020-10-06,"Dissolved Organic Carbon","2.4","0.5","mg/L as C",NA,"Y","N","Decker Island","38.08429",-121.72397,"09:50","Bryte",NA
"2458","4093","EF1020B0577",2020-10-06,"Dissolved Organic Nitrogen","0.2","0.1","mg/L as N",NA,"N","N","Decker Island","38.08429",-121.72397,"09:50","Bryte",NA
"2459","4093","EF1020B0577",2020-10-06,"Dissolved ortho-Phosphate","0.051","0.05","mg/L as P",NA,"N","N","Decker Island","38.08429",-121.72397,"09:50","Bryte",NA
"2460","4093","EF1020B0577",2020-10-06,"Pheophytin a","1.66","0.5","ug/L",NA,"N","N","Decker Island","38.08429",-121.72397,"09:50","Bryte",NA
"2461","4093","EF1020B0577",2020-10-06,"Total Kjeldahl Nitrogen","0.3","0.1","mg/L as N",NA,"N","N","Decker Island","38.08429",-121.72397,"09:50","Bryte",NA
"2462","4093","EF1020B0577",2020-10-06,"Total Organic Carbon","2.3","0.5","mg/L as C",NA,"N","N","Decker Island","38.08429",-121.72397,"09:50","Bryte",NA
"2463","4093","EF1020B0577",2020-10-06,"Total Phosphorus","0.308","0.01","mg/L as P",NA,"N","N","Decker Island","38.08429",-121.72397,"09:50","Bryte",NA
"2464","4097","EF1020B0575",2020-10-07,"Chlorophyll a","0.81","0.5","ug/L",NA,"N","N","Browns Island","38.03917",-121.85809,"09:33","Bryte",NA
"2465","4097","EF1020B0575",2020-10-07,"Dissolved Ammonia","0.055","0.05","mg/L as N",NA,"N","N","Browns Island","38.03917",-121.85809,"09:33","Bryte",NA
"2466","4097","EF1020B0575",2020-10-07,"Dissolved Nitrate + Nitrite","0.08","0.05","mg/L as N",NA,"Y","N","Browns Island","38.03917",-121.85809,"09:33","Bryte",NA
"2467","4097","EF1020B0575",2020-10-07,"Dissolved Organic Carbon","3.9","0.5","mg/L as C",NA,"Y","N","Browns Island","38.03917",-121.85809,"09:33","Bryte",NA
"2468","4097","EF1020B0575",2020-10-07,"Dissolved Organic Nitrogen","0.3","0.1","mg/L as N",NA,"N","N","Browns Island","38.03917",-121.85809,"09:33","Bryte",NA
"2469","4097","EF1020B0575",2020-10-07,"Dissolved ortho-Phosphate","0.094","0.05","mg/L as P",NA,"N","N","Browns Island","38.03917",-121.85809,"09:33","Bryte",NA
"2470","4097","EF1020B0575",2020-10-07,"Pheophytin a","1.83","0.5","ug/L",NA,"N","N","Browns Island","38.03917",-121.85809,"09:33","Bryte",NA
"2471","4097","EF1020B0575",2020-10-07,"Total Kjeldahl Nitrogen","0.4","0.1","mg/L as N",NA,"N","N","Browns Island","38.03917",-121.85809,"09:33","Bryte",NA
"2472","4097","EF1020B0575",2020-10-07,"Total Organic Carbon","3.4","0.5","mg/L as C",NA,"N","N","Browns Island","38.03917",-121.85809,"09:33","Bryte",NA
"2473","4097","EF1020B0575",2020-10-07,"Total Phosphorus","0.104","0.01","mg/L as P",NA,"N","N","Browns Island","38.03917",-121.85809,"09:33","Bryte",NA
"2474","4102","EF1020B0574",2020-10-08,"Chlorophyll a","0.91","0.5","ug/L",NA,"N","N","Winter Island","38.05334",-121.85503,"11:01","Bryte",NA
"2475","4102","EF1020B0574",2020-10-08,"Dissolved Ammonia","<0.05","0.05","mg/L as N",NA,"N","N","Winter Island","38.05334",-121.85503,"11:01","Bryte",NA
"2476","4102","EF1020B0574",2020-10-08,"Dissolved Nitrate + Nitrite","0.27","0.05","mg/L as N",NA,"Y","N","Winter Island","38.05334",-121.85503,"11:01","Bryte",NA
"2477","4102","EF1020B0574",2020-10-08,"Dissolved Organic Carbon","2.3","0.5","mg/L as C",NA,"Y","N","Winter Island","38.05334",-121.85503,"11:01","Bryte",NA
"2478","4102","EF1020B0574",2020-10-08,"Dissolved Organic Nitrogen","0.22","0.1","mg/L as N",NA,"N","N","Winter Island","38.05334",-121.85503,"11:01","Bryte",NA
"2479","4102","EF1020B0574",2020-10-08,"Dissolved ortho-Phosphate","0.083","0.05","mg/L as P",NA,"N","N","Winter Island","38.05334",-121.85503,"11:01","Bryte",NA
"2480","4102","EF1020B0574",2020-10-08,"Pheophytin a","2.81","0.5","ug/L",NA,"N","N","Winter Island","38.05334",-121.85503,"11:01","Bryte",NA
"2481","4102","EF1020B0574",2020-10-08,"Total Kjeldahl Nitrogen","0.222","0.1","mg/L as N",NA,"N","N","Winter Island","38.05334",-121.85503,"11:01","Bryte",NA
"2482","4102","EF1020B0574",2020-10-08,"Total Organic Carbon","2.4","0.5","mg/L as C",NA,"N","N","Winter Island","38.05334",-121.85503,"11:01","Bryte",NA
"2483","4102","EF1020B0574",2020-10-08,"Total Phosphorus","0.08","0.01","mg/L as P",NA,"N","N","Winter Island","38.05334",-121.85503,"11:01","Bryte",NA
"2484","4106","EF1020B0579",2020-10-09,"Chlorophyll a","1.89","0.5","ug/L",NA,"N","N","Tule Red","38.12317",-121.98092,"10:40","Bryte",NA
"2485","4106","EF1020B0579",2020-10-09,"Dissolved Ammonia","0.07","0.05","mg/L as N",NA,"N","N","Tule Red","38.12317",-121.98092,"10:40","Bryte",NA
"2486","4106","EF1020B0579",2020-10-09,"Dissolved Nitrate + Nitrite","0.151","0.05","mg/L as N",NA,"Y","N","Tule Red","38.12317",-121.98092,"10:40","Bryte",NA
"2487","4106","EF1020B0579",2020-10-09,"Dissolved Organic Carbon","4.3","0.5","mg/L as C",NA,"Y","N","Tule Red","38.12317",-121.98092,"10:40","Bryte",NA
"2488","4106","EF1020B0579",2020-10-09,"Dissolved Organic Nitrogen","0.5","0.1","mg/L as N",NA,"N","N","Tule Red","38.12317",-121.98092,"10:40","Bryte",NA
"2489","4106","EF1020B0579",2020-10-09,"Dissolved ortho-Phosphate","<0.05","0.05","mg/L as P",NA,"N","N","Tule Red","38.12317",-121.98092,"10:40","Bryte",NA
"2490","4106","EF1020B0579",2020-10-09,"Pheophytin a","1.34","0.5","ug/L",NA,"N","N","Tule Red","38.12317",-121.98092,"10:40","Bryte",NA
"2491","4106","EF1020B0579",2020-10-09,"Total Kjeldahl Nitrogen","0.7","0.1","mg/L as N",NA,"N","N","Tule Red","38.12317",-121.98092,"10:40","Bryte",NA
"2492","4106","EF1020B0579",2020-10-09,"Total Organic Carbon","4.3","0.5","mg/L as C",NA,"N","N","Tule Red","38.12317",-121.98092,"10:40","Bryte",NA
"2493","4106","EF1020B0579",2020-10-09,"Total Phosphorus","0.07","0.01","mg/L as P",NA,"N","N","Tule Red","38.12317",-121.98092,"10:40","Bryte",NA
"2494","4110","EF1020B0580",2020-10-09,"Chlorophyll a","1.22","0.5","ug/L",NA,"N","N","Ryer Island","38.08667",-122.0241,"10:43","Bryte",NA
"2495","4110","EF1020B0580",2020-10-09,"Dissolved Ammonia","0.07","0.05","mg/L as N",NA,"N","N","Ryer Island","38.08667",-122.0241,"10:43","Bryte",NA
"2496","4110","EF1020B0580",2020-10-09,"Dissolved Ammonia","0.06","0.05","mg/L as N",NA,"N","N","Ryer Island","38.08667",-122.0241,"10:43","Bryte",NA
"2497","4110","EF1020B0580",2020-10-09,"Dissolved Nitrate + Nitrite","0.32","0.05","mg/L as N",NA,"Y","N","Ryer Island","38.08667",-122.0241,"10:43","Bryte",NA
"2498","4110","EF1020B0580",2020-10-09,"Dissolved Organic Carbon","2.4","0.5","mg/L as C",NA,"Y","N","Ryer Island","38.08667",-122.0241,"10:43","Bryte",NA
"2499","4110","EF1020B0580",2020-10-09,"Dissolved Organic Nitrogen","<0.1","0.1","mg/L as N",NA,"N","N","Ryer Island","38.08667",-122.0241,"10:43","Bryte",NA
"2500","4110","EF1020B0580",2020-10-09,"Dissolved ortho-Phosphate","0.119","0.05","mg/L as P",NA,"N","N","Ryer Island","38.08667",-122.0241,"10:43","Bryte",NA
"2501","4110","EF1020B0580",2020-10-09,"Dissolved ortho-Phosphate","0.121","0.05","mg/L as P",NA,"N","N","Ryer Island","38.08667",-122.0241,"10:43","Bryte",NA
"2502","4110","EF1020B0580",2020-10-09,"Pheophytin a","1.01","0.5","ug/L",NA,"N","N","Ryer Island","38.08667",-122.0241,"10:43","Bryte",NA
"2503","4110","EF1020B0580",2020-10-09,"Total Kjeldahl Nitrogen","1.01","0.1","mg/L as N",NA,"N","N","Ryer Island","38.08667",-122.0241,"10:43","Bryte",NA
"2504","4110","EF1020B0580",2020-10-09,"Total Organic Carbon","2.3","0.5","mg/L as C",NA,"N","N","Ryer Island","38.08667",-122.0241,"10:43","Bryte",NA
"2505","4110","EF1020B0580",2020-10-09,"Total Phosphorus","0.109","0.01","mg/L as P",NA,"N","N","Ryer Island","38.08667",-122.0241,"10:43","Bryte",NA
"2506","4241","EF1020B0590",2020-10-13,"Chlorophyll a","19.57","0.5","ug/L",NA,"N","N","Lookout Slough","38.29577",-121.72475,"09:10","Bryte",NA
"2507","4241","EF1020B0590",2020-10-13,"Dissolved Ammonia","0.07","0.05","mg/L as N",NA,"N","N","Lookout Slough","38.29577",-121.72475,"09:10","Bryte",NA
"2508","4241","EF1020B0590",2020-10-13,"Dissolved Nitrate + Nitrite","0.07","0.05","mg/L as N",NA,"N","N","Lookout Slough","38.29577",-121.72475,"09:10","Bryte",NA
"2509","4241","EF1020B0590",2020-10-13,"Dissolved Organic Carbon","15.5","0.5","mg/L as C",NA,"N","N","Lookout Slough","38.29577",-121.72475,"09:10","Bryte",NA
"2510","4241","EF1020B0590",2020-10-13,"Dissolved Organic Nitrogen","1.4","0.1","mg/L as N",NA,"N","N","Lookout Slough","38.29577",-121.72475,"09:10","Bryte",NA
"2511","4241","EF1020B0590",2020-10-13,"Dissolved ortho-Phosphate","0.472","0.05","mg/L as P",NA,"N","N","Lookout Slough","38.29577",-121.72475,"09:10","Bryte",NA
"2512","4241","EF1020B0590",2020-10-13,"Pheophytin a","18.1","0.5","ug/L",NA,"N","N","Lookout Slough","38.29577",-121.72475,"09:10","Bryte",NA
"2513","4241","EF1020B0590",2020-10-13,"Total Kjeldahl Nitrogen","1.76","0.1","mg/L as N",NA,"N","N","Lookout Slough","38.29577",-121.72475,"09:10","Bryte",NA
"2514","4241","EF1020B0590",2020-10-13,"Total Organic Carbon","16.7","0.5","mg/L as C",NA,"N","N","Lookout Slough","38.29577",-121.72475,"09:10","Bryte",NA
"2515","4241","EF1020B0590",2020-10-13,"Total Phosphorus","0.51","0.05","mg/L as P",NA,"N","N","Lookout Slough","38.29577",-121.72475,"09:10","Bryte",NA
"2516","4246","EF1020B0586",2020-10-19,"Chlorophyll a","2.22","0.5","ug/L",NA,"N","Y","Yolo Flyway Farms","38.36297",-121.64297,"10:16","Bryte",NA
"2517","4246","EF1020B0586",2020-10-19,"Dissolved Ammonia","<0.05","0.05","mg/L as N",NA,"N","N","Yolo Flyway Farms","38.36297",-121.64297,"10:16","Bryte",NA
"2518","4246","EF1020B0586",2020-10-19,"Dissolved Nitrate + Nitrite","<0.05","0.05","mg/L as N",NA,"Y","N","Yolo Flyway Farms","38.36297",-121.64297,"10:16","Bryte",NA
"2519","4246","EF1020B0586",2020-10-19,"Dissolved Organic Carbon","4.1","0.5","mg/L as C",NA,"Y","N","Yolo Flyway Farms","38.36297",-121.64297,"10:16","Bryte",NA
"2520","4246","EF1020B0586",2020-10-19,"Dissolved Organic Nitrogen","0.44","0.1","mg/L as N",NA,"N","N","Yolo Flyway Farms","38.36297",-121.64297,"10:16","Bryte",NA
"2521","4246","EF1020B0586",2020-10-19,"Dissolved ortho-Phosphate","0.133","0.05","mg/L as P",NA,"N","N","Yolo Flyway Farms","38.36297",-121.64297,"10:16","Bryte",NA
"2522","4246","EF1020B0586",2020-10-19,"Pheophytin a","1.31","0.5","ug/L",NA,"N","Y","Yolo Flyway Farms","38.36297",-121.64297,"10:16","Bryte",NA
"2523","4246","EF1020B0586",2020-10-19,"Total Kjeldahl Nitrogen","0.5","0.1","mg/L as N",NA,"Y","N","Yolo Flyway Farms","38.36297",-121.64297,"10:16","Bryte",NA
"2524","4246","EF1020B0586",2020-10-19,"Total Organic Carbon","3.9","0.5","mg/L as C",NA,"Y","N","Yolo Flyway Farms","38.36297",-121.64297,"10:16","Bryte",NA
"2525","4246","EF1020B0586",2020-10-19,"Total Phosphorus","0.14","0.01","mg/L as P",NA,"N","N","Yolo Flyway Farms","38.36297",-121.64297,"10:16","Bryte",NA
"2526","4248","EF1020B0587",2020-10-20,"Chlorophyll a","1.64","0.5","ug/L",NA,"N","N","Liberty Island","38.27777",-121.6891,"09:49","Bryte",NA
"2527","4248","EF1020B0587",2020-10-20,"Dissolved Ammonia","<0.05","0.05","mg/L as N",NA,"N","N","Liberty Island","38.27777",-121.6891,"09:49","Bryte",NA
"2528","4248","EF1020B0587",2020-10-20,"Dissolved Nitrate + Nitrite","0.121","0.05","mg/L as N",NA,"Y","N","Liberty Island","38.27777",-121.6891,"09:49","Bryte",NA
"2529","4248","EF1020B0587",2020-10-20,"Dissolved Organic Carbon","2.9","0.5","mg/L as C",NA,"Y","N","Liberty Island","38.27777",-121.6891,"09:49","Bryte",NA
"2530","4248","EF1020B0587",2020-10-20,"Dissolved Organic Nitrogen","0.2","0.1","mg/L as N",NA,"N","N","Liberty Island","38.27777",-121.6891,"09:49","Bryte",NA
"2531","4248","EF1020B0587",2020-10-20,"Dissolved ortho-Phosphate","0.101","0.05","mg/L as P",NA,"N","N","Liberty Island","38.27777",-121.6891,"09:49","Bryte",NA
"2532","4248","EF1020B0587",2020-10-20,"Pheophytin a","<0.5","0.5","ug/L",NA,"N","N","Liberty Island","38.27777",-121.6891,"09:49","Bryte",NA
"2533","4248","EF1020B0587",2020-10-20,"Total Kjeldahl Nitrogen","0.3","0.1","mg/L as N",NA,"Y","N","Liberty Island","38.27777",-121.6891,"09:49","Bryte",NA
"2534","4248","EF1020B0587",2020-10-20,"Total Organic Carbon","2.7","0.5","mg/L as C",NA,"Y","N","Liberty Island","38.27777",-121.6891,"09:49","Bryte",NA
"2535","4248","EF1020B0587",2020-10-20,"Total Phosphorus","0.12","0.01","mg/L as P",NA,"N","N","Liberty Island","38.27777",-121.6891,"09:49","Bryte",NA
"2536","4643","EF0321B0002",2021-03-18,"Dissolved Ammonia","0.167","0.05","mg/L as N",NA,"N","N","Lookout Slough","38.27886",-121.696711,"17:50","Bryte",NA
"2537","4643","EF0321B0002",2021-03-18,"Chlorophyll a","13.27","0.5","ug/L",NA,"N","N","Lookout Slough","38.27886",-121.696711,"17:50","Bryte",NA
"2538","4643","EF0321B0002",2021-03-18,"Dissolved Nitrate + Nitrite","2.13","0.5","mg/L as N",NA,"Y","N","Lookout Slough","38.27886",-121.696711,"17:50","Bryte",NA
"2539","4643","EF0321B0002",2021-03-18,"Dissolved Organic Carbon","11","0.5","mg/L as C",NA,"Y","N","Lookout Slough","38.27886",-121.696711,"17:50","Bryte",NA
"2540","4643","EF0321B0002",2021-03-18,"Total Organic Carbon","11.4","0.5","mg/L as C",NA,"N","N","Lookout Slough","38.27886",-121.696711,"17:50","Bryte",NA
"2541","4643","EF0321B0002",2021-03-18,"Dissolved Organic Nitrogen","1.11","0.1","mg/L as N",NA,"N","N","Lookout Slough","38.27886",-121.696711,"17:50","Bryte",NA
"2542","4643","EF0321B0002",2021-03-18,"Dissolved ortho-Phosphate","0.159","0.05","mg/L as P",NA,"N","N","Lookout Slough","38.27886",-121.696711,"17:50","Bryte",NA
"2543","4643","EF0321B0002",2021-03-18,"Pheophytin a","<0.5","0.5","ug/L",NA,"N","N","Lookout Slough","38.27886",-121.696711,"17:50","Bryte",NA
"2544","4643","EF0321B0002",2021-03-18,"Total Phosphorus","0.243","0.01","mg/L as P",NA,"Y","N","Lookout Slough","38.27886",-121.696711,"17:50","Bryte",NA
"2545","4643","EF0321B0002",2021-03-18,"Total Kjeldahl Nitrogen","1.69","0.1","mg/L as N",NA,"N","N","Lookout Slough","38.27886",-121.696711,"17:50","Bryte",NA
"2546","4763","EF0321B0006",2021-03-22,"Dissolved Ammonia","0.068","0.05","mg/L as N",NA,"N","N","Webb Tract Islands and Berms","38.095822",-121.589885,"19:23","Bryte",NA
"2547","4763","EF0321B0006",2021-03-22,"Chlorophyll a","2.89","0.5","ug/L",NA,"N","N","Webb Tract Islands and Berms","38.095822",-121.589885,"19:23","Bryte",NA
"2548","4763","EF0321B0006",2021-03-22,"Dissolved Nitrate + Nitrite","0.536","0.05","mg/L as N",NA,"Y","N","Webb Tract Islands and Berms","38.095822",-121.589885,"19:23","Bryte",NA
"2549","4763","EF0321B0006",2021-03-22,"Dissolved Organic Carbon","4.2","0.5","mg/L as C",NA,"Y","N","Webb Tract Islands and Berms","38.095822",-121.589885,"19:23","Bryte",NA
"2550","4763","EF0321B0006",2021-03-22,"Total Organic Carbon","4.1","0.5","mg/L as C",NA,"N","N","Webb Tract Islands and Berms","38.095822",-121.589885,"19:23","Bryte",NA
"2551","4763","EF0321B0006",2021-03-22,"Dissolved Organic Nitrogen","0.33","0.1","mg/L as N",NA,"N","N","Webb Tract Islands and Berms","38.095822",-121.589885,"19:23","Bryte",NA
"2552","4763","EF0321B0006",2021-03-22,"Dissolved ortho-Phosphate","0.079","0.05","mg/L as P",NA,"N","N","Webb Tract Islands and Berms","38.095822",-121.589885,"19:23","Bryte",NA
"2553","4763","EF0321B0006",2021-03-22,"Pheophytin a","<0.5","0.5","ug/L",NA,"N","N","Webb Tract Islands and Berms","38.095822",-121.589885,"19:23","Bryte",NA
"2554","4763","EF0321B0006",2021-03-22,"Total Phosphorus","0.074","0.01","mg/L as P",NA,"N","N","Webb Tract Islands and Berms","38.095822",-121.589885,"19:23","Bryte",NA
"2555","4763","EF0321B0006",2021-03-22,"Total Kjeldahl Nitrogen","0.484","0.1","mg/L as N",NA,"N","N","Webb Tract Islands and Berms","38.095822",-121.589885,"19:23","Bryte",NA
"2556","4883","EF0321B0016",2021-04-02,"Dissolved Ammonia","0.091","0.05","mg/L as N",NA,"N","N","Toe Drain","38.36037",-121.640096,"22:30","Bryte",NA
"2557","4481","EF0321B0015",2021-03-31,"Dissolved Ammonia","0.054","0.05","mg/L as N",NA,"N","N","Yolo Flyway Farms","38.360553",-121.640214,"19:35","Bryte",NA
"2558","4883","EF0321B0016",2021-04-02,"Chlorophyll a","2.56","0.5","ug/L",NA,"N","N","Toe Drain","38.36037",-121.640096,"22:30","Bryte",NA
"2559","4883","EF0321B0016",2021-04-02,"Dissolved Nitrate + Nitrite","0.285","0.05","mg/L as N",NA,"Y","N","Toe Drain","38.36037",-121.640096,"22:30","Bryte",NA
"2560","4481","EF0321B0015",2021-03-31,"Dissolved Nitrate + Nitrite","0.157","0.05","mg/L as N",NA,"Y","N","Yolo Flyway Farms","38.360553",-121.640214,"19:35","Bryte",NA
"2561","4883","EF0321B0016",2021-04-02,"Dissolved Organic Carbon","6.1","0.5","mg/L as C",NA,"Y","N","Toe Drain","38.36037",-121.640096,"22:30","Bryte",NA
"2562","4481","EF0321B0015",2021-03-31,"Dissolved Organic Carbon","6.4","0.5","mg/L as C",NA,"Y","N","Yolo Flyway Farms","38.360553",-121.640214,"19:35","Bryte",NA
"2563","4481","EF0321B0015",2021-03-31,"Total Organic Carbon","6.5","0.5","mg/L as C",NA,"N","N","Yolo Flyway Farms","38.360553",-121.640214,"19:35","Bryte",NA
"2564","4883","EF0321B0016",2021-04-02,"Dissolved Organic Nitrogen","0.48","0.1","mg/L as N",NA,"N","N","Toe Drain","38.36037",-121.640096,"22:30","Bryte",NA
"2565","4481","EF0321B0015",2021-03-31,"Dissolved Organic Nitrogen","0.6","0.1","mg/L as N",NA,"N","N","Yolo Flyway Farms","38.360553",-121.640214,"19:35","Bryte",NA
"2566","4481","EF0321B0015",2021-03-31,"Dissolved ortho-Phosphate","0.206","0.05","mg/L as P",NA,"N","N","Yolo Flyway Farms","38.360553",-121.640214,"19:35","Bryte",NA
"2567","4883","EF0321B0016",2021-04-02,"Dissolved ortho-Phosphate","0.254","0.05","mg/L as P",NA,"N","N","Toe Drain","38.36037",-121.640096,"22:30","Bryte",NA
"2568","4883","EF0321B0016",2021-04-02,"Pheophytin a","2.86","0.5","ug/L",NA,"N","N","Toe Drain","38.36037",-121.640096,"22:30","Bryte",NA
"2569","4883","EF0321B0016",2021-04-02,"Total Phosphorus","0.297","0.01","mg/L as P",NA,"Y","N","Toe Drain","38.36037",-121.640096,"22:30","Bryte",NA
"2570","4481","EF0321B0015",2021-03-31,"Total Phosphorus","0.306","0.01","mg/L as P",NA,"Y","N","Yolo Flyway Farms","38.360553",-121.640214,"19:35","Bryte",NA
"2571","4883","EF0321B0016",2021-04-02,"Total Kjeldahl Nitrogen","0.743","0.1","mg/L as N",NA,"N","N","Toe Drain","38.36037",-121.640096,"22:30","Bryte",NA
"2572","4481","EF0321B0015",2021-03-31,"Total Kjeldahl Nitrogen","0.857","0.1","mg/L as N",NA,"N","N","Yolo Flyway Farms","38.360553",-121.640214,"19:35","Bryte",NA
"2573","4841","EF0321B0012",2021-04-01,"Dissolved Ammonia","0.052","0.05","mg/L as N",NA,"N","N","Lower Yolo Ranch","38.350515",-121.66146,"20:05","Bryte",NA
"2574","4841","EF0321B0012",2021-04-01,"Chlorophyll a","3.79","0.5","ug/L",NA,"N","N","Lower Yolo Ranch","38.350515",-121.66146,"20:05","Bryte",NA
"2575","4841","EF0321B0012",2021-04-01,"Dissolved Nitrate + Nitrite","<0.05","0.05","mg/L as N",NA,"Y","N","Lower Yolo Ranch","38.350515",-121.66146,"20:05","Bryte",NA
"2576","4841","EF0321B0012",2021-04-01,"Dissolved Organic Carbon","5.6","0.5","mg/L as C",NA,"Y","N","Lower Yolo Ranch","38.350515",-121.66146,"20:05","Bryte",NA
"2577","4841","EF0321B0012",2021-04-01,"Total Organic Carbon","5.4","0.5","mg/L as C",NA,"N","N","Lower Yolo Ranch","38.350515",-121.66146,"20:05","Bryte",NA
"2578","4841","EF0321B0012",2021-04-01,"Dissolved Organic Nitrogen","0.43","0.1","mg/L as N",NA,"N","N","Lower Yolo Ranch","38.350515",-121.66146,"20:05","Bryte",NA
"2579","4841","EF0321B0012",2021-04-01,"Dissolved ortho-Phosphate","0.125","0.05","mg/L as P",NA,"N","N","Lower Yolo Ranch","38.350515",-121.66146,"20:05","Bryte",NA
"2580","4841","EF0321B0012",2021-04-01,"Pheophytin a","1.6","0.5","ug/L",NA,"N","N","Lower Yolo Ranch","38.350515",-121.66146,"20:05","Bryte",NA
"2581","4841","EF0321B0012",2021-04-01,"Total Phosphorus","0.154","0.01","mg/L as P",NA,"Y","N","Lower Yolo Ranch","38.350515",-121.66146,"20:05","Bryte",NA
"2582","4841","EF0321B0012",2021-04-01,"Total Kjeldahl Nitrogen","0.66","0.1","mg/L as N",NA,"N","N","Lower Yolo Ranch","38.350515",-121.66146,"20:05","Bryte",NA
"2583","4861","EF0421B0017",2021-04-01,"Dissolved Ammonia","<0.05","0.05","mg/L as N",NA,"N","N","Lower Yolo Ranch","38.360794",-121.647213,"20:57","Bryte",NA
"2584","4861","EF0421B0017",2021-04-01,"Chlorophyll a","2.99","0.5","ug/L",NA,"N","N","Lower Yolo Ranch","38.360794",-121.647213,"20:57","Bryte",NA
"2585","4861","EF0421B0017",2021-04-01,"Dissolved Nitrate + Nitrite","0.212","0.05","mg/L as N",NA,"Y","N","Lower Yolo Ranch","38.360794",-121.647213,"20:57","Bryte",NA
"2586","4861","EF0421B0017",2021-04-01,"Dissolved Organic Carbon","6.7","0.5","mg/L as C",NA,"Y","N","Lower Yolo Ranch","38.360794",-121.647213,"20:57","Bryte",NA
"2587","4861","EF0421B0017",2021-04-01,"Total Organic Carbon","6.5","0.5","mg/L as C",NA,"N","N","Lower Yolo Ranch","38.360794",-121.647213,"20:57","Bryte",NA
"2588","4861","EF0421B0017",2021-04-01,"Dissolved Organic Nitrogen","0.59","0.1","mg/L as N",NA,"N","N","Lower Yolo Ranch","38.360794",-121.647213,"20:57","Bryte",NA
"2589","4861","EF0421B0017",2021-04-01,"Dissolved ortho-Phosphate","0.26","0.05","mg/L as P",NA,"N","N","Lower Yolo Ranch","38.360794",-121.647213,"20:57","Bryte",NA
"2590","4861","EF0421B0017",2021-04-01,"Pheophytin a","1.81","0.5","ug/L",NA,"N","N","Lower Yolo Ranch","38.360794",-121.647213,"20:57","Bryte",NA
"2591","4861","EF0421B0017",2021-04-01,"Total Phosphorus","0.323","0.01","mg/L as P",NA,"Y","N","Lower Yolo Ranch","38.360794",-121.647213,"20:57","Bryte",NA
"2592","4861","EF0421B0017",2021-04-01,"Total Kjeldahl Nitrogen","0.745","0.1","mg/L as N",NA,"N","N","Lower Yolo Ranch","38.360794",-121.647213,"20:57","Bryte",NA
"2593","5034","EF0421B0021",2019-04-06,"Dissolved Ammonia","0.06","0.05","mg/L as N",NA,"N","N","Browns Island",NA,NA,"21:22","Bryte","no GPS available"
"2594","5034","EF0421B0021",2019-04-06,"Chlorophyll a","4.12","0.5","ug/L",NA,"N","N","Browns Island",NA,NA,"21:22","Bryte","no GPS available"
"2595","5034","EF0421B0021",2019-04-06,"Dissolved Nitrate + Nitrite","0.377","0.05","mg/L as N",NA,"Y","N","Browns Island",NA,NA,"21:22","Bryte","no GPS available"
"2596","5034","EF0421B0021",2019-04-06,"Dissolved Organic Carbon","3.2","0.5","mg/L as C",NA,"Y","N","Browns Island",NA,NA,"21:22","Bryte","no GPS available"
"2597","5034","EF0421B0021",2019-04-06,"Total Organic Carbon","3.1","0.5","mg/L as C",NA,"N","N","Browns Island",NA,NA,"21:22","Bryte","no GPS available"
"2598","5034","EF0421B0021",2019-04-06,"Dissolved Organic Nitrogen","0.22","0.1","mg/L as N",NA,"N","N","Browns Island",NA,NA,"21:22","Bryte","no GPS available"
"2599","5034","EF0421B0021",2019-04-06,"Dissolved ortho-Phosphate","0.086","0.05","mg/L as P",NA,"N","N","Browns Island",NA,NA,"21:22","Bryte","no GPS available"
"2600","5034","EF0421B0021",2019-04-06,"Pheophytin a","1.59","0.5","ug/L",NA,"N","N","Browns Island",NA,NA,"21:22","Bryte","no GPS available"
"2601","5034","EF0421B0021",2019-04-06,"Total Phosphorus","0.091","0.01","mg/L as P",NA,"N","N","Browns Island",NA,NA,"21:22","Bryte","no GPS available"
"2602","5034","EF0421B0021",2019-04-06,"Total Kjeldahl Nitrogen","0.394","0.1","mg/L as N",NA,"Y","N","Browns Island",NA,NA,"21:22","Bryte","no GPS available"
"2603","5024","EF0421B0025",2021-04-05,"Dissolved Ammonia","<0.05","0.05","mg/L as N",NA,"N","N","Winter Island","38.0373",-121.84593,"22:55","Bryte",NA
"2604","5024","EF0421B0025",2021-04-05,"Chlorophyll a","1.59","0.5","ug/L",NA,"N","N","Winter Island","38.0373",-121.84593,"22:55","Bryte",NA
"2605","5024","EF0421B0025",2021-04-05,"Dissolved Nitrate + Nitrite","0.255","0.05","mg/L as N",NA,"Y","N","Winter Island","38.0373",-121.84593,"22:55","Bryte",NA
"2606","5024","EF0421B0025",2021-04-05,"Dissolved Organic Carbon","3.6","0.5","mg/L as C",NA,"Y","N","Winter Island","38.0373",-121.84593,"22:55","Bryte",NA
"2607","5024","EF0421B0025",2021-04-05,"Total Organic Carbon","3.7","0.5","mg/L as C",NA,"N","N","Winter Island","38.0373",-121.84593,"22:55","Bryte",NA
"2608","5024","EF0421B0025",2021-04-05,"Dissolved Organic Nitrogen","0.27","0.1","mg/L as N",NA,"N","N","Winter Island","38.0373",-121.84593,"22:55","Bryte",NA
"2609","5024","EF0421B0025",2021-04-05,"Dissolved ortho-Phosphate","0.067","0.05","mg/L as P",NA,"N","N","Winter Island","38.0373",-121.84593,"22:55","Bryte",NA
"2610","5024","EF0421B0025",2021-04-05,"Pheophytin a","1.08","0.5","ug/L",NA,"N","N","Winter Island","38.0373",-121.84593,"22:55","Bryte",NA
"2611","5024","EF0421B0025",2021-04-05,"Total Phosphorus","0.071","0.01","mg/L as P",NA,"N","N","Winter Island","38.0373",-121.84593,"22:55","Bryte",NA
"2612","5024","EF0421B0025",2021-04-05,"Total Kjeldahl Nitrogen","0.377","0.1","mg/L as N",NA,"Y","N","Winter Island","38.0373",-121.84593,"22:55","Bryte",NA
"2613","4677","EF0421B0024",2021-04-05,"Dissolved Ammonia","0.055","0.05","mg/L as N",NA,"N","N","Broad Slough","38.046195",-121.84681,"23:01","Bryte",NA
"2614","4677","EF0421B0024",2021-04-05,"Chlorophyll a","10.97","0.5","ug/L",NA,"N","N","Broad Slough","38.046195",-121.84681,"23:01","Bryte",NA
"2615","4677","EF0421B0024",2021-04-05,"Dissolved Nitrate + Nitrite","0.418","0.05","mg/L as N",NA,"Y","N","Broad Slough","38.046195",-121.84681,"23:01","Bryte",NA
"2616","4677","EF0421B0024",2021-04-05,"Dissolved Organic Carbon","2.9","0.5","mg/L as C",NA,"Y","N","Broad Slough","38.046195",-121.84681,"23:01","Bryte",NA
"2617","4677","EF0421B0024",2021-04-05,"Total Organic Carbon","2.8","0.5","mg/L as C",NA,"N","N","Broad Slough","38.046195",-121.84681,"23:01","Bryte",NA
"2618","4677","EF0421B0024",2021-04-05,"Dissolved Organic Nitrogen","0.23","0.1","mg/L as N",NA,"N","N","Broad Slough","38.046195",-121.84681,"23:01","Bryte",NA
"2619","4677","EF0421B0024",2021-04-05,"Dissolved ortho-Phosphate","0.08","0.05","mg/L as P",NA,"N","N","Broad Slough","38.046195",-121.84681,"23:01","Bryte",NA
"2620","4677","EF0421B0024",2021-04-05,"Pheophytin a","3.56","0.5","ug/L",NA,"N","N","Broad Slough","38.046195",-121.84681,"23:01","Bryte",NA
"2621","4677","EF0421B0024",2021-04-05,"Total Phosphorus","0.112","0.01","mg/L as P",NA,"N","N","Broad Slough","38.046195",-121.84681,"23:01","Bryte",NA
"2622","4677","EF0421B0024",2021-04-05,"Total Kjeldahl Nitrogen","0.443","0.1","mg/L as N",NA,"Y","N","Broad Slough","38.046195",-121.84681,"23:01","Bryte",NA
"2623","4663","EF0421B0031",2021-04-14,"Dissolved Ammonia","<0.05","0.05","mg/L as N",NA,"N","N","Stairsteps-Liberty Cut","38.336145",-121.675332,"18:20","Bryte",NA
"2624","4663","EF0421B0031",2021-04-14,"Chlorophyll a","<0.5","0.5","ug/L",NA,"N","N","Stairsteps-Liberty Cut","38.336145",-121.675332,"18:20","Bryte",NA
"2625","4663","EF0421B0031",2021-04-14,"Dissolved Nitrate + Nitrite","<0.05","0.05","mg/L as N",NA,"Y","N","Stairsteps-Liberty Cut","38.336145",-121.675332,"18:20","Bryte",NA
"2626","4663","EF0421B0031",2021-04-14,"Dissolved Organic Carbon","4.1","0.5","mg/L as C",NA,"N","N","Stairsteps-Liberty Cut","38.336145",-121.675332,"18:20","Bryte",NA
"2627","4663","EF0421B0031",2021-04-14,"Total Organic Carbon","4","0.5","mg/L as C",NA,"N","N","Stairsteps-Liberty Cut","38.336145",-121.675332,"18:20","Bryte",NA
"2628","4663","EF0421B0031",2021-04-14,"Dissolved Organic Nitrogen","0.22","0.1","mg/L as N",NA,"N","N","Stairsteps-Liberty Cut","38.336145",-121.675332,"18:20","Bryte",NA
"2629","4663","EF0421B0031",2021-04-14,"Dissolved ortho-Phosphate","0.086","0.05","mg/L as P",NA,"N","N","Stairsteps-Liberty Cut","38.336145",-121.675332,"18:20","Bryte",NA
"2630","4663","EF0421B0031",2021-04-14,"Pheophytin a","2.2","0.5","ug/L",NA,"N","N","Stairsteps-Liberty Cut","38.336145",-121.675332,"18:20","Bryte",NA
"2631","4663","EF0421B0031",2021-04-14,"Total Phosphorus","0.1","0.01","mg/L as P",NA,"N","N","Stairsteps-Liberty Cut","38.336145",-121.675332,"18:20","Bryte",NA
"2632","4663","EF0421B0031",2021-04-14,"Total Kjeldahl Nitrogen","0.44","0.1","mg/L as N",NA,"N","N","Stairsteps-Liberty Cut","38.336145",-121.675332,"18:20","Bryte",NA
"2633","4782","EF0421B0027",2021-04-15,"Dissolved Ammonia","<0.05","0.05","mg/L as N",NA,"N","N","Shag Slough","38.300062",-121.692844,"21:05","Bryte",NA
"2634","4782","EF0421B0027",2021-04-15,"Chlorophyll a","2.01","0.5","ug/L",NA,"N","Y","Shag Slough","38.300062",-121.692844,"21:05","Bryte",NA
"2635","4782","EF0421B0027",2021-04-15,"Dissolved Nitrate + Nitrite","<0.05","0.05","mg/L as N",NA,"Y","N","Shag Slough","38.300062",-121.692844,"21:05","Bryte",NA
"2636","4782","EF0421B0027",2021-04-15,"Dissolved Organic Nitrogen","0.26","0.1","mg/L as N",NA,"N","N","Shag Slough","38.300062",-121.692844,"21:05","Bryte",NA
"2637","4782","EF0421B0027",2021-04-15,"Dissolved ortho-Phosphate","0.075","0.05","mg/L as P",NA,"N","N","Shag Slough","38.300062",-121.692844,"21:05","Bryte",NA
"2638","4782","EF0421B0027",2021-04-15,"Pheophytin a","0.71","0.5","ug/L",NA,"N","Y","Shag Slough","38.300062",-121.692844,"21:05","Bryte",NA
"2639","4782","EF0421B0027",2021-04-15,"Total Phosphorus","0.11","0.01","mg/L as P",NA,"N","N","Shag Slough","38.300062",-121.692844,"21:05","Bryte",NA
"2640","4782","EF0421B0027",2021-04-15,"Total Kjeldahl Nitrogen","0.308","0.1","mg/L as N",NA,"N","N","Shag Slough","38.300062",-121.692844,"21:05","Bryte",NA
"2641","4827","EF0421B0030",2021-04-15,"Dissolved Ammonia","0.069","0.05","mg/L as N",NA,"N","N","Liberty Island","38.242236",-121.683362,"21:45","Bryte",NA
"2642","4827","EF0421B0030",2021-04-15,"Dissolved Ammonia","0.07","0.05","mg/L as N",NA,"N","N","Liberty Island","38.242236",-121.683362,"21:45","Bryte",NA
"2643","4827","EF0421B0030",2021-04-15,"Chlorophyll a","0.91","0.5","ug/L",NA,"N","N","Liberty Island","38.242236",-121.683362,"21:45","Bryte",NA
"2644","4827","EF0421B0030",2021-04-15,"Dissolved Nitrate + Nitrite","0.157","0.05","mg/L as N",NA,"Y","N","Liberty Island","38.242236",-121.683362,"21:45","Bryte",NA
"2645","4827","EF0421B0030",2021-04-15,"Dissolved Nitrate + Nitrite","0.155","0.05","mg/L as N",NA,"Y","N","Liberty Island","38.242236",-121.683362,"21:45","Bryte",NA
"2646","4827","EF0421B0030",2021-04-15,"Dissolved Organic Carbon","2.3","0.5","mg/L as C",NA,"N","N","Liberty Island","38.242236",-121.683362,"21:45","Bryte",NA
"2647","4827","EF0421B0030",2021-04-15,"Total Organic Carbon","2.3","0.5","mg/L as C",NA,"N","N","Liberty Island","38.242236",-121.683362,"21:45","Bryte",NA
"2648","4827","EF0421B0030",2021-04-15,"Dissolved Organic Nitrogen","0.19","0.1","mg/L as N",NA,"N","N","Liberty Island","38.242236",-121.683362,"21:45","Bryte",NA
"2649","4827","EF0421B0030",2021-04-15,"Dissolved ortho-Phosphate","0.089","0.05","mg/L as P",NA,"N","N","Liberty Island","38.242236",-121.683362,"21:45","Bryte",NA
"2650","4827","EF0421B0030",2021-04-15,"Dissolved ortho-Phosphate","0.09","0.05","mg/L as P",NA,"N","N","Liberty Island","38.242236",-121.683362,"21:45","Bryte",NA
"2651","4827","EF0421B0030",2021-04-15,"Pheophytin a","<0.5","0.5","ug/L",NA,"N","N","Liberty Island","38.242236",-121.683362,"21:45","Bryte",NA
"2652","4827","EF0421B0030",2021-04-15,"Total Phosphorus","0.081","0.01","mg/L as P",NA,"N","N","Liberty Island","38.242236",-121.683362,"21:45","Bryte",NA
"2653","4827","EF0421B0030",2021-04-15,"Total Kjeldahl Nitrogen","0.317","0.1","mg/L as N",NA,"N","N","Liberty Island","38.242236",-121.683362,"21:45","Bryte",NA
"2654","5031","EF0421B0035",2021-04-20,"Dissolved Ammonia","0.082","0.05","mg/L as N",NA,"N","N","Ryer Island","38.081693",-122.017833,"18:40","Bryte",NA
"2655","5031","EF0421B0035",2021-04-20,"Chlorophyll a","1.85","0.5","ug/L",NA,"N","Y","Ryer Island","38.081693",-122.017833,"18:40","Bryte",NA
"2656","5031","EF0421B0035",2021-04-20,"Dissolved Nitrate + Nitrite","0.385","0.05","mg/L as N",NA,"Y","N","Ryer Island","38.081693",-122.017833,"18:40","Bryte",NA
"2657","5031","EF0421B0035",2021-04-20,"Dissolved Organic Carbon","2.2","0.5","mg/L as C",NA,"N","N","Ryer Island","38.081693",-122.017833,"18:40","Bryte",NA
"2658","5031","EF0421B0035",2021-04-20,"Total Organic Carbon","2.1","0.5","mg/L as C",NA,"N","N","Ryer Island","38.081693",-122.017833,"18:40","Bryte",NA
"2659","5031","EF0421B0035",2021-04-20,"Dissolved Organic Nitrogen","0.25","0.1","mg/L as N",NA,"N","N","Ryer Island","38.081693",-122.017833,"18:40","Bryte",NA
"2660","5031","EF0421B0035",2021-04-20,"Dissolved ortho-Phosphate","0.097","0.05","mg/L as P",NA,"N","N","Ryer Island","38.081693",-122.017833,"18:40","Bryte",NA
"2661","5031","EF0421B0035",2021-04-20,"Pheophytin a","2.07","0.5","ug/L",NA,"N","Y","Ryer Island","38.081693",-122.017833,"18:40","Bryte",NA
"2662","5031","EF0421B0035",2021-04-20,"Total Phosphorus","0.118","0.01","mg/L as P",NA,"N","N","Ryer Island","38.081693",-122.017833,"18:40","Bryte",NA
"2663","5031","EF0421B0035",2021-04-20,"Total Kjeldahl Nitrogen","0.412","0.1","mg/L as N",NA,"N","N","Ryer Island","38.081693",-122.017833,"18:40","Bryte",NA
"2664","5022","EF0421B0039",2021-04-20,"Dissolved Ammonia","<0.05","0.05","mg/L as N",NA,"N","N","Grizzly Bay","38.128725",-121.997541,"21:13","Bryte",NA
"2665","5022","EF0421B0039",2021-04-20,"Chlorophyll a","0.58","0.5","ug/L",NA,"N","N","Grizzly Bay","38.128725",-121.997541,"21:13","Bryte",NA
"2666","5022","EF0421B0039",2021-04-20,"Dissolved Nitrate + Nitrite","0.419","0.05","mg/L as N",NA,"Y","N","Grizzly Bay","38.128725",-121.997541,"21:13","Bryte",NA
"2667","5022","EF0421B0039",2021-04-20,"Dissolved Organic Carbon","2.3","0.5","mg/L as C",NA,"N","N","Grizzly Bay","38.128725",-121.997541,"21:13","Bryte",NA
"2668","5022","EF0421B0039",2021-04-20,"Total Organic Carbon","2.2","0.5","mg/L as C",NA,"N","N","Grizzly Bay","38.128725",-121.997541,"21:13","Bryte",NA
"2669","5022","EF0421B0039",2021-04-20,"Dissolved Organic Nitrogen","0.21","0.1","mg/L as N",NA,"N","N","Grizzly Bay","38.128725",-121.997541,"21:13","Bryte",NA
"2670","5022","EF0421B0039",2021-04-20,"Dissolved ortho-Phosphate","<0.05","0.05","mg/L as P",NA,"N","N","Grizzly Bay","38.128725",-121.997541,"21:13","Bryte",NA
"2671","5022","EF0421B0039",2021-04-20,"Pheophytin a","0.78","0.5","ug/L",NA,"N","N","Grizzly Bay","38.128725",-121.997541,"21:13","Bryte",NA
"2672","5022","EF0421B0039",2021-04-20,"Total Phosphorus","0.249","0.01","mg/L as P",NA,"N","N","Grizzly Bay","38.128725",-121.997541,"21:13","Bryte",NA
"2673","5022","EF0421B0039",2021-04-20,"Total Kjeldahl Nitrogen","0.719","0.1","mg/L as N",NA,"N","N","Grizzly Bay","38.128725",-121.997541,"21:13","Bryte",NA
"2674","4722","EF0421B0038",2021-04-21,"Dissolved Ammonia","0.061","0.05","mg/L as N",NA,"N","N","Chipps Island","38.056988",-121.914831,"20:38","Bryte",NA
"2675","4722","EF0421B0038",2021-04-21,"Chlorophyll a","1.64","0.5","ug/L",NA,"N","N","Chipps Island","38.056988",-121.914831,"20:38","Bryte",NA
"2676","4722","EF0421B0038",2021-04-21,"Dissolved Nitrate + Nitrite","0.428","0.05","mg/L as N",NA,"Y","N","Chipps Island","38.056988",-121.914831,"20:38","Bryte",NA
"2677","4722","EF0421B0038",2021-04-21,"Dissolved Organic Carbon","2.4","0.5","mg/L as C",NA,"N","N","Chipps Island","38.056988",-121.914831,"20:38","Bryte",NA
"2678","4722","EF0421B0038",2021-04-21,"Total Organic Carbon","2.3","0.5","mg/L as C",NA,"N","N","Chipps Island","38.056988",-121.914831,"20:38","Bryte",NA
"2679","4722","EF0421B0038",2021-04-21,"Dissolved Organic Nitrogen","0.3","0.1","mg/L as N",NA,"N","N","Chipps Island","38.056988",-121.914831,"20:38","Bryte",NA
"2680","4722","EF0421B0038",2021-04-21,"Dissolved ortho-Phosphate","0.081","0.05","mg/L as P",NA,"N","N","Chipps Island","38.056988",-121.914831,"20:38","Bryte",NA
"2681","4722","EF0421B0038",2021-04-21,"Pheophytin a","1.25","0.5","ug/L",NA,"N","N","Chipps Island","38.056988",-121.914831,"20:38","Bryte",NA
"2682","4722","EF0421B0038",2021-04-21,"Total Phosphorus","0.116","0.01","mg/L as P",NA,"N","N","Chipps Island","38.056988",-121.914831,"20:38","Bryte",NA
"2683","4722","EF0421B0038",2021-04-21,"Total Kjeldahl Nitrogen","0.44","0.1","mg/L as N",NA,"N","N","Chipps Island","38.056988",-121.914831,"20:38","Bryte",NA
"2684","4670","EF0421B0040",2021-04-22,"Dissolved Ammonia","<0.05","0.05","mg/L as N",NA,"N","N","Tule Red","38.115829",-121.978403,"19:01","Bryte",NA
"2685","4670","EF0421B0040",2021-04-22,"Chlorophyll a","2.47","0.5","ug/L",NA,"N","N","Tule Red","38.115829",-121.978403,"19:01","Bryte",NA
"2686","4670","EF0421B0040",2021-04-22,"Dissolved Nitrate + Nitrite","<0.05","0.05","mg/L as N",NA,"Y","N","Tule Red","38.115829",-121.978403,"19:01","Bryte",NA
"2687","4670","EF0421B0040",2021-04-22,"Dissolved Organic Carbon","3.9","0.5","mg/L as C",NA,"N","N","Tule Red","38.115829",-121.978403,"19:01","Bryte",NA
"2688","4670","EF0421B0040",2021-04-22,"Total Organic Carbon","4.5","0.5","mg/L as C",NA,"N","N","Tule Red","38.115829",-121.978403,"19:01","Bryte",NA
"2689","4670","EF0421B0040",2021-04-22,"Dissolved Organic Nitrogen","0.46","0.1","mg/L as N",NA,"N","N","Tule Red","38.115829",-121.978403,"19:01","Bryte",NA
"2690","4670","EF0421B0040",2021-04-22,"Dissolved ortho-Phosphate","<0.05","0.05","mg/L as P",NA,"N","N","Tule Red","38.115829",-121.978403,"19:01","Bryte",NA
"2691","4670","EF0421B0040",2021-04-22,"Pheophytin a","1.63","0.5","ug/L",NA,"N","N","Tule Red","38.115829",-121.978403,"19:01","Bryte",NA
"2692","4670","EF0421B0040",2021-04-22,"Total Phosphorus","0.061","0.01","mg/L as P",NA,"N","N","Tule Red","38.115829",-121.978403,"19:01","Bryte",NA
"2693","4670","EF0421B0040",2021-04-22,"Total Kjeldahl Nitrogen","0.74","0.1","mg/L as N",NA,"N","N","Tule Red","38.115829",-121.978403,"19:01","Bryte",NA
"2694","4671","EF0421B0041",2021-04-22,"Dissolved Ammonia","<0.05","0.05","mg/L as N",NA,"N","N","Tule Red","38.132975",-121.994948,"21:00","Bryte",NA
"2695","4671","EF0421B0041",2021-04-22,"Dissolved Nitrate + Nitrite","<0.05","0.05","mg/L as N",NA,"Y","N","Tule Red","38.132975",-121.994948,"21:00","Bryte",NA
"2696","4671","EF0421B0041",2021-04-22,"Dissolved Organic Carbon","7.1","0.5","mg/L as C",NA,"N","N","Tule Red","38.132975",-121.994948,"21:00","Bryte",NA
"2697","4671","EF0421B0041",2021-04-22,"Total Organic Carbon","8","0.5","mg/L as C",NA,"N","N","Tule Red","38.132975",-121.994948,"21:00","Bryte",NA
"2698","4671","EF0421B0041",2021-04-22,"Dissolved Organic Nitrogen","0.62","0.1","mg/L as N",NA,"N","N","Tule Red","38.132975",-121.994948,"21:00","Bryte",NA
"2699","4671","EF0421B0041",2021-04-22,"Dissolved ortho-Phosphate","0.143","0.05","mg/L as P",NA,"N","N","Tule Red","38.132975",-121.994948,"21:00","Bryte",NA
"2700","4671","EF0421B0041",2021-04-22,"Total Phosphorus","0.21","0.01","mg/L as P",NA,"N","N","Tule Red","38.132975",-121.994948,"21:00","Bryte",NA
"2701","4671","EF0421B0041",2021-04-22,"Total Kjeldahl Nitrogen","0.84","0.1","mg/L as N",NA,"N","N","Tule Red","38.132975",-121.994948,"21:00","Bryte",NA
"2702","4667","EF0421B0043",2021-04-22,"Dissolved Ammonia","<0.05","0.05","mg/L as N",NA,"N","N","Tule Red",NA,NA,"21:30","Bryte","no GPS available; Tule Red #10"
"2703","4667","EF0421B0043",2021-04-22,"Chlorophyll a","0.57","0.5","ug/L",NA,"N","N","Tule Red",NA,NA,"21:30","Bryte","no GPS available; Tule Red #10"
"2704","4667","EF0421B0043",2021-04-22,"Dissolved Nitrate + Nitrite","0.27","0.05","mg/L as N",NA,"Y","N","Tule Red",NA,NA,"21:30","Bryte","no GPS available; Tule Red #10"
"2705","4667","EF0421B0043",2021-04-22,"Dissolved Organic Carbon","2.7","0.5","mg/L as C",NA,"N","N","Tule Red",NA,NA,"21:30","Bryte","no GPS available; Tule Red #10"
"2706","4667","EF0421B0043",2021-04-22,"Total Organic Carbon","3.1","0.5","mg/L as C",NA,"N","N","Tule Red",NA,NA,"21:30","Bryte","no GPS available; Tule Red #10"
"2707","4667","EF0421B0043",2021-04-22,"Dissolved Organic Nitrogen","0.26","0.1","mg/L as N",NA,"N","N","Tule Red",NA,NA,"21:30","Bryte","no GPS available; Tule Red #10"
"2708","4667","EF0421B0043",2021-04-22,"Dissolved ortho-Phosphate","0.066","0.05","mg/L as P",NA,"N","N","Tule Red",NA,NA,"21:30","Bryte","no GPS available; Tule Red #10"
"2709","4667","EF0421B0043",2021-04-22,"Pheophytin a","1.08","0.5","ug/L",NA,"N","N","Tule Red",NA,NA,"21:30","Bryte","no GPS available; Tule Red #10"
"2710","4667","EF0421B0043",2021-04-22,"Total Phosphorus","0.136","0.01","mg/L as P",NA,"N","N","Tule Red",NA,NA,"21:30","Bryte","no GPS available; Tule Red #10"
"2711","4667","EF0421B0043",2021-04-22,"Total Kjeldahl Nitrogen","0.43","0.1","mg/L as N",NA,"N","N","Tule Red",NA,NA,"21:30","Bryte","no GPS available; Tule Red #10"
"2712","4672","EF0421B0042",2021-04-22,"Dissolved Ammonia","<0.05","0.05","mg/L as N",NA,"N","N","Tule Red","38.128166",-121.99068,"23:30","Bryte",NA
"2713","4668","EF0421B0044",2021-04-22,"Dissolved Ammonia","0.059","0.05","mg/L as N",NA,"N","N","Tule Red",NA,NA,"23:30","Bryte","no GPS available"
"2714","4672","EF0421B0042",2021-04-22,"Dissolved Nitrate + Nitrite","<0.05","0.05","mg/L as N",NA,"Y","N","Tule Red","38.128166",-121.99068,"23:30","Bryte",NA
"2715","4668","EF0421B0044",2021-04-22,"Dissolved Nitrate + Nitrite","0.297","0.05","mg/L as N",NA,"Y","N","Tule Red",NA,NA,"23:30","Bryte","no GPS available"
"2716","4672","EF0421B0042",2021-04-22,"Dissolved Organic Carbon","8.3","0.5","mg/L as C",NA,"N","N","Tule Red","38.128166",-121.99068,"23:30","Bryte",NA
"2717","4668","EF0421B0044",2021-04-22,"Dissolved Organic Carbon","4","0.5","mg/L as C",NA,"N","N","Tule Red",NA,NA,"23:30","Bryte","no GPS available"
"2718","4668","EF0421B0044",2021-04-22,"Total Organic Carbon","4.2","0.5","mg/L as C",NA,"N","N","Tule Red",NA,NA,"23:30","Bryte","no GPS available"
"2719","4672","EF0421B0042",2021-04-22,"Total Organic Carbon","9.1","0.5","mg/L as C",NA,"N","N","Tule Red","38.128166",-121.99068,"23:30","Bryte",NA
"2720","4672","EF0421B0042",2021-04-22,"Dissolved Organic Nitrogen","0.75","0.1","mg/L as N",NA,"N","N","Tule Red","38.128166",-121.99068,"23:30","Bryte",NA
"2721","4668","EF0421B0044",2021-04-22,"Dissolved Organic Nitrogen","0.4","0.1","mg/L as N",NA,"N","N","Tule Red",NA,NA,"23:30","Bryte","no GPS available"
"2722","4672","EF0421B0042",2021-04-22,"Dissolved ortho-Phosphate","0.068","0.05","mg/L as P",NA,"N","N","Tule Red","38.128166",-121.99068,"23:30","Bryte",NA
"2723","4668","EF0421B0044",2021-04-22,"Dissolved ortho-Phosphate","<0.05","0.05","mg/L as P",NA,"N","N","Tule Red",NA,NA,"23:30","Bryte","no GPS available"
"2724","4668","EF0421B0044",2021-04-22,"Total Phosphorus","0.108","0.01","mg/L as P",NA,"N","N","Tule Red",NA,NA,"23:30","Bryte","no GPS available"
"2725","4672","EF0421B0042",2021-04-22,"Total Phosphorus","0.127","0.01","mg/L as P",NA,"N","N","Tule Red","38.128166",-121.99068,"23:30","Bryte",NA
"2726","4668","EF0421B0044",2021-04-22,"Total Kjeldahl Nitrogen","0.598","0.1","mg/L as N",NA,"N","N","Tule Red",NA,NA,"23:30","Bryte","no GPS available"
"2727","4672","EF0421B0042",2021-04-22,"Total Kjeldahl Nitrogen","1.09","0.1","mg/L as N",NA,"N","N","Tule Red","38.128166",-121.99068,"23:30","Bryte",NA
"2728","4674","EF0421B0047",2021-04-26,"Dissolved Ammonia","<0.05","0.05","mg/L as N",NA,"N","N","Tule Red","38.133552",-121.995974,"00:50","Bryte",NA
"2729","4674","EF0421B0047",2021-04-26,"Dissolved Nitrate + Nitrite","0.408","0.05","mg/L as N",NA,"N","N","Tule Red","38.133552",-121.995974,"00:50","Bryte",NA
"2730","4674","EF0421B0047",2021-04-26,"Dissolved Organic Carbon","2.4","0.5","mg/L as C",NA,"N","N","Tule Red","38.133552",-121.995974,"00:50","Bryte",NA
"2731","4674","EF0421B0047",2021-04-26,"Total Organic Carbon","2.2","0.5","mg/L as C",NA,"N","N","Tule Red","38.133552",-121.995974,"00:50","Bryte",NA
"2732","4674","EF0421B0047",2021-04-26,"Dissolved Organic Nitrogen","0.41","0.1","mg/L as N",NA,"N","N","Tule Red","38.133552",-121.995974,"00:50","Bryte",NA
"2733","4674","EF0421B0047",2021-04-26,"Dissolved ortho-Phosphate","0.102","0.05","mg/L as P",NA,"N","N","Tule Red","38.133552",-121.995974,"00:50","Bryte",NA
"2734","4674","EF0421B0047",2021-04-26,"Total Phosphorus","0.305","0.01","mg/L as P",NA,"N","N","Tule Red","38.133552",-121.995974,"00:50","Bryte",NA
"2735","4674","EF0421B0047",2021-04-26,"Total Kjeldahl Nitrogen","1.302","0.1","mg/L as N",NA,"N","N","Tule Red","38.133552",-121.995974,"00:50","Bryte",NA
"2736","4669","EF0421B0045",2021-04-22,"Dissolved Ammonia","0.077","0.05","mg/L as N",NA,"N","N","Tule Red","38.12113",-121.982006,"01:00","Bryte",NA
"2737","4669","EF0421B0045",2021-04-22,"Dissolved Nitrate + Nitrite","0.199","0.05","mg/L as N",NA,"Y","N","Tule Red","38.12113",-121.982006,"01:00","Bryte",NA
"2738","4669","EF0421B0045",2021-04-22,"Dissolved Organic Carbon","4.8","0.5","mg/L as C",NA,"N","N","Tule Red","38.12113",-121.982006,"01:00","Bryte",NA
"2739","4669","EF0421B0045",2021-04-22,"Total Organic Carbon","5","0.5","mg/L as C",NA,"N","N","Tule Red","38.12113",-121.982006,"01:00","Bryte",NA
"2740","4669","EF0421B0045",2021-04-22,"Dissolved Organic Nitrogen","0.42","0.1","mg/L as N",NA,"N","N","Tule Red","38.12113",-121.982006,"01:00","Bryte",NA
"2741","4669","EF0421B0045",2021-04-22,"Dissolved ortho-Phosphate","<0.05","0.05","mg/L as P",NA,"N","N","Tule Red","38.12113",-121.982006,"01:00","Bryte",NA
"2742","4669","EF0421B0045",2021-04-22,"Total Phosphorus","0.103","0.01","mg/L as P",NA,"N","N","Tule Red","38.12113",-121.982006,"01:00","Bryte",NA
"2743","4669","EF0421B0045",2021-04-22,"Total Kjeldahl Nitrogen","0.67","0.1","mg/L as N",NA,"N","N","Tule Red","38.12113",-121.982006,"01:00","Bryte",NA
"2744","4675","EF0421B0048",2021-04-26,"Dissolved Ammonia","0.052","0.05","mg/L as N",NA,"N","N","Tule Red","38.12818",-121.987328,"01:43","Bryte",NA
"2745","4675","EF0421B0048",2021-04-26,"Dissolved Ammonia","0.05","0.05","mg/L as N",NA,"N","N","Tule Red","38.12818",-121.987328,"01:43","Bryte",NA
"2746","4675","EF0421B0048",2021-04-26,"Chlorophyll a","1.38","0.5","ug/L",NA,"N","N","Tule Red","38.12818",-121.987328,"01:43","Bryte",NA
"2747","4675","EF0421B0048",2021-04-26,"Dissolved Nitrate + Nitrite","0.378","0.05","mg/L as N",NA,"N","N","Tule Red","38.12818",-121.987328,"01:43","Bryte",NA
"2748","4675","EF0421B0048",2021-04-26,"Dissolved Nitrate + Nitrite","0.379","0.05","mg/L as N",NA,"N","N","Tule Red","38.12818",-121.987328,"01:43","Bryte",NA
"2749","4675","EF0421B0048",2021-04-26,"Dissolved Organic Carbon","2.5","0.5","mg/L as C",NA,"N","N","Tule Red","38.12818",-121.987328,"01:43","Bryte",NA
"2750","4675","EF0421B0048",2021-04-26,"Total Organic Carbon","2.4","0.5","mg/L as C",NA,"N","N","Tule Red","38.12818",-121.987328,"01:43","Bryte",NA
"2751","4675","EF0421B0048",2021-04-26,"Dissolved Organic Nitrogen","0.29","0.1","mg/L as N",NA,"N","N","Tule Red","38.12818",-121.987328,"01:43","Bryte",NA
"2752","4675","EF0421B0048",2021-04-26,"Dissolved ortho-Phosphate","0.078","0.05","mg/L as P",NA,"N","N","Tule Red","38.12818",-121.987328,"01:43","Bryte",NA
"2753","4675","EF0421B0048",2021-04-26,"Dissolved ortho-Phosphate","0.079","0.05","mg/L as P",NA,"N","N","Tule Red","38.12818",-121.987328,"01:43","Bryte",NA
"2754","4675","EF0421B0048",2021-04-26,"Pheophytin a","1.58","0.5","ug/L",NA,"N","N","Tule Red","38.12818",-121.987328,"01:43","Bryte",NA
"2755","4675","EF0421B0048",2021-04-26,"Total Phosphorus","0.132","0.01","mg/L as P",NA,"N","N","Tule Red","38.12818",-121.987328,"01:43","Bryte",NA
"2756","4675","EF0421B0048",2021-04-26,"Total Kjeldahl Nitrogen","0.451","0.1","mg/L as N",NA,"N","N","Tule Red","38.12818",-121.987328,"01:43","Bryte",NA
"2757","4619","EF0421B0057",2021-05-03,"Dissolved Ammonia","0.164","0.05","mg/L as N",NA,"N","N","Rush Ranch","38.200503",-122.031415,"18:30","Bryte",NA
"2758","4619","EF0421B0057",2021-05-03,"Chlorophyll a","2.57","0.5","ug/L",NA,"N","Y","Rush Ranch","38.200503",-122.031415,"18:30","Bryte",NA
"2759","4619","EF0421B0057",2021-05-03,"Dissolved Nitrate + Nitrite","0.916","0.05","mg/L as N",NA,"Y","N","Rush Ranch","38.200503",-122.031415,"18:30","Bryte",NA
"2760","4619","EF0421B0057",2021-05-03,"Dissolved Organic Carbon","10.2","0.5","mg/L as C",NA,"N","N","Rush Ranch","38.200503",-122.031415,"18:30","Bryte",NA
"2761","4619","EF0421B0057",2021-05-03,"Total Organic Carbon","10.4","0.5","mg/L as C",NA,"N","N","Rush Ranch","38.200503",-122.031415,"18:30","Bryte",NA
"2762","4619","EF0421B0057",2021-05-03,"Dissolved Organic Nitrogen","1.03","0.1","mg/L as N",NA,"N","N","Rush Ranch","38.200503",-122.031415,"18:30","Bryte",NA
"2763","4619","EF0421B0057",2021-05-03,"Dissolved ortho-Phosphate","0.196","0.05","mg/L as P",NA,"N","N","Rush Ranch","38.200503",-122.031415,"18:30","Bryte",NA
"2764","4619","EF0421B0057",2021-05-03,"Pheophytin a","10.5","0.5","ug/L",NA,"N","Y","Rush Ranch","38.200503",-122.031415,"18:30","Bryte",NA
"2765","4619","EF0421B0057",2021-05-03,"Total Phosphorus","0.354","0.01","mg/L as P",NA,"N","N","Rush Ranch","38.200503",-122.031415,"18:30","Bryte",NA
"2766","4619","EF0421B0057",2021-05-03,"Total Kjeldahl Nitrogen","1.53","0.1","mg/L as N",NA,"N","N","Rush Ranch","38.200503",-122.031415,"18:30","Bryte",NA
"2767","4611","EF0421B0060",2021-05-04,"Dissolved Ammonia","0.182","0.05","mg/L as N",NA,"N","N","Wings Landing","38.225148",-122.041568,"18:00","Bryte",NA
"2768","4611","EF0421B0060",2021-05-04,"Chlorophyll a","4.73","0.5","ug/L",NA,"N","N","Wings Landing","38.225148",-122.041568,"18:00","Bryte",NA
"2769","4611","EF0421B0060",2021-05-04,"Dissolved Nitrate + Nitrite","1.42","0.05","mg/L as N",NA,"Y","N","Wings Landing","38.225148",-122.041568,"18:00","Bryte",NA
"2770","4611","EF0421B0060",2021-05-04,"Dissolved Organic Carbon","10.9","0.5","mg/L as C",NA,"N","N","Wings Landing","38.225148",-122.041568,"18:00","Bryte",NA
"2771","4611","EF0421B0060",2021-05-04,"Total Organic Carbon","10.8","0.5","mg/L as C",NA,"N","N","Wings Landing","38.225148",-122.041568,"18:00","Bryte",NA
"2772","4611","EF0421B0060",2021-05-04,"Dissolved Organic Nitrogen","1","0.1","mg/L as N",NA,"N","N","Wings Landing","38.225148",-122.041568,"18:00","Bryte",NA
"2773","4611","EF0421B0060",2021-05-04,"Dissolved ortho-Phosphate","0.25","0.05","mg/L as P",NA,"N","N","Wings Landing","38.225148",-122.041568,"18:00","Bryte",NA
"2774","4611","EF0421B0060",2021-05-04,"Pheophytin a","3.59","0.5","ug/L",NA,"N","N","Wings Landing","38.225148",-122.041568,"18:00","Bryte",NA
"2775","4611","EF0421B0060",2021-05-04,"Total Phosphorus","0.413","0.01","mg/L as P",NA,"N","N","Wings Landing","38.225148",-122.041568,"18:00","Bryte",NA
"2776","4611","EF0421B0060",2021-05-04,"Total Kjeldahl Nitrogen","1.64","0.1","mg/L as N",NA,"N","N","Wings Landing","38.225148",-122.041568,"18:00","Bryte",NA
"2777","4617","EF0421B0062",2021-05-04,"Dissolved Ammonia","0.199","0.05","mg/L as N",NA,"N","N","Peytonia-Suisun","38.212279",-122.034613,"23:30","Bryte",NA
"2778","4617","EF0421B0062",2021-05-04,"Dissolved Ammonia","0.181","0.05","mg/L as N",NA,"N","N","Peytonia-Suisun","38.212279",-122.034613,"23:30","Bryte",NA
"2779","4617","EF0421B0062",2021-05-04,"Dissolved Nitrate + Nitrite","1.48","0.05","mg/L as N",NA,"Y","N","Peytonia-Suisun","38.212279",-122.034613,"23:30","Bryte",NA
"2780","4617","EF0421B0062",2021-05-04,"Dissolved Organic Carbon","11.3","0.5","mg/L as C",NA,"N","N","Peytonia-Suisun","38.212279",-122.034613,"23:30","Bryte",NA
"2781","4617","EF0421B0062",2021-05-04,"Total Organic Carbon","11.6","0.5","mg/L as C",NA,"N","N","Peytonia-Suisun","38.212279",-122.034613,"23:30","Bryte",NA
"2782","4617","EF0421B0062",2021-05-04,"Dissolved Organic Nitrogen","1.03","0.1","mg/L as N",NA,"N","N","Peytonia-Suisun","38.212279",-122.034613,"23:30","Bryte",NA
"2783","4617","EF0421B0062",2021-05-04,"Dissolved ortho-Phosphate","0.284","0.05","mg/L as P",NA,"N","N","Peytonia-Suisun","38.212279",-122.034613,"23:30","Bryte",NA
"2784","4617","EF0421B0062",2021-05-04,"Dissolved ortho-Phosphate","0.283","0.05","mg/L as P",NA,"N","N","Peytonia-Suisun","38.212279",-122.034613,"23:30","Bryte",NA
"2785","4617","EF0421B0062",2021-05-04,"Total Phosphorus","0.477","0.01","mg/L as P",NA,"N","N","Peytonia-Suisun","38.212279",-122.034613,"23:30","Bryte",NA
"2786","4617","EF0421B0062",2021-05-04,"Total Kjeldahl Nitrogen","1.83","0.1","mg/L as N",NA,"N","N","Peytonia-Suisun","38.212279",-122.034613,"23:30","Bryte",NA
"2787","5221","EF0821B0078",2021-08-12,"Dissolved Ammonia","<0.05","0.05","mg/L as N",NA,"N","N","Liberty Island","38.282669",-121.683669,"17:37","Bryte",NA
"2788","5221","EF0821B0078",2021-08-12,"Chlorophyll a","1.22","0.5","ug/L",NA,"N","N","Liberty Island","38.282669",-121.683669,"17:37","Bryte",NA
"2789","5221","EF0821B0078",2021-08-12,"Dissolved Nitrate + Nitrite","<0.05","0.05","mg/L as N",NA,"N","N","Liberty Island","38.282669",-121.683669,"17:37","Bryte",NA
"2790","5221","EF0821B0078",2021-08-12,"Dissolved Organic Carbon","2.7","0.5","mg/L as C",NA,"N","N","Liberty Island","38.282669",-121.683669,"17:37","Bryte",NA
"2791","5221","EF0821B0078",2021-08-12,"Total Organic Carbon","2.5","0.5","mg/L as C",NA,"N","N","Liberty Island","38.282669",-121.683669,"17:37","Bryte",NA
"2792","5221","EF0821B0078",2021-08-12,"Dissolved Organic Nitrogen","0.22","0.1","mg/L as N",NA,"N","N","Liberty Island","38.282669",-121.683669,"17:37","Bryte",NA
"2793","5221","EF0821B0078",2021-08-12,"Dissolved ortho-Phosphate","0.074","0.05","mg/L as P",NA,"N","N","Liberty Island","38.282669",-121.683669,"17:37","Bryte",NA
"2794","5221","EF0821B0078",2021-08-12,"Pheophytin a","0.67","0.5","ug/L",NA,"N","N","Liberty Island","38.282669",-121.683669,"17:37","Bryte",NA
"2795","5221","EF0821B0078",2021-08-12,"Total Phosphorus","0.071","0.01","mg/L as P",NA,"N","N","Liberty Island","38.282669",-121.683669,"17:37","Bryte",NA
"2796","5221","EF0821B0078",2021-08-12,"Total Suspended Solids","4","2.5","mg/L",NA,"N","N","Liberty Island","38.282669",-121.683669,"17:37","Bryte",NA
"2797","5221","EF0821B0078",2021-08-12,"Total Kjeldahl Nitrogen","0.537","0.1","mg/L as N",NA,"N","Y","Liberty Island","38.282669",-121.683669,"17:37","Bryte",NA
"2798","5266","EF0821B0079",2021-08-13,"Dissolved Ammonia","<0.05","0.05","mg/L as N",NA,"N","N","Yolo Flyway Farms","38.361287",-121.643016,"20:45","Bryte",NA
"2799","5266","EF0821B0079",2021-08-13,"Chlorophyll a","1.98","0.5","ug/L",NA,"N","N","Yolo Flyway Farms","38.361287",-121.643016,"20:45","Bryte",NA
"2800","5266","EF0821B0079",2021-08-13,"Dissolved Nitrate + Nitrite","<0.05","0.05","mg/L as N",NA,"N","N","Yolo Flyway Farms","38.361287",-121.643016,"20:45","Bryte",NA
"2801","5266","EF0821B0079",2021-08-13,"Dissolved Organic Carbon","3.1","0.5","mg/L as C",NA,"N","N","Yolo Flyway Farms","38.361287",-121.643016,"20:45","Bryte",NA
"2802","5266","EF0821B0079",2021-08-13,"Total Organic Carbon","3.1","0.5","mg/L as C",NA,"N","N","Yolo Flyway Farms","38.361287",-121.643016,"20:45","Bryte",NA
"2803","5266","EF0821B0079",2021-08-13,"Dissolved Organic Nitrogen","0.24","0.1","mg/L as N",NA,"N","N","Yolo Flyway Farms","38.361287",-121.643016,"20:45","Bryte",NA
"2804","5266","EF0821B0079",2021-08-13,"Dissolved ortho-Phosphate","0.094","0.05","mg/L as P",NA,"N","N","Yolo Flyway Farms","38.361287",-121.643016,"20:45","Bryte",NA
"2805","5266","EF0821B0079",2021-08-13,"Pheophytin a","1.45","0.5","ug/L",NA,"N","N","Yolo Flyway Farms","38.361287",-121.643016,"20:45","Bryte",NA
"2806","5266","EF0821B0079",2021-08-13,"Total Phosphorus","0.103","0.01","mg/L as P",NA,"N","N","Yolo Flyway Farms","38.361287",-121.643016,"20:45","Bryte",NA
"2807","5266","EF0821B0079",2021-08-13,"Total Suspended Solids","12","2.5","mg/L",NA,"N","N","Yolo Flyway Farms","38.361287",-121.643016,"20:45","Bryte",NA
"2808","5266","EF0821B0079",2021-08-13,"Total Kjeldahl Nitrogen","0.335","0.1","mg/L as N",NA,"N","N","Yolo Flyway Farms","38.361287",-121.643016,"20:45","Bryte",NA
"2809","5174","EF0821B0083",2021-08-16,"Dissolved Ammonia","<0.05","0.05","mg/L as N",NA,"N","N","Ryer Island","38.080971",-122.20146,"20:00","Bryte",NA
"2810","5174","EF0821B0083",2021-08-16,"Chlorophyll a","3.42","0.5","ug/L",NA,"N","N","Ryer Island","38.080971",-122.20146,"20:00","Bryte",NA
"2811","5174","EF0821B0083",2021-08-16,"Dissolved Nitrate + Nitrite","0.135","0.05","mg/L as N",NA,"N","N","Ryer Island","38.080971",-122.20146,"20:00","Bryte",NA
"2812","5174","EF0821B0083",2021-08-16,"Dissolved Organic Carbon","1.4","0.5","mg/L as C",NA,"N","N","Ryer Island","38.080971",-122.20146,"20:00","Bryte",NA
"2813","5174","EF0821B0083",2021-08-16,"Total Organic Carbon","1.4","0.5","mg/L as C",NA,"N","N","Ryer Island","38.080971",-122.20146,"20:00","Bryte",NA
"2814","5174","EF0821B0083",2021-08-16,"Dissolved Organic Nitrogen","0.18","0.1","mg/L as N",NA,"N","N","Ryer Island","38.080971",-122.20146,"20:00","Bryte",NA
"2815","5174","EF0821B0083",2021-08-16,"Dissolved ortho-Phosphate","0.107","0.05","mg/L as P",NA,"N","N","Ryer Island","38.080971",-122.20146,"20:00","Bryte",NA
"2816","5174","EF0821B0083",2021-08-16,"Pheophytin a","0.69","0.5","ug/L",NA,"N","N","Ryer Island","38.080971",-122.20146,"20:00","Bryte",NA
"2817","5174","EF0821B0083",2021-08-16,"Total Phosphorus","0.113","0.01","mg/L as P",NA,"N","N","Ryer Island","38.080971",-122.20146,"20:00","Bryte",NA
"2818","5174","EF0821B0083",2021-08-16,"Total Suspended Solids","15.3","2.5","mg/L",NA,"N","N","Ryer Island","38.080971",-122.20146,"20:00","Bryte",NA
"2819","5174","EF0821B0083",2021-08-16,"Total Kjeldahl Nitrogen","0.269","0.1","mg/L as N",NA,"N","N","Ryer Island","38.080971",-122.20146,"20:00","Bryte",NA
"2820","5166","EF0821B0085",2021-08-17,"Dissolved Ammonia","<0.05","0.05","mg/L as N",NA,"N","N","Tule Red","38.123097",-121.980866,"20:35","Bryte",NA
"2821","5166","EF0821B0085",2021-08-17,"Chlorophyll a","3.08","0.5","ug/L",NA,"N","N","Tule Red","38.123097",-121.980866,"20:35","Bryte",NA
"2822","5166","EF0821B0085",2021-08-17,"Dissolved Nitrate + Nitrite","0.069","0.05","mg/L as N",NA,"N","N","Tule Red","38.123097",-121.980866,"20:35","Bryte",NA
"2823","5166","EF0821B0085",2021-08-17,"Dissolved Organic Carbon","2.9","0.5","mg/L as C",NA,"N","N","Tule Red","38.123097",-121.980866,"20:35","Bryte",NA
"2824","5166","EF0821B0085",2021-08-17,"Total Organic Carbon","2.9","0.5","mg/L as C",NA,"N","N","Tule Red","38.123097",-121.980866,"20:35","Bryte",NA
"2825","5166","EF0821B0085",2021-08-17,"Dissolved Organic Nitrogen","0.35","0.1","mg/L as N",NA,"N","N","Tule Red","38.123097",-121.980866,"20:35","Bryte",NA
"2826","5166","EF0821B0085",2021-08-17,"Dissolved ortho-Phosphate","<0.05","0.05","mg/L as P",NA,"N","N","Tule Red","38.123097",-121.980866,"20:35","Bryte",NA
"2827","5166","EF0821B0085",2021-08-17,"Pheophytin a","0.89","0.5","ug/L",NA,"N","N","Tule Red","38.123097",-121.980866,"20:35","Bryte",NA
"2828","5166","EF0821B0085",2021-08-17,"Total Phosphorus","0.063","0.01","mg/L as P",NA,"N","N","Tule Red","38.123097",-121.980866,"20:35","Bryte",NA
"2829","5166","EF0821B0085",2021-08-17,"Total Suspended Solids","37.3","2.5","mg/L",NA,"N","N","Tule Red","38.123097",-121.980866,"20:35","Bryte",NA
"2830","5166","EF0821B0085",2021-08-17,"Total Kjeldahl Nitrogen","0.48","0.1","mg/L as N",NA,"N","N","Tule Red","38.123097",-121.980866,"20:35","Bryte",NA
"2831","5131","EF0821B0102",2021-08-26,"Dissolved Ammonia","<0.05","0.05","mg/L as N",NA,"N","N","Decker Island","38.08439",-121.72392,"17:40","Bryte",NA
"2832","5131","EF0821B0102",2021-08-26,"Chlorophyll a","1.51","0.5","ug/L",NA,"N","N","Decker Island","38.08439",-121.72392,"17:40","Bryte",NA
"2833","5131","EF0821B0102",2021-08-26,"Dissolved Nitrate + Nitrite","<0.05","0.05","mg/L as N",NA,"N","N","Decker Island","38.08439",-121.72392,"17:40","Bryte",NA
"2834","5131","EF0821B0102",2021-08-26,"Dissolved Organic Carbon","2.8","0.5","mg/L as C",NA,"N","N","Decker Island","38.08439",-121.72392,"17:40","Bryte",NA
"2835","5131","EF0821B0102",2021-08-26,"Total Organic Carbon","2.8","0.5","mg/L as C",NA,"N","N","Decker Island","38.08439",-121.72392,"17:40","Bryte",NA
"2836","5131","EF0821B0102",2021-08-26,"Dissolved Organic Nitrogen","0.15","0.1","mg/L as N",NA,"N","N","Decker Island","38.08439",-121.72392,"17:40","Bryte",NA
"2837","5131","EF0821B0102",2021-08-26,"Dissolved ortho-Phosphate","0.069","0.05","mg/L as P",NA,"N","N","Decker Island","38.08439",-121.72392,"17:40","Bryte",NA
"2838","5131","EF0821B0102",2021-08-26,"Pheophytin a","1.32","0.5","ug/L",NA,"N","N","Decker Island","38.08439",-121.72392,"17:40","Bryte",NA
"2839","5131","EF0821B0102",2021-08-26,"Total Phosphorus","0.085","0.01","mg/L as P",NA,"N","N","Decker Island","38.08439",-121.72392,"17:40","Bryte",NA
"2840","5131","EF0821B0102",2021-08-26,"Total Suspended Solids","20","2.5","mg/L",NA,"N","N","Decker Island","38.08439",-121.72392,"17:40","Bryte",NA
"2841","5131","EF0821B0102",2021-08-26,"Total Kjeldahl Nitrogen","0.291","0.1","mg/L as N",NA,"N","N","Decker Island","38.08439",-121.72392,"17:40","Bryte",NA
"2842","5135","EF0821B0104",2021-08-27,"Dissolved Ammonia","<0.05","0.05","mg/L as N",NA,"N","N","Webb Tract Islands and Berms","38.094559",-121.590553,"19:55","Bryte",NA
"2843","5135","EF0821B0104",2021-08-27,"Chlorophyll a","11.3","0.5","ug/L",NA,"N","N","Webb Tract Islands and Berms","38.094559",-121.590553,"19:55","Bryte",NA
"2844","5135","EF0821B0104",2021-08-27,"Dissolved Nitrate + Nitrite","0.06","0.05","mg/L as N",NA,"N","N","Webb Tract Islands and Berms","38.094559",-121.590553,"19:55","Bryte",NA
"2845","5135","EF0821B0104",2021-08-27,"Dissolved Organic Nitrogen","0.17","0.1","mg/L as N",NA,"N","N","Webb Tract Islands and Berms","38.094559",-121.590553,"19:55","Bryte",NA
"2846","5135","EF0821B0104",2021-08-27,"Dissolved ortho-Phosphate","0.076","0.05","mg/L as P",NA,"N","N","Webb Tract Islands and Berms","38.094559",-121.590553,"19:55","Bryte",NA
"2847","5135","EF0821B0104",2021-08-27,"Pheophytin a","1.83","0.5","ug/L",NA,"N","N","Webb Tract Islands and Berms","38.094559",-121.590553,"19:55","Bryte",NA
"2848","5135","EF0821B0104",2021-08-27,"Total Phosphorus","0.072","0.01","mg/L as P",NA,"N","N","Webb Tract Islands and Berms","38.094559",-121.590553,"19:55","Bryte",NA
"2849","5135","EF0821B0104",2021-08-27,"Total Suspended Solids","7.1","2.5","mg/L",NA,"N","N","Webb Tract Islands and Berms","38.094559",-121.590553,"19:55","Bryte",NA
"2850","5135","EF0821B0104",2021-08-27,"Total Kjeldahl Nitrogen","0.289","0.1","mg/L as N",NA,"N","N","Webb Tract Islands and Berms","38.094559",-121.590553,"19:55","Bryte",NA
"2851","5268","EF0821B0113",2021-08-30,"Dissolved Ammonia","<0.05","0.05","mg/L as N",NA,"N","N","Winter Island","38.048663",-121.85217,"20:00","Bryte",NA
"2852","5268","EF0821B0113",2021-08-30,"Chlorophyll a","1.84","0.5","ug/L",NA,"N","N","Winter Island","38.048663",-121.85217,"20:00","Bryte",NA
"2853","5268","EF0821B0113",2021-08-30,"Dissolved Nitrate + Nitrite","0.09","0.05","mg/L as N",NA,"N","N","Winter Island","38.048663",-121.85217,"20:00","Bryte",NA
"2854","5268","EF0821B0113",2021-08-30,"Dissolved Organic Carbon","1.9","0.5","mg/L as C",NA,"N","N","Winter Island","38.048663",-121.85217,"20:00","Bryte",NA
"2855","5268","EF0821B0113",2021-08-30,"Total Organic Carbon","1.9","0.5","mg/L as C",NA,"N","N","Winter Island","38.048663",-121.85217,"20:00","Bryte",NA
"2856","5268","EF0821B0113",2021-08-30,"Dissolved Organic Nitrogen","0.17","0.1","mg/L as N",NA,"N","N","Winter Island","38.048663",-121.85217,"20:00","Bryte",NA
"2857","5268","EF0821B0113",2021-08-30,"Dissolved ortho-Phosphate","0.087","0.05","mg/L as P",NA,"N","N","Winter Island","38.048663",-121.85217,"20:00","Bryte",NA
"2858","5268","EF0821B0113",2021-08-30,"Pheophytin a","0.72","0.5","ug/L",NA,"N","Y","Winter Island","38.048663",-121.85217,"20:00","Bryte",NA
"2859","5268","EF0821B0113",2021-08-30,"Total Phosphorus","0.082","0.01","mg/L as P",NA,"N","N","Winter Island","38.048663",-121.85217,"20:00","Bryte",NA
"2860","5268","EF0821B0113",2021-08-30,"Total Suspended Solids","7.7","2.5","mg/L",NA,"N","N","Winter Island","38.048663",-121.85217,"20:00","Bryte",NA
"2861","5268","EF0821B0113",2021-08-30,"Total Kjeldahl Nitrogen","0.25","0.1","mg/L as N",NA,"N","N","Winter Island","38.048663",-121.85217,"20:00","Bryte",NA
"2862","5182","EF0821B0115",2021-08-31,"Dissolved Ammonia","<0.05","0.05","mg/L as N",NA,"N","N","Browns Island","38.039865",-121.870071,"21:41","Bryte",NA
"2863","5182","EF0821B0115",2021-08-31,"Chlorophyll a","4.4","0.5","ug/L",NA,"N","N","Browns Island","38.039865",-121.870071,"21:41","Bryte",NA
"2864","5182","EF0821B0115",2021-08-31,"Dissolved Nitrate + Nitrite","0.093","0.05","mg/L as N",NA,"N","N","Browns Island","38.039865",-121.870071,"21:41","Bryte",NA
"2865","5182","EF0821B0115",2021-08-31,"Dissolved Organic Carbon","1.6","0.5","mg/L as C",NA,"N","N","Browns Island","38.039865",-121.870071,"21:41","Bryte",NA
"2866","5182","EF0821B0115",2021-08-31,"Total Organic Carbon","1.7","0.5","mg/L as C",NA,"N","N","Browns Island","38.039865",-121.870071,"21:41","Bryte",NA
"2867","5182","EF0821B0115",2021-08-31,"Dissolved Organic Nitrogen","0.15","0.1","mg/L as N",NA,"N","N","Browns Island","38.039865",-121.870071,"21:41","Bryte",NA
"2868","5182","EF0821B0115",2021-08-31,"Dissolved ortho-Phosphate","0.086","0.05","mg/L as P",NA,"N","N","Browns Island","38.039865",-121.870071,"21:41","Bryte",NA
"2869","5182","EF0821B0115",2021-08-31,"Pheophytin a","1.79","0.5","ug/L",NA,"N","N","Browns Island","38.039865",-121.870071,"21:41","Bryte",NA
"2870","5182","EF0821B0115",2021-08-31,"Total Phosphorus","0.089","0.01","mg/L as P",NA,"N","N","Browns Island","38.039865",-121.870071,"21:41","Bryte",NA
"2871","5182","EF0821B0115",2021-08-31,"Total Suspended Solids","21.1","2.5","mg/L",NA,"N","N","Browns Island","38.039865",-121.870071,"21:41","Bryte",NA
"2872","5182","EF0821B0115",2021-08-31,"Total Kjeldahl Nitrogen","0.273","0.1","mg/L as N",NA,"N","N","Browns Island","38.039865",-121.870071,"21:41","Bryte",NA
"2873","6541","EF1021B0689",2021-10-26,"Dissolved Ammonia","<0.05","0.05","mg/L as N",NA,"N","N","Liberty Island","38.306052",-121.678525,"19:30","Bryte",NA
"2874","6541","EF1021B0689",2021-10-26,"Chlorophyll a","3.18","0.5","ug/L",NA,"N","N","Liberty Island","38.306052",-121.678525,"19:30","Bryte",NA
"2875","6541","EF1021B0689",2021-10-26,"Dissolved Nitrate + Nitrite","<0.05","0.05","mg/L as N",NA,"N","N","Liberty Island","38.306052",-121.678525,"19:30","Bryte",NA
"2876","6541","EF1021B0689",2021-10-26,"Dissolved Organic Carbon","2.7","0.5","mg/L as C",NA,"N","N","Liberty Island","38.306052",-121.678525,"19:30","Bryte",NA
"2877","6541","EF1021B0689",2021-10-26,"Total Organic Carbon","2.8","0.5","mg/L as C",NA,"N","N","Liberty Island","38.306052",-121.678525,"19:30","Bryte",NA
"2878","6541","EF1021B0689",2021-10-26,"Dissolved Organic Nitrogen","0.24","0.1","mg/L as N",NA,"N","N","Liberty Island","38.306052",-121.678525,"19:30","Bryte",NA
"2879","6541","EF1021B0689",2021-10-26,"Dissolved ortho-Phosphate","<0.05","0.05","mg/L as P",NA,"N","N","Liberty Island","38.306052",-121.678525,"19:30","Bryte",NA
"2880","6541","EF1021B0689",2021-10-26,"Pheophytin a","2.48","0.5","ug/L",NA,"N","N","Liberty Island","38.306052",-121.678525,"19:30","Bryte",NA
"2881","6541","EF1021B0689",2021-10-26,"Total Phosphorus","0.064","0.01","mg/L as P",NA,"N","N","Liberty Island","38.306052",-121.678525,"19:30","Bryte",NA
"2882","6541","EF1021B0689",2021-10-26,"Total Suspended Solids","17","2.5","mg/L",NA,"N","N","Liberty Island","38.306052",-121.678525,"19:30","Bryte",NA
"2883","6541","EF1021B0689",2021-10-26,"Total Kjeldahl Nitrogen","0.338","0.1","mg/L as N",NA,"N","N","Liberty Island","38.306052",-121.678525,"19:30","Bryte",NA
"2884","5381","EF1021B0690",2021-10-26,"Dissolved Ammonia","<0.05","0.05","mg/L as N",NA,"N","N","Yolo Flyway Farms","38.36503",-121.642864,"23:33","Bryte",NA
"2885","5381","EF1021B0690",2021-10-26,"Chlorophyll a","5.39","0.5","ug/L",NA,"N","N","Yolo Flyway Farms","38.36503",-121.642864,"23:33","Bryte",NA
"2886","5381","EF1021B0690",2021-10-26,"Dissolved Nitrate + Nitrite","<0.05","0.05","mg/L as N",NA,"N","N","Yolo Flyway Farms","38.36503",-121.642864,"23:33","Bryte",NA
"2887","5381","EF1021B0690",2021-10-26,"Dissolved Organic Carbon","28.6","0.5","mg/L as C",NA,"N","N","Yolo Flyway Farms","38.36503",-121.642864,"23:33","Bryte",NA
"2888","5381","EF1021B0690",2021-10-26,"Total Organic Carbon","30.3","0.5","mg/L as C",NA,"N","N","Yolo Flyway Farms","38.36503",-121.642864,"23:33","Bryte",NA
"2889","5381","EF1021B0690",2021-10-26,"Dissolved Organic Nitrogen","1.44","1","mg/L as N",NA,"N","N","Yolo Flyway Farms","38.36503",-121.642864,"23:33","Bryte",NA
"2890","5381","EF1021B0690",2021-10-26,"Dissolved ortho-Phosphate","1.29","0.25","mg/L as P",NA,"N","N","Yolo Flyway Farms","38.36503",-121.642864,"23:33","Bryte",NA
"2891","5381","EF1021B0690",2021-10-26,"Pheophytin a","0.87","0.5","ug/L",NA,"N","N","Yolo Flyway Farms","38.36503",-121.642864,"23:33","Bryte",NA
"2892","5381","EF1021B0690",2021-10-26,"Total Phosphorus","1.31","0.1","mg/L as P",NA,"N","N","Yolo Flyway Farms","38.36503",-121.642864,"23:33","Bryte",NA
"2893","5381","EF1021B0690",2021-10-26,"Total Suspended Solids","5","2.5","mg/L",NA,"N","N","Yolo Flyway Farms","38.36503",-121.642864,"23:33","Bryte",NA
"2894","5381","EF1021B0690",2021-10-26,"Total Kjeldahl Nitrogen","1.54","1","mg/L as N",NA,"N","N","Yolo Flyway Farms","38.36503",-121.642864,"23:33","Bryte",NA
"2895","5482","EF1021B0691",2021-10-26,"Dissolved Ammonia","<0.05","0.05","mg/L as N",NA,"N","N","Lower Yolo Ranch","38.353229",-121.656008,"01:04","Bryte",NA
"2896","5482","EF1021B0691",2021-10-26,"Chlorophyll a","1.91","0.5","ug/L",NA,"N","N","Lower Yolo Ranch","38.353229",-121.656008,"01:04","Bryte",NA
"2897","5482","EF1021B0691",2021-10-26,"Dissolved Nitrate + Nitrite","<0.05","0.05","mg/L as N",NA,"N","N","Lower Yolo Ranch","38.353229",-121.656008,"01:04","Bryte",NA
"2898","5482","EF1021B0691",2021-10-26,"Dissolved Organic Carbon","11.7","0.5","mg/L as C",NA,"N","N","Lower Yolo Ranch","38.353229",-121.656008,"01:04","Bryte",NA
"2899","5482","EF1021B0691",2021-10-26,"Total Organic Carbon","11.4","0.5","mg/L as C",NA,"N","N","Lower Yolo Ranch","38.353229",-121.656008,"01:04","Bryte",NA
"2900","5482","EF1021B0691",2021-10-26,"Dissolved Organic Nitrogen","0.64","0.1","mg/L as N",NA,"N","N","Lower Yolo Ranch","38.353229",-121.656008,"01:04","Bryte",NA
"2901","5482","EF1021B0691",2021-10-26,"Dissolved ortho-Phosphate","0.2","0.05","mg/L as P",NA,"N","N","Lower Yolo Ranch","38.353229",-121.656008,"01:04","Bryte",NA
"2902","5482","EF1021B0691",2021-10-26,"Pheophytin a","0.8","0.5","ug/L",NA,"N","N","Lower Yolo Ranch","38.353229",-121.656008,"01:04","Bryte",NA
"2903","5482","EF1021B0691",2021-10-26,"Total Phosphorus","0.219","0.01","mg/L as P",NA,"N","N","Lower Yolo Ranch","38.353229",-121.656008,"01:04","Bryte",NA
"2904","5482","EF1021B0691",2021-10-26,"Total Suspended Solids","<2.5","2.5","mg/L",NA,"N","N","Lower Yolo Ranch","38.353229",-121.656008,"01:04","Bryte",NA
"2905","5482","EF1021B0691",2021-10-26,"Total Kjeldahl Nitrogen","0.704","0.1","mg/L as N",NA,"N","N","Lower Yolo Ranch","38.353229",-121.656008,"01:04","Bryte",NA
"2906","5501","EF1021B0699",2021-10-27,"Dissolved Ammonia","<0.05","0.05","mg/L as N",NA,"N","N","Decker Island","38.084768",-121.72355,"21:00","Bryte",NA
"2907","5501","EF1021B0699",2021-10-27,"Chlorophyll a","0.86","0.5","ug/L",NA,"N","N","Decker Island","38.084768",-121.72355,"21:00","Bryte",NA
"2908","5501","EF1021B0699",2021-10-27,"Dissolved Nitrate + Nitrite","0.18","0.05","mg/L as N",NA,"N","N","Decker Island","38.084768",-121.72355,"21:00","Bryte",NA
"2909","5501","EF1021B0699",2021-10-27,"Dissolved Organic Carbon","3.8","0.5","mg/L as C",NA,"N","N","Decker Island","38.084768",-121.72355,"21:00","Bryte",NA
"2910","5501","EF1021B0699",2021-10-27,"Total Organic Carbon","3.7","0.5","mg/L as C",NA,"N","N","Decker Island","38.084768",-121.72355,"21:00","Bryte",NA
"2911","5501","EF1021B0699",2021-10-27,"Dissolved Organic Nitrogen","0.27","0.1","mg/L as N",NA,"N","N","Decker Island","38.084768",-121.72355,"21:00","Bryte",NA
"2912","5501","EF1021B0699",2021-10-27,"Dissolved ortho-Phosphate","0.095","0.05","mg/L as P",NA,"N","N","Decker Island","38.084768",-121.72355,"21:00","Bryte",NA
"2913","5501","EF1021B0699",2021-10-27,"Pheophytin a","1.91","0.5","ug/L",NA,"N","N","Decker Island","38.084768",-121.72355,"21:00","Bryte",NA
"2914","5501","EF1021B0699",2021-10-27,"Total Phosphorus","0.108","0.01","mg/L as P",NA,"N","N","Decker Island","38.084768",-121.72355,"21:00","Bryte",NA
"2915","5501","EF1021B0699",2021-10-27,"Total Suspended Solids","6.7","2.5","mg/L",NA,"N","N","Decker Island","38.084768",-121.72355,"21:00","Bryte",NA
"2916","5501","EF1021B0699",2021-10-27,"Total Kjeldahl Nitrogen","0.322","0.1","mg/L as N",NA,"N","N","Decker Island","38.084768",-121.72355,"21:00","Bryte",NA
"2917","5581","EF1021B0701",2021-10-28,"Dissolved Ammonia","0.078","0.05","mg/L as N",NA,"N","N","Tule Red","38.131284",-121.991218,"19:55","Bryte",NA
"2918","5581","EF1021B0701",2021-10-28,"Chlorophyll a","1.45","0.5","ug/L",NA,"N","N","Tule Red","38.131284",-121.991218,"19:55","Bryte",NA
"2919","5581","EF1021B0701",2021-10-28,"Dissolved Nitrate + Nitrite","0.219","0.05","mg/L as N",NA,"N","N","Tule Red","38.131284",-121.991218,"19:55","Bryte",NA
"2920","5581","EF1021B0701",2021-10-28,"Dissolved Organic Carbon","3","0.5","mg/L as C",NA,"N","N","Tule Red","38.131284",-121.991218,"19:55","Bryte",NA
"2921","5581","EF1021B0701",2021-10-28,"Total Organic Carbon","2.7","0.5","mg/L as C",NA,"N","N","Tule Red","38.131284",-121.991218,"19:55","Bryte",NA
"2922","5581","EF1021B0701",2021-10-28,"Dissolved Organic Nitrogen","0.19","0.1","mg/L as N",NA,"N","N","Tule Red","38.131284",-121.991218,"19:55","Bryte",NA
"2923","5581","EF1021B0701",2021-10-28,"Dissolved ortho-Phosphate","0.07","0.05","mg/L as P",NA,"N","N","Tule Red","38.131284",-121.991218,"19:55","Bryte",NA
"2924","5581","EF1021B0701",2021-10-28,"Pheophytin a","<0.5","0.5","ug/L",NA,"N","N","Tule Red","38.131284",-121.991218,"19:55","Bryte",NA
"2925","5581","EF1021B0701",2021-10-28,"Total Phosphorus","0.087","0.01","mg/L as P",NA,"N","N","Tule Red","38.131284",-121.991218,"19:55","Bryte",NA
"2926","5581","EF1021B0701",2021-10-28,"Total Suspended Solids","9.7","2.5","mg/L",NA,"N","N","Tule Red","38.131284",-121.991218,"19:55","Bryte",NA
"2927","5581","EF1021B0701",2021-10-28,"Total Kjeldahl Nitrogen","0.324","0.1","mg/L as N",NA,"N","N","Tule Red","38.131284",-121.991218,"19:55","Bryte",NA
"2928","5602","EF1021B0702",2021-10-28,"Dissolved Ammonia","0.066","0.05","mg/L as N",NA,"N","N","Ryer Island","38.086408",-122.023618,"21:45","Bryte","latitude estimated from zoop and mac trawl starts"
"2929","5602","EF1021B0702",2021-10-28,"Chlorophyll a","0.55","0.5","ug/L",NA,"N","N","Ryer Island","38.086408",-122.023618,"21:45","Bryte","latitude estimated from zoop and mac trawl starts"
"2930","5602","EF1021B0702",2021-10-28,"Dissolved Nitrate + Nitrite","0.176","0.05","mg/L as N",NA,"N","N","Ryer Island","38.086408",-122.023618,"21:45","Bryte","latitude estimated from zoop and mac trawl starts"
"2931","5602","EF1021B0702",2021-10-28,"Dissolved Organic Carbon","2.3","0.5","mg/L as C",NA,"N","N","Ryer Island","38.086408",-122.023618,"21:45","Bryte","latitude estimated from zoop and mac trawl starts"
"2932","5602","EF1021B0702",2021-10-28,"Total Organic Carbon","2.3","0.5","mg/L as C",NA,"N","N","Ryer Island","38.086408",-122.023618,"21:45","Bryte","latitude estimated from zoop and mac trawl starts"
"2933","5602","EF1021B0702",2021-10-28,"Dissolved Organic Nitrogen","0.15","0.1","mg/L as N",NA,"N","N","Ryer Island","38.086408",-122.023618,"21:45","Bryte","latitude estimated from zoop and mac trawl starts"
"2934","5602","EF1021B0702",2021-10-28,"Dissolved ortho-Phosphate","0.074","0.05","mg/L as P",NA,"N","N","Ryer Island","38.086408",-122.023618,"21:45","Bryte","latitude estimated from zoop and mac trawl starts"
"2935","5602","EF1021B0702",2021-10-28,"Pheophytin a","<0.5","0.5","ug/L",NA,"N","N","Ryer Island","38.086408",-122.023618,"21:45","Bryte","latitude estimated from zoop and mac trawl starts"
"2936","5602","EF1021B0702",2021-10-28,"Total Phosphorus","0.081","0.01","mg/L as P",NA,"N","N","Ryer Island","38.086408",-122.023618,"21:45","Bryte","latitude estimated from zoop and mac trawl starts"
"2937","5602","EF1021B0702",2021-10-28,"Total Suspended Solids","10.7","2.5","mg/L",NA,"N","N","Ryer Island","38.086408",-122.023618,"21:45","Bryte","latitude estimated from zoop and mac trawl starts"
"2938","5602","EF1021B0702",2021-10-28,"Total Kjeldahl Nitrogen","0.252","0.1","mg/L as N",NA,"N","N","Ryer Island","38.086408",-122.023618,"21:45","Bryte","latitude estimated from zoop and mac trawl starts"
"2939","5361","EF1021B0706",2021-10-29,"Dissolved Ammonia","0.07","0.05","mg/L as N",NA,"N","N","Winter Island","38.030789",-121.842194,"19:45","Bryte",NA
"2940","5361","EF1021B0706",2021-10-29,"Chlorophyll a","0.74","0.5","ug/L",NA,"N","N","Winter Island","38.030789",-121.842194,"19:45","Bryte",NA
"2941","5361","EF1021B0706",2021-10-29,"Dissolved Nitrate + Nitrite","0.315","0.05","mg/L as N",NA,"N","N","Winter Island","38.030789",-121.842194,"19:45","Bryte",NA
"2942","5361","EF1021B0706",2021-10-29,"Dissolved Organic Nitrogen","0.26","0.1","mg/L as N",NA,"N","N","Winter Island","38.030789",-121.842194,"19:45","Bryte",NA
"2943","5361","EF1021B0706",2021-10-29,"Dissolved ortho-Phosphate","0.073","0.05","mg/L as P",NA,"N","N","Winter Island","38.030789",-121.842194,"19:45","Bryte",NA
"2944","5361","EF1021B0706",2021-10-29,"Pheophytin a","0.71","0.5","ug/L",NA,"N","N","Winter Island","38.030789",-121.842194,"19:45","Bryte",NA
"2945","5361","EF1021B0706",2021-10-29,"Total Phosphorus","0.081","0.01","mg/L as P",NA,"N","N","Winter Island","38.030789",-121.842194,"19:45","Bryte",NA
"2946","5361","EF1021B0706",2021-10-29,"Total Suspended Solids","11.8","2.5","mg/L",NA,"N","N","Winter Island","38.030789",-121.842194,"19:45","Bryte",NA
"2947","5361","EF1021B0706",2021-10-29,"Total Kjeldahl Nitrogen","0.406","0.1","mg/L as N",NA,"N","N","Winter Island","38.030789",-121.842194,"19:45","Bryte",NA
"2948","5604","EF1121B0716",2021-11-10,"Dissolved Ammonia","0.055","0.05","mg/L as N",NA,"N","N","Webb Tract Islands and Berms","38.094432",-121.588937,"20:15","Bryte",NA
"2949","5604","EF1121B0716",2021-11-10,"Chlorophyll a","0.71","0.5","ug/L",NA,"N","N","Webb Tract Islands and Berms","38.094432",-121.588937,"20:15","Bryte",NA
"2950","5604","EF1121B0716",2021-11-10,"Dissolved Nitrate + Nitrite","0.49","0.05","mg/L as N",NA,"N","N","Webb Tract Islands and Berms","38.094432",-121.588937,"20:15","Bryte",NA
"2951","5604","EF1121B0716",2021-11-10,"Dissolved Organic Carbon","4.4","0.5","mg/L as C",NA,"N","N","Webb Tract Islands and Berms","38.094432",-121.588937,"20:15","Bryte",NA
"2952","5604","EF1121B0716",2021-11-10,"Total Organic Carbon","4.4","0.5","mg/L as C",NA,"N","N","Webb Tract Islands and Berms","38.094432",-121.588937,"20:15","Bryte",NA
"2953","5604","EF1121B0716",2021-11-10,"Dissolved Organic Nitrogen","0.35","0.1","mg/L as N",NA,"N","N","Webb Tract Islands and Berms","38.094432",-121.588937,"20:15","Bryte",NA
"2954","5604","EF1121B0716",2021-11-10,"Dissolved ortho-Phosphate","<0.05","0.05","mg/L as P",NA,"N","N","Webb Tract Islands and Berms","38.094432",-121.588937,"20:15","Bryte",NA
"2955","5604","EF1121B0716",2021-11-10,"Pheophytin a","0.92","0.5","ug/L",NA,"N","N","Webb Tract Islands and Berms","38.094432",-121.588937,"20:15","Bryte",NA
"2956","5604","EF1121B0716",2021-11-10,"Total Phosphorus","0.086","0.01","mg/L as P",NA,"N","N","Webb Tract Islands and Berms","38.094432",-121.588937,"20:15","Bryte",NA
"2957","5604","EF1121B0716",2021-11-10,"Total Suspended Solids","6.5","2.5","mg/L",NA,"N","N","Webb Tract Islands and Berms","38.094432",-121.588937,"20:15","Bryte",NA
"2958","5604","EF1121B0716",2021-11-10,"Total Kjeldahl Nitrogen","0.451","0.1","mg/L as N",NA,"N","N","Webb Tract Islands and Berms","38.094432",-121.588937,"20:15","Bryte",NA
"2959","6023","EF0422B0005",2022-04-04,"Dissolved Ammonia","<0.05","0.05","mg/L as N",NA,"N","N","Liberty Island","38.242072",-121.684124,"10:37","Bryte",NA
"2960","6023","EF0422B0005",2022-04-04,"Chlorophyll a","0.71","0.5","ug/L",NA,"N","N","Liberty Island","38.242072",-121.684124,"10:37","Bryte",NA
"2961","6023","EF0422B0005",2022-04-04,"Dissolved Nitrate + Nitrite","0.149","0.05","mg/L as N",NA,"N","N","Liberty Island","38.242072",-121.684124,"10:37","Bryte",NA
"2962","6023","EF0422B0005",2022-04-04,"Dissolved Organic Carbon","2.2","0.5","mg/L as C",NA,"N","N","Liberty Island","38.242072",-121.684124,"10:37","Bryte",NA
"2963","6023","EF0422B0005",2022-04-04,"Total Organic Carbon","2.1","0.5","mg/L as C",NA,"N","N","Liberty Island","38.242072",-121.684124,"10:37","Bryte",NA
"2964","6023","EF0422B0005",2022-04-04,"Dissolved Organic Nitrogen","0.14","0.1","mg/L as N",NA,"N","N","Liberty Island","38.242072",-121.684124,"10:37","Bryte",NA
"2965","6023","EF0422B0005",2022-04-04,"Dissolved ortho-Phosphate","0.074","0.05","mg/L as P",NA,"N","N","Liberty Island","38.242072",-121.684124,"10:37","Bryte",NA
"2966","6023","EF0422B0005",2022-04-04,"Pheophytin a","<0.5","0.5","ug/L",NA,"N","N","Liberty Island","38.242072",-121.684124,"10:37","Bryte",NA
"2967","6023","EF0422B0005",2022-04-04,"Total Phosphorus","0.079","0.01","mg/L as P",NA,"N","N","Liberty Island","38.242072",-121.684124,"10:37","Bryte",NA
"2968","6023","EF0422B0005",2022-04-04,"Total Suspended Solids","3.8","2.5","mg/L",NA,"N","N","Liberty Island","38.242072",-121.684124,"10:37","Bryte",NA
"2969","6023","EF0422B0005",2022-04-04,"Total Kjeldahl Nitrogen","0.184","0.1","mg/L as N",NA,"N","N","Liberty Island","38.242072",-121.684124,"10:37","Bryte",NA
"2970","6024","EF0422B0004",2022-04-04,"Dissolved Ammonia","<0.05","0.05","mg/L as N",NA,"N","N","Liberty Island","38.275636",-121.687861,"09:46","Bryte",NA
"2971","6024","EF0422B0004",2022-04-04,"Chlorophyll a","0.85","0.5","ug/L",NA,"N","N","Liberty Island","38.275636",-121.687861,"09:46","Bryte",NA
"2972","6024","EF0422B0004",2022-04-04,"Dissolved Nitrate + Nitrite","<0.05","0.05","mg/L as N",NA,"N","N","Liberty Island","38.275636",-121.687861,"09:46","Bryte",NA
"2973","6024","EF0422B0004",2022-04-04,"Dissolved Organic Nitrogen","0.19","0.1","mg/L as N",NA,"N","N","Liberty Island","38.275636",-121.687861,"09:46","Bryte",NA
"2974","6024","EF0422B0004",2022-04-04,"Dissolved ortho-Phosphate","0.077","0.05","mg/L as P",NA,"N","N","Liberty Island","38.275636",-121.687861,"09:46","Bryte",NA
"2975","6024","EF0422B0004",2022-04-04,"Pheophytin a","<0.5","0.5","ug/L",NA,"N","N","Liberty Island","38.275636",-121.687861,"09:46","Bryte",NA
"2976","6024","EF0422B0004",2022-04-04,"Total Phosphorus","0.086","0.01","mg/L as P",NA,"N","N","Liberty Island","38.275636",-121.687861,"09:46","Bryte",NA
"2977","6024","EF0422B0004",2022-04-04,"Total Suspended Solids","<2.5","2.5","mg/L",NA,"N","N","Liberty Island","38.275636",-121.687861,"09:46","Bryte",NA
"2978","6024","EF0422B0004",2022-04-04,"Total Kjeldahl Nitrogen","0.205","0.1","mg/L as N",NA,"N","N","Liberty Island","38.275636",-121.687861,"09:46","Bryte",NA
"2979","6025","EF0422B0003",2022-04-04,"Dissolved Ammonia","<0.05","0.05","mg/L as N",NA,"N","N","Liberty Island","38.27351",-121.670954,"09:00","Bryte",NA
"2980","6025","EF0422B0003",2022-04-04,"Chlorophyll a","2.64","0.5","ug/L",NA,"N","N","Liberty Island","38.27351",-121.670954,"09:00","Bryte",NA
"2981","6025","EF0422B0003",2022-04-04,"Dissolved Nitrate + Nitrite","<0.05","0.05","mg/L as N",NA,"N","N","Liberty Island","38.27351",-121.670954,"09:00","Bryte",NA
"2982","6025","EF0422B0003",2022-04-04,"Dissolved Organic Carbon","2.8","0.5","mg/L as C",NA,"N","N","Liberty Island","38.27351",-121.670954,"09:00","Bryte",NA
"2983","6025","EF0422B0003",2022-04-04,"Total Organic Carbon","2.8","0.5","mg/L as C",NA,"N","N","Liberty Island","38.27351",-121.670954,"09:00","Bryte",NA
"2984","6025","EF0422B0003",2022-04-04,"Dissolved Organic Nitrogen","0.15","0.1","mg/L as N",NA,"N","N","Liberty Island","38.27351",-121.670954,"09:00","Bryte",NA
"2985","6025","EF0422B0003",2022-04-04,"Dissolved ortho-Phosphate","0.069","0.05","mg/L as P",NA,"N","N","Liberty Island","38.27351",-121.670954,"09:00","Bryte",NA
"2986","6025","EF0422B0003",2022-04-04,"Pheophytin a","0.65","0.5","ug/L",NA,"N","N","Liberty Island","38.27351",-121.670954,"09:00","Bryte",NA
"2987","6025","EF0422B0003",2022-04-04,"Total Phosphorus","0.094","0.01","mg/L as P",NA,"N","N","Liberty Island","38.27351",-121.670954,"09:00","Bryte",NA
"2988","6025","EF0422B0003",2022-04-04,"Total Suspended Solids","6.1","2.5","mg/L",NA,"N","N","Liberty Island","38.27351",-121.670954,"09:00","Bryte",NA
"2989","6025","EF0422B0003",2022-04-04,"Total Kjeldahl Nitrogen","0.246","0.1","mg/L as N",NA,"N","N","Liberty Island","38.27351",-121.670954,"09:00","Bryte",NA
"2990","6026","EF0422B0002",2022-04-04,"Dissolved Ammonia","<0.05","0.05","mg/L as N",NA,"N","N","Liberty Island","38.290311",-121.670935,"08:02","Bryte",NA
"2991","6026","EF0422B0002",2022-04-04,"Chlorophyll a","3.3","0.5","ug/L",NA,"N","N","Liberty Island","38.290311",-121.670935,"08:02","Bryte",NA
"2992","6026","EF0422B0002",2022-04-04,"Dissolved Nitrate + Nitrite","<0.05","0.05","mg/L as N",NA,"N","N","Liberty Island","38.290311",-121.670935,"08:02","Bryte",NA
"2993","6026","EF0422B0002",2022-04-04,"Dissolved Organic Carbon","2.6","0.5","mg/L as C",NA,"N","N","Liberty Island","38.290311",-121.670935,"08:02","Bryte",NA
"2994","6026","EF0422B0002",2022-04-04,"Total Organic Carbon","2.6","0.5","mg/L as C",NA,"N","N","Liberty Island","38.290311",-121.670935,"08:02","Bryte",NA
"2995","6026","EF0422B0002",2022-04-04,"Dissolved Organic Nitrogen","0.13","0.1","mg/L as N",NA,"N","N","Liberty Island","38.290311",-121.670935,"08:02","Bryte",NA
"2996","6026","EF0422B0002",2022-04-04,"Dissolved ortho-Phosphate","0.062","0.05","mg/L as P",NA,"N","N","Liberty Island","38.290311",-121.670935,"08:02","Bryte",NA
"2997","6026","EF0422B0002",2022-04-04,"Pheophytin a","1.2","0.5","ug/L",NA,"N","N","Liberty Island","38.290311",-121.670935,"08:02","Bryte",NA
"2998","6026","EF0422B0002",2022-04-04,"Total Phosphorus","0.091","0.01","mg/L as P",NA,"N","N","Liberty Island","38.290311",-121.670935,"08:02","Bryte",NA
"2999","6026","EF0422B0002",2022-04-04,"Total Suspended Solids","8.4","2.5","mg/L",NA,"N","N","Liberty Island","38.290311",-121.670935,"08:02","Bryte",NA
"3000","6026","EF0422B0002",2022-04-04,"Total Kjeldahl Nitrogen","0.224","0.1","mg/L as N",NA,"N","N","Liberty Island","38.290311",-121.670935,"08:02","Bryte",NA
"3001","6027","EF0422B0001",2022-04-04,"Dissolved Ammonia","<0.05","0.05","mg/L as N",NA,"N","N","Liberty Island","38.290199",-121.687053,"08:25","Bryte",NA
"3002","6027","EF0422B0001",2022-04-04,"Chlorophyll a","1.14","0.5","ug/L",NA,"N","N","Liberty Island","38.290199",-121.687053,"08:25","Bryte",NA
"3003","6027","EF0422B0001",2022-04-04,"Dissolved Nitrate + Nitrite","<0.05","0.05","mg/L as N",NA,"N","N","Liberty Island","38.290199",-121.687053,"08:25","Bryte",NA
"3004","6027","EF0422B0001",2022-04-04,"Dissolved Organic Carbon","2.6","0.5","mg/L as C",NA,"N","N","Liberty Island","38.290199",-121.687053,"08:25","Bryte",NA
"3005","6027","EF0422B0001",2022-04-04,"Total Organic Carbon","2.6","0.5","mg/L as C",NA,"N","N","Liberty Island","38.290199",-121.687053,"08:25","Bryte",NA
"3006","6027","EF0422B0001",2022-04-04,"Dissolved Organic Nitrogen","0.17","0.1","mg/L as N",NA,"N","N","Liberty Island","38.290199",-121.687053,"08:25","Bryte",NA
"3007","6027","EF0422B0001",2022-04-04,"Dissolved ortho-Phosphate","0.071","0.05","mg/L as P",NA,"N","N","Liberty Island","38.290199",-121.687053,"08:25","Bryte",NA
"3008","6027","EF0422B0001",2022-04-04,"Pheophytin a","0.64","0.5","ug/L",NA,"N","N","Liberty Island","38.290199",-121.687053,"08:25","Bryte",NA
"3009","6027","EF0422B0001",2022-04-04,"Total Phosphorus","0.09","0.01","mg/L as P",NA,"N","N","Liberty Island","38.290199",-121.687053,"08:25","Bryte",NA
"3010","6027","EF0422B0001",2022-04-04,"Total Suspended Solids","<2.5","2.5","mg/L",NA,"N","N","Liberty Island","38.290199",-121.687053,"08:25","Bryte",NA
"3011","6027","EF0422B0001",2022-04-04,"Total Kjeldahl Nitrogen","0.226","0.1","mg/L as N",NA,"N","N","Liberty Island","38.290199",-121.687053,"08:25","Bryte",NA
"3012","6069","EF0422B0113",2022-04-07,"Dissolved Ammonia","<0.05","0.05","mg/L as N",NA,"N","N","Stairsteps-Liberty Cut","38.327325",-121.667311,"10:24","Bryte",NA
"3013","6069","EF0422B0113",2022-04-07,"Chlorophyll a","0.74","0.5","ug/L",NA,"N","N","Stairsteps-Liberty Cut","38.327325",-121.667311,"10:24","Bryte",NA
"3014","6069","EF0422B0113",2022-04-07,"Dissolved Nitrate + Nitrite","<0.05","0.05","mg/L as N",NA,"N","N","Stairsteps-Liberty Cut","38.327325",-121.667311,"10:24","Bryte",NA
"3015","6069","EF0422B0113",2022-04-07,"Dissolved Organic Carbon","3.7","0.5","mg/L as C",NA,"N","N","Stairsteps-Liberty Cut","38.327325",-121.667311,"10:24","Bryte",NA
"3016","6069","EF0422B0113",2022-04-07,"Total Organic Carbon","3.7","0.5","mg/L as C",NA,"N","N","Stairsteps-Liberty Cut","38.327325",-121.667311,"10:24","Bryte",NA
"3017","6069","EF0422B0113",2022-04-07,"Dissolved Organic Nitrogen","0.28","0.1","mg/L as N",NA,"N","N","Stairsteps-Liberty Cut","38.327325",-121.667311,"10:24","Bryte",NA
"3018","6069","EF0422B0113",2022-04-07,"Dissolved ortho-Phosphate","0.135","0.05","mg/L as P",NA,"N","N","Stairsteps-Liberty Cut","38.327325",-121.667311,"10:24","Bryte",NA
"3019","6069","EF0422B0113",2022-04-07,"Pheophytin a","<0.5","0.5","ug/L",NA,"N","N","Stairsteps-Liberty Cut","38.327325",-121.667311,"10:24","Bryte",NA
"3020","6069","EF0422B0113",2022-04-07,"Total Phosphorus","0.138","0.01","mg/L as P",NA,"N","N","Stairsteps-Liberty Cut","38.327325",-121.667311,"10:24","Bryte",NA
"3021","6069","EF0422B0113",2022-04-07,"Total Suspended Solids","2.6","2.5","mg/L",NA,"N","N","Stairsteps-Liberty Cut","38.327325",-121.667311,"10:24","Bryte",NA
"3022","6069","EF0422B0113",2022-04-07,"Total Kjeldahl Nitrogen","0.309","0.1","mg/L as N",NA,"N","N","Stairsteps-Liberty Cut","38.327325",-121.667311,"10:24","Bryte",NA
"3023","6081","EF0422B0013",2022-04-05,"Dissolved Ammonia","<0.05","0.05","mg/L as N",NA,"N","N","Lower Yolo Ranch","38.345091",-121.660878,"10:30","Bryte",NA
"3024","6081","EF0422B0013",2022-04-05,"Chlorophyll a","3.77","0.5","ug/L",NA,"N","N","Lower Yolo Ranch","38.345091",-121.660878,"10:30","Bryte",NA
"3025","6081","EF0422B0013",2022-04-05,"Dissolved Nitrate + Nitrite","<0.05","0.05","mg/L as N",NA,"N","N","Lower Yolo Ranch","38.345091",-121.660878,"10:30","Bryte",NA
"3026","6081","EF0422B0013",2022-04-05,"Dissolved Organic Carbon","6","0.5","mg/L as C",NA,"N","N","Lower Yolo Ranch","38.345091",-121.660878,"10:30","Bryte",NA
"3027","6081","EF0422B0013",2022-04-05,"Total Organic Carbon","6","0.5","mg/L as C",NA,"N","N","Lower Yolo Ranch","38.345091",-121.660878,"10:30","Bryte",NA
"3028","6081","EF0422B0013",2022-04-05,"Dissolved Organic Nitrogen","0.42","0.1","mg/L as N",NA,"N","N","Lower Yolo Ranch","38.345091",-121.660878,"10:30","Bryte",NA
"3029","6081","EF0422B0013",2022-04-05,"Dissolved ortho-Phosphate","0.138","0.05","mg/L as P",NA,"N","N","Lower Yolo Ranch","38.345091",-121.660878,"10:30","Bryte",NA
"3030","6081","EF0422B0013",2022-04-05,"Pheophytin a","1.6","0.5","ug/L",NA,"N","N","Lower Yolo Ranch","38.345091",-121.660878,"10:30","Bryte",NA
"3031","6081","EF0422B0013",2022-04-05,"Total Phosphorus","0.222","0.01","mg/L as P",NA,"N","N","Lower Yolo Ranch","38.345091",-121.660878,"10:30","Bryte",NA
"3032","6081","EF0422B0013",2022-04-05,"Total Suspended Solids","52","2.5","mg/L",NA,"N","N","Lower Yolo Ranch","38.345091",-121.660878,"10:30","Bryte",NA
"3033","6081","EF0422B0013",2022-04-05,"Total Kjeldahl Nitrogen","0.652","0.1","mg/L as N",NA,"N","N","Lower Yolo Ranch","38.345091",-121.660878,"10:30","Bryte",NA
"3034","6101","EF0422B0012",2022-04-05,"Dissolved Ammonia","<0.05","0.05","mg/L as N",NA,"N","N","Lower Yolo Ranch","38.350477",-121.661149,"10:22","Bryte",NA
"3035","6101","EF0422B0012",2022-04-05,"Chlorophyll a","1.56","0.5","ug/L",NA,"N","N","Lower Yolo Ranch","38.350477",-121.661149,"10:22","Bryte",NA
"3036","6101","EF0422B0012",2022-04-05,"Dissolved Nitrate + Nitrite","<0.05","0.05","mg/L as N",NA,"N","N","Lower Yolo Ranch","38.350477",-121.661149,"10:22","Bryte",NA
"3037","6101","EF0422B0012",2022-04-05,"Dissolved Organic Nitrogen","0.31","0.1","mg/L as N",NA,"N","N","Lower Yolo Ranch","38.350477",-121.661149,"10:22","Bryte",NA
"3038","6101","EF0422B0012",2022-04-05,"Dissolved ortho-Phosphate","0.122","0.05","mg/L as P",NA,"N","N","Lower Yolo Ranch","38.350477",-121.661149,"10:22","Bryte",NA
"3039","6101","EF0422B0012",2022-04-05,"Pheophytin a","1.09","0.5","ug/L",NA,"N","N","Lower Yolo Ranch","38.350477",-121.661149,"10:22","Bryte",NA
"3040","6101","EF0422B0012",2022-04-05,"Total Phosphorus","0.16","0.01","mg/L as P",NA,"N","N","Lower Yolo Ranch","38.350477",-121.661149,"10:22","Bryte",NA
"3041","6101","EF0422B0012",2022-04-05,"Total Suspended Solids","18.7","2.5","mg/L",NA,"N","N","Lower Yolo Ranch","38.350477",-121.661149,"10:22","Bryte",NA
"3042","6101","EF0422B0012",2022-04-05,"Total Kjeldahl Nitrogen","0.458","0.1","mg/L as N",NA,"N","N","Lower Yolo Ranch","38.350477",-121.661149,"10:22","Bryte",NA
"3043","6102","EF0422B0014",2022-04-05,"Dissolved Ammonia","0.058","0.05","mg/L as N",NA,"N","N","Lower Yolo Ranch","38.345516",-121.671011,"12:36","Bryte",NA
"3044","6102","EF0422B0014",2022-04-05,"Chlorophyll a","6.85","0.5","ug/L",NA,"N","N","Lower Yolo Ranch","38.345516",-121.671011,"12:36","Bryte",NA
"3045","6102","EF0422B0014",2022-04-05,"Dissolved Nitrate + Nitrite","<0.05","0.05","mg/L as N",NA,"N","N","Lower Yolo Ranch","38.345516",-121.671011,"12:36","Bryte",NA
"3046","6102","EF0422B0014",2022-04-05,"Dissolved Organic Carbon","4.8","0.5","mg/L as C",NA,"N","N","Lower Yolo Ranch","38.345516",-121.671011,"12:36","Bryte",NA
"3047","6102","EF0422B0014",2022-04-05,"Total Organic Carbon","5","0.5","mg/L as C",NA,"N","N","Lower Yolo Ranch","38.345516",-121.671011,"12:36","Bryte",NA
"3048","6102","EF0422B0014",2022-04-05,"Dissolved Organic Nitrogen","0.35","0.1","mg/L as N",NA,"N","N","Lower Yolo Ranch","38.345516",-121.671011,"12:36","Bryte",NA
"3049","6102","EF0422B0014",2022-04-05,"Dissolved ortho-Phosphate","0.116","0.05","mg/L as P",NA,"N","N","Lower Yolo Ranch","38.345516",-121.671011,"12:36","Bryte",NA
"3050","6102","EF0422B0014",2022-04-05,"Pheophytin a","3.29","0.5","ug/L",NA,"N","N","Lower Yolo Ranch","38.345516",-121.671011,"12:36","Bryte",NA
"3051","6102","EF0422B0014",2022-04-05,"Total Phosphorus","0.19","0.01","mg/L as P",NA,"N","N","Lower Yolo Ranch","38.345516",-121.671011,"12:36","Bryte",NA
"3052","6102","EF0422B0014",2022-04-05,"Total Suspended Solids","138.3","2.5","mg/L",NA,"N","N","Lower Yolo Ranch","38.345516",-121.671011,"12:36","Bryte",NA
"3053","6102","EF0422B0014",2022-04-05,"Total Kjeldahl Nitrogen","0.609","0.1","mg/L as N",NA,"N","N","Lower Yolo Ranch","38.345516",-121.671011,"12:36","Bryte",NA
"3054","6103","EF0422B0015",2022-04-05,"Dissolved Ammonia","<0.05","0.05","mg/L as N",NA,"N","N","Lower Yolo Ranch","38.356596",-121.659035,"13:53","Bryte",NA
"3055","6103","EF0422B0015",2022-04-05,"Chlorophyll a","14.3","0.5","ug/L",NA,"N","N","Lower Yolo Ranch","38.356596",-121.659035,"13:53","Bryte",NA
"3056","6103","EF0422B0015",2022-04-05,"Dissolved Nitrate + Nitrite","<0.05","0.05","mg/L as N",NA,"N","N","Lower Yolo Ranch","38.356596",-121.659035,"13:53","Bryte",NA
"3057","6103","EF0422B0015",2022-04-05,"Dissolved Organic Carbon","5.1","0.5","mg/L as C",NA,"N","N","Lower Yolo Ranch","38.356596",-121.659035,"13:53","Bryte",NA
"3058","6103","EF0422B0015",2022-04-05,"Total Organic Carbon","5.1","0.5","mg/L as C",NA,"N","N","Lower Yolo Ranch","38.356596",-121.659035,"13:53","Bryte",NA
"3059","6103","EF0422B0015",2022-04-05,"Dissolved Organic Nitrogen","0.31","0.1","mg/L as N",NA,"N","N","Lower Yolo Ranch","38.356596",-121.659035,"13:53","Bryte",NA
"3060","6103","EF0422B0015",2022-04-05,"Dissolved ortho-Phosphate","0.084","0.05","mg/L as P",NA,"N","N","Lower Yolo Ranch","38.356596",-121.659035,"13:53","Bryte",NA
"3061","6103","EF0422B0015",2022-04-05,"Pheophytin a","5.66","0.5","ug/L",NA,"N","N","Lower Yolo Ranch","38.356596",-121.659035,"13:53","Bryte",NA
"3062","6103","EF0422B0015",2022-04-05,"Total Phosphorus","0.284","0.01","mg/L as P",NA,"N","N","Lower Yolo Ranch","38.356596",-121.659035,"13:53","Bryte",NA
"3063","6103","EF0422B0015",2022-04-05,"Total Suspended Solids","160","2.5","mg/L",NA,"N","N","Lower Yolo Ranch","38.356596",-121.659035,"13:53","Bryte",NA
"3064","6103","EF0422B0015",2022-04-05,"Total Kjeldahl Nitrogen","0.96","0.1","mg/L as N",NA,"N","N","Lower Yolo Ranch","38.356596",-121.659035,"13:53","Bryte",NA
"3065","6108","EF0422B0133",2022-04-18,"Dissolved Ammonia","<0.05","0.05","mg/L as N",NA,"N","N","Webb Tract Islands and Berms","38.094683",-121.590614,"10:40","Bryte",NA
"3066","6108","EF0422B0133",2022-04-18,"Chlorophyll a","1.83","0.5","ug/L",NA,"N","N","Webb Tract Islands and Berms","38.094683",-121.590614,"10:40","Bryte",NA
"3067","6108","EF0422B0133",2022-04-18,"Dissolved Nitrate + Nitrite","0.219","0.05","mg/L as N",NA,"N","N","Webb Tract Islands and Berms","38.094683",-121.590614,"10:40","Bryte",NA
"3068","6108","EF0422B0133",2022-04-18,"Dissolved Organic Carbon","2.9","0.5","mg/L as C",NA,"N","N","Webb Tract Islands and Berms","38.094683",-121.590614,"10:40","Bryte",NA
"3069","6108","EF0422B0133",2022-04-18,"Total Organic Carbon","2.9","0.5","mg/L as C",NA,"N","N","Webb Tract Islands and Berms","38.094683",-121.590614,"10:40","Bryte",NA
"3070","6108","EF0422B0133",2022-04-18,"Dissolved Organic Nitrogen","0.22","0.1","mg/L as N",NA,"N","N","Webb Tract Islands and Berms","38.094683",-121.590614,"10:40","Bryte",NA
"3071","6108","EF0422B0133",2022-04-18,"Dissolved ortho-Phosphate","0.059","0.05","mg/L as P",NA,"N","N","Webb Tract Islands and Berms","38.094683",-121.590614,"10:40","Bryte",NA
"3072","6108","EF0422B0133",2022-04-18,"Pheophytin a","1.21","0.5","ug/L",NA,"N","N","Webb Tract Islands and Berms","38.094683",-121.590614,"10:40","Bryte",NA
"3073","6108","EF0422B0133",2022-04-18,"Total Phosphorus","0.077","0.01","mg/L as P",NA,"N","N","Webb Tract Islands and Berms","38.094683",-121.590614,"10:40","Bryte",NA
"3074","6108","EF0422B0133",2022-04-18,"Total Suspended Solids","7.8","2.5","mg/L",NA,"N","N","Webb Tract Islands and Berms","38.094683",-121.590614,"10:40","Bryte",NA
"3075","6108","EF0422B0133",2022-04-18,"Total Kjeldahl Nitrogen","0.304","0.1","mg/L as N",NA,"N","N","Webb Tract Islands and Berms","38.094683",-121.590614,"10:40","Bryte",NA
"3076","6109","EF0422B0132",2022-04-18,"Dissolved Ammonia","<0.05","0.05","mg/L as N",NA,"N","N","Webb Tract Islands and Berms","38.096218",-121.58973,"09:35","Bryte",NA
"3077","6109","EF0422B0132",2022-04-18,"Chlorophyll a","1.55","0.5","ug/L",NA,"N","N","Webb Tract Islands and Berms","38.096218",-121.58973,"09:35","Bryte",NA
"3078","6109","EF0422B0132",2022-04-18,"Dissolved Nitrate + Nitrite","0.221","0.05","mg/L as N",NA,"N","N","Webb Tract Islands and Berms","38.096218",-121.58973,"09:35","Bryte",NA
"3079","6109","EF0422B0132",2022-04-18,"Dissolved Organic Carbon","3","0.5","mg/L as C",NA,"N","N","Webb Tract Islands and Berms","38.096218",-121.58973,"09:35","Bryte",NA
"3080","6109","EF0422B0132",2022-04-18,"Total Organic Carbon","3","0.5","mg/L as C",NA,"N","N","Webb Tract Islands and Berms","38.096218",-121.58973,"09:35","Bryte",NA
"3081","6109","EF0422B0132",2022-04-18,"Dissolved Organic Nitrogen","0.22","0.1","mg/L as N",NA,"N","N","Webb Tract Islands and Berms","38.096218",-121.58973,"09:35","Bryte",NA
"3082","6109","EF0422B0132",2022-04-18,"Dissolved ortho-Phosphate","0.06","0.05","mg/L as P",NA,"N","N","Webb Tract Islands and Berms","38.096218",-121.58973,"09:35","Bryte",NA
"3083","6109","EF0422B0132",2022-04-18,"Pheophytin a","0.6","0.5","ug/L",NA,"N","N","Webb Tract Islands and Berms","38.096218",-121.58973,"09:35","Bryte",NA
"3084","6109","EF0422B0132",2022-04-18,"Total Phosphorus","0.067","0.01","mg/L as P",NA,"N","N","Webb Tract Islands and Berms","38.096218",-121.58973,"09:35","Bryte",NA
"3085","6109","EF0422B0132",2022-04-18,"Total Suspended Solids","4.3","2.5","mg/L",NA,"N","N","Webb Tract Islands and Berms","38.096218",-121.58973,"09:35","Bryte",NA
"3086","6109","EF0422B0132",2022-04-18,"Total Kjeldahl Nitrogen","0.276","0.1","mg/L as N",NA,"N","N","Webb Tract Islands and Berms","38.096218",-121.58973,"09:35","Bryte",NA
"3087","6112","EF0422B0131",2022-04-18,"Dissolved Ammonia","<0.05","0.05","mg/L as N",NA,"N","N","Webb Tract Islands and Berms","38.095403",-121.591715,"08:25","Bryte",NA
"3088","6112","EF0422B0131",2022-04-18,"Chlorophyll a","2.03","0.5","ug/L",NA,"N","N","Webb Tract Islands and Berms","38.095403",-121.591715,"08:25","Bryte",NA
"3089","6112","EF0422B0131",2022-04-18,"Dissolved Nitrate + Nitrite","0.237","0.05","mg/L as N",NA,"N","N","Webb Tract Islands and Berms","38.095403",-121.591715,"08:25","Bryte",NA
"3090","6112","EF0422B0131",2022-04-18,"Dissolved Organic Carbon","3","0.5","mg/L as C",NA,"N","N","Webb Tract Islands and Berms","38.095403",-121.591715,"08:25","Bryte",NA
"3091","6112","EF0422B0131",2022-04-18,"Total Organic Carbon","2.9","0.5","mg/L as C",NA,"N","N","Webb Tract Islands and Berms","38.095403",-121.591715,"08:25","Bryte",NA
"3092","6112","EF0422B0131",2022-04-18,"Dissolved Organic Nitrogen","0.22","0.1","mg/L as N",NA,"N","N","Webb Tract Islands and Berms","38.095403",-121.591715,"08:25","Bryte",NA
"3093","6112","EF0422B0131",2022-04-18,"Dissolved ortho-Phosphate","0.06","0.05","mg/L as P",NA,"N","N","Webb Tract Islands and Berms","38.095403",-121.591715,"08:25","Bryte",NA
"3094","6112","EF0422B0131",2022-04-18,"Pheophytin a","0.87","0.5","ug/L",NA,"N","N","Webb Tract Islands and Berms","38.095403",-121.591715,"08:25","Bryte",NA
"3095","6112","EF0422B0131",2022-04-18,"Total Phosphorus","0.069","0.01","mg/L as P",NA,"N","N","Webb Tract Islands and Berms","38.095403",-121.591715,"08:25","Bryte",NA
"3096","6112","EF0422B0131",2022-04-18,"Total Suspended Solids","8.4","2.5","mg/L",NA,"N","N","Webb Tract Islands and Berms","38.095403",-121.591715,"08:25","Bryte",NA
"3097","6112","EF0422B0131",2022-04-18,"Total Kjeldahl Nitrogen","0.34","0.1","mg/L as N",NA,"N","N","Webb Tract Islands and Berms","38.095403",-121.591715,"08:25","Bryte",NA
"3098","6113","EF0422B0066",2022-04-06,"Dissolved Ammonia","<0.05","0.05","mg/L as N",NA,"N","N","Lower Yolo Ranch","38.34988",-121.667061,"10:00","Bryte",NA
"3099","6113","EF0422B0066",2022-04-06,"Dissolved ortho-Phosphate","0.166","0.05","mg/L as P",NA,"N","N","Lower Yolo Ranch","38.34988",-121.667061,"10:00","Bryte",NA
"3100","6113","EF0422B0066",2022-04-06,"Chlorophyll a","6.55","0.5","ug/L",NA,"N","N","Lower Yolo Ranch","38.34988",-121.667061,"10:00","Bryte",NA
"3101","6113","EF0422B0066",2022-04-06,"Dissolved Nitrate + Nitrite","<0.05","0.05","mg/L as N",NA,"N","N","Lower Yolo Ranch","38.34988",-121.667061,"10:00","Bryte",NA
"3102","6113","EF0422B0066",2022-04-06,"Total Kjeldahl Nitrogen","0.213","0.1","mg/L as N",NA,"N","Y","Lower Yolo Ranch","38.34988",-121.667061,"10:00","Bryte",NA
"3103","6113","EF0422B0066",2022-04-06,"Total Organic Carbon","5.4","0.5","mg/L as C",NA,"N","N","Lower Yolo Ranch","38.34988",-121.667061,"10:00","Bryte",NA
"3104","6113","EF0422B0066",2022-04-06,"Total Suspended Solids","47","2.5","mg/L",NA,"N","N","Lower Yolo Ranch","38.34988",-121.667061,"10:00","Bryte",NA
"3105","6113","EF0422B0066",2022-04-06,"Dissolved Organic Carbon","5.5","0.5","mg/L as C",NA,"N","N","Lower Yolo Ranch","38.34988",-121.667061,"10:00","Bryte",NA
"3106","6113","EF0422B0066",2022-04-06,"Dissolved Organic Nitrogen","0.37","0.1","mg/L as N",NA,"N","N","Lower Yolo Ranch","38.34988",-121.667061,"10:00","Bryte",NA
"3107","6113","EF0422B0066",2022-04-06,"Pheophytin a","3.09","0.5","ug/L",NA,"N","N","Lower Yolo Ranch","38.34988",-121.667061,"10:00","Bryte",NA
"3108","6113","EF0422B0066",2022-04-06,"Total Phosphorus","0.213","0.01","mg/L as P",NA,"N","N","Lower Yolo Ranch","38.34988",-121.667061,"10:00","Bryte",NA
"3109","6125","EF0422B0134",2022-04-20,"Dissolved Ammonia","0.052","0.05","mg/L as N",NA,"N","N","Horseshoe Bend","38.085163",-121.713752,"09:30","Bryte",NA
"3110","6125","EF0422B0134",2022-04-20,"Chlorophyll a","1.32","0.5","ug/L",NA,"N","N","Horseshoe Bend","38.085163",-121.713752,"09:30","Bryte",NA
"3111","6125","EF0422B0134",2022-04-20,"Dissolved Nitrate + Nitrite","0.156","0.05","mg/L as N",NA,"N","N","Horseshoe Bend","38.085163",-121.713752,"09:30","Bryte",NA
"3112","6125","EF0422B0134",2022-04-20,"Dissolved Organic Nitrogen","0.13","0.1","mg/L as N",NA,"N","N","Horseshoe Bend","38.085163",-121.713752,"09:30","Bryte",NA
"3113","6125","EF0422B0134",2022-04-20,"Dissolved ortho-Phosphate","0.063","0.05","mg/L as P",NA,"N","N","Horseshoe Bend","38.085163",-121.713752,"09:30","Bryte",NA
"3114","6125","EF0422B0134",2022-04-20,"Pheophytin a","1.7","0.5","ug/L",NA,"N","N","Horseshoe Bend","38.085163",-121.713752,"09:30","Bryte",NA
"3115","6125","EF0422B0134",2022-04-20,"Total Phosphorus","0.081","0.01","mg/L as P",NA,"N","N","Horseshoe Bend","38.085163",-121.713752,"09:30","Bryte",NA
"3116","6125","EF0422B0134",2022-04-20,"Total Suspended Solids","6.8","2.5","mg/L",NA,"N","N","Horseshoe Bend","38.085163",-121.713752,"09:30","Bryte",NA
"3117","6125","EF0422B0134",2022-04-20,"Total Kjeldahl Nitrogen","0.232","0.1","mg/L as N",NA,"N","N","Horseshoe Bend","38.085163",-121.713752,"09:30","Bryte",NA
"3118","6181","EF0422B0135",2022-04-20,"Total Organic Carbon","2.8","0.5","mg/L as C",NA,"N","N","Horseshoe Bend","38.082813",-121.728138,"10:50","Bryte",NA
"3119","6181","EF0422B0135",2022-04-20,"Dissolved ortho-Phosphate","0.071","0.05","mg/L as P",NA,"N","N","Horseshoe Bend","38.082813",-121.728138,"10:50","Bryte",NA
"3120","6181","EF0422B0135",2022-04-20,"Pheophytin a","1.55","0.5","ug/L",NA,"N","N","Horseshoe Bend","38.082813",-121.728138,"10:50","Bryte",NA
"3121","6181","EF0422B0135",2022-04-20,"Total Phosphorus","0.092","0.01","mg/L as P",NA,"N","N","Horseshoe Bend","38.082813",-121.728138,"10:50","Bryte",NA
"3122","6181","EF0422B0135",2022-04-20,"Dissolved Organic Nitrogen","0.14","0.1","mg/L as N",NA,"N","N","Horseshoe Bend","38.082813",-121.728138,"10:50","Bryte",NA
"3123","6181","EF0422B0135",2022-04-20,"Dissolved Ammonia","<0.05","0.05","mg/L as N",NA,"N","N","Horseshoe Bend","38.082813",-121.728138,"10:50","Bryte",NA
"3124","6181","EF0422B0135",2022-04-20,"Chlorophyll a","4.22","0.5","ug/L",NA,"N","N","Horseshoe Bend","38.082813",-121.728138,"10:50","Bryte",NA
"3125","6181","EF0422B0135",2022-04-20,"Dissolved Nitrate + Nitrite","0.216","0.05","mg/L as N",NA,"N","N","Horseshoe Bend","38.082813",-121.728138,"10:50","Bryte",NA
"3126","6181","EF0422B0135",2022-04-20,"Dissolved Organic Carbon","3.1","0.5","mg/L as C",NA,"N","N","Horseshoe Bend","38.082813",-121.728138,"10:50","Bryte",NA
"3127","6181","EF0422B0135",2022-04-20,"Total Suspended Solids","19","2.5","mg/L",NA,"N","N","Horseshoe Bend","38.082813",-121.728138,"10:50","Bryte",NA
"3128","6181","EF0422B0135",2022-04-20,"Total Kjeldahl Nitrogen","0.256","0.1","mg/L as N",NA,"N","N","Horseshoe Bend","38.082813",-121.728138,"10:50","Bryte",NA
"3129","6201","EF0422B0136",2022-04-20,"Total Suspended Solids","18.4","2.5","mg/L",NA,"N","N","Horseshoe Bend","38.083725",-121.715225,"11:50","Bryte",NA
"3130","6201","EF0422B0136",2022-04-20,"Total Kjeldahl Nitrogen","0.222","0.1","mg/L as N",NA,"N","N","Horseshoe Bend","38.083725",-121.715225,"11:50","Bryte",NA
"3131","6201","EF0422B0136",2022-04-20,"Pheophytin a","1.5","0.5","ug/L",NA,"N","N","Horseshoe Bend","38.083725",-121.715225,"11:50","Bryte",NA
"3132","6201","EF0422B0136",2022-04-20,"Total Phosphorus","0.097","0.01","mg/L as P",NA,"N","N","Horseshoe Bend","38.083725",-121.715225,"11:50","Bryte",NA
"3133","6201","EF0422B0136",2022-04-20,"Dissolved Ammonia","<0.05","0.05","mg/L as N",NA,"N","N","Horseshoe Bend","38.083725",-121.715225,"11:50","Bryte",NA
"3134","6201","EF0422B0136",2022-04-20,"Chlorophyll a","3.76","0.5","ug/L",NA,"N","N","Horseshoe Bend","38.083725",-121.715225,"11:50","Bryte",NA
"3135","6201","EF0422B0136",2022-04-20,"Dissolved Nitrate + Nitrite","0.231","0.05","mg/L as N",NA,"N","N","Horseshoe Bend","38.083725",-121.715225,"11:50","Bryte",NA
"3136","6201","EF0422B0136",2022-04-20,"Dissolved Organic Carbon","3","0.5","mg/L as C",NA,"N","N","Horseshoe Bend","38.083725",-121.715225,"11:50","Bryte",NA
"3137","6201","EF0422B0136",2022-04-20,"Total Organic Carbon","2.8","0.5","mg/L as C",NA,"N","N","Horseshoe Bend","38.083725",-121.715225,"11:50","Bryte",NA
"3138","6201","EF0422B0136",2022-04-20,"Dissolved Organic Nitrogen","0.16","0.1","mg/L as N",NA,"N","N","Horseshoe Bend","38.083725",-121.715225,"11:50","Bryte",NA
"3139","6201","EF0422B0136",2022-04-20,"Dissolved ortho-Phosphate","0.076","0.05","mg/L as P",NA,"N","N","Horseshoe Bend","38.083725",-121.715225,"11:50","Bryte",NA
"3140","6203","EF0422B0145",2022-04-21,"Dissolved Ammonia","<0.05","0.05","mg/L as N",NA,"N","N","Decker Island","38.084358",-121.723945,"08:15","Bryte",NA
"3141","6203","EF0422B0145",2022-04-21,"Chlorophyll a","3.1","0.5","ug/L",NA,"N","N","Decker Island","38.084358",-121.723945,"08:15","Bryte",NA
"3142","6203","EF0422B0145",2022-04-21,"Dissolved Nitrate + Nitrite","0.219","0.05","mg/L as N",NA,"N","N","Decker Island","38.084358",-121.723945,"08:15","Bryte",NA
"3143","6203","EF0422B0145",2022-04-21,"Dissolved Organic Carbon","2.3","0.5","mg/L as C",NA,"N","N","Decker Island","38.084358",-121.723945,"08:15","Bryte",NA
"3144","6203","EF0422B0145",2022-04-21,"Total Organic Carbon","2.3","0.5","mg/L as C",NA,"N","N","Decker Island","38.084358",-121.723945,"08:15","Bryte",NA
"3145","6203","EF0422B0145",2022-04-21,"Dissolved Organic Nitrogen","0.18","0.1","mg/L as N",NA,"N","N","Decker Island","38.084358",-121.723945,"08:15","Bryte",NA
"3146","6203","EF0422B0145",2022-04-21,"Dissolved ortho-Phosphate","0.073","0.05","mg/L as P",NA,"N","N","Decker Island","38.084358",-121.723945,"08:15","Bryte",NA
"3147","6203","EF0422B0145",2022-04-21,"Pheophytin a","1.42","0.5","ug/L",NA,"N","N","Decker Island","38.084358",-121.723945,"08:15","Bryte",NA
"3148","6203","EF0422B0145",2022-04-21,"Total Phosphorus","0.086","0.01","mg/L as P",NA,"N","N","Decker Island","38.084358",-121.723945,"08:15","Bryte",NA
"3149","6203","EF0422B0145",2022-04-21,"Total Suspended Solids","14","2.5","mg/L",NA,"N","N","Decker Island","38.084358",-121.723945,"08:15","Bryte",NA
"3150","6203","EF0422B0145",2022-04-21,"Total Kjeldahl Nitrogen","0.255","0.1","mg/L as N",NA,"N","N","Decker Island","38.084358",-121.723945,"08:15","Bryte",NA
"3151","6204","EF0422B0146",2022-04-21,"Dissolved Ammonia","<0.05","0.05","mg/L as N",NA,"N","N","Decker Island","38.084358",-121.723941,"09:45","Bryte",NA
"3152","6204","EF0422B0146",2022-04-21,"Chlorophyll a","2.59","0.5","ug/L",NA,"N","N","Decker Island","38.084358",-121.723941,"09:45","Bryte",NA
"3153","6204","EF0422B0146",2022-04-21,"Dissolved Nitrate + Nitrite","0.218","0.05","mg/L as N",NA,"N","N","Decker Island","38.084358",-121.723941,"09:45","Bryte",NA
"3154","6204","EF0422B0146",2022-04-21,"Dissolved Organic Carbon","2.4","0.5","mg/L as C",NA,"N","N","Decker Island","38.084358",-121.723941,"09:45","Bryte",NA
"3155","6204","EF0422B0146",2022-04-21,"Total Organic Carbon","2.5","0.5","mg/L as C",NA,"N","N","Decker Island","38.084358",-121.723941,"09:45","Bryte",NA
"3156","6204","EF0422B0146",2022-04-21,"Dissolved Organic Nitrogen","0.19","0.1","mg/L as N",NA,"N","N","Decker Island","38.084358",-121.723941,"09:45","Bryte",NA
"3157","6204","EF0422B0146",2022-04-21,"Dissolved ortho-Phosphate","0.07","0.05","mg/L as P",NA,"N","N","Decker Island","38.084358",-121.723941,"09:45","Bryte",NA
"3158","6204","EF0422B0146",2022-04-21,"Pheophytin a","1.09","0.5","ug/L",NA,"N","N","Decker Island","38.084358",-121.723941,"09:45","Bryte",NA
"3159","6204","EF0422B0146",2022-04-21,"Total Phosphorus","0.095","0.01","mg/L as P",NA,"N","N","Decker Island","38.084358",-121.723941,"09:45","Bryte",NA
"3160","6204","EF0422B0146",2022-04-21,"Total Suspended Solids","13.4","2.5","mg/L",NA,"N","N","Decker Island","38.084358",-121.723941,"09:45","Bryte",NA
"3161","6204","EF0422B0146",2022-04-21,"Total Kjeldahl Nitrogen","0.242","0.1","mg/L as N",NA,"N","N","Decker Island","38.084358",-121.723941,"09:45","Bryte",NA
"3162","6206","EF0422B0147",2022-04-21,"Dissolved Ammonia","<0.05","0.05","mg/L as N",NA,"N","N","Decker Island","38.084538",-121.723941,"11:05","Bryte",NA
"3163","6206","EF0422B0147",2022-04-21,"Chlorophyll a","1.82","0.5","ug/L",NA,"N","N","Decker Island","38.084538",-121.723941,"11:05","Bryte",NA
"3164","6206","EF0422B0147",2022-04-21,"Dissolved Nitrate + Nitrite","0.194","0.05","mg/L as N",NA,"N","N","Decker Island","38.084538",-121.723941,"11:05","Bryte",NA
"3165","6206","EF0422B0147",2022-04-21,"Dissolved Organic Carbon","2.7","0.5","mg/L as C",NA,"N","N","Decker Island","38.084538",-121.723941,"11:05","Bryte",NA
"3166","6206","EF0422B0147",2022-04-21,"Total Organic Carbon","2.6","0.5","mg/L as C",NA,"N","N","Decker Island","38.084538",-121.723941,"11:05","Bryte",NA
"3167","6206","EF0422B0147",2022-04-21,"Dissolved Organic Nitrogen","0.18","0.1","mg/L as N",NA,"N","N","Decker Island","38.084538",-121.723941,"11:05","Bryte",NA
"3168","6206","EF0422B0147",2022-04-21,"Dissolved ortho-Phosphate","0.077","0.05","mg/L as P",NA,"N","N","Decker Island","38.084538",-121.723941,"11:05","Bryte",NA
"3169","6206","EF0422B0147",2022-04-21,"Pheophytin a","1.07","0.5","ug/L",NA,"N","Y","Decker Island","38.084538",-121.723941,"11:05","Bryte",NA
"3170","6206","EF0422B0147",2022-04-21,"Total Phosphorus","0.096","0.01","mg/L as P",NA,"N","N","Decker Island","38.084538",-121.723941,"11:05","Bryte",NA
"3171","6206","EF0422B0147",2022-04-21,"Total Suspended Solids","22.9","2.5","mg/L",NA,"N","N","Decker Island","38.084538",-121.723941,"11:05","Bryte",NA
"3172","6206","EF0422B0147",2022-04-21,"Total Kjeldahl Nitrogen","0.276","0.1","mg/L as N",NA,"N","N","Decker Island","38.084538",-121.723941,"11:05","Bryte",NA
"3173","6266","EF0422B0152",2022-04-26,"Pheophytin a","2.81","0.5","ug/L",NA,"N","N","Wings Landing","38.224979",-122.037424,"13:50","Bryte",NA
"3174","6266","EF0422B0152",2022-04-26,"Total Phosphorus","0.352","0.01","mg/L as P",NA,"N","N","Wings Landing","38.224979",-122.037424,"13:50","Bryte",NA
"3175","6266","EF0422B0152",2022-04-26,"Dissolved Ammonia","0.117","0.05","mg/L as N",NA,"N","N","Wings Landing","38.224979",-122.037424,"13:50","Bryte",NA
"3176","6266","EF0422B0152",2022-04-26,"Chlorophyll a","2.42","0.5","ug/L",NA,"N","N","Wings Landing","38.224979",-122.037424,"13:50","Bryte",NA
"3177","6266","EF0422B0152",2022-04-26,"Dissolved Nitrate + Nitrite","1.51","0.05","mg/L as N",NA,"N","N","Wings Landing","38.224979",-122.037424,"13:50","Bryte",NA
"3178","6266","EF0422B0152",2022-04-26,"Dissolved Organic Carbon","11.1","0.5","mg/L as C",NA,"N","N","Wings Landing","38.224979",-122.037424,"13:50","Bryte",NA
"3179","6266","EF0422B0152",2022-04-26,"Total Organic Carbon","11","0.5","mg/L as C",NA,"N","N","Wings Landing","38.224979",-122.037424,"13:50","Bryte",NA
"3180","6266","EF0422B0152",2022-04-26,"Dissolved Organic Nitrogen","0.97","0.1","mg/L as N",NA,"N","N","Wings Landing","38.224979",-122.037424,"13:50","Bryte",NA
"3181","6266","EF0422B0152",2022-04-26,"Dissolved ortho-Phosphate","0.181","0.05","mg/L as P",NA,"N","N","Wings Landing","38.224979",-122.037424,"13:50","Bryte",NA
"3182","6266","EF0422B0152",2022-04-26,"Total Suspended Solids","46.9","2.5","mg/L",NA,"N","N","Wings Landing","38.224979",-122.037424,"13:50","Bryte",NA
"3183","6266","EF0422B0152",2022-04-26,"Total Kjeldahl Nitrogen","1.41","0.1","mg/L as N",NA,"N","N","Wings Landing","38.224979",-122.037424,"13:50","Bryte",NA
"3184","6267","EF0422B0150",2022-04-26,"Dissolved Nitrate + Nitrite","1.39","0.05","mg/L as N",NA,"N","N","Wings Landing","38.220803",-122.032257,"14:55","Bryte",NA
"3185","6267","EF0422B0150",2022-04-26,"Dissolved Organic Carbon","10.4","0.5","mg/L as C",NA,"N","N","Wings Landing","38.220803",-122.032257,"14:55","Bryte",NA
"3186","6267","EF0422B0150",2022-04-26,"Dissolved Ammonia","0.09","0.05","mg/L as N",NA,"N","N","Wings Landing","38.220803",-122.032257,"14:55","Bryte",NA
"3187","6267","EF0422B0150",2022-04-26,"Chlorophyll a","4.27","0.5","ug/L",NA,"N","N","Wings Landing","38.220803",-122.032257,"14:55","Bryte",NA
"3188","6267","EF0422B0150",2022-04-26,"Dissolved Organic Nitrogen","0.93","0.1","mg/L as N",NA,"N","N","Wings Landing","38.220803",-122.032257,"14:55","Bryte",NA
"3189","6267","EF0422B0150",2022-04-26,"Dissolved ortho-Phosphate","0.169","0.05","mg/L as P",NA,"N","N","Wings Landing","38.220803",-122.032257,"14:55","Bryte",NA
"3190","6267","EF0422B0150",2022-04-26,"Pheophytin a","9.49","0.5","ug/L",NA,"N","N","Wings Landing","38.220803",-122.032257,"14:55","Bryte",NA
"3191","6267","EF0422B0150",2022-04-26,"Total Organic Carbon","10.5","0.5","mg/L as C",NA,"N","N","Wings Landing","38.220803",-122.032257,"14:55","Bryte",NA
"3192","6267","EF0422B0150",2022-04-26,"Total Suspended Solids","183","2.5","mg/L",NA,"N","N","Wings Landing","38.220803",-122.032257,"14:55","Bryte",NA
"3193","6267","EF0422B0150",2022-04-26,"Total Kjeldahl Nitrogen","1.6","0.1","mg/L as N",NA,"N","N","Wings Landing","38.220803",-122.032257,"14:55","Bryte",NA
"3194","6267","EF0422B0150",2022-04-26,"Total Phosphorus","0.494","0.01","mg/L as P",NA,"N","N","Wings Landing","38.220803",-122.032257,"14:55","Bryte",NA
"3195","6268","EF0422B0151",2022-04-26,"Dissolved ortho-Phosphate","0.148","0.05","mg/L as P",NA,"N","N","Wings Landing","38.215787",-122.034917,"15:55","Bryte",NA
"3196","6268","EF0422B0151",2022-04-26,"Total Organic Carbon","9.9","0.5","mg/L as C",NA,"N","N","Wings Landing","38.215787",-122.034917,"15:55","Bryte",NA
"3197","6268","EF0422B0151",2022-04-26,"Dissolved Organic Nitrogen","1.11","0.1","mg/L as N",NA,"N","N","Wings Landing","38.215787",-122.034917,"15:55","Bryte",NA
"3198","6268","EF0422B0151",2022-04-26,"Dissolved Ammonia","0.099","0.05","mg/L as N",NA,"N","N","Wings Landing","38.215787",-122.034917,"15:55","Bryte",NA
"3199","6268","EF0422B0151",2022-04-26,"Chlorophyll a","3.82","0.5","ug/L",NA,"N","N","Wings Landing","38.215787",-122.034917,"15:55","Bryte",NA
"3200","6268","EF0422B0151",2022-04-26,"Dissolved Nitrate + Nitrite","1.21","0.05","mg/L as N",NA,"N","N","Wings Landing","38.215787",-122.034917,"15:55","Bryte",NA
"3201","6268","EF0422B0151",2022-04-26,"Dissolved Organic Carbon","9.7","0.5","mg/L as C",NA,"N","N","Wings Landing","38.215787",-122.034917,"15:55","Bryte",NA
"3202","6268","EF0422B0151",2022-04-26,"Total Suspended Solids","130","2.5","mg/L",NA,"N","N","Wings Landing","38.215787",-122.034917,"15:55","Bryte",NA
"3203","6268","EF0422B0151",2022-04-26,"Total Kjeldahl Nitrogen","1.45","0.1","mg/L as N",NA,"N","N","Wings Landing","38.215787",-122.034917,"15:55","Bryte",NA
"3204","6268","EF0422B0151",2022-04-26,"Pheophytin a","7.33","0.5","ug/L",NA,"N","N","Wings Landing","38.215787",-122.034917,"15:55","Bryte",NA
"3205","6268","EF0422B0151",2022-04-26,"Total Phosphorus","0.417","0.01","mg/L as P",NA,"N","N","Wings Landing","38.215787",-122.034917,"15:55","Bryte",NA
"3206","6273","EF0422B0127",2022-04-12,"Dissolved Ammonia","<0.05","0.05","mg/L as N",NA,"N","N","Winter Island","38.036206",-121.845262,"15:30","Bryte",NA
"3207","6273","EF0422B0127",2022-04-12,"Chlorophyll a","2.47","0.5","ug/L",NA,"N","N","Winter Island","38.036206",-121.845262,"15:30","Bryte",NA
"3208","6273","EF0422B0127",2022-04-12,"Dissolved Nitrate + Nitrite","0.182","0.05","mg/L as N",NA,"N","N","Winter Island","38.036206",-121.845262,"15:30","Bryte",NA
"3209","6273","EF0422B0127",2022-04-12,"Dissolved Organic Carbon","4","0.5","mg/L as C",NA,"N","N","Winter Island","38.036206",-121.845262,"15:30","Bryte",NA
"3210","6273","EF0422B0127",2022-04-12,"Total Organic Carbon","4.3","0.5","mg/L as C",NA,"N","N","Winter Island","38.036206",-121.845262,"15:30","Bryte",NA
"3211","6273","EF0422B0127",2022-04-12,"Dissolved Organic Nitrogen","0.25","0.1","mg/L as N",NA,"N","N","Winter Island","38.036206",-121.845262,"15:30","Bryte",NA
"3212","6273","EF0422B0127",2022-04-12,"Dissolved ortho-Phosphate","0.065","0.05","mg/L as P",NA,"N","N","Winter Island","38.036206",-121.845262,"15:30","Bryte",NA
"3213","6273","EF0422B0127",2022-04-12,"Pheophytin a","2.04","0.5","ug/L",NA,"N","N","Winter Island","38.036206",-121.845262,"15:30","Bryte",NA
"3214","6273","EF0422B0127",2022-04-12,"Total Phosphorus","0.091","0.01","mg/L as P",NA,"N","N","Winter Island","38.036206",-121.845262,"15:30","Bryte",NA
"3215","6273","EF0422B0127",2022-04-12,"Total Suspended Solids","18.6","2.5","mg/L",NA,"N","N","Winter Island","38.036206",-121.845262,"15:30","Bryte",NA
"3216","6273","EF0422B0127",2022-04-12,"Total Kjeldahl Nitrogen","0.396","0.1","mg/L as N",NA,"N","N","Winter Island","38.036206",-121.845262,"15:30","Bryte",NA
"3217","6274","EF0422B0126",2022-04-12,"Dissolved Ammonia","0.05","0.05","mg/L as N",NA,"N","N","Browns Island","38.042245",-121.868973,"14:51","Bryte",NA
"3218","6274","EF0422B0126",2022-04-12,"Chlorophyll a","5.77","0.5","ug/L",NA,"N","N","Browns Island","38.042245",-121.868973,"14:51","Bryte",NA
"3219","6274","EF0422B0126",2022-04-12,"Dissolved Nitrate + Nitrite","0.243","0.05","mg/L as N",NA,"N","N","Browns Island","38.042245",-121.868973,"14:51","Bryte",NA
"3220","6274","EF0422B0126",2022-04-12,"Dissolved Organic Carbon","3.3","0.5","mg/L as C",NA,"N","N","Browns Island","38.042245",-121.868973,"14:51","Bryte",NA
"3221","6274","EF0422B0126",2022-04-12,"Total Organic Carbon","3.5","0.5","mg/L as C",NA,"N","N","Browns Island","38.042245",-121.868973,"14:51","Bryte",NA
"3222","6274","EF0422B0126",2022-04-12,"Dissolved Organic Nitrogen","0.15","0.1","mg/L as N",NA,"N","N","Browns Island","38.042245",-121.868973,"14:51","Bryte",NA
"3223","6274","EF0422B0126",2022-04-12,"Dissolved ortho-Phosphate","0.066","0.05","mg/L as P",NA,"N","N","Browns Island","38.042245",-121.868973,"14:51","Bryte",NA
"3224","6274","EF0422B0126",2022-04-12,"Pheophytin a","1.75","0.5","ug/L",NA,"N","N","Browns Island","38.042245",-121.868973,"14:51","Bryte",NA
"3225","6274","EF0422B0126",2022-04-12,"Total Phosphorus","0.09","0.01","mg/L as P",NA,"N","N","Browns Island","38.042245",-121.868973,"14:51","Bryte",NA
"3226","6274","EF0422B0126",2022-04-12,"Total Suspended Solids","24.2","2.5","mg/L",NA,"N","N","Browns Island","38.042245",-121.868973,"14:51","Bryte",NA
"3227","6274","EF0422B0126",2022-04-12,"Total Kjeldahl Nitrogen","0.322","0.1","mg/L as N",NA,"N","N","Browns Island","38.042245",-121.868973,"14:51","Bryte",NA
"3228","6275","EF0422B0125",2022-04-12,"Dissolved Ammonia","<0.05","0.05","mg/L as N",NA,"N","N","Browns Island","38.037095",-121.873819,"14:18","Bryte",NA
"3229","6275","EF0422B0125",2022-04-12,"Chlorophyll a","2.87","0.5","ug/L",NA,"N","N","Browns Island","38.037095",-121.873819,"14:18","Bryte",NA
"3230","6275","EF0422B0125",2022-04-12,"Dissolved Nitrate + Nitrite","0.213","0.05","mg/L as N",NA,"N","N","Browns Island","38.037095",-121.873819,"14:18","Bryte",NA
"3231","6275","EF0422B0125",2022-04-12,"Dissolved Organic Carbon","2.3","0.5","mg/L as C",NA,"N","N","Browns Island","38.037095",-121.873819,"14:18","Bryte",NA
"3232","6275","EF0422B0125",2022-04-12,"Total Organic Carbon","2.3","0.5","mg/L as C",NA,"N","N","Browns Island","38.037095",-121.873819,"14:18","Bryte",NA
"3233","6275","EF0422B0125",2022-04-12,"Dissolved Organic Nitrogen","0.24","0.1","mg/L as N",NA,"N","N","Browns Island","38.037095",-121.873819,"14:18","Bryte",NA
"3234","6275","EF0422B0125",2022-04-12,"Dissolved ortho-Phosphate","0.065","0.05","mg/L as P",NA,"N","N","Browns Island","38.037095",-121.873819,"14:18","Bryte",NA
"3235","6275","EF0422B0125",2022-04-12,"Pheophytin a","0.97","0.5","ug/L",NA,"N","N","Browns Island","38.037095",-121.873819,"14:18","Bryte",NA
"3236","6275","EF0422B0125",2022-04-12,"Total Phosphorus","0.078","0.01","mg/L as P",NA,"N","N","Browns Island","38.037095",-121.873819,"14:18","Bryte",NA
"3237","6275","EF0422B0125",2022-04-12,"Total Suspended Solids","17.3","2.5","mg/L",NA,"N","N","Browns Island","38.037095",-121.873819,"14:18","Bryte",NA
"3238","6275","EF0422B0125",2022-04-12,"Total Kjeldahl Nitrogen","0.344","0.1","mg/L as N",NA,"N","N","Browns Island","38.037095",-121.873819,"14:18","Bryte",NA
"3239","6277","EF0422B0124",2022-04-12,"Dissolved Ammonia","0.053","0.05","mg/L as N",NA,"N","N","Browns Island","38.039223",-121.857772,"12:48","Bryte",NA
"3240","6277","EF0422B0124",2022-04-12,"Chlorophyll a","2.83","0.5","ug/L",NA,"N","N","Browns Island","38.039223",-121.857772,"12:48","Bryte",NA
"3241","6277","EF0422B0124",2022-04-12,"Dissolved Nitrate + Nitrite","0.125","0.05","mg/L as N",NA,"N","N","Browns Island","38.039223",-121.857772,"12:48","Bryte",NA
"3242","6277","EF0422B0124",2022-04-12,"Dissolved Organic Carbon","3.5","0.5","mg/L as C",NA,"N","N","Browns Island","38.039223",-121.857772,"12:48","Bryte",NA
"3243","6277","EF0422B0124",2022-04-12,"Total Organic Carbon","3.4","0.5","mg/L as C",NA,"N","N","Browns Island","38.039223",-121.857772,"12:48","Bryte",NA
"3244","6277","EF0422B0124",2022-04-12,"Dissolved Organic Nitrogen","0.18","0.1","mg/L as N",NA,"N","N","Browns Island","38.039223",-121.857772,"12:48","Bryte",NA
"3245","6277","EF0422B0124",2022-04-12,"Dissolved ortho-Phosphate","0.064","0.05","mg/L as P",NA,"N","N","Browns Island","38.039223",-121.857772,"12:48","Bryte",NA
"3246","6277","EF0422B0124",2022-04-12,"Pheophytin a","1.91","0.5","ug/L",NA,"N","N","Browns Island","38.039223",-121.857772,"12:48","Bryte",NA
"3247","6277","EF0422B0124",2022-04-12,"Total Phosphorus","0.078","0.01","mg/L as P",NA,"N","N","Browns Island","38.039223",-121.857772,"12:48","Bryte",NA
"3248","6277","EF0422B0124",2022-04-12,"Total Suspended Solids","15.8","2.5","mg/L",NA,"N","N","Browns Island","38.039223",-121.857772,"12:48","Bryte",NA
"3249","6277","EF0422B0124",2022-04-12,"Total Kjeldahl Nitrogen","0.373","0.1","mg/L as N",NA,"N","N","Browns Island","38.039223",-121.857772,"12:48","Bryte",NA
"3250","6282","EF0422B0155",2022-04-27,"Dissolved Ammonia","0.101","0.05","mg/L as N",NA,"N","N","Rush Ranch","38.204984",-122.029515,"11:40","Bryte",NA
"3251","6282","EF0422B0155",2022-04-27,"Chlorophyll a","4.44","0.5","ug/L",NA,"N","N","Rush Ranch","38.204984",-122.029515,"11:40","Bryte",NA
"3252","6282","EF0422B0155",2022-04-27,"Dissolved Nitrate + Nitrite","0.871","0.05","mg/L as N",NA,"N","N","Rush Ranch","38.204984",-122.029515,"11:40","Bryte",NA
"3253","6282","EF0422B0155",2022-04-27,"Dissolved Organic Carbon","10.8","0.5","mg/L as C",NA,"N","N","Rush Ranch","38.204984",-122.029515,"11:40","Bryte",NA
"3254","6282","EF0422B0155",2022-04-27,"Total Organic Carbon","10.9","0.5","mg/L as C",NA,"N","N","Rush Ranch","38.204984",-122.029515,"11:40","Bryte",NA
"3255","6282","EF0422B0155",2022-04-27,"Dissolved Organic Nitrogen","0.98","0.1","mg/L as N",NA,"N","N","Rush Ranch","38.204984",-122.029515,"11:40","Bryte",NA
"3256","6282","EF0422B0155",2022-04-27,"Dissolved ortho-Phosphate","0.236","0.05","mg/L as P",NA,"N","N","Rush Ranch","38.204984",-122.029515,"11:40","Bryte",NA
"3257","6282","EF0422B0155",2022-04-27,"Pheophytin a","4.66","0.5","ug/L",NA,"N","N","Rush Ranch","38.204984",-122.029515,"11:40","Bryte",NA
"3258","6282","EF0422B0155",2022-04-27,"Total Phosphorus","0.429","0.01","mg/L as P",NA,"N","N","Rush Ranch","38.204984",-122.029515,"11:40","Bryte",NA
"3259","6282","EF0422B0155",2022-04-27,"Total Suspended Solids","71.3","2.5","mg/L",NA,"N","N","Rush Ranch","38.204984",-122.029515,"11:40","Bryte",NA
"3260","6282","EF0422B0155",2022-04-27,"Total Kjeldahl Nitrogen","1.47","0.1","mg/L as N",NA,"N","N","Rush Ranch","38.204984",-122.029515,"11:40","Bryte",NA
"3261","6283","EF0422B0156",2022-04-27,"Dissolved Ammonia","0.102","0.05","mg/L as N",NA,"N","N","Rush Ranch","38.201564",-122.03485,"12:11","Bryte",NA
"3262","6283","EF0422B0156",2022-04-27,"Chlorophyll a","5.11","0.5","ug/L",NA,"N","N","Rush Ranch","38.201564",-122.03485,"12:11","Bryte",NA
"3263","6283","EF0422B0156",2022-04-27,"Dissolved Nitrate + Nitrite","0.77","0.05","mg/L as N",NA,"N","N","Rush Ranch","38.201564",-122.03485,"12:11","Bryte",NA
"3264","6283","EF0422B0156",2022-04-27,"Dissolved Organic Carbon","11","0.5","mg/L as C",NA,"N","N","Rush Ranch","38.201564",-122.03485,"12:11","Bryte",NA
"3265","6283","EF0422B0156",2022-04-27,"Total Organic Carbon","11","0.5","mg/L as C",NA,"N","N","Rush Ranch","38.201564",-122.03485,"12:11","Bryte",NA
"3266","6283","EF0422B0156",2022-04-27,"Dissolved Organic Nitrogen","1.06","0.1","mg/L as N",NA,"N","N","Rush Ranch","38.201564",-122.03485,"12:11","Bryte",NA
"3267","6283","EF0422B0156",2022-04-27,"Dissolved ortho-Phosphate","0.276","0.05","mg/L as P",NA,"N","N","Rush Ranch","38.201564",-122.03485,"12:11","Bryte",NA
"3268","6283","EF0422B0156",2022-04-27,"Pheophytin a","2.98","0.5","ug/L",NA,"N","N","Rush Ranch","38.201564",-122.03485,"12:11","Bryte",NA
"3269","6283","EF0422B0156",2022-04-27,"Total Phosphorus","0.42","0.01","mg/L as P",NA,"N","N","Rush Ranch","38.201564",-122.03485,"12:11","Bryte",NA
"3270","6283","EF0422B0156",2022-04-27,"Total Suspended Solids","54.4","2.5","mg/L",NA,"N","N","Rush Ranch","38.201564",-122.03485,"12:11","Bryte",NA
"3271","6283","EF0422B0156",2022-04-27,"Total Kjeldahl Nitrogen","1.46","0.1","mg/L as N",NA,"N","N","Rush Ranch","38.201564",-122.03485,"12:11","Bryte",NA
"3272","6284","EF0422B0157",2022-04-27,"Dissolved Ammonia","0.12","0.05","mg/L as N",NA,"N","N","Rush Ranch","38.199529",-122.028236,"12:50","Bryte",NA
"3273","6284","EF0422B0157",2022-04-27,"Chlorophyll a","5.56","0.5","ug/L",NA,"N","N","Rush Ranch","38.199529",-122.028236,"12:50","Bryte",NA
"3274","6284","EF0422B0157",2022-04-27,"Dissolved Nitrate + Nitrite","1.12","0.05","mg/L as N",NA,"N","N","Rush Ranch","38.199529",-122.028236,"12:50","Bryte",NA
"3275","6284","EF0422B0157",2022-04-27,"Dissolved Organic Carbon","10","0.5","mg/L as C",NA,"N","N","Rush Ranch","38.199529",-122.028236,"12:50","Bryte",NA
"3276","6284","EF0422B0157",2022-04-27,"Total Organic Carbon","10.1","0.5","mg/L as C",NA,"N","N","Rush Ranch","38.199529",-122.028236,"12:50","Bryte",NA
"3277","6284","EF0422B0157",2022-04-27,"Dissolved Organic Nitrogen","1.01","0.1","mg/L as N",NA,"N","N","Rush Ranch","38.199529",-122.028236,"12:50","Bryte",NA
"3278","6284","EF0422B0157",2022-04-27,"Dissolved ortho-Phosphate","0.179","0.05","mg/L as P",NA,"N","N","Rush Ranch","38.199529",-122.028236,"12:50","Bryte",NA
"3279","6284","EF0422B0157",2022-04-27,"Pheophytin a","2.9","0.5","ug/L",NA,"N","N","Rush Ranch","38.199529",-122.028236,"12:50","Bryte",NA
"3280","6284","EF0422B0157",2022-04-27,"Total Phosphorus","0.338","0.01","mg/L as P",NA,"N","N","Rush Ranch","38.199529",-122.028236,"12:50","Bryte",NA
"3281","6284","EF0422B0157",2022-04-27,"Total Suspended Solids","62.2","2.5","mg/L",NA,"N","N","Rush Ranch","38.199529",-122.028236,"12:50","Bryte",NA
"3282","6284","EF0422B0157",2022-04-27,"Total Kjeldahl Nitrogen","1.41","0.1","mg/L as N",NA,"N","N","Rush Ranch","38.199529",-122.028236,"12:50","Bryte",NA
"3283","6303","EF0422B0110",2022-04-07,"Dissolved Ammonia","0.055","0.05","mg/L as N",NA,"N","N","Yolo Flyway Farms","38.361025",-121.643003,"11:26","Bryte",NA
"3284","6303","EF0422B0110",2022-04-07,"Chlorophyll a","1.32","0.5","ug/L",NA,"N","N","Yolo Flyway Farms","38.361025",-121.643003,"11:26","Bryte",NA
"3285","6303","EF0422B0110",2022-04-07,"Dissolved Nitrate + Nitrite","0.253","0.05","mg/L as N",NA,"N","N","Yolo Flyway Farms","38.361025",-121.643003,"11:26","Bryte",NA
"3286","6303","EF0422B0110",2022-04-07,"Dissolved Organic Carbon","5.9","0.5","mg/L as C",NA,"N","N","Yolo Flyway Farms","38.361025",-121.643003,"11:26","Bryte",NA
"3287","6303","EF0422B0110",2022-04-07,"Total Organic Carbon","5.9","0.5","mg/L as C",NA,"N","N","Yolo Flyway Farms","38.361025",-121.643003,"11:26","Bryte",NA
"3288","6303","EF0422B0110",2022-04-07,"Dissolved Organic Nitrogen","0.4","0.1","mg/L as N",NA,"N","N","Yolo Flyway Farms","38.361025",-121.643003,"11:26","Bryte",NA
"3289","6303","EF0422B0110",2022-04-07,"Dissolved ortho-Phosphate","0.345","0.05","mg/L as P",NA,"N","N","Yolo Flyway Farms","38.361025",-121.643003,"11:26","Bryte",NA
"3290","6303","EF0422B0110",2022-04-07,"Pheophytin a","2.02","0.5","ug/L",NA,"N","N","Yolo Flyway Farms","38.361025",-121.643003,"11:26","Bryte",NA
"3291","6303","EF0422B0110",2022-04-07,"Total Phosphorus","0.358","0.01","mg/L as P",NA,"N","N","Yolo Flyway Farms","38.361025",-121.643003,"11:26","Bryte",NA
"3292","6303","EF0422B0110",2022-04-07,"Total Suspended Solids","15.2","2.5","mg/L",NA,"N","N","Yolo Flyway Farms","38.361025",-121.643003,"11:26","Bryte",NA
"3293","6303","EF0422B0110",2022-04-07,"Total Kjeldahl Nitrogen","0.609","0.1","mg/L as N",NA,"N","N","Yolo Flyway Farms","38.361025",-121.643003,"11:26","Bryte",NA
"3294","6304","EF0422B0111",2022-04-07,"Dissolved Ammonia","0.063","0.05","mg/L as N",NA,"N","N","Yolo Flyway Farms","38.360604",-121.6402,"12:15","Bryte",NA
"3295","6304","EF0422B0111",2022-04-07,"Chlorophyll a","2.32","0.5","ug/L",NA,"N","N","Yolo Flyway Farms","38.360604",-121.6402,"12:15","Bryte",NA
"3296","6304","EF0422B0111",2022-04-07,"Dissolved Nitrate + Nitrite","0.25","0.05","mg/L as N",NA,"N","N","Yolo Flyway Farms","38.360604",-121.6402,"12:15","Bryte",NA
"3297","6304","EF0422B0111",2022-04-07,"Dissolved Organic Carbon","6.3","0.5","mg/L as C",NA,"N","N","Yolo Flyway Farms","38.360604",-121.6402,"12:15","Bryte",NA
"3298","6304","EF0422B0111",2022-04-07,"Total Organic Carbon","5.9","0.5","mg/L as C",NA,"N","N","Yolo Flyway Farms","38.360604",-121.6402,"12:15","Bryte",NA
"3299","6304","EF0422B0111",2022-04-07,"Dissolved Organic Nitrogen","0.44","0.1","mg/L as N",NA,"N","N","Yolo Flyway Farms","38.360604",-121.6402,"12:15","Bryte",NA
"3300","6304","EF0422B0111",2022-04-07,"Dissolved ortho-Phosphate","0.346","0.05","mg/L as P",NA,"N","N","Yolo Flyway Farms","38.360604",-121.6402,"12:15","Bryte",NA
"3301","6304","EF0422B0111",2022-04-07,"Pheophytin a","2.99","0.5","ug/L",NA,"N","N","Yolo Flyway Farms","38.360604",-121.6402,"12:15","Bryte",NA
"3302","6304","EF0422B0111",2022-04-07,"Total Phosphorus","0.375","0.01","mg/L as P",NA,"N","N","Yolo Flyway Farms","38.360604",-121.6402,"12:15","Bryte",NA
"3303","6304","EF0422B0111",2022-04-07,"Total Suspended Solids","25.3","2.5","mg/L",NA,"N","N","Yolo Flyway Farms","38.360604",-121.6402,"12:15","Bryte",NA
"3304","6304","EF0422B0111",2022-04-07,"Total Kjeldahl Nitrogen","0.647","0.1","mg/L as N",NA,"N","N","Yolo Flyway Farms","38.360604",-121.6402,"12:15","Bryte",NA
"3305","6306","EF0422B0112",2022-04-07,"Dissolved Ammonia","0.062","0.05","mg/L as N",NA,"N","N","Toe Drain","38.357351",-121.64144,"14:00","Bryte",NA
"3306","6306","EF0422B0112",2022-04-07,"Chlorophyll a","2.03","0.5","ug/L",NA,"N","N","Toe Drain","38.357351",-121.64144,"14:00","Bryte",NA
"3307","6306","EF0422B0112",2022-04-07,"Dissolved Nitrate + Nitrite","0.288","0.05","mg/L as N",NA,"N","N","Toe Drain","38.357351",-121.64144,"14:00","Bryte",NA
"3308","6306","EF0422B0112",2022-04-07,"Dissolved Organic Carbon","6.2","0.5","mg/L as C",NA,"N","N","Toe Drain","38.357351",-121.64144,"14:00","Bryte",NA
"3309","6306","EF0422B0112",2022-04-07,"Total Organic Carbon","6.2","0.5","mg/L as C",NA,"N","N","Toe Drain","38.357351",-121.64144,"14:00","Bryte",NA
"3310","6306","EF0422B0112",2022-04-07,"Dissolved Organic Nitrogen","0.46","0.1","mg/L as N",NA,"N","N","Toe Drain","38.357351",-121.64144,"14:00","Bryte",NA
"3311","6306","EF0422B0112",2022-04-07,"Dissolved ortho-Phosphate","0.41","0.05","mg/L as P",NA,"N","N","Toe Drain","38.357351",-121.64144,"14:00","Bryte",NA
"3312","6306","EF0422B0112",2022-04-07,"Pheophytin a","2.98","0.5","ug/L",NA,"N","N","Toe Drain","38.357351",-121.64144,"14:00","Bryte",NA
"3313","6306","EF0422B0112",2022-04-07,"Total Phosphorus","0.412","0.01","mg/L as P",NA,"N","N","Toe Drain","38.357351",-121.64144,"14:00","Bryte",NA
"3314","6306","EF0422B0112",2022-04-07,"Total Suspended Solids","25","2.5","mg/L",NA,"N","N","Toe Drain","38.357351",-121.64144,"14:00","Bryte",NA
"3315","6306","EF0422B0112",2022-04-07,"Total Kjeldahl Nitrogen","0.655","0.1","mg/L as N",NA,"N","N","Toe Drain","38.357351",-121.64144,"14:00","Bryte",NA
"3316","6309","EF0422B0120",2022-04-11,"Dissolved Organic Carbon","3","0.5","mg/L as C",NA,"N","N","Winter Island","38.051792",-121.85285,"08:00","Bryte",NA
"3317","6309","EF0422B0120",2022-04-11,"Chlorophyll a","4.02","0.5","ug/L",NA,"N","N","Winter Island","38.051792",-121.85285,"08:00","Bryte",NA
"3318","6309","EF0422B0120",2022-04-11,"Dissolved Organic Nitrogen","0.22","0.1","mg/L as N",NA,"N","N","Winter Island","38.051792",-121.85285,"08:00","Bryte",NA
"3319","6309","EF0422B0120",2022-04-11,"Dissolved Ammonia","0.081","0.05","mg/L as N",NA,"N","N","Winter Island","38.051792",-121.85285,"08:00","Bryte",NA
"3320","6309","EF0422B0120",2022-04-11,"Pheophytin a","5.83","0.5","ug/L",NA,"N","Y","Winter Island","38.051792",-121.85285,"08:00","Bryte",NA
"3321","6309","EF0422B0120",2022-04-11,"Dissolved ortho-Phosphate","0.064","0.05","mg/L as P",NA,"N","N","Winter Island","38.051792",-121.85285,"08:00","Bryte",NA
"3322","6309","EF0422B0120",2022-04-11,"Total Phosphorus","0.113","0.01","mg/L as P",NA,"N","N","Winter Island","38.051792",-121.85285,"08:00","Bryte",NA
"3323","6309","EF0422B0120",2022-04-11,"Dissolved Nitrate + Nitrite","0.195","0.05","mg/L as N",NA,"N","N","Winter Island","38.051792",-121.85285,"08:00","Bryte",NA
"3324","6309","EF0422B0120",2022-04-11,"Total Suspended Solids","43.1","2.5","mg/L",NA,"N","Y","Winter Island","38.051792",-121.85285,"08:00","Bryte",NA
"3325","6309","EF0422B0120",2022-04-11,"Total Kjeldahl Nitrogen","0.461","0.1","mg/L as N",NA,"N","N","Winter Island","38.051792",-121.85285,"08:00","Bryte",NA
"3326","6309","EF0422B0120",2022-04-11,"Total Organic Carbon","3","0.5","mg/L as C",NA,"N","N","Winter Island","38.051792",-121.85285,"08:00","Bryte",NA
"3327","6326","EF0522B0163",2022-05-05,"Total Phosphorus","0.07","0.01","mg/L as P",NA,"N","N","Shag Slough","38.308864",-121.692574,"09:42","Bryte",NA
"3328","6326","EF0522B0163",2022-05-05,"Dissolved Organic Nitrogen","0.18","0.1","mg/L as N",NA,"N","N","Shag Slough","38.308864",-121.692574,"09:42","Bryte",NA
"3329","6326","EF0522B0163",2022-05-05,"Dissolved ortho-Phosphate","0.065","0.05","mg/L as P",NA,"N","N","Shag Slough","38.308864",-121.692574,"09:42","Bryte",NA
"3330","6326","EF0522B0163",2022-05-05,"Pheophytin a","0.64","0.5","ug/L",NA,"N","N","Shag Slough","38.308864",-121.692574,"09:42","Bryte",NA
"3331","6326","EF0522B0163",2022-05-05,"Dissolved Ammonia","<0.05","0.05","mg/L as N",NA,"N","N","Shag Slough","38.308864",-121.692574,"09:42","Bryte",NA
"3332","6326","EF0522B0163",2022-05-05,"Chlorophyll a","0.99","0.5","ug/L",NA,"N","N","Shag Slough","38.308864",-121.692574,"09:42","Bryte",NA
"3333","6326","EF0522B0163",2022-05-05,"Dissolved Nitrate + Nitrite","0.151","0.05","mg/L as N",NA,"N","N","Shag Slough","38.308864",-121.692574,"09:42","Bryte",NA
"3334","6326","EF0522B0163",2022-05-05,"Dissolved Organic Carbon","<0.5","0.5","mg/L as C",NA,"N","N","Shag Slough","38.308864",-121.692574,"09:42","Bryte",NA
"3335","6326","EF0522B0163",2022-05-05,"Total Organic Carbon","2.2","0.5","mg/L as C",NA,"N","N","Shag Slough","38.308864",-121.692574,"09:42","Bryte",NA
"3336","6326","EF0522B0163",2022-05-05,"Total Kjeldahl Nitrogen","0.205","0.1","mg/L as N",NA,"N","N","Shag Slough","38.308864",-121.692574,"09:42","Bryte",NA
"3337","6326","EF0522B0163",2022-05-05,"Total Suspended Solids","2.6","2.5","mg/L",NA,"N","N","Shag Slough","38.308864",-121.692574,"09:42","Bryte",NA
"3338","6328","EF0422B0158",2022-04-27,"Dissolved Ammonia","0.102","0.05","mg/L as N",NA,"N","N","Peytonia-Suisun","38.225343",-121.042617,"15:29","Bryte",NA
"3339","6328","EF0422B0158",2022-04-27,"Chlorophyll a","3.76","0.5","ug/L",NA,"N","N","Peytonia-Suisun","38.225343",-121.042617,"15:29","Bryte",NA
"3340","6328","EF0422B0158",2022-04-27,"Dissolved Nitrate + Nitrite","1.4","0.05","mg/L as N",NA,"N","N","Peytonia-Suisun","38.225343",-121.042617,"15:29","Bryte",NA
"3341","6328","EF0422B0158",2022-04-27,"Dissolved Organic Carbon","10.4","0.5","mg/L as C",NA,"N","N","Peytonia-Suisun","38.225343",-121.042617,"15:29","Bryte",NA
"3342","6328","EF0422B0158",2022-04-27,"Total Organic Carbon","10.5","0.5","mg/L as C",NA,"N","N","Peytonia-Suisun","38.225343",-121.042617,"15:29","Bryte",NA
"3343","6328","EF0422B0158",2022-04-27,"Dissolved Organic Nitrogen","0.87","0.1","mg/L as N",NA,"N","N","Peytonia-Suisun","38.225343",-121.042617,"15:29","Bryte",NA
"3344","6328","EF0422B0158",2022-04-27,"Dissolved ortho-Phosphate","0.181","0.05","mg/L as P",NA,"N","N","Peytonia-Suisun","38.225343",-121.042617,"15:29","Bryte",NA
"3345","6328","EF0422B0158",2022-04-27,"Pheophytin a","4.34","0.5","ug/L",NA,"N","N","Peytonia-Suisun","38.225343",-121.042617,"15:29","Bryte",NA
"3346","6328","EF0422B0158",2022-04-27,"Total Phosphorus","0.326","0.01","mg/L as P",NA,"N","N","Peytonia-Suisun","38.225343",-121.042617,"15:29","Bryte",NA
"3347","6328","EF0422B0158",2022-04-27,"Total Suspended Solids","29.3","2.5","mg/L",NA,"N","N","Peytonia-Suisun","38.225343",-121.042617,"15:29","Bryte",NA
"3348","6328","EF0422B0158",2022-04-27,"Total Kjeldahl Nitrogen","1.32","0.1","mg/L as N",NA,"N","N","Peytonia-Suisun","38.225343",-121.042617,"15:29","Bryte",NA
"3349","6329","EF0522B0164",2022-05-05,"Total Suspended Solids","2.7","2.5","mg/L",NA,"N","N","Shag Slough","38.308864",-121.692574,"11:30","Bryte",NA
"3350","6329","EF0522B0164",2022-05-05,"Total Kjeldahl Nitrogen","0.357","0.1","mg/L as N",NA,"N","N","Shag Slough","38.308864",-121.692574,"11:30","Bryte",NA
"3351","6329","EF0522B0164",2022-05-05,"Total Phosphorus","0.196","0.01","mg/L as P",NA,"N","N","Shag Slough","38.308864",-121.692574,"11:30","Bryte",NA
"3352","6329","EF0522B0164",2022-05-05,"Dissolved Ammonia","<0.05","0.05","mg/L as N",NA,"N","N","Shag Slough","38.308864",-121.692574,"11:30","Bryte",NA
"3353","6329","EF0522B0164",2022-05-05,"Chlorophyll a","2.03","0.5","ug/L",NA,"N","N","Shag Slough","38.308864",-121.692574,"11:30","Bryte",NA
"3354","6329","EF0522B0164",2022-05-05,"Dissolved Nitrate + Nitrite","<0.05","0.05","mg/L as N",NA,"N","N","Shag Slough","38.308864",-121.692574,"11:30","Bryte",NA
"3355","6329","EF0522B0164",2022-05-05,"Dissolved Organic Nitrogen","0.27","0.1","mg/L as N",NA,"N","N","Shag Slough","38.308864",-121.692574,"11:30","Bryte",NA
"3356","6329","EF0522B0164",2022-05-05,"Dissolved ortho-Phosphate","0.19","0.05","mg/L as P",NA,"N","N","Shag Slough","38.308864",-121.692574,"11:30","Bryte",NA
"3357","6329","EF0522B0164",2022-05-05,"Pheophytin a","<0.5","0.5","ug/L",NA,"N","N","Shag Slough","38.308864",-121.692574,"11:30","Bryte",NA
"3358","6330","EF0522B0165",2022-05-05,"Total Suspended Solids","3.5","2.5","mg/L",NA,"N","N","Shag Slough","38.314192",-121.692766,"12:10","Bryte",NA
"3359","6330","EF0522B0165",2022-05-05,"Total Kjeldahl Nitrogen","0.372","0.1","mg/L as N",NA,"N","N","Shag Slough","38.314192",-121.692766,"12:10","Bryte",NA
"3360","6330","EF0522B0165",2022-05-05,"Dissolved Ammonia","<0.05","0.05","mg/L as N",NA,"N","N","Shag Slough","38.314192",-121.692766,"12:10","Bryte",NA
"3361","6330","EF0522B0165",2022-05-05,"Chlorophyll a","1.48","0.5","ug/L",NA,"N","Y","Shag Slough","38.314192",-121.692766,"12:10","Bryte",NA
"3362","6330","EF0522B0165",2022-05-05,"Dissolved Nitrate + Nitrite","<0.05","0.05","mg/L as N",NA,"N","N","Shag Slough","38.314192",-121.692766,"12:10","Bryte",NA
"3363","6330","EF0522B0165",2022-05-05,"Dissolved Organic Carbon","5.1","0.5","mg/L as C",NA,"N","N","Shag Slough","38.314192",-121.692766,"12:10","Bryte",NA
"3364","6330","EF0522B0165",2022-05-05,"Total Organic Carbon","5.4","0.5","mg/L as C",NA,"N","N","Shag Slough","38.314192",-121.692766,"12:10","Bryte",NA
"3365","6330","EF0522B0165",2022-05-05,"Dissolved Organic Nitrogen","0.28","0.1","mg/L as N",NA,"N","N","Shag Slough","38.314192",-121.692766,"12:10","Bryte",NA
"3366","6330","EF0522B0165",2022-05-05,"Dissolved ortho-Phosphate","0.203","0.05","mg/L as P",NA,"N","N","Shag Slough","38.314192",-121.692766,"12:10","Bryte",NA
"3367","6330","EF0522B0165",2022-05-05,"Pheophytin a","<0.5","0.5","ug/L",NA,"N","N","Shag Slough","38.314192",-121.692766,"12:10","Bryte",NA
"3368","6330","EF0522B0165",2022-05-05,"Total Phosphorus","0.21","0.01","mg/L as P",NA,"N","N","Shag Slough","38.314192",-121.692766,"12:10","Bryte",NA
"3369","6332","EF0422B0159",2022-04-27,"Dissolved Ammonia","0.113","0.05","mg/L as N",NA,"N","N","Peytonia-Suisun","38.212044",-122.035552,"16:44","Bryte",NA
"3370","6332","EF0422B0159",2022-04-27,"Chlorophyll a","3.04","0.5","ug/L",NA,"N","N","Peytonia-Suisun","38.212044",-122.035552,"16:44","Bryte",NA
"3371","6332","EF0422B0159",2022-04-27,"Dissolved Nitrate + Nitrite","1.26","0.05","mg/L as N",NA,"N","N","Peytonia-Suisun","38.212044",-122.035552,"16:44","Bryte",NA
"3372","6332","EF0422B0159",2022-04-27,"Dissolved Organic Carbon","9.9","0.5","mg/L as C",NA,"N","N","Peytonia-Suisun","38.212044",-122.035552,"16:44","Bryte",NA
"3373","6332","EF0422B0159",2022-04-27,"Total Organic Carbon","10.2","0.5","mg/L as C",NA,"N","N","Peytonia-Suisun","38.212044",-122.035552,"16:44","Bryte",NA
"3374","6332","EF0422B0159",2022-04-27,"Dissolved Organic Nitrogen","0.88","0.1","mg/L as N",NA,"N","N","Peytonia-Suisun","38.212044",-122.035552,"16:44","Bryte",NA
"3375","6332","EF0422B0159",2022-04-27,"Dissolved ortho-Phosphate","0.155","0.05","mg/L as P",NA,"N","N","Peytonia-Suisun","38.212044",-122.035552,"16:44","Bryte",NA
"3376","6332","EF0422B0159",2022-04-27,"Pheophytin a","4.64","0.5","ug/L",NA,"N","N","Peytonia-Suisun","38.212044",-122.035552,"16:44","Bryte",NA
"3377","6332","EF0422B0159",2022-04-27,"Total Phosphorus","0.371","0.01","mg/L as P",NA,"N","N","Peytonia-Suisun","38.212044",-122.035552,"16:44","Bryte",NA
"3378","6332","EF0422B0159",2022-04-27,"Total Suspended Solids","77.5","2.5","mg/L",NA,"N","N","Peytonia-Suisun","38.212044",-122.035552,"16:44","Bryte",NA
"3379","6332","EF0422B0159",2022-04-27,"Total Kjeldahl Nitrogen","1.44","0.1","mg/L as N",NA,"N","N","Peytonia-Suisun","38.212044",-122.035552,"16:44","Bryte",NA
"3380","6340","EF0522B0169",2022-05-09,"Total Phosphorus","0.134","0.01","mg/L as P",NA,"N","N","Chipps Island","38.05905",-121.90824,"10:45","Bryte",NA
"3381","6340","EF0522B0169",2022-05-09,"Dissolved ortho-Phosphate","0.094","0.05","mg/L as P",NA,"N","N","Chipps Island","38.05905",-121.90824,"10:45","Bryte",NA
"3382","6340","EF0522B0169",2022-05-09,"Pheophytin a","1.39","0.5","ug/L",NA,"N","N","Chipps Island","38.05905",-121.90824,"10:45","Bryte",NA
"3383","6340","EF0522B0169",2022-05-09,"Dissolved Ammonia","0.085","0.05","mg/L as N",NA,"N","N","Chipps Island","38.05905",-121.90824,"10:45","Bryte",NA
"3384","6340","EF0522B0169",2022-05-09,"Chlorophyll a","1.4","0.5","ug/L",NA,"N","N","Chipps Island","38.05905",-121.90824,"10:45","Bryte",NA
"3385","6340","EF0522B0169",2022-05-09,"Dissolved Nitrate + Nitrite","0.326","0.05","mg/L as N",NA,"Y","N","Chipps Island","38.05905",-121.90824,"10:45","Bryte",NA
"3386","6340","EF0522B0169",2022-05-09,"Dissolved Organic Carbon","2.9","0.5","mg/L as C",NA,"N","N","Chipps Island","38.05905",-121.90824,"10:45","Bryte",NA
"3387","6340","EF0522B0169",2022-05-09,"Total Organic Carbon","3.2","0.5","mg/L as C",NA,"N","N","Chipps Island","38.05905",-121.90824,"10:45","Bryte",NA
"3388","6340","EF0522B0169",2022-05-09,"Dissolved Organic Nitrogen","0.19","0.1","mg/L as N",NA,"N","N","Chipps Island","38.05905",-121.90824,"10:45","Bryte",NA
"3389","6340","EF0522B0169",2022-05-09,"Total Suspended Solids","32.7","2.5","mg/L",NA,"N","N","Chipps Island","38.05905",-121.90824,"10:45","Bryte",NA
"3390","6340","EF0522B0169",2022-05-09,"Total Kjeldahl Nitrogen","0.377","0.1","mg/L as N",NA,"N","N","Chipps Island","38.05905",-121.90824,"10:45","Bryte",NA
"3391","6342","EF0522B0171",2022-05-09,"Total Kjeldahl Nitrogen","0.458","0.1","mg/L as N",NA,"N","Y","Chipps Island","38.059299",-121.907382,"13:40","Bryte",NA
"3392","6342","EF0522B0171",2022-05-09,"Dissolved Ammonia","0.072","0.05","mg/L as N",NA,"N","N","Chipps Island","38.059299",-121.907382,"13:40","Bryte",NA
"3393","6342","EF0522B0171",2022-05-09,"Chlorophyll a","1.49","0.5","ug/L",NA,"N","N","Chipps Island","38.059299",-121.907382,"13:40","Bryte",NA
"3394","6342","EF0522B0171",2022-05-09,"Dissolved Nitrate + Nitrite","0.171","0.05","mg/L as N",NA,"Y","N","Chipps Island","38.059299",-121.907382,"13:40","Bryte",NA
"3395","6342","EF0522B0171",2022-05-09,"Dissolved Organic Carbon","3.9","0.5","mg/L as C",NA,"N","N","Chipps Island","38.059299",-121.907382,"13:40","Bryte",NA
"3396","6342","EF0522B0171",2022-05-09,"Total Organic Carbon","4","0.5","mg/L as C",NA,"N","N","Chipps Island","38.059299",-121.907382,"13:40","Bryte",NA
"3397","6342","EF0522B0171",2022-05-09,"Dissolved Organic Nitrogen","0.26","0.1","mg/L as N",NA,"N","N","Chipps Island","38.059299",-121.907382,"13:40","Bryte",NA
"3398","6342","EF0522B0171",2022-05-09,"Dissolved ortho-Phosphate","0.097","0.05","mg/L as P",NA,"N","N","Chipps Island","38.059299",-121.907382,"13:40","Bryte",NA
"3399","6342","EF0522B0171",2022-05-09,"Pheophytin a","2.48","0.5","ug/L",NA,"N","N","Chipps Island","38.059299",-121.907382,"13:40","Bryte",NA
"3400","6342","EF0522B0171",2022-05-09,"Total Phosphorus","0.144","0.01","mg/L as P",NA,"N","N","Chipps Island","38.059299",-121.907382,"13:40","Bryte",NA
"3401","6342","EF0522B0171",2022-05-09,"Total Suspended Solids","43.8","2.5","mg/L",NA,"N","N","Chipps Island","38.059299",-121.907382,"13:40","Bryte",NA
"3402","6343","EF0522B0170",2022-05-09,"Total Suspended Solids","16.9","2.5","mg/L",NA,"N","N","Chipps Island","38.058031",-121.907897,"13:00","Bryte",NA
"3403","6343","EF0522B0170",2022-05-09,"Total Kjeldahl Nitrogen","0.5","0.1","mg/L as N",NA,"N","N","Chipps Island","38.058031",-121.907897,"13:00","Bryte",NA
"3404","6343","EF0522B0170",2022-05-09,"Dissolved Ammonia","0.079","0.05","mg/L as N",NA,"N","N","Chipps Island","38.058031",-121.907897,"13:00","Bryte",NA
"3405","6343","EF0522B0170",2022-05-09,"Chlorophyll a","1","0.5","ug/L",NA,"N","N","Chipps Island","38.058031",-121.907897,"13:00","Bryte",NA
"3406","6343","EF0522B0170",2022-05-09,"Dissolved Nitrate + Nitrite","0.114","0.05","mg/L as N",NA,"Y","N","Chipps Island","38.058031",-121.907897,"13:00","Bryte",NA
"3407","6343","EF0522B0170",2022-05-09,"Dissolved Organic Nitrogen","0.3","0.1","mg/L as N",NA,"N","N","Chipps Island","38.058031",-121.907897,"13:00","Bryte",NA
"3408","6343","EF0522B0170",2022-05-09,"Dissolved ortho-Phosphate","0.099","0.05","mg/L as P",NA,"N","N","Chipps Island","38.058031",-121.907897,"13:00","Bryte",NA
"3409","6343","EF0522B0170",2022-05-09,"Pheophytin a","1.2","0.5","ug/L",NA,"N","N","Chipps Island","38.058031",-121.907897,"13:00","Bryte",NA
"3410","6343","EF0522B0170",2022-05-09,"Total Phosphorus","0.143","0.01","mg/L as P",NA,"N","N","Chipps Island","38.058031",-121.907897,"13:00","Bryte",NA
"3411","6346","EF0422B0160",2022-04-27,"Dissolved Ammonia","0.109","0.05","mg/L as N",NA,"N","N","Peytonia-Suisun","38.22072",-122.03674,"17:30","Bryte",NA
"3412","6346","EF0422B0160",2022-04-27,"Chlorophyll a","2.24","0.5","ug/L",NA,"N","N","Peytonia-Suisun","38.22072",-122.03674,"17:30","Bryte",NA
"3413","6346","EF0422B0160",2022-04-27,"Dissolved Nitrate + Nitrite","1.51","0.05","mg/L as N",NA,"N","N","Peytonia-Suisun","38.22072",-122.03674,"17:30","Bryte",NA
"3414","6346","EF0422B0160",2022-04-27,"Dissolved Organic Carbon","10.9","0.5","mg/L as C",NA,"N","N","Peytonia-Suisun","38.22072",-122.03674,"17:30","Bryte",NA
"3415","6346","EF0422B0160",2022-04-27,"Total Organic Carbon","11.1","0.5","mg/L as C",NA,"N","N","Peytonia-Suisun","38.22072",-122.03674,"17:30","Bryte",NA
"3416","6346","EF0422B0160",2022-04-27,"Dissolved Organic Nitrogen","0.98","0.1","mg/L as N",NA,"N","N","Peytonia-Suisun","38.22072",-122.03674,"17:30","Bryte",NA
"3417","6346","EF0422B0160",2022-04-27,"Dissolved ortho-Phosphate","0.203","0.05","mg/L as P",NA,"N","N","Peytonia-Suisun","38.22072",-122.03674,"17:30","Bryte",NA
"3418","6346","EF0422B0160",2022-04-27,"Pheophytin a","3.58","0.5","ug/L",NA,"N","N","Peytonia-Suisun","38.22072",-122.03674,"17:30","Bryte",NA
"3419","6346","EF0422B0160",2022-04-27,"Total Phosphorus","0.451","0.01","mg/L as P",NA,"N","N","Peytonia-Suisun","38.22072",-122.03674,"17:30","Bryte",NA
"3420","6346","EF0422B0160",2022-04-27,"Total Suspended Solids","65","2.5","mg/L",NA,"N","N","Peytonia-Suisun","38.22072",-122.03674,"17:30","Bryte",NA
"3421","6346","EF0422B0160",2022-04-27,"Total Kjeldahl Nitrogen","1.52","0.1","mg/L as N",NA,"N","N","Peytonia-Suisun","38.22072",-122.03674,"17:30","Bryte",NA
"3422","6370","EF0522B0180",2022-05-11,"Dissolved Ammonia","<0.05","0.05","mg/L as N",NA,"N","N","Tule Red","38.123238",-121.980882,"10:00","Bryte",NA
"3423","6370","EF0522B0180",2022-05-11,"Chlorophyll a","8.66","0.5","ug/L",NA,"N","N","Tule Red","38.123238",-121.980882,"10:00","Bryte",NA
"3424","6370","EF0522B0180",2022-05-11,"Dissolved Nitrate + Nitrite","0.116","0.05","mg/L as N",NA,"Y","N","Tule Red","38.123238",-121.980882,"10:00","Bryte",NA
"3425","6370","EF0522B0180",2022-05-11,"Dissolved Organic Carbon","5.6","0.5","mg/L as C",NA,"N","N","Tule Red","38.123238",-121.980882,"10:00","Bryte",NA
"3426","6370","EF0522B0180",2022-05-11,"Total Organic Carbon","5.8","0.5","mg/L as C",NA,"N","N","Tule Red","38.123238",-121.980882,"10:00","Bryte",NA
"3427","6370","EF0522B0180",2022-05-11,"Dissolved Organic Nitrogen","0.43","0.1","mg/L as N",NA,"N","N","Tule Red","38.123238",-121.980882,"10:00","Bryte",NA
"3428","6370","EF0522B0180",2022-05-11,"Dissolved ortho-Phosphate","<0.05","0.05","mg/L as P",NA,"N","N","Tule Red","38.123238",-121.980882,"10:00","Bryte",NA
"3429","6370","EF0522B0180",2022-05-11,"Pheophytin a","1.11","0.5","ug/L",NA,"N","N","Tule Red","38.123238",-121.980882,"10:00","Bryte",NA
"3430","6370","EF0522B0180",2022-05-11,"Total Phosphorus","0.076","0.01","mg/L as P",NA,"N","N","Tule Red","38.123238",-121.980882,"10:00","Bryte",NA
"3431","6370","EF0522B0180",2022-05-11,"Total Suspended Solids","24.6","2.5","mg/L",NA,"N","N","Tule Red","38.123238",-121.980882,"10:00","Bryte",NA
"3432","6370","EF0522B0180",2022-05-11,"Total Kjeldahl Nitrogen","0.634","0.1","mg/L as N",NA,"N","N","Tule Red","38.123238",-121.980882,"10:00","Bryte",NA
"3433","6372","EF0522B0181",2022-05-11,"Dissolved Ammonia","<0.05","0.05","mg/L as N",NA,"N","N","Tule Red","38.121641",-121.982925,"11:47","Bryte",NA
"3434","6372","EF0522B0181",2022-05-11,"Chlorophyll a","8.57","0.5","ug/L",NA,"N","N","Tule Red","38.121641",-121.982925,"11:47","Bryte",NA
"3435","6372","EF0522B0181",2022-05-11,"Dissolved Nitrate + Nitrite","0.213","0.05","mg/L as N",NA,"Y","N","Tule Red","38.121641",-121.982925,"11:47","Bryte",NA
"3436","6372","EF0522B0181",2022-05-11,"Dissolved Organic Carbon","4.9","0.5","mg/L as C",NA,"N","N","Tule Red","38.121641",-121.982925,"11:47","Bryte",NA
"3437","6372","EF0522B0181",2022-05-11,"Total Organic Carbon","5.2","0.5","mg/L as C",NA,"N","N","Tule Red","38.121641",-121.982925,"11:47","Bryte",NA
"3438","6372","EF0522B0181",2022-05-11,"Dissolved Organic Nitrogen","0.37","0.1","mg/L as N",NA,"N","N","Tule Red","38.121641",-121.982925,"11:47","Bryte",NA
"3439","6372","EF0522B0181",2022-05-11,"Dissolved ortho-Phosphate","<0.05","0.05","mg/L as P",NA,"N","N","Tule Red","38.121641",-121.982925,"11:47","Bryte",NA
"3440","6372","EF0522B0181",2022-05-11,"Pheophytin a","0.98","0.5","ug/L",NA,"N","N","Tule Red","38.121641",-121.982925,"11:47","Bryte",NA
"3441","6372","EF0522B0181",2022-05-11,"Total Phosphorus","0.081","0.01","mg/L as P",NA,"N","N","Tule Red","38.121641",-121.982925,"11:47","Bryte",NA
"3442","6372","EF0522B0181",2022-05-11,"Total Suspended Solids","22.3","2.5","mg/L",NA,"N","N","Tule Red","38.121641",-121.982925,"11:47","Bryte",NA
"3443","6372","EF0522B0181",2022-05-11,"Total Kjeldahl Nitrogen","0.525","0.1","mg/L as N",NA,"N","N","Tule Red","38.121641",-121.982925,"11:47","Bryte",NA
"3444","6374","EF0522B0182",2022-05-11,"Dissolved Ammonia","<0.05","0.05","mg/L as N",NA,"N","N","Tule Red","38.126578",-121.987434,"13:15","Bryte",NA
"3445","6374","EF0522B0182",2022-05-11,"Chlorophyll a","5.44","0.5","ug/L",NA,"N","N","Tule Red","38.126578",-121.987434,"13:15","Bryte",NA
"3446","6374","EF0522B0182",2022-05-11,"Dissolved Nitrate + Nitrite","0.318","0.05","mg/L as N",NA,"Y","N","Tule Red","38.126578",-121.987434,"13:15","Bryte",NA
"3447","6374","EF0522B0182",2022-05-11,"Dissolved Organic Carbon","3.6","0.5","mg/L as C",NA,"N","N","Tule Red","38.126578",-121.987434,"13:15","Bryte",NA
"3448","6374","EF0522B0182",2022-05-11,"Total Organic Carbon","3.7","0.5","mg/L as C",NA,"N","N","Tule Red","38.126578",-121.987434,"13:15","Bryte",NA
"3449","6374","EF0522B0182",2022-05-11,"Dissolved Organic Nitrogen","0.3","0.1","mg/L as N",NA,"N","N","Tule Red","38.126578",-121.987434,"13:15","Bryte",NA
"3450","6374","EF0522B0182",2022-05-11,"Dissolved ortho-Phosphate","0.074","0.05","mg/L as P",NA,"N","N","Tule Red","38.126578",-121.987434,"13:15","Bryte",NA
"3451","6374","EF0522B0182",2022-05-11,"Pheophytin a","0.79","0.5","ug/L",NA,"N","N","Tule Red","38.126578",-121.987434,"13:15","Bryte",NA
"3452","6374","EF0522B0182",2022-05-11,"Total Phosphorus","0.112","0.01","mg/L as P",NA,"N","N","Tule Red","38.126578",-121.987434,"13:15","Bryte",NA
"3453","6374","EF0522B0182",2022-05-11,"Total Suspended Solids","31.3","2.5","mg/L",NA,"N","N","Tule Red","38.126578",-121.987434,"13:15","Bryte",NA
"3454","6374","EF0522B0182",2022-05-11,"Total Kjeldahl Nitrogen","0.448","0.1","mg/L as N",NA,"N","N","Tule Red","38.126578",-121.987434,"13:15","Bryte",NA
"3455","6375","EF0522B0173",2022-05-10,"Dissolved Ammonia","0.068","0.05","mg/L as N",NA,"N","N","Honker-Spoonbill","38.067419",-121.91979,"12:10","Bryte",NA
"3456","6375","EF0522B0173",2022-05-10,"Chlorophyll a","1.61","0.5","ug/L",NA,"N","N","Honker-Spoonbill","38.067419",-121.91979,"12:10","Bryte",NA
"3457","6375","EF0522B0173",2022-05-10,"Dissolved Nitrate + Nitrite","0.313","0.05","mg/L as N",NA,"Y","N","Honker-Spoonbill","38.067419",-121.91979,"12:10","Bryte",NA
"3458","6375","EF0522B0173",2022-05-10,"Dissolved Organic Carbon","2.8","0.5","mg/L as C",NA,"N","N","Honker-Spoonbill","38.067419",-121.91979,"12:10","Bryte",NA
"3459","6375","EF0522B0173",2022-05-10,"Total Organic Carbon","2.9","0.5","mg/L as C",NA,"N","N","Honker-Spoonbill","38.067419",-121.91979,"12:10","Bryte",NA
"3460","6375","EF0522B0173",2022-05-10,"Dissolved Organic Nitrogen","0.13","0.1","mg/L as N",NA,"N","N","Honker-Spoonbill","38.067419",-121.91979,"12:10","Bryte",NA
"3461","6375","EF0522B0173",2022-05-10,"Dissolved ortho-Phosphate","0.083","0.05","mg/L as P",NA,"N","N","Honker-Spoonbill","38.067419",-121.91979,"12:10","Bryte",NA
"3462","6375","EF0522B0173",2022-05-10,"Pheophytin a","1.47","0.5","ug/L",NA,"N","N","Honker-Spoonbill","38.067419",-121.91979,"12:10","Bryte",NA
"3463","6375","EF0522B0173",2022-05-10,"Total Phosphorus","0.125","0.01","mg/L as P",NA,"N","N","Honker-Spoonbill","38.067419",-121.91979,"12:10","Bryte",NA
"3464","6375","EF0522B0173",2022-05-10,"Total Suspended Solids","37.8","2.5","mg/L",NA,"N","N","Honker-Spoonbill","38.067419",-121.91979,"12:10","Bryte",NA
"3465","6375","EF0522B0173",2022-05-10,"Total Kjeldahl Nitrogen","0.354","0.1","mg/L as N",NA,"N","N","Honker-Spoonbill","38.067419",-121.91979,"12:10","Bryte",NA
"3466","6377","EF0522B0175",2022-05-10,"Dissolved Ammonia","0.09","0.05","mg/L as N",NA,"N","N","Honker-Spoonbill","38.065254",-121.91155,"13:35","Bryte",NA
"3467","6377","EF0522B0175",2022-05-10,"Chlorophyll a","2.25","0.5","ug/L",NA,"N","N","Honker-Spoonbill","38.065254",-121.91155,"13:35","Bryte",NA
"3468","6377","EF0522B0175",2022-05-10,"Dissolved Nitrate + Nitrite","0.316","0.05","mg/L as N",NA,"Y","N","Honker-Spoonbill","38.065254",-121.91155,"13:35","Bryte",NA
"3469","6377","EF0522B0175",2022-05-10,"Dissolved Organic Carbon","2.7","0.5","mg/L as C",NA,"N","N","Honker-Spoonbill","38.065254",-121.91155,"13:35","Bryte",NA
"3470","6377","EF0522B0175",2022-05-10,"Total Organic Carbon","2.8","0.5","mg/L as C",NA,"N","N","Honker-Spoonbill","38.065254",-121.91155,"13:35","Bryte",NA
"3471","6377","EF0522B0175",2022-05-10,"Dissolved Organic Nitrogen","0.14","0.1","mg/L as N",NA,"N","N","Honker-Spoonbill","38.065254",-121.91155,"13:35","Bryte",NA
"3472","6377","EF0522B0175",2022-05-10,"Dissolved ortho-Phosphate","0.088","0.05","mg/L as P",NA,"N","N","Honker-Spoonbill","38.065254",-121.91155,"13:35","Bryte",NA
"3473","6377","EF0522B0175",2022-05-10,"Pheophytin a","1.5","0.5","ug/L",NA,"N","N","Honker-Spoonbill","38.065254",-121.91155,"13:35","Bryte",NA
"3474","6377","EF0522B0175",2022-05-10,"Total Phosphorus","0.134","0.01","mg/L as P",NA,"N","N","Honker-Spoonbill","38.065254",-121.91155,"13:35","Bryte",NA
"3475","6377","EF0522B0175",2022-05-10,"Total Suspended Solids","52.5","2.5","mg/L",NA,"N","N","Honker-Spoonbill","38.065254",-121.91155,"13:35","Bryte",NA
"3476","6377","EF0522B0175",2022-05-10,"Total Kjeldahl Nitrogen","0.383","0.1","mg/L as N",NA,"N","N","Honker-Spoonbill","38.065254",-121.91155,"13:35","Bryte",NA
"3477","6378","EF0522B0174",2022-05-10,"Dissolved Ammonia","0.085","0.05","mg/L as N",NA,"N","N","Honker-Spoonbill","38.070361",-121.911924,"12:50","Bryte",NA
"3478","6378","EF0522B0174",2022-05-10,"Chlorophyll a","2.1","0.5","ug/L",NA,"N","N","Honker-Spoonbill","38.070361",-121.911924,"12:50","Bryte",NA
"3479","6378","EF0522B0174",2022-05-10,"Dissolved Nitrate + Nitrite","0.319","0.05","mg/L as N",NA,"Y","N","Honker-Spoonbill","38.070361",-121.911924,"12:50","Bryte",NA
"3480","6378","EF0522B0174",2022-05-10,"Dissolved Organic Carbon","2.8","0.5","mg/L as C",NA,"N","N","Honker-Spoonbill","38.070361",-121.911924,"12:50","Bryte",NA
"3481","6378","EF0522B0174",2022-05-10,"Total Organic Carbon","2.8","0.5","mg/L as C",NA,"N","N","Honker-Spoonbill","38.070361",-121.911924,"12:50","Bryte",NA
"3482","6378","EF0522B0174",2022-05-10,"Dissolved Organic Nitrogen","0.14","0.1","mg/L as N",NA,"N","N","Honker-Spoonbill","38.070361",-121.911924,"12:50","Bryte",NA
"3483","6378","EF0522B0174",2022-05-10,"Dissolved ortho-Phosphate","0.089","0.05","mg/L as P",NA,"N","N","Honker-Spoonbill","38.070361",-121.911924,"12:50","Bryte",NA
"3484","6378","EF0522B0174",2022-05-10,"Pheophytin a","1.52","0.5","ug/L",NA,"N","N","Honker-Spoonbill","38.070361",-121.911924,"12:50","Bryte",NA
"3485","6378","EF0522B0174",2022-05-10,"Total Phosphorus","0.135","0.01","mg/L as P",NA,"N","N","Honker-Spoonbill","38.070361",-121.911924,"12:50","Bryte",NA
"3486","6378","EF0522B0174",2022-05-10,"Total Suspended Solids","48.9","2.5","mg/L",NA,"N","N","Honker-Spoonbill","38.070361",-121.911924,"12:50","Bryte",NA
"3487","6378","EF0522B0174",2022-05-10,"Total Kjeldahl Nitrogen","0.355","0.1","mg/L as N",NA,"N","N","Honker-Spoonbill","38.070361",-121.911924,"12:50","Bryte",NA
"3488","6387","EF0522B0191",2022-05-12,"Dissolved Ammonia","0.082","0.05","mg/L as N",NA,"N","N","Ryer Island","38.086174",-122.01641,"12:55","Bryte",NA
"3489","6387","EF0522B0191",2022-05-12,"Chlorophyll a","2.72","0.5","ug/L",NA,"N","N","Ryer Island","38.086174",-122.01641,"12:55","Bryte",NA
"3490","6387","EF0522B0191",2022-05-12,"Dissolved Nitrate + Nitrite","0.348","0.05","mg/L as N",NA,"Y","N","Ryer Island","38.086174",-122.01641,"12:55","Bryte",NA
"3491","6387","EF0522B0191",2022-05-12,"Dissolved Organic Carbon","2.6","0.5","mg/L as C",NA,"N","N","Ryer Island","38.086174",-122.01641,"12:55","Bryte",NA
"3492","6387","EF0522B0191",2022-05-12,"Total Organic Carbon","2.7","0.5","mg/L as C",NA,"N","N","Ryer Island","38.086174",-122.01641,"12:55","Bryte",NA
"3493","6387","EF0522B0191",2022-05-12,"Dissolved Organic Nitrogen","0.15","0.1","mg/L as N",NA,"N","N","Ryer Island","38.086174",-122.01641,"12:55","Bryte",NA
"3494","6387","EF0522B0191",2022-05-12,"Dissolved ortho-Phosphate","0.09","0.05","mg/L as P",NA,"N","N","Ryer Island","38.086174",-122.01641,"12:55","Bryte",NA
"3495","6387","EF0522B0191",2022-05-12,"Pheophytin a","1.33","0.5","ug/L",NA,"N","N","Ryer Island","38.086174",-122.01641,"12:55","Bryte",NA
"3496","6387","EF0522B0191",2022-05-12,"Total Phosphorus","0.13","0.01","mg/L as P",NA,"N","N","Ryer Island","38.086174",-122.01641,"12:55","Bryte",NA
"3497","6387","EF0522B0191",2022-05-12,"Total Suspended Solids","37.2","2.5","mg/L",NA,"N","N","Ryer Island","38.086174",-122.01641,"12:55","Bryte",NA
"3498","6387","EF0522B0191",2022-05-12,"Total Kjeldahl Nitrogen","0.363","0.1","mg/L as N",NA,"N","N","Ryer Island","38.086174",-122.01641,"12:55","Bryte",NA
"3499","6389","EF0522B0192",2022-05-12,"Dissolved Ammonia","0.081","0.05","mg/L as N",NA,"N","N","Ryer Island","38.078961",-122.014818,"13:35","Bryte",NA
"3500","6389","EF0522B0192",2022-05-12,"Chlorophyll a","2.77","0.5","ug/L",NA,"N","N","Ryer Island","38.078961",-122.014818,"13:35","Bryte",NA
"3501","6389","EF0522B0192",2022-05-12,"Dissolved Nitrate + Nitrite","0.334","0.05","mg/L as N",NA,"Y","N","Ryer Island","38.078961",-122.014818,"13:35","Bryte",NA
"3502","6389","EF0522B0192",2022-05-12,"Dissolved Organic Carbon","2.5","0.5","mg/L as C",NA,"N","N","Ryer Island","38.078961",-122.014818,"13:35","Bryte",NA
"3503","6389","EF0522B0192",2022-05-12,"Total Organic Carbon","2.7","0.5","mg/L as C",NA,"N","N","Ryer Island","38.078961",-122.014818,"13:35","Bryte",NA
"3504","6389","EF0522B0192",2022-05-12,"Dissolved Organic Nitrogen","0.19","0.1","mg/L as N",NA,"N","N","Ryer Island","38.078961",-122.014818,"13:35","Bryte",NA
"3505","6389","EF0522B0192",2022-05-12,"Dissolved ortho-Phosphate","0.092","0.05","mg/L as P",NA,"N","N","Ryer Island","38.078961",-122.014818,"13:35","Bryte",NA
"3506","6389","EF0522B0192",2022-05-12,"Pheophytin a","1.83","0.5","ug/L",NA,"N","N","Ryer Island","38.078961",-122.014818,"13:35","Bryte",NA
"3507","6389","EF0522B0192",2022-05-12,"Total Phosphorus","0.147","0.01","mg/L as P",NA,"N","N","Ryer Island","38.078961",-122.014818,"13:35","Bryte",NA
"3508","6389","EF0522B0192",2022-05-12,"Total Suspended Solids","47.8","2.5","mg/L",NA,"N","N","Ryer Island","38.078961",-122.014818,"13:35","Bryte",NA
"3509","6389","EF0522B0192",2022-05-12,"Total Kjeldahl Nitrogen","0.382","0.1","mg/L as N",NA,"N","N","Ryer Island","38.078961",-122.014818,"13:35","Bryte",NA
"3510","6391","EF0422B0122",2022-04-11,"Total Suspended Solids","35","2.5","mg/L",NA,"N","N","Winter Island","38.035618",-121.845559,"10:40","Bryte",NA
"3511","6391","EF0422B0122",2022-04-11,"Total Kjeldahl Nitrogen","0.367","0.1","mg/L as N",NA,"N","N","Winter Island","38.035618",-121.845559,"10:40","Bryte",NA
"3512","6391","EF0422B0122",2022-04-11,"Dissolved Ammonia","0.059","0.05","mg/L as N",NA,"N","N","Winter Island","38.035618",-121.845559,"10:40","Bryte",NA
"3513","6391","EF0422B0122",2022-04-11,"Chlorophyll a","9.93","0.5","ug/L",NA,"N","N","Winter Island","38.035618",-121.845559,"10:40","Bryte",NA
"3514","6391","EF0422B0122",2022-04-11,"Dissolved Nitrate + Nitrite","0.247","0.05","mg/L as N",NA,"N","N","Winter Island","38.035618",-121.845559,"10:40","Bryte",NA
"3515","6391","EF0422B0122",2022-04-11,"Dissolved Organic Carbon","2.3","0.5","mg/L as C",NA,"N","N","Winter Island","38.035618",-121.845559,"10:40","Bryte",NA
"3516","6391","EF0422B0122",2022-04-11,"Total Organic Carbon","2.3","0.5","mg/L as C",NA,"N","N","Winter Island","38.035618",-121.845559,"10:40","Bryte",NA
"3517","6391","EF0422B0122",2022-04-11,"Dissolved Organic Nitrogen","0.12","0.1","mg/L as N",NA,"N","N","Winter Island","38.035618",-121.845559,"10:40","Bryte",NA
"3518","6391","EF0422B0122",2022-04-11,"Dissolved ortho-Phosphate","0.064","0.05","mg/L as P",NA,"N","N","Winter Island","38.035618",-121.845559,"10:40","Bryte",NA
"3519","6391","EF0422B0122",2022-04-11,"Pheophytin a","3.32","0.5","ug/L",NA,"N","N","Winter Island","38.035618",-121.845559,"10:40","Bryte",NA
"3520","6391","EF0422B0122",2022-04-11,"Total Phosphorus","0.088","0.01","mg/L as P",NA,"N","N","Winter Island","38.035618",-121.845559,"10:40","Bryte",NA
"3521","6392","EF0522B0193",2022-05-12,"Dissolved Ammonia","0.084","0.05","mg/L as N",NA,"N","N","Ryer Island","38.081944",-122.017895,"14:15","Bryte",NA
"3522","6392","EF0522B0193",2022-05-12,"Chlorophyll a","1.3","0.5","ug/L",NA,"N","N","Ryer Island","38.081944",-122.017895,"14:15","Bryte",NA
"3523","6392","EF0522B0193",2022-05-12,"Dissolved Nitrate + Nitrite","0.339","0.05","mg/L as N",NA,"Y","N","Ryer Island","38.081944",-122.017895,"14:15","Bryte",NA
"3524","6392","EF0522B0193",2022-05-12,"Dissolved Organic Carbon","2.3","0.5","mg/L as C",NA,"N","N","Ryer Island","38.081944",-122.017895,"14:15","Bryte",NA
"3525","6392","EF0522B0193",2022-05-12,"Total Organic Carbon","2.7","0.5","mg/L as C",NA,"N","N","Ryer Island","38.081944",-122.017895,"14:15","Bryte",NA
"3526","6392","EF0522B0193",2022-05-12,"Dissolved Organic Nitrogen","0.17","0.1","mg/L as N",NA,"N","N","Ryer Island","38.081944",-122.017895,"14:15","Bryte",NA
"3527","6392","EF0522B0193",2022-05-12,"Dissolved ortho-Phosphate","0.101","0.05","mg/L as P",NA,"N","N","Ryer Island","38.081944",-122.017895,"14:15","Bryte",NA
"3528","6392","EF0522B0193",2022-05-12,"Pheophytin a","0.93","0.5","ug/L",NA,"N","N","Ryer Island","38.081944",-122.017895,"14:15","Bryte",NA
"3529","6392","EF0522B0193",2022-05-12,"Total Phosphorus","0.13","0.01","mg/L as P",NA,"N","N","Ryer Island","38.081944",-122.017895,"14:15","Bryte",NA
"3530","6392","EF0522B0193",2022-05-12,"Total Suspended Solids","26.4","2.5","mg/L",NA,"N","N","Ryer Island","38.081944",-122.017895,"14:15","Bryte",NA
"3531","6392","EF0522B0193",2022-05-12,"Total Kjeldahl Nitrogen","0.381","0.1","mg/L as N",NA,"N","N","Ryer Island","38.081944",-122.017895,"14:15","Bryte",NA
"3532","6424","EF0422B0128",2022-04-13,"Dissolved Ammonia","0.052","0.05","mg/L as N",NA,"N","N","Broad Slough","38.029397",-121.840246,"15:39","Bryte",NA
"3533","6424","EF0422B0128",2022-04-13,"Chlorophyll a","10.4","0.5","ug/L",NA,"N","N","Broad Slough","38.029397",-121.840246,"15:39","Bryte",NA
"3534","6424","EF0422B0128",2022-04-13,"Dissolved Nitrate + Nitrite","0.237","0.05","mg/L as N",NA,"N","N","Broad Slough","38.029397",-121.840246,"15:39","Bryte",NA
"3535","6424","EF0422B0128",2022-04-13,"Dissolved Organic Carbon","3.6","0.5","mg/L as C",NA,"N","N","Broad Slough","38.029397",-121.840246,"15:39","Bryte",NA
"3536","6424","EF0422B0128",2022-04-13,"Total Organic Carbon","3.5","0.5","mg/L as C",NA,"N","N","Broad Slough","38.029397",-121.840246,"15:39","Bryte",NA
"3537","6424","EF0422B0128",2022-04-13,"Dissolved Organic Nitrogen","0.15","0.1","mg/L as N",NA,"N","N","Broad Slough","38.029397",-121.840246,"15:39","Bryte",NA
"3538","6424","EF0422B0128",2022-04-13,"Dissolved ortho-Phosphate","0.064","0.05","mg/L as P",NA,"N","N","Broad Slough","38.029397",-121.840246,"15:39","Bryte",NA
"3539","6424","EF0422B0128",2022-04-13,"Pheophytin a","1.88","0.5","ug/L",NA,"N","N","Broad Slough","38.029397",-121.840246,"15:39","Bryte",NA
"3540","6424","EF0422B0128",2022-04-13,"Total Phosphorus","0.088","0.01","mg/L as P",NA,"N","N","Broad Slough","38.029397",-121.840246,"15:39","Bryte",NA
"3541","6424","EF0422B0128",2022-04-13,"Total Suspended Solids","22.8","2.5","mg/L",NA,"N","N","Broad Slough","38.029397",-121.840246,"15:39","Bryte",NA
"3542","6424","EF0422B0128",2022-04-13,"Total Kjeldahl Nitrogen","0.342","0.1","mg/L as N",NA,"N","N","Broad Slough","38.029397",-121.840246,"15:39","Bryte",NA
"3543","6425","EF0422B0129",2022-04-13,"Dissolved Ammonia","<0.05","0.05","mg/L as N",NA,"N","N","Broad Slough","38.033541",-121.840823,"16:12","Bryte",NA
"3544","6425","EF0422B0129",2022-04-13,"Chlorophyll a","11","0.5","ug/L",NA,"N","N","Broad Slough","38.033541",-121.840823,"16:12","Bryte",NA
"3545","6425","EF0422B0129",2022-04-13,"Dissolved Nitrate + Nitrite","0.22","0.05","mg/L as N",NA,"N","N","Broad Slough","38.033541",-121.840823,"16:12","Bryte",NA
"3546","6425","EF0422B0129",2022-04-13,"Dissolved Organic Carbon","3.1","0.5","mg/L as C",NA,"N","N","Broad Slough","38.033541",-121.840823,"16:12","Bryte",NA
"3547","6425","EF0422B0129",2022-04-13,"Total Organic Carbon","3","0.5","mg/L as C",NA,"N","N","Broad Slough","38.033541",-121.840823,"16:12","Bryte",NA
"3548","6425","EF0422B0129",2022-04-13,"Dissolved Organic Nitrogen","0.21","0.1","mg/L as N",NA,"N","N","Broad Slough","38.033541",-121.840823,"16:12","Bryte",NA
"3549","6425","EF0422B0129",2022-04-13,"Dissolved ortho-Phosphate","0.062","0.05","mg/L as P",NA,"N","N","Broad Slough","38.033541",-121.840823,"16:12","Bryte",NA
"3550","6425","EF0422B0129",2022-04-13,"Pheophytin a","2.53","0.5","ug/L",NA,"N","N","Broad Slough","38.033541",-121.840823,"16:12","Bryte",NA
"3551","6425","EF0422B0129",2022-04-13,"Total Phosphorus","0.095","0.01","mg/L as P",NA,"N","N","Broad Slough","38.033541",-121.840823,"16:12","Bryte",NA
"3552","6425","EF0422B0129",2022-04-13,"Total Suspended Solids","26.5","2.5","mg/L",NA,"N","N","Broad Slough","38.033541",-121.840823,"16:12","Bryte",NA
"3553","6425","EF0422B0129",2022-04-13,"Total Kjeldahl Nitrogen","0.367","0.1","mg/L as N",NA,"N","N","Broad Slough","38.033541",-121.840823,"16:12","Bryte",NA
"3554","6427","EF0422B0130",2022-04-13,"Dissolved Ammonia","<0.05","0.05","mg/L as N",NA,"N","N","Broad Slough","38.050021",-121.848256,"17:18","Bryte",NA
"3555","6427","EF0422B0130",2022-04-13,"Chlorophyll a","9.54","0.5","ug/L",NA,"N","N","Broad Slough","38.050021",-121.848256,"17:18","Bryte",NA
"3556","6427","EF0422B0130",2022-04-13,"Dissolved Nitrate + Nitrite","0.23","0.05","mg/L as N",NA,"N","N","Broad Slough","38.050021",-121.848256,"17:18","Bryte",NA
"3557","6427","EF0422B0130",2022-04-13,"Dissolved Organic Carbon","3.3","0.5","mg/L as C",NA,"N","N","Broad Slough","38.050021",-121.848256,"17:18","Bryte",NA
"3558","6427","EF0422B0130",2022-04-13,"Total Organic Carbon","3.3","0.5","mg/L as C",NA,"N","N","Broad Slough","38.050021",-121.848256,"17:18","Bryte",NA
"3559","6427","EF0422B0130",2022-04-13,"Dissolved Organic Nitrogen","0.21","0.1","mg/L as N",NA,"N","N","Broad Slough","38.050021",-121.848256,"17:18","Bryte",NA
"3560","6427","EF0422B0130",2022-04-13,"Dissolved ortho-Phosphate","0.066","0.05","mg/L as P",NA,"N","N","Broad Slough","38.050021",-121.848256,"17:18","Bryte",NA
"3561","6427","EF0422B0130",2022-04-13,"Pheophytin a","5.59","0.5","ug/L",NA,"N","N","Broad Slough","38.050021",-121.848256,"17:18","Bryte",NA
"3562","6427","EF0422B0130",2022-04-13,"Total Phosphorus","0.121","0.01","mg/L as P",NA,"N","N","Broad Slough","38.050021",-121.848256,"17:18","Bryte",NA
"3563","6427","EF0422B0130",2022-04-13,"Total Suspended Solids","54.7","2.5","mg/L",NA,"N","N","Broad Slough","38.050021",-121.848256,"17:18","Bryte",NA
"3564","6427","EF0422B0130",2022-04-13,"Total Kjeldahl Nitrogen","0.379","0.1","mg/L as N",NA,"N","N","Broad Slough","38.050021",-121.848256,"17:18","Bryte",NA
"3565","6464","EF0522B0199",2022-05-24,"Dissolved Ammonia","0.067","0.05","mg/L as N",NA,"N","N","Blacklock Marsh","38.178198",-121.908004,"11:35","Bryte",NA
"3566","6464","EF0522B0199",2022-05-24,"Chlorophyll a","2.41","0.5","ug/L",NA,"N","N","Blacklock Marsh","38.178198",-121.908004,"11:35","Bryte",NA
"3567","6464","EF0522B0199",2022-05-24,"Dissolved Nitrate + Nitrite","0.272","0.05","mg/L as N",NA,"N","N","Blacklock Marsh","38.178198",-121.908004,"11:35","Bryte",NA
"3568","6464","EF0522B0199",2022-05-24,"Dissolved Organic Carbon","3.7","0.5","mg/L as C",NA,"N","N","Blacklock Marsh","38.178198",-121.908004,"11:35","Bryte",NA
"3569","6464","EF0522B0199",2022-05-24,"Total Organic Carbon","3.5","0.5","mg/L as C",NA,"N","N","Blacklock Marsh","38.178198",-121.908004,"11:35","Bryte",NA
"3570","6464","EF0522B0199",2022-05-24,"Dissolved Organic Nitrogen","0.25","0.1","mg/L as N",NA,"N","N","Blacklock Marsh","38.178198",-121.908004,"11:35","Bryte",NA
"3571","6464","EF0522B0199",2022-05-24,"Dissolved ortho-Phosphate","0.059","0.05","mg/L as P",NA,"N","N","Blacklock Marsh","38.178198",-121.908004,"11:35","Bryte",NA
"3572","6464","EF0522B0199",2022-05-24,"Pheophytin a","1.23","0.5","ug/L",NA,"N","N","Blacklock Marsh","38.178198",-121.908004,"11:35","Bryte",NA
"3573","6464","EF0522B0199",2022-05-24,"Total Phosphorus","0.092","0.01","mg/L as P",NA,"N","N","Blacklock Marsh","38.178198",-121.908004,"11:35","Bryte",NA
"3574","6464","EF0522B0199",2022-05-24,"Total Suspended Solids","19.8","2.5","mg/L",NA,"N","N","Blacklock Marsh","38.178198",-121.908004,"11:35","Bryte",NA
"3575","6464","EF0522B0199",2022-05-24,"Total Kjeldahl Nitrogen","0.422","0.1","mg/L as N",NA,"N","N","Blacklock Marsh","38.178198",-121.908004,"11:35","Bryte",NA
"3576","6481","EF0522B0200",2022-05-24,"Total Suspended Solids","15.4","2.5","mg/L",NA,"N","N","Blacklock Marsh","38.178386",-121.911209,"12:40","Bryte",NA
"3577","6481","EF0522B0200",2022-05-24,"Total Kjeldahl Nitrogen","0.394","0.1","mg/L as N",NA,"N","N","Blacklock Marsh","38.178386",-121.911209,"12:40","Bryte",NA
"3578","6481","EF0522B0200",2022-05-24,"Pheophytin a","0.89","0.5","ug/L",NA,"N","N","Blacklock Marsh","38.178386",-121.911209,"12:40","Bryte",NA
"3579","6481","EF0522B0200",2022-05-24,"Total Phosphorus","0.082","0.01","mg/L as P",NA,"N","N","Blacklock Marsh","38.178386",-121.911209,"12:40","Bryte",NA
"3580","6481","EF0522B0200",2022-05-24,"Dissolved Ammonia","0.069","0.05","mg/L as N",NA,"N","N","Blacklock Marsh","38.178386",-121.911209,"12:40","Bryte",NA
"3581","6481","EF0522B0200",2022-05-24,"Chlorophyll a","1.57","0.5","ug/L",NA,"N","N","Blacklock Marsh","38.178386",-121.911209,"12:40","Bryte",NA
"3582","6481","EF0522B0200",2022-05-24,"Dissolved Nitrate + Nitrite","0.254","0.05","mg/L as N",NA,"N","N","Blacklock Marsh","38.178386",-121.911209,"12:40","Bryte",NA
"3583","6481","EF0522B0200",2022-05-24,"Dissolved Organic Carbon","3.5","0.5","mg/L as C",NA,"N","N","Blacklock Marsh","38.178386",-121.911209,"12:40","Bryte",NA
"3584","6481","EF0522B0200",2022-05-24,"Total Organic Carbon","3.8","0.5","mg/L as C",NA,"N","N","Blacklock Marsh","38.178386",-121.911209,"12:40","Bryte",NA
"3585","6481","EF0522B0200",2022-05-24,"Dissolved Organic Nitrogen","0.17","0.1","mg/L as N",NA,"N","N","Blacklock Marsh","38.178386",-121.911209,"12:40","Bryte",NA
"3586","6481","EF0522B0200",2022-05-24,"Dissolved ortho-Phosphate","0.053","0.05","mg/L as P",NA,"N","N","Blacklock Marsh","38.178386",-121.911209,"12:40","Bryte",NA
"3587","6506","EF0522B0196",2022-05-23,"Dissolved Ammonia","0.067","0.05","mg/L as N",NA,"N","N","Arnold Slough","38.179623",-121.905832,"10:30","Bryte",NA
"3588","6506","EF0522B0196",2022-05-23,"Chlorophyll a","1.62","0.5","ug/L",NA,"N","N","Arnold Slough","38.179623",-121.905832,"10:30","Bryte",NA
"3589","6506","EF0522B0196",2022-05-23,"Dissolved Nitrate + Nitrite","0.277","0.05","mg/L as N",NA,"N","N","Arnold Slough","38.179623",-121.905832,"10:30","Bryte",NA
"3590","6506","EF0522B0196",2022-05-23,"Dissolved Organic Carbon","3.5","0.5","mg/L as C",NA,"N","N","Arnold Slough","38.179623",-121.905832,"10:30","Bryte",NA
"3591","6506","EF0522B0196",2022-05-23,"Total Organic Carbon","3.6","0.5","mg/L as C",NA,"N","N","Arnold Slough","38.179623",-121.905832,"10:30","Bryte",NA
"3592","6506","EF0522B0196",2022-05-23,"Dissolved Organic Nitrogen","0.23","0.1","mg/L as N",NA,"N","N","Arnold Slough","38.179623",-121.905832,"10:30","Bryte",NA
"3593","6506","EF0522B0196",2022-05-23,"Dissolved ortho-Phosphate","0.062","0.05","mg/L as P",NA,"N","N","Arnold Slough","38.179623",-121.905832,"10:30","Bryte",NA
"3594","6506","EF0522B0196",2022-05-23,"Pheophytin a","0.8","0.5","ug/L",NA,"N","N","Arnold Slough","38.179623",-121.905832,"10:30","Bryte",NA
"3595","6506","EF0522B0196",2022-05-23,"Total Phosphorus","0.072","0.01","mg/L as P",NA,"N","N","Arnold Slough","38.179623",-121.905832,"10:30","Bryte",NA
"3596","6506","EF0522B0196",2022-05-23,"Total Suspended Solids","17.1","2.5","mg/L",NA,"N","N","Arnold Slough","38.179623",-121.905832,"10:30","Bryte",NA
"3597","6506","EF0522B0196",2022-05-23,"Total Kjeldahl Nitrogen","0.378","0.1","mg/L as N",NA,"N","N","Arnold Slough","38.179623",-121.905832,"10:30","Bryte",NA
"3598","6507","EF0522B0197",2022-05-23,"Dissolved Ammonia","0.071","0.05","mg/L as N",NA,"N","N","Arnold Slough","38.174813",-121.904778,"11:00","Bryte",NA
"3599","6507","EF0522B0197",2022-05-23,"Chlorophyll a","1.3","0.5","ug/L",NA,"N","N","Arnold Slough","38.174813",-121.904778,"11:00","Bryte",NA
"3600","6507","EF0522B0197",2022-05-23,"Dissolved Nitrate + Nitrite","0.261","0.05","mg/L as N",NA,"N","N","Arnold Slough","38.174813",-121.904778,"11:00","Bryte",NA
"3601","6507","EF0522B0197",2022-05-23,"Dissolved Organic Carbon","4","0.5","mg/L as C",NA,"N","N","Arnold Slough","38.174813",-121.904778,"11:00","Bryte",NA
"3602","6507","EF0522B0197",2022-05-23,"Total Organic Carbon","4","0.5","mg/L as C",NA,"N","N","Arnold Slough","38.174813",-121.904778,"11:00","Bryte",NA
"3603","6507","EF0522B0197",2022-05-23,"Dissolved Organic Nitrogen","0.22","0.1","mg/L as N",NA,"N","N","Arnold Slough","38.174813",-121.904778,"11:00","Bryte",NA
"3604","6507","EF0522B0197",2022-05-23,"Dissolved ortho-Phosphate","0.051","0.05","mg/L as P",NA,"N","N","Arnold Slough","38.174813",-121.904778,"11:00","Bryte",NA
"3605","6507","EF0522B0197",2022-05-23,"Pheophytin a","1.06","0.5","ug/L",NA,"N","N","Arnold Slough","38.174813",-121.904778,"11:00","Bryte",NA
"3606","6507","EF0522B0197",2022-05-23,"Total Phosphorus","0.07","0.01","mg/L as P",NA,"N","N","Arnold Slough","38.174813",-121.904778,"11:00","Bryte",NA
"3607","6507","EF0522B0197",2022-05-23,"Total Suspended Solids","15.4","2.5","mg/L",NA,"N","N","Arnold Slough","38.174813",-121.904778,"11:00","Bryte",NA
"3608","6507","EF0522B0197",2022-05-23,"Total Kjeldahl Nitrogen","0.403","0.1","mg/L as N",NA,"N","N","Arnold Slough","38.174813",-121.904778,"11:00","Bryte",NA
"3609","6585","EF0522B0198",2022-05-24,"Dissolved Ammonia","0.073","0.05","mg/L as N",NA,"N","N","Nurse-Denverton","38.17822",-121.916548,"11:05","Bryte",NA
"3610","6585","EF0522B0198",2022-05-24,"Chlorophyll a","1.58","0.5","ug/L",NA,"N","N","Nurse-Denverton","38.17822",-121.916548,"11:05","Bryte",NA
"3611","6585","EF0522B0198",2022-05-24,"Dissolved Nitrate + Nitrite","0.289","0.05","mg/L as N",NA,"N","N","Nurse-Denverton","38.17822",-121.916548,"11:05","Bryte",NA
"3612","6585","EF0522B0198",2022-05-24,"Dissolved Organic Carbon","3.1","0.5","mg/L as C",NA,"N","N","Nurse-Denverton","38.17822",-121.916548,"11:05","Bryte",NA
"3613","6585","EF0522B0198",2022-05-24,"Total Organic Carbon","3.1","0.5","mg/L as C",NA,"N","N","Nurse-Denverton","38.17822",-121.916548,"11:05","Bryte",NA
"3614","6585","EF0522B0198",2022-05-24,"Dissolved Organic Nitrogen","0.19","0.1","mg/L as N",NA,"N","N","Nurse-Denverton","38.17822",-121.916548,"11:05","Bryte",NA
"3615","6585","EF0522B0198",2022-05-24,"Dissolved ortho-Phosphate","0.073","0.05","mg/L as P",NA,"N","N","Nurse-Denverton","38.17822",-121.916548,"11:05","Bryte",NA
"3616","6585","EF0522B0198",2022-05-24,"Pheophytin a","0.67","0.5","ug/L",NA,"N","N","Nurse-Denverton","38.17822",-121.916548,"11:05","Bryte",NA
"3617","6585","EF0522B0198",2022-05-24,"Total Phosphorus","0.084","0.01","mg/L as P",NA,"N","N","Nurse-Denverton","38.17822",-121.916548,"11:05","Bryte",NA
"3618","6585","EF0522B0198",2022-05-24,"Total Suspended Solids","12.2","2.5","mg/L",NA,"N","N","Nurse-Denverton","38.17822",-121.916548,"11:05","Bryte",NA
"3619","6585","EF0522B0198",2022-05-24,"Total Kjeldahl Nitrogen","0.345","0.1","mg/L as N",NA,"N","N","Nurse-Denverton","38.17822",-121.916548,"11:05","Bryte",NA
"3620","6762","EF0822B0207",2022-08-15,"Dissolved Ammonia","<0.05","0.05","mg/L as N",NA,"N","N","Liberty Island","38.300917",-121.689421,"07:45","Bryte",NA
"3621","6762","EF0822B0207",2022-08-15,"Chlorophyll a","1.04","0.5","ug/L",NA,"N","N","Liberty Island","38.300917",-121.689421,"07:45","Bryte",NA
"3622","6762","EF0822B0207",2022-08-15,"Dissolved Nitrate + Nitrite","<0.05","0.05","mg/L as N",NA,"N","N","Liberty Island","38.300917",-121.689421,"07:45","Bryte",NA
"3623","6762","EF0822B0207",2022-08-15,"Dissolved Organic Carbon","4.1","0.5","mg/L as C",NA,"N","N","Liberty Island","38.300917",-121.689421,"07:45","Bryte",NA
"3624","6762","EF0822B0207",2022-08-15,"Total Organic Carbon","4.3","0.5","mg/L as C",NA,"N","N","Liberty Island","38.300917",-121.689421,"07:45","Bryte",NA
"3625","6762","EF0822B0207",2022-08-15,"Dissolved Organic Nitrogen","0.25","0.1","mg/L as N",NA,"N","N","Liberty Island","38.300917",-121.689421,"07:45","Bryte",NA
"3626","6762","EF0822B0207",2022-08-15,"Dissolved ortho-Phosphate","0.113","0.05","mg/L as P",NA,"N","N","Liberty Island","38.300917",-121.689421,"07:45","Bryte",NA
"3627","6762","EF0822B0207",2022-08-15,"Pheophytin a","1.64","0.5","ug/L",NA,"N","N","Liberty Island","38.300917",-121.689421,"07:45","Bryte",NA
"3628","6762","EF0822B0207",2022-08-15,"Total Phosphorus","0.129","0.01","mg/L as P",NA,"N","N","Liberty Island","38.300917",-121.689421,"07:45","Bryte",NA
"3629","6762","EF0822B0207",2022-08-15,"Total Suspended Solids","<2.5","2.5","mg/L",NA,"N","N","Liberty Island","38.300917",-121.689421,"07:45","Bryte",NA
"3630","6762","EF0822B0207",2022-08-15,"Total Kjeldahl Nitrogen","0.311","0.1","mg/L as N",NA,"N","N","Liberty Island","38.300917",-121.689421,"07:45","Bryte",NA
"3631","6763","EF0822B0208",2022-08-15,"Dissolved Ammonia","<0.05","0.05","mg/L as N",NA,"N","N","Liberty Island","38.31491",-121.676478,"08:22","Bryte",NA
"3632","6763","EF0822B0208",2022-08-15,"Chlorophyll a","1.43","0.5","ug/L",NA,"N","N","Liberty Island","38.31491",-121.676478,"08:22","Bryte",NA
"3633","6763","EF0822B0208",2022-08-15,"Dissolved Nitrate + Nitrite","<0.05","0.05","mg/L as N",NA,"N","N","Liberty Island","38.31491",-121.676478,"08:22","Bryte",NA
"3634","6763","EF0822B0208",2022-08-15,"Dissolved Organic Carbon","3.9","0.5","mg/L as C",NA,"N","N","Liberty Island","38.31491",-121.676478,"08:22","Bryte",NA
"3635","6763","EF0822B0208",2022-08-15,"Total Organic Carbon","4","0.5","mg/L as C",NA,"N","N","Liberty Island","38.31491",-121.676478,"08:22","Bryte",NA
"3636","6763","EF0822B0208",2022-08-15,"Dissolved Organic Nitrogen","0.25","0.1","mg/L as N",NA,"N","N","Liberty Island","38.31491",-121.676478,"08:22","Bryte",NA
"3637","6763","EF0822B0208",2022-08-15,"Dissolved ortho-Phosphate","0.132","0.05","mg/L as P",NA,"N","N","Liberty Island","38.31491",-121.676478,"08:22","Bryte",NA
"3638","6763","EF0822B0208",2022-08-15,"Pheophytin a","1.53","0.5","ug/L",NA,"N","N","Liberty Island","38.31491",-121.676478,"08:22","Bryte",NA
"3639","6763","EF0822B0208",2022-08-15,"Total Phosphorus","0.157","0.01","mg/L as P",NA,"N","N","Liberty Island","38.31491",-121.676478,"08:22","Bryte",NA
"3640","6763","EF0822B0208",2022-08-15,"Total Suspended Solids","4.8","2.5","mg/L",NA,"N","N","Liberty Island","38.31491",-121.676478,"08:22","Bryte",NA
"3641","6763","EF0822B0208",2022-08-15,"Total Kjeldahl Nitrogen","0.308","0.1","mg/L as N",NA,"N","N","Liberty Island","38.31491",-121.676478,"08:22","Bryte",NA
"3642","6764","EF0822B0206",2022-08-15,"Dissolved Ammonia","<0.05","0.05","mg/L as N",NA,"N","N","Lower Yolo Ranch","38.350726",-121.668556,"10:30","Bryte",NA
"3643","6764","EF0822B0206",2022-08-15,"Chlorophyll a","0.96","0.5","ug/L",NA,"N","N","Lower Yolo Ranch","38.350726",-121.668556,"10:30","Bryte",NA
"3644","6764","EF0822B0206",2022-08-15,"Dissolved Nitrate + Nitrite","<0.05","0.05","mg/L as N",NA,"N","N","Lower Yolo Ranch","38.350726",-121.668556,"10:30","Bryte",NA
"3645","6764","EF0822B0206",2022-08-15,"Dissolved Organic Carbon","6.9","0.5","mg/L as C",NA,"N","N","Lower Yolo Ranch","38.350726",-121.668556,"10:30","Bryte",NA
"3646","6764","EF0822B0206",2022-08-15,"Total Organic Carbon","7.3","0.5","mg/L as C",NA,"N","N","Lower Yolo Ranch","38.350726",-121.668556,"10:30","Bryte",NA
"3647","6764","EF0822B0206",2022-08-15,"Dissolved Organic Nitrogen","0.42","0.1","mg/L as N",NA,"N","N","Lower Yolo Ranch","38.350726",-121.668556,"10:30","Bryte",NA
"3648","6764","EF0822B0206",2022-08-15,"Dissolved ortho-Phosphate","0.356","0.05","mg/L as P",NA,"N","N","Lower Yolo Ranch","38.350726",-121.668556,"10:30","Bryte",NA
"3649","6764","EF0822B0206",2022-08-15,"Pheophytin a","0.94","0.5","ug/L",NA,"N","N","Lower Yolo Ranch","38.350726",-121.668556,"10:30","Bryte",NA
"3650","6764","EF0822B0206",2022-08-15,"Total Phosphorus","0.378","0.01","mg/L as P",NA,"N","N","Lower Yolo Ranch","38.350726",-121.668556,"10:30","Bryte",NA
"3651","6764","EF0822B0206",2022-08-15,"Total Suspended Solids","12.5","2.5","mg/L",NA,"N","N","Lower Yolo Ranch","38.350726",-121.668556,"10:30","Bryte",NA
"3652","6764","EF0822B0206",2022-08-15,"Total Kjeldahl Nitrogen","0.495","0.1","mg/L as N",NA,"N","N","Lower Yolo Ranch","38.350726",-121.668556,"10:30","Bryte",NA
"3653","6765","EF0822B0205",2022-08-15,"Dissolved Ammonia","<0.05","0.05","mg/L as N",NA,"N","N","Lower Yolo Ranch","38.356565",-121.659014,"10:05","Bryte",NA
"3654","6765","EF0822B0205",2022-08-15,"Chlorophyll a","2.91","0.5","ug/L",NA,"N","N","Lower Yolo Ranch","38.356565",-121.659014,"10:05","Bryte",NA
"3655","6765","EF0822B0205",2022-08-15,"Dissolved Nitrate + Nitrite","<0.05","0.05","mg/L as N",NA,"N","N","Lower Yolo Ranch","38.356565",-121.659014,"10:05","Bryte",NA
"3656","6765","EF0822B0205",2022-08-15,"Dissolved Organic Carbon","5.2","0.5","mg/L as C",NA,"N","N","Lower Yolo Ranch","38.356565",-121.659014,"10:05","Bryte",NA
"3657","6765","EF0822B0205",2022-08-15,"Total Organic Carbon","5.5","0.5","mg/L as C",NA,"N","N","Lower Yolo Ranch","38.356565",-121.659014,"10:05","Bryte",NA
"3658","6765","EF0822B0205",2022-08-15,"Dissolved Organic Nitrogen","0.33","0.1","mg/L as N",NA,"N","N","Lower Yolo Ranch","38.356565",-121.659014,"10:05","Bryte",NA
"3659","6765","EF0822B0205",2022-08-15,"Dissolved ortho-Phosphate","0.165","0.05","mg/L as P",NA,"N","N","Lower Yolo Ranch","38.356565",-121.659014,"10:05","Bryte",NA
"3660","6765","EF0822B0205",2022-08-15,"Pheophytin a","1.18","0.5","ug/L",NA,"N","N","Lower Yolo Ranch","38.356565",-121.659014,"10:05","Bryte",NA
"3661","6765","EF0822B0205",2022-08-15,"Total Phosphorus","0.185","0.01","mg/L as P",NA,"N","N","Lower Yolo Ranch","38.356565",-121.659014,"10:05","Bryte",NA
"3662","6765","EF0822B0205",2022-08-15,"Total Suspended Solids","17.8","2.5","mg/L",NA,"N","N","Lower Yolo Ranch","38.356565",-121.659014,"10:05","Bryte",NA
"3663","6765","EF0822B0205",2022-08-15,"Total Kjeldahl Nitrogen","0.462","0.1","mg/L as N",NA,"N","N","Lower Yolo Ranch","38.356565",-121.659014,"10:05","Bryte",NA
"3664","6767","EF0822B0204",2022-08-15,"Dissolved Ammonia","<0.05","0.05","mg/L as N",NA,"N","N","Yolo Flyway Farms","38.360931",-121.646142,"11:35","Bryte",NA
"3665","6767","EF0822B0204",2022-08-15,"Chlorophyll a","1.8","0.5","ug/L",NA,"N","N","Yolo Flyway Farms","38.360931",-121.646142,"11:35","Bryte",NA
"3666","6767","EF0822B0204",2022-08-15,"Dissolved Nitrate + Nitrite","<0.05","0.05","mg/L as N",NA,"N","N","Yolo Flyway Farms","38.360931",-121.646142,"11:35","Bryte",NA
"3667","6767","EF0822B0204",2022-08-15,"Dissolved Organic Carbon","3.3","0.5","mg/L as C",NA,"N","N","Yolo Flyway Farms","38.360931",-121.646142,"11:35","Bryte",NA
"3668","6767","EF0822B0204",2022-08-15,"Total Organic Carbon","3.3","0.5","mg/L as C",NA,"N","N","Yolo Flyway Farms","38.360931",-121.646142,"11:35","Bryte",NA
"3669","6767","EF0822B0204",2022-08-15,"Dissolved Organic Nitrogen","0.16","0.1","mg/L as N",NA,"N","N","Yolo Flyway Farms","38.360931",-121.646142,"11:35","Bryte",NA
"3670","6767","EF0822B0204",2022-08-15,"Dissolved ortho-Phosphate","0.112","0.05","mg/L as P",NA,"N","N","Yolo Flyway Farms","38.360931",-121.646142,"11:35","Bryte",NA
"3671","6767","EF0822B0204",2022-08-15,"Pheophytin a","<0.5","0.5","ug/L",NA,"N","N","Yolo Flyway Farms","38.360931",-121.646142,"11:35","Bryte",NA
"3672","6767","EF0822B0204",2022-08-15,"Total Phosphorus","0.126","0.01","mg/L as P",NA,"N","N","Yolo Flyway Farms","38.360931",-121.646142,"11:35","Bryte",NA
"3673","6767","EF0822B0204",2022-08-15,"Total Suspended Solids","4.8","2.5","mg/L",NA,"N","N","Yolo Flyway Farms","38.360931",-121.646142,"11:35","Bryte",NA
"3674","6767","EF0822B0204",2022-08-15,"Total Kjeldahl Nitrogen","0.214","0.1","mg/L as N",NA,"N","N","Yolo Flyway Farms","38.360931",-121.646142,"11:35","Bryte",NA
"3675","6769","EF0822B0203",2022-08-15,"Dissolved Ammonia","<0.05","0.05","mg/L as N",NA,"N","N","Yolo Flyway Farms","38.362912",-121.642998,"11:20","Bryte",NA
"3676","6769","EF0822B0203",2022-08-15,"Chlorophyll a","1.45","0.5","ug/L",NA,"N","N","Yolo Flyway Farms","38.362912",-121.642998,"11:20","Bryte",NA
"3677","6769","EF0822B0203",2022-08-15,"Dissolved Nitrate + Nitrite","<0.05","0.05","mg/L as N",NA,"N","N","Yolo Flyway Farms","38.362912",-121.642998,"11:20","Bryte",NA
"3678","6769","EF0822B0203",2022-08-15,"Dissolved Organic Carbon","4.5","0.5","mg/L as C",NA,"N","N","Yolo Flyway Farms","38.362912",-121.642998,"11:20","Bryte",NA
"3679","6769","EF0822B0203",2022-08-15,"Total Organic Carbon","4.3","0.5","mg/L as C",NA,"N","N","Yolo Flyway Farms","38.362912",-121.642998,"11:20","Bryte",NA
"3680","6769","EF0822B0203",2022-08-15,"Dissolved Organic Nitrogen","0.23","0.1","mg/L as N",NA,"N","N","Yolo Flyway Farms","38.362912",-121.642998,"11:20","Bryte",NA
"3681","6769","EF0822B0203",2022-08-15,"Dissolved ortho-Phosphate","0.103","0.05","mg/L as P",NA,"N","N","Yolo Flyway Farms","38.362912",-121.642998,"11:20","Bryte",NA
"3682","6769","EF0822B0203",2022-08-15,"Pheophytin a","1.06","0.5","ug/L",NA,"N","N","Yolo Flyway Farms","38.362912",-121.642998,"11:20","Bryte",NA
"3683","6769","EF0822B0203",2022-08-15,"Total Phosphorus","0.114","0.01","mg/L as P",NA,"N","N","Yolo Flyway Farms","38.362912",-121.642998,"11:20","Bryte",NA
"3684","6769","EF0822B0203",2022-08-15,"Total Suspended Solids","4.2","2.5","mg/L",NA,"N","N","Yolo Flyway Farms","38.362912",-121.642998,"11:20","Bryte",NA
"3685","6769","EF0822B0203",2022-08-15,"Total Kjeldahl Nitrogen","0.299","0.1","mg/L as N",NA,"N","N","Yolo Flyway Farms","38.362912",-121.642998,"11:20","Bryte",NA
"3686","6770","EF0822B0216",2022-08-16,"Dissolved Ammonia","<0.05","0.05","mg/L as N",NA,"N","N","Decker Island","38.084947",-121.723151,"08:10","Bryte",NA
"3687","6770","EF0822B0216",2022-08-16,"Chlorophyll a","1.87","0.5","ug/L",NA,"N","N","Decker Island","38.084947",-121.723151,"08:10","Bryte",NA
"3688","6770","EF0822B0216",2022-08-16,"Dissolved Nitrate + Nitrite","0.065","0.05","mg/L as N",NA,"N","N","Decker Island","38.084947",-121.723151,"08:10","Bryte",NA
"3689","6770","EF0822B0216",2022-08-16,"Dissolved Organic Carbon","2","0.5","mg/L as C",NA,"N","N","Decker Island","38.084947",-121.723151,"08:10","Bryte",NA
"3690","6770","EF0822B0216",2022-08-16,"Total Organic Carbon","2.1","0.5","mg/L as C",NA,"N","N","Decker Island","38.084947",-121.723151,"08:10","Bryte",NA
"3691","6770","EF0822B0216",2022-08-16,"Dissolved Organic Nitrogen","<0.1","0.1","mg/L as N",NA,"N","N","Decker Island","38.084947",-121.723151,"08:10","Bryte",NA
"3692","6770","EF0822B0216",2022-08-16,"Dissolved ortho-Phosphate","<0.05","0.05","mg/L as P",NA,"N","N","Decker Island","38.084947",-121.723151,"08:10","Bryte",NA
"3693","6770","EF0822B0216",2022-08-16,"Pheophytin a","0.98","0.5","ug/L",NA,"N","N","Decker Island","38.084947",-121.723151,"08:10","Bryte",NA
"3694","6770","EF0822B0216",2022-08-16,"Total Phosphorus","0.06","0.01","mg/L as P",NA,"N","N","Decker Island","38.084947",-121.723151,"08:10","Bryte",NA
"3695","6770","EF0822B0216",2022-08-16,"Total Suspended Solids","7.7","2.5","mg/L",NA,"N","N","Decker Island","38.084947",-121.723151,"08:10","Bryte",NA
"3696","6770","EF0822B0216",2022-08-16,"Total Kjeldahl Nitrogen","0.182","0.1","mg/L as N",NA,"N","N","Decker Island","38.084947",-121.723151,"08:10","Bryte",NA
"3697","6771","EF0822B0217",2022-08-16,"Dissolved Ammonia","<0.05","0.05","mg/L as N",NA,"N","N","Decker Island","38.084249",-121.724001,"08:30","Bryte",NA
"3698","6771","EF0822B0217",2022-08-16,"Chlorophyll a","1.9","0.5","ug/L",NA,"N","N","Decker Island","38.084249",-121.724001,"08:30","Bryte",NA
"3699","6771","EF0822B0217",2022-08-16,"Dissolved Nitrate + Nitrite","0.063","0.05","mg/L as N",NA,"N","N","Decker Island","38.084249",-121.724001,"08:30","Bryte",NA
"3700","6771","EF0822B0217",2022-08-16,"Dissolved Organic Carbon","2","0.5","mg/L as C",NA,"N","N","Decker Island","38.084249",-121.724001,"08:30","Bryte",NA
"3701","6771","EF0822B0217",2022-08-16,"Total Organic Carbon","2.1","0.5","mg/L as C",NA,"N","N","Decker Island","38.084249",-121.724001,"08:30","Bryte",NA
"3702","6771","EF0822B0217",2022-08-16,"Dissolved Organic Nitrogen","0.1","0.1","mg/L as N",NA,"N","N","Decker Island","38.084249",-121.724001,"08:30","Bryte",NA
"3703","6771","EF0822B0217",2022-08-16,"Dissolved ortho-Phosphate","0.057","0.05","mg/L as P",NA,"N","N","Decker Island","38.084249",-121.724001,"08:30","Bryte",NA
"3704","6771","EF0822B0217",2022-08-16,"Pheophytin a","1.08","0.5","ug/L",NA,"N","N","Decker Island","38.084249",-121.724001,"08:30","Bryte",NA
"3705","6771","EF0822B0217",2022-08-16,"Total Phosphorus","0.065","0.01","mg/L as P",NA,"N","N","Decker Island","38.084249",-121.724001,"08:30","Bryte",NA
"3706","6771","EF0822B0217",2022-08-16,"Total Suspended Solids","8.9","2.5","mg/L",NA,"N","N","Decker Island","38.084249",-121.724001,"08:30","Bryte",NA
"3707","6771","EF0822B0217",2022-08-16,"Total Kjeldahl Nitrogen","0.155","0.1","mg/L as N",NA,"N","N","Decker Island","38.084249",-121.724001,"08:30","Bryte",NA
"3708","6774","EF0822B0220",2022-08-16,"Dissolved Ammonia","0.062","0.05","mg/L as N",NA,"N","N","Winter Island","38.048313",-121.851106,"09:45","Bryte",NA
"3709","6774","EF0822B0220",2022-08-16,"Chlorophyll a","1.17","0.5","ug/L",NA,"N","N","Winter Island","38.048313",-121.851106,"09:45","Bryte",NA
"3710","6774","EF0822B0220",2022-08-16,"Dissolved Nitrate + Nitrite","0.077","0.05","mg/L as N",NA,"N","N","Winter Island","38.048313",-121.851106,"09:45","Bryte",NA
"3711","6774","EF0822B0220",2022-08-16,"Dissolved Organic Carbon","2.5","0.5","mg/L as C",NA,"N","N","Winter Island","38.048313",-121.851106,"09:45","Bryte",NA
"3712","6774","EF0822B0220",2022-08-16,"Total Organic Carbon","2.7","0.5","mg/L as C",NA,"N","N","Winter Island","38.048313",-121.851106,"09:45","Bryte",NA
"3713","6774","EF0822B0220",2022-08-16,"Dissolved Organic Nitrogen","0.11","0.1","mg/L as N",NA,"N","N","Winter Island","38.048313",-121.851106,"09:45","Bryte",NA
"3714","6774","EF0822B0220",2022-08-16,"Dissolved ortho-Phosphate","0.077","0.05","mg/L as P",NA,"N","N","Winter Island","38.048313",-121.851106,"09:45","Bryte",NA
"3715","6774","EF0822B0220",2022-08-16,"Pheophytin a","0.9","0.5","ug/L",NA,"N","N","Winter Island","38.048313",-121.851106,"09:45","Bryte",NA
"3716","6774","EF0822B0220",2022-08-16,"Total Phosphorus","0.093","0.01","mg/L as P",NA,"N","N","Winter Island","38.048313",-121.851106,"09:45","Bryte",NA
"3717","6774","EF0822B0220",2022-08-16,"Total Suspended Solids","6.2","2.5","mg/L",NA,"N","N","Winter Island","38.048313",-121.851106,"09:45","Bryte",NA
"3718","6774","EF0822B0220",2022-08-16,"Total Kjeldahl Nitrogen","0.232","0.1","mg/L as N",NA,"N","N","Winter Island","38.048313",-121.851106,"09:45","Bryte",NA
"3719","6775","EF0822B0221",2022-08-16,"Dissolved Ammonia","<0.05","0.05","mg/L as N",NA,"N","N","Winter Island","38.044202",-121.848732,"10:05","Bryte",NA
"3720","6775","EF0822B0221",2022-08-16,"Chlorophyll a","1.89","0.5","ug/L",NA,"N","N","Winter Island","38.044202",-121.848732,"10:05","Bryte",NA
"3721","6775","EF0822B0221",2022-08-16,"Dissolved Nitrate + Nitrite","0.082","0.05","mg/L as N",NA,"N","N","Winter Island","38.044202",-121.848732,"10:05","Bryte",NA
"3722","6775","EF0822B0221",2022-08-16,"Dissolved Organic Carbon","2.5","0.5","mg/L as C",NA,"N","N","Winter Island","38.044202",-121.848732,"10:05","Bryte",NA
"3723","6775","EF0822B0221",2022-08-16,"Total Organic Carbon","2.5","0.5","mg/L as C",NA,"N","N","Winter Island","38.044202",-121.848732,"10:05","Bryte",NA
"3724","6775","EF0822B0221",2022-08-16,"Dissolved Organic Nitrogen","0.16","0.1","mg/L as N",NA,"N","N","Winter Island","38.044202",-121.848732,"10:05","Bryte",NA
"3725","6775","EF0822B0221",2022-08-16,"Dissolved ortho-Phosphate","0.074","0.05","mg/L as P",NA,"N","N","Winter Island","38.044202",-121.848732,"10:05","Bryte",NA
"3726","6775","EF0822B0221",2022-08-16,"Pheophytin a","0.72","0.5","ug/L",NA,"N","N","Winter Island","38.044202",-121.848732,"10:05","Bryte",NA
"3727","6775","EF0822B0221",2022-08-16,"Total Phosphorus","0.083","0.01","mg/L as P",NA,"N","N","Winter Island","38.044202",-121.848732,"10:05","Bryte",NA
"3728","6775","EF0822B0221",2022-08-16,"Total Suspended Solids","6.7","2.5","mg/L",NA,"N","N","Winter Island","38.044202",-121.848732,"10:05","Bryte",NA
"3729","6775","EF0822B0221",2022-08-16,"Total Kjeldahl Nitrogen","0.221","0.1","mg/L as N",NA,"N","N","Winter Island","38.044202",-121.848732,"10:05","Bryte",NA
"3730","6776","EF0822B0222",2022-08-16,"Dissolved Ammonia","<0.05","0.05","mg/L as N",NA,"N","N","Browns Island","38.042666",-121.871539,"10:35","Bryte",NA
"3731","6776","EF0822B0222",2022-08-16,"Chlorophyll a","1.92","0.5","ug/L",NA,"N","N","Browns Island","38.042666",-121.871539,"10:35","Bryte",NA
"3732","6776","EF0822B0222",2022-08-16,"Dissolved Nitrate + Nitrite","0.126","0.05","mg/L as N",NA,"N","N","Browns Island","38.042666",-121.871539,"10:35","Bryte",NA
"3733","6776","EF0822B0222",2022-08-16,"Dissolved Organic Carbon","2.2","0.5","mg/L as C",NA,"N","N","Browns Island","38.042666",-121.871539,"10:35","Bryte",NA
"3734","6776","EF0822B0222",2022-08-16,"Total Organic Carbon","2.2","0.5","mg/L as C",NA,"N","N","Browns Island","38.042666",-121.871539,"10:35","Bryte",NA
"3735","6776","EF0822B0222",2022-08-16,"Dissolved Organic Nitrogen","0.16","0.1","mg/L as N",NA,"N","N","Browns Island","38.042666",-121.871539,"10:35","Bryte",NA
"3736","6776","EF0822B0222",2022-08-16,"Dissolved ortho-Phosphate","0.075","0.05","mg/L as P",NA,"N","N","Browns Island","38.042666",-121.871539,"10:35","Bryte",NA
"3737","6776","EF0822B0222",2022-08-16,"Pheophytin a","1.15","0.5","ug/L",NA,"N","N","Browns Island","38.042666",-121.871539,"10:35","Bryte",NA
"3738","6776","EF0822B0222",2022-08-16,"Total Phosphorus","0.085","0.01","mg/L as P",NA,"N","N","Browns Island","38.042666",-121.871539,"10:35","Bryte",NA
"3739","6776","EF0822B0222",2022-08-16,"Total Suspended Solids","11.9","2.5","mg/L",NA,"N","N","Browns Island","38.042666",-121.871539,"10:35","Bryte",NA
"3740","6776","EF0822B0222",2022-08-16,"Total Kjeldahl Nitrogen","0.212","0.1","mg/L as N",NA,"N","N","Browns Island","38.042666",-121.871539,"10:35","Bryte",NA
"3741","6778","EF0822B0223",2022-08-16,"Dissolved Ammonia","<0.05","0.05","mg/L as N",NA,"N","N","Browns Island","38.038982",-121.857488,"10:55","Bryte",NA
"3742","6778","EF0822B0223",2022-08-16,"Chlorophyll a","1.45","0.5","ug/L",NA,"N","N","Browns Island","38.038982",-121.857488,"10:55","Bryte",NA
"3743","6778","EF0822B0223",2022-08-16,"Dissolved Nitrate + Nitrite","<0.05","0.05","mg/L as N",NA,"N","N","Browns Island","38.038982",-121.857488,"10:55","Bryte",NA
"3744","6778","EF0822B0223",2022-08-16,"Dissolved Organic Carbon","4.1","0.5","mg/L as C",NA,"N","N","Browns Island","38.038982",-121.857488,"10:55","Bryte",NA
"3745","6778","EF0822B0223",2022-08-16,"Total Organic Carbon","4.2","0.5","mg/L as C",NA,"N","N","Browns Island","38.038982",-121.857488,"10:55","Bryte",NA
"3746","6778","EF0822B0223",2022-08-16,"Dissolved Organic Nitrogen","0.23","0.1","mg/L as N",NA,"N","N","Browns Island","38.038982",-121.857488,"10:55","Bryte",NA
"3747","6778","EF0822B0223",2022-08-16,"Dissolved ortho-Phosphate","0.067","0.05","mg/L as P",NA,"N","N","Browns Island","38.038982",-121.857488,"10:55","Bryte",NA
"3748","6778","EF0822B0223",2022-08-16,"Pheophytin a","<0.5","0.5","ug/L",NA,"N","N","Browns Island","38.038982",-121.857488,"10:55","Bryte",NA
"3749","6778","EF0822B0223",2022-08-16,"Total Phosphorus","0.08","0.01","mg/L as P",NA,"N","N","Browns Island","38.038982",-121.857488,"10:55","Bryte",NA
"3750","6778","EF0822B0223",2022-08-16,"Total Suspended Solids","5.2","2.5","mg/L",NA,"N","N","Browns Island","38.038982",-121.857488,"10:55","Bryte",NA
"3751","6778","EF0822B0223",2022-08-16,"Total Kjeldahl Nitrogen","0.277","0.1","mg/L as N",NA,"N","N","Browns Island","38.038982",-121.857488,"10:55","Bryte",NA
"3752","6779","EF0822B0218",2022-08-16,"Dissolved Ammonia","<0.05","0.05","mg/L as N",NA,"N","N","Webb Tract Islands and Berms","38.0963",-121.589577,"11:55","Bryte",NA
"3753","6779","EF0822B0218",2022-08-16,"Chlorophyll a","2.25","0.5","ug/L",NA,"N","N","Webb Tract Islands and Berms","38.0963",-121.589577,"11:55","Bryte",NA
"3754","6779","EF0822B0218",2022-08-16,"Dissolved Nitrate + Nitrite","<0.05","0.05","mg/L as N",NA,"N","N","Webb Tract Islands and Berms","38.0963",-121.589577,"11:55","Bryte",NA
"3755","6779","EF0822B0218",2022-08-16,"Dissolved Organic Carbon","2.3","0.5","mg/L as C",NA,"N","N","Webb Tract Islands and Berms","38.0963",-121.589577,"11:55","Bryte",NA
"3756","6779","EF0822B0218",2022-08-16,"Total Organic Carbon","2.3","0.5","mg/L as C",NA,"N","N","Webb Tract Islands and Berms","38.0963",-121.589577,"11:55","Bryte",NA
"3757","6779","EF0822B0218",2022-08-16,"Dissolved Organic Nitrogen","0.12","0.1","mg/L as N",NA,"N","N","Webb Tract Islands and Berms","38.0963",-121.589577,"11:55","Bryte",NA
"3758","6779","EF0822B0218",2022-08-16,"Dissolved ortho-Phosphate","<0.05","0.05","mg/L as P",NA,"N","N","Webb Tract Islands and Berms","38.0963",-121.589577,"11:55","Bryte",NA
"3759","6779","EF0822B0218",2022-08-16,"Pheophytin a","<0.5","0.5","ug/L",NA,"N","N","Webb Tract Islands and Berms","38.0963",-121.589577,"11:55","Bryte",NA
"3760","6779","EF0822B0218",2022-08-16,"Total Phosphorus","0.051","0.01","mg/L as P",NA,"N","N","Webb Tract Islands and Berms","38.0963",-121.589577,"11:55","Bryte",NA
"3761","6779","EF0822B0218",2022-08-16,"Total Suspended Solids","2.9","2.5","mg/L",NA,"N","N","Webb Tract Islands and Berms","38.0963",-121.589577,"11:55","Bryte",NA
"3762","6779","EF0822B0218",2022-08-16,"Total Kjeldahl Nitrogen","0.168","0.1","mg/L as N",NA,"N","N","Webb Tract Islands and Berms","38.0963",-121.589577,"11:55","Bryte",NA
"3763","6781","EF0822B0219",2022-08-16,"Dissolved Ammonia","<0.05","0.05","mg/L as N",NA,"N","N","Webb Tract Islands and Berms","38.094901",-121.591013,"12:25","Bryte",NA
"3764","6781","EF0822B0219",2022-08-16,"Chlorophyll a","2.4","0.5","ug/L",NA,"N","N","Webb Tract Islands and Berms","38.094901",-121.591013,"12:25","Bryte",NA
"3765","6781","EF0822B0219",2022-08-16,"Dissolved Nitrate + Nitrite","0.059","0.05","mg/L as N",NA,"N","N","Webb Tract Islands and Berms","38.094901",-121.591013,"12:25","Bryte",NA
"3766","6781","EF0822B0219",2022-08-16,"Dissolved Organic Nitrogen","0.11","0.1","mg/L as N",NA,"N","N","Webb Tract Islands and Berms","38.094901",-121.591013,"12:25","Bryte",NA
"3767","6781","EF0822B0219",2022-08-16,"Dissolved ortho-Phosphate","<0.05","0.05","mg/L as P",NA,"N","N","Webb Tract Islands and Berms","38.094901",-121.591013,"12:25","Bryte",NA
"3768","6781","EF0822B0219",2022-08-16,"Pheophytin a","1.23","0.5","ug/L",NA,"N","N","Webb Tract Islands and Berms","38.094901",-121.591013,"12:25","Bryte",NA
"3769","6781","EF0822B0219",2022-08-16,"Total Phosphorus","0.056","0.01","mg/L as P",NA,"N","N","Webb Tract Islands and Berms","38.094901",-121.591013,"12:25","Bryte",NA
"3770","6781","EF0822B0219",2022-08-16,"Total Suspended Solids","4.9","2.5","mg/L",NA,"N","N","Webb Tract Islands and Berms","38.094901",-121.591013,"12:25","Bryte",NA
"3771","6781","EF0822B0219",2022-08-16,"Total Kjeldahl Nitrogen","0.165","0.1","mg/L as N",NA,"N","N","Webb Tract Islands and Berms","38.094901",-121.591013,"12:25","Bryte",NA
"3772","6782","EF0822B0241",2022-08-17,"Dissolved Ammonia","0.051","0.05","mg/L as N",NA,"N","N","Tule Red","38.123249",-121.980864,"08:35","Bryte",NA
"3773","6782","EF0822B0241",2022-08-17,"Chlorophyll a","3.25","0.5","ug/L",NA,"N","N","Tule Red","38.123249",-121.980864,"08:35","Bryte",NA
"3774","6782","EF0822B0241",2022-08-17,"Dissolved Nitrate + Nitrite","0.089","0.05","mg/L as N",NA,"N","N","Tule Red","38.123249",-121.980864,"08:35","Bryte",NA
"3775","6782","EF0822B0241",2022-08-17,"Dissolved Organic Carbon","3.1","0.5","mg/L as C",NA,"N","N","Tule Red","38.123249",-121.980864,"08:35","Bryte",NA
"3776","6782","EF0822B0241",2022-08-17,"Total Organic Carbon","3.1","0.5","mg/L as C",NA,"N","N","Tule Red","38.123249",-121.980864,"08:35","Bryte",NA
"3777","6782","EF0822B0241",2022-08-17,"Dissolved Organic Nitrogen","0.26","0.1","mg/L as N",NA,"N","N","Tule Red","38.123249",-121.980864,"08:35","Bryte",NA
"3778","6782","EF0822B0241",2022-08-17,"Dissolved ortho-Phosphate","<0.05","0.05","mg/L as P",NA,"N","N","Tule Red","38.123249",-121.980864,"08:35","Bryte",NA
"3779","6782","EF0822B0241",2022-08-17,"Pheophytin a","1.19","0.5","ug/L",NA,"N","N","Tule Red","38.123249",-121.980864,"08:35","Bryte",NA
"3780","6782","EF0822B0241",2022-08-17,"Total Phosphorus","0.067","0.01","mg/L as P",NA,"N","N","Tule Red","38.123249",-121.980864,"08:35","Bryte",NA
"3781","6782","EF0822B0241",2022-08-17,"Total Suspended Solids","17.2","2.5","mg/L",NA,"N","N","Tule Red","38.123249",-121.980864,"08:35","Bryte",NA
"3782","6782","EF0822B0241",2022-08-17,"Total Kjeldahl Nitrogen","0.409","0.1","mg/L as N",NA,"N","N","Tule Red","38.123249",-121.980864,"08:35","Bryte",NA
"3783","6783","EF0822B0240",2022-08-17,"Dissolved Ammonia","0.05","0.05","mg/L as N",NA,"N","N","Tule Red","38.118206",-121.981705,"09:00","Bryte",NA
"3784","6783","EF0822B0240",2022-08-17,"Chlorophyll a","1.9","0.5","ug/L",NA,"N","N","Tule Red","38.118206",-121.981705,"09:00","Bryte",NA
"3785","6783","EF0822B0240",2022-08-17,"Dissolved Nitrate + Nitrite","0.12","0.05","mg/L as N",NA,"N","N","Tule Red","38.118206",-121.981705,"09:00","Bryte",NA
"3786","6783","EF0822B0240",2022-08-17,"Dissolved Organic Carbon","3.4","0.5","mg/L as C",NA,"N","N","Tule Red","38.118206",-121.981705,"09:00","Bryte",NA
"3787","6783","EF0822B0240",2022-08-17,"Total Organic Carbon","3","0.5","mg/L as C",NA,"N","N","Tule Red","38.118206",-121.981705,"09:00","Bryte",NA
"3788","6783","EF0822B0240",2022-08-17,"Dissolved Organic Nitrogen","0.23","0.1","mg/L as N",NA,"N","N","Tule Red","38.118206",-121.981705,"09:00","Bryte",NA
"3789","6783","EF0822B0240",2022-08-17,"Dissolved ortho-Phosphate","<0.05","0.05","mg/L as P",NA,"N","N","Tule Red","38.118206",-121.981705,"09:00","Bryte",NA
"3790","6783","EF0822B0240",2022-08-17,"Pheophytin a","0.89","0.5","ug/L",NA,"N","N","Tule Red","38.118206",-121.981705,"09:00","Bryte",NA
"3791","6783","EF0822B0240",2022-08-17,"Total Phosphorus","0.064","0.01","mg/L as P",NA,"N","N","Tule Red","38.118206",-121.981705,"09:00","Bryte",NA
"3792","6783","EF0822B0240",2022-08-17,"Total Suspended Solids","10.7","2.5","mg/L",NA,"N","N","Tule Red","38.118206",-121.981705,"09:00","Bryte",NA
"3793","6783","EF0822B0240",2022-08-17,"Total Kjeldahl Nitrogen","0.371","0.1","mg/L as N",NA,"N","N","Tule Red","38.118206",-121.981705,"09:00","Bryte",NA
"3794","6785","EF0822B0243",2022-08-17,"Dissolved Organic Carbon","1.7","0.5","mg/L as C",NA,"N","N","Ryer Island","38.086828",-122.018655,"09:50","Bryte",NA
"3795","6785","EF0822B0243",2022-08-17,"Dissolved ortho-Phosphate","0.158","0.05","mg/L as P",NA,"N","N","Ryer Island","38.086828",-122.018655,"09:50","Bryte",NA
"3796","6785","EF0822B0243",2022-08-17,"Pheophytin a","1.04","0.5","ug/L",NA,"N","N","Ryer Island","38.086828",-122.018655,"09:50","Bryte",NA
"3797","6785","EF0822B0243",2022-08-17,"Total Organic Carbon","2.1","0.5","mg/L as C",NA,"N","N","Ryer Island","38.086828",-122.018655,"09:50","Bryte",NA
"3798","6785","EF0822B0243",2022-08-17,"Dissolved Organic Nitrogen","0.14","0.1","mg/L as N",NA,"N","N","Ryer Island","38.086828",-122.018655,"09:50","Bryte",NA
"3799","6785","EF0822B0243",2022-08-17,"Dissolved Ammonia","0.093","0.05","mg/L as N",NA,"N","N","Ryer Island","38.086828",-122.018655,"09:50","Bryte",NA
"3800","6785","EF0822B0243",2022-08-17,"Chlorophyll a","1.21","0.5","ug/L",NA,"N","N","Ryer Island","38.086828",-122.018655,"09:50","Bryte",NA
"3801","6785","EF0822B0243",2022-08-17,"Dissolved Nitrate + Nitrite","0.187","0.05","mg/L as N",NA,"N","N","Ryer Island","38.086828",-122.018655,"09:50","Bryte",NA
"3802","6785","EF0822B0243",2022-08-17,"Total Phosphorus","0.195","0.01","mg/L as P",NA,"N","N","Ryer Island","38.086828",-122.018655,"09:50","Bryte",NA
"3803","6785","EF0822B0243",2022-08-17,"Total Suspended Solids","20.9","2.5","mg/L",NA,"N","N","Ryer Island","38.086828",-122.018655,"09:50","Bryte",NA
"3804","6785","EF0822B0243",2022-08-17,"Total Kjeldahl Nitrogen","0.275","0.1","mg/L as N",NA,"N","N","Ryer Island","38.086828",-122.018655,"09:50","Bryte",NA
"3805","6786","EF0822B0244",2022-08-17,"Total Kjeldahl Nitrogen","0.331","0.1","mg/L as N",NA,"N","N","Ryer Island","38.081583",-122.016467,"10:00","Bryte",NA
"3806","6786","EF0822B0244",2022-08-17,"Dissolved ortho-Phosphate","0.17","0.05","mg/L as P",NA,"N","N","Ryer Island","38.081583",-122.016467,"10:00","Bryte",NA
"3807","6786","EF0822B0244",2022-08-17,"Pheophytin a","0.87","0.5","ug/L",NA,"N","N","Ryer Island","38.081583",-122.016467,"10:00","Bryte",NA
"3808","6786","EF0822B0244",2022-08-17,"Total Phosphorus","0.217","0.01","mg/L as P",NA,"N","N","Ryer Island","38.081583",-122.016467,"10:00","Bryte",NA
"3809","6786","EF0822B0244",2022-08-17,"Dissolved Ammonia","0.107","0.05","mg/L as N",NA,"N","N","Ryer Island","38.081583",-122.016467,"10:00","Bryte",NA
"3810","6786","EF0822B0244",2022-08-17,"Chlorophyll a","1.27","0.5","ug/L",NA,"N","N","Ryer Island","38.081583",-122.016467,"10:00","Bryte",NA
"3811","6786","EF0822B0244",2022-08-17,"Dissolved Nitrate + Nitrite","0.134","0.05","mg/L as N",NA,"N","N","Ryer Island","38.081583",-122.016467,"10:00","Bryte",NA
"3812","6786","EF0822B0244",2022-08-17,"Dissolved Organic Carbon","2","0.5","mg/L as C",NA,"N","N","Ryer Island","38.081583",-122.016467,"10:00","Bryte",NA
"3813","6786","EF0822B0244",2022-08-17,"Total Organic Carbon","2","0.5","mg/L as C",NA,"N","N","Ryer Island","38.081583",-122.016467,"10:00","Bryte",NA
"3814","6786","EF0822B0244",2022-08-17,"Dissolved Organic Nitrogen","0.16","0.1","mg/L as N",NA,"N","N","Ryer Island","38.081583",-122.016467,"10:00","Bryte",NA
"3815","6941","EF1022B0266",2022-10-18,"Dissolved Ammonia","<0.05","0.05","mg/L as N",NA,"N","N","Browns Island","38.039142",-121.857943,"12:00","Bryte",NA
"3816","6941","EF1022B0266",2022-10-18,"Chlorophyll a","1","0.5","ug/L",NA,"N","N","Browns Island","38.039142",-121.857943,"12:00","Bryte",NA
"3817","6941","EF1022B0266",2022-10-18,"Dissolved Nitrate + Nitrite","0.09","0.05","mg/L as N",NA,"N","N","Browns Island","38.039142",-121.857943,"12:00","Bryte",NA
"3818","6941","EF1022B0266",2022-10-18,"Dissolved Organic Carbon","2.8","0.5","mg/L as C",NA,"N","N","Browns Island","38.039142",-121.857943,"12:00","Bryte",NA
"3819","6941","EF1022B0266",2022-10-18,"Total Organic Carbon","2.6","0.5","mg/L as C",NA,"N","N","Browns Island","38.039142",-121.857943,"12:00","Bryte",NA
"3820","6941","EF1022B0266",2022-10-18,"Dissolved Organic Nitrogen","0.18","0.1","mg/L as N",NA,"N","N","Browns Island","38.039142",-121.857943,"12:00","Bryte",NA
"3821","6941","EF1022B0266",2022-10-18,"Dissolved ortho-Phosphate","0.06","0.05","mg/L as P",NA,"N","N","Browns Island","38.039142",-121.857943,"12:00","Bryte",NA
"3822","6941","EF1022B0266",2022-10-18,"Pheophytin a","0.64","0.5","ug/L",NA,"N","N","Browns Island","38.039142",-121.857943,"12:00","Bryte",NA
"3823","6941","EF1022B0266",2022-10-18,"Total Phosphorus","0.071","0.01","mg/L as P",NA,"N","N","Browns Island","38.039142",-121.857943,"12:00","Bryte",NA
"3824","6941","EF1022B0266",2022-10-18,"Total Suspended Solids","10.5","2.5","mg/L",NA,"N","N","Browns Island","38.039142",-121.857943,"12:00","Bryte",NA
"3825","6941","EF1022B0266",2022-10-18,"Total Kjeldahl Nitrogen","0.22","0.1","mg/L as N",NA,"N","N","Browns Island","38.039142",-121.857943,"12:00","Bryte",NA
"3826","6942","EF1022B0267",2022-10-18,"Dissolved Ammonia","<0.05","0.05","mg/L as N",NA,"N","N","Browns Island","38.036853",-121.873416,"12:20","Bryte",NA
"3827","6942","EF1022B0267",2022-10-18,"Chlorophyll a","1.02","0.5","ug/L",NA,"N","N","Browns Island","38.036853",-121.873416,"12:20","Bryte",NA
"3828","6942","EF1022B0267",2022-10-18,"Dissolved Nitrate + Nitrite","0.163","0.05","mg/L as N",NA,"N","N","Browns Island","38.036853",-121.873416,"12:20","Bryte",NA
"3829","6942","EF1022B0267",2022-10-18,"Dissolved Organic Carbon","2.2","0.5","mg/L as C",NA,"N","N","Browns Island","38.036853",-121.873416,"12:20","Bryte",NA
"3830","6942","EF1022B0267",2022-10-18,"Total Organic Carbon","2.1","0.5","mg/L as C",NA,"N","N","Browns Island","38.036853",-121.873416,"12:20","Bryte",NA
"3831","6942","EF1022B0267",2022-10-18,"Dissolved Organic Nitrogen","0.14","0.1","mg/L as N",NA,"N","N","Browns Island","38.036853",-121.873416,"12:20","Bryte",NA
"3832","6942","EF1022B0267",2022-10-18,"Dissolved ortho-Phosphate","0.069","0.05","mg/L as P",NA,"N","N","Browns Island","38.036853",-121.873416,"12:20","Bryte",NA
"3833","6942","EF1022B0267",2022-10-18,"Pheophytin a","0.53","0.5","ug/L",NA,"N","N","Browns Island","38.036853",-121.873416,"12:20","Bryte",NA
"3834","6942","EF1022B0267",2022-10-18,"Total Phosphorus","0.079","0.01","mg/L as P",NA,"N","N","Browns Island","38.036853",-121.873416,"12:20","Bryte",NA
"3835","6942","EF1022B0267",2022-10-18,"Total Suspended Solids","8.9","2.5","mg/L",NA,"N","N","Browns Island","38.036853",-121.873416,"12:20","Bryte",NA
"3836","6942","EF1022B0267",2022-10-18,"Total Kjeldahl Nitrogen","0.185","0.1","mg/L as N",NA,"N","N","Browns Island","38.036853",-121.873416,"12:20","Bryte",NA
"3837","6944","EF1022B0260",2022-10-18,"Dissolved Ammonia","<0.05","0.05","mg/L as N",NA,"N","N","Decker Island","38.084364",-121.723959,"14:12","Bryte",NA
"3838","6944","EF1022B0260",2022-10-18,"Chlorophyll a","1.31","0.5","ug/L",NA,"N","N","Decker Island","38.084364",-121.723959,"14:12","Bryte",NA
"3839","6944","EF1022B0260",2022-10-18,"Dissolved Nitrate + Nitrite","0.108","0.05","mg/L as N",NA,"N","N","Decker Island","38.084364",-121.723959,"14:12","Bryte",NA
"3840","6944","EF1022B0260",2022-10-18,"Dissolved Organic Nitrogen","0.1","0.1","mg/L as N",NA,"N","N","Decker Island","38.084364",-121.723959,"14:12","Bryte",NA
"3841","6944","EF1022B0260",2022-10-18,"Dissolved ortho-Phosphate","0.054","0.05","mg/L as P",NA,"N","N","Decker Island","38.084364",-121.723959,"14:12","Bryte",NA
"3842","6944","EF1022B0260",2022-10-18,"Pheophytin a","0.6","0.5","ug/L",NA,"N","N","Decker Island","38.084364",-121.723959,"14:12","Bryte",NA
"3843","6944","EF1022B0260",2022-10-18,"Total Phosphorus","0.059","0.01","mg/L as P",NA,"N","N","Decker Island","38.084364",-121.723959,"14:12","Bryte",NA
"3844","6944","EF1022B0260",2022-10-18,"Total Suspended Solids","9.4","2.5","mg/L",NA,"N","N","Decker Island","38.084364",-121.723959,"14:12","Bryte",NA
"3845","6944","EF1022B0260",2022-10-18,"Total Kjeldahl Nitrogen","0.16","0.1","mg/L as N",NA,"N","N","Decker Island","38.084364",-121.723959,"14:12","Bryte",NA
"3846","6945","EF1022B0261",2022-10-18,"Dissolved Ammonia","<0.05","0.05","mg/L as N",NA,"N","N","Decker Island","38.08494",-121.723204,"14:28","Bryte",NA
"3847","6945","EF1022B0261",2022-10-18,"Chlorophyll a","1.56","0.5","ug/L",NA,"N","N","Decker Island","38.08494",-121.723204,"14:28","Bryte",NA
"3848","6945","EF1022B0261",2022-10-18,"Dissolved Nitrate + Nitrite","0.103","0.05","mg/L as N",NA,"N","N","Decker Island","38.08494",-121.723204,"14:28","Bryte",NA
"3849","6945","EF1022B0261",2022-10-18,"Dissolved Organic Carbon","2.3","0.5","mg/L as C",NA,"N","N","Decker Island","38.08494",-121.723204,"14:28","Bryte",NA
"3850","6945","EF1022B0261",2022-10-18,"Total Organic Carbon","2.2","0.5","mg/L as C",NA,"N","N","Decker Island","38.08494",-121.723204,"14:28","Bryte",NA
"3851","6945","EF1022B0261",2022-10-18,"Dissolved Organic Nitrogen","0.1","0.1","mg/L as N",NA,"N","N","Decker Island","38.08494",-121.723204,"14:28","Bryte",NA
"3852","6945","EF1022B0261",2022-10-18,"Dissolved ortho-Phosphate","0.054","0.05","mg/L as P",NA,"N","N","Decker Island","38.08494",-121.723204,"14:28","Bryte",NA
"3853","6945","EF1022B0261",2022-10-18,"Pheophytin a","0.54","0.5","ug/L",NA,"N","N","Decker Island","38.08494",-121.723204,"14:28","Bryte",NA
"3854","6945","EF1022B0261",2022-10-18,"Total Phosphorus","0.059","0.01","mg/L as P",NA,"N","N","Decker Island","38.08494",-121.723204,"14:28","Bryte",NA
"3855","6945","EF1022B0261",2022-10-18,"Total Suspended Solids","6.8","2.5","mg/L",NA,"N","N","Decker Island","38.08494",-121.723204,"14:28","Bryte",NA
"3856","6945","EF1022B0261",2022-10-18,"Total Kjeldahl Nitrogen","0.147","0.1","mg/L as N",NA,"N","N","Decker Island","38.08494",-121.723204,"14:28","Bryte",NA
"3857","6947","EF1022B0248",2022-10-17,"Dissolved Ammonia","<0.05","0.05","mg/L as N",NA,"N","N","Yolo Flyway Farms","38.360832",-121.645392,"15:45","Bryte",NA
"3858","6947","EF1022B0248",2022-10-17,"Chlorophyll a","1.53","0.5","ug/L",NA,"N","N","Yolo Flyway Farms","38.360832",-121.645392,"15:45","Bryte",NA
"3859","6947","EF1022B0248",2022-10-17,"Dissolved Nitrate + Nitrite","<0.05","0.05","mg/L as N",NA,"N","N","Yolo Flyway Farms","38.360832",-121.645392,"15:45","Bryte",NA
"3860","6947","EF1022B0248",2022-10-17,"Dissolved Organic Carbon","3.3","0.5","mg/L as C",NA,"N","N","Yolo Flyway Farms","38.360832",-121.645392,"15:45","Bryte",NA
"3861","6947","EF1022B0248",2022-10-17,"Total Organic Carbon","3.2","0.5","mg/L as C",NA,"N","N","Yolo Flyway Farms","38.360832",-121.645392,"15:45","Bryte",NA
"3862","6947","EF1022B0248",2022-10-17,"Dissolved Organic Nitrogen","0.12","0.1","mg/L as N",NA,"N","N","Yolo Flyway Farms","38.360832",-121.645392,"15:45","Bryte",NA
"3863","6947","EF1022B0248",2022-10-17,"Dissolved ortho-Phosphate","0.064","0.05","mg/L as P",NA,"N","N","Yolo Flyway Farms","38.360832",-121.645392,"15:45","Bryte",NA
"3864","6947","EF1022B0248",2022-10-17,"Pheophytin a","<0.5","0.5","ug/L",NA,"N","N","Yolo Flyway Farms","38.360832",-121.645392,"15:45","Bryte",NA
"3865","6947","EF1022B0248",2022-10-17,"Total Phosphorus","0.069","0.01","mg/L as P",NA,"N","N","Yolo Flyway Farms","38.360832",-121.645392,"15:45","Bryte",NA
"3866","6947","EF1022B0248",2022-10-17,"Total Suspended Solids","3.7","2.5","mg/L",NA,"N","N","Yolo Flyway Farms","38.360832",-121.645392,"15:45","Bryte",NA
"3867","6947","EF1022B0248",2022-10-17,"Total Kjeldahl Nitrogen","0.188","0.1","mg/L as N",NA,"N","N","Yolo Flyway Farms","38.360832",-121.645392,"15:45","Bryte",NA
"3868","6948","EF1022B0247",2022-10-17,"Dissolved Ammonia","<0.05","0.05","mg/L as N",NA,"N","N","Yolo Flyway Farms","38.363934",-121.643193,"15:30","Bryte",NA
"3869","6948","EF1022B0247",2022-10-17,"Chlorophyll a","1.33","0.5","ug/L",NA,"N","N","Yolo Flyway Farms","38.363934",-121.643193,"15:30","Bryte",NA
"3870","6948","EF1022B0247",2022-10-17,"Dissolved Nitrate + Nitrite","<0.05","0.05","mg/L as N",NA,"N","N","Yolo Flyway Farms","38.363934",-121.643193,"15:30","Bryte",NA
"3871","6948","EF1022B0247",2022-10-17,"Dissolved Organic Nitrogen","0.13","0.1","mg/L as N",NA,"N","N","Yolo Flyway Farms","38.363934",-121.643193,"15:30","Bryte",NA
"3872","6948","EF1022B0247",2022-10-17,"Dissolved ortho-Phosphate","0.057","0.05","mg/L as P",NA,"N","N","Yolo Flyway Farms","38.363934",-121.643193,"15:30","Bryte",NA
"3873","6948","EF1022B0247",2022-10-17,"Pheophytin a","<0.5","0.5","ug/L",NA,"N","N","Yolo Flyway Farms","38.363934",-121.643193,"15:30","Bryte",NA
"3874","6948","EF1022B0247",2022-10-17,"Total Phosphorus","0.067","0.01","mg/L as P",NA,"N","N","Yolo Flyway Farms","38.363934",-121.643193,"15:30","Bryte",NA
"3875","6948","EF1022B0247",2022-10-17,"Total Suspended Solids","4.5","2.5","mg/L",NA,"N","N","Yolo Flyway Farms","38.363934",-121.643193,"15:30","Bryte",NA
"3876","6948","EF1022B0247",2022-10-17,"Total Kjeldahl Nitrogen","0.203","0.1","mg/L as N",NA,"N","N","Yolo Flyway Farms","38.363934",-121.643193,"15:30","Bryte",NA
"3877","6951","EF1022B0251",2022-10-17,"Dissolved Ammonia","<0.05","0.05","mg/L as N",NA,"N","N","Liberty Island","38.296271",-121.687545,"13:04","Bryte",NA
"3878","6951","EF1022B0251",2022-10-17,"Chlorophyll a","0.88","0.5","ug/L",NA,"N","N","Liberty Island","38.296271",-121.687545,"13:04","Bryte",NA
"3879","6951","EF1022B0251",2022-10-17,"Dissolved Nitrate + Nitrite","<0.05","0.05","mg/L as N",NA,"N","N","Liberty Island","38.296271",-121.687545,"13:04","Bryte",NA
"3880","6951","EF1022B0251",2022-10-17,"Dissolved Organic Carbon","4.2","0.5","mg/L as C",NA,"N","N","Liberty Island","38.296271",-121.687545,"13:04","Bryte",NA
"3881","6951","EF1022B0251",2022-10-17,"Total Organic Carbon","4.6","0.5","mg/L as C",NA,"N","N","Liberty Island","38.296271",-121.687545,"13:04","Bryte",NA
"3882","6951","EF1022B0251",2022-10-17,"Dissolved Organic Nitrogen","0.17","0.1","mg/L as N",NA,"N","N","Liberty Island","38.296271",-121.687545,"13:04","Bryte",NA
"3883","6951","EF1022B0251",2022-10-17,"Dissolved ortho-Phosphate","0.059","0.05","mg/L as P",NA,"N","N","Liberty Island","38.296271",-121.687545,"13:04","Bryte",NA
"3884","6951","EF1022B0251",2022-10-17,"Pheophytin a","0.63","0.5","ug/L",NA,"N","N","Liberty Island","38.296271",-121.687545,"13:04","Bryte",NA
"3885","6951","EF1022B0251",2022-10-17,"Total Phosphorus","0.095","0.01","mg/L as P",NA,"N","N","Liberty Island","38.296271",-121.687545,"13:04","Bryte",NA
"3886","6951","EF1022B0251",2022-10-17,"Total Suspended Solids","<2.5","2.5","mg/L",NA,"N","N","Liberty Island","38.296271",-121.687545,"13:04","Bryte",NA
"3887","6951","EF1022B0251",2022-10-17,"Total Kjeldahl Nitrogen","0.244","0.1","mg/L as N",NA,"N","N","Liberty Island","38.296271",-121.687545,"13:04","Bryte",NA
"3888","6952","EF1022B0252",2022-10-17,"Dissolved Ammonia","<0.05","0.05","mg/L as N",NA,"N","N","Liberty Island","38.313021",-121.675858,"13:34","Bryte",NA
"3889","6952","EF1022B0252",2022-10-17,"Chlorophyll a","1.81","0.5","ug/L",NA,"N","N","Liberty Island","38.313021",-121.675858,"13:34","Bryte",NA
"3890","6952","EF1022B0252",2022-10-17,"Dissolved Nitrate + Nitrite","<0.05","0.05","mg/L as N",NA,"N","N","Liberty Island","38.313021",-121.675858,"13:34","Bryte",NA
"3891","6952","EF1022B0252",2022-10-17,"Dissolved Organic Carbon","3.2","0.5","mg/L as C",NA,"N","N","Liberty Island","38.313021",-121.675858,"13:34","Bryte",NA
"3892","6952","EF1022B0252",2022-10-17,"Total Organic Carbon","3.2","0.5","mg/L as C",NA,"N","N","Liberty Island","38.313021",-121.675858,"13:34","Bryte",NA
"3893","6952","EF1022B0252",2022-10-17,"Dissolved Organic Nitrogen","0.12","0.1","mg/L as N",NA,"N","N","Liberty Island","38.313021",-121.675858,"13:34","Bryte",NA
"3894","6952","EF1022B0252",2022-10-17,"Dissolved ortho-Phosphate","0.053","0.05","mg/L as P",NA,"N","N","Liberty Island","38.313021",-121.675858,"13:34","Bryte",NA
"3895","6952","EF1022B0252",2022-10-17,"Pheophytin a","<0.5","0.5","ug/L",NA,"N","N","Liberty Island","38.313021",-121.675858,"13:34","Bryte",NA
"3896","6952","EF1022B0252",2022-10-17,"Total Phosphorus","0.066","0.01","mg/L as P",NA,"N","N","Liberty Island","38.313021",-121.675858,"13:34","Bryte",NA
"3897","6952","EF1022B0252",2022-10-17,"Total Suspended Solids","2.8","2.5","mg/L",NA,"N","N","Liberty Island","38.313021",-121.675858,"13:34","Bryte",NA
"3898","6952","EF1022B0252",2022-10-17,"Total Kjeldahl Nitrogen","0.215","0.1","mg/L as N",NA,"N","N","Liberty Island","38.313021",-121.675858,"13:34","Bryte",NA
"3899","6953","EF1022B0249",2022-10-17,"Dissolved Ammonia","<0.05","0.05","mg/L as N",NA,"N","N","Lower Yolo Ranch","38.350575",-121.668244,"14:11","Bryte",NA
"3900","6953","EF1022B0249",2022-10-17,"Chlorophyll a","1.96","0.5","ug/L",NA,"N","N","Lower Yolo Ranch","38.350575",-121.668244,"14:11","Bryte",NA
"3901","6953","EF1022B0249",2022-10-17,"Dissolved Nitrate + Nitrite","<0.05","0.05","mg/L as N",NA,"N","N","Lower Yolo Ranch","38.350575",-121.668244,"14:11","Bryte",NA
"3902","6953","EF1022B0249",2022-10-17,"Dissolved Organic Carbon","5.9","0.5","mg/L as C",NA,"N","N","Lower Yolo Ranch","38.350575",-121.668244,"14:11","Bryte",NA
"3903","6953","EF1022B0249",2022-10-17,"Total Organic Carbon","6.4","0.5","mg/L as C",NA,"N","N","Lower Yolo Ranch","38.350575",-121.668244,"14:11","Bryte",NA
"3904","6953","EF1022B0249",2022-10-17,"Dissolved Organic Nitrogen","0.25","0.1","mg/L as N",NA,"N","N","Lower Yolo Ranch","38.350575",-121.668244,"14:11","Bryte",NA
"3905","6953","EF1022B0249",2022-10-17,"Dissolved ortho-Phosphate","0.173","0.05","mg/L as P",NA,"N","N","Lower Yolo Ranch","38.350575",-121.668244,"14:11","Bryte",NA
"3906","6953","EF1022B0249",2022-10-17,"Pheophytin a","<0.5","0.5","ug/L",NA,"N","N","Lower Yolo Ranch","38.350575",-121.668244,"14:11","Bryte",NA
"3907","6953","EF1022B0249",2022-10-17,"Total Phosphorus","0.18","0.01","mg/L as P",NA,"N","N","Lower Yolo Ranch","38.350575",-121.668244,"14:11","Bryte",NA
"3908","6953","EF1022B0249",2022-10-17,"Total Suspended Solids","4","2.5","mg/L",NA,"N","N","Lower Yolo Ranch","38.350575",-121.668244,"14:11","Bryte",NA
"3909","6953","EF1022B0249",2022-10-17,"Total Kjeldahl Nitrogen","0.335","0.1","mg/L as N",NA,"N","N","Lower Yolo Ranch","38.350575",-121.668244,"14:11","Bryte",NA
"3910","6954","EF1022B0250",2022-10-17,"Dissolved Ammonia","<0.05","0.05","mg/L as N",NA,"N","N","Lower Yolo Ranch","38.356528",-121.659006,"14:56","Bryte",NA
"3911","6954","EF1022B0250",2022-10-17,"Chlorophyll a","1.67","0.5","ug/L",NA,"N","N","Lower Yolo Ranch","38.356528",-121.659006,"14:56","Bryte",NA
"3912","6954","EF1022B0250",2022-10-17,"Dissolved Nitrate + Nitrite","<0.05","0.05","mg/L as N",NA,"N","N","Lower Yolo Ranch","38.356528",-121.659006,"14:56","Bryte",NA
"3913","6954","EF1022B0250",2022-10-17,"Dissolved Organic Carbon","4.8","0.5","mg/L as C",NA,"N","N","Lower Yolo Ranch","38.356528",-121.659006,"14:56","Bryte",NA
"3914","6954","EF1022B0250",2022-10-17,"Total Organic Carbon","5.1","0.5","mg/L as C",NA,"N","N","Lower Yolo Ranch","38.356528",-121.659006,"14:56","Bryte",NA
"3915","6954","EF1022B0250",2022-10-17,"Dissolved Organic Nitrogen","0.2","0.1","mg/L as N",NA,"N","N","Lower Yolo Ranch","38.356528",-121.659006,"14:56","Bryte",NA
"3916","6954","EF1022B0250",2022-10-17,"Dissolved ortho-Phosphate","0.098","0.05","mg/L as P",NA,"N","N","Lower Yolo Ranch","38.356528",-121.659006,"14:56","Bryte",NA
"3917","6954","EF1022B0250",2022-10-17,"Pheophytin a","<0.5","0.5","ug/L",NA,"N","N","Lower Yolo Ranch","38.356528",-121.659006,"14:56","Bryte",NA
"3918","6954","EF1022B0250",2022-10-17,"Total Phosphorus","0.107","0.01","mg/L as P",NA,"N","N","Lower Yolo Ranch","38.356528",-121.659006,"14:56","Bryte",NA
"3919","6954","EF1022B0250",2022-10-17,"Total Suspended Solids","3.1","2.5","mg/L",NA,"N","N","Lower Yolo Ranch","38.356528",-121.659006,"14:56","Bryte",NA
"3920","6954","EF1022B0250",2022-10-17,"Total Kjeldahl Nitrogen","0.299","0.1","mg/L as N",NA,"N","N","Lower Yolo Ranch","38.356528",-121.659006,"14:56","Bryte",NA
"3921","6957","EF1022B0288",2022-10-19,"Total Suspended Solids","18","2.5","mg/L",NA,"N","N","Ryer Island","38.080647",-122.010332,"14:27","Bryte",NA
"3922","6957","EF1022B0288",2022-10-19,"Total Kjeldahl Nitrogen","0.261","0.1","mg/L as N",NA,"N","N","Ryer Island","38.080647",-122.010332,"14:27","Bryte",NA
"3923","6957","EF1022B0288",2022-10-19,"Pheophytin a","0.58","0.5","ug/L",NA,"N","N","Ryer Island","38.080647",-122.010332,"14:27","Bryte",NA
"3924","6957","EF1022B0288",2022-10-19,"Total Phosphorus","0.147","0.01","mg/L as P",NA,"N","N","Ryer Island","38.080647",-122.010332,"14:27","Bryte",NA
"3925","6957","EF1022B0288",2022-10-19,"Dissolved Ammonia","0.096","0.05","mg/L as N",NA,"N","N","Ryer Island","38.080647",-122.010332,"14:27","Bryte",NA
"3926","6957","EF1022B0288",2022-10-19,"Chlorophyll a","1.17","0.5","ug/L",NA,"N","N","Ryer Island","38.080647",-122.010332,"14:27","Bryte",NA
"3927","6957","EF1022B0288",2022-10-19,"Dissolved Nitrate + Nitrite","0.205","0.05","mg/L as N",NA,"N","N","Ryer Island","38.080647",-122.010332,"14:27","Bryte",NA
"3928","6957","EF1022B0288",2022-10-19,"Dissolved Organic Carbon","1.6","0.5","mg/L as C",NA,"N","N","Ryer Island","38.080647",-122.010332,"14:27","Bryte",NA
"3929","6957","EF1022B0288",2022-10-19,"Total Organic Carbon","1.5","0.5","mg/L as C",NA,"N","N","Ryer Island","38.080647",-122.010332,"14:27","Bryte",NA
"3930","6957","EF1022B0288",2022-10-19,"Dissolved Organic Nitrogen","0.14","0.1","mg/L as N",NA,"N","N","Ryer Island","38.080647",-122.010332,"14:27","Bryte",NA
"3931","6957","EF1022B0288",2022-10-19,"Dissolved ortho-Phosphate","0.125","0.05","mg/L as P",NA,"N","N","Ryer Island","38.080647",-122.010332,"14:27","Bryte",NA
"3932","6958","EF1022B0287",2022-10-19,"Total Organic Carbon","2.1","0.5","mg/L as C",NA,"N","N","Ryer Island","38.07727",-122.012858,"13:48","Bryte",NA
"3933","6958","EF1022B0287",2022-10-19,"Dissolved ortho-Phosphate","0.1","0.05","mg/L as P",NA,"N","N","Ryer Island","38.07727",-122.012858,"13:48","Bryte",NA
"3934","6958","EF1022B0287",2022-10-19,"Pheophytin a","0.5","0.5","ug/L",NA,"N","N","Ryer Island","38.07727",-122.012858,"13:48","Bryte",NA
"3935","6958","EF1022B0287",2022-10-19,"Total Phosphorus","0.114","0.01","mg/L as P",NA,"N","N","Ryer Island","38.07727",-122.012858,"13:48","Bryte",NA
"3936","6958","EF1022B0287",2022-10-19,"Dissolved Organic Nitrogen","0.11","0.1","mg/L as N",NA,"N","N","Ryer Island","38.07727",-122.012858,"13:48","Bryte",NA
"3937","6958","EF1022B0287",2022-10-19,"Dissolved Ammonia","0.061","0.05","mg/L as N",NA,"N","N","Ryer Island","38.07727",-122.012858,"13:48","Bryte",NA
"3938","6958","EF1022B0287",2022-10-19,"Chlorophyll a","1.2","0.5","ug/L",NA,"N","N","Ryer Island","38.07727",-122.012858,"13:48","Bryte",NA
"3939","6958","EF1022B0287",2022-10-19,"Dissolved Nitrate + Nitrite","0.205","0.05","mg/L as N",NA,"N","N","Ryer Island","38.07727",-122.012858,"13:48","Bryte",NA
"3940","6958","EF1022B0287",2022-10-19,"Dissolved Organic Carbon","2","0.5","mg/L as C",NA,"N","N","Ryer Island","38.07727",-122.012858,"13:48","Bryte",NA
"3941","6958","EF1022B0287",2022-10-19,"Total Suspended Solids","14.7","2.5","mg/L",NA,"N","N","Ryer Island","38.07727",-122.012858,"13:48","Bryte",NA
"3942","6958","EF1022B0287",2022-10-19,"Total Kjeldahl Nitrogen","0.196","0.1","mg/L as N",NA,"N","N","Ryer Island","38.07727",-122.012858,"13:48","Bryte",NA
"3943","6969","EF1022B0285",2022-10-19,"Dissolved Ammonia","0.061","0.05","mg/L as N",NA,"N","N","Tule Red","38.122544",-121.981212,"12:12","Bryte",NA
"3944","6969","EF1022B0285",2022-10-19,"Chlorophyll a","3.68","0.5","ug/L",NA,"N","Y","Tule Red","38.122544",-121.981212,"12:12","Bryte",NA
"3945","6969","EF1022B0285",2022-10-19,"Dissolved Nitrate + Nitrite","0.11","0.05","mg/L as N",NA,"N","N","Tule Red","38.122544",-121.981212,"12:12","Bryte",NA
"3946","6969","EF1022B0285",2022-10-19,"Dissolved Organic Carbon","3.7","0.5","mg/L as C",NA,"N","N","Tule Red","38.122544",-121.981212,"12:12","Bryte",NA
"3947","6969","EF1022B0285",2022-10-19,"Total Organic Carbon","3.7","0.5","mg/L as C",NA,"N","N","Tule Red","38.122544",-121.981212,"12:12","Bryte",NA
"3948","6969","EF1022B0285",2022-10-19,"Dissolved Organic Nitrogen","0.31","0.1","mg/L as N",NA,"N","N","Tule Red","38.122544",-121.981212,"12:12","Bryte",NA
"3949","6969","EF1022B0285",2022-10-19,"Dissolved ortho-Phosphate","<0.05","0.05","mg/L as P",NA,"N","N","Tule Red","38.122544",-121.981212,"12:12","Bryte",NA
"3950","6969","EF1022B0285",2022-10-19,"Pheophytin a","0.68","0.5","ug/L",NA,"N","N","Tule Red","38.122544",-121.981212,"12:12","Bryte",NA
"3951","6969","EF1022B0285",2022-10-19,"Total Phosphorus","0.043","0.01","mg/L as P",NA,"N","N","Tule Red","38.122544",-121.981212,"12:12","Bryte",NA
"3952","6969","EF1022B0285",2022-10-19,"Total Suspended Solids","19.8","2.5","mg/L",NA,"N","N","Tule Red","38.122544",-121.981212,"12:12","Bryte",NA
"3953","6969","EF1022B0285",2022-10-19,"Total Kjeldahl Nitrogen","0.403","0.1","mg/L as N",NA,"N","N","Tule Red","38.122544",-121.981212,"12:12","Bryte",NA
"3954","7001","EF1022B0284",2022-10-19,"Dissolved Ammonia","<0.05","0.05","mg/L as N",NA,"N","N","Tule Red","38.11762",-121.98174,"12:56","Bryte",NA
"3955","7001","EF1022B0284",2022-10-19,"Chlorophyll a","2.25","0.5","ug/L",NA,"N","N","Tule Red","38.11762",-121.98174,"12:56","Bryte",NA
"3956","7001","EF1022B0284",2022-10-19,"Dissolved Nitrate + Nitrite","0.252","0.05","mg/L as N",NA,"N","N","Tule Red","38.11762",-121.98174,"12:56","Bryte",NA
"3957","7001","EF1022B0284",2022-10-19,"Dissolved Organic Carbon","1.6","0.5","mg/L as C",NA,"N","N","Tule Red","38.11762",-121.98174,"12:56","Bryte",NA
"3958","7001","EF1022B0284",2022-10-19,"Total Organic Carbon","1.7","0.5","mg/L as C",NA,"N","N","Tule Red","38.11762",-121.98174,"12:56","Bryte",NA
"3959","7001","EF1022B0284",2022-10-19,"Dissolved Organic Nitrogen","0.22","0.1","mg/L as N",NA,"N","N","Tule Red","38.11762",-121.98174,"12:56","Bryte",NA
"3960","7001","EF1022B0284",2022-10-19,"Dissolved ortho-Phosphate","0.068","0.05","mg/L as P",NA,"N","N","Tule Red","38.11762",-121.98174,"12:56","Bryte",NA
"3961","7001","EF1022B0284",2022-10-19,"Pheophytin a","0.77","0.5","ug/L",NA,"N","N","Tule Red","38.11762",-121.98174,"12:56","Bryte",NA
"3962","7001","EF1022B0284",2022-10-19,"Total Phosphorus","0.1","0.01","mg/L as P",NA,"N","N","Tule Red","38.11762",-121.98174,"12:56","Bryte",NA
"3963","7001","EF1022B0284",2022-10-19,"Total Suspended Solids","32.5","2.5","mg/L",NA,"N","N","Tule Red","38.11762",-121.98174,"12:56","Bryte",NA
"3964","7001","EF1022B0284",2022-10-19,"Total Kjeldahl Nitrogen","0.261","0.1","mg/L as N",NA,"N","N","Tule Red","38.11762",-121.98174,"12:56","Bryte",NA
"3965","7003","EF1022B0264",2022-10-18,"Dissolved Ammonia","<0.05","0.05","mg/L as N",NA,"N","N","Winter Island","38.035011",-121.842987,"12:58","Bryte",NA
"3966","7003","EF1022B0264",2022-10-18,"Chlorophyll a","1.1","0.5","ug/L",NA,"N","N","Winter Island","38.035011",-121.842987,"12:58","Bryte",NA
"3967","7003","EF1022B0264",2022-10-18,"Dissolved Nitrate + Nitrite","0.171","0.05","mg/L as N",NA,"N","N","Winter Island","38.035011",-121.842987,"12:58","Bryte",NA
"3968","7003","EF1022B0264",2022-10-18,"Dissolved Organic Carbon","2","0.5","mg/L as C",NA,"N","N","Winter Island","38.035011",-121.842987,"12:58","Bryte",NA
"3969","7003","EF1022B0264",2022-10-18,"Total Organic Carbon","1.9","0.5","mg/L as C",NA,"N","N","Winter Island","38.035011",-121.842987,"12:58","Bryte",NA
"3970","7003","EF1022B0264",2022-10-18,"Dissolved Organic Nitrogen","0.12","0.1","mg/L as N",NA,"N","N","Winter Island","38.035011",-121.842987,"12:58","Bryte",NA
"3971","7003","EF1022B0264",2022-10-18,"Dissolved ortho-Phosphate","0.072","0.05","mg/L as P",NA,"N","N","Winter Island","38.035011",-121.842987,"12:58","Bryte",NA
"3972","7003","EF1022B0264",2022-10-18,"Pheophytin a","0.71","0.5","ug/L",NA,"N","N","Winter Island","38.035011",-121.842987,"12:58","Bryte",NA
"3973","7003","EF1022B0264",2022-10-18,"Total Phosphorus","0.075","0.01","mg/L as P",NA,"N","N","Winter Island","38.035011",-121.842987,"12:58","Bryte",NA
"3974","7003","EF1022B0264",2022-10-18,"Total Suspended Solids","10.3","2.5","mg/L",NA,"N","N","Winter Island","38.035011",-121.842987,"12:58","Bryte",NA
"3975","7003","EF1022B0264",2022-10-18,"Total Kjeldahl Nitrogen","0.168","0.1","mg/L as N",NA,"N","N","Winter Island","38.035011",-121.842987,"12:58","Bryte",NA
"3976","7004","EF1022B0265",2022-10-18,"Dissolved Ammonia","0.061","0.05","mg/L as N",NA,"N","N","Winter Island","38.051937",-121.85262,"13:20","Bryte",NA
"3977","7004","EF1022B0265",2022-10-18,"Chlorophyll a","1.18","0.5","ug/L",NA,"N","N","Winter Island","38.051937",-121.85262,"13:20","Bryte",NA
"3978","7004","EF1022B0265",2022-10-18,"Dissolved Nitrate + Nitrite","0.156","0.05","mg/L as N",NA,"N","N","Winter Island","38.051937",-121.85262,"13:20","Bryte",NA
"3979","7004","EF1022B0265",2022-10-18,"Dissolved Organic Carbon","2.2","0.5","mg/L as C",NA,"N","N","Winter Island","38.051937",-121.85262,"13:20","Bryte",NA
"3980","7004","EF1022B0265",2022-10-18,"Total Organic Carbon","2","0.5","mg/L as C",NA,"N","N","Winter Island","38.051937",-121.85262,"13:20","Bryte",NA
"3981","7004","EF1022B0265",2022-10-18,"Dissolved Organic Nitrogen","0.1","0.1","mg/L as N",NA,"N","N","Winter Island","38.051937",-121.85262,"13:20","Bryte",NA
"3982","7004","EF1022B0265",2022-10-18,"Dissolved ortho-Phosphate","0.069","0.05","mg/L as P",NA,"N","N","Winter Island","38.051937",-121.85262,"13:20","Bryte",NA
"3983","7004","EF1022B0265",2022-10-18,"Pheophytin a","0.5","0.5","ug/L",NA,"N","N","Winter Island","38.051937",-121.85262,"13:20","Bryte",NA
"3984","7004","EF1022B0265",2022-10-18,"Total Phosphorus","0.083","0.01","mg/L as P",NA,"N","N","Winter Island","38.051937",-121.85262,"13:20","Bryte",NA
"3985","7004","EF1022B0265",2022-10-18,"Total Suspended Solids","8.8","2.5","mg/L",NA,"N","N","Winter Island","38.051937",-121.85262,"13:20","Bryte",NA
"3986","7004","EF1022B0265",2022-10-18,"Total Kjeldahl Nitrogen","0.198","0.1","mg/L as N",NA,"N","N","Winter Island","38.051937",-121.85262,"13:20","Bryte",NA
"3987","7006","EF1022B0262",2022-10-18,"Dissolved Ammonia","<0.05","0.05","mg/L as N",NA,"N","N","Webb Tract Islands and Berms","38.096153",-121.58968,"15:08","Bryte",NA
"3988","7006","EF1022B0262",2022-10-18,"Chlorophyll a","5.97","0.5","ug/L",NA,"N","N","Webb Tract Islands and Berms","38.096153",-121.58968,"15:08","Bryte",NA
"3989","7006","EF1022B0262",2022-10-18,"Dissolved Nitrate + Nitrite","<0.05","0.05","mg/L as N",NA,"N","N","Webb Tract Islands and Berms","38.096153",-121.58968,"15:08","Bryte",NA
"3990","7006","EF1022B0262",2022-10-18,"Dissolved Organic Carbon","2.4","0.5","mg/L as C",NA,"N","N","Webb Tract Islands and Berms","38.096153",-121.58968,"15:08","Bryte",NA
"3991","7006","EF1022B0262",2022-10-18,"Total Organic Carbon","2.5","0.5","mg/L as C",NA,"N","N","Webb Tract Islands and Berms","38.096153",-121.58968,"15:08","Bryte",NA
"3992","7006","EF1022B0262",2022-10-18,"Dissolved Organic Nitrogen","0.12","0.1","mg/L as N",NA,"N","N","Webb Tract Islands and Berms","38.096153",-121.58968,"15:08","Bryte",NA
"3993","7006","EF1022B0262",2022-10-18,"Dissolved ortho-Phosphate","<0.05","0.05","mg/L as P",NA,"N","N","Webb Tract Islands and Berms","38.096153",-121.58968,"15:08","Bryte",NA
"3994","7006","EF1022B0262",2022-10-18,"Pheophytin a","1.86","0.5","ug/L",NA,"N","N","Webb Tract Islands and Berms","38.096153",-121.58968,"15:08","Bryte",NA
"3995","7006","EF1022B0262",2022-10-18,"Total Phosphorus","0.048","0.01","mg/L as P",NA,"N","N","Webb Tract Islands and Berms","38.096153",-121.58968,"15:08","Bryte",NA
"3996","7006","EF1022B0262",2022-10-18,"Total Suspended Solids","9.3","2.5","mg/L",NA,"N","N","Webb Tract Islands and Berms","38.096153",-121.58968,"15:08","Bryte",NA
"3997","7006","EF1022B0262",2022-10-18,"Total Kjeldahl Nitrogen","0.172","0.1","mg/L as N",NA,"N","N","Webb Tract Islands and Berms","38.096153",-121.58968,"15:08","Bryte",NA
"3998","7007","EF1022B0263",2022-10-18,"Dissolved Ammonia","<0.05","0.05","mg/L as N",NA,"N","N","Webb Tract Islands and Berms","38.094565",-121.590152,"15:25","Bryte",NA
"3999","7007","EF1022B0263",2022-10-18,"Chlorophyll a","5.72","0.5","ug/L",NA,"N","N","Webb Tract Islands and Berms","38.094565",-121.590152,"15:25","Bryte",NA
"4000","7007","EF1022B0263",2022-10-18,"Dissolved Nitrate + Nitrite","<0.05","0.05","mg/L as N",NA,"N","N","Webb Tract Islands and Berms","38.094565",-121.590152,"15:25","Bryte",NA
"4001","7007","EF1022B0263",2022-10-18,"Dissolved Organic Carbon","2.5","0.5","mg/L as C",NA,"N","N","Webb Tract Islands and Berms","38.094565",-121.590152,"15:25","Bryte",NA
"4002","7007","EF1022B0263",2022-10-18,"Total Organic Carbon","2.8","0.5","mg/L as C",NA,"N","N","Webb Tract Islands and Berms","38.094565",-121.590152,"15:25","Bryte",NA
"4003","7007","EF1022B0263",2022-10-18,"Dissolved Organic Nitrogen","0.1","0.1","mg/L as N",NA,"N","N","Webb Tract Islands and Berms","38.094565",-121.590152,"15:25","Bryte",NA
"4004","7007","EF1022B0263",2022-10-18,"Dissolved ortho-Phosphate","<0.05","0.05","mg/L as P",NA,"N","N","Webb Tract Islands and Berms","38.094565",-121.590152,"15:25","Bryte",NA
"4005","7007","EF1022B0263",2022-10-18,"Pheophytin a","2.14","0.5","ug/L",NA,"N","N","Webb Tract Islands and Berms","38.094565",-121.590152,"15:25","Bryte",NA
"4006","7007","EF1022B0263",2022-10-18,"Total Phosphorus","0.05","0.01","mg/L as P",NA,"N","N","Webb Tract Islands and Berms","38.094565",-121.590152,"15:25","Bryte",NA
"4007","7007","EF1022B0263",2022-10-18,"Total Kjeldahl Nitrogen","0.194","0.1","mg/L as N",NA,"N","N","Webb Tract Islands and Berms","38.094565",-121.590152,"15:25","Bryte",NA
"4008","7521","EF0423B0051",2023-04-10,"Dissolved Ammonia","<0.05","0.05","mg/L as N",NA,"N","N","Ryer Island","38.080674",-122.010465,"09:06","Bryte",NA
"4009","7521","EF0423B0051",2023-04-10,"Chlorophyll a","3.91","0.5","ug/L",NA,"N","N","Ryer Island","38.080674",-122.010465,"09:06","Bryte",NA
"4010","7521","EF0423B0051",2023-04-10,"Dissolved Nitrate + Nitrite","0.187","0.05","mg/L as N",NA,"N","N","Ryer Island","38.080674",-122.010465,"09:06","Bryte",NA
"4011","7521","EF0423B0051",2023-04-10,"Dissolved Organic Nitrogen","0.18","0.1","mg/L as N",NA,"N","N","Ryer Island","38.080674",-122.010465,"09:06","Bryte",NA
"4012","7521","EF0423B0051",2023-04-10,"Dissolved ortho-Phosphate","0.113","0.05","mg/L as P",NA,"N","N","Ryer Island","38.080674",-122.010465,"09:06","Bryte",NA
"4013","7521","EF0423B0051",2023-04-10,"Pheophytin a","1.63","0.5","ug/L",NA,"N","N","Ryer Island","38.080674",-122.010465,"09:06","Bryte",NA
"4014","7521","EF0423B0051",2023-04-10,"Total Phosphorus","0.147","0.01","mg/L as P",NA,"N","N","Ryer Island","38.080674",-122.010465,"09:06","Bryte",NA
"4015","7521","EF0423B0051",2023-04-10,"Total Suspended Solids","11","2.5","mg/L",NA,"N","N","Ryer Island","38.080674",-122.010465,"09:06","Bryte",NA
"4016","7521","EF0423B0051",2023-04-10,"Total Kjeldahl Nitrogen","0.317","0.1","mg/L as N",NA,"N","N","Ryer Island","38.080674",-122.010465,"09:06","Bryte",NA
"4017","7522","EF0423B0052",2023-04-10,"Dissolved Ammonia","<0.05","0.05","mg/L as N",NA,"N","N","Ryer Island","38.082679",-122.005139,"09:40","Bryte",NA
"4018","7522","EF0423B0052",2023-04-10,"Chlorophyll a","1.18","0.5","ug/L",NA,"N","N","Ryer Island","38.082679",-122.005139,"09:40","Bryte",NA
"4019","7522","EF0423B0052",2023-04-10,"Dissolved Nitrate + Nitrite","0.135","0.05","mg/L as N",NA,"N","N","Ryer Island","38.082679",-122.005139,"09:40","Bryte",NA
"4020","7522","EF0423B0052",2023-04-10,"Dissolved Organic Carbon","4.7","0.5","mg/L as C",NA,"N","N","Ryer Island","38.082679",-122.005139,"09:40","Bryte",NA
"4021","7522","EF0423B0052",2023-04-10,"Total Organic Carbon","5","0.5","mg/L as C",NA,"N","N","Ryer Island","38.082679",-122.005139,"09:40","Bryte",NA
"4022","7522","EF0423B0052",2023-04-10,"Dissolved Organic Nitrogen","0.22","0.1","mg/L as N",NA,"N","N","Ryer Island","38.082679",-122.005139,"09:40","Bryte",NA
"4023","7522","EF0423B0052",2023-04-10,"Dissolved ortho-Phosphate","0.168","0.05","mg/L as P",NA,"N","N","Ryer Island","38.082679",-122.005139,"09:40","Bryte",NA
"4024","7522","EF0423B0052",2023-04-10,"Pheophytin a","<0.5","0.5","ug/L",NA,"N","N","Ryer Island","38.082679",-122.005139,"09:40","Bryte",NA
"4025","7522","EF0423B0052",2023-04-10,"Total Phosphorus","0.212","0.01","mg/L as P",NA,"N","N","Ryer Island","38.082679",-122.005139,"09:40","Bryte",NA
"4026","7522","EF0423B0052",2023-04-10,"Total Suspended Solids","9.7","2.5","mg/L",NA,"N","N","Ryer Island","38.082679",-122.005139,"09:40","Bryte",NA
"4027","7522","EF0423B0052",2023-04-10,"Total Kjeldahl Nitrogen","0.406","0.1","mg/L as N",NA,"N","N","Ryer Island","38.082679",-122.005139,"09:40","Bryte",NA
"4028","7524","EF0423B0048",2023-04-10,"Dissolved Ammonia","<0.05","0.05","mg/L as N",NA,"N","N","Tule Red","38.120844",-121.98185,"10:47","Bryte",NA
"4029","7524","EF0423B0048",2023-04-10,"Chlorophyll a","19.5","0.5","ug/L",NA,"N","N","Tule Red","38.120844",-121.98185,"10:47","Bryte",NA
"4030","7524","EF0423B0048",2023-04-10,"Dissolved Nitrate + Nitrite","0.07","0.05","mg/L as N",NA,"N","N","Tule Red","38.120844",-121.98185,"10:47","Bryte",NA
"4031","7524","EF0423B0048",2023-04-10,"Dissolved Organic Carbon","10.7","0.5","mg/L as C",NA,"N","N","Tule Red","38.120844",-121.98185,"10:47","Bryte",NA
"4032","7524","EF0423B0048",2023-04-10,"Total Organic Carbon","10.9","0.5","mg/L as C",NA,"N","N","Tule Red","38.120844",-121.98185,"10:47","Bryte",NA
"4033","7524","EF0423B0048",2023-04-10,"Dissolved Organic Nitrogen","0.72","0.1","mg/L as N",NA,"N","N","Tule Red","38.120844",-121.98185,"10:47","Bryte",NA
"4034","7524","EF0423B0048",2023-04-10,"Dissolved ortho-Phosphate","0.06","0.05","mg/L as P",NA,"N","N","Tule Red","38.120844",-121.98185,"10:47","Bryte",NA
"4035","7524","EF0423B0048",2023-04-10,"Pheophytin a","5.39","0.5","ug/L",NA,"N","N","Tule Red","38.120844",-121.98185,"10:47","Bryte",NA
"4036","7524","EF0423B0048",2023-04-10,"Total Phosphorus","0.205","0.01","mg/L as P",NA,"N","N","Tule Red","38.120844",-121.98185,"10:47","Bryte",NA
"4037","7524","EF0423B0048",2023-04-10,"Total Suspended Solids","31.4","2.5","mg/L",NA,"N","N","Tule Red","38.120844",-121.98185,"10:47","Bryte",NA
"4038","7524","EF0423B0048",2023-04-10,"Total Kjeldahl Nitrogen","1.04","0.1","mg/L as N",NA,"N","N","Tule Red","38.120844",-121.98185,"10:47","Bryte",NA
"4039","7601","EF0423B0050",2023-04-10,"Dissolved Ammonia","<0.05","0.05","mg/L as N",NA,"N","N","Tule Red","38.120844",-121.98185,"11:12","Bryte",NA
"4040","7601","EF0423B0050",2023-04-10,"Chlorophyll a","29.2","0.5","ug/L",NA,"N","N","Tule Red","38.120844",-121.98185,"11:12","Bryte",NA
"4041","7601","EF0423B0050",2023-04-10,"Dissolved Nitrate + Nitrite","0.067","0.05","mg/L as N",NA,"N","N","Tule Red","38.120844",-121.98185,"11:12","Bryte",NA
"4042","7601","EF0423B0050",2023-04-10,"Dissolved Organic Carbon","11.5","0.5","mg/L as C",NA,"N","N","Tule Red","38.120844",-121.98185,"11:12","Bryte",NA
"4043","7601","EF0423B0050",2023-04-10,"Total Organic Carbon","11.2","0.5","mg/L as C",NA,"N","N","Tule Red","38.120844",-121.98185,"11:12","Bryte",NA
"4044","7601","EF0423B0050",2023-04-10,"Dissolved Organic Nitrogen","0.75","0.1","mg/L as N",NA,"N","N","Tule Red","38.120844",-121.98185,"11:12","Bryte",NA
"4045","7601","EF0423B0050",2023-04-10,"Dissolved ortho-Phosphate","0.067","0.05","mg/L as P",NA,"N","N","Tule Red","38.120844",-121.98185,"11:12","Bryte",NA
"4046","7601","EF0423B0050",2023-04-10,"Pheophytin a","7.56","0.5","ug/L",NA,"N","N","Tule Red","38.120844",-121.98185,"11:12","Bryte",NA
"4047","7601","EF0423B0050",2023-04-10,"Total Phosphorus","0.228","0.01","mg/L as P",NA,"N","N","Tule Red","38.120844",-121.98185,"11:12","Bryte",NA
"4048","7601","EF0423B0050",2023-04-10,"Total Suspended Solids","38.7","2.5","mg/L",NA,"N","N","Tule Red","38.120844",-121.98185,"11:12","Bryte",NA
"4049","7601","EF0423B0050",2023-04-10,"Total Kjeldahl Nitrogen","1.28","0.1","mg/L as N",NA,"N","N","Tule Red","38.120844",-121.98185,"11:12","Bryte",NA
"4050","7603","EF0423B0053",2023-04-10,"Dissolved Ammonia","<0.05","0.05","mg/L as N",NA,"N","N","Grizzly Bay","38.12895",-121.999744,"11:45","Bryte",NA
"4051","7603","EF0423B0053",2023-04-10,"Chlorophyll a","22.4","0.5","ug/L",NA,"N","N","Grizzly Bay","38.12895",-121.999744,"11:45","Bryte",NA
"4052","7603","EF0423B0053",2023-04-10,"Dissolved Nitrate + Nitrite","0.164","0.05","mg/L as N",NA,"N","N","Grizzly Bay","38.12895",-121.999744,"11:45","Bryte",NA
"4053","7603","EF0423B0053",2023-04-10,"Dissolved Organic Carbon","3.9","0.5","mg/L as C",NA,"N","N","Grizzly Bay","38.12895",-121.999744,"11:45","Bryte",NA
"4054","7603","EF0423B0053",2023-04-10,"Total Organic Carbon","4","0.5","mg/L as C",NA,"N","N","Grizzly Bay","38.12895",-121.999744,"11:45","Bryte",NA
"4055","7603","EF0423B0053",2023-04-10,"Dissolved Organic Nitrogen","0.14","0.1","mg/L as N",NA,"N","N","Grizzly Bay","38.12895",-121.999744,"11:45","Bryte",NA
"4056","7603","EF0423B0053",2023-04-10,"Dissolved ortho-Phosphate","0.078","0.05","mg/L as P",NA,"N","N","Grizzly Bay","38.12895",-121.999744,"11:45","Bryte",NA
"4057","7603","EF0423B0053",2023-04-10,"Pheophytin a","3.65","0.5","ug/L",NA,"N","N","Grizzly Bay","38.12895",-121.999744,"11:45","Bryte",NA
"4058","7603","EF0423B0053",2023-04-10,"Total Phosphorus","0.151","0.01","mg/L as P",NA,"N","N","Grizzly Bay","38.12895",-121.999744,"11:45","Bryte",NA
"4059","7603","EF0423B0053",2023-04-10,"Total Suspended Solids","42.2","2.5","mg/L",NA,"N","N","Grizzly Bay","38.12895",-121.999744,"11:45","Bryte",NA
"4060","7603","EF0423B0053",2023-04-10,"Total Kjeldahl Nitrogen","0.47","0.1","mg/L as N",NA,"N","N","Grizzly Bay","38.12895",-121.999744,"11:45","Bryte",NA
"4061","7604","EF0423B0054",2023-04-10,"Dissolved Ammonia","<0.05","0.05","mg/L as N",NA,"N","N","Grizzly Bay","38.131673",-122.003953,"12:05","Bryte",NA
"4062","7604","EF0423B0054",2023-04-10,"Chlorophyll a","20.4","0.5","ug/L",NA,"N","N","Grizzly Bay","38.131673",-122.003953,"12:05","Bryte",NA
"4063","7604","EF0423B0054",2023-04-10,"Dissolved Nitrate + Nitrite","0.217","0.05","mg/L as N",NA,"N","N","Grizzly Bay","38.131673",-122.003953,"12:05","Bryte",NA
"4064","7604","EF0423B0054",2023-04-10,"Dissolved Organic Carbon","4.3","0.5","mg/L as C",NA,"N","N","Grizzly Bay","38.131673",-122.003953,"12:05","Bryte",NA
"4065","7604","EF0423B0054",2023-04-10,"Total Organic Carbon","4.2","0.5","mg/L as C",NA,"N","N","Grizzly Bay","38.131673",-122.003953,"12:05","Bryte",NA
"4066","7604","EF0423B0054",2023-04-10,"Dissolved Organic Nitrogen","0.21","0.1","mg/L as N",NA,"N","N","Grizzly Bay","38.131673",-122.003953,"12:05","Bryte",NA
"4067","7604","EF0423B0054",2023-04-10,"Dissolved ortho-Phosphate","0.081","0.05","mg/L as P",NA,"N","N","Grizzly Bay","38.131673",-122.003953,"12:05","Bryte",NA
"4068","7604","EF0423B0054",2023-04-10,"Pheophytin a","4.57","0.5","ug/L",NA,"N","N","Grizzly Bay","38.131673",-122.003953,"12:05","Bryte",NA
"4069","7604","EF0423B0054",2023-04-10,"Total Phosphorus","0.169","0.01","mg/L as P",NA,"N","N","Grizzly Bay","38.131673",-122.003953,"12:05","Bryte",NA
"4070","7604","EF0423B0054",2023-04-10,"Total Suspended Solids","49.1","2.5","mg/L",NA,"N","N","Grizzly Bay","38.131673",-122.003953,"12:05","Bryte",NA
"4071","7604","EF0423B0054",2023-04-10,"Total Kjeldahl Nitrogen","0.571","0.1","mg/L as N",NA,"N","N","Grizzly Bay","38.131673",-122.003953,"12:05","Bryte",NA
"4072","7606","EF0423B0077",2023-04-19,"Dissolved Ammonia","<0.05","0.05","mg/L as N",NA,"N","N","Yolo Flyway Farms","38.364688",-121.642942,"11:50","Bryte",NA
"4073","7606","EF0423B0077",2023-04-19,"Chlorophyll a","13.3","0.5","ug/L",NA,"N","N","Yolo Flyway Farms","38.364688",-121.642942,"11:50","Bryte",NA
"4074","7606","EF0423B0077",2023-04-19,"Dissolved Nitrate + Nitrite","<0.05","0.05","mg/L as N",NA,"N","N","Yolo Flyway Farms","38.364688",-121.642942,"11:50","Bryte",NA
"4075","7606","EF0423B0077",2023-04-19,"Dissolved Organic Carbon","8.7","0.5","mg/L as C",NA,"N","N","Yolo Flyway Farms","38.364688",-121.642942,"11:50","Bryte",NA
"4076","7606","EF0423B0077",2023-04-19,"Total Organic Carbon","8.6","0.5","mg/L as C",NA,"N","N","Yolo Flyway Farms","38.364688",-121.642942,"11:50","Bryte",NA
"4077","7606","EF0423B0077",2023-04-19,"Dissolved Organic Nitrogen","0.47","0.1","mg/L as N",NA,"N","N","Yolo Flyway Farms","38.364688",-121.642942,"11:50","Bryte",NA
"4078","7606","EF0423B0077",2023-04-19,"Dissolved ortho-Phosphate","0.091","0.05","mg/L as P",NA,"N","N","Yolo Flyway Farms","38.364688",-121.642942,"11:50","Bryte",NA
"4079","7606","EF0423B0077",2023-04-19,"Pheophytin a","3.07","0.5","ug/L",NA,"N","N","Yolo Flyway Farms","38.364688",-121.642942,"11:50","Bryte",NA
"4080","7606","EF0423B0077",2023-04-19,"Total Phosphorus","0.19","0.01","mg/L as P",NA,"N","N","Yolo Flyway Farms","38.364688",-121.642942,"11:50","Bryte",NA
"4081","7606","EF0423B0077",2023-04-19,"Total Suspended Solids","14.9","2.5","mg/L",NA,"N","N","Yolo Flyway Farms","38.364688",-121.642942,"11:50","Bryte",NA
"4082","7606","EF0423B0077",2023-04-19,"Total Kjeldahl Nitrogen","0.738","0.1","mg/L as N",NA,"N","N","Yolo Flyway Farms","38.364688",-121.642942,"11:50","Bryte",NA
"4083","7607","EF0423B0078",2023-04-19,"Dissolved Ammonia","<0.05","0.05","mg/L as N",NA,"N","N","Yolo Flyway Farms","38.360891",-121.644049,"12:10","Bryte",NA
"4084","7607","EF0423B0078",2023-04-19,"Chlorophyll a","5.83","0.5","ug/L",NA,"N","N","Yolo Flyway Farms","38.360891",-121.644049,"12:10","Bryte",NA
"4085","7607","EF0423B0078",2023-04-19,"Dissolved Nitrate + Nitrite","<0.05","0.05","mg/L as N",NA,"N","N","Yolo Flyway Farms","38.360891",-121.644049,"12:10","Bryte",NA
"4086","7607","EF0423B0078",2023-04-19,"Dissolved Organic Carbon","9.2","0.5","mg/L as C",NA,"N","N","Yolo Flyway Farms","38.360891",-121.644049,"12:10","Bryte",NA
"4087","7607","EF0423B0078",2023-04-19,"Total Organic Carbon","9.7","0.5","mg/L as C",NA,"N","N","Yolo Flyway Farms","38.360891",-121.644049,"12:10","Bryte",NA
"4088","7607","EF0423B0078",2023-04-19,"Dissolved Organic Nitrogen","0.52","0.1","mg/L as N",NA,"N","N","Yolo Flyway Farms","38.360891",-121.644049,"12:10","Bryte",NA
"4089","7607","EF0423B0078",2023-04-19,"Dissolved ortho-Phosphate","0.085","0.05","mg/L as P",NA,"N","N","Yolo Flyway Farms","38.360891",-121.644049,"12:10","Bryte",NA
"4090","7607","EF0423B0078",2023-04-19,"Pheophytin a","1.94","0.5","ug/L",NA,"N","N","Yolo Flyway Farms","38.360891",-121.644049,"12:10","Bryte",NA
"4091","7607","EF0423B0078",2023-04-19,"Total Phosphorus","0.156","0.01","mg/L as P",NA,"N","N","Yolo Flyway Farms","38.360891",-121.644049,"12:10","Bryte",NA
"4092","7607","EF0423B0078",2023-04-19,"Total Suspended Solids","12.5","2.5","mg/L",NA,"N","N","Yolo Flyway Farms","38.360891",-121.644049,"12:10","Bryte",NA
"4093","7607","EF0423B0078",2023-04-19,"Total Kjeldahl Nitrogen","0.67","0.1","mg/L as N",NA,"N","N","Yolo Flyway Farms","38.360891",-121.644049,"12:10","Bryte",NA
"4094","7621","EF0423B0079",2023-04-19,"Dissolved Ammonia","<0.05","0.05","mg/L as N",NA,"N","N","Toe Drain",NA,NA,"21:30","Bryte","no GPS available; TOED"
"4095","7621","EF0423B0079",2023-04-19,"Chlorophyll a","16.2","0.5","ug/L",NA,"N","N","Toe Drain",NA,NA,"21:30","Bryte","no GPS available; TOED"
"4096","7621","EF0423B0079",2023-04-19,"Dissolved Nitrate + Nitrite","<0.05","0.05","mg/L as N",NA,"N","N","Toe Drain",NA,NA,"21:30","Bryte","no GPS available; TOED"
"4097","7621","EF0423B0079",2023-04-19,"Dissolved Organic Carbon","8.2","0.5","mg/L as C",NA,"N","N","Toe Drain",NA,NA,"21:30","Bryte","no GPS available; TOED"
"4098","7621","EF0423B0079",2023-04-19,"Total Organic Carbon","6.8","0.5","mg/L as C",NA,"N","N","Toe Drain",NA,NA,"21:30","Bryte","no GPS available; TOED"
"4099","7621","EF0423B0079",2023-04-19,"Dissolved Organic Nitrogen","0.42","0.1","mg/L as N",NA,"N","N","Toe Drain",NA,NA,"21:30","Bryte","no GPS available; TOED"
"4100","7621","EF0423B0079",2023-04-19,"Dissolved ortho-Phosphate","0.066","0.05","mg/L as P",NA,"N","N","Toe Drain",NA,NA,"21:30","Bryte","no GPS available; TOED"
"4101","7621","EF0423B0079",2023-04-19,"Pheophytin a","4.26","0.5","ug/L",NA,"N","N","Toe Drain",NA,NA,"21:30","Bryte","no GPS available; TOED"
"4102","7621","EF0423B0079",2023-04-19,"Total Phosphorus","0.155","0.01","mg/L as P",NA,"N","N","Toe Drain",NA,NA,"21:30","Bryte","no GPS available; TOED"
"4103","7621","EF0423B0079",2023-04-19,"Total Suspended Solids","30.7","2.5","mg/L",NA,"N","N","Toe Drain",NA,NA,"21:30","Bryte","no GPS available; TOED"
"4104","7621","EF0423B0079",2023-04-19,"Total Kjeldahl Nitrogen","0.709","0.1","mg/L as N",NA,"N","N","Toe Drain",NA,NA,"21:30","Bryte","no GPS available; TOED"
"4105","7622","EF0423B0080",2023-04-19,"Dissolved Ammonia","<0.05","0.05","mg/L as N",NA,"N","N","Toe Drain","38.358873",-121.6406,"14:08","Bryte",NA
"4106","7622","EF0423B0080",2023-04-19,"Chlorophyll a","15.8","0.5","ug/L",NA,"N","N","Toe Drain","38.358873",-121.6406,"14:08","Bryte",NA
"4107","7622","EF0423B0080",2023-04-19,"Dissolved Nitrate + Nitrite","<0.05","0.05","mg/L as N",NA,"N","N","Toe Drain","38.358873",-121.6406,"14:08","Bryte",NA
"4108","7622","EF0423B0080",2023-04-19,"Dissolved Organic Carbon","7.9","0.5","mg/L as C",NA,"N","N","Toe Drain","38.358873",-121.6406,"14:08","Bryte",NA
"4109","7622","EF0423B0080",2023-04-19,"Total Organic Carbon","7.3","0.5","mg/L as C",NA,"N","N","Toe Drain","38.358873",-121.6406,"14:08","Bryte",NA
"4110","7622","EF0423B0080",2023-04-19,"Dissolved Organic Nitrogen","0.42","0.1","mg/L as N",NA,"N","N","Toe Drain","38.358873",-121.6406,"14:08","Bryte",NA
"4111","7622","EF0423B0080",2023-04-19,"Dissolved ortho-Phosphate","0.066","0.05","mg/L as P",NA,"N","N","Toe Drain","38.358873",-121.6406,"14:08","Bryte",NA
"4112","7622","EF0423B0080",2023-04-19,"Pheophytin a","4.28","0.5","ug/L",NA,"N","N","Toe Drain","38.358873",-121.6406,"14:08","Bryte",NA
"4113","7622","EF0423B0080",2023-04-19,"Total Phosphorus","0.164","0.01","mg/L as P",NA,"N","N","Toe Drain","38.358873",-121.6406,"14:08","Bryte",NA
"4114","7622","EF0423B0080",2023-04-19,"Total Suspended Solids","35","2.5","mg/L",NA,"N","N","Toe Drain","38.358873",-121.6406,"14:08","Bryte",NA
"4115","7622","EF0423B0080",2023-04-19,"Total Kjeldahl Nitrogen","0.731","0.1","mg/L as N",NA,"N","N","Toe Drain","38.358873",-121.6406,"14:08","Bryte",NA
"4116","7641","EF0423B0085",2023-04-20,"Dissolved Ammonia","<0.05","0.05","mg/L as N",NA,"N","N","Liberty Island","38.245279",-121.683514,"09:21","Bryte",NA
"4117","7641","EF0423B0085",2023-04-20,"Chlorophyll a","12.9","0.5","ug/L",NA,"N","N","Liberty Island","38.245279",-121.683514,"09:21","Bryte",NA
"4118","7641","EF0423B0085",2023-04-20,"Dissolved Nitrate + Nitrite","0.096","0.05","mg/L as N",NA,"N","N","Liberty Island","38.245279",-121.683514,"09:21","Bryte",NA
"4119","7641","EF0423B0085",2023-04-20,"Dissolved Organic Carbon","4.6","0.5","mg/L as C",NA,"N","N","Liberty Island","38.245279",-121.683514,"09:21","Bryte",NA
"4120","7641","EF0423B0085",2023-04-20,"Total Organic Carbon","4.6","0.5","mg/L as C",NA,"N","N","Liberty Island","38.245279",-121.683514,"09:21","Bryte",NA
"4121","7641","EF0423B0085",2023-04-20,"Dissolved Organic Nitrogen","0.227","0.1","mg/L as N",NA,"N","N","Liberty Island","38.245279",-121.683514,"09:21","Bryte",NA
"4122","7641","EF0423B0085",2023-04-20,"Dissolved ortho-Phosphate","<0.05","0.05","mg/L as P",NA,"N","N","Liberty Island","38.245279",-121.683514,"09:21","Bryte",NA
"4123","7641","EF0423B0085",2023-04-20,"Pheophytin a","3.18","0.5","ug/L",NA,"N","N","Liberty Island","38.245279",-121.683514,"09:21","Bryte",NA
"4124","7641","EF0423B0085",2023-04-20,"Total Phosphorus","0.08","0.01","mg/L as P",NA,"N","N","Liberty Island","38.245279",-121.683514,"09:21","Bryte",NA
"4125","7641","EF0423B0085",2023-04-20,"Total Suspended Solids","18.2","2.5","mg/L",NA,"N","N","Liberty Island","38.245279",-121.683514,"09:21","Bryte",NA
"4126","7641","EF0423B0085",2023-04-20,"Total Kjeldahl Nitrogen","0.395","0.1","mg/L as N",NA,"N","N","Liberty Island","38.245279",-121.683514,"09:21","Bryte",NA
"4127","7643","EF0423B0086",2023-04-20,"Dissolved Ammonia","<0.05","0.05","mg/L as N",NA,"N","N","Liberty Island","38.279146",-121.69254,"10:05","Bryte",NA
"4128","7643","EF0423B0086",2023-04-20,"Chlorophyll a","13.5","0.5","ug/L",NA,"N","N","Liberty Island","38.279146",-121.69254,"10:05","Bryte",NA
"4129","7643","EF0423B0086",2023-04-20,"Dissolved Nitrate + Nitrite","<0.05","0.05","mg/L as N",NA,"N","N","Liberty Island","38.279146",-121.69254,"10:05","Bryte",NA
"4130","7643","EF0423B0086",2023-04-20,"Dissolved Organic Carbon","6.3","0.5","mg/L as C",NA,"N","N","Liberty Island","38.279146",-121.69254,"10:05","Bryte",NA
"4131","7643","EF0423B0086",2023-04-20,"Total Organic Carbon","6.7","0.5","mg/L as C",NA,"N","N","Liberty Island","38.279146",-121.69254,"10:05","Bryte",NA
"4132","7643","EF0423B0086",2023-04-20,"Dissolved Organic Nitrogen","0.28","0.1","mg/L as N",NA,"N","N","Liberty Island","38.279146",-121.69254,"10:05","Bryte",NA
"4133","7643","EF0423B0086",2023-04-20,"Dissolved ortho-Phosphate","0.051","0.05","mg/L as P",NA,"N","N","Liberty Island","38.279146",-121.69254,"10:05","Bryte",NA
"4134","7643","EF0423B0086",2023-04-20,"Pheophytin a","3.27","0.5","ug/L",NA,"N","N","Liberty Island","38.279146",-121.69254,"10:05","Bryte",NA
"4135","7643","EF0423B0086",2023-04-20,"Total Phosphorus","0.102","0.01","mg/L as P",NA,"N","N","Liberty Island","38.279146",-121.69254,"10:05","Bryte",NA
"4136","7643","EF0423B0086",2023-04-20,"Total Suspended Solids","10.3","2.5","mg/L",NA,"N","N","Liberty Island","38.279146",-121.69254,"10:05","Bryte",NA
"4137","7643","EF0423B0086",2023-04-20,"Total Kjeldahl Nitrogen","0.554","0.1","mg/L as N",NA,"N","N","Liberty Island","38.279146",-121.69254,"10:05","Bryte",NA
"4138","7646","EF0423B0083",2023-04-20,"Dissolved Ammonia","<0.05","0.05","mg/L as N",NA,"N","N","Stairsteps-Liberty Cut","38.329136",-121.676085,"10:45","Bryte",NA
"4139","7646","EF0423B0083",2023-04-20,"Chlorophyll a","14.2","0.5","ug/L",NA,"N","N","Stairsteps-Liberty Cut","38.329136",-121.676085,"10:45","Bryte",NA
"4140","7646","EF0423B0083",2023-04-20,"Dissolved Nitrate + Nitrite","<0.05","0.05","mg/L as N",NA,"N","N","Stairsteps-Liberty Cut","38.329136",-121.676085,"10:45","Bryte",NA
"4141","7646","EF0423B0083",2023-04-20,"Dissolved Organic Carbon","8.7","0.5","mg/L as C",NA,"N","N","Stairsteps-Liberty Cut","38.329136",-121.676085,"10:45","Bryte",NA
"4142","7646","EF0423B0083",2023-04-20,"Total Organic Carbon","8.5","0.5","mg/L as C",NA,"N","N","Stairsteps-Liberty Cut","38.329136",-121.676085,"10:45","Bryte",NA
"4143","7646","EF0423B0083",2023-04-20,"Dissolved Organic Nitrogen","0.431","0.1","mg/L as N",NA,"N","N","Stairsteps-Liberty Cut","38.329136",-121.676085,"10:45","Bryte",NA
"4144","7646","EF0423B0083",2023-04-20,"Dissolved ortho-Phosphate","0.076","0.05","mg/L as P",NA,"N","N","Stairsteps-Liberty Cut","38.329136",-121.676085,"10:45","Bryte",NA
"4145","7646","EF0423B0083",2023-04-20,"Pheophytin a","4.58","0.5","ug/L",NA,"N","N","Stairsteps-Liberty Cut","38.329136",-121.676085,"10:45","Bryte",NA
"4146","7646","EF0423B0083",2023-04-20,"Total Phosphorus","0.132","0.01","mg/L as P",NA,"N","N","Stairsteps-Liberty Cut","38.329136",-121.676085,"10:45","Bryte",NA
"4147","7646","EF0423B0083",2023-04-20,"Total Suspended Solids","11.6","2.5","mg/L",NA,"N","N","Stairsteps-Liberty Cut","38.329136",-121.676085,"10:45","Bryte",NA
"4148","7646","EF0423B0083",2023-04-20,"Total Kjeldahl Nitrogen","0.641","0.1","mg/L as N",NA,"N","N","Stairsteps-Liberty Cut","38.329136",-121.676085,"10:45","Bryte",NA
"4149","7648","EF0423B0084",2023-04-20,"Dissolved Ammonia","<0.05","0.05","mg/L as N",NA,"N","N","Stairsteps-Liberty Cut","38.323812",-121.667251,"13:10","Bryte",NA
"4150","7648","EF0423B0084",2023-04-20,"Chlorophyll a","16.2","0.5","ug/L",NA,"N","N","Stairsteps-Liberty Cut","38.323812",-121.667251,"13:10","Bryte",NA
"4151","7648","EF0423B0084",2023-04-20,"Dissolved Nitrate + Nitrite","<0.05","0.05","mg/L as N",NA,"N","N","Stairsteps-Liberty Cut","38.323812",-121.667251,"13:10","Bryte",NA
"4152","7648","EF0423B0084",2023-04-20,"Dissolved Organic Carbon","8.5","0.5","mg/L as C",NA,"N","N","Stairsteps-Liberty Cut","38.323812",-121.667251,"13:10","Bryte",NA
"4153","7648","EF0423B0084",2023-04-20,"Total Organic Carbon","9.1","0.5","mg/L as C",NA,"N","N","Stairsteps-Liberty Cut","38.323812",-121.667251,"13:10","Bryte",NA
"4154","7648","EF0423B0084",2023-04-20,"Dissolved Organic Nitrogen","0.434","0.1","mg/L as N",NA,"N","N","Stairsteps-Liberty Cut","38.323812",-121.667251,"13:10","Bryte",NA
"4155","7648","EF0423B0084",2023-04-20,"Dissolved ortho-Phosphate","0.076","0.05","mg/L as P",NA,"N","N","Stairsteps-Liberty Cut","38.323812",-121.667251,"13:10","Bryte",NA
"4156","7648","EF0423B0084",2023-04-20,"Pheophytin a","3.43","0.5","ug/L",NA,"N","N","Stairsteps-Liberty Cut","38.323812",-121.667251,"13:10","Bryte",NA
"4157","7648","EF0423B0084",2023-04-20,"Total Phosphorus","0.139","0.01","mg/L as P",NA,"N","N","Stairsteps-Liberty Cut","38.323812",-121.667251,"13:10","Bryte",NA
"4158","7648","EF0423B0084",2023-04-20,"Total Suspended Solids","15.6","2.5","mg/L",NA,"N","N","Stairsteps-Liberty Cut","38.323812",-121.667251,"13:10","Bryte",NA
"4159","7648","EF0423B0084",2023-04-20,"Total Kjeldahl Nitrogen","0.636","0.1","mg/L as N",NA,"N","N","Stairsteps-Liberty Cut","38.323812",-121.667251,"13:10","Bryte",NA
"4160","7650","EF0423B0081",2023-04-20,"Dissolved Ammonia","<0.05","0.05","mg/L as N",NA,"N","N","Lower Yolo Ranch","38.345329",-121.66892,"11:44","Bryte",NA
"4161","7650","EF0423B0081",2023-04-20,"Chlorophyll a","10.1","0.5","ug/L",NA,"N","N","Lower Yolo Ranch","38.345329",-121.66892,"11:44","Bryte",NA
"4162","7650","EF0423B0081",2023-04-20,"Dissolved Nitrate + Nitrite","<0.05","0.05","mg/L as N",NA,"N","N","Lower Yolo Ranch","38.345329",-121.66892,"11:44","Bryte",NA
"4163","7650","EF0423B0081",2023-04-20,"Dissolved Organic Nitrogen","0.459","0.1","mg/L as N",NA,"N","N","Lower Yolo Ranch","38.345329",-121.66892,"11:44","Bryte",NA
"4164","7650","EF0423B0081",2023-04-20,"Dissolved ortho-Phosphate","0.115","0.05","mg/L as P",NA,"N","N","Lower Yolo Ranch","38.345329",-121.66892,"11:44","Bryte",NA
"4165","7650","EF0423B0081",2023-04-20,"Pheophytin a","2.99","0.5","ug/L",NA,"N","N","Lower Yolo Ranch","38.345329",-121.66892,"11:44","Bryte",NA
"4166","7650","EF0423B0081",2023-04-20,"Total Phosphorus","0.18","0.01","mg/L as P",NA,"N","N","Lower Yolo Ranch","38.345329",-121.66892,"11:44","Bryte",NA
"4167","7650","EF0423B0081",2023-04-20,"Total Suspended Solids","14.8","2.5","mg/L",NA,"N","N","Lower Yolo Ranch","38.345329",-121.66892,"11:44","Bryte",NA
"4168","7650","EF0423B0081",2023-04-20,"Total Kjeldahl Nitrogen","0.668","0.1","mg/L as N",NA,"N","N","Lower Yolo Ranch","38.345329",-121.66892,"11:44","Bryte",NA
"4169","7651","EF0423B0082",2023-04-20,"Dissolved Ammonia","<0.05","0.05","mg/L as N",NA,"N","N","Lower Yolo Ranch","38.355248",-121.659672,"12:19","Bryte",NA
"4170","7651","EF0423B0082",2023-04-20,"Chlorophyll a","14.8","0.5","ug/L",NA,"N","N","Lower Yolo Ranch","38.355248",-121.659672,"12:19","Bryte",NA
"4171","7651","EF0423B0082",2023-04-20,"Dissolved Nitrate + Nitrite","<0.05","0.05","mg/L as N",NA,"N","N","Lower Yolo Ranch","38.355248",-121.659672,"12:19","Bryte",NA
"4172","7651","EF0423B0082",2023-04-20,"Dissolved Organic Carbon","8.5","0.5","mg/L as C",NA,"N","N","Lower Yolo Ranch","38.355248",-121.659672,"12:19","Bryte",NA
"4173","7651","EF0423B0082",2023-04-20,"Total Organic Carbon","8.9","0.5","mg/L as C",NA,"N","N","Lower Yolo Ranch","38.355248",-121.659672,"12:19","Bryte",NA
"4174","7651","EF0423B0082",2023-04-20,"Dissolved Organic Nitrogen","0.441","0.1","mg/L as N",NA,"N","N","Lower Yolo Ranch","38.355248",-121.659672,"12:19","Bryte",NA
"4175","7651","EF0423B0082",2023-04-20,"Dissolved ortho-Phosphate","0.071","0.05","mg/L as P",NA,"N","N","Lower Yolo Ranch","38.355248",-121.659672,"12:19","Bryte",NA
"4176","7651","EF0423B0082",2023-04-20,"Pheophytin a","5.24","0.5","ug/L",NA,"N","N","Lower Yolo Ranch","38.355248",-121.659672,"12:19","Bryte",NA
"4177","7651","EF0423B0082",2023-04-20,"Total Phosphorus","0.15","0.01","mg/L as P",NA,"N","N","Lower Yolo Ranch","38.355248",-121.659672,"12:19","Bryte",NA
"4178","7651","EF0423B0082",2023-04-20,"Total Suspended Solids","41.2","2.5","mg/L",NA,"N","N","Lower Yolo Ranch","38.355248",-121.659672,"12:19","Bryte",NA
"4179","7651","EF0423B0082",2023-04-20,"Total Kjeldahl Nitrogen","0.706","0.1","mg/L as N",NA,"N","N","Lower Yolo Ranch","38.355248",-121.659672,"12:19","Bryte",NA
"4180","7653","EF0423B0089",2023-04-25,"Dissolved Ammonia","<0.05","0.05","mg/L as N",NA,"N","N","Prospect Island","38.252295",-121.661922,"10:54","Bryte",NA
"4181","7653","EF0423B0089",2023-04-25,"Chlorophyll a","3.67","0.5","ug/L",NA,"N","Y","Prospect Island","38.252295",-121.661922,"10:54","Bryte",NA
"4182","7653","EF0423B0089",2023-04-25,"Dissolved Nitrate + Nitrite","<0.05","0.05","mg/L as N",NA,"N","N","Prospect Island","38.252295",-121.661922,"10:54","Bryte",NA
"4183","7653","EF0423B0089",2023-04-25,"Dissolved Organic Carbon","3.6","0.5","mg/L as C",NA,"N","N","Prospect Island","38.252295",-121.661922,"10:54","Bryte",NA
"4184","7653","EF0423B0089",2023-04-25,"Total Organic Carbon","3.6","0.5","mg/L as C",NA,"N","N","Prospect Island","38.252295",-121.661922,"10:54","Bryte",NA
"4185","7653","EF0423B0089",2023-04-25,"Dissolved Organic Nitrogen","0.18","0.1","mg/L as N",NA,"N","N","Prospect Island","38.252295",-121.661922,"10:54","Bryte",NA
"4186","7653","EF0423B0089",2023-04-25,"Dissolved ortho-Phosphate","<0.05","0.05","mg/L as P",NA,"N","N","Prospect Island","38.252295",-121.661922,"10:54","Bryte",NA
"4187","7653","EF0423B0089",2023-04-25,"Pheophytin a","1.03","0.5","ug/L",NA,"N","Y","Prospect Island","38.252295",-121.661922,"10:54","Bryte",NA
"4188","7653","EF0423B0089",2023-04-25,"Total Phosphorus","0.043","0.01","mg/L as P",NA,"N","N","Prospect Island","38.252295",-121.661922,"10:54","Bryte",NA
"4189","7653","EF0423B0089",2023-04-25,"Total Suspended Solids","4.6","2.5","mg/L",NA,"N","N","Prospect Island","38.252295",-121.661922,"10:54","Bryte",NA
"4190","7653","EF0423B0089",2023-04-25,"Total Kjeldahl Nitrogen","0.353","0.1","mg/L as N",NA,"N","N","Prospect Island","38.252295",-121.661922,"10:54","Bryte",NA
"4191","7655","EF0423B0091",2023-04-25,"Dissolved Organic Carbon","3.7","0.5","mg/L as C",NA,"N","N","Prospect Island","38.248225",-121.660974,"11:51","Bryte",NA
"4192","7655","EF0423B0091",2023-04-25,"Dissolved Organic Nitrogen","0.18","0.1","mg/L as N",NA,"N","N","Prospect Island","38.248225",-121.660974,"11:51","Bryte",NA
"4193","7655","EF0423B0091",2023-04-25,"Dissolved ortho-Phosphate","<0.05","0.05","mg/L as P",NA,"N","N","Prospect Island","38.248225",-121.660974,"11:51","Bryte",NA
"4194","7655","EF0423B0091",2023-04-25,"Pheophytin a","1.43","0.5","ug/L",NA,"N","N","Prospect Island","38.248225",-121.660974,"11:51","Bryte",NA
"4195","7655","EF0423B0091",2023-04-25,"Total Organic Carbon","3.6","0.5","mg/L as C",NA,"N","N","Prospect Island","38.248225",-121.660974,"11:51","Bryte",NA
"4196","7655","EF0423B0091",2023-04-25,"Dissolved Ammonia","<0.05","0.05","mg/L as N",NA,"N","N","Prospect Island","38.248225",-121.660974,"11:51","Bryte",NA
"4197","7655","EF0423B0091",2023-04-25,"Chlorophyll a","4.21","0.5","ug/L",NA,"N","N","Prospect Island","38.248225",-121.660974,"11:51","Bryte",NA
"4198","7655","EF0423B0091",2023-04-25,"Dissolved Nitrate + Nitrite","<0.05","0.05","mg/L as N",NA,"N","N","Prospect Island","38.248225",-121.660974,"11:51","Bryte",NA
"4199","7655","EF0423B0091",2023-04-25,"Total Phosphorus","0.047","0.01","mg/L as P",NA,"N","N","Prospect Island","38.248225",-121.660974,"11:51","Bryte",NA
"4200","7655","EF0423B0091",2023-04-25,"Total Suspended Solids","6.4","2.5","mg/L",NA,"N","N","Prospect Island","38.248225",-121.660974,"11:51","Bryte",NA
"4201","7655","EF0423B0091",2023-04-25,"Total Kjeldahl Nitrogen","0.347","0.1","mg/L as N",NA,"N","N","Prospect Island","38.248225",-121.660974,"11:51","Bryte",NA
"4202","7657","EF0423B0092",2023-04-25,"Dissolved ortho-Phosphate","<0.05","0.05","mg/L as P",NA,"N","N","Miner Slough","38.255039",-121.654967,"13:19","Bryte",NA
"4203","7657","EF0423B0092",2023-04-25,"Total Suspended Solids","24.6","2.5","mg/L",NA,"N","N","Miner Slough","38.255039",-121.654967,"13:19","Bryte",NA
"4204","7657","EF0423B0092",2023-04-25,"Pheophytin a","1.33","0.5","ug/L",NA,"N","N","Miner Slough","38.255039",-121.654967,"13:19","Bryte",NA
"4205","7657","EF0423B0092",2023-04-25,"Total Phosphorus","0.066","0.01","mg/L as P",NA,"N","N","Miner Slough","38.255039",-121.654967,"13:19","Bryte",NA
"4206","7657","EF0423B0092",2023-04-25,"Dissolved Ammonia","<0.05","0.05","mg/L as N",NA,"N","N","Miner Slough","38.255039",-121.654967,"13:19","Bryte",NA
"4207","7657","EF0423B0092",2023-04-25,"Chlorophyll a","3.68","0.5","ug/L",NA,"N","N","Miner Slough","38.255039",-121.654967,"13:19","Bryte",NA
"4208","7657","EF0423B0092",2023-04-25,"Dissolved Nitrate + Nitrite","0.197","0.05","mg/L as N",NA,"N","N","Miner Slough","38.255039",-121.654967,"13:19","Bryte",NA
"4209","7657","EF0423B0092",2023-04-25,"Dissolved Organic Carbon","1.9","0.5","mg/L as C",NA,"N","N","Miner Slough","38.255039",-121.654967,"13:19","Bryte",NA
"4210","7657","EF0423B0092",2023-04-25,"Total Organic Carbon","1.9","0.5","mg/L as C",NA,"N","N","Miner Slough","38.255039",-121.654967,"13:19","Bryte",NA
"4211","7657","EF0423B0092",2023-04-25,"Dissolved Organic Nitrogen","<0.1","0.1","mg/L as N",NA,"N","N","Miner Slough","38.255039",-121.654967,"13:19","Bryte",NA
"4212","7657","EF0423B0092",2023-04-25,"Total Kjeldahl Nitrogen","0.149","0.1","mg/L as N",NA,"N","N","Miner Slough","38.255039",-121.654967,"13:19","Bryte",NA
"4213","7658","EF0423B0093",2023-04-25,"Total Suspended Solids","29.6","2.5","mg/L",NA,"N","N","Miner Slough","38.272432",-121.642496,"14:12","Bryte",NA
"4214","7658","EF0423B0093",2023-04-25,"Total Kjeldahl Nitrogen","0.117","0.1","mg/L as N",NA,"N","N","Miner Slough","38.272432",-121.642496,"14:12","Bryte",NA
"4215","7658","EF0423B0093",2023-04-25,"Total Phosphorus","0.064","0.01","mg/L as P",NA,"N","N","Miner Slough","38.272432",-121.642496,"14:12","Bryte",NA
"4216","7658","EF0423B0093",2023-04-25,"Dissolved Ammonia","<0.05","0.05","mg/L as N",NA,"N","N","Miner Slough","38.272432",-121.642496,"14:12","Bryte",NA
"4217","7658","EF0423B0093",2023-04-25,"Chlorophyll a","4.97","0.5","ug/L",NA,"N","N","Miner Slough","38.272432",-121.642496,"14:12","Bryte",NA
"4218","7658","EF0423B0093",2023-04-25,"Dissolved Nitrate + Nitrite","0.19","0.05","mg/L as N",NA,"N","N","Miner Slough","38.272432",-121.642496,"14:12","Bryte",NA
"4219","7658","EF0423B0093",2023-04-25,"Dissolved Organic Carbon","1.9","0.5","mg/L as C",NA,"N","N","Miner Slough","38.272432",-121.642496,"14:12","Bryte",NA
"4220","7658","EF0423B0093",2023-04-25,"Total Organic Carbon","1.9","0.5","mg/L as C",NA,"N","N","Miner Slough","38.272432",-121.642496,"14:12","Bryte",NA
"4221","7658","EF0423B0093",2023-04-25,"Dissolved Organic Nitrogen","<0.1","0.1","mg/L as N",NA,"N","N","Miner Slough","38.272432",-121.642496,"14:12","Bryte",NA
"4222","7658","EF0423B0093",2023-04-25,"Dissolved ortho-Phosphate","<0.05","0.05","mg/L as P",NA,"N","N","Miner Slough","38.272432",-121.642496,"14:12","Bryte",NA
"4223","7658","EF0423B0093",2023-04-25,"Pheophytin a","1.48","0.5","ug/L",NA,"N","N","Miner Slough","38.272432",-121.642496,"14:12","Bryte",NA
"4224","7661","EF0323B0009",2023-03-22,"Dissolved Ammonia","0.076","0.05","mg/L as N",NA,"N","N","Wings Landing","38.22491",-122.037326,"09:03","Bryte",NA
"4225","7661","EF0323B0009",2023-03-22,"Chlorophyll a","4","0.5","ug/L",NA,"N","N","Wings Landing","38.22491",-122.037326,"09:03","Bryte",NA
"4226","7661","EF0323B0009",2023-03-22,"Dissolved Nitrate + Nitrite","1.44","0.05","mg/L as N",NA,"N","N","Wings Landing","38.22491",-122.037326,"09:03","Bryte",NA
"4227","7661","EF0323B0009",2023-03-22,"Dissolved Organic Carbon","10.3","0.5","mg/L as C",NA,"N","N","Wings Landing","38.22491",-122.037326,"09:03","Bryte",NA
"4228","7661","EF0323B0009",2023-03-22,"Total Organic Carbon","10.1","0.5","mg/L as C",NA,"N","N","Wings Landing","38.22491",-122.037326,"09:03","Bryte",NA
"4229","7661","EF0323B0009",2023-03-22,"Dissolved Organic Nitrogen","0.7","0.1","mg/L as N",NA,"N","N","Wings Landing","38.22491",-122.037326,"09:03","Bryte",NA
"4230","7661","EF0323B0009",2023-03-22,"Dissolved ortho-Phosphate","0.215","0.05","mg/L as P",NA,"N","N","Wings Landing","38.22491",-122.037326,"09:03","Bryte",NA
"4231","7661","EF0323B0009",2023-03-22,"Pheophytin a","4.56","0.5","ug/L",NA,"N","N","Wings Landing","38.22491",-122.037326,"09:03","Bryte",NA
"4232","7661","EF0323B0009",2023-03-22,"Total Phosphorus","0.419","0.01","mg/L as P",NA,"N","N","Wings Landing","38.22491",-122.037326,"09:03","Bryte",NA
"4233","7661","EF0323B0009",2023-03-22,"Total Suspended Solids","80.8","2.5","mg/L",NA,"N","N","Wings Landing","38.22491",-122.037326,"09:03","Bryte",NA
"4234","7661","EF0323B0009",2023-03-22,"Total Kjeldahl Nitrogen","1.26","0.1","mg/L as N",NA,"N","N","Wings Landing","38.22491",-122.037326,"09:03","Bryte",NA
"4235","7662","EF0323B0011",2023-03-22,"Dissolved Ammonia","0.064","0.05","mg/L as N",NA,"N","N","Wings Landing","38.215557",-122.036851,"09:43","Bryte",NA
"4236","7662","EF0323B0011",2023-03-22,"Chlorophyll a","1.94","0.5","ug/L",NA,"N","N","Wings Landing","38.215557",-122.036851,"09:43","Bryte",NA
"4237","7662","EF0323B0011",2023-03-22,"Dissolved Nitrate + Nitrite","1.25","0.05","mg/L as N",NA,"N","N","Wings Landing","38.215557",-122.036851,"09:43","Bryte",NA
"4238","7662","EF0323B0011",2023-03-22,"Dissolved Organic Carbon","8.6","0.5","mg/L as C",NA,"N","N","Wings Landing","38.215557",-122.036851,"09:43","Bryte",NA
"4239","7662","EF0323B0011",2023-03-22,"Total Organic Carbon","8.4","0.5","mg/L as C",NA,"N","N","Wings Landing","38.215557",-122.036851,"09:43","Bryte",NA
"4240","7662","EF0323B0011",2023-03-22,"Dissolved Organic Nitrogen","0.57","0.1","mg/L as N",NA,"N","N","Wings Landing","38.215557",-122.036851,"09:43","Bryte",NA
"4241","7662","EF0323B0011",2023-03-22,"Dissolved ortho-Phosphate","0.2","0.05","mg/L as P",NA,"N","N","Wings Landing","38.215557",-122.036851,"09:43","Bryte",NA
"4242","7662","EF0323B0011",2023-03-22,"Pheophytin a","2.16","0.5","ug/L",NA,"N","N","Wings Landing","38.215557",-122.036851,"09:43","Bryte",NA
"4243","7662","EF0323B0011",2023-03-22,"Total Phosphorus","0.359","0.01","mg/L as P",NA,"N","N","Wings Landing","38.215557",-122.036851,"09:43","Bryte",NA
"4244","7662","EF0323B0011",2023-03-22,"Total Suspended Solids","82.1","2.5","mg/L",NA,"N","N","Wings Landing","38.215557",-122.036851,"09:43","Bryte",NA
"4245","7662","EF0323B0011",2023-03-22,"Total Kjeldahl Nitrogen","1.15","0.1","mg/L as N",NA,"N","N","Wings Landing","38.215557",-122.036851,"09:43","Bryte",NA
"4246","7664","EF0323B0012",2023-03-22,"Dissolved Ammonia","0.054","0.05","mg/L as N",NA,"N","N","Rush Ranch","38.198872",-122.028515,"10:29","Bryte",NA
"4247","7664","EF0323B0012",2023-03-22,"Chlorophyll a","2.48","0.5","ug/L",NA,"N","N","Rush Ranch","38.198872",-122.028515,"10:29","Bryte",NA
"4248","7664","EF0323B0012",2023-03-22,"Dissolved Nitrate + Nitrite","0.069","0.05","mg/L as N",NA,"N","N","Rush Ranch","38.198872",-122.028515,"10:29","Bryte",NA
"4249","7664","EF0323B0012",2023-03-22,"Dissolved Organic Carbon","14.8","0.5","mg/L as C",NA,"N","N","Rush Ranch","38.198872",-122.028515,"10:29","Bryte",NA
"4250","7664","EF0323B0012",2023-03-22,"Total Organic Carbon","15.2","0.5","mg/L as C",NA,"N","N","Rush Ranch","38.198872",-122.028515,"10:29","Bryte",NA
"4251","7664","EF0323B0012",2023-03-22,"Dissolved Organic Nitrogen","0.94","0.1","mg/L as N",NA,"N","N","Rush Ranch","38.198872",-122.028515,"10:29","Bryte",NA
"4252","7664","EF0323B0012",2023-03-22,"Dissolved ortho-Phosphate","0.157","0.05","mg/L as P",NA,"N","N","Rush Ranch","38.198872",-122.028515,"10:29","Bryte",NA
"4253","7664","EF0323B0012",2023-03-22,"Pheophytin a","1.49","0.5","ug/L",NA,"N","N","Rush Ranch","38.198872",-122.028515,"10:29","Bryte",NA
"4254","7664","EF0323B0012",2023-03-22,"Total Phosphorus","0.232","0.01","mg/L as P",NA,"N","N","Rush Ranch","38.198872",-122.028515,"10:29","Bryte",NA
"4255","7664","EF0323B0012",2023-03-22,"Total Suspended Solids","13.1","2.5","mg/L",NA,"N","N","Rush Ranch","38.198872",-122.028515,"10:29","Bryte",NA
"4256","7664","EF0323B0012",2023-03-22,"Total Kjeldahl Nitrogen","1.24","0.1","mg/L as N",NA,"N","N","Rush Ranch","38.198872",-122.028515,"10:29","Bryte",NA
"4257","7665","EF0323B0013",2023-03-22,"Dissolved Ammonia","<0.05","0.05","mg/L as N",NA,"N","N","Rush Ranch","38.204728",-122.028677,"11:00","Bryte",NA
"4258","7665","EF0323B0013",2023-03-22,"Chlorophyll a","7.01","0.5","ug/L",NA,"N","N","Rush Ranch","38.204728",-122.028677,"11:00","Bryte",NA
"4259","7665","EF0323B0013",2023-03-22,"Dissolved Nitrate + Nitrite","0.084","0.05","mg/L as N",NA,"N","N","Rush Ranch","38.204728",-122.028677,"11:00","Bryte",NA
"4260","7665","EF0323B0013",2023-03-22,"Dissolved Organic Nitrogen","0.84","0.1","mg/L as N",NA,"N","N","Rush Ranch","38.204728",-122.028677,"11:00","Bryte",NA
"4261","7665","EF0323B0013",2023-03-22,"Dissolved ortho-Phosphate","0.082","0.05","mg/L as P",NA,"N","N","Rush Ranch","38.204728",-122.028677,"11:00","Bryte",NA
"4262","7665","EF0323B0013",2023-03-22,"Pheophytin a","2.49","0.5","ug/L",NA,"N","N","Rush Ranch","38.204728",-122.028677,"11:00","Bryte",NA
"4263","7665","EF0323B0013",2023-03-22,"Total Phosphorus","0.195","0.01","mg/L as P",NA,"N","N","Rush Ranch","38.204728",-122.028677,"11:00","Bryte",NA
"4264","7665","EF0323B0013",2023-03-22,"Total Suspended Solids","62.1","2.5","mg/L",NA,"N","N","Rush Ranch","38.204728",-122.028677,"11:00","Bryte",NA
"4265","7665","EF0323B0013",2023-03-22,"Total Kjeldahl Nitrogen","1.19","0.1","mg/L as N",NA,"N","N","Rush Ranch","38.204728",-122.028677,"11:00","Bryte",NA
"4266","7667","EF0323B0014",2023-03-22,"Dissolved Ammonia","0.067","0.05","mg/L as N",NA,"N","N","Peytonia-Suisun","38.209308",-122.033629,"11:42","Bryte",NA
"4267","7667","EF0323B0014",2023-03-22,"Chlorophyll a","2.53","0.5","ug/L",NA,"N","N","Peytonia-Suisun","38.209308",-122.033629,"11:42","Bryte",NA
"4268","7667","EF0323B0014",2023-03-22,"Dissolved Nitrate + Nitrite","1.16","0.05","mg/L as N",NA,"N","N","Peytonia-Suisun","38.209308",-122.033629,"11:42","Bryte",NA
"4269","7667","EF0323B0014",2023-03-22,"Dissolved Organic Carbon","9.4","0.5","mg/L as C",NA,"N","N","Peytonia-Suisun","38.209308",-122.033629,"11:42","Bryte",NA
"4270","7667","EF0323B0014",2023-03-22,"Total Organic Carbon","9.2","0.5","mg/L as C",NA,"N","N","Peytonia-Suisun","38.209308",-122.033629,"11:42","Bryte",NA
"4271","7667","EF0323B0014",2023-03-22,"Dissolved Organic Nitrogen","0.61","0.1","mg/L as N",NA,"N","N","Peytonia-Suisun","38.209308",-122.033629,"11:42","Bryte",NA
"4272","7667","EF0323B0014",2023-03-22,"Dissolved ortho-Phosphate","0.215","0.05","mg/L as P",NA,"N","N","Peytonia-Suisun","38.209308",-122.033629,"11:42","Bryte",NA
"4273","7667","EF0323B0014",2023-03-22,"Pheophytin a","3.51","0.5","ug/L",NA,"N","N","Peytonia-Suisun","38.209308",-122.033629,"11:42","Bryte",NA
"4274","7667","EF0323B0014",2023-03-22,"Total Phosphorus","0.387","0.01","mg/L as P",NA,"N","N","Peytonia-Suisun","38.209308",-122.033629,"11:42","Bryte",NA
"4275","7667","EF0323B0014",2023-03-22,"Total Suspended Solids","79.2","2.5","mg/L",NA,"N","N","Peytonia-Suisun","38.209308",-122.033629,"11:42","Bryte",NA
"4276","7667","EF0323B0014",2023-03-22,"Total Kjeldahl Nitrogen","1.09","0.1","mg/L as N",NA,"N","N","Peytonia-Suisun","38.209308",-122.033629,"11:42","Bryte",NA
"4277","7668","EF0323B0015",2023-03-22,"Dissolved Ammonia","<0.05","0.05","mg/L as N",NA,"N","N","Peytonia-Suisun","38.226699",-122.035522,"12:06","Bryte",NA
"4278","7668","EF0323B0015",2023-03-22,"Chlorophyll a","3.36","0.5","ug/L",NA,"N","N","Peytonia-Suisun","38.226699",-122.035522,"12:06","Bryte",NA
"4279","7668","EF0323B0015",2023-03-22,"Dissolved Nitrate + Nitrite","0.897","0.05","mg/L as N",NA,"N","N","Peytonia-Suisun","38.226699",-122.035522,"12:06","Bryte",NA
"4280","7668","EF0323B0015",2023-03-22,"Dissolved Organic Carbon","7.4","0.5","mg/L as C",NA,"N","N","Peytonia-Suisun","38.226699",-122.035522,"12:06","Bryte",NA
"4281","7668","EF0323B0015",2023-03-22,"Total Organic Carbon","7.6","0.5","mg/L as C",NA,"N","N","Peytonia-Suisun","38.226699",-122.035522,"12:06","Bryte",NA
"4282","7668","EF0323B0015",2023-03-22,"Dissolved Organic Nitrogen","0.53","0.1","mg/L as N",NA,"N","N","Peytonia-Suisun","38.226699",-122.035522,"12:06","Bryte",NA
"4283","7668","EF0323B0015",2023-03-22,"Dissolved ortho-Phosphate","0.156","0.05","mg/L as P",NA,"N","N","Peytonia-Suisun","38.226699",-122.035522,"12:06","Bryte",NA
"4284","7668","EF0323B0015",2023-03-22,"Pheophytin a","2.41","0.5","ug/L",NA,"N","N","Peytonia-Suisun","38.226699",-122.035522,"12:06","Bryte",NA
"4285","7668","EF0323B0015",2023-03-22,"Total Phosphorus","0.385","0.01","mg/L as P",NA,"N","N","Peytonia-Suisun","38.226699",-122.035522,"12:06","Bryte",NA
"4286","7668","EF0323B0015",2023-03-22,"Total Suspended Solids","187","2.5","mg/L",NA,"N","N","Peytonia-Suisun","38.226699",-122.035522,"12:06","Bryte",NA
"4287","7668","EF0323B0015",2023-03-22,"Total Kjeldahl Nitrogen","1.08","0.1","mg/L as N",NA,"N","N","Peytonia-Suisun","38.226699",-122.035522,"12:06","Bryte",NA
"4288","7670","EF0323B0022",2023-03-23,"Dissolved Ammonia","0.178","0.05","mg/L as N",NA,"N","N","Potrero Marsh","38.212216",-121.920921,"08:56","Bryte",NA
"4289","7670","EF0323B0022",2023-03-23,"Chlorophyll a","1.14","0.5","ug/L",NA,"N","N","Potrero Marsh","38.212216",-121.920921,"08:56","Bryte",NA
"4290","7670","EF0323B0022",2023-03-23,"Dissolved Nitrate + Nitrite","0.54","0.05","mg/L as N",NA,"N","N","Potrero Marsh","38.212216",-121.920921,"08:56","Bryte",NA
"4291","7670","EF0323B0022",2023-03-23,"Dissolved Organic Carbon","17.4","0.5","mg/L as C",NA,"N","N","Potrero Marsh","38.212216",-121.920921,"08:56","Bryte",NA
"4292","7670","EF0323B0022",2023-03-23,"Total Organic Carbon","19.1","0.5","mg/L as C",NA,"N","N","Potrero Marsh","38.212216",-121.920921,"08:56","Bryte",NA
"4293","7670","EF0323B0022",2023-03-23,"Dissolved Organic Nitrogen","1.32","0.1","mg/L as N",NA,"N","N","Potrero Marsh","38.212216",-121.920921,"08:56","Bryte",NA
"4294","7670","EF0323B0022",2023-03-23,"Dissolved ortho-Phosphate","0.104","0.05","mg/L as P",NA,"N","N","Potrero Marsh","38.212216",-121.920921,"08:56","Bryte",NA
"4295","7670","EF0323B0022",2023-03-23,"Pheophytin a","1.78","0.5","ug/L",NA,"N","N","Potrero Marsh","38.212216",-121.920921,"08:56","Bryte",NA
"4296","7670","EF0323B0022",2023-03-23,"Total Phosphorus","0.231","0.01","mg/L as P",NA,"N","N","Potrero Marsh","38.212216",-121.920921,"08:56","Bryte",NA
"4297","7670","EF0323B0022",2023-03-23,"Total Suspended Solids","8","2.5","mg/L",NA,"N","N","Potrero Marsh","38.212216",-121.920921,"08:56","Bryte",NA
"4298","7670","EF0323B0022",2023-03-23,"Total Kjeldahl Nitrogen","0.701","0.1","mg/L as N",NA,"N","N","Potrero Marsh","38.212216",-121.920921,"08:56","Bryte",NA
"4299","7671","EF0323B0023",2023-03-23,"Dissolved Ammonia","0.202","0.05","mg/L as N",NA,"N","N","Potrero Marsh","38.214832",-121.927207,"09:32","Bryte",NA
"4300","7671","EF0323B0023",2023-03-23,"Chlorophyll a","1.63","0.5","ug/L",NA,"N","N","Potrero Marsh","38.214832",-121.927207,"09:32","Bryte",NA
"4301","7671","EF0323B0023",2023-03-23,"Dissolved Nitrate + Nitrite","0.588","0.05","mg/L as N",NA,"N","N","Potrero Marsh","38.214832",-121.927207,"09:32","Bryte",NA
"4302","7671","EF0323B0023",2023-03-23,"Dissolved Organic Carbon","17.1","0.5","mg/L as C",NA,"N","N","Potrero Marsh","38.214832",-121.927207,"09:32","Bryte",NA
"4303","7671","EF0323B0023",2023-03-23,"Total Organic Carbon","18","0.5","mg/L as C",NA,"N","N","Potrero Marsh","38.214832",-121.927207,"09:32","Bryte",NA
"4304","7671","EF0323B0023",2023-03-23,"Dissolved Organic Nitrogen","1.27","0.1","mg/L as N",NA,"N","N","Potrero Marsh","38.214832",-121.927207,"09:32","Bryte",NA
"4305","7671","EF0323B0023",2023-03-23,"Dissolved ortho-Phosphate","0.084","0.05","mg/L as P",NA,"N","N","Potrero Marsh","38.214832",-121.927207,"09:32","Bryte",NA
"4306","7671","EF0323B0023",2023-03-23,"Pheophytin a","1.53","0.5","ug/L",NA,"N","N","Potrero Marsh","38.214832",-121.927207,"09:32","Bryte",NA
"4307","7671","EF0323B0023",2023-03-23,"Total Phosphorus","0.214","0.01","mg/L as P",NA,"N","N","Potrero Marsh","38.214832",-121.927207,"09:32","Bryte",NA
"4308","7671","EF0323B0023",2023-03-23,"Total Suspended Solids","10.1","2.5","mg/L",NA,"N","N","Potrero Marsh","38.214832",-121.927207,"09:32","Bryte",NA
"4309","7671","EF0323B0023",2023-03-23,"Total Kjeldahl Nitrogen","1.74","0.1","mg/L as N",NA,"N","N","Potrero Marsh","38.214832",-121.927207,"09:32","Bryte",NA
"4310","7682","EF0323B0020",2023-03-23,"Dissolved Ammonia","0.051","0.05","mg/L as N",NA,"N","N","Bradmoor Island","38.196434",-121.92158,"10:30","Bryte",NA
"4311","7682","EF0323B0020",2023-03-23,"Chlorophyll a","4.45","0.5","ug/L",NA,"N","N","Bradmoor Island","38.196434",-121.92158,"10:30","Bryte",NA
"4312","7682","EF0323B0020",2023-03-23,"Dissolved Nitrate + Nitrite","0.25","0.05","mg/L as N",NA,"N","N","Bradmoor Island","38.196434",-121.92158,"10:30","Bryte",NA
"4313","7682","EF0323B0020",2023-03-23,"Dissolved Organic Carbon","8","0.5","mg/L as C",NA,"N","N","Bradmoor Island","38.196434",-121.92158,"10:30","Bryte",NA
"4314","7682","EF0323B0020",2023-03-23,"Total Organic Carbon","8.4","0.5","mg/L as C",NA,"N","N","Bradmoor Island","38.196434",-121.92158,"10:30","Bryte",NA
"4315","7682","EF0323B0020",2023-03-23,"Dissolved Organic Nitrogen","0.47","0.1","mg/L as N",NA,"N","N","Bradmoor Island","38.196434",-121.92158,"10:30","Bryte",NA
"4316","7682","EF0323B0020",2023-03-23,"Dissolved ortho-Phosphate","0.059","0.05","mg/L as P",NA,"N","N","Bradmoor Island","38.196434",-121.92158,"10:30","Bryte",NA
"4317","7682","EF0323B0020",2023-03-23,"Pheophytin a","3.65","0.5","ug/L",NA,"N","N","Bradmoor Island","38.196434",-121.92158,"10:30","Bryte",NA
"4318","7682","EF0323B0020",2023-03-23,"Total Phosphorus","0.186","0.01","mg/L as P",NA,"N","N","Bradmoor Island","38.196434",-121.92158,"10:30","Bryte",NA
"4319","7682","EF0323B0020",2023-03-23,"Total Suspended Solids","52","2.5","mg/L",NA,"N","N","Bradmoor Island","38.196434",-121.92158,"10:30","Bryte",NA
"4320","7682","EF0323B0020",2023-03-23,"Total Kjeldahl Nitrogen","0.823","0.1","mg/L as N",NA,"N","N","Bradmoor Island","38.196434",-121.92158,"10:30","Bryte",NA
"4321","7683","EF0323B0021",2023-03-23,"Dissolved Ammonia","<0.05","0.05","mg/L as N",NA,"N","N","Bradmoor Island","38.182507",-121.922622,"10:54","Bryte",NA
"4322","7683","EF0323B0021",2023-03-23,"Chlorophyll a","4.03","0.5","ug/L",NA,"N","N","Bradmoor Island","38.182507",-121.922622,"10:54","Bryte",NA
"4323","7683","EF0323B0021",2023-03-23,"Dissolved Nitrate + Nitrite","0.304","0.05","mg/L as N",NA,"N","N","Bradmoor Island","38.182507",-121.922622,"10:54","Bryte",NA
"4324","7683","EF0323B0021",2023-03-23,"Dissolved Organic Nitrogen","0.45","0.1","mg/L as N",NA,"N","N","Bradmoor Island","38.182507",-121.922622,"10:54","Bryte",NA
"4325","7683","EF0323B0021",2023-03-23,"Dissolved ortho-Phosphate","<0.05","0.05","mg/L as P",NA,"N","N","Bradmoor Island","38.182507",-121.922622,"10:54","Bryte",NA
"4326","7683","EF0323B0021",2023-03-23,"Pheophytin a","3.82","0.5","ug/L",NA,"N","N","Bradmoor Island","38.182507",-121.922622,"10:54","Bryte",NA
"4327","7683","EF0323B0021",2023-03-23,"Total Phosphorus","0.144","0.01","mg/L as P",NA,"N","N","Bradmoor Island","38.182507",-121.922622,"10:54","Bryte",NA
"4328","7683","EF0323B0021",2023-03-23,"Total Suspended Solids","42.5","2.5","mg/L",NA,"N","N","Bradmoor Island","38.182507",-121.922622,"10:54","Bryte",NA
"4329","7683","EF0323B0021",2023-03-23,"Total Kjeldahl Nitrogen","0.76","0.1","mg/L as N",NA,"N","N","Bradmoor Island","38.182507",-121.922622,"10:54","Bryte",NA
"4330","7685","EF0323B0018",2023-03-23,"Dissolved Ammonia","0.063","0.05","mg/L as N",NA,"N","N","Arnold Slough","38.180085",-121.905488,"11:24","Bryte",NA
"4331","7685","EF0323B0018",2023-03-23,"Chlorophyll a","6.6","0.5","ug/L",NA,"N","N","Arnold Slough","38.180085",-121.905488,"11:24","Bryte",NA
"4332","7685","EF0323B0018",2023-03-23,"Dissolved Nitrate + Nitrite","0.175","0.05","mg/L as N",NA,"N","N","Arnold Slough","38.180085",-121.905488,"11:24","Bryte",NA
"4333","7685","EF0323B0018",2023-03-23,"Dissolved Organic Carbon","9.6","0.5","mg/L as C",NA,"N","N","Arnold Slough","38.180085",-121.905488,"11:24","Bryte",NA
"4334","7685","EF0323B0018",2023-03-23,"Total Organic Carbon","8.8","0.5","mg/L as C",NA,"N","N","Arnold Slough","38.180085",-121.905488,"11:24","Bryte",NA
"4335","7685","EF0323B0018",2023-03-23,"Dissolved Organic Nitrogen","0.54","0.1","mg/L as N",NA,"N","N","Arnold Slough","38.180085",-121.905488,"11:24","Bryte",NA
"4336","7685","EF0323B0018",2023-03-23,"Dissolved ortho-Phosphate","0.055","0.05","mg/L as P",NA,"N","N","Arnold Slough","38.180085",-121.905488,"11:24","Bryte",NA
"4337","7685","EF0323B0018",2023-03-23,"Pheophytin a","7.82","0.5","ug/L",NA,"N","N","Arnold Slough","38.180085",-121.905488,"11:24","Bryte",NA
"4338","7685","EF0323B0018",2023-03-23,"Total Phosphorus","0.219","0.01","mg/L as P",NA,"N","N","Arnold Slough","38.180085",-121.905488,"11:24","Bryte",NA
"4339","7685","EF0323B0018",2023-03-23,"Total Suspended Solids","78.6","2.5","mg/L",NA,"N","N","Arnold Slough","38.180085",-121.905488,"11:24","Bryte",NA
"4340","7685","EF0323B0018",2023-03-23,"Total Kjeldahl Nitrogen","1.07","0.1","mg/L as N",NA,"N","N","Arnold Slough","38.180085",-121.905488,"11:24","Bryte",NA
"4341","7686","EF0323B0019",2023-03-23,"Dissolved Ammonia","0.051","0.05","mg/L as N",NA,"N","N","Arnold Slough","38.178747",-121.906967,"11:50","Bryte",NA
"4342","7686","EF0323B0019",2023-03-23,"Chlorophyll a","3.52","0.5","ug/L",NA,"N","N","Arnold Slough","38.178747",-121.906967,"11:50","Bryte",NA
"4343","7686","EF0323B0019",2023-03-23,"Dissolved Nitrate + Nitrite","0.212","0.05","mg/L as N",NA,"N","N","Arnold Slough","38.178747",-121.906967,"11:50","Bryte",NA
"4344","7686","EF0323B0019",2023-03-23,"Dissolved Organic Carbon","6.4","0.5","mg/L as C",NA,"N","N","Arnold Slough","38.178747",-121.906967,"11:50","Bryte",NA
"4345","7686","EF0323B0019",2023-03-23,"Total Organic Carbon","6.8","0.5","mg/L as C",NA,"N","N","Arnold Slough","38.178747",-121.906967,"11:50","Bryte",NA
"4346","7686","EF0323B0019",2023-03-23,"Dissolved Organic Nitrogen","0.38","0.1","mg/L as N",NA,"N","N","Arnold Slough","38.178747",-121.906967,"11:50","Bryte",NA
"4347","7686","EF0323B0019",2023-03-23,"Dissolved ortho-Phosphate","0.056","0.05","mg/L as P",NA,"N","N","Arnold Slough","38.178747",-121.906967,"11:50","Bryte",NA
"4348","7686","EF0323B0019",2023-03-23,"Pheophytin a","4.72","0.5","ug/L",NA,"N","N","Arnold Slough","38.178747",-121.906967,"11:50","Bryte",NA
"4349","7686","EF0323B0019",2023-03-23,"Total Phosphorus","0.193","0.01","mg/L as P",NA,"N","N","Arnold Slough","38.178747",-121.906967,"11:50","Bryte",NA
"4350","7686","EF0323B0019",2023-03-23,"Total Suspended Solids","81.3","2.5","mg/L",NA,"N","N","Arnold Slough","38.178747",-121.906967,"11:50","Bryte",NA
"4351","7686","EF0323B0019",2023-03-23,"Total Kjeldahl Nitrogen","0.773","0.1","mg/L as N",NA,"N","N","Arnold Slough","38.178747",-121.906967,"11:50","Bryte",NA
"4352","7688","EF0323B0034",2023-03-27,"Dissolved Nitrate + Nitrite","0.268","0.05","mg/L as N",NA,"N","N","Nurse-Denverton","38.196998",-121.912946,"09:04","Bryte",NA
"4353","7688","EF0323B0034",2023-03-27,"Dissolved Organic Carbon","8","0.5","mg/L as C",NA,"N","N","Nurse-Denverton","38.196998",-121.912946,"09:04","Bryte",NA
"4354","7688","EF0323B0034",2023-03-27,"Total Organic Carbon","8","0.5","mg/L as C",NA,"Y","N","Nurse-Denverton","38.196998",-121.912946,"09:04","Bryte",NA
"4355","7688","EF0323B0034",2023-03-27,"Dissolved Organic Nitrogen","0.54","0.1","mg/L as N",NA,"N","N","Nurse-Denverton","38.196998",-121.912946,"09:04","Bryte",NA
"4356","7688","EF0323B0034",2023-03-27,"Dissolved ortho-Phosphate","0.058","0.05","mg/L as P",NA,"N","N","Nurse-Denverton","38.196998",-121.912946,"09:04","Bryte",NA
"4357","7688","EF0323B0034",2023-03-27,"Pheophytin a","1.75","0.5","ug/L",NA,"N","N","Nurse-Denverton","38.196998",-121.912946,"09:04","Bryte",NA
"4358","7688","EF0323B0034",2023-03-27,"Total Phosphorus","0.152","0.01","mg/L as P",NA,"N","N","Nurse-Denverton","38.196998",-121.912946,"09:04","Bryte",NA
"4359","7688","EF0323B0034",2023-03-27,"Dissolved Ammonia","0.071","0.05","mg/L as N",NA,"N","N","Nurse-Denverton","38.196998",-121.912946,"09:04","Bryte",NA
"4360","7688","EF0323B0034",2023-03-27,"Chlorophyll a","3.7","0.5","ug/L",NA,"N","N","Nurse-Denverton","38.196998",-121.912946,"09:04","Bryte",NA
"4361","7688","EF0323B0034",2023-03-27,"Total Kjeldahl Nitrogen","0.767","0.1","mg/L as N",NA,"N","N","Nurse-Denverton","38.196998",-121.912946,"09:04","Bryte",NA
"4362","7688","EF0323B0034",2023-03-27,"Total Suspended Solids","29.5","2.5","mg/L",NA,"N","N","Nurse-Denverton","38.196998",-121.912946,"09:04","Bryte",NA
"4363","7689","EF0323B0035",2023-03-27,"Dissolved ortho-Phosphate","0.057","0.05","mg/L as P",NA,"N","N","Nurse-Denverton","38.183992",-121.902693,"09:41","Bryte",NA
"4364","7689","EF0323B0035",2023-03-27,"Pheophytin a","2.42","0.5","ug/L",NA,"N","N","Nurse-Denverton","38.183992",-121.902693,"09:41","Bryte",NA
"4365","7689","EF0323B0035",2023-03-27,"Dissolved Organic Nitrogen","0.44","0.1","mg/L as N",NA,"N","N","Nurse-Denverton","38.183992",-121.902693,"09:41","Bryte",NA
"4366","7689","EF0323B0035",2023-03-27,"Total Kjeldahl Nitrogen","0.773","0.1","mg/L as N",NA,"N","N","Nurse-Denverton","38.183992",-121.902693,"09:41","Bryte",NA
"4367","7689","EF0323B0035",2023-03-27,"Total Phosphorus","0.161","0.01","mg/L as P",NA,"N","N","Nurse-Denverton","38.183992",-121.902693,"09:41","Bryte",NA
"4368","7689","EF0323B0035",2023-03-27,"Total Suspended Solids","44.9","2.5","mg/L",NA,"N","N","Nurse-Denverton","38.183992",-121.902693,"09:41","Bryte",NA
"4369","7689","EF0323B0035",2023-03-27,"Dissolved Ammonia","0.061","0.05","mg/L as N",NA,"N","N","Nurse-Denverton","38.183992",-121.902693,"09:41","Bryte",NA
"4370","7689","EF0323B0035",2023-03-27,"Chlorophyll a","3.68","0.5","ug/L",NA,"N","N","Nurse-Denverton","38.183992",-121.902693,"09:41","Bryte",NA
"4371","7689","EF0323B0035",2023-03-27,"Dissolved Nitrate + Nitrite","0.271","0.05","mg/L as N",NA,"N","N","Nurse-Denverton","38.183992",-121.902693,"09:41","Bryte",NA
"4372","7689","EF0323B0035",2023-03-27,"Dissolved Organic Carbon","7.9","0.5","mg/L as C",NA,"N","N","Nurse-Denverton","38.183992",-121.902693,"09:41","Bryte",NA
"4373","7689","EF0323B0035",2023-03-27,"Total Organic Carbon","7.6","0.5","mg/L as C",NA,"Y","N","Nurse-Denverton","38.183992",-121.902693,"09:41","Bryte",NA
"4374","7691","EF0323B0032",2023-03-27,"Dissolved Ammonia","0.057","0.05","mg/L as N",NA,"N","N","Blacklock Marsh","38.177868",-121.911799,"10:13","Bryte",NA
"4375","7691","EF0323B0032",2023-03-27,"Chlorophyll a","2.63","0.5","ug/L",NA,"N","N","Blacklock Marsh","38.177868",-121.911799,"10:13","Bryte",NA
"4376","7691","EF0323B0032",2023-03-27,"Dissolved Nitrate + Nitrite","0.305","0.05","mg/L as N",NA,"N","N","Blacklock Marsh","38.177868",-121.911799,"10:13","Bryte",NA
"4377","7691","EF0323B0032",2023-03-27,"Dissolved Organic Carbon","6.2","0.5","mg/L as C",NA,"N","N","Blacklock Marsh","38.177868",-121.911799,"10:13","Bryte",NA
"4378","7691","EF0323B0032",2023-03-27,"Total Organic Carbon","6.1","0.5","mg/L as C",NA,"Y","N","Blacklock Marsh","38.177868",-121.911799,"10:13","Bryte",NA
"4379","7691","EF0323B0032",2023-03-27,"Dissolved Organic Nitrogen","0.45","0.1","mg/L as N",NA,"N","N","Blacklock Marsh","38.177868",-121.911799,"10:13","Bryte",NA
"4380","7691","EF0323B0032",2023-03-27,"Dissolved ortho-Phosphate","0.064","0.05","mg/L as P",NA,"N","N","Blacklock Marsh","38.177868",-121.911799,"10:13","Bryte",NA
"4381","7691","EF0323B0032",2023-03-27,"Pheophytin a","1.21","0.5","ug/L",NA,"N","N","Blacklock Marsh","38.177868",-121.911799,"10:13","Bryte",NA
"4382","7691","EF0323B0032",2023-03-27,"Total Phosphorus","0.126","0.01","mg/L as P",NA,"N","N","Blacklock Marsh","38.177868",-121.911799,"10:13","Bryte",NA
"4383","7691","EF0323B0032",2023-03-27,"Total Suspended Solids","22.3","2.5","mg/L",NA,"N","N","Blacklock Marsh","38.177868",-121.911799,"10:13","Bryte",NA
"4384","7691","EF0323B0032",2023-03-27,"Total Kjeldahl Nitrogen","0.648","0.1","mg/L as N",NA,"N","N","Blacklock Marsh","38.177868",-121.911799,"10:13","Bryte",NA
"4385","7692","EF0323B0033",2023-03-27,"Dissolved ortho-Phosphate","0.061","0.05","mg/L as P",NA,"N","N","Blacklock Marsh","38.179968",-121.906387,"10:42","Bryte",NA
"4386","7692","EF0323B0033",2023-03-27,"Pheophytin a","1.32","0.5","ug/L",NA,"N","N","Blacklock Marsh","38.179968",-121.906387,"10:42","Bryte",NA
"4387","7692","EF0323B0033",2023-03-27,"Dissolved Organic Nitrogen","0.39","0.1","mg/L as N",NA,"N","N","Blacklock Marsh","38.179968",-121.906387,"10:42","Bryte",NA
"4388","7692","EF0323B0033",2023-03-27,"Total Phosphorus","0.128","0.01","mg/L as P",NA,"N","N","Blacklock Marsh","38.179968",-121.906387,"10:42","Bryte",NA
"4389","7692","EF0323B0033",2023-03-27,"Total Suspended Solids","20.5","2.5","mg/L",NA,"N","N","Blacklock Marsh","38.179968",-121.906387,"10:42","Bryte",NA
"4390","7692","EF0323B0033",2023-03-27,"Total Kjeldahl Nitrogen","0.609","0.1","mg/L as N",NA,"N","N","Blacklock Marsh","38.179968",-121.906387,"10:42","Bryte",NA
"4391","7692","EF0323B0033",2023-03-27,"Dissolved Ammonia","0.052","0.05","mg/L as N",NA,"N","N","Blacklock Marsh","38.179968",-121.906387,"10:42","Bryte",NA
"4392","7692","EF0323B0033",2023-03-27,"Chlorophyll a","2.06","0.5","ug/L",NA,"N","N","Blacklock Marsh","38.179968",-121.906387,"10:42","Bryte",NA
"4393","7692","EF0323B0033",2023-03-27,"Dissolved Nitrate + Nitrite","0.298","0.05","mg/L as N",NA,"N","N","Blacklock Marsh","38.179968",-121.906387,"10:42","Bryte",NA
"4394","7700","EF0523B0101",2023-05-08,"Dissolved Ammonia","<0.05","0.05","mg/L as N",NA,"N","N","Browns Island","38.042032",-121.864307,"09:43","Bryte",NA
"4395","7700","EF0523B0101",2023-05-08,"Chlorophyll a","1.42","0.5","ug/L",NA,"N","N","Browns Island","38.042032",-121.864307,"09:43","Bryte",NA
"4396","7700","EF0523B0101",2023-05-08,"Dissolved Nitrate + Nitrite","0.08","0.05","mg/L as N",NA,"N","N","Browns Island","38.042032",-121.864307,"09:43","Bryte",NA
"4397","7700","EF0523B0101",2023-05-08,"Dissolved Organic Carbon","4.1","0.5","mg/L as C",NA,"N","N","Browns Island","38.042032",-121.864307,"09:43","Bryte",NA
"4398","7700","EF0523B0101",2023-05-08,"Total Organic Carbon","4.1","0.5","mg/L as C",NA,"N","N","Browns Island","38.042032",-121.864307,"09:43","Bryte",NA
"4399","7700","EF0523B0101",2023-05-08,"Dissolved Organic Nitrogen","0.25","0.1","mg/L as N",NA,"N","N","Browns Island","38.042032",-121.864307,"09:43","Bryte",NA
"4400","7700","EF0523B0101",2023-05-08,"Dissolved ortho-Phosphate","0.079","0.05","mg/L as P",NA,"N","N","Browns Island","38.042032",-121.864307,"09:43","Bryte",NA
"4401","7700","EF0523B0101",2023-05-08,"Pheophytin a","0.93","0.5","ug/L",NA,"N","N","Browns Island","38.042032",-121.864307,"09:43","Bryte",NA
"4402","7700","EF0523B0101",2023-05-08,"Total Phosphorus","0.099","0.01","mg/L as P",NA,"N","N","Browns Island","38.042032",-121.864307,"09:43","Bryte",NA
"4403","7700","EF0523B0101",2023-05-08,"Total Suspended Solids","6.4","2.5","mg/L",NA,"N","N","Browns Island","38.042032",-121.864307,"09:43","Bryte",NA
"4404","7700","EF0523B0101",2023-05-08,"Total Kjeldahl Nitrogen","0.298","0.1","mg/L as N",NA,"N","N","Browns Island","38.042032",-121.864307,"09:43","Bryte",NA
"4405","7701","EF0523B0102",2023-05-08,"Dissolved Ammonia","<0.05","0.05","mg/L as N",NA,"N","N","Browns Island","38.044341",-121.849273,"10:17","Bryte",NA
"4406","7701","EF0523B0102",2023-05-08,"Chlorophyll a","1.73","0.5","ug/L",NA,"N","N","Browns Island","38.044341",-121.849273,"10:17","Bryte",NA
"4407","7701","EF0523B0102",2023-05-08,"Dissolved Nitrate + Nitrite","<0.05","0.05","mg/L as N",NA,"N","N","Browns Island","38.044341",-121.849273,"10:17","Bryte",NA
"4408","7701","EF0523B0102",2023-05-08,"Dissolved Organic Carbon","7.5","0.5","mg/L as C",NA,"N","N","Browns Island","38.044341",-121.849273,"10:17","Bryte",NA
"4409","7701","EF0523B0102",2023-05-08,"Total Organic Carbon","7.8","0.5","mg/L as C",NA,"N","N","Browns Island","38.044341",-121.849273,"10:17","Bryte",NA
"4410","7701","EF0523B0102",2023-05-08,"Dissolved Organic Nitrogen","0.33","0.1","mg/L as N",NA,"N","N","Browns Island","38.044341",-121.849273,"10:17","Bryte",NA
"4411","7701","EF0523B0102",2023-05-08,"Dissolved ortho-Phosphate","0.087","0.05","mg/L as P",NA,"N","N","Browns Island","38.044341",-121.849273,"10:17","Bryte",NA
"4412","7701","EF0523B0102",2023-05-08,"Pheophytin a","1.31","0.5","ug/L",NA,"N","N","Browns Island","38.044341",-121.849273,"10:17","Bryte",NA
"4413","7701","EF0523B0102",2023-05-08,"Total Phosphorus","0.114","0.01","mg/L as P",NA,"N","N","Browns Island","38.044341",-121.849273,"10:17","Bryte",NA
"4414","7701","EF0523B0102",2023-05-08,"Total Suspended Solids","7.9","2.5","mg/L",NA,"N","N","Browns Island","38.044341",-121.849273,"10:17","Bryte",NA
"4415","7701","EF0523B0102",2023-05-08,"Total Kjeldahl Nitrogen","0.486","0.1","mg/L as N",NA,"N","N","Browns Island","38.044341",-121.849273,"10:17","Bryte",NA
"4416","7721","EF0523B0098",2023-05-08,"Dissolved Ammonia","<0.05","0.05","mg/L as N",NA,"N","N","Chipps Island","38.060757",-121.908973,"11:08","Bryte",NA
"4417","7721","EF0523B0098",2023-05-08,"Chlorophyll a","2.81","0.5","ug/L",NA,"N","N","Chipps Island","38.060757",-121.908973,"11:08","Bryte",NA
"4418","7721","EF0523B0098",2023-05-08,"Dissolved Nitrate + Nitrite","<0.05","0.05","mg/L as N",NA,"N","N","Chipps Island","38.060757",-121.908973,"11:08","Bryte",NA
"4419","7721","EF0523B0098",2023-05-08,"Dissolved Organic Carbon","3.8","0.5","mg/L as C",NA,"N","N","Chipps Island","38.060757",-121.908973,"11:08","Bryte",NA
"4420","7721","EF0523B0098",2023-05-08,"Total Organic Carbon","3.5","0.5","mg/L as C",NA,"N","N","Chipps Island","38.060757",-121.908973,"11:08","Bryte",NA
"4421","7721","EF0523B0098",2023-05-08,"Dissolved Organic Nitrogen","0.17","0.1","mg/L as N",NA,"N","N","Chipps Island","38.060757",-121.908973,"11:08","Bryte",NA
"4422","7721","EF0523B0098",2023-05-08,"Dissolved ortho-Phosphate","0.068","0.05","mg/L as P",NA,"N","N","Chipps Island","38.060757",-121.908973,"11:08","Bryte",NA
"4423","7721","EF0523B0098",2023-05-08,"Pheophytin a","1.9","0.5","ug/L",NA,"N","N","Chipps Island","38.060757",-121.908973,"11:08","Bryte",NA
"4424","7721","EF0523B0098",2023-05-08,"Total Phosphorus","0.106","0.01","mg/L as P",NA,"N","N","Chipps Island","38.060757",-121.908973,"11:08","Bryte",NA
"4425","7721","EF0523B0098",2023-05-08,"Total Suspended Solids","21.7","2.5","mg/L",NA,"N","N","Chipps Island","38.060757",-121.908973,"11:08","Bryte",NA
"4426","7721","EF0523B0098",2023-05-08,"Total Kjeldahl Nitrogen","0.272","0.1","mg/L as N",NA,"N","N","Chipps Island","38.060757",-121.908973,"11:08","Bryte",NA
"4427","7722","EF0523B0096",2023-05-08,"Dissolved Ammonia","<0.05","0.05","mg/L as N",NA,"N","N","Chipps Island","38.064275",-121.898404,"11:38","Bryte",NA
"4428","7722","EF0523B0096",2023-05-08,"Chlorophyll a","2.46","0.5","ug/L",NA,"N","N","Chipps Island","38.064275",-121.898404,"11:38","Bryte",NA
"4429","7722","EF0523B0096",2023-05-08,"Dissolved Nitrate + Nitrite","0.056","0.05","mg/L as N",NA,"N","N","Chipps Island","38.064275",-121.898404,"11:38","Bryte",NA
"4430","7722","EF0523B0096",2023-05-08,"Dissolved Organic Nitrogen","0.19","0.1","mg/L as N",NA,"N","N","Chipps Island","38.064275",-121.898404,"11:38","Bryte",NA
"4431","7722","EF0523B0096",2023-05-08,"Dissolved ortho-Phosphate","0.069","0.05","mg/L as P",NA,"N","N","Chipps Island","38.064275",-121.898404,"11:38","Bryte",NA
"4432","7722","EF0523B0096",2023-05-08,"Pheophytin a","1.97","0.5","ug/L",NA,"N","N","Chipps Island","38.064275",-121.898404,"11:38","Bryte",NA
"4433","7722","EF0523B0096",2023-05-08,"Total Phosphorus","0.114","0.01","mg/L as P",NA,"N","N","Chipps Island","38.064275",-121.898404,"11:38","Bryte",NA
"4434","7722","EF0523B0096",2023-05-08,"Total Suspended Solids","23.5","2.5","mg/L",NA,"N","N","Chipps Island","38.064275",-121.898404,"11:38","Bryte",NA
"4435","7722","EF0523B0096",2023-05-08,"Total Kjeldahl Nitrogen","0.323","0.1","mg/L as N",NA,"N","N","Chipps Island","38.064275",-121.898404,"11:38","Bryte",NA
"4436","7741","EF0523B0099",2023-05-08,"Dissolved Ammonia","<0.05","0.05","mg/L as N",NA,"N","N","Honker-Spoonbill","38.071329",-121.915471,"12:50","Bryte",NA
"4437","7741","EF0523B0099",2023-05-08,"Chlorophyll a","3.86","0.5","ug/L",NA,"N","N","Honker-Spoonbill","38.071329",-121.915471,"12:50","Bryte",NA
"4438","7741","EF0523B0099",2023-05-08,"Dissolved Nitrate + Nitrite","0.17","0.05","mg/L as N",NA,"N","N","Honker-Spoonbill","38.071329",-121.915471,"12:50","Bryte",NA
"4439","7741","EF0523B0099",2023-05-08,"Dissolved Organic Carbon","2.5","0.5","mg/L as C",NA,"N","N","Honker-Spoonbill","38.071329",-121.915471,"12:50","Bryte",NA
"4440","7741","EF0523B0099",2023-05-08,"Total Organic Carbon","2.6","0.5","mg/L as C",NA,"N","N","Honker-Spoonbill","38.071329",-121.915471,"12:50","Bryte",NA
"4441","7741","EF0523B0099",2023-05-08,"Dissolved Organic Nitrogen","0.14","0.1","mg/L as N",NA,"N","N","Honker-Spoonbill","38.071329",-121.915471,"12:50","Bryte",NA
"4442","7741","EF0523B0099",2023-05-08,"Dissolved ortho-Phosphate","0.053","0.05","mg/L as P",NA,"N","N","Honker-Spoonbill","38.071329",-121.915471,"12:50","Bryte",NA
"4443","7741","EF0523B0099",2023-05-08,"Pheophytin a","1.3","0.5","ug/L",NA,"N","N","Honker-Spoonbill","38.071329",-121.915471,"12:50","Bryte",NA
"4444","7741","EF0523B0099",2023-05-08,"Total Phosphorus","0.07","0.01","mg/L as P",NA,"N","N","Honker-Spoonbill","38.071329",-121.915471,"12:50","Bryte",NA
"4445","7741","EF0523B0099",2023-05-08,"Total Suspended Solids","13","2.5","mg/L",NA,"N","N","Honker-Spoonbill","38.071329",-121.915471,"12:50","Bryte",NA
"4446","7741","EF0523B0099",2023-05-08,"Total Kjeldahl Nitrogen","0.196","0.1","mg/L as N",NA,"N","N","Honker-Spoonbill","38.071329",-121.915471,"12:50","Bryte",NA
"4447","7743","EF0523B0100",2023-05-08,"Dissolved Ammonia","<0.05","0.05","mg/L as N",NA,"N","N","Honker-Spoonbill","38.063584",-121.896017,"13:24","Bryte",NA
"4448","7743","EF0523B0100",2023-05-08,"Chlorophyll a","2.73","0.5","ug/L",NA,"N","N","Honker-Spoonbill","38.063584",-121.896017,"13:24","Bryte",NA
"4449","7743","EF0523B0100",2023-05-08,"Dissolved Nitrate + Nitrite","0.2","0.05","mg/L as N",NA,"N","N","Honker-Spoonbill","38.063584",-121.896017,"13:24","Bryte",NA
"4450","7743","EF0523B0100",2023-05-08,"Dissolved Organic Carbon","2.4","0.5","mg/L as C",NA,"N","N","Honker-Spoonbill","38.063584",-121.896017,"13:24","Bryte",NA
"4451","7743","EF0523B0100",2023-05-08,"Total Organic Carbon","2.4","0.5","mg/L as C",NA,"N","N","Honker-Spoonbill","38.063584",-121.896017,"13:24","Bryte",NA
"4452","7743","EF0523B0100",2023-05-08,"Dissolved Organic Nitrogen","0.12","0.1","mg/L as N",NA,"N","N","Honker-Spoonbill","38.063584",-121.896017,"13:24","Bryte",NA
"4453","7743","EF0523B0100",2023-05-08,"Dissolved ortho-Phosphate","0.05","0.05","mg/L as P",NA,"N","N","Honker-Spoonbill","38.063584",-121.896017,"13:24","Bryte",NA
"4454","7743","EF0523B0100",2023-05-08,"Pheophytin a","1.13","0.5","ug/L",NA,"N","N","Honker-Spoonbill","38.063584",-121.896017,"13:24","Bryte",NA
"4455","7743","EF0523B0100",2023-05-08,"Total Phosphorus","0.071","0.01","mg/L as P",NA,"N","N","Honker-Spoonbill","38.063584",-121.896017,"13:24","Bryte",NA
"4456","7743","EF0523B0100",2023-05-08,"Total Suspended Solids","24.6","2.5","mg/L",NA,"N","N","Honker-Spoonbill","38.063584",-121.896017,"13:24","Bryte",NA
"4457","7743","EF0523B0100",2023-05-08,"Total Kjeldahl Nitrogen","0.175","0.1","mg/L as N",NA,"N","N","Honker-Spoonbill","38.063584",-121.896017,"13:24","Bryte",NA
"4458","7745","EF0523B0105",2023-05-22,"Dissolved Ammonia","<0.05","0.05","mg/L as N",NA,"N","N","Winter Island","38.051948",-121.852571,"09:26","Bryte",NA
"4459","7745","EF0523B0105",2023-05-22,"Chlorophyll a","2.37","0.5","ug/L",NA,"N","Y","Winter Island","38.051948",-121.852571,"09:26","Bryte",NA
"4460","7745","EF0523B0105",2023-05-22,"Dissolved Nitrate + Nitrite","0.057","0.05","mg/L as N",NA,"N","N","Winter Island","38.051948",-121.852571,"09:26","Bryte",NA
"4461","7745","EF0523B0105",2023-05-22,"Dissolved Organic Nitrogen","0.22","0.1","mg/L as N",NA,"N","N","Winter Island","38.051948",-121.852571,"09:26","Bryte",NA
"4462","7745","EF0523B0105",2023-05-22,"Dissolved ortho-Phosphate","0.083","0.05","mg/L as P",NA,"N","N","Winter Island","38.051948",-121.852571,"09:26","Bryte",NA
"4463","7745","EF0523B0105",2023-05-22,"Pheophytin a","0.91","0.5","ug/L",NA,"N","Y","Winter Island","38.051948",-121.852571,"09:26","Bryte",NA
"4464","7745","EF0523B0105",2023-05-22,"Total Phosphorus","0.102","0.01","mg/L as P",NA,"N","N","Winter Island","38.051948",-121.852571,"09:26","Bryte",NA
"4465","7745","EF0523B0105",2023-05-22,"Total Suspended Solids","7.1","2.5","mg/L",NA,"N","N","Winter Island","38.051948",-121.852571,"09:26","Bryte",NA
"4466","7745","EF0523B0105",2023-05-22,"Total Kjeldahl Nitrogen","0.327","0.1","mg/L as N",NA,"N","N","Winter Island","38.051948",-121.852571,"09:26","Bryte",NA
"4467","7747","EF0523B0107",2023-05-22,"Chlorophyll a","1.59","0.5","ug/L",NA,"N","N","Winter Island","38.045101",-121.852438,"10:15","Bryte",NA
"4468","7747","EF0523B0107",2023-05-22,"Dissolved Organic Nitrogen","0.24","0.1","mg/L as N",NA,"N","N","Winter Island","38.045101",-121.852438,"10:15","Bryte",NA
"4469","7747","EF0523B0107",2023-05-22,"Dissolved Nitrate + Nitrite","<0.05","0.05","mg/L as N",NA,"N","N","Winter Island","38.045101",-121.852438,"10:15","Bryte",NA
"4470","7747","EF0523B0107",2023-05-22,"Dissolved Organic Carbon","4","0.5","mg/L as C",NA,"N","N","Winter Island","38.045101",-121.852438,"10:15","Bryte",NA
"4471","7747","EF0523B0107",2023-05-22,"Total Organic Carbon","4.1","0.5","mg/L as C",NA,"N","N","Winter Island","38.045101",-121.852438,"10:15","Bryte",NA
"4472","7747","EF0523B0107",2023-05-22,"Dissolved Ammonia","<0.05","0.05","mg/L as N",NA,"N","N","Winter Island","38.045101",-121.852438,"10:15","Bryte",NA
"4473","7747","EF0523B0107",2023-05-22,"Total Suspended Solids","4.9","2.5","mg/L",NA,"N","N","Winter Island","38.045101",-121.852438,"10:15","Bryte",NA
"4474","7747","EF0523B0107",2023-05-22,"Dissolved ortho-Phosphate","0.102","0.05","mg/L as P",NA,"N","N","Winter Island","38.045101",-121.852438,"10:15","Bryte",NA
"4475","7747","EF0523B0107",2023-05-22,"Pheophytin a","0.55","0.5","ug/L",NA,"N","N","Winter Island","38.045101",-121.852438,"10:15","Bryte",NA
"4476","7747","EF0523B0107",2023-05-22,"Total Phosphorus","0.119","0.01","mg/L as P",NA,"N","N","Winter Island","38.045101",-121.852438,"10:15","Bryte",NA
"4477","7747","EF0523B0107",2023-05-22,"Total Kjeldahl Nitrogen","0.369","0.1","mg/L as N",NA,"N","N","Winter Island","38.045101",-121.852438,"10:15","Bryte",NA
"4478","7749","EF0523B0108",2023-05-22,"Total Organic Carbon","2.6","0.5","mg/L as C",NA,"N","N","Broad Slough","38.030958",-121.838242,"14:04","Bryte",NA
"4479","7749","EF0523B0108",2023-05-22,"Dissolved ortho-Phosphate","0.055","0.05","mg/L as P",NA,"N","N","Broad Slough","38.030958",-121.838242,"14:04","Bryte",NA
"4480","7749","EF0523B0108",2023-05-22,"Pheophytin a","1.8","0.5","ug/L",NA,"N","N","Broad Slough","38.030958",-121.838242,"14:04","Bryte",NA
"4481","7749","EF0523B0108",2023-05-22,"Total Phosphorus","0.064","0.01","mg/L as P",NA,"N","N","Broad Slough","38.030958",-121.838242,"14:04","Bryte",NA
"4482","7749","EF0523B0108",2023-05-22,"Dissolved Organic Nitrogen","0.15","0.1","mg/L as N",NA,"N","N","Broad Slough","38.030958",-121.838242,"14:04","Bryte",NA
"4483","7749","EF0523B0108",2023-05-22,"Dissolved Ammonia","<0.05","0.05","mg/L as N",NA,"N","N","Broad Slough","38.030958",-121.838242,"14:04","Bryte",NA
"4484","7749","EF0523B0108",2023-05-22,"Chlorophyll a","3","0.5","ug/L",NA,"N","N","Broad Slough","38.030958",-121.838242,"14:04","Bryte",NA
"4485","7749","EF0523B0108",2023-05-22,"Dissolved Nitrate + Nitrite","0.107","0.05","mg/L as N",NA,"N","N","Broad Slough","38.030958",-121.838242,"14:04","Bryte",NA
"4486","7749","EF0523B0108",2023-05-22,"Dissolved Organic Carbon","2.4","0.5","mg/L as C",NA,"N","N","Broad Slough","38.030958",-121.838242,"14:04","Bryte",NA
"4487","7749","EF0523B0108",2023-05-22,"Total Suspended Solids","12.1","2.5","mg/L",NA,"N","N","Broad Slough","38.030958",-121.838242,"14:04","Bryte",NA
"4488","7749","EF0523B0108",2023-05-22,"Total Kjeldahl Nitrogen","0.154","0.1","mg/L as N",NA,"N","N","Broad Slough","38.030958",-121.838242,"14:04","Bryte",NA
"4489","7762","EF0523B0109",2023-05-22,"Total Suspended Solids","14.1","2.5","mg/L",NA,"N","N","Broad Slough","38.048784",-121.84804,"11:25","Bryte",NA
"4490","7762","EF0523B0109",2023-05-22,"Total Kjeldahl Nitrogen","0.282","0.1","mg/L as N",NA,"N","N","Broad Slough","38.048784",-121.84804,"11:25","Bryte",NA
"4491","7762","EF0523B0109",2023-05-22,"Pheophytin a","1.77","0.5","ug/L",NA,"N","N","Broad Slough","38.048784",-121.84804,"11:25","Bryte",NA
"4492","7762","EF0523B0109",2023-05-22,"Total Phosphorus","0.091","0.01","mg/L as P",NA,"N","N","Broad Slough","38.048784",-121.84804,"11:25","Bryte",NA
"4493","7762","EF0523B0109",2023-05-22,"Dissolved Ammonia","<0.05","0.05","mg/L as N",NA,"N","N","Broad Slough","38.048784",-121.84804,"11:25","Bryte",NA
"4494","7762","EF0523B0109",2023-05-22,"Chlorophyll a","2.73","0.5","ug/L",NA,"N","N","Broad Slough","38.048784",-121.84804,"11:25","Bryte",NA
"4495","7762","EF0523B0109",2023-05-22,"Dissolved Nitrate + Nitrite","0.086","0.05","mg/L as N",NA,"N","N","Broad Slough","38.048784",-121.84804,"11:25","Bryte",NA
"4496","7762","EF0523B0109",2023-05-22,"Dissolved Organic Carbon","3","0.5","mg/L as C",NA,"N","N","Broad Slough","38.048784",-121.84804,"11:25","Bryte",NA
"4497","7762","EF0523B0109",2023-05-22,"Total Organic Carbon","2.8","0.5","mg/L as C",NA,"N","N","Broad Slough","38.048784",-121.84804,"11:25","Bryte",NA
"4498","7762","EF0523B0109",2023-05-22,"Dissolved Organic Nitrogen","0.18","0.1","mg/L as N",NA,"N","N","Broad Slough","38.048784",-121.84804,"11:25","Bryte",NA
"4499","7762","EF0523B0109",2023-05-22,"Dissolved ortho-Phosphate","0.072","0.05","mg/L as P",NA,"N","N","Broad Slough","38.048784",-121.84804,"11:25","Bryte",NA
"4500","8121","EF0823B0125",2023-08-02,"Dissolved Ammonia","<0.05","0.05","mg/L as N",NA,"N","N","Decker Island","38.084336",-121.723954,"07:31","Bryte",NA
"4501","8121","EF0823B0125",2023-08-02,"Chlorophyll a","1.55","0.5","ug/L",NA,"N","N","Decker Island","38.084336",-121.723954,"07:31","Bryte",NA
"4502","8121","EF0823B0125",2023-08-02,"Dissolved Nitrate + Nitrite","0.057","0.05","mg/L as N",NA,"N","N","Decker Island","38.084336",-121.723954,"07:31","Bryte",NA
"4503","8121","EF0823B0125",2023-08-02,"Dissolved Organic Carbon","2.4","0.5","mg/L as C",NA,"N","N","Decker Island","38.084336",-121.723954,"07:31","Bryte",NA
"4504","8121","EF0823B0125",2023-08-02,"Total Organic Carbon","2.3","0.5","mg/L as C",NA,"N","N","Decker Island","38.084336",-121.723954,"07:31","Bryte",NA
"4505","8121","EF0823B0125",2023-08-02,"Dissolved Organic Nitrogen","0.1","0.1","mg/L as N",NA,"N","N","Decker Island","38.084336",-121.723954,"07:31","Bryte",NA
"4506","8121","EF0823B0125",2023-08-02,"Dissolved ortho-Phosphate","<0.05","0.05","mg/L as P",NA,"N","N","Decker Island","38.084336",-121.723954,"07:31","Bryte",NA
"4507","8121","EF0823B0125",2023-08-02,"Pheophytin a","1.04","0.5","ug/L",NA,"N","N","Decker Island","38.084336",-121.723954,"07:31","Bryte",NA
"4508","8121","EF0823B0125",2023-08-02,"Total Phosphorus","0.051","0.01","mg/L as P",NA,"N","N","Decker Island","38.084336",-121.723954,"07:31","Bryte",NA
"4509","8121","EF0823B0125",2023-08-02,"Total Kjeldahl Nitrogen","0.152","0.1","mg/L as N",NA,"N","N","Decker Island","38.084336",-121.723954,"07:31","Bryte",NA
"4510","8123","EF0823B0126",2023-08-02,"Dissolved Ammonia","<0.05","0.05","mg/L as N",NA,"N","N","Decker Island","38.084971",-121.723259,"07:54","Bryte",NA
"4511","8123","EF0823B0126",2023-08-02,"Chlorophyll a","1.17","0.5","ug/L",NA,"N","N","Decker Island","38.084971",-121.723259,"07:54","Bryte",NA
"4512","8123","EF0823B0126",2023-08-02,"Dissolved Nitrate + Nitrite","0.054","0.05","mg/L as N",NA,"N","N","Decker Island","38.084971",-121.723259,"07:54","Bryte",NA
"4513","8123","EF0823B0126",2023-08-02,"Dissolved Organic Carbon","2.5","0.5","mg/L as C",NA,"N","N","Decker Island","38.084971",-121.723259,"07:54","Bryte",NA
"4514","8123","EF0823B0126",2023-08-02,"Total Organic Carbon","2.3","0.5","mg/L as C",NA,"N","N","Decker Island","38.084971",-121.723259,"07:54","Bryte",NA
"4515","8123","EF0823B0126",2023-08-02,"Dissolved Organic Nitrogen","0.12","0.1","mg/L as N",NA,"N","N","Decker Island","38.084971",-121.723259,"07:54","Bryte",NA
"4516","8123","EF0823B0126",2023-08-02,"Dissolved ortho-Phosphate","0.053","0.05","mg/L as P",NA,"N","N","Decker Island","38.084971",-121.723259,"07:54","Bryte",NA
"4517","8123","EF0823B0126",2023-08-02,"Pheophytin a","0.76","0.5","ug/L",NA,"N","N","Decker Island","38.084971",-121.723259,"07:54","Bryte",NA
"4518","8123","EF0823B0126",2023-08-02,"Total Phosphorus","0.056","0.01","mg/L as P",NA,"N","N","Decker Island","38.084971",-121.723259,"07:54","Bryte",NA
"4519","8123","EF0823B0126",2023-08-02,"Total Kjeldahl Nitrogen","0.198","0.1","mg/L as N",NA,"N","N","Decker Island","38.084971",-121.723259,"07:54","Bryte",NA
"4520","8124","EF0823B0131",2023-08-02,"Dissolved Ammonia","<0.05","0.05","mg/L as N",NA,"N","N","Browns Island","38.039392",-121.858317,"08:58","Bryte",NA
"4521","8124","EF0823B0131",2023-08-02,"Chlorophyll a","0.93","0.5","ug/L",NA,"N","N","Browns Island","38.039392",-121.858317,"08:58","Bryte",NA
"4522","8124","EF0823B0131",2023-08-02,"Dissolved Nitrate + Nitrite","<0.05","0.05","mg/L as N",NA,"N","N","Browns Island","38.039392",-121.858317,"08:58","Bryte",NA
"4523","8124","EF0823B0131",2023-08-02,"Dissolved Organic Carbon","6.1","0.5","mg/L as C",NA,"N","N","Browns Island","38.039392",-121.858317,"08:58","Bryte",NA
"4524","8124","EF0823B0131",2023-08-02,"Total Organic Carbon","6.2","0.5","mg/L as C",NA,"N","N","Browns Island","38.039392",-121.858317,"08:58","Bryte",NA
"4525","8124","EF0823B0131",2023-08-02,"Dissolved Organic Nitrogen","0.26","0.1","mg/L as N",NA,"N","N","Browns Island","38.039392",-121.858317,"08:58","Bryte",NA
"4526","8124","EF0823B0131",2023-08-02,"Dissolved ortho-Phosphate","0.071","0.05","mg/L as P",NA,"N","N","Browns Island","38.039392",-121.858317,"08:58","Bryte",NA
"4527","8124","EF0823B0131",2023-08-02,"Pheophytin a","0.65","0.5","ug/L",NA,"N","N","Browns Island","38.039392",-121.858317,"08:58","Bryte",NA
"4528","8124","EF0823B0131",2023-08-02,"Total Phosphorus","0.062","0.01","mg/L as P",NA,"N","N","Browns Island","38.039392",-121.858317,"08:58","Bryte",NA
"4529","8124","EF0823B0131",2023-08-02,"Total Kjeldahl Nitrogen","0.311","0.1","mg/L as N",NA,"N","N","Browns Island","38.039392",-121.858317,"08:58","Bryte",NA
"4530","8126","EF0823B0132",2023-08-02,"Dissolved Ammonia","<0.05","0.05","mg/L as N",NA,"N","N","Browns Island","38.033325",-121.856812,"09:49","Bryte",NA
"4531","8126","EF0823B0132",2023-08-02,"Chlorophyll a","2.5","0.5","ug/L",NA,"N","N","Browns Island","38.033325",-121.856812,"09:49","Bryte",NA
"4532","8126","EF0823B0132",2023-08-02,"Dissolved Nitrate + Nitrite","<0.05","0.05","mg/L as N",NA,"N","N","Browns Island","38.033325",-121.856812,"09:49","Bryte",NA
"4533","8126","EF0823B0132",2023-08-02,"Dissolved Organic Carbon","3.4","0.5","mg/L as C",NA,"N","N","Browns Island","38.033325",-121.856812,"09:49","Bryte",NA
"4534","8126","EF0823B0132",2023-08-02,"Total Organic Carbon","3.4","0.5","mg/L as C",NA,"N","N","Browns Island","38.033325",-121.856812,"09:49","Bryte",NA
"4535","8126","EF0823B0132",2023-08-02,"Dissolved Organic Nitrogen","0.2","0.1","mg/L as N",NA,"N","N","Browns Island","38.033325",-121.856812,"09:49","Bryte",NA
"4536","8126","EF0823B0132",2023-08-02,"Dissolved ortho-Phosphate","0.06","0.05","mg/L as P",NA,"N","N","Browns Island","38.033325",-121.856812,"09:49","Bryte",NA
"4537","8126","EF0823B0132",2023-08-02,"Pheophytin a","1.17","0.5","ug/L",NA,"N","N","Browns Island","38.033325",-121.856812,"09:49","Bryte",NA
"4538","8126","EF0823B0132",2023-08-02,"Total Phosphorus","0.062","0.01","mg/L as P",NA,"N","N","Browns Island","38.033325",-121.856812,"09:49","Bryte",NA
"4539","8126","EF0823B0132",2023-08-02,"Total Kjeldahl Nitrogen","0.383","0.1","mg/L as N",NA,"N","N","Browns Island","38.033325",-121.856812,"09:49","Bryte",NA
"4540","8127","EF0823B0129",2023-08-02,"Dissolved Ammonia","<0.05","0.05","mg/L as N",NA,"N","N","Winter Island","38.029663",-121.841512,"10:17","Bryte",NA
"4541","8127","EF0823B0129",2023-08-02,"Chlorophyll a","1.17","0.5","ug/L",NA,"N","N","Winter Island","38.029663",-121.841512,"10:17","Bryte",NA
"4542","8127","EF0823B0129",2023-08-02,"Dissolved Nitrate + Nitrite","<0.05","0.05","mg/L as N",NA,"N","N","Winter Island","38.029663",-121.841512,"10:17","Bryte",NA
"4543","8127","EF0823B0129",2023-08-02,"Dissolved Organic Nitrogen","0.17","0.1","mg/L as N",NA,"N","N","Winter Island","38.029663",-121.841512,"10:17","Bryte",NA
"4544","8127","EF0823B0129",2023-08-02,"Dissolved ortho-Phosphate","0.07","0.05","mg/L as P",NA,"N","N","Winter Island","38.029663",-121.841512,"10:17","Bryte",NA
"4545","8127","EF0823B0129",2023-08-02,"Pheophytin a","1.13","0.5","ug/L",NA,"N","N","Winter Island","38.029663",-121.841512,"10:17","Bryte",NA
"4546","8127","EF0823B0129",2023-08-02,"Total Phosphorus","0.063","0.01","mg/L as P",NA,"N","N","Winter Island","38.029663",-121.841512,"10:17","Bryte",NA
"4547","8127","EF0823B0129",2023-08-02,"Total Kjeldahl Nitrogen","0.271","0.1","mg/L as N",NA,"N","N","Winter Island","38.029663",-121.841512,"10:17","Bryte",NA
"4548","8128","EF0823B0130",2023-08-02,"Dissolved Ammonia","<0.05","0.05","mg/L as N",NA,"N","N","Winter Island","38.047392",-121.849159,"10:51","Bryte",NA
"4549","8128","EF0823B0130",2023-08-02,"Chlorophyll a","1","0.5","ug/L",NA,"N","N","Winter Island","38.047392",-121.849159,"10:51","Bryte",NA
"4550","8128","EF0823B0130",2023-08-02,"Dissolved Nitrate + Nitrite","<0.05","0.05","mg/L as N",NA,"N","N","Winter Island","38.047392",-121.849159,"10:51","Bryte",NA
"4551","8128","EF0823B0130",2023-08-02,"Dissolved Organic Carbon","3.7","0.5","mg/L as C",NA,"N","N","Winter Island","38.047392",-121.849159,"10:51","Bryte",NA
"4552","8128","EF0823B0130",2023-08-02,"Total Organic Carbon","3.6","0.5","mg/L as C",NA,"N","N","Winter Island","38.047392",-121.849159,"10:51","Bryte",NA
"4553","8128","EF0823B0130",2023-08-02,"Dissolved Organic Nitrogen","0.17","0.1","mg/L as N",NA,"N","N","Winter Island","38.047392",-121.849159,"10:51","Bryte",NA
"4554","8128","EF0823B0130",2023-08-02,"Dissolved ortho-Phosphate","0.074","0.05","mg/L as P",NA,"N","N","Winter Island","38.047392",-121.849159,"10:51","Bryte",NA
"4555","8128","EF0823B0130",2023-08-02,"Pheophytin a","0.8","0.5","ug/L",NA,"N","N","Winter Island","38.047392",-121.849159,"10:51","Bryte",NA
"4556","8128","EF0823B0130",2023-08-02,"Total Phosphorus","0.059","0.01","mg/L as P",NA,"N","N","Winter Island","38.047392",-121.849159,"10:51","Bryte",NA
"4557","8128","EF0823B0130",2023-08-02,"Total Kjeldahl Nitrogen","0.307","0.1","mg/L as N",NA,"N","N","Winter Island","38.047392",-121.849159,"10:51","Bryte",NA
"4558","8130","EF0823B0127",2023-08-02,"Dissolved Ammonia","<0.05","0.05","mg/L as N",NA,"N","N","Webb Tract Islands and Berms","38.096099",-121.589651,"12:09","Bryte",NA
"4559","8130","EF0823B0127",2023-08-02,"Chlorophyll a","0.86","0.5","ug/L",NA,"N","N","Webb Tract Islands and Berms","38.096099",-121.589651,"12:09","Bryte",NA
"4560","8130","EF0823B0127",2023-08-02,"Dissolved Nitrate + Nitrite","<0.05","0.05","mg/L as N",NA,"N","N","Webb Tract Islands and Berms","38.096099",-121.589651,"12:09","Bryte",NA
"4561","8130","EF0823B0127",2023-08-02,"Dissolved Organic Carbon","2.9","0.5","mg/L as C",NA,"N","N","Webb Tract Islands and Berms","38.096099",-121.589651,"12:09","Bryte",NA
"4562","8130","EF0823B0127",2023-08-02,"Total Organic Carbon","2.7","0.5","mg/L as C",NA,"N","N","Webb Tract Islands and Berms","38.096099",-121.589651,"12:09","Bryte",NA
"4563","8130","EF0823B0127",2023-08-02,"Dissolved Organic Nitrogen","0.18","0.1","mg/L as N",NA,"N","N","Webb Tract Islands and Berms","38.096099",-121.589651,"12:09","Bryte",NA
"4564","8130","EF0823B0127",2023-08-02,"Dissolved ortho-Phosphate","0.077","0.05","mg/L as P",NA,"N","N","Webb Tract Islands and Berms","38.096099",-121.589651,"12:09","Bryte",NA
"4565","8130","EF0823B0127",2023-08-02,"Pheophytin a","0.58","0.5","ug/L",NA,"N","N","Webb Tract Islands and Berms","38.096099",-121.589651,"12:09","Bryte",NA
"4566","8130","EF0823B0127",2023-08-02,"Total Phosphorus","0.058","0.01","mg/L as P",NA,"N","N","Webb Tract Islands and Berms","38.096099",-121.589651,"12:09","Bryte",NA
"4567","8130","EF0823B0127",2023-08-02,"Total Kjeldahl Nitrogen","0.199","0.1","mg/L as N",NA,"N","N","Webb Tract Islands and Berms","38.096099",-121.589651,"12:09","Bryte",NA
"4568","8132","EF0823B0128",2023-08-02,"Dissolved Ammonia","<0.05","0.05","mg/L as N",NA,"N","N","Webb Tract Islands and Berms","38.094633",-121.590074,"12:47","Bryte",NA
"4569","8132","EF0823B0128",2023-08-02,"Chlorophyll a","1.09","0.5","ug/L",NA,"N","N","Webb Tract Islands and Berms","38.094633",-121.590074,"12:47","Bryte",NA
"4570","8132","EF0823B0128",2023-08-02,"Dissolved Nitrate + Nitrite","<0.05","0.05","mg/L as N",NA,"N","N","Webb Tract Islands and Berms","38.094633",-121.590074,"12:47","Bryte",NA
"4571","8132","EF0823B0128",2023-08-02,"Dissolved Organic Carbon","2.4","0.5","mg/L as C",NA,"N","N","Webb Tract Islands and Berms","38.094633",-121.590074,"12:47","Bryte",NA
"4572","8132","EF0823B0128",2023-08-02,"Total Organic Carbon","2.5","0.5","mg/L as C",NA,"N","N","Webb Tract Islands and Berms","38.094633",-121.590074,"12:47","Bryte",NA
"4573","8132","EF0823B0128",2023-08-02,"Dissolved Organic Nitrogen","0.1","0.1","mg/L as N",NA,"N","N","Webb Tract Islands and Berms","38.094633",-121.590074,"12:47","Bryte",NA
"4574","8132","EF0823B0128",2023-08-02,"Dissolved ortho-Phosphate","0.07","0.05","mg/L as P",NA,"N","N","Webb Tract Islands and Berms","38.094633",-121.590074,"12:47","Bryte",NA
"4575","8132","EF0823B0128",2023-08-02,"Pheophytin a","<0.5","0.5","ug/L",NA,"N","N","Webb Tract Islands and Berms","38.094633",-121.590074,"12:47","Bryte",NA
"4576","8132","EF0823B0128",2023-08-02,"Total Phosphorus","0.055","0.01","mg/L as P",NA,"N","N","Webb Tract Islands and Berms","38.094633",-121.590074,"12:47","Bryte",NA
"4577","8132","EF0823B0128",2023-08-02,"Total Kjeldahl Nitrogen","0.218","0.1","mg/L as N",NA,"N","N","Webb Tract Islands and Berms","38.094633",-121.590074,"12:47","Bryte",NA
"4578","8133","EF0823B0116",2023-08-01,"Dissolved Ammonia","<0.05","0.05","mg/L as N",NA,"N","N","Liberty Island","38.29573",-121.68851,"07:40","Bryte",NA
"4579","8133","EF0823B0116",2023-08-01,"Chlorophyll a","3.86","0.5","ug/L",NA,"N","N","Liberty Island","38.29573",-121.68851,"07:40","Bryte",NA
"4580","8133","EF0823B0116",2023-08-01,"Dissolved Nitrate + Nitrite","<0.05","0.05","mg/L as N",NA,"N","N","Liberty Island","38.29573",-121.68851,"07:40","Bryte",NA
"4581","8133","EF0823B0116",2023-08-01,"Dissolved Organic Carbon","4.2","0.5","mg/L as C",NA,"N","N","Liberty Island","38.29573",-121.68851,"07:40","Bryte",NA
"4582","8133","EF0823B0116",2023-08-01,"Total Organic Carbon","4.3","0.5","mg/L as C",NA,"N","N","Liberty Island","38.29573",-121.68851,"07:40","Bryte",NA
"4583","8133","EF0823B0116",2023-08-01,"Dissolved Organic Nitrogen","0.28","0.1","mg/L as N",NA,"N","N","Liberty Island","38.29573",-121.68851,"07:40","Bryte",NA
"4584","8133","EF0823B0116",2023-08-01,"Dissolved ortho-Phosphate","0.163","0.05","mg/L as P",NA,"N","N","Liberty Island","38.29573",-121.68851,"07:40","Bryte",NA
"4585","8133","EF0823B0116",2023-08-01,"Pheophytin a","1.6","0.5","ug/L",NA,"N","N","Liberty Island","38.29573",-121.68851,"07:40","Bryte",NA
"4586","8133","EF0823B0116",2023-08-01,"Total Phosphorus","0.179","0.01","mg/L as P",NA,"N","N","Liberty Island","38.29573",-121.68851,"07:40","Bryte",NA
"4587","8133","EF0823B0116",2023-08-01,"Total Kjeldahl Nitrogen","0.347","0.1","mg/L as N",NA,"N","N","Liberty Island","38.29573",-121.68851,"07:40","Bryte",NA
"4588","8134","EF0823B0117",2023-08-01,"Dissolved Ammonia","<0.05","0.05","mg/L as N",NA,"N","N","Liberty Island","38.303868",-121.675876,"08:08","Bryte",NA
"4589","8134","EF0823B0117",2023-08-01,"Chlorophyll a","0.83","0.5","ug/L",NA,"N","N","Liberty Island","38.303868",-121.675876,"08:08","Bryte",NA
"4590","8134","EF0823B0117",2023-08-01,"Dissolved Nitrate + Nitrite","<0.05","0.05","mg/L as N",NA,"N","N","Liberty Island","38.303868",-121.675876,"08:08","Bryte",NA
"4591","8134","EF0823B0117",2023-08-01,"Dissolved Organic Carbon","5.4","0.5","mg/L as C",NA,"N","N","Liberty Island","38.303868",-121.675876,"08:08","Bryte",NA
"4592","8134","EF0823B0117",2023-08-01,"Total Organic Carbon","4.8","0.5","mg/L as C",NA,"N","N","Liberty Island","38.303868",-121.675876,"08:08","Bryte",NA
"4593","8134","EF0823B0117",2023-08-01,"Dissolved Organic Nitrogen","0.28","0.1","mg/L as N",NA,"N","N","Liberty Island","38.303868",-121.675876,"08:08","Bryte",NA
"4594","8134","EF0823B0117",2023-08-01,"Dissolved ortho-Phosphate","0.171","0.05","mg/L as P",NA,"N","N","Liberty Island","38.303868",-121.675876,"08:08","Bryte",NA
"4595","8134","EF0823B0117",2023-08-01,"Pheophytin a","1.13","0.5","ug/L",NA,"N","N","Liberty Island","38.303868",-121.675876,"08:08","Bryte",NA
"4596","8134","EF0823B0117",2023-08-01,"Total Phosphorus","0.205","0.01","mg/L as P",NA,"N","N","Liberty Island","38.303868",-121.675876,"08:08","Bryte",NA
"4597","8134","EF0823B0117",2023-08-01,"Total Kjeldahl Nitrogen","0.464","0.1","mg/L as N",NA,"N","N","Liberty Island","38.303868",-121.675876,"08:08","Bryte",NA
"4598","8135","EF0823B0114",2023-08-01,"Dissolved Ammonia","<0.05","0.05","mg/L as N",NA,"N","N","Lower Yolo Ranch","38.349994",-121.667033,"08:57","Bryte",NA
"4599","8135","EF0823B0114",2023-08-01,"Chlorophyll a","2.08","0.5","ug/L",NA,"N","N","Lower Yolo Ranch","38.349994",-121.667033,"08:57","Bryte",NA
"4600","8135","EF0823B0114",2023-08-01,"Dissolved Nitrate + Nitrite","<0.05","0.05","mg/L as N",NA,"N","N","Lower Yolo Ranch","38.349994",-121.667033,"08:57","Bryte",NA
"4601","8135","EF0823B0114",2023-08-01,"Dissolved Organic Carbon","6","0.5","mg/L as C",NA,"N","N","Lower Yolo Ranch","38.349994",-121.667033,"08:57","Bryte",NA
"4602","8135","EF0823B0114",2023-08-01,"Total Organic Carbon","5.4","0.5","mg/L as C",NA,"N","N","Lower Yolo Ranch","38.349994",-121.667033,"08:57","Bryte",NA
"4603","8135","EF0823B0114",2023-08-01,"Dissolved Organic Nitrogen","0.34","0.1","mg/L as N",NA,"N","N","Lower Yolo Ranch","38.349994",-121.667033,"08:57","Bryte",NA
"4604","8135","EF0823B0114",2023-08-01,"Dissolved ortho-Phosphate","0.183","0.05","mg/L as P",NA,"N","N","Lower Yolo Ranch","38.349994",-121.667033,"08:57","Bryte",NA
"4605","8135","EF0823B0114",2023-08-01,"Pheophytin a","0.98","0.5","ug/L",NA,"N","N","Lower Yolo Ranch","38.349994",-121.667033,"08:57","Bryte",NA
"4606","8135","EF0823B0114",2023-08-01,"Total Phosphorus","0.231","0.01","mg/L as P",NA,"N","N","Lower Yolo Ranch","38.349994",-121.667033,"08:57","Bryte",NA
"4607","8135","EF0823B0114",2023-08-01,"Total Kjeldahl Nitrogen","0.504","0.1","mg/L as N",NA,"N","N","Lower Yolo Ranch","38.349994",-121.667033,"08:57","Bryte",NA
"4608","8261","EF1023B0182",2023-10-19,"Dissolved Ammonia","<0.05","0.05","mg/L as N",NA,"N","N","Browns Island","38.039302",-121.858185,"08:51","Bryte",NA
"4609","8261","EF1023B0182",2023-10-19,"Chlorophyll a","0.64","0.5","ug/L",NA,"N","N","Browns Island","38.039302",-121.858185,"08:51","Bryte",NA
"4610","8261","EF1023B0182",2023-10-19,"Dissolved Nitrate + Nitrite","<0.05","0.05","mg/L as N",NA,"N","N","Browns Island","38.039302",-121.858185,"08:51","Bryte",NA
"4611","8261","EF1023B0182",2023-10-19,"Dissolved Organic Carbon","4","0.5","mg/L as C",NA,"N","N","Browns Island","38.039302",-121.858185,"08:51","Bryte",NA
"4612","8261","EF1023B0182",2023-10-19,"Total Organic Carbon","3.9","0.5","mg/L as C",NA,"N","N","Browns Island","38.039302",-121.858185,"08:51","Bryte",NA
"4613","8261","EF1023B0182",2023-10-19,"Dissolved Organic Nitrogen","0.13","0.1","mg/L as N",NA,"N","N","Browns Island","38.039302",-121.858185,"08:51","Bryte",NA
"4614","8261","EF1023B0182",2023-10-19,"Dissolved ortho-Phosphate","0.07","0.05","mg/L as P",NA,"N","N","Browns Island","38.039302",-121.858185,"08:51","Bryte",NA
"4615","8261","EF1023B0182",2023-10-19,"Pheophytin a","0.62","0.5","ug/L",NA,"N","N","Browns Island","38.039302",-121.858185,"08:51","Bryte",NA
"4616","8261","EF1023B0182",2023-10-19,"Total Phosphorus","0.065","0.01","mg/L as P",NA,"N","N","Browns Island","38.039302",-121.858185,"08:51","Bryte",NA
"4617","8261","EF1023B0182",2023-10-19,"Total Kjeldahl Nitrogen","0.183","0.1","mg/L as N",NA,"N","N","Browns Island","38.039302",-121.858185,"08:51","Bryte",NA
"4618","8263","EF1023B0183",2023-10-19,"Dissolved Ammonia","<0.05","0.05","mg/L as N",NA,"N","N","Browns Island","38.033886",-121.85693,"09:18","Bryte",NA
"4619","8263","EF1023B0183",2023-10-19,"Chlorophyll a","2.17","0.5","ug/L",NA,"N","N","Browns Island","38.033886",-121.85693,"09:18","Bryte",NA
"4620","8263","EF1023B0183",2023-10-19,"Dissolved Nitrate + Nitrite","0.115","0.05","mg/L as N",NA,"N","N","Browns Island","38.033886",-121.85693,"09:18","Bryte",NA
"4621","8263","EF1023B0183",2023-10-19,"Dissolved Organic Carbon","2.4","0.5","mg/L as C",NA,"N","N","Browns Island","38.033886",-121.85693,"09:18","Bryte",NA
"4622","8263","EF1023B0183",2023-10-19,"Total Organic Carbon","2.5","0.5","mg/L as C",NA,"N","N","Browns Island","38.033886",-121.85693,"09:18","Bryte",NA
"4623","8263","EF1023B0183",2023-10-19,"Dissolved Organic Nitrogen","0.1","0.1","mg/L as N",NA,"N","N","Browns Island","38.033886",-121.85693,"09:18","Bryte",NA
"4624","8263","EF1023B0183",2023-10-19,"Dissolved ortho-Phosphate","0.064","0.05","mg/L as P",NA,"N","N","Browns Island","38.033886",-121.85693,"09:18","Bryte",NA
"4625","8263","EF1023B0183",2023-10-19,"Pheophytin a","1.13","0.5","ug/L",NA,"N","N","Browns Island","38.033886",-121.85693,"09:18","Bryte",NA
"4626","8263","EF1023B0183",2023-10-19,"Total Phosphorus","0.061","0.01","mg/L as P",NA,"N","N","Browns Island","38.033886",-121.85693,"09:18","Bryte",NA
"4627","8263","EF1023B0183",2023-10-19,"Total Kjeldahl Nitrogen","0.149","0.1","mg/L as N",NA,"N","N","Browns Island","38.033886",-121.85693,"09:18","Bryte",NA
"4628","8264","EF1023B0180",2023-10-19,"Dissolved Ammonia","<0.05","0.05","mg/L as N",NA,"N","N","Winter Island",NA,NA,"17:44","Bryte","no GPS available; WINT"
"4629","8264","EF1023B0180",2023-10-19,"Chlorophyll a","1.76","0.5","ug/L",NA,"N","N","Winter Island",NA,NA,"17:44","Bryte","no GPS available; WINT"
"4630","8264","EF1023B0180",2023-10-19,"Dissolved Nitrate + Nitrite","0.134","0.05","mg/L as N",NA,"N","N","Winter Island",NA,NA,"17:44","Bryte","no GPS available; WINT"
"4631","8264","EF1023B0180",2023-10-19,"Dissolved Organic Carbon","2.7","0.5","mg/L as C",NA,"N","N","Winter Island",NA,NA,"17:44","Bryte","no GPS available; WINT"
"4632","8264","EF1023B0180",2023-10-19,"Total Organic Carbon","2.5","0.5","mg/L as C",NA,"N","N","Winter Island",NA,NA,"17:44","Bryte","no GPS available; WINT"
"4633","8264","EF1023B0180",2023-10-19,"Dissolved Organic Nitrogen","<0.1","0.1","mg/L as N",NA,"N","N","Winter Island",NA,NA,"17:44","Bryte","no GPS available; WINT"
"4634","8264","EF1023B0180",2023-10-19,"Dissolved ortho-Phosphate","0.064","0.05","mg/L as P",NA,"N","N","Winter Island",NA,NA,"17:44","Bryte","no GPS available; WINT"
"4635","8264","EF1023B0180",2023-10-19,"Pheophytin a","0.8","0.5","ug/L",NA,"N","N","Winter Island",NA,NA,"17:44","Bryte","no GPS available; WINT"
"4636","8264","EF1023B0180",2023-10-19,"Total Phosphorus","0.056","0.01","mg/L as P",NA,"N","N","Winter Island",NA,NA,"17:44","Bryte","no GPS available; WINT"
"4637","8264","EF1023B0180",2023-10-19,"Total Kjeldahl Nitrogen","0.153","0.1","mg/L as N",NA,"N","N","Winter Island",NA,NA,"17:44","Bryte","no GPS available; WINT"
"4638","8266","EF1023B0181",2023-10-19,"Dissolved Ammonia","<0.05","0.05","mg/L as N",NA,"N","N","Winter Island","38.051993",-121.852197,"10:19","Bryte",NA
"4639","8266","EF1023B0181",2023-10-19,"Chlorophyll a","1.99","0.5","ug/L",NA,"N","N","Winter Island","38.051993",-121.852197,"10:19","Bryte",NA
"4640","8266","EF1023B0181",2023-10-19,"Dissolved Nitrate + Nitrite","0.096","0.05","mg/L as N",NA,"N","N","Winter Island","38.051993",-121.852197,"10:19","Bryte",NA
"4641","8266","EF1023B0181",2023-10-19,"Dissolved Organic Carbon","2.5","0.5","mg/L as C",NA,"N","N","Winter Island","38.051993",-121.852197,"10:19","Bryte",NA
"4642","8266","EF1023B0181",2023-10-19,"Total Organic Carbon","2.7","0.5","mg/L as C",NA,"N","N","Winter Island","38.051993",-121.852197,"10:19","Bryte",NA
"4643","8266","EF1023B0181",2023-10-19,"Dissolved Organic Nitrogen","<0.1","0.1","mg/L as N",NA,"N","N","Winter Island","38.051993",-121.852197,"10:19","Bryte",NA
"4644","8266","EF1023B0181",2023-10-19,"Dissolved ortho-Phosphate","0.051","0.05","mg/L as P",NA,"N","N","Winter Island","38.051993",-121.852197,"10:19","Bryte",NA
"4645","8266","EF1023B0181",2023-10-19,"Pheophytin a","0.86","0.5","ug/L",NA,"N","N","Winter Island","38.051993",-121.852197,"10:19","Bryte",NA
"4646","8266","EF1023B0181",2023-10-19,"Total Phosphorus","0.053","0.01","mg/L as P",NA,"N","N","Winter Island","38.051993",-121.852197,"10:19","Bryte",NA
"4647","8266","EF1023B0181",2023-10-19,"Total Kjeldahl Nitrogen","0.141","0.1","mg/L as N",NA,"N","N","Winter Island","38.051993",-121.852197,"10:19","Bryte",NA
"4648","8301","EF1023B0200",2023-10-23,"Dissolved Ammonia","<0.05","0.05","mg/L as N",NA,"N","N","Tule Red","38.115138",-121.98165,"11:48","Bryte",NA
"4649","8301","EF1023B0200",2023-10-23,"Chlorophyll a","1.73","0.5","ug/L",NA,"N","N","Tule Red","38.115138",-121.98165,"11:48","Bryte",NA
"4650","8301","EF1023B0200",2023-10-23,"Dissolved Nitrate + Nitrite","0.132","0.05","mg/L as N",NA,"N","N","Tule Red","38.115138",-121.98165,"11:48","Bryte",NA
"4651","8301","EF1023B0200",2023-10-23,"Dissolved Organic Nitrogen","0.12","0.1","mg/L as N",NA,"N","N","Tule Red","38.115138",-121.98165,"11:48","Bryte",NA
"4652","8301","EF1023B0200",2023-10-23,"Dissolved ortho-Phosphate","0.058","0.05","mg/L as P",NA,"N","N","Tule Red","38.115138",-121.98165,"11:48","Bryte",NA
"4653","8301","EF1023B0200",2023-10-23,"Pheophytin a","<0.5","0.5","ug/L",NA,"N","N","Tule Red","38.115138",-121.98165,"11:48","Bryte",NA
"4654","8301","EF1023B0200",2023-10-23,"Total Phosphorus","0.087","0.01","mg/L as P",NA,"N","N","Tule Red","38.115138",-121.98165,"11:48","Bryte",NA
"4655","8301","EF1023B0200",2023-10-23,"Total Kjeldahl Nitrogen","0.235","0.1","mg/L as N",NA,"N","N","Tule Red","38.115138",-121.98165,"11:48","Bryte",NA
"4656","8302","EF1023B0201",2023-10-23,"Pheophytin a","<0.5","0.5","ug/L",NA,"N","N","Tule Red","38.125733",-121.986069,"12:10","Bryte",NA
"4657","8302","EF1023B0201",2023-10-23,"Total Phosphorus","0.07","0.01","mg/L as P",NA,"N","N","Tule Red","38.125733",-121.986069,"12:10","Bryte",NA
"4658","8302","EF1023B0201",2023-10-23,"Total Kjeldahl Nitrogen","0.163","0.1","mg/L as N",NA,"N","N","Tule Red","38.125733",-121.986069,"12:10","Bryte",NA
"4659","8302","EF1023B0201",2023-10-23,"Dissolved Ammonia","<0.05","0.05","mg/L as N",NA,"N","N","Tule Red","38.125733",-121.986069,"12:10","Bryte",NA
"4660","8302","EF1023B0201",2023-10-23,"Chlorophyll a","2.04","0.5","ug/L",NA,"N","N","Tule Red","38.125733",-121.986069,"12:10","Bryte",NA
"4661","8302","EF1023B0201",2023-10-23,"Dissolved Nitrate + Nitrite","0.157","0.05","mg/L as N",NA,"N","N","Tule Red","38.125733",-121.986069,"12:10","Bryte",NA
"4662","8302","EF1023B0201",2023-10-23,"Dissolved Organic Carbon","2.7","0.5","mg/L as C",NA,"N","N","Tule Red","38.125733",-121.986069,"12:10","Bryte",NA
"4663","8302","EF1023B0201",2023-10-23,"Total Organic Carbon","2.8","0.5","mg/L as C",NA,"N","N","Tule Red","38.125733",-121.986069,"12:10","Bryte",NA
"4664","8302","EF1023B0201",2023-10-23,"Dissolved Organic Nitrogen","0.13","0.1","mg/L as N",NA,"N","N","Tule Red","38.125733",-121.986069,"12:10","Bryte",NA
"4665","8302","EF1023B0201",2023-10-23,"Dissolved ortho-Phosphate","0.07","0.05","mg/L as P",NA,"N","N","Tule Red","38.125733",-121.986069,"12:10","Bryte",NA
"4666","8304","EF1023B0203",2023-10-23,"Chlorophyll a","0.98","0.5","ug/L",NA,"N","N","Ryer Island","38.084462",-122.007812,"13:05","Bryte",NA
"4667","8304","EF1023B0203",2023-10-23,"Dissolved Nitrate + Nitrite","0.159","0.05","mg/L as N",NA,"N","N","Ryer Island","38.084462",-122.007812,"13:05","Bryte",NA
"4668","8304","EF1023B0203",2023-10-23,"Dissolved Organic Carbon","2.4","0.5","mg/L as C",NA,"N","N","Ryer Island","38.084462",-122.007812,"13:05","Bryte",NA
"4669","8304","EF1023B0203",2023-10-23,"Dissolved Ammonia","0.05","0.05","mg/L as N",NA,"N","N","Ryer Island","38.084462",-122.007812,"13:05","Bryte",NA
"4670","8304","EF1023B0203",2023-10-23,"Dissolved Organic Nitrogen","0.12","0.1","mg/L as N",NA,"N","N","Ryer Island","38.084462",-122.007812,"13:05","Bryte",NA
"4671","8304","EF1023B0203",2023-10-23,"Dissolved ortho-Phosphate","0.085","0.05","mg/L as P",NA,"N","N","Ryer Island","38.084462",-122.007812,"13:05","Bryte",NA
"4672","8304","EF1023B0203",2023-10-23,"Pheophytin a","<0.5","0.5","ug/L",NA,"N","N","Ryer Island","38.084462",-122.007812,"13:05","Bryte",NA
"4673","8304","EF1023B0203",2023-10-23,"Total Organic Carbon","2.3","0.5","mg/L as C",NA,"N","N","Ryer Island","38.084462",-122.007812,"13:05","Bryte",NA
"4674","8304","EF1023B0203",2023-10-23,"Total Kjeldahl Nitrogen","0.212","0.1","mg/L as N",NA,"N","N","Ryer Island","38.084462",-122.007812,"13:05","Bryte",NA
"4675","8304","EF1023B0203",2023-10-23,"Total Phosphorus","0.105","0.01","mg/L as P",NA,"N","N","Ryer Island","38.084462",-122.007812,"13:05","Bryte",NA
"4676","8306","EF1023B0204",2023-10-23,"Dissolved Organic Nitrogen","0.17","0.1","mg/L as N",NA,"N","N","Ryer Island","38.077915",-122.012846,"13:45","Bryte",NA
"4677","8306","EF1023B0204",2023-10-23,"Dissolved ortho-Phosphate","0.087","0.05","mg/L as P",NA,"N","N","Ryer Island","38.077915",-122.012846,"13:45","Bryte",NA
"4678","8306","EF1023B0204",2023-10-23,"Total Organic Carbon","2.3","0.5","mg/L as C",NA,"N","N","Ryer Island","38.077915",-122.012846,"13:45","Bryte",NA
"4679","8306","EF1023B0204",2023-10-23,"Dissolved Ammonia","<0.05","0.05","mg/L as N",NA,"N","N","Ryer Island","38.077915",-122.012846,"13:45","Bryte",NA
"4680","8306","EF1023B0204",2023-10-23,"Chlorophyll a","1.29","0.5","ug/L",NA,"N","N","Ryer Island","38.077915",-122.012846,"13:45","Bryte",NA
"4681","8306","EF1023B0204",2023-10-23,"Dissolved Nitrate + Nitrite","0.162","0.05","mg/L as N",NA,"N","N","Ryer Island","38.077915",-122.012846,"13:45","Bryte",NA
"4682","8306","EF1023B0204",2023-10-23,"Dissolved Organic Carbon","2.5","0.5","mg/L as C",NA,"N","N","Ryer Island","38.077915",-122.012846,"13:45","Bryte",NA
"4683","8306","EF1023B0204",2023-10-23,"Pheophytin a","<0.5","0.5","ug/L",NA,"N","N","Ryer Island","38.077915",-122.012846,"13:45","Bryte",NA
"4684","8306","EF1023B0204",2023-10-23,"Total Phosphorus","0.106","0.01","mg/L as P",NA,"N","N","Ryer Island","38.077915",-122.012846,"13:45","Bryte",NA
"4685","8306","EF1023B0204",2023-10-23,"Total Kjeldahl Nitrogen","0.202","0.1","mg/L as N",NA,"N","N","Ryer Island","38.077915",-122.012846,"13:45","Bryte",NA
"4686","8307","EF1023B0168",2023-10-17,"Dissolved Ammonia","<0.05","0.05","mg/L as N",NA,"N","N","Liberty Island","38.307061",-121.675959,"09:12","Bryte",NA
"4687","8307","EF1023B0168",2023-10-17,"Chlorophyll a","1.21","0.5","ug/L",NA,"N","N","Liberty Island","38.307061",-121.675959,"09:12","Bryte",NA
"4688","8307","EF1023B0168",2023-10-17,"Dissolved Nitrate + Nitrite","<0.05","0.05","mg/L as N",NA,"N","N","Liberty Island","38.307061",-121.675959,"09:12","Bryte",NA
"4689","8307","EF1023B0168",2023-10-17,"Dissolved Organic Carbon","4.3","0.5","mg/L as C",NA,"N","N","Liberty Island","38.307061",-121.675959,"09:12","Bryte",NA
"4690","8307","EF1023B0168",2023-10-17,"Total Organic Carbon","4.5","0.5","mg/L as C",NA,"N","N","Liberty Island","38.307061",-121.675959,"09:12","Bryte",NA
"4691","8307","EF1023B0168",2023-10-17,"Dissolved Organic Nitrogen","0.2","0.1","mg/L as N",NA,"N","N","Liberty Island","38.307061",-121.675959,"09:12","Bryte",NA
"4692","8307","EF1023B0168",2023-10-17,"Dissolved ortho-Phosphate","<0.05","0.05","mg/L as P",NA,"N","N","Liberty Island","38.307061",-121.675959,"09:12","Bryte",NA
"4693","8307","EF1023B0168",2023-10-17,"Pheophytin a","0.97","0.5","ug/L",NA,"N","N","Liberty Island","38.307061",-121.675959,"09:12","Bryte",NA
"4694","8307","EF1023B0168",2023-10-17,"Total Phosphorus","0.066","0.01","mg/L as P",NA,"N","N","Liberty Island","38.307061",-121.675959,"09:12","Bryte",NA
"4695","8307","EF1023B0168",2023-10-17,"Total Kjeldahl Nitrogen","0.299","0.1","mg/L as N",NA,"N","N","Liberty Island","38.307061",-121.675959,"09:12","Bryte",NA
"4696","8308","EF1023B0167",2023-10-17,"Dissolved Ammonia","<0.05","0.05","mg/L as N",NA,"N","N","Liberty Island","38.294028",-121.688158,"08:43","Bryte",NA
"4697","8308","EF1023B0167",2023-10-17,"Chlorophyll a","2.36","0.5","ug/L",NA,"N","N","Liberty Island","38.294028",-121.688158,"08:43","Bryte",NA
"4698","8308","EF1023B0167",2023-10-17,"Dissolved Nitrate + Nitrite","<0.05","0.05","mg/L as N",NA,"N","N","Liberty Island","38.294028",-121.688158,"08:43","Bryte",NA
"4699","8308","EF1023B0167",2023-10-17,"Dissolved Organic Carbon","3.3","0.5","mg/L as C",NA,"N","N","Liberty Island","38.294028",-121.688158,"08:43","Bryte",NA
"4700","8308","EF1023B0167",2023-10-17,"Total Organic Carbon","3.3","0.5","mg/L as C",NA,"N","N","Liberty Island","38.294028",-121.688158,"08:43","Bryte",NA
"4701","8308","EF1023B0167",2023-10-17,"Dissolved Organic Nitrogen","0.19","0.1","mg/L as N",NA,"N","N","Liberty Island","38.294028",-121.688158,"08:43","Bryte",NA
"4702","8308","EF1023B0167",2023-10-17,"Dissolved ortho-Phosphate","<0.05","0.05","mg/L as P",NA,"N","N","Liberty Island","38.294028",-121.688158,"08:43","Bryte",NA
"4703","8308","EF1023B0167",2023-10-17,"Pheophytin a","1.14","0.5","ug/L",NA,"N","N","Liberty Island","38.294028",-121.688158,"08:43","Bryte",NA
"4704","8308","EF1023B0167",2023-10-17,"Total Phosphorus","0.041","0.01","mg/L as P",NA,"N","N","Liberty Island","38.294028",-121.688158,"08:43","Bryte",NA
"4705","8308","EF1023B0167",2023-10-17,"Total Kjeldahl Nitrogen","0.275","0.1","mg/L as N",NA,"N","N","Liberty Island","38.294028",-121.688158,"08:43","Bryte",NA
"4706","8310","EF1023B0165",2023-10-17,"Dissolved Ammonia","<0.05","0.05","mg/L as N",NA,"N","N","Lower Yolo Ranch","38.349953",-121.667026,"10:06","Bryte","last bend of northern branch of west channel (LOWE-CH-W)"
"4707","8310","EF1023B0165",2023-10-17,"Chlorophyll a","1.74","0.5","ug/L",NA,"N","N","Lower Yolo Ranch","38.349953",-121.667026,"10:06","Bryte","last bend of northern branch of west channel (LOWE-CH-W)"
"4708","8310","EF1023B0165",2023-10-17,"Dissolved Nitrate + Nitrite","<0.05","0.05","mg/L as N",NA,"N","N","Lower Yolo Ranch","38.349953",-121.667026,"10:06","Bryte","last bend of northern branch of west channel (LOWE-CH-W)"
"4709","8310","EF1023B0165",2023-10-17,"Dissolved Organic Nitrogen","0.29","0.1","mg/L as N",NA,"N","N","Lower Yolo Ranch","38.349953",-121.667026,"10:06","Bryte","last bend of northern branch of west channel (LOWE-CH-W)"
"4710","8310","EF1023B0165",2023-10-17,"Dissolved ortho-Phosphate","0.132","0.05","mg/L as P",NA,"N","N","Lower Yolo Ranch","38.349953",-121.667026,"10:06","Bryte","last bend of northern branch of west channel (LOWE-CH-W)"
"4711","8310","EF1023B0165",2023-10-17,"Pheophytin a","1.13","0.5","ug/L",NA,"N","N","Lower Yolo Ranch","38.349953",-121.667026,"10:06","Bryte","last bend of northern branch of west channel (LOWE-CH-W)"
"4712","8310","EF1023B0165",2023-10-17,"Total Phosphorus","0.158","0.01","mg/L as P",NA,"N","N","Lower Yolo Ranch","38.349953",-121.667026,"10:06","Bryte","last bend of northern branch of west channel (LOWE-CH-W)"
"4713","8310","EF1023B0165",2023-10-17,"Total Kjeldahl Nitrogen","0.423","0.1","mg/L as N",NA,"N","N","Lower Yolo Ranch","38.349953",-121.667026,"10:06","Bryte","last bend of northern branch of west channel (LOWE-CH-W)"
"4714","8312","EF1023B0166",2023-10-17,"Dissolved Ammonia","<0.05","0.05","mg/L as N",NA,"N","N","Lower Yolo Ranch","38.344471",-121.661426,"10:58","Bryte",NA
"4715","8312","EF1023B0166",2023-10-17,"Chlorophyll a","1.56","0.5","ug/L",NA,"N","N","Lower Yolo Ranch","38.344471",-121.661426,"10:58","Bryte",NA
"4716","8312","EF1023B0166",2023-10-17,"Dissolved Nitrate + Nitrite","<0.05","0.05","mg/L as N",NA,"N","N","Lower Yolo Ranch","38.344471",-121.661426,"10:58","Bryte",NA
"4717","8312","EF1023B0166",2023-10-17,"Dissolved Organic Carbon","5.4","0.5","mg/L as C",NA,"N","N","Lower Yolo Ranch","38.344471",-121.661426,"10:58","Bryte",NA
"4718","8312","EF1023B0166",2023-10-17,"Total Organic Carbon","5.4","0.5","mg/L as C",NA,"N","N","Lower Yolo Ranch","38.344471",-121.661426,"10:58","Bryte",NA
"4719","8312","EF1023B0166",2023-10-17,"Dissolved Organic Nitrogen","0.24","0.1","mg/L as N",NA,"N","N","Lower Yolo Ranch","38.344471",-121.661426,"10:58","Bryte",NA
"4720","8312","EF1023B0166",2023-10-17,"Dissolved ortho-Phosphate","0.092","0.05","mg/L as P",NA,"N","N","Lower Yolo Ranch","38.344471",-121.661426,"10:58","Bryte",NA
"4721","8312","EF1023B0166",2023-10-17,"Pheophytin a","0.84","0.5","ug/L",NA,"N","N","Lower Yolo Ranch","38.344471",-121.661426,"10:58","Bryte",NA
"4722","8312","EF1023B0166",2023-10-17,"Total Phosphorus","0.119","0.01","mg/L as P",NA,"N","N","Lower Yolo Ranch","38.344471",-121.661426,"10:58","Bryte",NA
"4723","8312","EF1023B0166",2023-10-17,"Total Kjeldahl Nitrogen","0.352","0.1","mg/L as N",NA,"N","N","Lower Yolo Ranch","38.344471",-121.661426,"10:58","Bryte",NA
"4724","8321","EF0423B0039",2023-04-04,"Dissolved Ammonia","<0.05","0.05","mg/L as N",NA,"N","N","Decker Island","38.089261",-121.715202,"08:20","Bryte",NA
"4725","8321","EF0423B0039",2023-04-04,"Chlorophyll a","0.61","0.5","ug/L",NA,"N","N","Decker Island","38.089261",-121.715202,"08:20","Bryte","Abnormal filter used.  Filter was thicker than normal.  Field personnel notified.ST 4/28/23"
"4726","8321","EF0423B0039",2023-04-04,"Dissolved Nitrate + Nitrite","0.225","0.05","mg/L as N",NA,"N","N","Decker Island","38.089261",-121.715202,"08:20","Bryte",NA
"4727","8321","EF0423B0039",2023-04-04,"Dissolved Organic Nitrogen","0.13","0.1","mg/L as N",NA,"N","N","Decker Island","38.089261",-121.715202,"08:20","Bryte",NA
"4728","8321","EF0423B0039",2023-04-04,"Dissolved ortho-Phosphate","<0.05","0.05","mg/L as P",NA,"N","N","Decker Island","38.089261",-121.715202,"08:20","Bryte",NA
"4729","8321","EF0423B0039",2023-04-04,"Pheophytin a","0.8","0.5","ug/L",NA,"N","N","Decker Island","38.089261",-121.715202,"08:20","Bryte","Abnormal filter used.  Filter was thicker than normal.  Field personnel notified.ST 4/28/23"
"4730","8321","EF0423B0039",2023-04-04,"Total Phosphorus","0.071","0.01","mg/L as P",NA,"N","N","Decker Island","38.089261",-121.715202,"08:20","Bryte",NA
"4731","8321","EF0423B0039",2023-04-04,"Total Suspended Solids","21.4","2.5","mg/L",NA,"N","N","Decker Island","38.089261",-121.715202,"08:20","Bryte",NA
"4732","8321","EF0423B0039",2023-04-04,"Total Kjeldahl Nitrogen","0.305","0.1","mg/L as N",NA,"N","N","Decker Island","38.089261",-121.715202,"08:20","Bryte",NA
"4733","8322","EF0423B0040",2023-04-04,"Dissolved Ammonia","<0.05","0.05","mg/L as N",NA,"N","N","Decker Island","38.089607",-121.71494,"08:40","Bryte",NA
"4734","8322","EF0423B0040",2023-04-04,"Chlorophyll a","1.29","0.5","ug/L",NA,"N","N","Decker Island","38.089607",-121.71494,"08:40","Bryte",NA
"4735","8322","EF0423B0040",2023-04-04,"Dissolved Nitrate + Nitrite","0.202","0.05","mg/L as N",NA,"N","N","Decker Island","38.089607",-121.71494,"08:40","Bryte",NA
"4736","8322","EF0423B0040",2023-04-04,"Dissolved Organic Carbon","4.2","0.5","mg/L as C",NA,"N","N","Decker Island","38.089607",-121.71494,"08:40","Bryte",NA
"4737","8322","EF0423B0040",2023-04-04,"Total Organic Carbon","4.1","0.5","mg/L as C",NA,"N","N","Decker Island","38.089607",-121.71494,"08:40","Bryte",NA
"4738","8322","EF0423B0040",2023-04-04,"Dissolved Organic Nitrogen","0.18","0.1","mg/L as N",NA,"N","Y","Decker Island","38.089607",-121.71494,"08:40","Bryte",NA
"4739","8322","EF0423B0040",2023-04-04,"Dissolved ortho-Phosphate","<0.05","0.05","mg/L as P",NA,"N","N","Decker Island","38.089607",-121.71494,"08:40","Bryte",NA
"4740","8322","EF0423B0040",2023-04-04,"Pheophytin a","1.35","0.5","ug/L",NA,"N","N","Decker Island","38.089607",-121.71494,"08:40","Bryte",NA
"4741","8322","EF0423B0040",2023-04-04,"Total Phosphorus","0.079","0.01","mg/L as P",NA,"N","N","Decker Island","38.089607",-121.71494,"08:40","Bryte",NA
"4742","8322","EF0423B0040",2023-04-04,"Total Suspended Solids","17","2.5","mg/L",NA,"N","N","Decker Island","38.089607",-121.71494,"08:40","Bryte",NA
"4743","8322","EF0423B0040",2023-04-04,"Total Kjeldahl Nitrogen","0.266","0.1","mg/L as N",NA,"N","N","Decker Island","38.089607",-121.71494,"08:40","Bryte",NA
"4744","8323","EF0423B0042",2023-04-04,"Dissolved Ammonia","<0.05","0.05","mg/L as N",NA,"N","N","Horseshoe Bend",NA,NA,"17:13","Bryte","no GPS available; HORS"
"4745","8323","EF0423B0042",2023-04-04,"Chlorophyll a","2.91","0.5","ug/L",NA,"N","N","Horseshoe Bend",NA,NA,"17:13","Bryte","no GPS available; HORS"
"4746","8323","EF0423B0042",2023-04-04,"Dissolved Nitrate + Nitrite","0.303","0.05","mg/L as N",NA,"N","N","Horseshoe Bend",NA,NA,"17:13","Bryte","no GPS available; HORS"
"4747","8323","EF0423B0042",2023-04-04,"Dissolved Organic Carbon","3.3","0.5","mg/L as C",NA,"N","N","Horseshoe Bend",NA,NA,"17:13","Bryte","no GPS available; HORS"
"4748","8323","EF0423B0042",2023-04-04,"Total Organic Carbon","3.3","0.5","mg/L as C",NA,"N","N","Horseshoe Bend",NA,NA,"17:13","Bryte","no GPS available; HORS"
"4749","8323","EF0423B0042",2023-04-04,"Dissolved Organic Nitrogen","0.22","0.1","mg/L as N",NA,"N","N","Horseshoe Bend",NA,NA,"17:13","Bryte","no GPS available; HORS"
"4750","8323","EF0423B0042",2023-04-04,"Dissolved ortho-Phosphate","0.054","0.05","mg/L as P",NA,"N","N","Horseshoe Bend",NA,NA,"17:13","Bryte","no GPS available; HORS"
"4751","8323","EF0423B0042",2023-04-04,"Pheophytin a","1.55","0.5","ug/L",NA,"N","N","Horseshoe Bend",NA,NA,"17:13","Bryte","no GPS available; HORS"
"4752","8323","EF0423B0042",2023-04-04,"Total Phosphorus","0.073","0.01","mg/L as P",NA,"N","N","Horseshoe Bend",NA,NA,"17:13","Bryte","no GPS available; HORS"
"4753","8323","EF0423B0042",2023-04-04,"Total Suspended Solids","13.8","2.5","mg/L",NA,"N","N","Horseshoe Bend",NA,NA,"17:13","Bryte","no GPS available; HORS"
"4754","8323","EF0423B0042",2023-04-04,"Total Kjeldahl Nitrogen","0.363","0.1","mg/L as N",NA,"N","N","Horseshoe Bend",NA,NA,"17:13","Bryte","no GPS available; HORS"
"4755","8324","EF0423B0043",2023-04-04,"Dissolved Ammonia","<0.05","0.05","mg/L as N",NA,"N","N","Horseshoe Bend","38.10512",-121.700573,"09:45","Bryte",NA
"4756","8324","EF0423B0043",2023-04-04,"Chlorophyll a","2.35","0.5","ug/L",NA,"N","N","Horseshoe Bend","38.10512",-121.700573,"09:45","Bryte",NA
"4757","8324","EF0423B0043",2023-04-04,"Dissolved Nitrate + Nitrite","0.335","0.05","mg/L as N",NA,"N","N","Horseshoe Bend","38.10512",-121.700573,"09:45","Bryte",NA
"4758","8324","EF0423B0043",2023-04-04,"Dissolved Organic Carbon","3.4","0.5","mg/L as C",NA,"N","N","Horseshoe Bend","38.10512",-121.700573,"09:45","Bryte",NA
"4759","8324","EF0423B0043",2023-04-04,"Total Organic Carbon","3.4","0.5","mg/L as C",NA,"N","N","Horseshoe Bend","38.10512",-121.700573,"09:45","Bryte",NA
"4760","8324","EF0423B0043",2023-04-04,"Dissolved Organic Nitrogen","0.17","0.1","mg/L as N",NA,"N","N","Horseshoe Bend","38.10512",-121.700573,"09:45","Bryte",NA
"4761","8324","EF0423B0043",2023-04-04,"Dissolved ortho-Phosphate","0.056","0.05","mg/L as P",NA,"N","N","Horseshoe Bend","38.10512",-121.700573,"09:45","Bryte",NA
"4762","8324","EF0423B0043",2023-04-04,"Pheophytin a","1.35","0.5","ug/L",NA,"N","N","Horseshoe Bend","38.10512",-121.700573,"09:45","Bryte",NA
"4763","8324","EF0423B0043",2023-04-04,"Total Phosphorus","0.069","0.01","mg/L as P",NA,"N","N","Horseshoe Bend","38.10512",-121.700573,"09:45","Bryte",NA
"4764","8324","EF0423B0043",2023-04-04,"Total Suspended Solids","12.5","2.5","mg/L",NA,"N","N","Horseshoe Bend","38.10512",-121.700573,"09:45","Bryte",NA
"4765","8324","EF0423B0043",2023-04-04,"Total Kjeldahl Nitrogen","0.258","0.1","mg/L as N",NA,"N","N","Horseshoe Bend","38.10512",-121.700573,"09:45","Bryte",NA
"4766","8327","EF0423B0044",2023-04-04,"Dissolved Ammonia","<0.05","0.05","mg/L as N",NA,"N","N","Webb Tract Islands and Berms","38.09978",-121.581331,"11:03","Bryte",NA
"4767","8327","EF0423B0044",2023-04-04,"Chlorophyll a","3.61","0.5","ug/L",NA,"N","N","Webb Tract Islands and Berms","38.09978",-121.581331,"11:03","Bryte",NA
"4768","8327","EF0423B0044",2023-04-04,"Dissolved Nitrate + Nitrite","0.402","0.05","mg/L as N",NA,"N","N","Webb Tract Islands and Berms","38.09978",-121.581331,"11:03","Bryte",NA
"4769","8327","EF0423B0044",2023-04-04,"Dissolved Organic Carbon","4.1","0.5","mg/L as C",NA,"N","N","Webb Tract Islands and Berms","38.09978",-121.581331,"11:03","Bryte",NA
"4770","8327","EF0423B0044",2023-04-04,"Total Organic Carbon","4","0.5","mg/L as C",NA,"N","N","Webb Tract Islands and Berms","38.09978",-121.581331,"11:03","Bryte",NA
"4771","8327","EF0423B0044",2023-04-04,"Dissolved Organic Nitrogen","0.26","0.1","mg/L as N",NA,"N","N","Webb Tract Islands and Berms","38.09978",-121.581331,"11:03","Bryte",NA
"4772","8327","EF0423B0044",2023-04-04,"Dissolved ortho-Phosphate","0.083","0.05","mg/L as P",NA,"N","N","Webb Tract Islands and Berms","38.09978",-121.581331,"11:03","Bryte",NA
"4773","8327","EF0423B0044",2023-04-04,"Pheophytin a","1.46","0.5","ug/L",NA,"N","N","Webb Tract Islands and Berms","38.09978",-121.581331,"11:03","Bryte",NA
"4774","8327","EF0423B0044",2023-04-04,"Total Phosphorus","0.127","0.01","mg/L as P",NA,"N","N","Webb Tract Islands and Berms","38.09978",-121.581331,"11:03","Bryte",NA
"4775","8327","EF0423B0044",2023-04-04,"Total Suspended Solids","14.7","2.5","mg/L",NA,"N","N","Webb Tract Islands and Berms","38.09978",-121.581331,"11:03","Bryte",NA
"4776","8327","EF0423B0044",2023-04-04,"Total Kjeldahl Nitrogen","0.378","0.1","mg/L as N",NA,"N","N","Webb Tract Islands and Berms","38.09978",-121.581331,"11:03","Bryte",NA
"4777","8328","EF0423B0045",2023-04-04,"Dissolved Ammonia","<0.05","0.05","mg/L as N",NA,"N","N","Webb Tract Islands and Berms","38.10077",-121.580925,"11:32","Bryte",NA
"4778","8328","EF0423B0045",2023-04-04,"Chlorophyll a","2.28","0.5","ug/L",NA,"N","N","Webb Tract Islands and Berms","38.10077",-121.580925,"11:32","Bryte",NA
"4779","8328","EF0423B0045",2023-04-04,"Dissolved Nitrate + Nitrite","0.385","0.05","mg/L as N",NA,"N","N","Webb Tract Islands and Berms","38.10077",-121.580925,"11:32","Bryte",NA
"4780","8328","EF0423B0045",2023-04-04,"Dissolved Organic Carbon","4.2","0.5","mg/L as C",NA,"N","N","Webb Tract Islands and Berms","38.10077",-121.580925,"11:32","Bryte",NA
"4781","8328","EF0423B0045",2023-04-04,"Total Organic Carbon","3.9","0.5","mg/L as C",NA,"N","N","Webb Tract Islands and Berms","38.10077",-121.580925,"11:32","Bryte",NA
"4782","8328","EF0423B0045",2023-04-04,"Dissolved Organic Nitrogen","0.22","0.1","mg/L as N",NA,"N","N","Webb Tract Islands and Berms","38.10077",-121.580925,"11:32","Bryte",NA
"4783","8328","EF0423B0045",2023-04-04,"Dissolved ortho-Phosphate","0.083","0.05","mg/L as P",NA,"N","N","Webb Tract Islands and Berms","38.10077",-121.580925,"11:32","Bryte",NA
"4784","8328","EF0423B0045",2023-04-04,"Pheophytin a","0.75","0.5","ug/L",NA,"N","N","Webb Tract Islands and Berms","38.10077",-121.580925,"11:32","Bryte",NA
"4785","8328","EF0423B0045",2023-04-04,"Total Phosphorus","0.111","0.01","mg/L as P",NA,"N","N","Webb Tract Islands and Berms","38.10077",-121.580925,"11:32","Bryte",NA
"4786","8328","EF0423B0045",2023-04-04,"Total Suspended Solids","8.8","2.5","mg/L",NA,"N","N","Webb Tract Islands and Berms","38.10077",-121.580925,"11:32","Bryte",NA
"4787","8328","EF0423B0045",2023-04-04,"Total Kjeldahl Nitrogen","0.294","0.1","mg/L as N",NA,"N","N","Webb Tract Islands and Berms","38.10077",-121.580925,"11:32","Bryte",NA
"4788","8330","EF1023B0163",2023-10-17,"Dissolved Ammonia","<0.05","0.05","mg/L as N",NA,"N","N","Yolo Flyway Farms","38.360831",-121.643524,"11:56","Bryte",NA
"4789","8330","EF1023B0163",2023-10-17,"Chlorophyll a","1.19","0.5","ug/L",NA,"N","N","Yolo Flyway Farms","38.360831",-121.643524,"11:56","Bryte",NA
"4790","8330","EF1023B0163",2023-10-17,"Dissolved Nitrate + Nitrite","<0.05","0.05","mg/L as N",NA,"N","N","Yolo Flyway Farms","38.360831",-121.643524,"11:56","Bryte",NA
"4791","8330","EF1023B0163",2023-10-17,"Dissolved Organic Carbon","3.4","0.5","mg/L as C",NA,"N","N","Yolo Flyway Farms","38.360831",-121.643524,"11:56","Bryte",NA
"4792","8330","EF1023B0163",2023-10-17,"Total Organic Carbon","3.4","0.5","mg/L as C",NA,"N","N","Yolo Flyway Farms","38.360831",-121.643524,"11:56","Bryte",NA
"4793","8330","EF1023B0163",2023-10-17,"Dissolved Organic Nitrogen","0.19","0.1","mg/L as N",NA,"N","N","Yolo Flyway Farms","38.360831",-121.643524,"11:56","Bryte",NA
"4794","8330","EF1023B0163",2023-10-17,"Dissolved ortho-Phosphate","0.065","0.05","mg/L as P",NA,"N","N","Yolo Flyway Farms","38.360831",-121.643524,"11:56","Bryte",NA
"4795","8330","EF1023B0163",2023-10-17,"Pheophytin a","0.54","0.5","ug/L",NA,"N","N","Yolo Flyway Farms","38.360831",-121.643524,"11:56","Bryte",NA
"4796","8330","EF1023B0163",2023-10-17,"Total Phosphorus","0.065","0.01","mg/L as P",NA,"N","N","Yolo Flyway Farms","38.360831",-121.643524,"11:56","Bryte",NA
"4797","8330","EF1023B0163",2023-10-17,"Total Kjeldahl Nitrogen","0.212","0.1","mg/L as N",NA,"N","N","Yolo Flyway Farms","38.360831",-121.643524,"11:56","Bryte",NA
"4798","8331","EF1023B0164",2023-10-17,"Dissolved Ammonia","<0.05","0.05","mg/L as N",NA,"N","N","Yolo Flyway Farms","38.364855",-121.642881,"12:15","Bryte",NA
"4799","8331","EF1023B0164",2023-10-17,"Chlorophyll a","3.53","0.5","ug/L",NA,"N","N","Yolo Flyway Farms","38.364855",-121.642881,"12:15","Bryte",NA
"4800","8331","EF1023B0164",2023-10-17,"Dissolved Nitrate + Nitrite","<0.05","0.05","mg/L as N",NA,"N","N","Yolo Flyway Farms","38.364855",-121.642881,"12:15","Bryte",NA
"4801","8331","EF1023B0164",2023-10-17,"Dissolved Organic Carbon","4.3","0.5","mg/L as C",NA,"N","N","Yolo Flyway Farms","38.364855",-121.642881,"12:15","Bryte",NA
"4802","8331","EF1023B0164",2023-10-17,"Total Organic Carbon","4.2","0.5","mg/L as C",NA,"N","N","Yolo Flyway Farms","38.364855",-121.642881,"12:15","Bryte",NA
"4803","8331","EF1023B0164",2023-10-17,"Dissolved Organic Nitrogen","0.19","0.1","mg/L as N",NA,"N","N","Yolo Flyway Farms","38.364855",-121.642881,"12:15","Bryte",NA
"4804","8331","EF1023B0164",2023-10-17,"Dissolved ortho-Phosphate","<0.05","0.05","mg/L as P",NA,"N","N","Yolo Flyway Farms","38.364855",-121.642881,"12:15","Bryte",NA
"4805","8331","EF1023B0164",2023-10-17,"Pheophytin a","1.03","0.5","ug/L",NA,"N","N","Yolo Flyway Farms","38.364855",-121.642881,"12:15","Bryte",NA
"4806","8331","EF1023B0164",2023-10-17,"Total Phosphorus","0.061","0.01","mg/L as P",NA,"N","N","Yolo Flyway Farms","38.364855",-121.642881,"12:15","Bryte",NA
"4807","8331","EF1023B0164",2023-10-17,"Total Kjeldahl Nitrogen","0.292","0.1","mg/L as N",NA,"N","N","Yolo Flyway Farms","38.364855",-121.642881,"12:15","Bryte",NA
"4808","8333","EF0823B0115",2023-08-01,"Dissolved Ammonia","<0.05","0.05","mg/L as N",NA,"N","N","Lower Yolo Ranch","38.355668",-121.659513,"09:16","Bryte",NA
"4809","8333","EF0823B0115",2023-08-01,"Chlorophyll a","1.89","0.5","ug/L",NA,"N","N","Lower Yolo Ranch","38.355668",-121.659513,"09:16","Bryte",NA
"4810","8333","EF0823B0115",2023-08-01,"Dissolved Nitrate + Nitrite","<0.05","0.05","mg/L as N",NA,"N","N","Lower Yolo Ranch","38.355668",-121.659513,"09:16","Bryte",NA
"4811","8333","EF0823B0115",2023-08-01,"Dissolved Organic Carbon","6.1","0.5","mg/L as C",NA,"N","N","Lower Yolo Ranch","38.355668",-121.659513,"09:16","Bryte",NA
"4812","8333","EF0823B0115",2023-08-01,"Total Organic Carbon","6.1","0.5","mg/L as C",NA,"N","N","Lower Yolo Ranch","38.355668",-121.659513,"09:16","Bryte",NA
"4813","8333","EF0823B0115",2023-08-01,"Dissolved Organic Nitrogen","0.35","0.1","mg/L as N",NA,"N","N","Lower Yolo Ranch","38.355668",-121.659513,"09:16","Bryte",NA
"4814","8333","EF0823B0115",2023-08-01,"Dissolved ortho-Phosphate","0.153","0.05","mg/L as P",NA,"N","N","Lower Yolo Ranch","38.355668",-121.659513,"09:16","Bryte",NA
"4815","8333","EF0823B0115",2023-08-01,"Pheophytin a","<0.5","0.5","ug/L",NA,"N","N","Lower Yolo Ranch","38.355668",-121.659513,"09:16","Bryte",NA
"4816","8333","EF0823B0115",2023-08-01,"Total Phosphorus","0.188","0.01","mg/L as P",NA,"N","N","Lower Yolo Ranch","38.355668",-121.659513,"09:16","Bryte",NA
"4817","8333","EF0823B0115",2023-08-01,"Total Kjeldahl Nitrogen","0.477","0.1","mg/L as N",NA,"N","N","Lower Yolo Ranch","38.355668",-121.659513,"09:16","Bryte",NA
"4818","9051","EF0823B0112",2023-08-01,"Dissolved Ammonia","<0.05","0.05","mg/L as N",NA,"N","N","Yolo Flyway Farms","38.364863",-121.642878,"10:13","Bryte",NA
"4819","9051","EF0823B0112",2023-08-01,"Chlorophyll a","2.58","0.5","ug/L",NA,"N","N","Yolo Flyway Farms","38.364863",-121.642878,"10:13","Bryte",NA
"4820","9051","EF0823B0112",2023-08-01,"Dissolved Nitrate + Nitrite","<0.05","0.05","mg/L as N",NA,"N","N","Yolo Flyway Farms","38.364863",-121.642878,"10:13","Bryte",NA
"4821","9051","EF0823B0112",2023-08-01,"Dissolved Organic Carbon","4.8","0.5","mg/L as C",NA,"N","N","Yolo Flyway Farms","38.364863",-121.642878,"10:13","Bryte",NA
"4822","9051","EF0823B0112",2023-08-01,"Total Organic Carbon","4.4","0.5","mg/L as C",NA,"N","N","Yolo Flyway Farms","38.364863",-121.642878,"10:13","Bryte",NA
"4823","9051","EF0823B0112",2023-08-01,"Dissolved Organic Nitrogen","0.21","0.1","mg/L as N",NA,"N","N","Yolo Flyway Farms","38.364863",-121.642878,"10:13","Bryte",NA
"4824","9051","EF0823B0112",2023-08-01,"Dissolved ortho-Phosphate","0.127","0.05","mg/L as P",NA,"N","N","Yolo Flyway Farms","38.364863",-121.642878,"10:13","Bryte",NA
"4825","9051","EF0823B0112",2023-08-01,"Pheophytin a","1.12","0.5","ug/L",NA,"N","N","Yolo Flyway Farms","38.364863",-121.642878,"10:13","Bryte",NA
"4826","9051","EF0823B0112",2023-08-01,"Total Phosphorus","0.14","0.01","mg/L as P",NA,"N","N","Yolo Flyway Farms","38.364863",-121.642878,"10:13","Bryte",NA
"4827","9051","EF0823B0112",2023-08-01,"Total Kjeldahl Nitrogen","0.377","0.1","mg/L as N",NA,"N","N","Yolo Flyway Farms","38.364863",-121.642878,"10:13","Bryte",NA
"4828","9052","EF0823B0113",2023-08-01,"Dissolved Ammonia","<0.05","0.05","mg/L as N",NA,"N","N","Yolo Flyway Farms","38.360783",-121.647241,"10:38","Bryte",NA
"4829","9052","EF0823B0113",2023-08-01,"Chlorophyll a","2.15","0.5","ug/L",NA,"N","N","Yolo Flyway Farms","38.360783",-121.647241,"10:38","Bryte",NA
"4830","9052","EF0823B0113",2023-08-01,"Dissolved Nitrate + Nitrite","<0.05","0.05","mg/L as N",NA,"N","N","Yolo Flyway Farms","38.360783",-121.647241,"10:38","Bryte",NA
"4831","9052","EF0823B0113",2023-08-01,"Dissolved Organic Carbon","4.9","0.5","mg/L as C",NA,"N","N","Yolo Flyway Farms","38.360783",-121.647241,"10:38","Bryte",NA
"4832","9052","EF0823B0113",2023-08-01,"Total Organic Carbon","5.1","0.5","mg/L as C",NA,"N","N","Yolo Flyway Farms","38.360783",-121.647241,"10:38","Bryte",NA
"4833","9052","EF0823B0113",2023-08-01,"Dissolved Organic Nitrogen","0.27","0.1","mg/L as N",NA,"N","N","Yolo Flyway Farms","38.360783",-121.647241,"10:38","Bryte",NA
"4834","9052","EF0823B0113",2023-08-01,"Dissolved ortho-Phosphate","0.123","0.05","mg/L as P",NA,"N","N","Yolo Flyway Farms","38.360783",-121.647241,"10:38","Bryte",NA
"4835","9052","EF0823B0113",2023-08-01,"Pheophytin a","0.74","0.5","ug/L",NA,"N","N","Yolo Flyway Farms","38.360783",-121.647241,"10:38","Bryte",NA
"4836","9052","EF0823B0113",2023-08-01,"Total Phosphorus","0.147","0.01","mg/L as P",NA,"N","N","Yolo Flyway Farms","38.360783",-121.647241,"10:38","Bryte",NA
"4837","9052","EF0823B0113",2023-08-01,"Total Kjeldahl Nitrogen","0.406","0.1","mg/L as N",NA,"N","N","Yolo Flyway Farms","38.360783",-121.647241,"10:38","Bryte",NA
"4838","9054","EF0823B0157",2023-08-08,"Dissolved Ammonia","<0.05","0.05","mg/L as N",NA,"N","N","Tule Red","38.118224",-121.981712,"09:34","Bryte",NA
"4839","9054","EF0823B0157",2023-08-08,"Chlorophyll a","0.85","0.5","ug/L",NA,"N","N","Tule Red","38.118224",-121.981712,"09:34","Bryte",NA
"4840","9054","EF0823B0157",2023-08-08,"Dissolved Nitrate + Nitrite","0.054","0.05","mg/L as N",NA,"N","N","Tule Red","38.118224",-121.981712,"09:34","Bryte",NA
"4841","9054","EF0823B0157",2023-08-08,"Dissolved Organic Carbon","3.7","0.5","mg/L as C",NA,"N","N","Tule Red","38.118224",-121.981712,"09:34","Bryte",NA
"4842","9054","EF0823B0157",2023-08-08,"Total Organic Carbon","3.7","0.5","mg/L as C",NA,"N","N","Tule Red","38.118224",-121.981712,"09:34","Bryte",NA
"4843","9054","EF0823B0157",2023-08-08,"Dissolved Organic Nitrogen","0.32","0.1","mg/L as N",NA,"N","N","Tule Red","38.118224",-121.981712,"09:34","Bryte",NA
"4844","9054","EF0823B0157",2023-08-08,"Dissolved ortho-Phosphate","0.051","0.05","mg/L as P",NA,"N","N","Tule Red","38.118224",-121.981712,"09:34","Bryte",NA
"4845","9054","EF0823B0157",2023-08-08,"Pheophytin a","1.77","0.5","ug/L",NA,"N","Y","Tule Red","38.118224",-121.981712,"09:34","Bryte",NA
"4846","9054","EF0823B0157",2023-08-08,"Total Phosphorus","0.081","0.01","mg/L as P",NA,"N","N","Tule Red","38.118224",-121.981712,"09:34","Bryte",NA
"4847","9054","EF0823B0157",2023-08-08,"Total Kjeldahl Nitrogen","0.388","0.1","mg/L as N",NA,"N","N","Tule Red","38.118224",-121.981712,"09:34","Bryte",NA
"4848","9055","EF0823B0156",2023-08-08,"Dissolved Ammonia","<0.05","0.05","mg/L as N",NA,"N","N","Tule Red","38.131223",-121.991082,"10:13","Bryte",NA
"4849","9055","EF0823B0156",2023-08-08,"Chlorophyll a","6.87","0.5","ug/L",NA,"N","N","Tule Red","38.131223",-121.991082,"10:13","Bryte",NA
"4850","9055","EF0823B0156",2023-08-08,"Dissolved Nitrate + Nitrite","<0.05","0.05","mg/L as N",NA,"N","N","Tule Red","38.131223",-121.991082,"10:13","Bryte",NA
"4851","9055","EF0823B0156",2023-08-08,"Dissolved Organic Carbon","2.3","0.5","mg/L as C",NA,"N","N","Tule Red","38.131223",-121.991082,"10:13","Bryte",NA
"4852","9055","EF0823B0156",2023-08-08,"Total Organic Carbon","2.2","0.5","mg/L as C",NA,"N","N","Tule Red","38.131223",-121.991082,"10:13","Bryte",NA
"4853","9055","EF0823B0156",2023-08-08,"Dissolved Organic Nitrogen","0.14","0.1","mg/L as N",NA,"N","N","Tule Red","38.131223",-121.991082,"10:13","Bryte",NA
"4854","9055","EF0823B0156",2023-08-08,"Dissolved ortho-Phosphate","0.066","0.05","mg/L as P",NA,"N","N","Tule Red","38.131223",-121.991082,"10:13","Bryte",NA
"4855","9055","EF0823B0156",2023-08-08,"Pheophytin a","2.25","0.5","ug/L",NA,"N","N","Tule Red","38.131223",-121.991082,"10:13","Bryte",NA
"4856","9055","EF0823B0156",2023-08-08,"Total Phosphorus","0.112","0.01","mg/L as P",NA,"N","N","Tule Red","38.131223",-121.991082,"10:13","Bryte",NA
"4857","9055","EF0823B0156",2023-08-08,"Total Kjeldahl Nitrogen","0.33","0.1","mg/L as N",NA,"N","N","Tule Red","38.131223",-121.991082,"10:13","Bryte",NA
"4858","9056","EF0823B0159",2023-08-08,"Dissolved ortho-Phosphate","0.08","0.05","mg/L as P",NA,"N","N","Ryer Island","38.083223",-122.007104,"11:06","Bryte",NA
"4859","9056","EF0823B0159",2023-08-08,"Dissolved Organic Nitrogen","0.17","0.1","mg/L as N",NA,"N","N","Ryer Island","38.083223",-122.007104,"11:06","Bryte",NA
"4860","9056","EF0823B0159",2023-08-08,"Total Kjeldahl Nitrogen","0.302","0.1","mg/L as N",NA,"N","N","Ryer Island","38.083223",-122.007104,"11:06","Bryte",NA
"4861","9056","EF0823B0159",2023-08-08,"Pheophytin a","1.08","0.5","ug/L",NA,"N","N","Ryer Island","38.083223",-122.007104,"11:06","Bryte",NA
"4862","9056","EF0823B0159",2023-08-08,"Total Phosphorus","0.093","0.01","mg/L as P",NA,"N","N","Ryer Island","38.083223",-122.007104,"11:06","Bryte",NA
"4863","9056","EF0823B0159",2023-08-08,"Dissolved Ammonia","<0.05","0.05","mg/L as N",NA,"N","N","Ryer Island","38.083223",-122.007104,"11:06","Bryte",NA
"4864","9056","EF0823B0159",2023-08-08,"Chlorophyll a","1.43","0.5","ug/L",NA,"N","N","Ryer Island","38.083223",-122.007104,"11:06","Bryte",NA
"4865","9056","EF0823B0159",2023-08-08,"Dissolved Nitrate + Nitrite","<0.05","0.05","mg/L as N",NA,"N","N","Ryer Island","38.083223",-122.007104,"11:06","Bryte",NA
"4866","9058","EF0823B0160",2023-08-08,"Total Organic Carbon","2.2","0.5","mg/L as C",NA,"N","N","Ryer Island","38.078849",-122.014498,"11:46","Bryte",NA
"4867","9058","EF0823B0160",2023-08-08,"Dissolved Organic Nitrogen","0.21","0.1","mg/L as N",NA,"N","N","Ryer Island","38.078849",-122.014498,"11:46","Bryte",NA
"4868","9058","EF0823B0160",2023-08-08,"Pheophytin a","1.19","0.5","ug/L",NA,"N","N","Ryer Island","38.078849",-122.014498,"11:46","Bryte",NA
"4869","9058","EF0823B0160",2023-08-08,"Total Phosphorus","0.095","0.01","mg/L as P",NA,"N","N","Ryer Island","38.078849",-122.014498,"11:46","Bryte",NA
"4870","9058","EF0823B0160",2023-08-08,"Total Kjeldahl Nitrogen","0.258","0.1","mg/L as N",NA,"N","N","Ryer Island","38.078849",-122.014498,"11:46","Bryte",NA
"4871","9058","EF0823B0160",2023-08-08,"Dissolved ortho-Phosphate","0.076","0.05","mg/L as P",NA,"N","N","Ryer Island","38.078849",-122.014498,"11:46","Bryte",NA
"4872","9058","EF0823B0160",2023-08-08,"Dissolved Ammonia","<0.05","0.05","mg/L as N",NA,"N","N","Ryer Island","38.078849",-122.014498,"11:46","Bryte",NA
"4873","9058","EF0823B0160",2023-08-08,"Chlorophyll a","1.81","0.5","ug/L",NA,"N","N","Ryer Island","38.078849",-122.014498,"11:46","Bryte",NA
"4874","9058","EF0823B0160",2023-08-08,"Dissolved Nitrate + Nitrite","0.051","0.05","mg/L as N",NA,"N","N","Ryer Island","38.078849",-122.014498,"11:46","Bryte",NA
"4875","9058","EF0823B0160",2023-08-08,"Dissolved Organic Carbon","2.3","0.5","mg/L as C",NA,"N","N","Ryer Island","38.078849",-122.014498,"11:46","Bryte",NA
"4876","9062","EF1023B0176",2023-10-19,"Dissolved Ammonia","<0.05","0.05","mg/L as N",NA,"N","N","Decker Island","38.084148",-121.724012,"11:00","Bryte",NA
"4877","9062","EF1023B0176",2023-10-19,"Chlorophyll a","1.06","0.5","ug/L",NA,"N","N","Decker Island","38.084148",-121.724012,"11:00","Bryte",NA
"4878","9062","EF1023B0176",2023-10-19,"Dissolved Nitrate + Nitrite","<0.05","0.05","mg/L as N",NA,"N","N","Decker Island","38.084148",-121.724012,"11:00","Bryte",NA
"4879","9062","EF1023B0176",2023-10-19,"Dissolved Organic Carbon","3.4","0.5","mg/L as C",NA,"N","N","Decker Island","38.084148",-121.724012,"11:00","Bryte",NA
"4880","9062","EF1023B0176",2023-10-19,"Total Organic Carbon","3.4","0.5","mg/L as C",NA,"N","N","Decker Island","38.084148",-121.724012,"11:00","Bryte",NA
"4881","9062","EF1023B0176",2023-10-19,"Dissolved Organic Nitrogen","0.1","0.1","mg/L as N",NA,"N","N","Decker Island","38.084148",-121.724012,"11:00","Bryte",NA
"4882","9062","EF1023B0176",2023-10-19,"Dissolved ortho-Phosphate","<0.05","0.05","mg/L as P",NA,"N","N","Decker Island","38.084148",-121.724012,"11:00","Bryte",NA
"4883","9062","EF1023B0176",2023-10-19,"Pheophytin a","0.55","0.5","ug/L",NA,"N","N","Decker Island","38.084148",-121.724012,"11:00","Bryte",NA
"4884","9062","EF1023B0176",2023-10-19,"Total Phosphorus","0.041","0.01","mg/L as P",NA,"N","N","Decker Island","38.084148",-121.724012,"11:00","Bryte",NA
"4885","9062","EF1023B0176",2023-10-19,"Total Kjeldahl Nitrogen","0.199","0.1","mg/L as N",NA,"N","N","Decker Island","38.084148",-121.724012,"11:00","Bryte",NA
"4886","9065","EF1023B0177",2023-10-19,"Dissolved Ammonia","<0.05","0.05","mg/L as N",NA,"N","N","Decker Island","38.084973",-121.723248,"11:25","Bryte",NA
"4887","9065","EF1023B0177",2023-10-19,"Chlorophyll a","1.05","0.5","ug/L",NA,"N","N","Decker Island","38.084973",-121.723248,"11:25","Bryte",NA
"4888","9065","EF1023B0177",2023-10-19,"Dissolved Nitrate + Nitrite","<0.05","0.05","mg/L as N",NA,"N","N","Decker Island","38.084973",-121.723248,"11:25","Bryte",NA
"4889","9065","EF1023B0177",2023-10-19,"Dissolved Organic Nitrogen","0.21","0.1","mg/L as N",NA,"N","N","Decker Island","38.084973",-121.723248,"11:25","Bryte",NA
"4890","9065","EF1023B0177",2023-10-19,"Dissolved ortho-Phosphate","<0.05","0.05","mg/L as P",NA,"N","N","Decker Island","38.084973",-121.723248,"11:25","Bryte",NA
"4891","9065","EF1023B0177",2023-10-19,"Pheophytin a","0.64","0.5","ug/L",NA,"N","N","Decker Island","38.084973",-121.723248,"11:25","Bryte",NA
"4892","9065","EF1023B0177",2023-10-19,"Total Phosphorus","0.045","0.01","mg/L as P",NA,"N","N","Decker Island","38.084973",-121.723248,"11:25","Bryte",NA
"4893","9065","EF1023B0177",2023-10-19,"Total Kjeldahl Nitrogen","0.252","0.1","mg/L as N",NA,"N","N","Decker Island","38.084973",-121.723248,"11:25","Bryte",NA
"4894","9067","EF1023B0178",2023-10-19,"Dissolved Ammonia","<0.05","0.05","mg/L as N",NA,"N","N","Webb Tract Islands and Berms","38.096401",-121.589616,"12:43","Bryte",NA
"4895","9067","EF1023B0178",2023-10-19,"Chlorophyll a","2.09","0.5","ug/L",NA,"N","N","Webb Tract Islands and Berms","38.096401",-121.589616,"12:43","Bryte",NA
"4896","9067","EF1023B0178",2023-10-19,"Dissolved Nitrate + Nitrite","0.113","0.05","mg/L as N",NA,"N","N","Webb Tract Islands and Berms","38.096401",-121.589616,"12:43","Bryte",NA
"4897","9067","EF1023B0178",2023-10-19,"Dissolved Organic Carbon","2.3","0.5","mg/L as C",NA,"N","N","Webb Tract Islands and Berms","38.096401",-121.589616,"12:43","Bryte",NA
"4898","9067","EF1023B0178",2023-10-19,"Total Organic Carbon","2.4","0.5","mg/L as C",NA,"N","N","Webb Tract Islands and Berms","38.096401",-121.589616,"12:43","Bryte",NA
"4899","9067","EF1023B0178",2023-10-19,"Dissolved Organic Nitrogen","<0.1","0.1","mg/L as N",NA,"N","N","Webb Tract Islands and Berms","38.096401",-121.589616,"12:43","Bryte",NA
"4900","9067","EF1023B0178",2023-10-19,"Dissolved ortho-Phosphate","<0.05","0.05","mg/L as P",NA,"N","N","Webb Tract Islands and Berms","38.096401",-121.589616,"12:43","Bryte",NA
"4901","9067","EF1023B0178",2023-10-19,"Pheophytin a","0.61","0.5","ug/L",NA,"N","N","Webb Tract Islands and Berms","38.096401",-121.589616,"12:43","Bryte",NA
"4902","9067","EF1023B0178",2023-10-19,"Total Phosphorus","0.043","0.01","mg/L as P",NA,"N","N","Webb Tract Islands and Berms","38.096401",-121.589616,"12:43","Bryte",NA
"4903","9067","EF1023B0178",2023-10-19,"Total Kjeldahl Nitrogen","0.125","0.1","mg/L as N",NA,"N","N","Webb Tract Islands and Berms","38.096401",-121.589616,"12:43","Bryte",NA
"4904","9070","EF1023B0179",2023-10-19,"Dissolved Ammonia","<0.05","0.05","mg/L as N",NA,"N","N","Webb Tract Islands and Berms","38.094263",-121.590044,"13:14","Bryte",NA
"4905","9070","EF1023B0179",2023-10-19,"Chlorophyll a","2.01","0.5","ug/L",NA,"N","N","Webb Tract Islands and Berms","38.094263",-121.590044,"13:14","Bryte",NA
"4906","9070","EF1023B0179",2023-10-19,"Dissolved Nitrate + Nitrite","0.118","0.05","mg/L as N",NA,"N","N","Webb Tract Islands and Berms","38.094263",-121.590044,"13:14","Bryte",NA
"4907","9070","EF1023B0179",2023-10-19,"Dissolved Organic Carbon","2.4","0.5","mg/L as C",NA,"N","N","Webb Tract Islands and Berms","38.094263",-121.590044,"13:14","Bryte",NA
"4908","9070","EF1023B0179",2023-10-19,"Total Organic Carbon","2.5","0.5","mg/L as C",NA,"N","N","Webb Tract Islands and Berms","38.094263",-121.590044,"13:14","Bryte",NA
"4909","9070","EF1023B0179",2023-10-19,"Dissolved Organic Nitrogen","<0.1","0.1","mg/L as N",NA,"N","N","Webb Tract Islands and Berms","38.094263",-121.590044,"13:14","Bryte",NA
"4910","9070","EF1023B0179",2023-10-19,"Dissolved ortho-Phosphate","<0.05","0.05","mg/L as P",NA,"N","N","Webb Tract Islands and Berms","38.094263",-121.590044,"13:14","Bryte",NA
"4911","9070","EF1023B0179",2023-10-19,"Pheophytin a","<0.5","0.5","ug/L",NA,"N","N","Webb Tract Islands and Berms","38.094263",-121.590044,"13:14","Bryte",NA
"4912","9070","EF1023B0179",2023-10-19,"Total Phosphorus","0.043","0.01","mg/L as P",NA,"N","N","Webb Tract Islands and Berms","38.094263",-121.590044,"13:14","Bryte",NA
"4913","9070","EF1023B0179",2023-10-19,"Total Kjeldahl Nitrogen","0.115","0.1","mg/L as N",NA,"N","N","Webb Tract Islands and Berms","38.094263",-121.590044,"13:14","Bryte",NA
"4914","4921","EF0321B0010",2021-03-24,"Dissolved Ammonia","<0.05","0.05","mg/L as N","N","N","N","Horseshoe Bend","38.084443",-121.723938,"15:35","Bryte",NA
"4915","4921","EF0321B0010",2021-03-24,"Chlorophyll a","2.33","0.5","ug/L","N","N","N","Horseshoe Bend","38.084443",-121.723938,"15:35","Bryte",NA
"4916","4921","EF0321B0010",2021-03-24,"Dissolved Nitrate + Nitrite","0.277","0.05","mg/L as N","N","Y","N","Horseshoe Bend","38.084443",-121.723938,"15:35","Bryte",NA
"4917","4921","EF0321B0010",2021-03-24,"Dissolved Organic Carbon","3.1","0.5","mg/L as C","N","Y","N","Horseshoe Bend","38.084443",-121.723938,"15:35","Bryte",NA
"4918","4921","EF0321B0010",2021-03-24,"Total Organic Carbon","2.9","0.5","mg/L as C","N","N","N","Horseshoe Bend","38.084443",-121.723938,"15:35","Bryte",NA
"4919","4921","EF0321B0010",2021-03-24,"Dissolved Organic Nitrogen","0.26","0.1","mg/L as N","N","N","N","Horseshoe Bend","38.084443",-121.723938,"15:35","Bryte",NA
"4920","4921","EF0321B0010",2021-03-24,"Dissolved ortho-Phosphate","0.078","0.05","mg/L as P","N","N","N","Horseshoe Bend","38.084443",-121.723938,"15:35","Bryte",NA
"4921","4921","EF0321B0010",2021-03-24,"Pheophytin a","1.86","0.5","ug/L","N","N","N","Horseshoe Bend","38.084443",-121.723938,"15:35","Bryte",NA
"4922","4921","EF0321B0010",2021-03-24,"Total Phosphorus","0.097","0.01","mg/L as P","N","N","N","Horseshoe Bend","38.084443",-121.723938,"15:35","Bryte",NA
"4923","4921","EF0321B0010",2021-03-24,"Total Kjeldahl Nitrogen","0.362","0.1","mg/L as N","N","N","N","Horseshoe Bend","38.084443",-121.723938,"15:35","Bryte",NA
"4924","4923","EF0321B0009",2021-03-24,"Dissolved Ammonia","<0.05","0.05","mg/L as N","N","N","N","Horseshoe Bend","38.082632",-121.729213,"17:27","Bryte",NA
"4925","4923","EF0321B0009",2021-03-24,"Chlorophyll a","4.47","0.5","ug/L","N","N","N","Horseshoe Bend","38.082632",-121.729213,"17:27","Bryte",NA
"4926","4923","EF0321B0009",2021-03-24,"Dissolved Nitrate + Nitrite","0.213","0.05","mg/L as N","N","Y","N","Horseshoe Bend","38.082632",-121.729213,"17:27","Bryte",NA
"4927","4923","EF0321B0009",2021-03-24,"Dissolved Organic Carbon","2.8","0.5","mg/L as C","N","Y","N","Horseshoe Bend","38.082632",-121.729213,"17:27","Bryte",NA
"4928","4923","EF0321B0009",2021-03-24,"Total Organic Carbon","2.9","0.5","mg/L as C","N","N","N","Horseshoe Bend","38.082632",-121.729213,"17:27","Bryte",NA
"4929","4923","EF0321B0009",2021-03-24,"Dissolved Organic Nitrogen","0.27","0.1","mg/L as N","N","N","N","Horseshoe Bend","38.082632",-121.729213,"17:27","Bryte",NA
"4930","4923","EF0321B0009",2021-03-24,"Dissolved ortho-Phosphate","0.0613","0.05","mg/L as P","N","N","N","Horseshoe Bend","38.082632",-121.729213,"17:27","Bryte",NA
"4931","4923","EF0321B0009",2021-03-24,"Pheophytin a","5.72","0.5","ug/L","N","N","N","Horseshoe Bend","38.082632",-121.729213,"17:27","Bryte",NA
"4932","4923","EF0321B0009",2021-03-24,"Total Phosphorus","0.022","0.01","mg/L as P","N","N","N","Horseshoe Bend","38.082632",-121.729213,"17:27","Bryte",NA
"4933","4923","EF0321B0009",2021-03-24,"Total Kjeldahl Nitrogen","0.388","0.1","mg/L as N","N","N","N","Horseshoe Bend","38.082632",-121.729213,"17:27","Bryte",NA
"4934",NA,"EF0522B0194",NA,NA,NA,NA,NA,NA,NA,NA,NA,NA,NA,"17:32",NA,NA
"4935","8731","EF0324B0019",2024-03-18,"Dissolved Ammonia","<0.05","0.05","mg/L as N","","","","Browns Island","38.033811",-121.857011,"09:49","Bryte",NA
"4936","8731","EF0324B0019",2024-03-18,"Chlorophyll a","2.05","0.5","ug/L","","","","Browns Island","38.033811",-121.857011,"09:49","Bryte",NA
"4937","8731","EF0324B0019",2024-03-18,"Dissolved Nitrate + Nitrite","0.23","0.05","mg/L as N","","","","Browns Island","38.033811",-121.857011,"09:49","Bryte",NA
"4938","8731","EF0324B0019",2024-03-18,"Dissolved Organic Carbon","3.1","0.5","mg/L as C","","","","Browns Island","38.033811",-121.857011,"09:49","Bryte",NA
"4939","8731","EF0324B0019",2024-03-18,"Total Organic Carbon","2.9","0.5","mg/L as C","","","","Browns Island","38.033811",-121.857011,"09:49","Bryte",NA
"4940","8731","EF0324B0019",2024-03-18,"Dissolved Organic Nitrogen","0.17","0.1","mg/L as N","","","","Browns Island","38.033811",-121.857011,"09:49","Bryte",NA
"4941","8731","EF0324B0019",2024-03-18,"Dissolved ortho-Phosphate","0.057","0.05","mg/L as P","","","","Browns Island","38.033811",-121.857011,"09:49","Bryte",NA
"4942","8731","EF0324B0019",2024-03-18,"Pheophytin a","0.67","0.5","ug/L","","","","Browns Island","38.033811",-121.857011,"09:49","Bryte",NA
"4943","8731","EF0324B0019",2024-03-18,"Total Phosphorus","0.078","0.01","mg/L as P","","","","Browns Island","38.033811",-121.857011,"09:49","Bryte",NA
"4944","8731","EF0324B0019",2024-03-18,"Total Kjeldahl Nitrogen","0.247","0.1","mg/L as N","","","","Browns Island","38.033811",-121.857011,"09:49","Bryte",NA
"4945","8734","EF0324B0020",2024-03-18,"Chlorophyll a","1.43","0.5","ug/L","","","","Browns Island","38.038689",-121.856619,"10:48","Bryte",NA
"4946","8734","EF0324B0020",2024-03-18,"Dissolved Nitrate + Nitrite","0.15","0.05","mg/L as N","","","","Browns Island","38.038689",-121.856619,"10:48","Bryte",NA
"4947","8734","EF0324B0020",2024-03-18,"Dissolved Organic Nitrogen","0.259","0.1","mg/L as N","","","","Browns Island","38.038689",-121.856619,"10:48","Bryte",NA
"4948","8734","EF0324B0020",2024-03-18,"Dissolved ortho-Phosphate","0.084","0.05","mg/L as P","","","","Browns Island","38.038689",-121.856619,"10:48","Bryte",NA
"4949","8734","EF0324B0020",2024-03-18,"Dissolved Organic Carbon","4.8","0.5","mg/L as C","","","","Browns Island","38.038689",-121.856619,"10:48","Bryte",NA
"4950","8734","EF0324B0020",2024-03-18,"Total Organic Carbon","4.5","0.5","mg/L as C","","","","Browns Island","38.038689",-121.856619,"10:48","Bryte",NA
"4951","8734","EF0324B0020",2024-03-18,"Dissolved Ammonia","<0.05","0.05","mg/L as N","","","","Browns Island","38.038689",-121.856619,"10:48","Bryte",NA
"4952","8734","EF0324B0020",2024-03-18,"Total Kjeldahl Nitrogen","0.354","0.1","mg/L as N","","","","Browns Island","38.038689",-121.856619,"10:48","Bryte",NA
"4953","8734","EF0324B0020",2024-03-18,"Pheophytin a","0.83","0.5","ug/L","","","","Browns Island","38.038689",-121.856619,"10:48","Bryte",NA
"4954","8734","EF0324B0020",2024-03-18,"Total Phosphorus","0.087","0.01","mg/L as P","","","","Browns Island","38.038689",-121.856619,"10:48","Bryte",NA
"4955","8735","EF0324B0021",2024-03-18,"Dissolved Organic Nitrogen","0.188","0.1","mg/L as N","","","","Winter Island","38.051681",-121.851355,"11:17","Bryte",NA
"4956","8735","EF0324B0021",2024-03-18,"Total Organic Carbon","3.1","0.5","mg/L as C","","","","Winter Island","38.051681",-121.851355,"11:17","Bryte",NA
"4957","8735","EF0324B0021",2024-03-18,"Total Kjeldahl Nitrogen","0.268","0.1","mg/L as N","","","","Winter Island","38.051681",-121.851355,"11:17","Bryte",NA
"4958","8735","EF0324B0021",2024-03-18,"Dissolved ortho-Phosphate","0.061","0.05","mg/L as P","","","","Winter Island","38.051681",-121.851355,"11:17","Bryte",NA
"4959","8735","EF0324B0021",2024-03-18,"Pheophytin a","0.75","0.5","ug/L","","","","Winter Island","38.051681",-121.851355,"11:17","Bryte",NA
"4960","8735","EF0324B0021",2024-03-18,"Total Phosphorus","0.086","0.01","mg/L as P","","","","Winter Island","38.051681",-121.851355,"11:17","Bryte",NA
"4961","8735","EF0324B0021",2024-03-18,"Dissolved Ammonia","<0.05","0.05","mg/L as N","","","","Winter Island","38.051681",-121.851355,"11:17","Bryte",NA
"4962","8735","EF0324B0021",2024-03-18,"Chlorophyll a","1.72","0.5","ug/L","","","","Winter Island","38.051681",-121.851355,"11:17","Bryte",NA
"4963","8735","EF0324B0021",2024-03-18,"Dissolved Nitrate + Nitrite","0.209","0.05","mg/L as N","","","","Winter Island","38.051681",-121.851355,"11:17","Bryte",NA
"4964","8735","EF0324B0021",2024-03-18,"Dissolved Organic Carbon","3.2","0.5","mg/L as C","","","","Winter Island","38.051681",-121.851355,"11:17","Bryte",NA
"4965","8837","EF0424B0180",2024-04-23,"Dissolved Ammonia","0.072","0.05","mg/L as N","","","","Yolo Flyway Farms","38.36079",-121.640695,"08:34","Bryte",NA
"4966","8837","EF0424B0180",2024-04-23,"Chlorophyll a","3.15","0.5","ug/L","","","","Yolo Flyway Farms","38.36079",-121.640695,"08:34","Bryte",NA
"4967","8837","EF0424B0180",2024-04-23,"Dissolved Nitrate + Nitrite","0.211","0.05","mg/L as N","","","","Yolo Flyway Farms","38.36079",-121.640695,"08:34","Bryte",NA
"4968","8837","EF0424B0180",2024-04-23,"Dissolved Organic Carbon","5.4","0.5","mg/L as C","","","","Yolo Flyway Farms","38.36079",-121.640695,"08:34","Bryte",NA
"4969","8837","EF0424B0180",2024-04-23,"Total Organic Carbon","5.7","0.5","mg/L as C","","","","Yolo Flyway Farms","38.36079",-121.640695,"08:34","Bryte",NA
"4970","8837","EF0424B0180",2024-04-23,"Dissolved Organic Nitrogen","0.42","0.1","mg/L as N","","","","Yolo Flyway Farms","38.36079",-121.640695,"08:34","Bryte",NA
"4971","8837","EF0424B0180",2024-04-23,"Dissolved ortho-Phosphate","0.143","0.05","mg/L as P","","","","Yolo Flyway Farms","38.36079",-121.640695,"08:34","Bryte",NA
"4972","8837","EF0424B0180",2024-04-23,"Pheophytin a","2.6","0.5","ug/L","","","","Yolo Flyway Farms","38.36079",-121.640695,"08:34","Bryte",NA
"4973","8837","EF0424B0180",2024-04-23,"Total Phosphorus","0.189","0.01","mg/L as P","","","","Yolo Flyway Farms","38.36079",-121.640695,"08:34","Bryte",NA
"4974","8837","EF0424B0180",2024-04-23,"Total Kjeldahl Nitrogen","0.621","0.1","mg/L as N","","Y","","Yolo Flyway Farms","38.36079",-121.640695,"08:34","Bryte",NA
"4975","8838","EF0424B0182",2024-04-23,"Dissolved Ammonia","0.074","0.05","mg/L as N","","","","Lower Yolo Ranch","38.360857",-121.64814,"09:06","Bryte",NA
"4976","8838","EF0424B0182",2024-04-23,"Chlorophyll a","4.46","0.5","ug/L","","","","Lower Yolo Ranch","38.360857",-121.64814,"09:06","Bryte",NA
"4977","8838","EF0424B0182",2024-04-23,"Dissolved Nitrate + Nitrite","0.193","0.05","mg/L as N","","","","Lower Yolo Ranch","38.360857",-121.64814,"09:06","Bryte",NA
"4978","8838","EF0424B0182",2024-04-23,"Dissolved Organic Carbon","5.7","0.5","mg/L as C","","","","Lower Yolo Ranch","38.360857",-121.64814,"09:06","Bryte",NA
"4979","8838","EF0424B0182",2024-04-23,"Total Organic Carbon","5.3","0.5","mg/L as C","","","","Lower Yolo Ranch","38.360857",-121.64814,"09:06","Bryte",NA
"4980","8838","EF0424B0182",2024-04-23,"Dissolved Organic Nitrogen","0.43","0.1","mg/L as N","","","","Lower Yolo Ranch","38.360857",-121.64814,"09:06","Bryte",NA
"4981","8838","EF0424B0182",2024-04-23,"Dissolved ortho-Phosphate","0.148","0.05","mg/L as P","","","","Lower Yolo Ranch","38.360857",-121.64814,"09:06","Bryte",NA
"4982","8838","EF0424B0182",2024-04-23,"Pheophytin a","2.55","0.5","ug/L","","","","Lower Yolo Ranch","38.360857",-121.64814,"09:06","Bryte",NA
"4983","8838","EF0424B0182",2024-04-23,"Total Phosphorus","0.208","0.01","mg/L as P","","","","Lower Yolo Ranch","38.360857",-121.64814,"09:06","Bryte",NA
"4984","8838","EF0424B0182",2024-04-23,"Total Kjeldahl Nitrogen","0.689","0.1","mg/L as N","","Y","","Lower Yolo Ranch","38.360857",-121.64814,"09:06","Bryte",NA
"4985","8841","EF0424B0183",2024-04-23,"Dissolved Ammonia","0.09","0.05","mg/L as N","","","","Toe Drain","38.370875",-121.635358,"09:59","Bryte",NA
"4986","8841","EF0424B0183",2024-04-23,"Chlorophyll a","3.69","0.5","ug/L","","","","Toe Drain","38.370875",-121.635358,"09:59","Bryte",NA
"4987","8841","EF0424B0183",2024-04-23,"Dissolved Nitrate + Nitrite","0.214","0.05","mg/L as N","","","","Toe Drain","38.370875",-121.635358,"09:59","Bryte",NA
"4988","8841","EF0424B0183",2024-04-23,"Dissolved Organic Carbon","5.2","0.5","mg/L as C","","","","Toe Drain","38.370875",-121.635358,"09:59","Bryte",NA
"4989","8841","EF0424B0183",2024-04-23,"Total Organic Carbon","5.8","0.5","mg/L as C","","","","Toe Drain","38.370875",-121.635358,"09:59","Bryte",NA
"4990","8841","EF0424B0183",2024-04-23,"Dissolved Organic Nitrogen","0.43","0.1","mg/L as N","","","","Toe Drain","38.370875",-121.635358,"09:59","Bryte",NA
"4991","8841","EF0424B0183",2024-04-23,"Dissolved ortho-Phosphate","0.141","0.05","mg/L as P","","","","Toe Drain","38.370875",-121.635358,"09:59","Bryte",NA
"4992","8841","EF0424B0183",2024-04-23,"Pheophytin a","4.26","0.5","ug/L","","","","Toe Drain","38.370875",-121.635358,"09:59","Bryte",NA
"4993","8841","EF0424B0183",2024-04-23,"Total Phosphorus","0.19","0.01","mg/L as P","","","","Toe Drain","38.370875",-121.635358,"09:59","Bryte",NA
"4994","8841","EF0424B0183",2024-04-23,"Total Kjeldahl Nitrogen","0.658","0.1","mg/L as N","","Y","","Toe Drain","38.370875",-121.635358,"09:59","Bryte",NA
"4995","8843","EF0424B0184",2024-04-23,"Dissolved Ammonia","0.095","0.05","mg/L as N","","","","Toe Drain","38.359161",-121.640747,"10:38","Bryte",NA
"4996","8843","EF0424B0184",2024-04-23,"Chlorophyll a","3.53","0.5","ug/L","","","","Toe Drain","38.359161",-121.640747,"10:38","Bryte",NA
"4997","8843","EF0424B0184",2024-04-23,"Dissolved Nitrate + Nitrite","0.205","0.05","mg/L as N","","","","Toe Drain","38.359161",-121.640747,"10:38","Bryte",NA
"4998","8843","EF0424B0184",2024-04-23,"Dissolved Organic Carbon","5.2","0.5","mg/L as C","","","","Toe Drain","38.359161",-121.640747,"10:38","Bryte",NA
"4999","8843","EF0424B0184",2024-04-23,"Total Organic Carbon","5.9","0.5","mg/L as C","","","","Toe Drain","38.359161",-121.640747,"10:38","Bryte",NA
"5000","8843","EF0424B0184",2024-04-23,"Dissolved Organic Nitrogen","0.39","0.1","mg/L as N","","","","Toe Drain","38.359161",-121.640747,"10:38","Bryte",NA
"5001","8843","EF0424B0184",2024-04-23,"Dissolved ortho-Phosphate","0.149","0.05","mg/L as P","","","","Toe Drain","38.359161",-121.640747,"10:38","Bryte",NA
"5002","8843","EF0424B0184",2024-04-23,"Pheophytin a","4.06","0.5","ug/L","","","","Toe Drain","38.359161",-121.640747,"10:38","Bryte",NA
"5003","8843","EF0424B0184",2024-04-23,"Total Phosphorus","0.211","0.01","mg/L as P","","","","Toe Drain","38.359161",-121.640747,"10:38","Bryte",NA
"5004","8843","EF0424B0184",2024-04-23,"Total Kjeldahl Nitrogen","0.683","0.1","mg/L as N","","Y","","Toe Drain","38.359161",-121.640747,"10:38","Bryte",NA
"5005","8845","EF0424B0169",2024-04-22,"Dissolved Ammonia","<0.05","0.05","mg/L as N","","","","Liberty Island","38.301899",-121.673888,"09:05","Bryte",NA
"5006","8845","EF0424B0169",2024-04-22,"Chlorophyll a","0.62","0.5","ug/L","","","","Liberty Island","38.301899",-121.673888,"09:05","Bryte",NA
"5007","8845","EF0424B0169",2024-04-22,"Dissolved Nitrate + Nitrite","<0.05","0.05","mg/L as N","","","","Liberty Island","38.301899",-121.673888,"09:05","Bryte",NA
"5008","8845","EF0424B0169",2024-04-22,"Dissolved Organic Carbon","5.3","0.5","mg/L as C","","","","Liberty Island","38.301899",-121.673888,"09:05","Bryte",NA
"5009","8845","EF0424B0169",2024-04-22,"Total Organic Carbon","5.7","0.5","mg/L as C","","","","Liberty Island","38.301899",-121.673888,"09:05","Bryte",NA
"5010","8845","EF0424B0169",2024-04-22,"Dissolved Organic Nitrogen","0.37","0.1","mg/L as N","","","","Liberty Island","38.301899",-121.673888,"09:05","Bryte",NA
"5011","8845","EF0424B0169",2024-04-22,"Dissolved ortho-Phosphate","0.1","0.05","mg/L as P","","","","Liberty Island","38.301899",-121.673888,"09:05","Bryte",NA
"5012","8845","EF0424B0169",2024-04-22,"Pheophytin a","0.56","0.5","ug/L","","","","Liberty Island","38.301899",-121.673888,"09:05","Bryte",NA
"5013","8845","EF0424B0169",2024-04-22,"Total Phosphorus","0.124","0.01","mg/L as P","","","","Liberty Island","38.301899",-121.673888,"09:05","Bryte",NA
"5014","8845","EF0424B0169",2024-04-22,"Total Kjeldahl Nitrogen","0.441","0.1","mg/L as N","","Y","","Liberty Island","38.301899",-121.673888,"09:05","Bryte",NA
"5015","8847","EF0424B0170",2024-04-22,"Dissolved Ammonia","<0.05","0.05","mg/L as N","","","","Liberty Island","38.243147",-121.683202,"09:46","Bryte",NA
"5016","8847","EF0424B0170",2024-04-22,"Chlorophyll a","1.34","0.5","ug/L","","","","Liberty Island","38.243147",-121.683202,"09:46","Bryte",NA
"5017","8847","EF0424B0170",2024-04-22,"Dissolved Nitrate + Nitrite","<0.05","0.05","mg/L as N","","","","Liberty Island","38.243147",-121.683202,"09:46","Bryte",NA
"5018","8847","EF0424B0170",2024-04-22,"Dissolved Organic Carbon","3.1","0.5","mg/L as C","","","","Liberty Island","38.243147",-121.683202,"09:46","Bryte",NA
"5019","8847","EF0424B0170",2024-04-22,"Total Organic Carbon","3.3","0.5","mg/L as C","","","","Liberty Island","38.243147",-121.683202,"09:46","Bryte",NA
"5020","8847","EF0424B0170",2024-04-22,"Dissolved Organic Nitrogen","0.23","0.1","mg/L as N","","","","Liberty Island","38.243147",-121.683202,"09:46","Bryte",NA
"5021","8847","EF0424B0170",2024-04-22,"Dissolved ortho-Phosphate","0.077","0.05","mg/L as P","","","","Liberty Island","38.243147",-121.683202,"09:46","Bryte",NA
"5022","8847","EF0424B0170",2024-04-22,"Pheophytin a","0.53","0.5","ug/L","","","","Liberty Island","38.243147",-121.683202,"09:46","Bryte",NA
"5023","8847","EF0424B0170",2024-04-22,"Total Phosphorus","0.085","0.01","mg/L as P","","","","Liberty Island","38.243147",-121.683202,"09:46","Bryte",NA
"5024","8847","EF0424B0170",2024-04-22,"Total Kjeldahl Nitrogen","0.287","0.1","mg/L as N","","Y","","Liberty Island","38.243147",-121.683202,"09:46","Bryte",NA
"5025","8848","EF0424B0171",2024-04-22,"Dissolved Ammonia","<0.05","0.05","mg/L as N","","","","Liberty Island","38.279507",-121.692939,"10:14","Bryte",NA
"5026","8848","EF0424B0171",2024-04-22,"Chlorophyll a","1.09","0.5","ug/L","","","","Liberty Island","38.279507",-121.692939,"10:14","Bryte",NA
"5027","8848","EF0424B0171",2024-04-22,"Dissolved Nitrate + Nitrite","<0.05","0.05","mg/L as N","","","","Liberty Island","38.279507",-121.692939,"10:14","Bryte",NA
"5028","8848","EF0424B0171",2024-04-22,"Dissolved Organic Carbon","3.9","0.5","mg/L as C","","","","Liberty Island","38.279507",-121.692939,"10:14","Bryte",NA
"5029","8848","EF0424B0171",2024-04-22,"Total Organic Carbon","3.9","0.5","mg/L as C","","","","Liberty Island","38.279507",-121.692939,"10:14","Bryte",NA
"5030","8848","EF0424B0171",2024-04-22,"Dissolved Organic Nitrogen","0.29","0.1","mg/L as N","","","","Liberty Island","38.279507",-121.692939,"10:14","Bryte",NA
"5031","8848","EF0424B0171",2024-04-22,"Dissolved ortho-Phosphate","0.081","0.05","mg/L as P","","","","Liberty Island","38.279507",-121.692939,"10:14","Bryte",NA
"5032","8848","EF0424B0171",2024-04-22,"Pheophytin a","<0.5","0.5","ug/L","","","","Liberty Island","38.279507",-121.692939,"10:14","Bryte",NA
"5033","8848","EF0424B0171",2024-04-22,"Total Phosphorus","0.09","0.01","mg/L as P","","","","Liberty Island","38.279507",-121.692939,"10:14","Bryte",NA
"5034","8848","EF0424B0171",2024-04-22,"Total Kjeldahl Nitrogen","0.339","0.1","mg/L as N","","Y","","Liberty Island","38.279507",-121.692939,"10:14","Bryte",NA
"5035","8849","EF0324B0023",2024-03-18,"Chlorophyll a","2.05","0.5","ug/L","","","","Winter Island","38.034608",-121.842211,"12:14","Bryte",NA
"5036","8849","EF0324B0023",2024-03-18,"Dissolved Nitrate + Nitrite","0.235","0.05","mg/L as N","","","","Winter Island","38.034608",-121.842211,"12:14","Bryte",NA
"5037","8849","EF0324B0023",2024-03-18,"Dissolved Ammonia","<0.05","0.05","mg/L as N","","","","Winter Island","38.034608",-121.842211,"12:14","Bryte",NA
"5038","8849","EF0324B0023",2024-03-18,"Total Kjeldahl Nitrogen","0.27","0.1","mg/L as N","","","","Winter Island","38.034608",-121.842211,"12:14","Bryte",NA
"5039","8849","EF0324B0023",2024-03-18,"Dissolved Organic Nitrogen","0.252","0.1","mg/L as N","","","","Winter Island","38.034608",-121.842211,"12:14","Bryte",NA
"5040","8849","EF0324B0023",2024-03-18,"Dissolved ortho-Phosphate","0.059","0.05","mg/L as P","","","","Winter Island","38.034608",-121.842211,"12:14","Bryte",NA
"5041","8849","EF0324B0023",2024-03-18,"Dissolved Organic Carbon","3.1","0.5","mg/L as C","","","","Winter Island","38.034608",-121.842211,"12:14","Bryte",NA
"5042","8849","EF0324B0023",2024-03-18,"Total Organic Carbon","3","0.5","mg/L as C","","","","Winter Island","38.034608",-121.842211,"12:14","Bryte",NA
"5043","8849","EF0324B0023",2024-03-18,"Pheophytin a","0.54","0.5","ug/L","","","","Winter Island","38.034608",-121.842211,"12:14","Bryte",NA
"5044","8849","EF0324B0023",2024-03-18,"Total Phosphorus","0.068","0.01","mg/L as P","","","","Winter Island","38.034608",-121.842211,"12:14","Bryte",NA
"5045","8850","EF0324B0024",2024-03-18,"Chlorophyll a","2.31","0.5","ug/L","","","","Broad Slough","38.032741",-121.839439,"12:48","Bryte",NA
"5046","8850","EF0324B0024",2024-03-18,"Dissolved Nitrate + Nitrite","0.23","0.05","mg/L as N","","","","Broad Slough","38.032741",-121.839439,"12:48","Bryte",NA
"5047","8850","EF0324B0024",2024-03-18,"Dissolved Organic Nitrogen","0.183","0.1","mg/L as N","","","","Broad Slough","38.032741",-121.839439,"12:48","Bryte",NA
"5048","8850","EF0324B0024",2024-03-18,"Dissolved ortho-Phosphate","0.056","0.05","mg/L as P","","","","Broad Slough","38.032741",-121.839439,"12:48","Bryte",NA
"5049","8850","EF0324B0024",2024-03-18,"Dissolved Organic Carbon","2.9","0.5","mg/L as C","","","","Broad Slough","38.032741",-121.839439,"12:48","Bryte",NA
"5050","8850","EF0324B0024",2024-03-18,"Total Organic Carbon","2.9","0.5","mg/L as C","","","","Broad Slough","38.032741",-121.839439,"12:48","Bryte",NA
"5051","8850","EF0324B0024",2024-03-18,"Dissolved Ammonia","<0.05","0.05","mg/L as N","","","","Broad Slough","38.032741",-121.839439,"12:48","Bryte",NA
"5052","8850","EF0324B0024",2024-03-18,"Total Kjeldahl Nitrogen","0.265","0.1","mg/L as N","","","","Broad Slough","38.032741",-121.839439,"12:48","Bryte",NA
"5053","8850","EF0324B0024",2024-03-18,"Pheophytin a","0.59","0.5","ug/L","","","","Broad Slough","38.032741",-121.839439,"12:48","Bryte",NA
"5054","8850","EF0324B0024",2024-03-18,"Total Phosphorus","0.071","0.01","mg/L as P","","","","Broad Slough","38.032741",-121.839439,"12:48","Bryte",NA
"5055","8853","EF0324B0025",2024-03-18,"Dissolved Organic Nitrogen","0.181","0.1","mg/L as N","","","","Broad Slough","38.053385",-121.849055,"13:33","Bryte",NA
"5056","8853","EF0324B0025",2024-03-18,"Total Organic Carbon","2.7","0.5","mg/L as C","","","","Broad Slough","38.053385",-121.849055,"13:33","Bryte",NA
"5057","8853","EF0324B0025",2024-03-18,"Total Kjeldahl Nitrogen","0.242","0.1","mg/L as N","","","","Broad Slough","38.053385",-121.849055,"13:33","Bryte",NA
"5058","8853","EF0324B0025",2024-03-18,"Dissolved ortho-Phosphate","0.057","0.05","mg/L as P","","","","Broad Slough","38.053385",-121.849055,"13:33","Bryte",NA
"5059","8853","EF0324B0025",2024-03-18,"Pheophytin a","1.04","0.5","ug/L","","","","Broad Slough","38.053385",-121.849055,"13:33","Bryte",NA
"5060","8853","EF0324B0025",2024-03-18,"Total Phosphorus","0.067","0.01","mg/L as P","","","","Broad Slough","38.053385",-121.849055,"13:33","Bryte",NA
"5061","8853","EF0324B0025",2024-03-18,"Dissolved Ammonia","<0.05","0.05","mg/L as N","","","","Broad Slough","38.053385",-121.849055,"13:33","Bryte",NA
"5062","8853","EF0324B0025",2024-03-18,"Chlorophyll a","2.34","0.5","ug/L","","","","Broad Slough","38.053385",-121.849055,"13:33","Bryte",NA
"5063","8853","EF0324B0025",2024-03-18,"Dissolved Nitrate + Nitrite","0.221","0.05","mg/L as N","","","","Broad Slough","38.053385",-121.849055,"13:33","Bryte",NA
"5064","8853","EF0324B0025",2024-03-18,"Dissolved Organic Carbon","2.8","0.5","mg/L as C","","","","Broad Slough","38.053385",-121.849055,"13:33","Bryte",NA
"5065","8854","EF0424B0072",2024-04-02,"Dissolved Ammonia","<0.05","0.05","mg/L as N","","","","Grizzly Bay","38.128745",-122.00572,"10:01","Bryte",NA
"5066","8854","EF0424B0072",2024-04-02,"Chlorophyll a","9.59","0.5","ug/L","","","","Grizzly Bay","38.128745",-122.00572,"10:01","Bryte",NA
"5067","8854","EF0424B0072",2024-04-02,"Dissolved Nitrate + Nitrite","0.146","0.05","mg/L as N","","","","Grizzly Bay","38.128745",-122.00572,"10:01","Bryte",NA
"5068","8854","EF0424B0072",2024-04-02,"Dissolved Organic Carbon","2.3","0.5","mg/L as C","","","","Grizzly Bay","38.128745",-122.00572,"10:01","Bryte",NA
"5069","8854","EF0424B0072",2024-04-02,"Total Organic Carbon","2.9","0.5","mg/L as C","","","","Grizzly Bay","38.128745",-122.00572,"10:01","Bryte",NA
"5070","8854","EF0424B0072",2024-04-02,"Dissolved Organic Nitrogen","0.12","0.1","mg/L as N","","","","Grizzly Bay","38.128745",-122.00572,"10:01","Bryte",NA
"5071","8854","EF0424B0072",2024-04-02,"Dissolved ortho-Phosphate","0.051","0.05","mg/L as P","","","","Grizzly Bay","38.128745",-122.00572,"10:01","Bryte",NA
"5072","8854","EF0424B0072",2024-04-02,"Pheophytin a","2.02","0.5","ug/L","","","","Grizzly Bay","38.128745",-122.00572,"10:01","Bryte",NA
"5073","8854","EF0424B0072",2024-04-02,"Total Phosphorus","0.099","0.01","mg/L as P","","","","Grizzly Bay","38.128745",-122.00572,"10:01","Bryte",NA
"5074","8854","EF0424B0072",2024-04-02,"Total Kjeldahl Nitrogen","0.327","0.1","mg/L as N","","","","Grizzly Bay","38.128745",-122.00572,"10:01","Bryte",NA
"5075","8855","EF0424B0073",2024-04-02,"Dissolved Ammonia","<0.05","0.05","mg/L as N","","","","Grizzly Bay","38.126329",-122.013437,"10:19","Bryte",NA
"5076","8855","EF0424B0073",2024-04-02,"Chlorophyll a","4.2","0.5","ug/L","","","","Grizzly Bay","38.126329",-122.013437,"10:19","Bryte",NA
"5077","8855","EF0424B0073",2024-04-02,"Dissolved Nitrate + Nitrite","0.175","0.05","mg/L as N","","","","Grizzly Bay","38.126329",-122.013437,"10:19","Bryte",NA
"5078","8855","EF0424B0073",2024-04-02,"Dissolved Organic Carbon","2.1","0.5","mg/L as C","","","","Grizzly Bay","38.126329",-122.013437,"10:19","Bryte",NA
"5079","8855","EF0424B0073",2024-04-02,"Total Organic Carbon","2.1","0.5","mg/L as C","","","","Grizzly Bay","38.126329",-122.013437,"10:19","Bryte",NA
"5080","8855","EF0424B0073",2024-04-02,"Dissolved Organic Nitrogen","0.11","0.1","mg/L as N","","","","Grizzly Bay","38.126329",-122.013437,"10:19","Bryte",NA
"5081","8855","EF0424B0073",2024-04-02,"Dissolved ortho-Phosphate","0.051","0.05","mg/L as P","","","","Grizzly Bay","38.126329",-122.013437,"10:19","Bryte",NA
"5082","8855","EF0424B0073",2024-04-02,"Pheophytin a","1.41","0.5","ug/L","","","","Grizzly Bay","38.126329",-122.013437,"10:19","Bryte",NA
"5083","8855","EF0424B0073",2024-04-02,"Total Phosphorus","0.075","0.01","mg/L as P","","","","Grizzly Bay","38.126329",-122.013437,"10:19","Bryte",NA
"5084","8855","EF0424B0073",2024-04-02,"Total Kjeldahl Nitrogen","0.272","0.1","mg/L as N","","","","Grizzly Bay","38.126329",-122.013437,"10:19","Bryte",NA
"5085","8858","EF0424B0069",2024-04-02,"Dissolved Ammonia","<0.05","0.05","mg/L as N","","","","Ryer Island","38.077448",-122.013679,"11:23","Bryte",NA
"5086","8858","EF0424B0069",2024-04-02,"Chlorophyll a","2.27","0.5","ug/L","","","","Ryer Island","38.077448",-122.013679,"11:23","Bryte",NA
"5087","8858","EF0424B0069",2024-04-02,"Dissolved Nitrate + Nitrite","0.148","0.05","mg/L as N","","","","Ryer Island","38.077448",-122.013679,"11:23","Bryte",NA
"5088","8858","EF0424B0069",2024-04-02,"Dissolved Organic Carbon","2.3","0.5","mg/L as C","","","","Ryer Island","38.077448",-122.013679,"11:23","Bryte",NA
"5089","8858","EF0424B0069",2024-04-02,"Total Organic Carbon","2.2","0.5","mg/L as C","","","","Ryer Island","38.077448",-122.013679,"11:23","Bryte",NA
"5090","8858","EF0424B0069",2024-04-02,"Dissolved Organic Nitrogen","0.19","0.1","mg/L as N","","","","Ryer Island","38.077448",-122.013679,"11:23","Bryte",NA
"5091","8858","EF0424B0069",2024-04-02,"Dissolved ortho-Phosphate","0.061","0.05","mg/L as P","","","","Ryer Island","38.077448",-122.013679,"11:23","Bryte",NA
"5092","8858","EF0424B0069",2024-04-02,"Pheophytin a","0.68","0.5","ug/L","","","","Ryer Island","38.077448",-122.013679,"11:23","Bryte",NA
"5093","8858","EF0424B0069",2024-04-02,"Total Phosphorus","0.082","0.01","mg/L as P","","","","Ryer Island","38.077448",-122.013679,"11:23","Bryte",NA
"5094","8858","EF0424B0069",2024-04-02,"Total Kjeldahl Nitrogen","0.32","0.1","mg/L as N","","","","Ryer Island","38.077448",-122.013679,"11:23","Bryte",NA
"5095","8859","EF0424B0070",2024-04-02,"Dissolved Ammonia","<0.05","0.05","mg/L as N","","","","Ryer Island","38.086143",-122.01863,"11:48","Bryte",NA
"5096","8859","EF0424B0070",2024-04-02,"Chlorophyll a","2.46","0.5","ug/L","","","","Ryer Island","38.086143",-122.01863,"11:48","Bryte",NA
"5097","8859","EF0424B0070",2024-04-02,"Dissolved Nitrate + Nitrite","0.14","0.05","mg/L as N","","","","Ryer Island","38.086143",-122.01863,"11:48","Bryte",NA
"5098","8859","EF0424B0070",2024-04-02,"Dissolved Organic Carbon","2.5","0.5","mg/L as C","","","","Ryer Island","38.086143",-122.01863,"11:48","Bryte",NA
"5099","8859","EF0424B0070",2024-04-02,"Total Organic Carbon","2.5","0.5","mg/L as C","","","","Ryer Island","38.086143",-122.01863,"11:48","Bryte",NA
"5100","8859","EF0424B0070",2024-04-02,"Dissolved Organic Nitrogen","0.16","0.1","mg/L as N","","","","Ryer Island","38.086143",-122.01863,"11:48","Bryte",NA
"5101","8859","EF0424B0070",2024-04-02,"Dissolved ortho-Phosphate","0.062","0.05","mg/L as P","","","","Ryer Island","38.086143",-122.01863,"11:48","Bryte",NA
"5102","8859","EF0424B0070",2024-04-02,"Pheophytin a","0.76","0.5","ug/L","","","","Ryer Island","38.086143",-122.01863,"11:48","Bryte",NA
"5103","8859","EF0424B0070",2024-04-02,"Total Phosphorus","0.082","0.01","mg/L as P","","","","Ryer Island","38.086143",-122.01863,"11:48","Bryte",NA
"5104","8859","EF0424B0070",2024-04-02,"Total Kjeldahl Nitrogen","0.284","0.1","mg/L as N","","","","Ryer Island","38.086143",-122.01863,"11:48","Bryte",NA
"5105","8860","EF0424B0071",2024-04-02,"Dissolved Ammonia","<0.05","0.05","mg/L as N","","","","Ryer Island","38.083002",-122.011577,"12:13","Bryte",NA
"5106","8860","EF0424B0071",2024-04-02,"Chlorophyll a","2.76","0.5","ug/L","","","","Ryer Island","38.083002",-122.011577,"12:13","Bryte",NA
"5107","8860","EF0424B0071",2024-04-02,"Dissolved Nitrate + Nitrite","0.1","0.05","mg/L as N","","","","Ryer Island","38.083002",-122.011577,"12:13","Bryte",NA
"5108","8860","EF0424B0071",2024-04-02,"Dissolved Organic Carbon","2.2","0.5","mg/L as C","","","","Ryer Island","38.083002",-122.011577,"12:13","Bryte",NA
"5109","8860","EF0424B0071",2024-04-02,"Total Organic Carbon","2","0.5","mg/L as C","","","","Ryer Island","38.083002",-122.011577,"12:13","Bryte",NA
"5110","8860","EF0424B0071",2024-04-02,"Dissolved Organic Nitrogen","0.19","0.1","mg/L as N","","","","Ryer Island","38.083002",-122.011577,"12:13","Bryte",NA
"5111","8860","EF0424B0071",2024-04-02,"Dissolved ortho-Phosphate","0.11","0.05","mg/L as P","","","","Ryer Island","38.083002",-122.011577,"12:13","Bryte",NA
"5112","8860","EF0424B0071",2024-04-02,"Pheophytin a","0.76","0.5","ug/L","","","","Ryer Island","38.083002",-122.011577,"12:13","Bryte",NA
"5113","8860","EF0424B0071",2024-04-02,"Total Phosphorus","0.137","0.01","mg/L as P","","","","Ryer Island","38.083002",-122.011577,"12:13","Bryte",NA
"5114","8860","EF0424B0071",2024-04-02,"Total Kjeldahl Nitrogen","0.296","0.1","mg/L as N","","","","Ryer Island","38.083002",-122.011577,"12:13","Bryte",NA
"5115","8862","EF0424B0080",2024-04-03,"Dissolved Ammonia","<0.05","0.05","mg/L as N","","","","Tule Red","38.120789",-121.981911,"10:04","Bryte",NA
"5116","8862","EF0424B0080",2024-04-03,"Chlorophyll a","15.2","0.5","ug/L","","","","Tule Red","38.120789",-121.981911,"10:04","Bryte",NA
"5117","8862","EF0424B0080",2024-04-03,"Dissolved Nitrate + Nitrite","<0.05","0.05","mg/L as N","","","","Tule Red","38.120789",-121.981911,"10:04","Bryte",NA
"5118","8862","EF0424B0080",2024-04-03,"Dissolved Organic Carbon","2.7","0.5","mg/L as C","","","","Tule Red","38.120789",-121.981911,"10:04","Bryte",NA
"5119","8862","EF0424B0080",2024-04-03,"Total Organic Carbon","2.6","0.5","mg/L as C","","","","Tule Red","38.120789",-121.981911,"10:04","Bryte",NA
"5120","8862","EF0424B0080",2024-04-03,"Dissolved Organic Nitrogen","0.16","0.1","mg/L as N","","","","Tule Red","38.120789",-121.981911,"10:04","Bryte",NA
"5121","8862","EF0424B0080",2024-04-03,"Dissolved ortho-Phosphate","0.065","0.05","mg/L as P","","","","Tule Red","38.120789",-121.981911,"10:04","Bryte",NA
"5122","8862","EF0424B0080",2024-04-03,"Pheophytin a","4.77","0.5","ug/L","","","","Tule Red","38.120789",-121.981911,"10:04","Bryte",NA
"5123","8862","EF0424B0080",2024-04-03,"Total Phosphorus","0.148","0.01","mg/L as P","","","","Tule Red","38.120789",-121.981911,"10:04","Bryte",NA
"5124","8862","EF0424B0080",2024-04-03,"Total Kjeldahl Nitrogen","0.475","0.1","mg/L as N","","","","Tule Red","38.120789",-121.981911,"10:04","Bryte",NA
"5125","8863","EF0424B0082",2024-04-03,"Chlorophyll a","8.82","0.5","ug/L","","","","Tule Red","38.124059",-121.980342,"10:39","Bryte",NA
"5126","8863","EF0424B0082",2024-04-03,"Dissolved Nitrate + Nitrite","0.086","0.05","mg/L as N","","","","Tule Red","38.124059",-121.980342,"10:39","Bryte",NA
"5127","8863","EF0424B0082",2024-04-03,"Dissolved Organic Nitrogen","0.26","0.1","mg/L as N","","","","Tule Red","38.124059",-121.980342,"10:39","Bryte",NA
"5128","8863","EF0424B0082",2024-04-03,"Dissolved ortho-Phosphate","0.07","0.05","mg/L as P","","","","Tule Red","38.124059",-121.980342,"10:39","Bryte",NA
"5129","8863","EF0424B0082",2024-04-03,"Dissolved Organic Carbon","4.8","0.5","mg/L as C","","","","Tule Red","38.124059",-121.980342,"10:39","Bryte",NA
"5130","8863","EF0424B0082",2024-04-03,"Total Organic Carbon","6.4","0.5","mg/L as C","","","","Tule Red","38.124059",-121.980342,"10:39","Bryte",NA
"5131","8863","EF0424B0082",2024-04-03,"Dissolved Ammonia","<0.05","0.05","mg/L as N","","","","Tule Red","38.124059",-121.980342,"10:39","Bryte",NA
"5132","8863","EF0424B0082",2024-04-03,"Total Kjeldahl Nitrogen","0.529","0.1","mg/L as N","","","","Tule Red","38.124059",-121.980342,"10:39","Bryte",NA
"5133","8863","EF0424B0082",2024-04-03,"Pheophytin a","2.39","0.5","ug/L","","","","Tule Red","38.124059",-121.980342,"10:39","Bryte",NA
"5134","8863","EF0424B0082",2024-04-03,"Total Phosphorus","0.194","0.01","mg/L as P","","","","Tule Red","38.124059",-121.980342,"10:39","Bryte",NA
"5135","8864","EF0424B0083",2024-04-03,"Dissolved Organic Nitrogen","0.16","0.1","mg/L as N","","","","Tule Red","38.126429",-121.987332,"11:04","Bryte",NA
"5136","8864","EF0424B0083",2024-04-03,"Total Organic Carbon","2.7","0.5","mg/L as C","","","","Tule Red","38.126429",-121.987332,"11:04","Bryte",NA
"5137","8864","EF0424B0083",2024-04-03,"Total Kjeldahl Nitrogen","0.469","0.1","mg/L as N","","","","Tule Red","38.126429",-121.987332,"11:04","Bryte",NA
"5138","8864","EF0424B0083",2024-04-03,"Dissolved ortho-Phosphate","0.063","0.05","mg/L as P","","","","Tule Red","38.126429",-121.987332,"11:04","Bryte",NA
"5139","8864","EF0424B0083",2024-04-03,"Pheophytin a","4.3","0.5","ug/L","","","","Tule Red","38.126429",-121.987332,"11:04","Bryte",NA
"5140","8864","EF0424B0083",2024-04-03,"Total Phosphorus","0.152","0.01","mg/L as P","","","","Tule Red","38.126429",-121.987332,"11:04","Bryte",NA
"5141","8864","EF0424B0083",2024-04-03,"Dissolved Ammonia","<0.05","0.05","mg/L as N","","","","Tule Red","38.126429",-121.987332,"11:04","Bryte",NA
"5142","8864","EF0424B0083",2024-04-03,"Chlorophyll a","14.7","0.5","ug/L","","","","Tule Red","38.126429",-121.987332,"11:04","Bryte",NA
"5143","8864","EF0424B0083",2024-04-03,"Dissolved Nitrate + Nitrite","<0.05","0.05","mg/L as N","","","","Tule Red","38.126429",-121.987332,"11:04","Bryte",NA
"5144","8864","EF0424B0083",2024-04-03,"Dissolved Organic Carbon","2.5","0.5","mg/L as C","","","","Tule Red","38.126429",-121.987332,"11:04","Bryte",NA
"5145","8865","EF0424B0145",2024-04-15,"Dissolved Ammonia","0.062","0.05","mg/L as N","","","","Rush Ranch","38.195065",-122.032119,"09:45","Bryte",NA
"5146","8865","EF0424B0145",2024-04-15,"Chlorophyll a","2.83","0.5","ug/L","","","","Rush Ranch","38.195065",-122.032119,"09:45","Bryte",NA
"5147","8865","EF0424B0145",2024-04-15,"Dissolved Nitrate + Nitrite","0.765","0.05","mg/L as N","","","","Rush Ranch","38.195065",-122.032119,"09:45","Bryte",NA
"5148","8865","EF0424B0145",2024-04-15,"Dissolved Organic Carbon","9","0.5","mg/L as C","","","","Rush Ranch","38.195065",-122.032119,"09:45","Bryte",NA
"5149","8865","EF0424B0145",2024-04-15,"Total Organic Carbon","9.8","0.5","mg/L as C","","","","Rush Ranch","38.195065",-122.032119,"09:45","Bryte",NA
"5150","8865","EF0424B0145",2024-04-15,"Dissolved Organic Nitrogen","0.73","0.1","mg/L as N","","","","Rush Ranch","38.195065",-122.032119,"09:45","Bryte",NA
"5151","8865","EF0424B0145",2024-04-15,"Dissolved ortho-Phosphate","0.153","0.05","mg/L as P","","","","Rush Ranch","38.195065",-122.032119,"09:45","Bryte",NA
"5152","8865","EF0424B0145",2024-04-15,"Pheophytin a","1.18","0.5","ug/L","","","","Rush Ranch","38.195065",-122.032119,"09:45","Bryte",NA
"5153","8865","EF0424B0145",2024-04-15,"Total Phosphorus","0.257","0.01","mg/L as P","","","","Rush Ranch","38.195065",-122.032119,"09:45","Bryte",NA
"5154","8865","EF0424B0145",2024-04-15,"Total Kjeldahl Nitrogen","0.913","0.1","mg/L as N","","","","Rush Ranch","38.195065",-122.032119,"09:45","Bryte",NA
"5155","8866","EF0424B0146",2024-04-15,"Dissolved Ammonia","0.055","0.05","mg/L as N","","","","Rush Ranch","38.199146",-122.028814,"10:17","Bryte",NA
"5156","8866","EF0424B0146",2024-04-15,"Chlorophyll a","2.69","0.5","ug/L","","","","Rush Ranch","38.199146",-122.028814,"10:17","Bryte",NA
"5157","8866","EF0424B0146",2024-04-15,"Dissolved Nitrate + Nitrite","1.06","0.05","mg/L as N","","","","Rush Ranch","38.199146",-122.028814,"10:17","Bryte",NA
"5158","8866","EF0424B0146",2024-04-15,"Dissolved Organic Carbon","11","0.5","mg/L as C","","","","Rush Ranch","38.199146",-122.028814,"10:17","Bryte",NA
"5159","8866","EF0424B0146",2024-04-15,"Total Organic Carbon","12.8","0.5","mg/L as C","","","","Rush Ranch","38.199146",-122.028814,"10:17","Bryte",NA
"5160","8866","EF0424B0146",2024-04-15,"Dissolved Organic Nitrogen","0.93","0.1","mg/L as N","","","","Rush Ranch","38.199146",-122.028814,"10:17","Bryte",NA
"5161","8866","EF0424B0146",2024-04-15,"Dissolved ortho-Phosphate","0.248","0.05","mg/L as P","","","","Rush Ranch","38.199146",-122.028814,"10:17","Bryte",NA
"5162","8866","EF0424B0146",2024-04-15,"Pheophytin a","1.6","0.5","ug/L","","","","Rush Ranch","38.199146",-122.028814,"10:17","Bryte",NA
"5163","8866","EF0424B0146",2024-04-15,"Total Phosphorus","0.385","0.01","mg/L as P","","","","Rush Ranch","38.199146",-122.028814,"10:17","Bryte",NA
"5164","8866","EF0424B0146",2024-04-15,"Total Kjeldahl Nitrogen","1.13","0.1","mg/L as N","","","","Rush Ranch","38.199146",-122.028814,"10:17","Bryte",NA
"5165","8867","EF0424B0147",2024-04-15,"Dissolved Ammonia","0.064","0.05","mg/L as N","","","","Rush Ranch","38.204837",-122.026977,"10:32","Bryte",NA
"5166","8867","EF0424B0147",2024-04-15,"Chlorophyll a","5.31","0.5","ug/L","","","","Rush Ranch","38.204837",-122.026977,"10:32","Bryte",NA
"5167","8867","EF0424B0147",2024-04-15,"Dissolved Nitrate + Nitrite","0.268","0.05","mg/L as N","","","","Rush Ranch","38.204837",-122.026977,"10:32","Bryte",NA
"5168","8867","EF0424B0147",2024-04-15,"Dissolved Organic Carbon","14.2","0.5","mg/L as C","","","","Rush Ranch","38.204837",-122.026977,"10:32","Bryte",NA
"5169","8867","EF0424B0147",2024-04-15,"Total Organic Carbon","15.4","0.5","mg/L as C","","","","Rush Ranch","38.204837",-122.026977,"10:32","Bryte",NA
"5170","8867","EF0424B0147",2024-04-15,"Dissolved Organic Nitrogen","0.95","0.1","mg/L as N","","","","Rush Ranch","38.204837",-122.026977,"10:32","Bryte",NA
"5171","8867","EF0424B0147",2024-04-15,"Dissolved ortho-Phosphate","0.268","0.05","mg/L as P","","","","Rush Ranch","38.204837",-122.026977,"10:32","Bryte",NA
"5172","8867","EF0424B0147",2024-04-15,"Pheophytin a","3.27","0.5","ug/L","","","","Rush Ranch","38.204837",-122.026977,"10:32","Bryte",NA
"5173","8867","EF0424B0147",2024-04-15,"Total Phosphorus","0.56","0.05","mg/L as P","","","","Rush Ranch","38.204837",-122.026977,"10:32","Bryte",NA
"5174","8867","EF0424B0147",2024-04-15,"Total Kjeldahl Nitrogen","1.51","0.1","mg/L as N","","","","Rush Ranch","38.204837",-122.026977,"10:32","Bryte",NA
"5175","8869","EF0424B0148",2024-04-15,"Dissolved Ammonia","0.072","0.05","mg/L as N","","","","Peytonia-Suisun","38.214312",-122.035822,"11:17","Bryte",NA
"5176","8869","EF0424B0148",2024-04-15,"Chlorophyll a","2.39","0.5","ug/L","","","","Peytonia-Suisun","38.214312",-122.035822,"11:17","Bryte",NA
"5177","8869","EF0424B0148",2024-04-15,"Dissolved Nitrate + Nitrite","1.44","0.05","mg/L as N","","","","Peytonia-Suisun","38.214312",-122.035822,"11:17","Bryte",NA
"5178","8869","EF0424B0148",2024-04-15,"Dissolved Organic Carbon","10.4","0.5","mg/L as C","","","","Peytonia-Suisun","38.214312",-122.035822,"11:17","Bryte",NA
"5179","8869","EF0424B0148",2024-04-15,"Total Organic Carbon","11.8","0.5","mg/L as C","","","","Peytonia-Suisun","38.214312",-122.035822,"11:17","Bryte",NA
"5180","8869","EF0424B0148",2024-04-15,"Dissolved Organic Nitrogen","0.82","0.1","mg/L as N","","","","Peytonia-Suisun","38.214312",-122.035822,"11:17","Bryte",NA
"5181","8869","EF0424B0148",2024-04-15,"Dissolved ortho-Phosphate","0.259","0.05","mg/L as P","","","","Peytonia-Suisun","38.214312",-122.035822,"11:17","Bryte",NA
"5182","8869","EF0424B0148",2024-04-15,"Pheophytin a","1.86","0.5","ug/L","","","","Peytonia-Suisun","38.214312",-122.035822,"11:17","Bryte",NA
"5183","8869","EF0424B0148",2024-04-15,"Total Phosphorus","0.422","0.01","mg/L as P","","","","Peytonia-Suisun","38.214312",-122.035822,"11:17","Bryte",NA
"5184","8869","EF0424B0148",2024-04-15,"Total Kjeldahl Nitrogen","1.13","0.1","mg/L as N","","","","Peytonia-Suisun","38.214312",-122.035822,"11:17","Bryte",NA
"5185","8871","EF0424B0149",2024-04-15,"Dissolved Ammonia","0.073","0.05","mg/L as N","","","","Peytonia-Suisun","38.226379",-122.036589,"11:50","Bryte",NA
"5186","8871","EF0424B0149",2024-04-15,"Chlorophyll a","2.18","0.5","ug/L","","","","Peytonia-Suisun","38.226379",-122.036589,"11:50","Bryte",NA
"5187","8871","EF0424B0149",2024-04-15,"Dissolved Nitrate + Nitrite","1.75","0.05","mg/L as N","","","","Peytonia-Suisun","38.226379",-122.036589,"11:50","Bryte",NA
"5188","8871","EF0424B0149",2024-04-15,"Dissolved Organic Carbon","11.1","0.5","mg/L as C","","","","Peytonia-Suisun","38.226379",-122.036589,"11:50","Bryte",NA
"5189","8871","EF0424B0149",2024-04-15,"Total Organic Carbon","12.7","0.5","mg/L as C","","","","Peytonia-Suisun","38.226379",-122.036589,"11:50","Bryte",NA
"5190","8871","EF0424B0149",2024-04-15,"Dissolved Organic Nitrogen","0.85","0.1","mg/L as N","","","","Peytonia-Suisun","38.226379",-122.036589,"11:50","Bryte",NA
"5191","8871","EF0424B0149",2024-04-15,"Dissolved ortho-Phosphate","0.326","0.05","mg/L as P","","","","Peytonia-Suisun","38.226379",-122.036589,"11:50","Bryte",NA
"5192","8871","EF0424B0149",2024-04-15,"Pheophytin a","1.75","0.5","ug/L","","","","Peytonia-Suisun","38.226379",-122.036589,"11:50","Bryte",NA
"5193","8871","EF0424B0149",2024-04-15,"Total Phosphorus","0.473","0.01","mg/L as P","","","","Peytonia-Suisun","38.226379",-122.036589,"11:50","Bryte",NA
"5194","8871","EF0424B0149",2024-04-15,"Total Kjeldahl Nitrogen","1.19","0.1","mg/L as N","","","","Peytonia-Suisun","38.226379",-122.036589,"11:50","Bryte",NA
"5195","8873","EF0424B0163",2024-04-16,"Dissolved Ammonia","0.094","0.05","mg/L as N","","","","Wings Landing","38.224774",-122.037173,"09:32","Bryte",NA
"5196","8873","EF0424B0163",2024-04-16,"Chlorophyll a","2.41","0.5","ug/L","","","","Wings Landing","38.224774",-122.037173,"09:32","Bryte",NA
"5197","8873","EF0424B0163",2024-04-16,"Dissolved Nitrate + Nitrite","1.77","0.05","mg/L as N","","","","Wings Landing","38.224774",-122.037173,"09:32","Bryte",NA
"5198","8873","EF0424B0163",2024-04-16,"Dissolved Organic Carbon","11.5","0.5","mg/L as C","","","","Wings Landing","38.224774",-122.037173,"09:32","Bryte",NA
"5199","8873","EF0424B0163",2024-04-16,"Total Organic Carbon","12.6","0.5","mg/L as C","","","","Wings Landing","38.224774",-122.037173,"09:32","Bryte",NA
"5200","8873","EF0424B0163",2024-04-16,"Dissolved Organic Nitrogen","0.9","0.1","mg/L as N","","","","Wings Landing","38.224774",-122.037173,"09:32","Bryte",NA
"5201","8873","EF0424B0163",2024-04-16,"Dissolved ortho-Phosphate","0.327","0.05","mg/L as P","","","","Wings Landing","38.224774",-122.037173,"09:32","Bryte",NA
"5202","8873","EF0424B0163",2024-04-16,"Pheophytin a","1.2","0.5","ug/L","","","","Wings Landing","38.224774",-122.037173,"09:32","Bryte",NA
"5203","8873","EF0424B0163",2024-04-16,"Total Phosphorus","0.46","0.1","mg/L as P","","","","Wings Landing","38.224774",-122.037173,"09:32","Bryte",NA
"5204","8873","EF0424B0163",2024-04-16,"Total Kjeldahl Nitrogen","1.29","0.1","mg/L as N","","","","Wings Landing","38.224774",-122.037173,"09:32","Bryte",NA
"5205","8874","EF0424B0165",2024-04-16,"Dissolved Organic Nitrogen","0.86","0.1","mg/L as N","","","","Wings Landing","38.220775",-122.03721,"10:04","Bryte",NA
"5206","8874","EF0424B0165",2024-04-16,"Dissolved ortho-Phosphate","0.288","0.05","mg/L as P","","","","Wings Landing","38.220775",-122.03721,"10:04","Bryte",NA
"5207","8874","EF0424B0165",2024-04-16,"Total Organic Carbon","11.9","0.5","mg/L as C","","","","Wings Landing","38.220775",-122.03721,"10:04","Bryte",NA
"5208","8874","EF0424B0165",2024-04-16,"Dissolved Ammonia","0.073","0.05","mg/L as N","","","","Wings Landing","38.220775",-122.03721,"10:04","Bryte",NA
"5209","8874","EF0424B0165",2024-04-16,"Chlorophyll a","1.73","0.5","ug/L","","","","Wings Landing","38.220775",-122.03721,"10:04","Bryte",NA
"5210","8874","EF0424B0165",2024-04-16,"Dissolved Nitrate + Nitrite","1.6","0.05","mg/L as N","","","","Wings Landing","38.220775",-122.03721,"10:04","Bryte",NA
"5211","8874","EF0424B0165",2024-04-16,"Dissolved Organic Carbon","10.6","0.5","mg/L as C","","","","Wings Landing","38.220775",-122.03721,"10:04","Bryte",NA
"5212","8874","EF0424B0165",2024-04-16,"Total Phosphorus","0.467","0.01","mg/L as P","","","","Wings Landing","38.220775",-122.03721,"10:04","Bryte",NA
"5213","8874","EF0424B0165",2024-04-16,"Total Kjeldahl Nitrogen","1.17","0.1","mg/L as N","","","","Wings Landing","38.220775",-122.03721,"10:04","Bryte",NA
"5214","8874","EF0424B0165",2024-04-16,"Pheophytin a","1.17","0.5","ug/L","","","","Wings Landing","38.220775",-122.03721,"10:04","Bryte",NA
"5215","8875","EF0424B0166",2024-04-16,"Total Kjeldahl Nitrogen","1.27","0.1","mg/L as N","","","","Wings Landing","38.21908",-122.044635,"10:27","Bryte",NA
"5216","8875","EF0424B0166",2024-04-16,"Pheophytin a","0.96","0.5","ug/L","","","","Wings Landing","38.21908",-122.044635,"10:27","Bryte",NA
"5217","8875","EF0424B0166",2024-04-16,"Total Phosphorus","0.49","0.1","mg/L as P","","","","Wings Landing","38.21908",-122.044635,"10:27","Bryte",NA
"5218","8875","EF0424B0166",2024-04-16,"Dissolved Ammonia","0.078","0.05","mg/L as N","","","","Wings Landing","38.21908",-122.044635,"10:27","Bryte",NA
"5219","8875","EF0424B0166",2024-04-16,"Chlorophyll a","1.66","0.5","ug/L","","","","Wings Landing","38.21908",-122.044635,"10:27","Bryte",NA
"5220","8875","EF0424B0166",2024-04-16,"Dissolved Nitrate + Nitrite","1.74","0.05","mg/L as N","","","","Wings Landing","38.21908",-122.044635,"10:27","Bryte",NA
"5221","8875","EF0424B0166",2024-04-16,"Dissolved Organic Carbon","11.3","0.5","mg/L as C","","","","Wings Landing","38.21908",-122.044635,"10:27","Bryte",NA
"5222","8875","EF0424B0166",2024-04-16,"Total Organic Carbon","12.5","0.5","mg/L as C","","","","Wings Landing","38.21908",-122.044635,"10:27","Bryte",NA
"5223","8875","EF0424B0166",2024-04-16,"Dissolved Organic Nitrogen","0.93","0.1","mg/L as N","","","","Wings Landing","38.21908",-122.044635,"10:27","Bryte",NA
"5224","8875","EF0424B0166",2024-04-16,"Dissolved ortho-Phosphate","0.331","0.05","mg/L as P","","","","Wings Landing","38.21908",-122.044635,"10:27","Bryte",NA
"5225","8951","EF0424B0225",2024-04-25,"Dissolved Ammonia","0.05","0.05","mg/L as N","","","","Lower Yolo Ranch","38.350022",-121.667059,"09:53","Bryte",NA
"5226","8951","EF0424B0225",2024-04-25,"Chlorophyll a","3.3","0.5","ug/L","","","","Lower Yolo Ranch","38.350022",-121.667059,"09:53","Bryte",NA
"5227","8951","EF0424B0225",2024-04-25,"Dissolved Nitrate + Nitrite","0.091","0.05","mg/L as N","","","","Lower Yolo Ranch","38.350022",-121.667059,"09:53","Bryte",NA
"5228","8951","EF0424B0225",2024-04-25,"Dissolved Organic Carbon","6.2","0.5","mg/L as C","","","","Lower Yolo Ranch","38.350022",-121.667059,"09:53","Bryte",NA
"5229","8951","EF0424B0225",2024-04-25,"Total Organic Carbon","6.2","0.5","mg/L as C","","","","Lower Yolo Ranch","38.350022",-121.667059,"09:53","Bryte",NA
"5230","8951","EF0424B0225",2024-04-25,"Dissolved Organic Nitrogen","0.45","0.1","mg/L as N","","","","Lower Yolo Ranch","38.350022",-121.667059,"09:53","Bryte",NA
"5231","8951","EF0424B0225",2024-04-25,"Dissolved ortho-Phosphate","0.162","0.05","mg/L as P","","","","Lower Yolo Ranch","38.350022",-121.667059,"09:53","Bryte",NA
"5232","8951","EF0424B0225",2024-04-25,"Pheophytin a","2.39","0.5","ug/L","","","","Lower Yolo Ranch","38.350022",-121.667059,"09:53","Bryte",NA
"5233","8951","EF0424B0225",2024-04-25,"Total Phosphorus","0.211","0.01","mg/L as P","","","","Lower Yolo Ranch","38.350022",-121.667059,"09:53","Bryte",NA
"5234","8951","EF0424B0225",2024-04-25,"Total Kjeldahl Nitrogen","0.668","0.1","mg/L as N","","Y","","Lower Yolo Ranch","38.350022",-121.667059,"09:53","Bryte",NA
"5235","8952","EF0424B0226",2024-04-25,"Dissolved Ammonia","<0.05","0.05","mg/L as N","","","","Lower Yolo Ranch","38.354708",-121.65555,"10:28","Bryte",NA
"5236","8952","EF0424B0226",2024-04-25,"Chlorophyll a","3.61","0.5","ug/L","","","","Lower Yolo Ranch","38.354708",-121.65555,"10:28","Bryte",NA
"5237","8952","EF0424B0226",2024-04-25,"Dissolved Nitrate + Nitrite","<0.05","0.05","mg/L as N","","","","Lower Yolo Ranch","38.354708",-121.65555,"10:28","Bryte",NA
"5238","8952","EF0424B0226",2024-04-25,"Dissolved Organic Carbon","5.9","0.5","mg/L as C","","","","Lower Yolo Ranch","38.354708",-121.65555,"10:28","Bryte",NA
"5239","8952","EF0424B0226",2024-04-25,"Total Organic Carbon","7.1","0.5","mg/L as C","","","","Lower Yolo Ranch","38.354708",-121.65555,"10:28","Bryte",NA
"5240","8952","EF0424B0226",2024-04-25,"Dissolved Organic Nitrogen","0.42","0.1","mg/L as N","","","","Lower Yolo Ranch","38.354708",-121.65555,"10:28","Bryte",NA
"5241","8952","EF0424B0226",2024-04-25,"Dissolved ortho-Phosphate","0.101","0.05","mg/L as P","","","","Lower Yolo Ranch","38.354708",-121.65555,"10:28","Bryte",NA
"5242","8952","EF0424B0226",2024-04-25,"Pheophytin a","3.41","0.5","ug/L","","","","Lower Yolo Ranch","38.354708",-121.65555,"10:28","Bryte",NA
"5243","8952","EF0424B0226",2024-04-25,"Total Phosphorus","0.181","0.01","mg/L as P","","","","Lower Yolo Ranch","38.354708",-121.65555,"10:28","Bryte",NA
"5244","8952","EF0424B0226",2024-04-25,"Total Kjeldahl Nitrogen","0.631","0.1","mg/L as N","","Y","","Lower Yolo Ranch","38.354708",-121.65555,"10:28","Bryte",NA
"5245","8953","EF0424B0227",2024-04-25,"Dissolved Ammonia","<0.05","0.05","mg/L as N","","","","Lower Yolo Ranch","38.356182",-121.659334,"11:00","Bryte",NA
"5246","8953","EF0424B0227",2024-04-25,"Chlorophyll a","8.18","0.5","ug/L","","","","Lower Yolo Ranch","38.356182",-121.659334,"11:00","Bryte",NA
"5247","8953","EF0424B0227",2024-04-25,"Dissolved Nitrate + Nitrite","<0.05","0.05","mg/L as N","","","","Lower Yolo Ranch","38.356182",-121.659334,"11:00","Bryte",NA
"5248","8953","EF0424B0227",2024-04-25,"Dissolved Organic Carbon","5.6","0.5","mg/L as C","","","","Lower Yolo Ranch","38.356182",-121.659334,"11:00","Bryte",NA
"5249","8953","EF0424B0227",2024-04-25,"Total Organic Carbon","6.3","0.5","mg/L as C","","","","Lower Yolo Ranch","38.356182",-121.659334,"11:00","Bryte",NA
"5250","8953","EF0424B0227",2024-04-25,"Dissolved Organic Nitrogen","0.41","0.1","mg/L as N","","","","Lower Yolo Ranch","38.356182",-121.659334,"11:00","Bryte",NA
"5251","8953","EF0424B0227",2024-04-25,"Dissolved ortho-Phosphate","0.111","0.05","mg/L as P","","","","Lower Yolo Ranch","38.356182",-121.659334,"11:00","Bryte",NA
"5252","8953","EF0424B0227",2024-04-25,"Pheophytin a","3.65","0.5","ug/L","","","","Lower Yolo Ranch","38.356182",-121.659334,"11:00","Bryte",NA
"5253","8953","EF0424B0227",2024-04-25,"Total Phosphorus","0.15","0.01","mg/L as P","","","","Lower Yolo Ranch","38.356182",-121.659334,"11:00","Bryte",NA
"5254","8953","EF0424B0227",2024-04-25,"Total Kjeldahl Nitrogen","0.628","0.1","mg/L as N","","Y","","Lower Yolo Ranch","38.356182",-121.659334,"11:00","Bryte",NA
"5255","8955","EF0424B0228",2024-04-25,"Dissolved Ammonia","<0.05","0.05","mg/L as N","","","","Stairsteps-Liberty Cut","38.334825",-121.675495,"11:35","Bryte",NA
"5256","8955","EF0424B0228",2024-04-25,"Chlorophyll a","1.26","0.5","ug/L","","","","Stairsteps-Liberty Cut","38.334825",-121.675495,"11:35","Bryte",NA
"5257","8955","EF0424B0228",2024-04-25,"Dissolved Nitrate + Nitrite","0.776","0.05","mg/L as N","","","","Stairsteps-Liberty Cut","38.334825",-121.675495,"11:35","Bryte",NA
"5258","8955","EF0424B0228",2024-04-25,"Dissolved Organic Carbon","5.5","0.5","mg/L as C","","","","Stairsteps-Liberty Cut","38.334825",-121.675495,"11:35","Bryte",NA
"5259","8955","EF0424B0228",2024-04-25,"Total Organic Carbon","5.8","0.5","mg/L as C","","","","Stairsteps-Liberty Cut","38.334825",-121.675495,"11:35","Bryte",NA
"5260","8955","EF0424B0228",2024-04-25,"Dissolved Organic Nitrogen","0.45","0.1","mg/L as N","","","","Stairsteps-Liberty Cut","38.334825",-121.675495,"11:35","Bryte",NA
"5261","8955","EF0424B0228",2024-04-25,"Dissolved ortho-Phosphate","<0.05","0.05","mg/L as P","","","","Stairsteps-Liberty Cut","38.334825",-121.675495,"11:35","Bryte",NA
"5262","8955","EF0424B0228",2024-04-25,"Pheophytin a","1.12","0.5","ug/L","","","","Stairsteps-Liberty Cut","38.334825",-121.675495,"11:35","Bryte",NA
"5263","8955","EF0424B0228",2024-04-25,"Total Phosphorus","0.147","0.01","mg/L as P","","","","Stairsteps-Liberty Cut","38.334825",-121.675495,"11:35","Bryte",NA
"5264","8955","EF0424B0228",2024-04-25,"Total Kjeldahl Nitrogen","0.543","0.1","mg/L as N","","Y","","Stairsteps-Liberty Cut","38.334825",-121.675495,"11:35","Bryte",NA
"5265","8957","EF0424B0229",2024-04-25,"Dissolved Ammonia","0.055","0.05","mg/L as N","","","","Stairsteps-Liberty Cut","38.330072",-121.667534,"12:09","Bryte",NA
"5266","8957","EF0424B0229",2024-04-25,"Chlorophyll a","2.13","0.5","ug/L","","","","Stairsteps-Liberty Cut","38.330072",-121.667534,"12:09","Bryte",NA
"5267","8957","EF0424B0229",2024-04-25,"Dissolved Nitrate + Nitrite","0.111","0.05","mg/L as N","","","","Stairsteps-Liberty Cut","38.330072",-121.667534,"12:09","Bryte",NA
"5268","8957","EF0424B0229",2024-04-25,"Dissolved Organic Carbon","5.4","0.5","mg/L as C","","","","Stairsteps-Liberty Cut","38.330072",-121.667534,"12:09","Bryte",NA
"5269","8957","EF0424B0229",2024-04-25,"Total Organic Carbon","5.7","0.5","mg/L as C","","","","Stairsteps-Liberty Cut","38.330072",-121.667534,"12:09","Bryte",NA
"5270","8957","EF0424B0229",2024-04-25,"Dissolved Organic Nitrogen","0.36","0.1","mg/L as N","","","","Stairsteps-Liberty Cut","38.330072",-121.667534,"12:09","Bryte",NA
"5271","8957","EF0424B0229",2024-04-25,"Dissolved ortho-Phosphate","0.134","0.05","mg/L as P","","","","Stairsteps-Liberty Cut","38.330072",-121.667534,"12:09","Bryte",NA
"5272","8957","EF0424B0229",2024-04-25,"Pheophytin a","1.46","0.5","ug/L","","","","Stairsteps-Liberty Cut","38.330072",-121.667534,"12:09","Bryte",NA
"5273","8957","EF0424B0229",2024-04-25,"Total Phosphorus","0.179","0.01","mg/L as P","","","","Stairsteps-Liberty Cut","38.330072",-121.667534,"12:09","Bryte",NA
"5274","8957","EF0424B0229",2024-04-25,"Total Kjeldahl Nitrogen","0.536","0.1","mg/L as N","","Y","","Stairsteps-Liberty Cut","38.330072",-121.667534,"12:09","Bryte",NA
"5275","9073","EF0524B0258",2024-05-23,"Dissolved Ammonia","<0.05","0.05","mg/L as N","","","","Decker Island","38.084291",-121.723991,"09:41","Bryte",NA
"5276","9073","EF0524B0258",2024-05-23,"Chlorophyll a","2.1","0.5","ug/L","","","","Decker Island","38.084291",-121.723991,"09:41","Bryte",NA
"5277","9073","EF0524B0258",2024-05-23,"Dissolved Nitrate + Nitrite","<0.05","0.05","mg/L as N","","","","Decker Island","38.084291",-121.723991,"09:41","Bryte",NA
"5278","9073","EF0524B0258",2024-05-23,"Dissolved Organic Carbon","2.2","0.5","mg/L as C","","","","Decker Island","38.084291",-121.723991,"09:41","Bryte",NA
"5279","9073","EF0524B0258",2024-05-23,"Total Organic Carbon","2.2","0.5","mg/L as C","","","","Decker Island","38.084291",-121.723991,"09:41","Bryte",NA
"5280","9073","EF0524B0258",2024-05-23,"Dissolved Organic Nitrogen","0.14","0.1","mg/L as N","","","","Decker Island","38.084291",-121.723991,"09:41","Bryte",NA
"5281","9073","EF0524B0258",2024-05-23,"Dissolved ortho-Phosphate","<0.05","0.05","mg/L as P","","","","Decker Island","38.084291",-121.723991,"09:41","Bryte",NA
"5282","9073","EF0524B0258",2024-05-23,"Pheophytin a","1.91","0.5","ug/L","","","","Decker Island","38.084291",-121.723991,"09:41","Bryte",NA
"5283","9073","EF0524B0258",2024-05-23,"Total Phosphorus","0.059","0.01","mg/L as P","","","","Decker Island","38.084291",-121.723991,"09:41","Bryte",NA
"5284","9073","EF0524B0258",2024-05-23,"Total Kjeldahl Nitrogen","0.233","0.1","mg/L as N","","","","Decker Island","38.084291",-121.723991,"09:41","Bryte",NA
"5285","9074","EF0524B0260",2024-05-23,"Dissolved Ammonia","<0.05","0.05","mg/L as N","","","","Decker Island","38.091087",-121.710684,"08:25","Bryte",NA
"5286","9074","EF0524B0260",2024-05-23,"Chlorophyll a","1.17","0.5","ug/L","","","","Decker Island","38.091087",-121.710684,"08:25","Bryte",NA
"5287","9074","EF0524B0260",2024-05-23,"Dissolved Nitrate + Nitrite","<0.05","0.05","mg/L as N","","","","Decker Island","38.091087",-121.710684,"08:25","Bryte",NA
"5288","9074","EF0524B0260",2024-05-23,"Dissolved Organic Carbon","2.3","0.5","mg/L as C","","","","Decker Island","38.091087",-121.710684,"08:25","Bryte",NA
"5289","9074","EF0524B0260",2024-05-23,"Total Organic Carbon","2.4","0.5","mg/L as C","","","","Decker Island","38.091087",-121.710684,"08:25","Bryte",NA
"5290","9074","EF0524B0260",2024-05-23,"Dissolved Organic Nitrogen","0.12","0.1","mg/L as N","","","","Decker Island","38.091087",-121.710684,"08:25","Bryte",NA
"5291","9074","EF0524B0260",2024-05-23,"Dissolved ortho-Phosphate","<0.05","0.05","mg/L as P","","","","Decker Island","38.091087",-121.710684,"08:25","Bryte",NA
"5292","9074","EF0524B0260",2024-05-23,"Pheophytin a","0.93","0.5","ug/L","","","","Decker Island","38.091087",-121.710684,"08:25","Bryte",NA
"5293","9074","EF0524B0260",2024-05-23,"Total Phosphorus","0.067","0.01","mg/L as P","","","","Decker Island","38.091087",-121.710684,"08:25","Bryte",NA
"5294","9074","EF0524B0260",2024-05-23,"Total Kjeldahl Nitrogen","0.241","0.1","mg/L as N","","","","Decker Island","38.091087",-121.710684,"08:25","Bryte",NA
"5295","9075","EF0524B0261",2024-05-23,"Dissolved Ammonia","<0.05","0.05","mg/L as N","","","","Horseshoe Bend","38.0829",-121.729404,"10:40","Bryte",NA
"5296","9075","EF0524B0261",2024-05-23,"Chlorophyll a","2.01","0.5","ug/L","","","","Horseshoe Bend","38.0829",-121.729404,"10:40","Bryte",NA
"5297","9075","EF0524B0261",2024-05-23,"Dissolved Nitrate + Nitrite","0.099","0.05","mg/L as N","","","","Horseshoe Bend","38.0829",-121.729404,"10:40","Bryte",NA
"5298","9075","EF0524B0261",2024-05-23,"Dissolved Organic Carbon","1.9","0.5","mg/L as C","","","","Horseshoe Bend","38.0829",-121.729404,"10:40","Bryte",NA
"5299","9075","EF0524B0261",2024-05-23,"Total Organic Carbon","1.8","0.5","mg/L as C","","","","Horseshoe Bend","38.0829",-121.729404,"10:40","Bryte",NA
"5300","9075","EF0524B0261",2024-05-23,"Dissolved Organic Nitrogen","0.1","0.1","mg/L as N","","","","Horseshoe Bend","38.0829",-121.729404,"10:40","Bryte",NA
"5301","9075","EF0524B0261",2024-05-23,"Dissolved ortho-Phosphate","<0.05","0.05","mg/L as P","","","","Horseshoe Bend","38.0829",-121.729404,"10:40","Bryte",NA
"5302","9075","EF0524B0261",2024-05-23,"Pheophytin a","1.78","0.5","ug/L","","","","Horseshoe Bend","38.0829",-121.729404,"10:40","Bryte",NA
"5303","9075","EF0524B0261",2024-05-23,"Total Phosphorus","0.056","0.01","mg/L as P","","","","Horseshoe Bend","38.0829",-121.729404,"10:40","Bryte",NA
"5304","9075","EF0524B0261",2024-05-23,"Total Kjeldahl Nitrogen","0.144","0.1","mg/L as N","","","","Horseshoe Bend","38.0829",-121.729404,"10:40","Bryte",NA
"5305","9076","EF0524B0262",2024-05-23,"Dissolved Ammonia","<0.05","0.05","mg/L as N","","","","Horseshoe Bend","38.095163",-121.709651,"11:06","Bryte",NA
"5306","9076","EF0524B0262",2024-05-23,"Chlorophyll a","1.54","0.5","ug/L","","","","Horseshoe Bend","38.095163",-121.709651,"11:06","Bryte",NA
"5307","9076","EF0524B0262",2024-05-23,"Dissolved Nitrate + Nitrite","0.124","0.05","mg/L as N","","","","Horseshoe Bend","38.095163",-121.709651,"11:06","Bryte",NA
"5308","9076","EF0524B0262",2024-05-23,"Dissolved Organic Carbon","2.2","0.5","mg/L as C","","","","Horseshoe Bend","38.095163",-121.709651,"11:06","Bryte",NA
"5309","9076","EF0524B0262",2024-05-23,"Total Organic Carbon","2.1","0.5","mg/L as C","","","","Horseshoe Bend","38.095163",-121.709651,"11:06","Bryte",NA
"5310","9076","EF0524B0262",2024-05-23,"Dissolved Organic Nitrogen","0.11","0.1","mg/L as N","","","","Horseshoe Bend","38.095163",-121.709651,"11:06","Bryte",NA
"5311","9076","EF0524B0262",2024-05-23,"Dissolved ortho-Phosphate","0.05","0.05","mg/L as P","","","","Horseshoe Bend","38.095163",-121.709651,"11:06","Bryte",NA
"5312","9076","EF0524B0262",2024-05-23,"Pheophytin a","0.81","0.5","ug/L","","","","Horseshoe Bend","38.095163",-121.709651,"11:06","Bryte",NA
"5313","9076","EF0524B0262",2024-05-23,"Total Phosphorus","0.069","0.01","mg/L as P","","","","Horseshoe Bend","38.095163",-121.709651,"11:06","Bryte",NA
"5314","9076","EF0524B0262",2024-05-23,"Total Kjeldahl Nitrogen","0.167","0.1","mg/L as N","","","","Horseshoe Bend","38.095163",-121.709651,"11:06","Bryte",NA
"5315","9077","EF0524B0249",2024-05-22,"Dissolved Ammonia","<0.05","0.05","mg/L as N","","","","Webb Tract Islands and Berms","38.094571",-121.590063,"08:49","Bryte",NA
"5316","9077","EF0524B0249",2024-05-22,"Chlorophyll a","1.13","0.5","ug/L","","","","Webb Tract Islands and Berms","38.094571",-121.590063,"08:49","Bryte",NA
"5317","9077","EF0524B0249",2024-05-22,"Dissolved Nitrate + Nitrite","0.112","0.05","mg/L as N","","","","Webb Tract Islands and Berms","38.094571",-121.590063,"08:49","Bryte",NA
"5318","9077","EF0524B0249",2024-05-22,"Dissolved Organic Carbon","2.3","0.5","mg/L as C","","","","Webb Tract Islands and Berms","38.094571",-121.590063,"08:49","Bryte",NA
"5319","9077","EF0524B0249",2024-05-22,"Total Organic Carbon","2.3","0.5","mg/L as C","","","","Webb Tract Islands and Berms","38.094571",-121.590063,"08:49","Bryte",NA
"5320","9077","EF0524B0249",2024-05-22,"Dissolved Organic Nitrogen","0.13","0.1","mg/L as N","","","","Webb Tract Islands and Berms","38.094571",-121.590063,"08:49","Bryte",NA
"5321","9077","EF0524B0249",2024-05-22,"Dissolved ortho-Phosphate","0.051","0.05","mg/L as P","","","","Webb Tract Islands and Berms","38.094571",-121.590063,"08:49","Bryte",NA
"5322","9077","EF0524B0249",2024-05-22,"Pheophytin a","0.56","0.5","ug/L","","","","Webb Tract Islands and Berms","38.094571",-121.590063,"08:49","Bryte",NA
"5323","9077","EF0524B0249",2024-05-22,"Total Phosphorus","0.051","0.01","mg/L as P","","","","Webb Tract Islands and Berms","38.094571",-121.590063,"08:49","Bryte",NA
"5324","9077","EF0524B0249",2024-05-22,"Total Kjeldahl Nitrogen","0.172","0.1","mg/L as N","","","","Webb Tract Islands and Berms","38.094571",-121.590063,"08:49","Bryte",NA
"5325","9079","EF0524B0250",2024-05-22,"Dissolved Ammonia","<0.05","0.05","mg/L as N","","","","Webb Tract Islands and Berms","38.096147",-121.589605,"09:23","Bryte",NA
"5326","9079","EF0524B0250",2024-05-22,"Chlorophyll a","1.15","0.5","ug/L","","","","Webb Tract Islands and Berms","38.096147",-121.589605,"09:23","Bryte",NA
"5327","9079","EF0524B0250",2024-05-22,"Dissolved Nitrate + Nitrite","0.079","0.05","mg/L as N","","","","Webb Tract Islands and Berms","38.096147",-121.589605,"09:23","Bryte",NA
"5328","9079","EF0524B0250",2024-05-22,"Dissolved Organic Carbon","2.5","0.5","mg/L as C","","","","Webb Tract Islands and Berms","38.096147",-121.589605,"09:23","Bryte",NA
"5329","9079","EF0524B0250",2024-05-22,"Total Organic Carbon","2.4","0.5","mg/L as C","","","","Webb Tract Islands and Berms","38.096147",-121.589605,"09:23","Bryte",NA
"5330","9079","EF0524B0250",2024-05-22,"Dissolved Organic Nitrogen","0.15","0.1","mg/L as N","","","","Webb Tract Islands and Berms","38.096147",-121.589605,"09:23","Bryte",NA
"5331","9079","EF0524B0250",2024-05-22,"Dissolved ortho-Phosphate","0.056","0.05","mg/L as P","","","","Webb Tract Islands and Berms","38.096147",-121.589605,"09:23","Bryte",NA
"5332","9079","EF0524B0250",2024-05-22,"Pheophytin a","0.71","0.5","ug/L","","","","Webb Tract Islands and Berms","38.096147",-121.589605,"09:23","Bryte",NA
"5333","9079","EF0524B0250",2024-05-22,"Total Phosphorus","0.058","0.01","mg/L as P","","","","Webb Tract Islands and Berms","38.096147",-121.589605,"09:23","Bryte",NA
"5334","9079","EF0524B0250",2024-05-22,"Total Kjeldahl Nitrogen","0.184","0.1","mg/L as N","","","","Webb Tract Islands and Berms","38.096147",-121.589605,"09:23","Bryte",NA
"5335","9437","EF0524B0230",2024-05-09,"Dissolved Ammonia","0.064","0.05","mg/L as N","","","","Blacklock Marsh","38.180694",-121.912082,"09:19","Bryte",NA
"5336","9437","EF0524B0230",2024-05-09,"Chlorophyll a","3.43","0.5","ug/L","","","","Blacklock Marsh","38.180694",-121.912082,"09:19","Bryte",NA
"5337","9437","EF0524B0230",2024-05-09,"Dissolved Nitrate + Nitrite","0.207","0.05","mg/L as N","","","","Blacklock Marsh","38.180694",-121.912082,"09:19","Bryte",NA
"5338","9437","EF0524B0230",2024-05-09,"Dissolved Organic Carbon","7.1","0.5","mg/L as C","","","","Blacklock Marsh","38.180694",-121.912082,"09:19","Bryte",NA
"5339","9437","EF0524B0230",2024-05-09,"Total Organic Carbon","7.2","0.5","mg/L as C","","","","Blacklock Marsh","38.180694",-121.912082,"09:19","Bryte",NA
"5340","9437","EF0524B0230",2024-05-09,"Dissolved Organic Nitrogen","0.41","0.1","mg/L as N","","","","Blacklock Marsh","38.180694",-121.912082,"09:19","Bryte",NA
"5341","9437","EF0524B0230",2024-05-09,"Dissolved ortho-Phosphate","0.064","0.05","mg/L as P","","","","Blacklock Marsh","38.180694",-121.912082,"09:19","Bryte",NA
"5342","9437","EF0524B0230",2024-05-09,"Pheophytin a","2.54","0.5","ug/L","","","","Blacklock Marsh","38.180694",-121.912082,"09:19","Bryte",NA
"5343","9437","EF0524B0230",2024-05-09,"Total Phosphorus","0.206","0.01","mg/L as P","","","","Blacklock Marsh","38.180694",-121.912082,"09:19","Bryte",NA
"5344","9437","EF0524B0230",2024-05-09,"Total Kjeldahl Nitrogen","0.779","0.1","mg/L as N","","","","Blacklock Marsh","38.180694",-121.912082,"09:19","Bryte",NA
"5345","9439","EF0524B0231",2024-05-09,"Dissolved Ammonia","0.08","0.05","mg/L as N","","","","Blacklock Marsh","38.177131",-121.910144,"10:00","Bryte",NA
"5346","9439","EF0524B0231",2024-05-09,"Chlorophyll a","6.88","0.5","ug/L","","","","Blacklock Marsh","38.177131",-121.910144,"10:00","Bryte",NA
"5347","9439","EF0524B0231",2024-05-09,"Dissolved Nitrate + Nitrite","0.195","0.05","mg/L as N","","","","Blacklock Marsh","38.177131",-121.910144,"10:00","Bryte",NA
"5348","9439","EF0524B0231",2024-05-09,"Dissolved Organic Carbon","7.5","0.5","mg/L as C","","","","Blacklock Marsh","38.177131",-121.910144,"10:00","Bryte",NA
"5349","9439","EF0524B0231",2024-05-09,"Total Organic Carbon","7.7","0.5","mg/L as C","","","","Blacklock Marsh","38.177131",-121.910144,"10:00","Bryte",NA
"5350","9439","EF0524B0231",2024-05-09,"Dissolved Organic Nitrogen","0.42","0.1","mg/L as N","","","","Blacklock Marsh","38.177131",-121.910144,"10:00","Bryte",NA
"5351","9439","EF0524B0231",2024-05-09,"Dissolved ortho-Phosphate","0.066","0.05","mg/L as P","","","","Blacklock Marsh","38.177131",-121.910144,"10:00","Bryte",NA
"5352","9439","EF0524B0231",2024-05-09,"Pheophytin a","7.21","0.5","ug/L","","","","Blacklock Marsh","38.177131",-121.910144,"10:00","Bryte",NA
"5353","9439","EF0524B0231",2024-05-09,"Total Phosphorus","0.345","0.01","mg/L as P","","","","Blacklock Marsh","38.177131",-121.910144,"10:00","Bryte",NA
"5354","9439","EF0524B0231",2024-05-09,"Total Kjeldahl Nitrogen","0.999","0.1","mg/L as N","","","","Blacklock Marsh","38.177131",-121.910144,"10:00","Bryte",NA
"5355","9440","EF0524B0232",2024-05-09,"Dissolved Ammonia","0.087","0.05","mg/L as N","","","","Nurse-Denverton","38.181382",-121.921721,"10:29","Bryte",NA
"5356","9440","EF0524B0232",2024-05-09,"Chlorophyll a","3.56","0.5","ug/L","","","","Nurse-Denverton","38.181382",-121.921721,"10:29","Bryte",NA
"5357","9440","EF0524B0232",2024-05-09,"Dissolved Nitrate + Nitrite","0.209","0.05","mg/L as N","","","","Nurse-Denverton","38.181382",-121.921721,"10:29","Bryte",NA
"5358","9440","EF0524B0232",2024-05-09,"Dissolved Organic Carbon","7.3","0.5","mg/L as C","","","","Nurse-Denverton","38.181382",-121.921721,"10:29","Bryte",NA
"5359","9440","EF0524B0232",2024-05-09,"Total Organic Carbon","7.1","0.5","mg/L as C","","","","Nurse-Denverton","38.181382",-121.921721,"10:29","Bryte",NA
"5360","9440","EF0524B0232",2024-05-09,"Dissolved Organic Nitrogen","0.45","0.1","mg/L as N","","","","Nurse-Denverton","38.181382",-121.921721,"10:29","Bryte",NA
"5361","9440","EF0524B0232",2024-05-09,"Dissolved ortho-Phosphate","0.051","0.05","mg/L as P","","","","Nurse-Denverton","38.181382",-121.921721,"10:29","Bryte",NA
"5362","9440","EF0524B0232",2024-05-09,"Pheophytin a","3.05","0.5","ug/L","","","","Nurse-Denverton","38.181382",-121.921721,"10:29","Bryte",NA
"5363","9440","EF0524B0232",2024-05-09,"Total Phosphorus","0.206","0.01","mg/L as P","","","","Nurse-Denverton","38.181382",-121.921721,"10:29","Bryte",NA
"5364","9440","EF0524B0232",2024-05-09,"Total Kjeldahl Nitrogen","0.896","0.1","mg/L as N","","","","Nurse-Denverton","38.181382",-121.921721,"10:29","Bryte",NA
"5365","9441","EF0524B0233",2024-05-09,"Dissolved Ammonia","0.068","0.05","mg/L as N","","","","Nurse-Denverton","38.200245",-121.918873,"10:54","Bryte",NA
"5366","9441","EF0524B0233",2024-05-09,"Chlorophyll a","4.98","0.5","ug/L","","","","Nurse-Denverton","38.200245",-121.918873,"10:54","Bryte",NA
"5367","9441","EF0524B0233",2024-05-09,"Dissolved Nitrate + Nitrite","0.2","0.05","mg/L as N","","","","Nurse-Denverton","38.200245",-121.918873,"10:54","Bryte",NA
"5368","9441","EF0524B0233",2024-05-09,"Dissolved Organic Carbon","8","0.5","mg/L as C","","","","Nurse-Denverton","38.200245",-121.918873,"10:54","Bryte",NA
"5369","9441","EF0524B0233",2024-05-09,"Total Organic Carbon","8.1","0.5","mg/L as C","","","","Nurse-Denverton","38.200245",-121.918873,"10:54","Bryte",NA
"5370","9441","EF0524B0233",2024-05-09,"Dissolved Organic Nitrogen","0.51","0.1","mg/L as N","","","","Nurse-Denverton","38.200245",-121.918873,"10:54","Bryte",NA
"5371","9441","EF0524B0233",2024-05-09,"Dissolved ortho-Phosphate","0.054","0.05","mg/L as P","","","","Nurse-Denverton","38.200245",-121.918873,"10:54","Bryte",NA
"5372","9441","EF0524B0233",2024-05-09,"Pheophytin a","3.21","0.5","ug/L","","","","Nurse-Denverton","38.200245",-121.918873,"10:54","Bryte",NA
"5373","9441","EF0524B0233",2024-05-09,"Total Phosphorus","0.211","0.01","mg/L as P","","","","Nurse-Denverton","38.200245",-121.918873,"10:54","Bryte",NA
"5374","9441","EF0524B0233",2024-05-09,"Total Kjeldahl Nitrogen","0.889","0.1","mg/L as N","","","","Nurse-Denverton","38.200245",-121.918873,"10:54","Bryte",NA
"5375","9443","EF0524B0243",2024-05-14,"Dissolved Ammonia","0.085","0.05","mg/L as N","","","","Arnold Slough","38.180127",-121.905642,"11:04","Bryte",NA
"5376","9443","EF0524B0243",2024-05-14,"Chlorophyll a","4.87","0.5","ug/L","","","","Arnold Slough","38.180127",-121.905642,"11:04","Bryte",NA
"5377","9443","EF0524B0243",2024-05-14,"Dissolved Nitrate + Nitrite","0.119","0.05","mg/L as N","","","","Arnold Slough","38.180127",-121.905642,"11:04","Bryte",NA
"5378","9443","EF0524B0243",2024-05-14,"Dissolved Organic Carbon","7.6","0.5","mg/L as C","","","","Arnold Slough","38.180127",-121.905642,"11:04","Bryte",NA
"5379","9443","EF0524B0243",2024-05-14,"Total Organic Carbon","10.5","0.5","mg/L as C","","","","Arnold Slough","38.180127",-121.905642,"11:04","Bryte",NA
"5380","9443","EF0524B0243",2024-05-14,"Dissolved Organic Nitrogen","0.45","0.1","mg/L as N","","","","Arnold Slough","38.180127",-121.905642,"11:04","Bryte",NA
"5381","9443","EF0524B0243",2024-05-14,"Dissolved ortho-Phosphate","<0.05","0.05","mg/L as P","","","","Arnold Slough","38.180127",-121.905642,"11:04","Bryte",NA
"5382","9443","EF0524B0243",2024-05-14,"Pheophytin a","5.62","0.5","ug/L","","","","Arnold Slough","38.180127",-121.905642,"11:04","Bryte",NA
"5383","9443","EF0524B0243",2024-05-14,"Total Phosphorus","0.25","0.01","mg/L as P","","","","Arnold Slough","38.180127",-121.905642,"11:04","Bryte",NA
"5384","9443","EF0524B0243",2024-05-14,"Total Kjeldahl Nitrogen","0.972","0.1","mg/L as N","","","","Arnold Slough","38.180127",-121.905642,"11:04","Bryte",NA
"5385","9444","EF0524B0245",2024-05-14,"Dissolved Ammonia","0.099","0.05","mg/L as N","","","","Arnold Slough","38.180127",-121.905642,"13:41","Bryte",NA
"5386","9444","EF0524B0245",2024-05-14,"Chlorophyll a","8.17","0.5","ug/L","","","","Arnold Slough","38.180127",-121.905642,"13:41","Bryte",NA
"5387","9444","EF0524B0245",2024-05-14,"Dissolved Nitrate + Nitrite","0.102","0.05","mg/L as N","","","","Arnold Slough","38.180127",-121.905642,"13:41","Bryte",NA
"5388","9444","EF0524B0245",2024-05-14,"Dissolved Organic Carbon","8.8","0.5","mg/L as C","","","","Arnold Slough","38.180127",-121.905642,"13:41","Bryte",NA
"5389","9444","EF0524B0245",2024-05-14,"Total Organic Carbon","11.4","0.5","mg/L as C","","","","Arnold Slough","38.180127",-121.905642,"13:41","Bryte",NA
"5390","9444","EF0524B0245",2024-05-14,"Dissolved Organic Nitrogen","0.51","0.1","mg/L as N","","","","Arnold Slough","38.180127",-121.905642,"13:41","Bryte",NA
"5391","9444","EF0524B0245",2024-05-14,"Dissolved ortho-Phosphate","<0.05","0.05","mg/L as P","","","","Arnold Slough","38.180127",-121.905642,"13:41","Bryte",NA
"5392","9444","EF0524B0245",2024-05-14,"Pheophytin a","9.4","0.5","ug/L","","","","Arnold Slough","38.180127",-121.905642,"13:41","Bryte",NA
"5393","9444","EF0524B0245",2024-05-14,"Total Phosphorus","0.343","0.01","mg/L as P","","","","Arnold Slough","38.180127",-121.905642,"13:41","Bryte",NA
"5394","9444","EF0524B0245",2024-05-14,"Total Kjeldahl Nitrogen","1.21","0.1","mg/L as N","","","","Arnold Slough","38.180127",-121.905642,"13:41","Bryte",NA
"5395","9531","EF0724B00003",2024-07-15,"Dissolved Ammonia","< 0.05","0.05","mg/L as N","","","","Tule Red","38.119841",-121.982146,"10:56","Bryte",NA
"5396","9531","EF0724B00003",2024-07-15,"Dissolved ortho-Phosphate","< 0.05","0.05","mg/L as P","","","","Tule Red","38.119841",-121.982146,"10:56","Bryte",NA
"5397","9531","EF0724B00003",2024-07-15,"Dissolved Nitrate + Nitrite","< 0.05","0.05","mg/L as N","","","","Tule Red","38.119841",-121.982146,"10:56","Bryte",NA
"5398","9531","EF0724B00003",2024-07-15,"Chlorophyll a","1.3","0.5","ug/L","","","Y","Tule Red","38.119841",-121.982146,"10:56","Bryte",NA
"5399","9531","EF0724B00003",2024-07-15,"Pheophytin a","< 0.5","0.5","ug/L","","","","Tule Red","38.119841",-121.982146,"10:56","Bryte",NA
"5400","9531","EF0724B00003",2024-07-15,"Dissolved Organic Carbon","2.7","0.5","mg/L as C","","","","Tule Red","38.119841",-121.982146,"10:56","Bryte",NA
"5401","9531","EF0724B00003",2024-07-15,"Total Organic Carbon","2.8","0.5","mg/L as C","","","","Tule Red","38.119841",-121.982146,"10:56","Bryte",NA
"5402","9531","EF0724B00003",2024-07-15,"Total Kjeldahl Nitrogen","0.329","0.1","mg/L as N","","","","Tule Red","38.119841",-121.982146,"10:56","Bryte",NA
"5403","9531","EF0724B00003",2024-07-15,"Total Phosphorus","0.082","0.01","mg/L as P","","","","Tule Red","38.119841",-121.982146,"10:56","Bryte",NA
"5404","9531","EF0724B00003",2024-07-15,"Dissolved Organic Nitrogen","0.27","0.1","mg/L as N","","","","Tule Red","38.119841",-121.982146,"10:56","Bryte",NA
"5405","9532","EF0724B00005",2024-07-15,"Chlorophyll a","3.32","0.5","ug/L","","","","Tule Red","38.131394",-121.991288,"11:46","Bryte",NA
"5406","9532","EF0724B00005",2024-07-15,"Pheophytin a","1.02","0.5","ug/L","","","","Tule Red","38.131394",-121.991288,"11:46","Bryte",NA
"5407","9532","EF0724B00005",2024-07-15,"Dissolved Organic Carbon","2","0.5","mg/L as C","","","","Tule Red","38.131394",-121.991288,"11:46","Bryte",NA
"5408","9532","EF0724B00005",2024-07-15,"Total Organic Carbon","2.5","0.5","mg/L as C","","","","Tule Red","38.131394",-121.991288,"11:46","Bryte",NA
"5409","9532","EF0724B00005",2024-07-15,"Total Kjeldahl Nitrogen","0.189","0.1","mg/L as N","","","","Tule Red","38.131394",-121.991288,"11:46","Bryte",NA
"5410","9532","EF0724B00005",2024-07-15,"Total Phosphorus","0.09","0.01","mg/L as P","","","","Tule Red","38.131394",-121.991288,"11:46","Bryte",NA
"5411","9532","EF0724B00005",2024-07-15,"Dissolved Organic Nitrogen","0.16","0.1","mg/L as N","","","","Tule Red","38.131394",-121.991288,"11:46","Bryte",NA
"5412","9532","EF0724B00005",2024-07-15,"Dissolved Ammonia","< 0.05","0.05","mg/L as N","","","","Tule Red","38.131394",-121.991288,"11:46","Bryte",NA
"5413","9532","EF0724B00005",2024-07-15,"Dissolved ortho-Phosphate","0.057","0.05","mg/L as P","","","","Tule Red","38.131394",-121.991288,"11:46","Bryte",NA
"5414","9532","EF0724B00005",2024-07-15,"Dissolved Nitrate + Nitrite","0.096","0.05","mg/L as N","","","","Tule Red","38.131394",-121.991288,"11:46","Bryte",NA
"5415","9534","EF0724B00006",2024-07-15,"Chlorophyll a","3.42","0.5","ug/L","","","","Ryer Island","38.088161",-122.019215,"12:39","Bryte",NA
"5416","9534","EF0724B00006",2024-07-15,"Pheophytin a","0.9","0.5","ug/L","","","","Ryer Island","38.088161",-122.019215,"12:39","Bryte",NA
"5417","9534","EF0724B00006",2024-07-15,"Dissolved Ammonia","< 0.05","0.05","mg/L as N","","","","Ryer Island","38.088161",-122.019215,"12:39","Bryte",NA
"5418","9534","EF0724B00006",2024-07-15,"Dissolved ortho-Phosphate","0.076","0.05","mg/L as P","","","","Ryer Island","38.088161",-122.019215,"12:39","Bryte",NA
"5419","9534","EF0724B00006",2024-07-15,"Dissolved Nitrate + Nitrite","0.122","0.05","mg/L as N","","","","Ryer Island","38.088161",-122.019215,"12:39","Bryte",NA
"5420","9534","EF0724B00006",2024-07-15,"Total Kjeldahl Nitrogen","0.264","0.1","mg/L as N","","","","Ryer Island","38.088161",-122.019215,"12:39","Bryte",NA
"5421","9534","EF0724B00006",2024-07-15,"Total Phosphorus","0.104","0.01","mg/L as P","","","","Ryer Island","38.088161",-122.019215,"12:39","Bryte",NA
"5422","9534","EF0724B00006",2024-07-15,"Dissolved Organic Nitrogen","0.16","0.1","mg/L as N","","","","Ryer Island","38.088161",-122.019215,"12:39","Bryte",NA
"5423","9534","EF0724B00006",2024-07-15,"Dissolved Organic Carbon","1.6","0.5","mg/L as C","","","","Ryer Island","38.088161",-122.019215,"12:39","Bryte",NA
"5424","9534","EF0724B00006",2024-07-15,"Total Organic Carbon","1.8","0.5","mg/L as C","","","","Ryer Island","38.088161",-122.019215,"12:39","Bryte",NA
"5425","9535","EF0724B00007",2024-07-15,"Chlorophyll a","2.85","0.5","ug/L","","","","Ryer Island","38.080023",-122.016919,"13:05","Bryte",NA
"5426","9535","EF0724B00007",2024-07-15,"Pheophytin a","0.94","0.5","ug/L","","","","Ryer Island","38.080023",-122.016919,"13:05","Bryte",NA
"5427","9535","EF0724B00007",2024-07-15,"Dissolved Organic Carbon","1.8","0.5","mg/L as C","","","","Ryer Island","38.080023",-122.016919,"13:05","Bryte",NA
"5428","9535","EF0724B00007",2024-07-15,"Total Organic Carbon","2","0.5","mg/L as C","","","","Ryer Island","38.080023",-122.016919,"13:05","Bryte",NA
"5429","9535","EF0724B00007",2024-07-15,"Total Kjeldahl Nitrogen","0.258","0.1","mg/L as N","","","","Ryer Island","38.080023",-122.016919,"13:05","Bryte",NA
"5430","9535","EF0724B00007",2024-07-15,"Total Phosphorus","0.096","0.01","mg/L as P","","","","Ryer Island","38.080023",-122.016919,"13:05","Bryte",NA
"5431","9535","EF0724B00007",2024-07-15,"Dissolved Organic Nitrogen","0.15","0.1","mg/L as N","","","","Ryer Island","38.080023",-122.016919,"13:05","Bryte",NA
"5432","9535","EF0724B00007",2024-07-15,"Dissolved Ammonia","< 0.05","0.05","mg/L as N","","","","Ryer Island","38.080023",-122.016919,"13:05","Bryte",NA
"5433","9535","EF0724B00007",2024-07-15,"Dissolved ortho-Phosphate","0.07","0.05","mg/L as P","","","","Ryer Island","38.080023",-122.016919,"13:05","Bryte",NA
"5434","9535","EF0724B00007",2024-07-15,"Dissolved Nitrate + Nitrite","0.066","0.05","mg/L as N","","","","Ryer Island","38.080023",-122.016919,"13:05","Bryte",NA
"5435","9631","EF0724B00013",2024-07-22,"Chlorophyll a","0.85","0.5","ug/L","","","","Winter Island","38.043472",-121.846478,"11:02","Bryte",NA
"5436","9631","EF0724B00013",2024-07-22,"Pheophytin a","< 0.5","0.5","ug/L","","","","Winter Island","38.043472",-121.846478,"11:02","Bryte",NA
"5437","9631","EF0724B00013",2024-07-22,"Dissolved Ammonia","< 0.05","0.05","mg/L as N","","","","Winter Island","38.043472",-121.846478,"11:02","Bryte",NA
"5438","9631","EF0724B00013",2024-07-22,"Dissolved ortho-Phosphate","0.073","0.05","mg/L as P","","","","Winter Island","38.043472",-121.846478,"11:02","Bryte",NA
"5439","9631","EF0724B00013",2024-07-22,"Dissolved Nitrate + Nitrite","< 0.05","0.05","mg/L as N","","","","Winter Island","38.043472",-121.846478,"11:02","Bryte",NA
"5440","9631","EF0724B00013",2024-07-22,"Total Kjeldahl Nitrogen","0.23","0.1","mg/L as N","","","","Winter Island","38.043472",-121.846478,"11:02","Bryte",NA
"5441","9631","EF0724B00013",2024-07-22,"Total Phosphorus","0.077","0.01","mg/L as P","","","","Winter Island","38.043472",-121.846478,"11:02","Bryte",NA
"5442","9631","EF0724B00013",2024-07-22,"Dissolved Organic Nitrogen","0.17","0.1","mg/L as N","","","","Winter Island","38.043472",-121.846478,"11:02","Bryte",NA
"5443","9631","EF0724B00013",2024-07-22,"Dissolved Organic Carbon","3.1","0.5","mg/L as C","","","","Winter Island","38.043472",-121.846478,"11:02","Bryte",NA
"5444","9631","EF0724B00013",2024-07-22,"Total Organic Carbon","3.3","0.5","mg/L as C","","","","Winter Island","38.043472",-121.846478,"11:02","Bryte",NA
"5445","9633","EF0724B00014",2024-07-22,"Chlorophyll a","0.61","0.5","ug/L","","","","Browns Island","38.038395",-121.865794,"09:02","Bryte",NA
"5446","9633","EF0724B00014",2024-07-22,"Pheophytin a","< 0.5","0.5","ug/L","","","","Browns Island","38.038395",-121.865794,"09:02","Bryte",NA
"5447","9633","EF0724B00014",2024-07-22,"Dissolved Ammonia","< 0.05","0.05","mg/L as N","","","","Browns Island","38.038395",-121.865794,"09:02","Bryte",NA
"5448","9633","EF0724B00014",2024-07-22,"Dissolved ortho-Phosphate","0.069","0.05","mg/L as P","","","","Browns Island","38.038395",-121.865794,"09:02","Bryte",NA
"5449","9633","EF0724B00014",2024-07-22,"Dissolved Nitrate + Nitrite","< 0.05","0.05","mg/L as N","","","","Browns Island","38.038395",-121.865794,"09:02","Bryte",NA
"5450","9633","EF0724B00014",2024-07-22,"Total Kjeldahl Nitrogen","0.181","0.1","mg/L as N","","","","Browns Island","38.038395",-121.865794,"09:02","Bryte",NA
"5451","9633","EF0724B00014",2024-07-22,"Total Phosphorus","0.056","0.01","mg/L as P","","","","Browns Island","38.038395",-121.865794,"09:02","Bryte",NA
"5452","9633","EF0724B00014",2024-07-22,"Dissolved Organic Nitrogen","0.27","0.1","mg/L as N","","","","Browns Island","38.038395",-121.865794,"09:02","Bryte",NA
"5453","9633","EF0724B00014",2024-07-22,"Dissolved Organic Carbon","3.7","0.5","mg/L as C","","","","Browns Island","38.038395",-121.865794,"09:02","Bryte",NA
"5454","9633","EF0724B00014",2024-07-22,"Total Organic Carbon","4","0.5","mg/L as C","","","","Browns Island","38.038395",-121.865794,"09:02","Bryte",NA
"5455","9634","EF0724B00015",2024-07-22,"Chlorophyll a","1.01","0.5","ug/L","","","","Browns Island","38.039341",-121.858039,"09:28","Bryte",NA
"5456","9634","EF0724B00015",2024-07-22,"Pheophytin a","< 0.5","0.5","ug/L","","","","Browns Island","38.039341",-121.858039,"09:28","Bryte",NA
"5457","9634","EF0724B00015",2024-07-22,"Dissolved Ammonia","< 0.05","0.05","mg/L as N","","","","Browns Island","38.039341",-121.858039,"09:28","Bryte",NA
"5458","9634","EF0724B00015",2024-07-22,"Dissolved ortho-Phosphate","0.066","0.05","mg/L as P","","","","Browns Island","38.039341",-121.858039,"09:28","Bryte",NA
"5459","9634","EF0724B00015",2024-07-22,"Dissolved Nitrate + Nitrite","< 0.05","0.05","mg/L as N","","","","Browns Island","38.039341",-121.858039,"09:28","Bryte",NA
"5460","9634","EF0724B00015",2024-07-22,"Total Kjeldahl Nitrogen","0.286","0.1","mg/L as N","","","","Browns Island","38.039341",-121.858039,"09:28","Bryte",NA
"5461","9634","EF0724B00015",2024-07-22,"Total Phosphorus","0.07","0.01","mg/L as P","","","","Browns Island","38.039341",-121.858039,"09:28","Bryte",NA
"5462","9634","EF0724B00015",2024-07-22,"Dissolved Organic Nitrogen","0.26","0.1","mg/L as N","","","","Browns Island","38.039341",-121.858039,"09:28","Bryte",NA
"5463","9634","EF0724B00015",2024-07-22,"Dissolved Organic Carbon","4.9","0.5","mg/L as C","","","","Browns Island","38.039341",-121.858039,"09:28","Bryte",NA
"5464","9634","EF0724B00015",2024-07-22,"Total Organic Carbon","5.2","0.5","mg/L as C","","","","Browns Island","38.039341",-121.858039,"09:28","Bryte",NA
"5465","9636","EF0724B00012",2024-07-22,"Chlorophyll a","1.12","0.5","ug/L","","","","Winter Island","38.028897",-121.84122,"10:31","Bryte",NA
"5466","9636","EF0724B00012",2024-07-22,"Pheophytin a","0.69","0.5","ug/L","","","","Winter Island","38.028897",-121.84122,"10:31","Bryte",NA
"5467","9636","EF0724B00012",2024-07-22,"Dissolved Ammonia","< 0.05","0.05","mg/L as N","","","","Winter Island","38.028897",-121.84122,"10:31","Bryte",NA
"5468","9636","EF0724B00012",2024-07-22,"Dissolved ortho-Phosphate","0.075","0.05","mg/L as P","","","","Winter Island","38.028897",-121.84122,"10:31","Bryte",NA
"5469","9636","EF0724B00012",2024-07-22,"Dissolved Nitrate + Nitrite","< 0.05","0.05","mg/L as N","","","","Winter Island","38.028897",-121.84122,"10:31","Bryte",NA
"5470","9636","EF0724B00012",2024-07-22,"Total Kjeldahl Nitrogen","0.222","0.1","mg/L as N","","","","Winter Island","38.028897",-121.84122,"10:31","Bryte",NA
"5471","9636","EF0724B00012",2024-07-22,"Total Phosphorus","0.083","0.01","mg/L as P","","","","Winter Island","38.028897",-121.84122,"10:31","Bryte",NA
"5472","9636","EF0724B00012",2024-07-22,"Dissolved Organic Nitrogen","0.15","0.1","mg/L as N","","","","Winter Island","38.028897",-121.84122,"10:31","Bryte",NA
"5473","9636","EF0724B00012",2024-07-22,"Dissolved Organic Carbon","2.7","0.5","mg/L as C","","","","Winter Island","38.028897",-121.84122,"10:31","Bryte",NA
"5474","9636","EF0724B00012",2024-07-22,"Total Organic Carbon","3","0.5","mg/L as C","","","","Winter Island","38.028897",-121.84122,"10:31","Bryte",NA
"5475","9637","EF0724B00016",2024-07-23,"Chlorophyll a","1.31","0.5","ug/L","","","","Horseshoe Bend","38.090908",-121.710458,"08:29","Bryte",NA
"5476","9637","EF0724B00016",2024-07-23,"Pheophytin a","< 0.5","0.5","ug/L","","","","Horseshoe Bend","38.090908",-121.710458,"08:29","Bryte",NA
"5477","9637","EF0724B00016",2024-07-23,"Dissolved Ammonia","< 0.05","0.05","mg/L as N","","","","Horseshoe Bend","38.090908",-121.710458,"08:29","Bryte",NA
"5478","9637","EF0724B00016",2024-07-23,"Dissolved ortho-Phosphate","< 0.05","0.05","mg/L as P","","","","Horseshoe Bend","38.090908",-121.710458,"08:29","Bryte",NA
"5479","9637","EF0724B00016",2024-07-23,"Dissolved Nitrate + Nitrite","< 0.05","0.05","mg/L as N","","","","Horseshoe Bend","38.090908",-121.710458,"08:29","Bryte",NA
"5480","9637","EF0724B00016",2024-07-23,"Total Phosphorus","0.053","0.01","mg/L as P","","","","Horseshoe Bend","38.090908",-121.710458,"08:29","Bryte",NA
"5481","9637","EF0724B00016",2024-07-23,"Total Kjeldahl Nitrogen","0.178","0.1","mg/L as N","","","","Horseshoe Bend","38.090908",-121.710458,"08:29","Bryte",NA
"5482","9637","EF0724B00016",2024-07-23,"Dissolved Organic Nitrogen","0.1","0.1","mg/L as N","","","","Horseshoe Bend","38.090908",-121.710458,"08:29","Bryte",NA
"5483","9637","EF0724B00016",2024-07-23,"Dissolved Organic Carbon","2.1","0.5","mg/L as C","","","","Horseshoe Bend","38.090908",-121.710458,"08:29","Bryte",NA
"5484","9637","EF0724B00016",2024-07-23,"Total Organic Carbon","2.6","0.5","mg/L as C","","","","Horseshoe Bend","38.090908",-121.710458,"08:29","Bryte",NA
"5485","9638","EF0724B00017",2024-07-23,"Chlorophyll a","2.13","0.5","ug/L","","","","Decker Island","38.084282",-121.723977,"08:57","Bryte",NA
"5486","9638","EF0724B00017",2024-07-23,"Pheophytin a","1.15","0.5","ug/L","","","","Decker Island","38.084282",-121.723977,"08:57","Bryte",NA
"5487","9638","EF0724B00017",2024-07-23,"Dissolved Ammonia","< 0.05","0.05","mg/L as N","","","","Decker Island","38.084282",-121.723977,"08:57","Bryte",NA
"5488","9638","EF0724B00017",2024-07-23,"Dissolved ortho-Phosphate","0.052","0.05","mg/L as P","","","","Decker Island","38.084282",-121.723977,"08:57","Bryte",NA
"5489","9638","EF0724B00017",2024-07-23,"Dissolved Nitrate + Nitrite","< 0.05","0.05","mg/L as N","","","","Decker Island","38.084282",-121.723977,"08:57","Bryte",NA
"5490","9638","EF0724B00017",2024-07-23,"Total Phosphorus","0.054","0.01","mg/L as P","","","","Decker Island","38.084282",-121.723977,"08:57","Bryte",NA
"5491","9638","EF0724B00017",2024-07-23,"Total Kjeldahl Nitrogen","0.176","0.1","mg/L as N","","","","Decker Island","38.084282",-121.723977,"08:57","Bryte",NA
"5492","9638","EF0724B00017",2024-07-23,"Dissolved Organic Nitrogen","0.12","0.1","mg/L as N","","","","Decker Island","38.084282",-121.723977,"08:57","Bryte",NA
"5493","9638","EF0724B00017",2024-07-23,"Dissolved Organic Carbon","2.1","0.5","mg/L as C","","","","Decker Island","38.084282",-121.723977,"08:57","Bryte",NA
"5494","9638","EF0724B00017",2024-07-23,"Total Organic Carbon","2.4","0.5","mg/L as C","","","","Decker Island","38.084282",-121.723977,"08:57","Bryte",NA
"5495","9640","EF0724B00018",2024-07-23,"Chlorophyll a","1.24","0.5","ug/L","","","","Webb Tract Islands and Berms","38.094573",-121.590098,"10:25","Bryte",NA
"5496","9640","EF0724B00018",2024-07-23,"Pheophytin a","< 0.5","0.5","ug/L","","","","Webb Tract Islands and Berms","38.094573",-121.590098,"10:25","Bryte",NA
"5497","9640","EF0724B00018",2024-07-23,"Dissolved Ammonia","< 0.05","0.05","mg/L as N","","","","Webb Tract Islands and Berms","38.094573",-121.590098,"10:25","Bryte",NA
"5498","9640","EF0724B00018",2024-07-23,"Dissolved ortho-Phosphate","0.054","0.05","mg/L as P","","","","Webb Tract Islands and Berms","38.094573",-121.590098,"10:25","Bryte",NA
"5499","9640","EF0724B00018",2024-07-23,"Dissolved Nitrate + Nitrite","0.055","0.05","mg/L as N","","","","Webb Tract Islands and Berms","38.094573",-121.590098,"10:25","Bryte",NA
"5500","9640","EF0724B00018",2024-07-23,"Total Phosphorus","0.05","0.01","mg/L as P","","","","Webb Tract Islands and Berms","38.094573",-121.590098,"10:25","Bryte",NA
"5501","9640","EF0724B00018",2024-07-23,"Total Kjeldahl Nitrogen","0.193","0.1","mg/L as N","","","","Webb Tract Islands and Berms","38.094573",-121.590098,"10:25","Bryte",NA
"5502","9640","EF0724B00018",2024-07-23,"Dissolved Organic Nitrogen","0.15","0.1","mg/L as N","","","","Webb Tract Islands and Berms","38.094573",-121.590098,"10:25","Bryte",NA
"5503","9640","EF0724B00018",2024-07-23,"Dissolved Organic Carbon","2","0.5","mg/L as C","","","","Webb Tract Islands and Berms","38.094573",-121.590098,"10:25","Bryte",NA
"5504","9640","EF0724B00018",2024-07-23,"Total Organic Carbon","2","0.5","mg/L as C","","","","Webb Tract Islands and Berms","38.094573",-121.590098,"10:25","Bryte",NA
"5505","9642","EF0724B00019",2024-07-23,"Chlorophyll a","1.62","0.5","ug/L","","","","Webb Tract Islands and Berms","38.096214",-121.589611,"10:54","Bryte",NA
"5506","9642","EF0724B00019",2024-07-23,"Pheophytin a","< 0.5","0.5","ug/L","","","","Webb Tract Islands and Berms","38.096214",-121.589611,"10:54","Bryte",NA
"5507","9642","EF0724B00019",2024-07-23,"Dissolved Ammonia","< 0.05","0.05","mg/L as N","","","","Webb Tract Islands and Berms","38.096214",-121.589611,"10:54","Bryte",NA
"5508","9642","EF0724B00019",2024-07-23,"Dissolved ortho-Phosphate","0.057","0.05","mg/L as P","","","","Webb Tract Islands and Berms","38.096214",-121.589611,"10:54","Bryte",NA
"5509","9642","EF0724B00019",2024-07-23,"Dissolved Nitrate + Nitrite","< 0.05","0.05","mg/L as N","","","","Webb Tract Islands and Berms","38.096214",-121.589611,"10:54","Bryte",NA
"5510","9642","EF0724B00019",2024-07-23,"Total Phosphorus","0.052","0.01","mg/L as P","","","","Webb Tract Islands and Berms","38.096214",-121.589611,"10:54","Bryte",NA
"5511","9642","EF0724B00019",2024-07-23,"Total Kjeldahl Nitrogen","0.196","0.1","mg/L as N","","","","Webb Tract Islands and Berms","38.096214",-121.589611,"10:54","Bryte",NA
"5512","9642","EF0724B00019",2024-07-23,"Dissolved Organic Nitrogen","0.13","0.1","mg/L as N","","","","Webb Tract Islands and Berms","38.096214",-121.589611,"10:54","Bryte",NA
"5513","9642","EF0724B00019",2024-07-23,"Dissolved Organic Carbon","2.2","0.5","mg/L as C","","","","Webb Tract Islands and Berms","38.096214",-121.589611,"10:54","Bryte",NA
"5514","9642","EF0724B00019",2024-07-23,"Total Organic Carbon","2.3","0.5","mg/L as C","","","","Webb Tract Islands and Berms","38.096214",-121.589611,"10:54","Bryte",NA
"5515","9643","EF0824B00024",2024-08-05,"Chlorophyll a","1.45","0.5","ug/L","","","","Liberty Island","38.244047",-121.682162,"08:33","Bryte",NA
"5516","9643","EF0824B00024",2024-08-05,"Pheophytin a","0.7","0.5","ug/L","","","","Liberty Island","38.244047",-121.682162,"08:33","Bryte",NA
"5517","9643","EF0824B00024",2024-08-05,"Dissolved Nitrate + Nitrite","0.075","0.05","mg/L as N","","","","Liberty Island","38.244047",-121.682162,"08:33","Bryte",NA
"5518","9643","EF0824B00024",2024-08-05,"Dissolved ortho-Phosphate","< 0.05","0.05","mg/L as P","","","","Liberty Island","38.244047",-121.682162,"08:33","Bryte",NA
"5519","9643","EF0824B00024",2024-08-05,"Dissolved Ammonia","< 0.05","0.05","mg/L as N","","","","Liberty Island","38.244047",-121.682162,"08:33","Bryte",NA
"5520","9643","EF0824B00024",2024-08-05,"Dissolved Organic Carbon","1.8","0.5","mg/L as C","","","","Liberty Island","38.244047",-121.682162,"08:33","Bryte",NA
"5521","9643","EF0824B00024",2024-08-05,"Total Organic Carbon","1.9","0.5","mg/L as C","","","","Liberty Island","38.244047",-121.682162,"08:33","Bryte",NA
"5522","9643","EF0824B00024",2024-08-05,"Total Kjeldahl Nitrogen","0.15","0.1","mg/L as N","","","","Liberty Island","38.244047",-121.682162,"08:33","Bryte",NA
"5523","9643","EF0824B00024",2024-08-05,"Total Phosphorus","0.037","0.01","mg/L as P","","","","Liberty Island","38.244047",-121.682162,"08:33","Bryte",NA
"5524","9643","EF0824B00024",2024-08-05,"Dissolved Organic Nitrogen","< 0.1","0.1","mg/L as N","","","","Liberty Island","38.244047",-121.682162,"08:33","Bryte",NA
"5525","9644","EF0824B00025",2024-08-05,"Chlorophyll a","1.37","0.5","ug/L","","","","Liberty Island","38.28029",-121.692986,"09:03","Bryte",NA
"5526","9644","EF0824B00025",2024-08-05,"Pheophytin a","0.87","0.5","ug/L","","","","Liberty Island","38.28029",-121.692986,"09:03","Bryte",NA
"5527","9644","EF0824B00025",2024-08-05,"Dissolved Ammonia","< 0.05","0.05","mg/L as N","","","","Liberty Island","38.28029",-121.692986,"09:03","Bryte",NA
"5528","9644","EF0824B00025",2024-08-05,"Dissolved Organic Carbon","2.4","0.5","mg/L as C","","","","Liberty Island","38.28029",-121.692986,"09:03","Bryte",NA
"5529","9644","EF0824B00025",2024-08-05,"Total Organic Carbon","2.7","0.5","mg/L as C","","","","Liberty Island","38.28029",-121.692986,"09:03","Bryte",NA
"5530","9644","EF0824B00025",2024-08-05,"Total Kjeldahl Nitrogen","0.169","0.1","mg/L as N","","","","Liberty Island","38.28029",-121.692986,"09:03","Bryte",NA
"5531","9644","EF0824B00025",2024-08-05,"Total Phosphorus","0.069","0.01","mg/L as P","","","","Liberty Island","38.28029",-121.692986,"09:03","Bryte",NA
"5532","9644","EF0824B00025",2024-08-05,"Dissolved Organic Nitrogen","0.12","0.1","mg/L as N","","","","Liberty Island","38.28029",-121.692986,"09:03","Bryte",NA
"5533","9644","EF0824B00025",2024-08-05,"Dissolved Nitrate + Nitrite","< 0.05","0.05","mg/L as N","","","","Liberty Island","38.28029",-121.692986,"09:03","Bryte",NA
"5534","9644","EF0824B00025",2024-08-05,"Dissolved ortho-Phosphate","0.075","0.05","mg/L as P","","","","Liberty Island","38.28029",-121.692986,"09:03","Bryte",NA
"5535","9646","EF0824B00026",2024-08-05,"Chlorophyll a","2.05","0.5","ug/L","","","","Lower Yolo Ranch","38.348759",-121.667471,"10:03","Bryte",NA
"5536","9646","EF0824B00026",2024-08-05,"Pheophytin a","1.3","0.5","ug/L","","","","Lower Yolo Ranch","38.348759",-121.667471,"10:03","Bryte",NA
"5537","9646","EF0824B00026",2024-08-05,"Dissolved Ammonia","< 0.05","0.05","mg/L as N","","","","Lower Yolo Ranch","38.348759",-121.667471,"10:03","Bryte",NA
"5538","9646","EF0824B00026",2024-08-05,"Dissolved Organic Carbon","5.5","0.5","mg/L as C","","","","Lower Yolo Ranch","38.348759",-121.667471,"10:03","Bryte",NA
"5539","9646","EF0824B00026",2024-08-05,"Dissolved Nitrate + Nitrite","< 0.05","0.05","mg/L as N","","","","Lower Yolo Ranch","38.348759",-121.667471,"10:03","Bryte",NA
"5540","9646","EF0824B00026",2024-08-05,"Dissolved ortho-Phosphate","0.268","0.05","mg/L as P","","","","Lower Yolo Ranch","38.348759",-121.667471,"10:03","Bryte",NA
"5541","9646","EF0824B00026",2024-08-05,"Total Phosphorus","0.303","0.01","mg/L as P","","","","Lower Yolo Ranch","38.348759",-121.667471,"10:03","Bryte",NA
"5542","9646","EF0824B00026",2024-08-05,"Dissolved Organic Nitrogen","0.35","0.1","mg/L as N","","","","Lower Yolo Ranch","38.348759",-121.667471,"10:03","Bryte",NA
"5543","9646","EF0824B00026",2024-08-05,"Total Organic Carbon","5.9","0.5","mg/L as C","","","","Lower Yolo Ranch","38.348759",-121.667471,"10:03","Bryte",NA
"5544","9646","EF0824B00026",2024-08-05,"Total Kjeldahl Nitrogen","0.473","0.1","mg/L as N","","","","Lower Yolo Ranch","38.348759",-121.667471,"10:03","Bryte",NA
"5545","9647","EF0824B00027",2024-08-05,"Chlorophyll a","0.96","0.5","ug/L","","","","Lower Yolo Ranch","38.345556",-121.660763,"10:34","Bryte",NA
"5546","9647","EF0824B00027",2024-08-05,"Dissolved ortho-Phosphate","0.146","0.05","mg/L as P","","","","Lower Yolo Ranch","38.345556",-121.660763,"10:34","Bryte",NA
"5547","9647","EF0824B00027",2024-08-05,"Dissolved Ammonia","< 0.05","0.05","mg/L as N","","","","Lower Yolo Ranch","38.345556",-121.660763,"10:34","Bryte",NA
"5548","9647","EF0824B00027",2024-08-05,"Pheophytin a","0.77","0.5","ug/L","","","","Lower Yolo Ranch","38.345556",-121.660763,"10:34","Bryte",NA
"5549","9647","EF0824B00027",2024-08-05,"Dissolved Nitrate + Nitrite","< 0.05","0.05","mg/L as N","","","","Lower Yolo Ranch","38.345556",-121.660763,"10:34","Bryte",NA
"5550","9647","EF0824B00027",2024-08-05,"Total Kjeldahl Nitrogen","0.386","0.1","mg/L as N","","","","Lower Yolo Ranch","38.345556",-121.660763,"10:34","Bryte",NA
"5551","9647","EF0824B00027",2024-08-05,"Total Phosphorus","0.204","0.01","mg/L as P","","","","Lower Yolo Ranch","38.345556",-121.660763,"10:34","Bryte",NA
"5552","9647","EF0824B00027",2024-08-05,"Dissolved Organic Carbon","5","0.5","mg/L as C","","","","Lower Yolo Ranch","38.345556",-121.660763,"10:34","Bryte",NA
"5553","9647","EF0824B00027",2024-08-05,"Total Organic Carbon","5.4","0.5","mg/L as C","","","","Lower Yolo Ranch","38.345556",-121.660763,"10:34","Bryte",NA
"5554","9647","EF0824B00027",2024-08-05,"Dissolved Organic Nitrogen","0.28","0.1","mg/L as N","","","","Lower Yolo Ranch","38.345556",-121.660763,"10:34","Bryte",NA
"5555","9650","EF0824B00028",2024-08-05,"Pheophytin a","0.84","0.5","ug/L","","","","Yolo Flyway Farms","38.364135",-121.643172,"11:32","Bryte",NA
"5556","9650","EF0824B00028",2024-08-05,"Dissolved Nitrate + Nitrite","< 0.05","0.05","mg/L as N","","","","Yolo Flyway Farms","38.364135",-121.643172,"11:32","Bryte",NA
"5557","9650","EF0824B00028",2024-08-05,"Dissolved ortho-Phosphate","0.086","0.05","mg/L as P","","","","Yolo Flyway Farms","38.364135",-121.643172,"11:32","Bryte",NA
"5558","9650","EF0824B00028",2024-08-05,"Dissolved Organic Carbon","3.9","0.5","mg/L as C","","","","Yolo Flyway Farms","38.364135",-121.643172,"11:32","Bryte",NA
"5559","9650","EF0824B00028",2024-08-05,"Total Organic Carbon","4.4","0.5","mg/L as C","","","","Yolo Flyway Farms","38.364135",-121.643172,"11:32","Bryte",NA
"5560","9650","EF0824B00028",2024-08-05,"Total Kjeldahl Nitrogen","0.318","0.1","mg/L as N","","","","Yolo Flyway Farms","38.364135",-121.643172,"11:32","Bryte",NA
"5561","9650","EF0824B00028",2024-08-05,"Dissolved Ammonia","< 0.05","0.05","mg/L as N","","","","Yolo Flyway Farms","38.364135",-121.643172,"11:32","Bryte",NA
"5562","9650","EF0824B00028",2024-08-05,"Total Phosphorus","0.105","0.01","mg/L as P","","","","Yolo Flyway Farms","38.364135",-121.643172,"11:32","Bryte",NA
"5563","9650","EF0824B00028",2024-08-05,"Dissolved Organic Nitrogen","0.24","0.1","mg/L as N","","","","Yolo Flyway Farms","38.364135",-121.643172,"11:32","Bryte",NA
"5564","9650","EF0824B00028",2024-08-05,"Chlorophyll a","0.86","0.5","ug/L","","","","Yolo Flyway Farms","38.364135",-121.643172,"11:32","Bryte",NA
"5565","9651","EF0824B00029",2024-08-05,"Dissolved Nitrate + Nitrite","< 0.05","0.05","mg/L as N","","","","Yolo Flyway Farms","38.360847",-121.644784,"11:58","Bryte",NA
"5566","9651","EF0824B00029",2024-08-05,"Dissolved ortho-Phosphate","0.109","0.05","mg/L as P","","","","Yolo Flyway Farms","38.360847",-121.644784,"11:58","Bryte",NA
"5567","9651","EF0824B00029",2024-08-05,"Dissolved Ammonia","< 0.05","0.05","mg/L as N","","","","Yolo Flyway Farms","38.360847",-121.644784,"11:58","Bryte",NA
"5568","9651","EF0824B00029",2024-08-05,"Dissolved Organic Carbon","3.7","0.5","mg/L as C","","","","Yolo Flyway Farms","38.360847",-121.644784,"11:58","Bryte",NA
"5569","9651","EF0824B00029",2024-08-05,"Total Organic Carbon","4.1","0.5","mg/L as C","","","","Yolo Flyway Farms","38.360847",-121.644784,"11:58","Bryte",NA
"5570","9651","EF0824B00029",2024-08-05,"Total Kjeldahl Nitrogen","0.319","0.1","mg/L as N","","","","Yolo Flyway Farms","38.360847",-121.644784,"11:58","Bryte",NA
"5571","9651","EF0824B00029",2024-08-05,"Total Phosphorus","0.134","0.01","mg/L as P","","","","Yolo Flyway Farms","38.360847",-121.644784,"11:58","Bryte",NA
"5572","9651","EF0824B00029",2024-08-05,"Dissolved Organic Nitrogen","0.21","0.1","mg/L as N","","","","Yolo Flyway Farms","38.360847",-121.644784,"11:58","Bryte",NA
"5573","9651","EF0824B00029",2024-08-05,"Chlorophyll a","5.41","0.5","ug/L","","","Y","Yolo Flyway Farms","38.360847",-121.644784,"11:58","Bryte",NA
"5574","9651","EF0824B00029",2024-08-05,"Pheophytin a","2.07","0.5","ug/L","","","Y","Yolo Flyway Farms","38.360847",-121.644784,"11:58","Bryte",NA
