Station Name,Sample Code,Collection Date,Analyte,Result,Rpt Limit,Units,Parent Sample
E3S80462003,EL0319B0062,3/14/2019 7:04,Chlorophyll a,1.68,0.5,µg/L,0
E3S80462003,EL0319B0062,3/14/2019 7:04,Dissolved Nitrate + Nitrite,0.27,0.05,mg/L as N,0
E3S80462003,EL0319B0062,3/14/2019 7:04,Dissolved Organic Carbon,2.7,0.5,mg/L as C,0
E3S80462003,EL0319B0062,3/14/2019 7:04,Total Organic Carbon,2.7,0.5,mg/L as C,0
E3S80462003,EL0319B0062,3/14/2019 7:04,Dissolved Ortho-phosphate,0.063,0.05,mg/L as P,0
E3S80462003,EL0319B0062,3/14/2019 7:04,Pheophytin a,0.56,0.5,µg/L,0
E3S80462003,EL0319B0062,3/14/2019 7:04,Total Phosphorus,0.08,0.01,mg/L as P,0
E3S80462003,EL0319B0062,3/14/2019 7:04,Total Kjeldahl Nitrogen,0.3,0.1,mg/L as N,0
E3S80462003,EL0319B0062,3/14/2019 7:04,Field Specific Conductance,60.6,1,uS/cm@25degC,0
E3S80192066,EL0319B0065,3/14/2019 7:22,Chlorophyll a,4.44,0.5,µg/L,0
E3S80192066,EL0319B0065,3/14/2019 7:22,Dissolved Nitrate + Nitrite,0.43,0.05,mg/L as N,0
E3S80192066,EL0319B0065,3/14/2019 7:22,Dissolved Organic Carbon,3.7,0.5,mg/L as C,0
E3S80192066,EL0319B0065,3/14/2019 7:22,Total Organic Carbon,3.7,0.5,mg/L as C,0
E3S80192066,EL0319B0065,3/14/2019 7:22,Dissolved Ortho-phosphate,0.081,0.05,mg/L as P,0
E3S80192066,EL0319B0065,3/14/2019 7:22,Pheophytin a,2.5,0.5,µg/L,0
E3S80192066,EL0319B0065,3/14/2019 7:22,Total Phosphorus,0.12,0.01,mg/L as P,0
E3S80192066,EL0319B0065,3/14/2019 7:22,Total Kjeldahl Nitrogen,0.5,0.1,mg/L as N,0
E3S80192066,EL0319B0065,3/14/2019 7:22,Field Specific Conductance,406.3,1,uS/cm@25degC,0
E3S80202066,EL0319B0066,3/14/2019 7:35,Chlorophyll a,5.29,0.5,µg/L,0
E3S80202066,EL0319B0066,3/14/2019 7:35,Dissolved Nitrate + Nitrite,0.46,0.05,mg/L as N,0
E3S80202066,EL0319B0066,3/14/2019 7:35,Dissolved Organic Carbon,3.8,0.5,mg/L as C,0
E3S80202066,EL0319B0066,3/14/2019 7:35,Total Organic Carbon,3.8,0.5,mg/L as C,0
E3S80202066,EL0319B0066,3/14/2019 7:35,Dissolved Ortho-phosphate,0.084,0.05,mg/L as P,0
E3S80202066,EL0319B0066,3/14/2019 7:35,Pheophytin a,2.63,0.5,µg/L,0
E3S80202066,EL0319B0066,3/14/2019 7:35,Total Phosphorus,0.122,0.01,mg/L as P,0
E3S80202066,EL0319B0066,3/14/2019 7:35,Total Kjeldahl Nitrogen,0.5,0.1,mg/L as N,0
E3S80202066,EL0319B0066,3/14/2019 7:35,Field Specific Conductance,369.7,1,uS/cm@25degC,0
E3S80482010,EL0319B0059,3/14/2019 8:01,Chlorophyll a,1.64,0.5,µg/L,0
E3S80482010,EL0319B0059,3/14/2019 8:01,Dissolved Nitrate + Nitrite,0.248,0.05,mg/L as N,0
E3S80482010,EL0319B0059,3/14/2019 8:01,Dissolved Organic Carbon,2.9,0.5,mg/L as C,0
E3S80482010,EL0319B0059,3/14/2019 8:01,Total Organic Carbon,2.9,0.5,mg/L as C,0
E3S80482010,EL0319B0059,3/14/2019 8:01,Dissolved Ortho-phosphate,0.084,0.05,mg/L as P,0
E3S80482010,EL0319B0059,3/14/2019 8:01,Pheophytin a,0.68,0.5,µg/L,0
E3S80482010,EL0319B0059,3/14/2019 8:01,Total Phosphorus,0.1,0.01,mg/L as P,0
E3S80482010,EL0319B0059,3/14/2019 8:01,Total Kjeldahl Nitrogen,0.314,0.1,mg/L as N,0
E3S80482010,EL0319B0059,3/14/2019 8:01,Field Specific Conductance,180.7,1,uS/cm@25degC,0
E3S804102007,EL0319B0060,3/14/2019 8:31,Chlorophyll a,1.72,0.5,µg/L,0
E3S804102007,EL0319B0060,3/14/2019 8:31,Dissolved Nitrate + Nitrite,0.248,0.05,mg/L as N,0
E3S804102007,EL0319B0060,3/14/2019 8:31,Dissolved Organic Carbon,2.9,0.5,mg/L as C,0
E3S804102007,EL0319B0060,3/14/2019 8:31,Dissolved Organic Carbon,2.9,0.5,mg/L as C,0
E3S804102007,EL0319B0060,3/14/2019 8:31,Total Organic Carbon,3,0.5,mg/L as C,0
E3S804102007,EL0319B0060,3/14/2019 8:31,Total Organic Carbon,3,0.5,mg/L as C,0
E3S804102007,EL0319B0060,3/14/2019 8:31,Dissolved Ortho-phosphate,0.082,0.05,mg/L as P,0
E3S804102007,EL0319B0060,3/14/2019 8:31,Pheophytin a,0.65,0.5,µg/L,0
E3S804102007,EL0319B0060,3/14/2019 8:31,Total Phosphorus,0.1,0.01,mg/L as P,0
E3S804102007,EL0319B0060,3/14/2019 8:31,Total Kjeldahl Nitrogen,0.317,0.1,mg/L as N,0
E3S804102007,EL0319B0060,3/14/2019 8:31,Field Specific Conductance,254.4,1,uS/cm@25degC,0
B9S80241522,EL0319B0058,3/14/2019 8:53,Chlorophyll a,0.91,0.5,µg/L,0
B9S80241522,EL0319B0058,3/14/2019 8:53,Dissolved Nitrate + Nitrite,0.378,0.05,mg/L as N,0
B9S80241522,EL0319B0058,3/14/2019 8:53,Dissolved Organic Carbon,3.5,0.5,mg/L as C,0
B9S80241522,EL0319B0058,3/14/2019 8:53,Total Organic Carbon,3.5,0.5,mg/L as C,0
B9S80241522,EL0319B0058,3/14/2019 8:53,Dissolved Ortho-phosphate,0.07,0.05,mg/L as P,0
B9S80241522,EL0319B0058,3/14/2019 8:53,Pheophytin a,< R.L.,0.5,µg/L,0
B9S80241522,EL0319B0058,3/14/2019 8:53,Total Phosphorus,0.07,0.01,mg/L as P,0
B9S80241522,EL0319B0058,3/14/2019 8:53,Total Kjeldahl Nitrogen,0.375,0.1,mg/L as N,0
B9S80241522,EL0319B0058,3/14/2019 8:53,Field Specific Conductance,177.2,1,uS/cm@25degC,0
E3S80192049,EL0319B0063,3/14/2019 9:03,Chlorophyll a,0.63,0.5,µg/L,0
E3S80192049,EL0319B0063,3/14/2019 9:03,Dissolved Nitrate + Nitrite,0.63,0.05,mg/L as N,0
E3S80192049,EL0319B0063,3/14/2019 9:03,Dissolved Organic Carbon,5.7,0.5,mg/L as C,0
E3S80192049,EL0319B0063,3/14/2019 9:03,Total Organic Carbon,5.7,0.5,mg/L as C,0
E3S80192049,EL0319B0063,3/14/2019 9:03,Dissolved Ortho-phosphate,0.155,0.05,mg/L as P,0
E3S80192049,EL0319B0063,3/14/2019 9:03,Pheophytin a,1.02,0.5,µg/L,0
E3S80192049,EL0319B0063,3/14/2019 9:03,Total Phosphorus,0.17,0.01,mg/L as P,0
E3S80192049,EL0319B0063,3/14/2019 9:03,Total Kjeldahl Nitrogen,0.5,0.1,mg/L as N,0
E3S80192049,EL0319B0063,3/14/2019 9:03,Field Specific Conductance,1202,1,uS/cm@25degC,0
B9S80231523,EL0319B0056,3/14/2019 9:04,Chlorophyll a,0.9,0.5,µg/L,0
B9S80231523,EL0319B0056,3/14/2019 9:04,Dissolved Nitrate + Nitrite,0.38,0.05,mg/L as N,0
B9S80231523,EL0319B0056,3/14/2019 9:04,Dissolved Organic Carbon,3.5,0.5,mg/L as C,0
B9S80231523,EL0319B0056,3/14/2019 9:04,Total Organic Carbon,3.5,0.5,mg/L as C,0
B9S80231523,EL0319B0056,3/14/2019 9:04,Dissolved Ortho-phosphate,0.075,0.05,mg/L as P,0
B9S80231523,EL0319B0056,3/14/2019 9:04,Pheophytin a,0.52,0.5,µg/L,0
B9S80231523,EL0319B0056,3/14/2019 9:04,Total Phosphorus,0.078,0.01,mg/L as P,0
B9S80231523,EL0319B0056,3/14/2019 9:04,Total Kjeldahl Nitrogen,0.4,0.1,mg/L as N,0
B9S80231523,EL0319B0056,3/14/2019 9:04,Field Specific Conductance,197.6,1,uS/cm@25degC,0
E3S80462005,EL0319B0061,3/14/2019 9:24,Chlorophyll a,1.98,0.5,µg/L,0
E3S80462005,EL0319B0061,3/14/2019 9:24,Dissolved Nitrate + Nitrite,0.24,0.05,mg/L as N,0
E3S80462005,EL0319B0061,3/14/2019 9:24,Dissolved Organic Carbon,3.1,0.5,mg/L as C,0
E3S80462005,EL0319B0061,3/14/2019 9:24,Total Organic Carbon,3.1,0.5,mg/L as C,0
E3S80462005,EL0319B0061,3/14/2019 9:24,Dissolved Ortho-phosphate,0.08,0.05,mg/L as P,0
E3S80462005,EL0319B0061,3/14/2019 9:24,Pheophytin a,0.59,0.5,µg/L,0
E3S80462005,EL0319B0061,3/14/2019 9:24,Total Phosphorus,0.09,0.01,mg/L as P,0
E3S80462005,EL0319B0061,3/14/2019 9:24,Total Kjeldahl Nitrogen,0.314,0.1,mg/L as N,0
E3S80462005,EL0319B0061,3/14/2019 9:24,Field Specific Conductance,222.2,1,uS/cm@25degC,0
E3S80212052,EL0319B0064,3/14/2019 10:15,Chlorophyll a,1.39,0.5,µg/L,0
E3S80212052,EL0319B0064,3/14/2019 10:15,Dissolved Nitrate + Nitrite,0.63,0.05,mg/L as N,0
E3S80212052,EL0319B0064,3/14/2019 10:15,Dissolved Organic Carbon,5.1,0.5,mg/L as C,0
E3S80212052,EL0319B0064,3/14/2019 10:15,Total Organic Carbon,5.1,0.5,mg/L as C,0
E3S80212052,EL0319B0064,3/14/2019 10:15,Dissolved Ortho-phosphate,0.129,0.05,mg/L as P,0
E3S80212052,EL0319B0064,3/14/2019 10:15,Pheophytin a,0.82,0.5,µg/L,0
E3S80212052,EL0319B0064,3/14/2019 10:15,Total Phosphorus,0.13,0.01,mg/L as P,0
E3S80212052,EL0319B0064,3/14/2019 10:15,Total Kjeldahl Nitrogen,0.4,0.1,mg/L as N,0
E3S80212052,EL0319B0064,3/14/2019 10:15,Field Specific Conductance,1246,1,uS/cm@25degC,0
E3S81031544,EL0319B0049,3/14/2019 10:40,Chlorophyll a,7.8,0.5,µg/L,0
E3S81031544,EL0319B0049,3/14/2019 10:40,Dissolved Nitrate + Nitrite,0.26,0.05,mg/L as N,0
E3S81031544,EL0319B0049,3/14/2019 10:40,Dissolved Organic Carbon,8,0.5,mg/L as C,0
E3S81031544,EL0319B0049,3/14/2019 10:40,Total Organic Carbon,7.4,0.5,mg/L as C,0
E3S81031544,EL0319B0049,3/14/2019 10:40,Dissolved Ortho-phosphate,0.09,0.05,mg/L as P,0
E3S81031544,EL0319B0049,3/14/2019 10:40,Pheophytin a,4.45,0.5,µg/L,0
E3S81031544,EL0319B0049,3/14/2019 10:40,Total Phosphorus,0.2,0.01,mg/L as P,0
E3S81031544,EL0319B0049,3/14/2019 10:40,Total Kjeldahl Nitrogen,0.9,0.1,mg/L as N,0
E3S81031544,EL0319B0049,3/14/2019 10:40,Field Specific Conductance,730,1,uS/cm@25degC,0
E3S81051544,EL0319B0050,3/14/2019 11:15,Chlorophyll a,4.5,0.5,µg/L,0
E3S81051544,EL0319B0050,3/14/2019 11:15,Dissolved Nitrate + Nitrite,0.27,0.05,mg/L as N,0
E3S81051544,EL0319B0050,3/14/2019 11:15,Dissolved Organic Carbon,5.8,0.5,mg/L as C,0
E3S81051544,EL0319B0050,3/14/2019 11:15,Dissolved Organic Carbon,5.8,0.5,mg/L as C,0
E3S81051544,EL0319B0050,3/14/2019 11:15,Total Organic Carbon,5.4,0.5,mg/L as C,0
E3S81051544,EL0319B0050,3/14/2019 11:15,Total Organic Carbon,5.5,0.5,mg/L as C,0
E3S81051544,EL0319B0050,3/14/2019 11:15,Dissolved Ortho-phosphate,0.084,0.05,mg/L as P,0
E3S81051544,EL0319B0050,3/14/2019 11:15,Pheophytin a,4.02,0.5,µg/L,0
E3S81051544,EL0319B0050,3/14/2019 11:15,Total Phosphorus,0.159,0.01,mg/L as P,0
E3S81051544,EL0319B0050,3/14/2019 11:15,Total Kjeldahl Nitrogen,0.63,0.1,mg/L as N,0
E3S81051544,EL0319B0050,3/14/2019 11:15,Field Specific Conductance,598,1,uS/cm@25degC,0
E3S81071545,EL0319B0051,3/14/2019 12:00,Chlorophyll a,3.96,0.5,µg/L,0
E3S81071545,EL0319B0051,3/14/2019 12:00,Dissolved Nitrate + Nitrite,0.26,0.05,mg/L as N,0
E3S81071545,EL0319B0051,3/14/2019 12:00,Dissolved Organic Carbon,5.5,0.5,mg/L as C,0
E3S81071545,EL0319B0051,3/14/2019 12:00,Total Organic Carbon,5.9,0.5,mg/L as C,0
E3S81071545,EL0319B0051,3/14/2019 12:00,Dissolved Ortho-phosphate,0.082,0.05,mg/L as P,0
E3S81071545,EL0319B0051,3/14/2019 12:00,Pheophytin a,3.79,0.5,µg/L,0
E3S81071545,EL0319B0051,3/14/2019 12:00,Total Phosphorus,0.152,0.01,mg/L as P,0
E3S81071545,EL0319B0051,3/14/2019 12:00,Total Kjeldahl Nitrogen,0.9,0.1,mg/L as N,0
E3S81071545,EL0319B0051,3/14/2019 12:00,Field Specific Conductance,651,1,uS/cm@25degC,0
E3S81071545,EL0319B0055,3/14/2019 12:00,Chlorophyll a,4.21,0.5,µg/L,EL0319B0051
E3S81071545,EL0319B0055,3/14/2019 12:00,Dissolved Nitrate + Nitrite,0.26,0.05,mg/L as N,EL0319B0051
E3S81071545,EL0319B0055,3/14/2019 12:00,Dissolved Organic Carbon,5.7,0.5,mg/L as C,EL0319B0051
E3S81071545,EL0319B0055,3/14/2019 12:00,Total Organic Carbon,5.4,0.5,mg/L as C,EL0319B0051
E3S81071545,EL0319B0055,3/14/2019 12:00,Dissolved Ortho-phosphate,0.08,0.05,mg/L as P,EL0319B0051
E3S81071545,EL0319B0055,3/14/2019 12:00,Pheophytin a,3.87,0.5,µg/L,EL0319B0051
E3S81071545,EL0319B0055,3/14/2019 12:00,Total Phosphorus,0.16,0.01,mg/L as P,EL0319B0051
E3S81071545,EL0319B0055,3/14/2019 12:00,Total Kjeldahl Nitrogen,0.7,0.1,mg/L as N,EL0319B0051
E3S81051561,EL0319B0052,3/14/2019 12:15,Chlorophyll a,3.07,0.5,µg/L,0
E3S81051561,EL0319B0052,3/14/2019 12:15,Dissolved Nitrate + Nitrite,0.28,0.05,mg/L as N,0
E3S81051561,EL0319B0052,3/14/2019 12:15,Dissolved Organic Carbon,5.8,0.5,mg/L as C,0
E3S81051561,EL0319B0052,3/14/2019 12:15,Total Organic Carbon,5.6,0.5,mg/L as C,0
E3S81051561,EL0319B0052,3/14/2019 12:15,Dissolved Ortho-phosphate,0.066,0.05,mg/L as P,0
E3S81051561,EL0319B0052,3/14/2019 12:15,Pheophytin a,3.59,0.5,µg/L,0
E3S81051561,EL0319B0052,3/14/2019 12:15,Total Phosphorus,0.154,0.01,mg/L as P,0
E3S81051561,EL0319B0052,3/14/2019 12:15,Total Kjeldahl Nitrogen,0.7,0.1,mg/L as N,0
E3S81051561,EL0319B0052,3/14/2019 12:15,Field Specific Conductance,1186,1,uS/cm@25degC,0
E3S81041559,EL0319B0053,3/14/2019 12:45,Chlorophyll a,1.75,0.5,µg/L,0
E3S81041559,EL0319B0053,3/14/2019 12:45,Dissolved Nitrate + Nitrite,0.253,0.05,mg/L as N,0
E3S81041559,EL0319B0053,3/14/2019 12:45,Dissolved Organic Carbon,5.2,0.5,mg/L as C,0
E3S81041559,EL0319B0053,3/14/2019 12:45,Total Organic Carbon,5,0.5,mg/L as C,0
E3S81041559,EL0319B0053,3/14/2019 12:45,Dissolved Ortho-phosphate,0.114,0.05,mg/L as P,0
E3S81041559,EL0319B0053,3/14/2019 12:45,Pheophytin a,1.48,0.5,µg/L,0
E3S81041559,EL0319B0053,3/14/2019 12:45,Total Phosphorus,0.17,0.01,mg/L as P,0
E3S81041559,EL0319B0053,3/14/2019 12:45,Total Kjeldahl Nitrogen,0.6,0.1,mg/L as N,0
E3S81041559,EL0319B0053,3/14/2019 12:45,Field Specific Conductance,868,1,uS/cm@25degC,0
B9S80221524,EL0319B0057,3/14/2019 13:22,Chlorophyll a,0.65,0.5,µg/L,0
B9S80221524,EL0319B0057,3/14/2019 13:22,Dissolved Nitrate + Nitrite,0.35,0.05,mg/L as N,0
B9S80221524,EL0319B0057,3/14/2019 13:22,Dissolved Organic Carbon,4.2,0.5,mg/L as C,0
B9S80221524,EL0319B0057,3/14/2019 13:22,Total Organic Carbon,4.2,0.5,mg/L as C,0
B9S80221524,EL0319B0057,3/14/2019 13:22,Dissolved Ortho-phosphate,0.087,0.05,mg/L as P,0
B9S80221524,EL0319B0057,3/14/2019 13:22,Pheophytin a,0.54,0.5,µg/L,0
B9S80221524,EL0319B0057,3/14/2019 13:22,Total Phosphorus,0.09,0.01,mg/L as P,0
B9S80221524,EL0319B0057,3/14/2019 13:22,Total Kjeldahl Nitrogen,0.4,0.1,mg/L as N,0
B9S80221524,EL0319B0057,3/14/2019 13:22,Field Specific Conductance,263.7,1,uS/cm@25degC,0
E3S81041558,EL0319B0054,3/14/2019 13:30,Chlorophyll a,3.95,0.5,µg/L,0
E3S81041558,EL0319B0054,3/14/2019 13:30,Dissolved Nitrate + Nitrite,0.28,0.05,mg/L as N,0
E3S81041558,EL0319B0054,3/14/2019 13:30,Dissolved Organic Carbon,5.7,0.5,mg/L as C,0
E3S81041558,EL0319B0054,3/14/2019 13:30,Total Organic Carbon,5.7,0.5,mg/L as C,0
E3S81041558,EL0319B0054,3/14/2019 13:30,Dissolved Ortho-phosphate,0.067,0.05,mg/L as P,0
E3S81041558,EL0319B0054,3/14/2019 13:30,Pheophytin a,2.38,0.5,µg/L,0
E3S81041558,EL0319B0054,3/14/2019 13:30,Total Phosphorus,0.14,0.01,mg/L as P,0
E3S81041558,EL0319B0054,3/14/2019 13:30,Total Kjeldahl Nitrogen,0.7,0.1,mg/L as N,0
E3S81041558,EL0319B0054,3/14/2019 13:30,Field Specific Conductance,1615,1,uS/cm@25degC,0
E3S811101553,EL0319B0048,3/14/2019 15:05,Chlorophyll a,5.36,0.5,µg/L,0
E3S811101553,EL0319B0048,3/14/2019 15:05,Dissolved Nitrate + Nitrite,0.41,0.05,mg/L as N,0
E3S811101553,EL0319B0048,3/14/2019 15:05,Dissolved Organic Carbon,15.8,0.5,mg/L as C,0
E3S811101553,EL0319B0048,3/14/2019 15:05,Total Organic Carbon,15.8,0.5,mg/L as C,0
E3S811101553,EL0319B0048,3/14/2019 15:05,Dissolved Ortho-phosphate,0.053,0.05,mg/L as P,0
E3S811101553,EL0319B0048,3/14/2019 15:05,Pheophytin a,3.98,0.5,µg/L,0
E3S811101553,EL0319B0048,3/14/2019 15:05,Total Phosphorus,0.23,0.01,mg/L as P,0
E3S811101553,EL0319B0048,3/14/2019 15:05,Total Kjeldahl Nitrogen,1.4,0.1,mg/L as N,0
E3S811101553,EL0319B0048,3/14/2019 15:05,Field Specific Conductance,2342,1,uS/cm@25degC,0
E3S81191549,EL0319B0046,3/14/2019 15:45,Chlorophyll a,3,0.5,µg/L,0
E3S81191549,EL0319B0046,3/14/2019 15:45,Dissolved Nitrate + Nitrite,0.24,0.05,mg/L as N,0
E3S81191549,EL0319B0046,3/14/2019 15:45,Dissolved Organic Carbon,14.4,0.5,mg/L as C,0
E3S81191549,EL0319B0046,3/14/2019 15:45,Total Organic Carbon,14.5,0.5,mg/L as C,0
E3S81191549,EL0319B0046,3/14/2019 15:45,Dissolved Ortho-phosphate,0.073,0.05,mg/L as P,0
E3S81191549,EL0319B0046,3/14/2019 15:45,Pheophytin a,3.13,0.5,µg/L,0
E3S81191549,EL0319B0046,3/14/2019 15:45,Total Phosphorus,0.23,0.01,mg/L as P,0
E3S81191549,EL0319B0046,3/14/2019 15:45,Total Kjeldahl Nitrogen,1.4,0.1,mg/L as N,0
E3S81191549,EL0319B0046,3/14/2019 15:45,Field Specific Conductance,2095,1,uS/cm@25degC,0
E3S811101550,EL0319B0047,3/14/2019 15:45,Chlorophyll a,4.44,0.5,µg/L,0
E3S811101550,EL0319B0047,3/14/2019 15:45,Dissolved Nitrate + Nitrite,0.315,0.05,mg/L as N,0
E3S811101550,EL0319B0047,3/14/2019 15:45,Total Organic Carbon,14.4,0.5,mg/L as C,0
E3S811101550,EL0319B0047,3/14/2019 15:45,Dissolved Organic Carbon,14.3,0.5,mg/L as C,0
E3S811101550,EL0319B0047,3/14/2019 15:45,Dissolved Ortho-phosphate,0.086,0.05,mg/L as P,0
E3S811101550,EL0319B0047,3/14/2019 15:45,Pheophytin a,4.42,0.5,µg/L,0
E3S811101550,EL0319B0047,3/14/2019 15:45,Total Phosphorus,0.24,0.01,mg/L as P,0
E3S811101550,EL0319B0047,3/14/2019 15:45,Total Phosphorus,0.245,0.01,mg/L as P,0
E3S811101550,EL0319B0047,3/14/2019 15:45,Total Kjeldahl Nitrogen,1.4,0.1,mg/L as N,0
E3S811101550,EL0319B0047,3/14/2019 15:45,Total Kjeldahl Nitrogen,1.4,0.1,mg/L as N,0
E3S811101550,EL0319B0047,3/14/2019 15:45,Field Specific Conductance,1899,1,uS/cm@25degC,0
E3S811920110,EL0319B0043,3/15/2019 9:05,Chlorophyll a,7.16,0.5,µg/L,0
E3S811920110,EL0319B0043,3/15/2019 9:05,Dissolved Nitrate + Nitrite,0.52,0.05,mg/L as N,0
E3S811920110,EL0319B0043,3/15/2019 9:05,Dissolved Organic Carbon,5.8,0.5,mg/L as C,0
E3S811920110,EL0319B0043,3/15/2019 9:05,Total Organic Carbon,5.8,0.5,mg/L as C,0
E3S811920110,EL0319B0043,3/15/2019 9:05,Dissolved Ortho-phosphate,0.146,0.05,mg/L as P,0
E3S811920110,EL0319B0043,3/15/2019 9:05,Pheophytin a,2.27,0.5,µg/L,0
E3S811920110,EL0319B0043,3/15/2019 9:05,Total Phosphorus,0.23,0.01,mg/L as P,0
E3S811920110,EL0319B0043,3/15/2019 9:05,Total Kjeldahl Nitrogen,0.7,0.1,mg/L as N,0
E3S811920110,EL0319B0043,3/15/2019 9:05,Field Specific Conductance,1185,1,uS/cm@25degC,0
E3S811720110,EL0319B0045,3/15/2019 9:05,Chlorophyll a,1.7,0.5,µg/L,0
E3S811720110,EL0319B0045,3/15/2019 9:05,Dissolved Nitrate + Nitrite,0.33,0.05,mg/L as N,0
E3S811720110,EL0319B0045,3/15/2019 9:05,Dissolved Organic Carbon,4.9,0.5,mg/L as C,0
E3S811720110,EL0319B0045,3/15/2019 9:05,Total Organic Carbon,4.9,0.5,mg/L as C,0
E3S811720110,EL0319B0045,3/15/2019 9:05,Dissolved Ortho-phosphate,0.096,0.05,mg/L as P,0
E3S811720110,EL0319B0045,3/15/2019 9:05,Pheophytin a,1.73,0.5,µg/L,0
E3S811720110,EL0319B0045,3/15/2019 9:05,Total Phosphorus,0.154,0.01,mg/L as P,0
E3S811720110,EL0319B0045,3/15/2019 9:05,Total Kjeldahl Nitrogen,0.6,0.1,mg/L as N,0
E3S811720110,EL0319B0045,3/15/2019 9:05,Field Specific Conductance,834,1,uS/cm@25degC,0
E3S81182017,EL0319B0044,3/15/2019 10:45,Chlorophyll a,2.54,0.5,µg/L,0
E3S81182017,EL0319B0044,3/15/2019 10:45,Dissolved Nitrate + Nitrite,0.442,0.05,mg/L as N,0
E3S81182017,EL0319B0044,3/15/2019 10:45,Dissolved Organic Carbon,5.7,0.5,mg/L as C,0
E3S81182017,EL0319B0044,3/15/2019 10:45,Total Organic Carbon,5.7,0.5,mg/L as C,0
E3S81182017,EL0319B0044,3/15/2019 10:45,Dissolved Ortho-phosphate,0.126,0.05,mg/L as P,0
E3S81182017,EL0319B0044,3/15/2019 10:45,Pheophytin a,2.07,0.5,µg/L,0
E3S81182017,EL0319B0044,3/15/2019 10:45,Total Phosphorus,0.2,0.01,mg/L as P,0
E3S81182017,EL0319B0044,3/15/2019 10:45,Total Kjeldahl Nitrogen,0.7,0.1,mg/L as N,0
E3S81182017,EL0319B0044,3/15/2019 10:45,Field Specific Conductance,1318,1,uS/cm@25degC,0
Blank; Equipment (ID:47718,EL0319B0067,3/15/2019 12:00,Chlorophyll a,< R.L.,0.5,µg/L,0
Blank; Equipment (ID:47718,EL0319B0067,3/15/2019 12:00,Dissolved Nitrate + Nitrite,< R.L.,0.05,mg/L as N,0
Blank; Equipment (ID:47718,EL0319B0067,3/15/2019 12:00,Dissolved Organic Carbon,< R.L.,0.5,mg/L as C,0
Blank; Equipment (ID:47718,EL0319B0067,3/15/2019 12:00,Total Organic Carbon,< R.L.,0.5,mg/L as C,0
Blank; Equipment (ID:47718,EL0319B0067,3/15/2019 12:00,Dissolved Ortho-phosphate,< R.L.,0.05,mg/L as P,0
Blank; Equipment (ID:47718,EL0319B0067,3/15/2019 12:00,Pheophytin a,< R.L.,0.5,µg/L,0
Blank; Equipment (ID:47718,EL0319B0067,3/15/2019 12:00,Total Phosphorus,< R.L.,0.01,mg/L as P,0
Blank; Equipment (ID:47718,EL0319B0067,3/15/2019 12:00,Total Kjeldahl Nitrogen,< R.L.,0.1,mg/L as N,0
E3S81071545,EL0319B0076,3/19/2019 1:00,Chlorophyll a,2.33,0.5,µg/L,0
E3S81071545,EL0319B0076,3/19/2019 1:00,Dissolved Nitrate + Nitrite,0.27,0.05,mg/L as N,0
E3S81071545,EL0319B0076,3/19/2019 1:00,Dissolved Organic Carbon,3.9,0.5,mg/L as C,0
E3S81071545,EL0319B0076,3/19/2019 1:00,Total Organic Carbon,3.9,0.5,mg/L as C,0
E3S81071545,EL0319B0076,3/19/2019 1:00,Dissolved Ortho-phosphate,0.064,0.05,mg/L as P,0
E3S81071545,EL0319B0076,3/19/2019 1:00,Pheophytin a,3.65,0.5,µg/L,0
E3S81071545,EL0319B0076,3/19/2019 1:00,Total Phosphorus,0.125,0.01,mg/L as P,0
E3S81071545,EL0319B0076,3/19/2019 1:00,Total Kjeldahl Nitrogen,0.5,0.1,mg/L as N,0
E3S81071545,EL0319B0076,3/19/2019 1:00,Field Specific Conductance,731,1,uS/cm@25degC,0
E3S81051561,EL0319B0077,3/19/2019 9:30,Chlorophyll a,1.72,0.5,µg/L,0
E3S81051561,EL0319B0077,3/19/2019 9:30,Dissolved Nitrate + Nitrite,0.28,0.05,mg/L as N,0
E3S81051561,EL0319B0077,3/19/2019 9:30,Dissolved Organic Carbon,4.4,0.5,mg/L as C,0
E3S81051561,EL0319B0077,3/19/2019 9:30,Total Organic Carbon,4.4,0.5,mg/L as C,0
E3S81051561,EL0319B0077,3/19/2019 9:30,Dissolved Ortho-phosphate,0.071,0.05,mg/L as P,0
E3S81051561,EL0319B0077,3/19/2019 9:30,Pheophytin a,2.33,0.5,µg/L,0
E3S81051561,EL0319B0077,3/19/2019 9:30,Total Phosphorus,0.15,0.01,mg/L as P,0
E3S81051561,EL0319B0077,3/19/2019 9:30,Total Kjeldahl Nitrogen,0.5,0.1,mg/L as N,0
E3S81051561,EL0319B0077,3/19/2019 9:30,Field Specific Conductance,604,1,uS/cm@25degC,0
E3S81041559,EL0319B0078,3/19/2019 9:40,Chlorophyll a,1.62,0.5,µg/L,0
E3S81041559,EL0319B0078,3/19/2019 9:40,Dissolved Nitrate + Nitrite,0.28,0.05,mg/L as N,0
E3S81041559,EL0319B0078,3/19/2019 9:40,Dissolved Organic Carbon,4.2,0.5,mg/L as C,0
E3S81041559,EL0319B0078,3/19/2019 9:40,Total Organic Carbon,4.2,0.5,mg/L as C,0
E3S81041559,EL0319B0078,3/19/2019 9:40,Dissolved Ortho-phosphate,0.07,0.05,mg/L as P,0
E3S81041559,EL0319B0078,3/19/2019 9:40,Pheophytin a,1.15,0.5,µg/L,0
E3S81041559,EL0319B0078,3/19/2019 9:40,Total Phosphorus,0.15,0.01,mg/L as P,0
E3S81041559,EL0319B0078,3/19/2019 9:40,Total Kjeldahl Nitrogen,0.5,0.1,mg/L as N,0
E3S81041559,EL0319B0078,3/19/2019 9:40,Field Specific Conductance,677,1,uS/cm@25degC,0
E3S81041559,EL0319B0080,3/19/2019 9:40,Chlorophyll a,1.5,0.5,µg/L,EL0319B0078
E3S81041559,EL0319B0080,3/19/2019 9:40,Dissolved Nitrate + Nitrite,0.28,0.05,mg/L as N,EL0319B0078
E3S81041559,EL0319B0080,3/19/2019 9:40,Dissolved Organic Carbon,4.2,0.5,mg/L as C,EL0319B0078
E3S81041559,EL0319B0080,3/19/2019 9:40,Total Organic Carbon,4.1,0.5,mg/L as C,EL0319B0078
E3S81041559,EL0319B0080,3/19/2019 9:40,Dissolved Ortho-phosphate,0.07,0.05,mg/L as P,EL0319B0078
E3S81041559,EL0319B0080,3/19/2019 9:40,Pheophytin a,1.57,0.5,µg/L,EL0319B0078
E3S81041559,EL0319B0080,3/19/2019 9:40,Total Phosphorus,0.07,0.01,mg/L as P,EL0319B0078
E3S81041559,EL0319B0080,3/19/2019 9:40,Total Kjeldahl Nitrogen,0.7,0.1,mg/L as N,EL0319B0078
E3S80192066,EL0319B0090,3/19/2019 10:36,Chlorophyll a,2.14,0.5,µg/L,0
E3S80192066,EL0319B0090,3/19/2019 10:36,Dissolved Nitrate + Nitrite,0.37,0.05,mg/L as N,0
E3S80192066,EL0319B0090,3/19/2019 10:36,Dissolved Organic Carbon,3,0.5,mg/L as C,0
E3S80192066,EL0319B0090,3/19/2019 10:36,Total Organic Carbon,3,0.5,mg/L as C,0
E3S80192066,EL0319B0090,3/19/2019 10:36,Dissolved Ortho-phosphate,0.077,0.05,mg/L as P,0
E3S80192066,EL0319B0090,3/19/2019 10:36,Pheophytin a,1.11,0.5,µg/L,0
E3S80192066,EL0319B0090,3/19/2019 10:36,Total Phosphorus,0.14,0.01,mg/L as P,0
E3S80192066,EL0319B0090,3/19/2019 10:36,Total Kjeldahl Nitrogen,0.5,0.1,mg/L as N,0
E3S80192066,EL0319B0090,3/19/2019 10:36,Field Specific Conductance,371,1,uS/cm@25degC,0
E3S81041558,EL0319B0079,3/19/2019 10:45,Chlorophyll a,1.95,0.5,µg/L,0
E3S81041558,EL0319B0079,3/19/2019 10:45,Dissolved Nitrate + Nitrite,0.28,0.05,mg/L as N,0
E3S81041558,EL0319B0079,3/19/2019 10:45,Dissolved Organic Carbon,4.5,0.5,mg/L as C,0
E3S81041558,EL0319B0079,3/19/2019 10:45,Dissolved Organic Carbon,4.6,0.5,mg/L as C,0
E3S81041558,EL0319B0079,3/19/2019 10:45,Total Organic Carbon,4.4,0.5,mg/L as C,0
E3S81041558,EL0319B0079,3/19/2019 10:45,Total Organic Carbon,4.4,0.5,mg/L as C,0
E3S81041558,EL0319B0079,3/19/2019 10:45,Dissolved Ortho-phosphate,0.069,0.05,mg/L as P,0
E3S81041558,EL0319B0079,3/19/2019 10:45,Pheophytin a,1.08,0.5,µg/L,0
E3S81041558,EL0319B0079,3/19/2019 10:45,Total Phosphorus,0.17,0.01,mg/L as P,0
E3S81041558,EL0319B0079,3/19/2019 10:45,Total Kjeldahl Nitrogen,0.626,0.1,mg/L as N,0
E3S81041558,EL0319B0079,3/19/2019 10:45,Field Specific Conductance,704,1,uS/cm@25degC,0
E3S81191549,EL0319B0071,3/19/2019 11:10,Chlorophyll a,6.12,0.5,µg/L,0
E3S81191549,EL0319B0071,3/19/2019 11:10,Dissolved Nitrate + Nitrite,0.36,0.05,mg/L as N,0
E3S81191549,EL0319B0071,3/19/2019 11:10,Dissolved Organic Carbon,9.2,0.5,mg/L as C,0
E3S81191549,EL0319B0071,3/19/2019 11:10,Total Organic Carbon,9.3,0.5,mg/L as C,0
E3S81191549,EL0319B0071,3/19/2019 11:10,Dissolved Ortho-phosphate,0.062,0.05,mg/L as P,0
E3S81191549,EL0319B0071,3/19/2019 11:10,Pheophytin a,1.7,0.5,µg/L,0
E3S81191549,EL0319B0071,3/19/2019 11:10,Total Phosphorus,0.19,0.01,mg/L as P,0
E3S81191549,EL0319B0071,3/19/2019 11:10,Total Kjeldahl Nitrogen,1,0.1,mg/L as N,0
E3S81191549,EL0319B0071,3/19/2019 11:10,Field Specific Conductance,1530,1,uS/cm@25degC,0
E3S811101550,EL0319B0072,3/19/2019 11:20,Chlorophyll a,4.71,0.5,µg/L,0
E3S811101550,EL0319B0072,3/19/2019 11:20,Dissolved Nitrate + Nitrite,0.35,0.05,mg/L as N,0
E3S811101550,EL0319B0072,3/19/2019 11:20,Dissolved Organic Carbon,8.4,0.5,mg/L as C,0
E3S811101550,EL0319B0072,3/19/2019 11:20,Total Organic Carbon,8.4,0.5,mg/L as C,0
E3S811101550,EL0319B0072,3/19/2019 11:20,Dissolved Ortho-phosphate,0.069,0.05,mg/L as P,0
E3S811101550,EL0319B0072,3/19/2019 11:20,Pheophytin a,1.75,0.5,µg/L,0
E3S811101550,EL0319B0072,3/19/2019 11:20,Total Phosphorus,0.26,0.01,mg/L as P,0
E3S811101550,EL0319B0072,3/19/2019 11:20,Total Kjeldahl Nitrogen,1,0.1,mg/L as N,0
E3S811101550,EL0319B0072,3/19/2019 11:20,Field Specific Conductance,1487,1,uS/cm@25degC,0
E3S80192049,EL0319B0088,3/19/2019 11:30,Chlorophyll a,2.79,0.5,µg/L,0
E3S80192049,EL0319B0088,3/19/2019 11:30,Dissolved Nitrate + Nitrite,0.37,0.05,mg/L as N,0
E3S80192049,EL0319B0088,3/19/2019 11:30,Dissolved Organic Carbon,3,0.5,mg/L as C,0
E3S80192049,EL0319B0088,3/19/2019 11:30,Dissolved Organic Carbon,3,0.5,mg/L as C,0
E3S80192049,EL0319B0088,3/19/2019 11:30,Total Organic Carbon,3,0.5,mg/L as C,0
E3S80192049,EL0319B0088,3/19/2019 11:30,Total Organic Carbon,3,0.5,mg/L as C,0
E3S80192049,EL0319B0088,3/19/2019 11:30,Dissolved Ortho-phosphate,0.073,0.05,mg/L as P,0
E3S80192049,EL0319B0088,3/19/2019 11:30,Pheophytin a,1.1,0.5,µg/L,0
E3S80192049,EL0319B0088,3/19/2019 11:30,Total Phosphorus,0.111,0.01,mg/L as P,0
E3S80192049,EL0319B0088,3/19/2019 11:30,Total Kjeldahl Nitrogen,0.435,0.1,mg/L as N,0
E3S80192049,EL0319B0088,3/19/2019 11:30,Field Specific Conductance,250,1,uS/cm@25degC,0
E3S80212052,EL0319B0089,3/19/2019 11:43,Chlorophyll a,2.05,0.5,µg/L,0
E3S80212052,EL0319B0089,3/19/2019 11:43,Dissolved Nitrate + Nitrite,0.36,0.05,mg/L as N,0
E3S80212052,EL0319B0089,3/19/2019 11:43,Dissolved Organic Carbon,2.9,0.5,mg/L as C,0
E3S80212052,EL0319B0089,3/19/2019 11:43,Total Organic Carbon,2.9,0.5,mg/L as C,0
E3S80212052,EL0319B0089,3/19/2019 11:43,Dissolved Ortho-phosphate,0.075,0.05,mg/L as P,0
E3S80212052,EL0319B0089,3/19/2019 11:43,Pheophytin a,< R.L.,0.5,µg/L,0
E3S80212052,EL0319B0089,3/19/2019 11:43,Total Phosphorus,0.12,0.01,mg/L as P,0
E3S80212052,EL0319B0089,3/19/2019 11:43,Total Kjeldahl Nitrogen,0.5,0.1,mg/L as N,0
E3S80212052,EL0319B0089,3/19/2019 11:43,Field Specific Conductance,332,1,uS/cm@25degC,0
E3S811101553,EL0319B0073,3/19/2019 11:55,Chlorophyll a,3.68,0.5,µg/L,0
E3S811101553,EL0319B0073,3/19/2019 11:55,Dissolved Nitrate + Nitrite,0.29,0.05,mg/L as N,0
E3S811101553,EL0319B0073,3/19/2019 11:55,Dissolved Organic Carbon,5.1,0.5,mg/L as C,0
E3S811101553,EL0319B0073,3/19/2019 11:55,Total Organic Carbon,5.1,0.5,mg/L as C,0
E3S811101553,EL0319B0073,3/19/2019 11:55,Dissolved Ortho-phosphate,0.067,0.05,mg/L as P,0
E3S811101553,EL0319B0073,3/19/2019 11:55,Pheophytin a,3.05,0.5,µg/L,0
E3S811101553,EL0319B0073,3/19/2019 11:55,Total Phosphorus,0.114,0.01,mg/L as P,0
E3S811101553,EL0319B0073,3/19/2019 11:55,Total Kjeldahl Nitrogen,0.5,0.1,mg/L as N,0
E3S811101553,EL0319B0073,3/19/2019 11:55,Field Specific Conductance,794,1,uS/cm@25degC,0
E3S81031544,EL0319B0074,3/19/2019 12:20,Chlorophyll a,1.92,0.5,µg/L,0
E3S81031544,EL0319B0074,3/19/2019 12:20,Dissolved Nitrate + Nitrite,0.28,0.05,mg/L as N,0
E3S81031544,EL0319B0074,3/19/2019 12:20,Dissolved Organic Carbon,4.3,0.5,mg/L as C,0
E3S81031544,EL0319B0074,3/19/2019 12:20,Total Organic Carbon,4.3,0.5,mg/L as C,0
E3S81031544,EL0319B0074,3/19/2019 12:20,Dissolved Ortho-phosphate,0.069,0.05,mg/L as P,0
E3S81031544,EL0319B0074,3/19/2019 12:20,Pheophytin a,3.12,0.5,µg/L,0
E3S81031544,EL0319B0074,3/19/2019 12:20,Total Phosphorus,0.1,0.01,mg/L as P,0
E3S81031544,EL0319B0074,3/19/2019 12:20,Total Kjeldahl Nitrogen,0.441,0.1,mg/L as N,0
E3S81031544,EL0319B0074,3/19/2019 12:20,Field Specific Conductance,703,1,uS/cm@25degC,0
E3S80462003,EL0319B0087,3/19/2019 12:20,Chlorophyll a,3.72,0.5,µg/L,0
E3S80462003,EL0319B0087,3/19/2019 12:20,Dissolved Nitrate + Nitrite,0.29,0.05,mg/L as N,0
E3S80462003,EL0319B0087,3/19/2019 12:20,Dissolved Organic Carbon,2.5,0.5,mg/L as C,0
E3S80462003,EL0319B0087,3/19/2019 12:20,Total Organic Carbon,2.5,0.5,mg/L as C,0
E3S80462003,EL0319B0087,3/19/2019 12:20,Dissolved Ortho-phosphate,0.064,0.05,mg/L as P,0
E3S80462003,EL0319B0087,3/19/2019 12:20,Pheophytin a,0.95,0.5,µg/L,0
E3S80462003,EL0319B0087,3/19/2019 12:20,Total Phosphorus,0.07,0.01,mg/L as P,0
E3S80462003,EL0319B0087,3/19/2019 12:20,Total Kjeldahl Nitrogen,0.3,0.1,mg/L as N,0
E3S80462003,EL0319B0087,3/19/2019 12:20,Field Specific Conductance,186,1,uS/cm@25degC,0
E3S81051544,EL0319B0075,3/19/2019 12:35,Chlorophyll a,1.41,0.5,µg/L,0
E3S81051544,EL0319B0075,3/19/2019 12:35,Dissolved Nitrate + Nitrite,0.28,0.05,mg/L as N,0
E3S81051544,EL0319B0075,3/19/2019 12:35,Dissolved Organic Carbon,4.3,0.5,mg/L as C,0
E3S81051544,EL0319B0075,3/19/2019 12:35,Total Organic Carbon,4.3,0.5,mg/L as C,0
E3S81051544,EL0319B0075,3/19/2019 12:35,Dissolved Ortho-phosphate,0.069,0.05,mg/L as P,0
E3S81051544,EL0319B0075,3/19/2019 12:35,Pheophytin a,3.2,0.5,µg/L,0
E3S81051544,EL0319B0075,3/19/2019 12:35,Total Phosphorus,0.217,0.01,mg/L as P,0
E3S81051544,EL0319B0075,3/19/2019 12:35,Total Kjeldahl Nitrogen,0.4,0.1,mg/L as N,0
E3S81051544,EL0319B0075,3/19/2019 12:35,Field Specific Conductance,716,1,uS/cm@25degC,0
E3S804102007,EL0319B0085,3/19/2019 12:58,Chlorophyll a,2.96,0.5,µg/L,0
E3S804102007,EL0319B0085,3/19/2019 12:58,Dissolved Nitrate + Nitrite,0.28,0.05,mg/L as N,0
E3S804102007,EL0319B0085,3/19/2019 12:58,Dissolved Organic Carbon,2.5,0.5,mg/L as C,0
E3S804102007,EL0319B0085,3/19/2019 12:58,Total Organic Carbon,2.5,0.5,mg/L as C,0
E3S804102007,EL0319B0085,3/19/2019 12:58,Dissolved Ortho-phosphate,0.074,0.05,mg/L as P,0
E3S804102007,EL0319B0085,3/19/2019 12:58,Pheophytin a,0.93,0.5,µg/L,0
E3S804102007,EL0319B0085,3/19/2019 12:58,Total Phosphorus,0.09,0.01,mg/L as P,0
E3S804102007,EL0319B0085,3/19/2019 12:58,Total Kjeldahl Nitrogen,0.3,0.1,mg/L as N,0
E3S804102007,EL0319B0085,3/19/2019 12:58,Field Specific Conductance,281,1,uS/cm@25degC,0
E3S80482010,EL0319B0084,3/19/2019 13:11,Chlorophyll a,2.67,0.5,µg/L,0
E3S80482010,EL0319B0084,3/19/2019 13:11,Dissolved Nitrate + Nitrite,0.29,0.05,mg/L as N,0
E3S80482010,EL0319B0084,3/19/2019 13:11,Dissolved Organic Carbon,2.6,0.5,mg/L as C,0
E3S80482010,EL0319B0084,3/19/2019 13:11,Total Organic Carbon,2.4,0.5,mg/L as C,0
E3S80482010,EL0319B0084,3/19/2019 13:11,Dissolved Ortho-phosphate,0.068,0.05,mg/L as P,0
E3S80482010,EL0319B0084,3/19/2019 13:11,Pheophytin a,0.51,0.5,µg/L,0
E3S80482010,EL0319B0084,3/19/2019 13:11,Total Phosphorus,0.1,0.01,mg/L as P,0
E3S80482010,EL0319B0084,3/19/2019 13:11,Total Kjeldahl Nitrogen,0.3,0.1,mg/L as N,0
E3S80482010,EL0319B0084,3/19/2019 13:11,Field Specific Conductance,206,1,uS/cm@25degC,0
E3S811920110,EL0319B0068,3/19/2019 13:45,Chlorophyll a,3.02,0.5,µg/L,0
E3S811920110,EL0319B0068,3/19/2019 13:45,Dissolved Nitrate + Nitrite,0.76,0.05,mg/L as N,0
E3S811920110,EL0319B0068,3/19/2019 13:45,Dissolved Organic Carbon,7.1,0.5,mg/L as C,0
E3S811920110,EL0319B0068,3/19/2019 13:45,Total Organic Carbon,7.1,0.5,mg/L as C,0
E3S811920110,EL0319B0068,3/19/2019 13:45,Dissolved Ortho-phosphate,0.133,0.05,mg/L as P,0
E3S811920110,EL0319B0068,3/19/2019 13:45,Pheophytin a,5.27,0.5,µg/L,0
E3S811920110,EL0319B0068,3/19/2019 13:45,Total Phosphorus,0.27,0.01,mg/L as P,0
E3S811920110,EL0319B0068,3/19/2019 13:45,Total Kjeldahl Nitrogen,1.1,0.1,mg/L as N,0
E3S811920110,EL0319B0068,3/19/2019 13:45,Field Specific Conductance,1423,1,uS/cm@25degC,0
E3S81182017,EL0319B0069,3/19/2019 13:57,Chlorophyll a,3.99,0.5,µg/L,0
E3S81182017,EL0319B0069,3/19/2019 13:57,Dissolved Nitrate + Nitrite,0.745,0.05,mg/L as N,0
E3S81182017,EL0319B0069,3/19/2019 13:57,Dissolved Organic Carbon,6.9,0.5,mg/L as C,0
E3S81182017,EL0319B0069,3/19/2019 13:57,Total Organic Carbon,6.9,0.5,mg/L as C,0
E3S81182017,EL0319B0069,3/19/2019 13:57,Dissolved Ortho-phosphate,0.139,0.05,mg/L as P,0
E3S81182017,EL0319B0069,3/19/2019 13:57,Pheophytin a,1.8,0.5,µg/L,0
E3S81182017,EL0319B0069,3/19/2019 13:57,Total Phosphorus,0.309,0.01,mg/L as P,0
E3S81182017,EL0319B0069,3/19/2019 13:57,Total Kjeldahl Nitrogen,1,0.1,mg/L as N,0
E3S81182017,EL0319B0069,3/19/2019 13:57,Field Specific Conductance,1405,1,uS/cm@25degC,0
B9S80241522,EL0319B0083,3/19/2019 13:57,Chlorophyll a,2.38,0.5,µg/L,0
B9S80241522,EL0319B0083,3/19/2019 13:57,Dissolved Nitrate + Nitrite,0.36,0.05,mg/L as N,0
B9S80241522,EL0319B0083,3/19/2019 13:57,Dissolved Organic Carbon,3.1,0.5,mg/L as C,0
B9S80241522,EL0319B0083,3/19/2019 13:57,Total Organic Carbon,2.9,0.5,mg/L as C,0
B9S80241522,EL0319B0083,3/19/2019 13:57,Dissolved Ortho-phosphate,0.068,0.05,mg/L as P,0
B9S80241522,EL0319B0083,3/19/2019 13:57,Pheophytin a,0.69,0.5,µg/L,0
B9S80241522,EL0319B0083,3/19/2019 13:57,Total Phosphorus,0.07,0.01,mg/L as P,0
B9S80241522,EL0319B0083,3/19/2019 13:57,Total Kjeldahl Nitrogen,0.4,0.1,mg/L as N,0
B9S80241522,EL0319B0083,3/19/2019 13:57,Field Specific Conductance,186,1,uS/cm@25degC,0
E3S811720110,EL0319B0070,3/19/2019 14:10,Chlorophyll a,3.4,0.5,µg/L,0
E3S811720110,EL0319B0070,3/19/2019 14:10,Dissolved Nitrate + Nitrite,0.8,0.05,mg/L as N,0
E3S811720110,EL0319B0070,3/19/2019 14:10,Dissolved Organic Carbon,7.5,0.5,mg/L as C,0
E3S811720110,EL0319B0070,3/19/2019 14:10,Dissolved Organic Carbon,7.5,0.5,mg/L as C,0
E3S811720110,EL0319B0070,3/19/2019 14:10,Total Organic Carbon,7.2,0.5,mg/L as C,0
E3S811720110,EL0319B0070,3/19/2019 14:10,Total Organic Carbon,7.3,0.5,mg/L as C,0
E3S811720110,EL0319B0070,3/19/2019 14:10,Dissolved Ortho-phosphate,0.169,0.05,mg/L as P,0
E3S811720110,EL0319B0070,3/19/2019 14:10,Pheophytin a,1.71,0.5,µg/L,0
E3S811720110,EL0319B0070,3/19/2019 14:10,Total Phosphorus,0.32,0.01,mg/L as P,0
E3S811720110,EL0319B0070,3/19/2019 14:10,Total Kjeldahl Nitrogen,1.03,0.1,mg/L as N,0
E3S811720110,EL0319B0070,3/19/2019 14:10,Field Specific Conductance,1445,1,uS/cm@25degC,0
B9S80221524,EL0319B0082,3/19/2019 15:56,Chlorophyll a,1.63,0.5,µg/L,0
B9S80221524,EL0319B0082,3/19/2019 15:56,Dissolved Nitrate + Nitrite,0.374,0.05,mg/L as N,0
B9S80221524,EL0319B0082,3/19/2019 15:56,Dissolved Organic Carbon,3.4,0.5,mg/L as C,0
B9S80221524,EL0319B0082,3/19/2019 15:56,Total Organic Carbon,3.4,0.5,mg/L as C,0
B9S80221524,EL0319B0082,3/19/2019 15:56,Dissolved Ortho-phosphate,0.069,0.05,mg/L as P,0
B9S80221524,EL0319B0082,3/19/2019 15:56,Pheophytin a,1.6,0.5,µg/L,0
B9S80221524,EL0319B0082,3/19/2019 15:56,Total Phosphorus,0.09,0.01,mg/L as P,0
B9S80221524,EL0319B0082,3/19/2019 15:56,Total Kjeldahl Nitrogen,0.4,0.1,mg/L as N,0
B9S80221524,EL0319B0082,3/19/2019 15:56,Field Specific Conductance,203,1,uS/cm@25degC,0
B9S80231523,EL0319B0081,3/19/2019 16:27,Chlorophyll a,1.05,0.5,µg/L,0
B9S80231523,EL0319B0081,3/19/2019 16:27,Dissolved Nitrate + Nitrite,0.36,0.05,mg/L as N,0
B9S80231523,EL0319B0081,3/19/2019 16:27,Dissolved Organic Carbon,3.6,0.5,mg/L as C,0
B9S80231523,EL0319B0081,3/19/2019 16:27,Total Organic Carbon,3.6,0.5,mg/L as C,0
B9S80231523,EL0319B0081,3/19/2019 16:27,Dissolved Ortho-phosphate,0.071,0.05,mg/L as P,0
B9S80231523,EL0319B0081,3/19/2019 16:27,Pheophytin a,0.54,0.5,µg/L,0
B9S80231523,EL0319B0081,3/19/2019 16:27,Total Phosphorus,0.08,0.01,mg/L as P,0
B9S80231523,EL0319B0081,3/19/2019 16:27,Total Kjeldahl Nitrogen,0.4,0.1,mg/L as N,0
B9S80231523,EL0319B0081,3/19/2019 16:27,Field Specific Conductance,220,1,uS/cm@25degC,0
E3S80462005,EL0319B0086,3/19/2019 16:38,Chlorophyll a,3.37,0.5,µg/L,0
E3S80462005,EL0319B0086,3/19/2019 16:38,Dissolved Nitrate + Nitrite,0.29,0.05,mg/L as N,0
E3S80462005,EL0319B0086,3/19/2019 16:38,Dissolved Organic Carbon,2.8,0.5,mg/L as C,0
E3S80462005,EL0319B0086,3/19/2019 16:38,Total Organic Carbon,2.4,0.5,mg/L as C,0
E3S80462005,EL0319B0086,3/19/2019 16:38,Dissolved Ortho-phosphate,0.064,0.05,mg/L as P,0
E3S80462005,EL0319B0086,3/19/2019 16:38,Pheophytin a,0.74,0.5,µg/L,0
E3S80462005,EL0319B0086,3/19/2019 16:38,Total Phosphorus,0.07,0.01,mg/L as P,0
E3S80462005,EL0319B0086,3/19/2019 16:38,Total Kjeldahl Nitrogen,0.2,0.1,mg/L as N,0
E3S80462005,EL0319B0086,3/19/2019 16:38,Field Specific Conductance,191,1,uS/cm@25degC,0
Blank; Equipment (ID:47718,EL0319B0092,3/19/2019 20:00,Chlorophyll a,< R.L.,0.5,µg/L,0
Blank; Equipment (ID:47718,EL0319B0092,3/19/2019 20:00,Dissolved Nitrate + Nitrite,< R.L.,0.05,mg/L as N,0
Blank; Equipment (ID:47718,EL0319B0092,3/19/2019 20:00,Dissolved Organic Carbon,< R.L.,0.5,mg/L as C,0
Blank; Equipment (ID:47718,EL0319B0092,3/19/2019 20:00,Total Organic Carbon,< R.L.,0.5,mg/L as C,0
Blank; Equipment (ID:47718,EL0319B0092,3/19/2019 20:00,Dissolved Ortho-phosphate,< R.L.,0.05,mg/L as P,0
Blank; Equipment (ID:47718,EL0319B0092,3/19/2019 20:00,Pheophytin a,< R.L.,0.5,µg/L,0
Blank; Equipment (ID:47718,EL0319B0092,3/19/2019 20:00,Total Phosphorus,< R.L.,0.01,mg/L as P,0
Blank; Equipment (ID:47718,EL0319B0092,3/19/2019 20:00,Total Kjeldahl Nitrogen,< R.L.,0.1,mg/L as N,0
E3S81071545,EL0319B0126,3/26/2019 8:48,Chlorophyll a,2.05,0.5,µg/L,0
E3S81071545,EL0319B0126,3/26/2019 8:48,Dissolved Nitrate + Nitrite,0.27,0.05,mg/L as N,0
E3S81071545,EL0319B0126,3/26/2019 8:48,Dissolved Organic Carbon,4.3,0.5,mg/L as C,0
E3S81071545,EL0319B0126,3/26/2019 8:48,Total Organic Carbon,4.1,0.5,mg/L as C,0
E3S81071545,EL0319B0126,3/26/2019 8:48,Dissolved Ortho-phosphate,0.063,0.05,mg/L as P,0
E3S81071545,EL0319B0126,3/26/2019 8:48,Pheophytin a,2.57,0.5,µg/L,0
E3S81071545,EL0319B0126,3/26/2019 8:48,Total Phosphorus,0.109,0.01,mg/L as P,0
E3S81071545,EL0319B0126,3/26/2019 8:48,Total Kjeldahl Nitrogen,0.5,0.1,mg/L as N,0
E3S81071545,EL0319B0126,3/26/2019 8:48,Field Specific Conductance,717,1,uS/cm@25degC,0
E3S81031544,EL0319B0124,3/26/2019 9:40,Chlorophyll a,3.85,0.5,µg/L,0
E3S81031544,EL0319B0124,3/26/2019 9:40,Dissolved Nitrate + Nitrite,0.23,0.05,mg/L as N,0
E3S81031544,EL0319B0124,3/26/2019 9:40,Dissolved Organic Carbon,5.8,0.5,mg/L as C,0
E3S81031544,EL0319B0124,3/26/2019 9:40,Total Organic Carbon,5.1,0.5,mg/L as C,0
E3S81031544,EL0319B0124,3/26/2019 9:40,Dissolved Ortho-phosphate,0.07,0.05,mg/L as P,0
E3S81031544,EL0319B0124,3/26/2019 9:40,Pheophytin a,2.64,0.5,µg/L,0
E3S81031544,EL0319B0124,3/26/2019 9:40,Total Phosphorus,0.13,0.01,mg/L as P,0
E3S81031544,EL0319B0124,3/26/2019 9:40,Total Kjeldahl Nitrogen,0.6,0.1,mg/L as N,0
E3S81031544,EL0319B0124,3/26/2019 9:40,Field Specific Conductance,819,1,uS/cm@25degC,0
E3S81051544,EL0319B0125,3/26/2019 10:23,Chlorophyll a,3.17,0.5,µg/L,0
E3S81051544,EL0319B0125,3/26/2019 10:23,Dissolved Nitrate + Nitrite,0.246,0.05,mg/L as N,0
E3S81051544,EL0319B0125,3/26/2019 10:23,Dissolved Organic Carbon,5.5,0.5,mg/L as C,0
E3S81051544,EL0319B0125,3/26/2019 10:23,Total Organic Carbon,4.9,0.5,mg/L as C,0
E3S81051544,EL0319B0125,3/26/2019 10:23,Dissolved Ortho-phosphate,0.068,0.05,mg/L as P,0
E3S81051544,EL0319B0125,3/26/2019 10:23,Pheophytin a,2.44,0.5,µg/L,0
E3S81051544,EL0319B0125,3/26/2019 10:23,Total Phosphorus,0.13,0.01,mg/L as P,0
E3S81051544,EL0319B0125,3/26/2019 10:23,Total Kjeldahl Nitrogen,0.6,0.1,mg/L as N,0
E3S81051544,EL0319B0125,3/26/2019 10:23,Field Specific Conductance,800,1,uS/cm@25degC,0
E3S81191549,EL0319B0121,3/26/2019 11:40,Chlorophyll a,5.86,0.5,µg/L,0
E3S81191549,EL0319B0121,3/26/2019 11:40,Dissolved Nitrate + Nitrite,0.35,0.05,mg/L as N,0
E3S81191549,EL0319B0121,3/26/2019 11:40,Dissolved Organic Carbon,10.7,0.5,mg/L as C,0
E3S81191549,EL0319B0121,3/26/2019 11:40,Total Organic Carbon,9.7,0.5,mg/L as C,0
E3S81191549,EL0319B0121,3/26/2019 11:40,Dissolved Ortho-phosphate,0.065,0.05,mg/L as P,0
E3S81191549,EL0319B0121,3/26/2019 11:40,Pheophytin a,1.59,0.5,µg/L,0
E3S81191549,EL0319B0121,3/26/2019 11:40,Total Phosphorus,0.23,0.01,mg/L as P,0
E3S81191549,EL0319B0121,3/26/2019 11:40,Total Kjeldahl Nitrogen,1.03,0.1,mg/L as N,0
E3S81191549,EL0319B0121,3/26/2019 11:40,Field Specific Conductance,1864,1,uS/cm@25degC,0
E3S811101550,EL0319B0122,3/26/2019 12:15,Chlorophyll a,4.97,0.5,µg/L,0
E3S811101550,EL0319B0122,3/26/2019 12:15,Dissolved Nitrate + Nitrite,0.34,0.05,mg/L as N,0
E3S811101550,EL0319B0122,3/26/2019 12:15,Total Organic Carbon,10.2,0.5,mg/L as C,0
E3S811101550,EL0319B0122,3/26/2019 12:15,Dissolved Organic Carbon,11.6,0.5,mg/L as C,0
E3S811101550,EL0319B0122,3/26/2019 12:15,Dissolved Ortho-phosphate,0.063,0.05,mg/L as P,0
E3S811101550,EL0319B0122,3/26/2019 12:15,Pheophytin a,9.81,0.5,µg/L,0
E3S811101550,EL0319B0122,3/26/2019 12:15,Total Phosphorus,0.41,0.01,mg/L as P,0
E3S811101550,EL0319B0122,3/26/2019 12:15,Total Phosphorus,0.42,0.01,mg/L as P,0
E3S811101550,EL0319B0122,3/26/2019 12:15,Total Kjeldahl Nitrogen,1.54,0.1,mg/L as N,0
E3S811101550,EL0319B0122,3/26/2019 12:15,Total Kjeldahl Nitrogen,1.55,0.1,mg/L as N,0
E3S811101550,EL0319B0122,3/26/2019 12:15,Field Specific Conductance,2311,1,uS/cm@25degC,0
E3S811101553,EL0319B0123,3/26/2019 13:00,Chlorophyll a,6.17,0.5,µg/L,0
E3S811101553,EL0319B0123,3/26/2019 13:00,Dissolved Nitrate + Nitrite,0.4,0.05,mg/L as N,0
E3S811101553,EL0319B0123,3/26/2019 13:00,Dissolved Organic Carbon,10.9,0.5,mg/L as C,0
E3S811101553,EL0319B0123,3/26/2019 13:00,Total Organic Carbon,10,0.5,mg/L as C,0
E3S811101553,EL0319B0123,3/26/2019 13:00,Dissolved Ortho-phosphate,0.056,0.05,mg/L as P,0
E3S811101553,EL0319B0123,3/26/2019 13:00,Pheophytin a,3.56,0.5,µg/L,0
E3S811101553,EL0319B0123,3/26/2019 13:00,Total Phosphorus,0.2,0.01,mg/L as P,0
E3S811101553,EL0319B0123,3/26/2019 13:00,Total Kjeldahl Nitrogen,1.05,0.1,mg/L as N,0
E3S811101553,EL0319B0123,3/26/2019 13:00,Field Specific Conductance,1918,1,uS/cm@25degC,0
E3S811101553,EL0319B0130,3/26/2019 13:05,Chlorophyll a,15.43,0.5,µg/L,EL0319B0123
E3S811101553,EL0319B0130,3/26/2019 13:05,Dissolved Nitrate + Nitrite,0.23,0.05,mg/L as N,EL0319B0123
E3S811101553,EL0319B0130,3/26/2019 13:05,Dissolved Organic Carbon,6.3,0.5,mg/L as C,EL0319B0123
E3S811101553,EL0319B0130,3/26/2019 13:05,Total Organic Carbon,5.6,0.5,mg/L as C,EL0319B0123
E3S811101553,EL0319B0130,3/26/2019 13:05,Dissolved Ortho-phosphate,0.051,0.05,mg/L as P,EL0319B0123
E3S811101553,EL0319B0130,3/26/2019 13:05,Pheophytin a,3.07,0.5,µg/L,EL0319B0123
E3S811101553,EL0319B0130,3/26/2019 13:05,Total Phosphorus,0.14,0.01,mg/L as P,EL0319B0123
E3S811101553,EL0319B0130,3/26/2019 13:05,Total Kjeldahl Nitrogen,0.7,0.1,mg/L as N,EL0319B0123
E3S81041558,EL0319B0129,3/26/2019 13:30,Chlorophyll a,15.76,0.5,µg/L,0
E3S81041558,EL0319B0129,3/26/2019 13:30,Dissolved Nitrate + Nitrite,0.23,0.05,mg/L as N,0
E3S81041558,EL0319B0129,3/26/2019 13:30,Dissolved Organic Carbon,6,0.5,mg/L as C,0
E3S81041558,EL0319B0129,3/26/2019 13:30,Dissolved Organic Carbon,5.9,0.5,mg/L as C,0
E3S81041558,EL0319B0129,3/26/2019 13:30,Total Organic Carbon,5.5,0.5,mg/L as C,0
E3S81041558,EL0319B0129,3/26/2019 13:30,Total Organic Carbon,5.5,0.5,mg/L as C,0
E3S81041558,EL0319B0129,3/26/2019 13:30,Dissolved Ortho-phosphate,0.053,0.05,mg/L as P,0
E3S81041558,EL0319B0129,3/26/2019 13:30,Pheophytin a,3.55,0.5,µg/L,0
E3S81041558,EL0319B0129,3/26/2019 13:30,Total Phosphorus,0.14,0.01,mg/L as P,0
E3S81041558,EL0319B0129,3/26/2019 13:30,Total Kjeldahl Nitrogen,0.7,0.1,mg/L as N,0
E3S81041558,EL0319B0129,3/26/2019 13:30,Field Specific Conductance,1235,1,uS/cm@25degC,0
E3S81041559,EL0319B0128,3/26/2019 13:50,Chlorophyll a,16.48,0.5,µg/L,0
E3S81041559,EL0319B0128,3/26/2019 13:50,Dissolved Nitrate + Nitrite,0.23,0.05,mg/L as N,0
E3S81041559,EL0319B0128,3/26/2019 13:50,Dissolved Organic Carbon,5.9,0.5,mg/L as C,0
E3S81041559,EL0319B0128,3/26/2019 13:50,Total Organic Carbon,6.5,0.5,mg/L as C,0
E3S81041559,EL0319B0128,3/26/2019 13:50,Dissolved Ortho-phosphate,0.051,0.05,mg/L as P,0
E3S81041559,EL0319B0128,3/26/2019 13:50,Pheophytin a,2.65,0.5,µg/L,0
E3S81041559,EL0319B0128,3/26/2019 13:50,Total Phosphorus,0.13,0.01,mg/L as P,0
E3S81041559,EL0319B0128,3/26/2019 13:50,Total Kjeldahl Nitrogen,0.7,0.1,mg/L as N,0
E3S81041559,EL0319B0128,3/26/2019 13:50,Field Specific Conductance,1300,1,uS/cm@25degC,0
E3S81051561,EL0319B0127,3/26/2019 14:00,Chlorophyll a,13.04,0.5,µg/L,0
E3S81051561,EL0319B0127,3/26/2019 14:00,Dissolved Nitrate + Nitrite,0.23,0.05,mg/L as N,0
E3S81051561,EL0319B0127,3/26/2019 14:00,Dissolved Organic Carbon,6.2,0.5,mg/L as C,0
E3S81051561,EL0319B0127,3/26/2019 14:00,Total Organic Carbon,5.6,0.5,mg/L as C,0
E3S81051561,EL0319B0127,3/26/2019 14:00,Dissolved Ortho-phosphate,0.052,0.05,mg/L as P,0
E3S81051561,EL0319B0127,3/26/2019 14:00,Pheophytin a,2.75,0.5,µg/L,0
E3S81051561,EL0319B0127,3/26/2019 14:00,Total Phosphorus,0.13,0.01,mg/L as P,0
E3S81051561,EL0319B0127,3/26/2019 14:00,Total Kjeldahl Nitrogen,0.6,0.1,mg/L as N,0
E3S81051561,EL0319B0127,3/26/2019 14:00,Field Specific Conductance,1300,1,uS/cm@25degC,0
E3S80462003,EL0319B0137,3/28/2019 7:11,Chlorophyll a,3.02,0.5,µg/L,0
E3S80462003,EL0319B0137,3/28/2019 7:11,Dissolved Nitrate + Nitrite,0.27,0.05,mg/L as N,0
E3S80462003,EL0319B0137,3/28/2019 7:11,Dissolved Organic Carbon,2.4,0.5,mg/L as C,0
E3S80462003,EL0319B0137,3/28/2019 7:11,Total Organic Carbon,2.4,0.5,mg/L as C,0
E3S80462003,EL0319B0137,3/28/2019 7:11,Dissolved Ortho-phosphate,0.061,0.05,mg/L as P,0
E3S80462003,EL0319B0137,3/28/2019 7:11,Pheophytin a,1.54,0.5,µg/L,0
E3S80462003,EL0319B0137,3/28/2019 7:11,Total Phosphorus,0.063,0.01,mg/L as P,0
E3S80462003,EL0319B0137,3/28/2019 7:11,Total Kjeldahl Nitrogen,0.3,0.1,mg/L as N,0
E3S80462003,EL0319B0137,3/28/2019 7:11,Field Specific Conductance,209,1,uS/cm@25degC,0
E3S80462005,EL0319B0136,3/28/2019 8:00,Chlorophyll a,2.62,0.5,µg/L,0
E3S80462005,EL0319B0136,3/28/2019 8:00,Dissolved Nitrate + Nitrite,0.24,0.05,mg/L as N,0
E3S80462005,EL0319B0136,3/28/2019 8:00,Dissolved Organic Carbon,2.7,0.5,mg/L as C,0
E3S80462005,EL0319B0136,3/28/2019 8:00,Total Organic Carbon,2.7,0.5,mg/L as C,0
E3S80462005,EL0319B0136,3/28/2019 8:00,Dissolved Ortho-phosphate,0.082,0.05,mg/L as P,0
E3S80462005,EL0319B0136,3/28/2019 8:00,Pheophytin a,2.65,0.5,µg/L,0
E3S80462005,EL0319B0136,3/28/2019 8:00,Total Phosphorus,0.09,0.01,mg/L as P,0
E3S80462005,EL0319B0136,3/28/2019 8:00,Total Kjeldahl Nitrogen,0.252,0.1,mg/L as N,0
E3S80462005,EL0319B0136,3/28/2019 8:00,Field Specific Conductance,226,1,uS/cm@25degC,0
E3S804102007,EL0319B0135,3/28/2019 8:43,Chlorophyll a,2.95,0.5,µg/L,0
E3S804102007,EL0319B0135,3/28/2019 8:43,Dissolved Nitrate + Nitrite,0.252,0.05,mg/L as N,0
E3S804102007,EL0319B0135,3/28/2019 8:43,Dissolved Organic Carbon,2.6,0.5,mg/L as C,0
E3S804102007,EL0319B0135,3/28/2019 8:43,Total Organic Carbon,2.5,0.5,mg/L as C,0
E3S804102007,EL0319B0135,3/28/2019 8:43,Dissolved Ortho-phosphate,0.07,0.05,mg/L as P,0
E3S804102007,EL0319B0135,3/28/2019 8:43,Pheophytin a,2.62,0.5,µg/L,0
E3S804102007,EL0319B0135,3/28/2019 8:43,Total Phosphorus,0.07,0.01,mg/L as P,0
E3S804102007,EL0319B0135,3/28/2019 8:43,Total Kjeldahl Nitrogen,0.255,0.1,mg/L as N,0
E3S804102007,EL0319B0135,3/28/2019 8:43,Field Specific Conductance,263,1,uS/cm@25degC,0
E3S80482010,EL0319B0134,3/28/2019 9:19,Chlorophyll a,3.27,0.5,µg/L,0
E3S80482010,EL0319B0134,3/28/2019 9:19,Dissolved Nitrate + Nitrite,0.26,0.05,mg/L as N,0
E3S80482010,EL0319B0134,3/28/2019 9:19,Dissolved Organic Carbon,2.5,0.5,mg/L as C,0
E3S80482010,EL0319B0134,3/28/2019 9:19,Total Organic Carbon,2.5,0.5,mg/L as C,0
E3S80482010,EL0319B0134,3/28/2019 9:19,Dissolved Ortho-phosphate,0.07,0.05,mg/L as P,0
E3S80482010,EL0319B0134,3/28/2019 9:19,Pheophytin a,2.25,0.5,µg/L,0
E3S80482010,EL0319B0134,3/28/2019 9:19,Total Phosphorus,0.07,0.01,mg/L as P,0
E3S80482010,EL0319B0134,3/28/2019 9:19,Total Kjeldahl Nitrogen,0.2,0.1,mg/L as N,0
E3S80482010,EL0319B0134,3/28/2019 9:19,Field Specific Conductance,239,1,uS/cm@25degC,0
E3S80192066,EL0319B0140,3/28/2019 10:45,Chlorophyll a,3.38,0.5,µg/L,0
E3S80192066,EL0319B0140,3/28/2019 10:45,Dissolved Nitrate + Nitrite,0.439,0.05,mg/L as N,0
E3S80192066,EL0319B0140,3/28/2019 10:45,Dissolved Organic Carbon,3.9,0.5,mg/L as C,0
E3S80192066,EL0319B0140,3/28/2019 10:45,Total Organic Carbon,3.7,0.5,mg/L as C,0
E3S80192066,EL0319B0140,3/28/2019 10:45,Dissolved Ortho-phosphate,0.1,0.05,mg/L as P,0
E3S80192066,EL0319B0140,3/28/2019 10:45,Pheophytin a,2.85,0.5,µg/L,0
E3S80192066,EL0319B0140,3/28/2019 10:45,Total Phosphorus,0.127,0.01,mg/L as P,0
E3S80192066,EL0319B0140,3/28/2019 10:45,Total Kjeldahl Nitrogen,0.5,0.1,mg/L as N,0
E3S80192066,EL0319B0140,3/28/2019 10:45,Field Specific Conductance,675,1,uS/cm@25degC,0
E3S80192049,EL0319B0138,3/28/2019 11:48,Chlorophyll a,3.37,0.5,µg/L,0
E3S80192049,EL0319B0138,3/28/2019 11:48,Dissolved Nitrate + Nitrite,0.44,0.05,mg/L as N,0
E3S80192049,EL0319B0138,3/28/2019 11:48,Dissolved Organic Carbon,6.9,0.5,mg/L as C,0
E3S80192049,EL0319B0138,3/28/2019 11:48,Dissolved Organic Carbon,7,0.5,mg/L as C,0
E3S80192049,EL0319B0138,3/28/2019 11:48,Total Organic Carbon,6.8,0.5,mg/L as C,0
E3S80192049,EL0319B0138,3/28/2019 11:48,Total Organic Carbon,6.7,0.5,mg/L as C,0
E3S80192049,EL0319B0138,3/28/2019 11:48,Dissolved Ortho-phosphate,0.152,0.05,mg/L as P,0
E3S80192049,EL0319B0138,3/28/2019 11:48,Pheophytin a,3.18,0.5,µg/L,0
E3S80192049,EL0319B0138,3/28/2019 11:48,Total Phosphorus,0.27,0.01,mg/L as P,0
E3S80192049,EL0319B0138,3/28/2019 11:48,Total Kjeldahl Nitrogen,0.7,0.1,mg/L as N,0
E3S80192049,EL0319B0138,3/28/2019 11:48,Field Specific Conductance,772,1,uS/cm@25degC,0
E3S80212052,EL0319B0139,3/28/2019 12:52,Chlorophyll a,3.3,0.5,µg/L,0
E3S80212052,EL0319B0139,3/28/2019 12:52,Dissolved Nitrate + Nitrite,0.51,0.05,mg/L as N,0
E3S80212052,EL0319B0139,3/28/2019 12:52,Dissolved Organic Carbon,7.1,0.5,mg/L as C,0
E3S80212052,EL0319B0139,3/28/2019 12:52,Total Organic Carbon,6.7,0.5,mg/L as C,0
E3S80212052,EL0319B0139,3/28/2019 12:52,Dissolved Ortho-phosphate,0.155,0.05,mg/L as P,0
E3S80212052,EL0319B0139,3/28/2019 12:52,Pheophytin a,2.84,0.5,µg/L,0
E3S80212052,EL0319B0139,3/28/2019 12:52,Total Phosphorus,0.26,0.01,mg/L as P,0
E3S80212052,EL0319B0139,3/28/2019 12:52,Total Kjeldahl Nitrogen,0.8,0.1,mg/L as N,0
E3S80212052,EL0319B0139,3/28/2019 12:52,Field Specific Conductance,789,1,uS/cm@25degC,0
B9S80221524,EL0319B0132,3/28/2019 14:14,Chlorophyll a,1.59,0.5,µg/L,0
B9S80221524,EL0319B0132,3/28/2019 14:14,Dissolved Nitrate + Nitrite,0.255,0.05,mg/L as N,0
B9S80221524,EL0319B0132,3/28/2019 14:14,Total Organic Carbon,3.9,0.5,mg/L as C,0
B9S80221524,EL0319B0132,3/28/2019 14:14,Dissolved Organic Carbon,3.6,0.5,mg/L as C,0
B9S80221524,EL0319B0132,3/28/2019 14:14,Dissolved Ortho-phosphate,0.076,0.05,mg/L as P,0
B9S80221524,EL0319B0132,3/28/2019 14:14,Pheophytin a,1.07,0.5,µg/L,0
B9S80221524,EL0319B0132,3/28/2019 14:14,Total Phosphorus,0.08,0.01,mg/L as P,0
B9S80221524,EL0319B0132,3/28/2019 14:14,Total Phosphorus,0.08,0.01,mg/L as P,0
B9S80221524,EL0319B0132,3/28/2019 14:14,Total Kjeldahl Nitrogen,0.315,0.1,mg/L as N,0
B9S80221524,EL0319B0132,3/28/2019 14:14,Total Kjeldahl Nitrogen,0.3,0.1,mg/L as N,0
B9S80221524,EL0319B0132,3/28/2019 14:14,Field Specific Conductance,271,1,uS/cm@25degC,0
B9S80231523,EL0319B0131,3/28/2019 15:00,Chlorophyll a,1.85,0.5,µg/L,0
B9S80231523,EL0319B0131,3/28/2019 15:00,Dissolved Nitrate + Nitrite,0.2,0.05,mg/L as N,0
B9S80231523,EL0319B0131,3/28/2019 15:00,Dissolved Organic Carbon,4.3,0.5,mg/L as C,0
B9S80231523,EL0319B0131,3/28/2019 15:00,Total Organic Carbon,4.1,0.5,mg/L as C,0
B9S80231523,EL0319B0131,3/28/2019 15:00,Dissolved Ortho-phosphate,0.084,0.05,mg/L as P,0
B9S80231523,EL0319B0131,3/28/2019 15:00,Pheophytin a,0.86,0.5,µg/L,0
B9S80231523,EL0319B0131,3/28/2019 15:00,Total Phosphorus,0.1,0.01,mg/L as P,0
B9S80231523,EL0319B0131,3/28/2019 15:00,Total Kjeldahl Nitrogen,0.3,0.1,mg/L as N,0
B9S80231523,EL0319B0131,3/28/2019 15:00,Field Specific Conductance,350,1,uS/cm@25degC,0
B9S80241522,EL0319B0133,3/28/2019 16:01,Chlorophyll a,2.1,0.5,µg/L,0
B9S80241522,EL0319B0133,3/28/2019 16:01,Dissolved Nitrate + Nitrite,0.15,0.05,mg/L as N,0
B9S80241522,EL0319B0133,3/28/2019 16:01,Dissolved Organic Carbon,5.9,0.5,mg/L as C,0
B9S80241522,EL0319B0133,3/28/2019 16:01,Total Organic Carbon,6,0.5,mg/L as C,0
B9S80241522,EL0319B0133,3/28/2019 16:01,Dissolved Ortho-phosphate,0.087,0.05,mg/L as P,0
B9S80241522,EL0319B0133,3/28/2019 16:01,Pheophytin a,0.61,0.5,µg/L,0
B9S80241522,EL0319B0133,3/28/2019 16:01,Total Phosphorus,0.094,0.01,mg/L as P,0
B9S80241522,EL0319B0133,3/28/2019 16:01,Total Kjeldahl Nitrogen,0.4,0.1,mg/L as N,0
B9S80241522,EL0319B0133,3/28/2019 16:01,Field Specific Conductance,298,1,uS/cm@25degC,0
E3S811920110,EL0319B0118,3/29/2019 8:56,Chlorophyll a,9.91,0.5,µg/L,0
E3S811920110,EL0319B0118,3/29/2019 8:56,Dissolved Nitrate + Nitrite,1.5,0.05,mg/L as N,0
E3S811920110,EL0319B0118,3/29/2019 8:56,Dissolved Organic Carbon,10.9,0.5,mg/L as C,0
E3S811920110,EL0319B0118,3/29/2019 8:56,Total Organic Carbon,10.2,0.5,mg/L as C,0
E3S811920110,EL0319B0118,3/29/2019 8:56,Dissolved Ortho-phosphate,0.446,0.05,mg/L as P,0
E3S811920110,EL0319B0118,3/29/2019 8:56,Pheophytin a,2.4,0.5,µg/L,0
E3S811920110,EL0319B0118,3/29/2019 8:56,Total Phosphorus,0.65,0.01,mg/L as P,0
E3S811920110,EL0319B0118,3/29/2019 8:56,Total Kjeldahl Nitrogen,1.4,0.1,mg/L as N,0
E3S811920110,EL0319B0118,3/29/2019 8:56,Field Specific Conductance,1339,1,uS/cm@25degC,0
E3S81182017,EL0319B0119,3/29/2019 10:05,Chlorophyll a,9.41,0.5,µg/L,0
E3S81182017,EL0319B0119,3/29/2019 10:05,Dissolved Nitrate + Nitrite,0.62,0.05,mg/L as N,0
E3S81182017,EL0319B0119,3/29/2019 10:05,Dissolved Organic Carbon,7.4,0.5,mg/L as C,0
E3S81182017,EL0319B0119,3/29/2019 10:05,Dissolved Organic Carbon,7.4,0.5,mg/L as C,0
E3S81182017,EL0319B0119,3/29/2019 10:05,Total Organic Carbon,6.8,0.5,mg/L as C,0
E3S81182017,EL0319B0119,3/29/2019 10:05,Total Organic Carbon,6.8,0.5,mg/L as C,0
E3S81182017,EL0319B0119,3/29/2019 10:05,Dissolved Ortho-phosphate,0.19,0.05,mg/L as P,0
E3S81182017,EL0319B0119,3/29/2019 10:05,Pheophytin a,2,0.5,µg/L,0
E3S81182017,EL0319B0119,3/29/2019 10:05,Total Phosphorus,0.28,0.01,mg/L as P,0
E3S81182017,EL0319B0119,3/29/2019 10:05,Total Kjeldahl Nitrogen,0.8,0.1,mg/L as N,0
E3S81182017,EL0319B0119,3/29/2019 10:05,Field Specific Conductance,1706,1,uS/cm@25degC,0
E3S811720110,EL0319B0120,3/29/2019 11:05,Chlorophyll a,4.23,0.5,µg/L,0
E3S811720110,EL0319B0120,3/29/2019 11:05,Dissolved Nitrate + Nitrite,0.51,0.05,mg/L as N,0
E3S811720110,EL0319B0120,3/29/2019 11:05,Dissolved Organic Carbon,6.8,0.5,mg/L as C,0
E3S811720110,EL0319B0120,3/29/2019 11:05,Total Organic Carbon,6.5,0.5,mg/L as C,0
E3S811720110,EL0319B0120,3/29/2019 11:05,Dissolved Ortho-phosphate,0.15,0.05,mg/L as P,0
E3S811720110,EL0319B0120,3/29/2019 11:05,Pheophytin a,1.97,0.5,µg/L,0
E3S811720110,EL0319B0120,3/29/2019 11:05,Total Phosphorus,0.224,0.01,mg/L as P,0
E3S811720110,EL0319B0120,3/29/2019 11:05,Total Kjeldahl Nitrogen,0.7,0.1,mg/L as N,0
E3S811720110,EL0319B0120,3/29/2019 11:05,Field Specific Conductance,1811,1,uS/cm@25degC,0
Blank; Equipment (ID:47718,EL0319B0142,3/29/2019 11:05,Chlorophyll a,< R.L.,0.5,µg/L,0
Blank; Equipment (ID:47718,EL0319B0142,3/29/2019 11:05,Dissolved Nitrate + Nitrite,< R.L.,0.05,mg/L as N,0
Blank; Equipment (ID:47718,EL0319B0142,3/29/2019 11:05,Dissolved Organic Carbon,< R.L.,0.5,mg/L as C,0
Blank; Equipment (ID:47718,EL0319B0142,3/29/2019 11:05,Total Organic Carbon,< R.L.,0.5,mg/L as C,0
Blank; Equipment (ID:47718,EL0319B0142,3/29/2019 11:05,Dissolved Ortho-phosphate,< R.L.,0.05,mg/L as P,0
Blank; Equipment (ID:47718,EL0319B0142,3/29/2019 11:05,Pheophytin a,< R.L.,0.5,µg/L,0
Blank; Equipment (ID:47718,EL0319B0142,3/29/2019 11:05,Total Phosphorus,< R.L.,0.01,mg/L as P,0
Blank; Equipment (ID:47718,EL0319B0142,3/29/2019 11:05,Total Kjeldahl Nitrogen,< R.L.,0.1,mg/L as N,0
E3S81191549,EL0419B0146,4/3/2019 8:20,Chlorophyll a,19.5,0.5,µg/L,0
E3S81191549,EL0419B0146,4/3/2019 8:20,Dissolved Nitrate + Nitrite,0.32,0.05,mg/L as N,0
E3S81191549,EL0419B0146,4/3/2019 8:20,Dissolved Organic Carbon,12.2,0.5,mg/L as C,0
E3S81191549,EL0419B0146,4/3/2019 8:20,Total Organic Carbon,13,0.5,mg/L as C,0
E3S81191549,EL0419B0146,4/3/2019 8:20,Dissolved Ortho-phosphate,0.064,0.05,mg/L as P,0
E3S81191549,EL0419B0146,4/3/2019 8:20,Pheophytin a,2.13,0.5,µg/L,0
E3S81191549,EL0419B0146,4/3/2019 8:20,Total Phosphorus,0.23,0.01,mg/L as P,0
E3S81191549,EL0419B0146,4/3/2019 8:20,Total Kjeldahl Nitrogen,1.4,0.1,mg/L as N,0
E3S81191549,EL0419B0146,4/3/2019 8:20,Field Specific Conductance,2251,1,uS/cm@25degC,0
B9S80221524,EL0419B0157,4/3/2019 9:04,Chlorophyll a,1.51,0.5,µg/L,0
B9S80221524,EL0419B0157,4/3/2019 9:04,Dissolved Nitrate + Nitrite,0.22,0.05,mg/L as N,0
B9S80221524,EL0419B0157,4/3/2019 9:04,Dissolved Organic Carbon,3.1,0.5,mg/L as C,0
B9S80221524,EL0419B0157,4/3/2019 9:04,Total Organic Carbon,3.2,0.5,mg/L as C,0
B9S80221524,EL0419B0157,4/3/2019 9:04,Dissolved Ortho-phosphate,< R.L.,0.05,mg/L as P,0
B9S80221524,EL0419B0157,4/3/2019 9:04,Pheophytin a,1.02,0.5,µg/L,0
B9S80221524,EL0419B0157,4/3/2019 9:04,Total Phosphorus,0.08,0.01,mg/L as P,0
B9S80221524,EL0419B0157,4/3/2019 9:04,Total Kjeldahl Nitrogen,0.3,0.1,mg/L as N,0
B9S80221524,EL0419B0157,4/3/2019 9:04,Field Specific Conductance,245.7,1,uS/cm@25degC,0
E3S811101550,EL0419B0147,4/3/2019 9:20,Chlorophyll a,8.04,0.5,µg/L,0
E3S811101550,EL0419B0147,4/3/2019 9:20,Dissolved Nitrate + Nitrite,0.32,0.05,mg/L as N,0
E3S811101550,EL0419B0147,4/3/2019 9:20,Dissolved Organic Carbon,11.8,0.5,mg/L as C,0
E3S811101550,EL0419B0147,4/3/2019 9:20,Total Organic Carbon,11.5,0.5,mg/L as C,0
E3S811101550,EL0419B0147,4/3/2019 9:20,Dissolved Ortho-phosphate,0.058,0.05,mg/L as P,0
E3S811101550,EL0419B0147,4/3/2019 9:20,Pheophytin a,2.36,0.5,µg/L,0
E3S811101550,EL0419B0147,4/3/2019 9:20,Total Phosphorus,0.221,0.01,mg/L as P,0
E3S811101550,EL0419B0147,4/3/2019 9:20,Total Kjeldahl Nitrogen,1.3,0.1,mg/L as N,0
E3S811101550,EL0419B0147,4/3/2019 9:20,Field Specific Conductance,2039,1,uS/cm@25degC,0
E3S811101553,EL0419B0148,4/3/2019 9:30,Chlorophyll a,4.27,0.5,µg/L,0
E3S811101553,EL0419B0148,4/3/2019 9:30,Dissolved Nitrate + Nitrite,0.35,0.05,mg/L as N,0
E3S811101553,EL0419B0148,4/3/2019 9:30,Dissolved Organic Carbon,12.6,0.5,mg/L as C,0
E3S811101553,EL0419B0148,4/3/2019 9:30,Total Organic Carbon,12.2,0.5,mg/L as C,0
E3S811101553,EL0419B0148,4/3/2019 9:30,Dissolved Ortho-phosphate,0.05,0.05,mg/L as P,0
E3S811101553,EL0419B0148,4/3/2019 9:30,Pheophytin a,0.85,0.5,µg/L,0
E3S811101553,EL0419B0148,4/3/2019 9:30,Total Phosphorus,0.221,0.01,mg/L as P,0
E3S811101553,EL0419B0148,4/3/2019 9:30,Total Kjeldahl Nitrogen,1.3,0.1,mg/L as N,0
E3S811101553,EL0419B0148,4/3/2019 9:30,Field Specific Conductance,2194,1,uS/cm@25degC,0
B9S80231523,EL0419B0156,4/3/2019 9:54,Chlorophyll a,2.67,0.5,µg/L,0
B9S80231523,EL0419B0156,4/3/2019 9:54,Dissolved Nitrate + Nitrite,0.2,0.05,mg/L as N,0
B9S80231523,EL0419B0156,4/3/2019 9:54,Dissolved Organic Carbon,3.5,0.5,mg/L as C,0
B9S80231523,EL0419B0156,4/3/2019 9:54,Total Organic Carbon,3.2,0.5,mg/L as C,0
B9S80231523,EL0419B0156,4/3/2019 9:54,Dissolved Ortho-phosphate,0.058,0.05,mg/L as P,0
B9S80231523,EL0419B0156,4/3/2019 9:54,Pheophytin a,0.91,0.5,µg/L,0
B9S80231523,EL0419B0156,4/3/2019 9:54,Total Phosphorus,0.08,0.01,mg/L as P,0
B9S80231523,EL0419B0156,4/3/2019 9:54,Total Kjeldahl Nitrogen,0.312,0.1,mg/L as N,0
B9S80231523,EL0419B0156,4/3/2019 9:54,Field Specific Conductance,245,1,uS/cm@25degC,0
E3S81031544,EL0419B0149,4/3/2019 9:55,Chlorophyll a,5.68,0.5,µg/L,0
E3S81031544,EL0419B0149,4/3/2019 9:55,Dissolved Nitrate + Nitrite,0.17,0.05,mg/L as N,0
E3S81031544,EL0419B0149,4/3/2019 9:55,Dissolved Organic Carbon,5.2,0.5,mg/L as C,0
E3S81031544,EL0419B0149,4/3/2019 9:55,Total Organic Carbon,4.9,0.5,mg/L as C,0
E3S81031544,EL0419B0149,4/3/2019 9:55,Dissolved Ortho-phosphate,< R.L.,0.05,mg/L as P,0
E3S81031544,EL0419B0149,4/3/2019 9:55,Pheophytin a,0.92,0.5,µg/L,0
E3S81031544,EL0419B0149,4/3/2019 9:55,Total Phosphorus,0.1,0.01,mg/L as P,0
E3S81031544,EL0419B0149,4/3/2019 9:55,Total Kjeldahl Nitrogen,0.6,0.1,mg/L as N,0
E3S81031544,EL0419B0149,4/3/2019 9:55,Field Specific Conductance,881,1,uS/cm@25degC,0
E3S81051544,EL0419B0150,4/3/2019 10:25,Chlorophyll a,4.05,0.5,µg/L,0
E3S81051544,EL0419B0150,4/3/2019 10:25,Dissolved Nitrate + Nitrite,0.161,0.05,mg/L as N,0
E3S81051544,EL0419B0150,4/3/2019 10:25,Total Organic Carbon,5,0.5,mg/L as C,0
E3S81051544,EL0419B0150,4/3/2019 10:25,Dissolved Organic Carbon,5,0.5,mg/L as C,0
E3S81051544,EL0419B0150,4/3/2019 10:25,Dissolved Ortho-phosphate,< R.L.,0.05,mg/L as P,0
E3S81051544,EL0419B0150,4/3/2019 10:25,Pheophytin a,0.79,0.5,µg/L,0
E3S81051544,EL0419B0150,4/3/2019 10:25,Total Phosphorus,0.108,0.01,mg/L as P,0
E3S81051544,EL0419B0150,4/3/2019 10:25,Total Kjeldahl Nitrogen,0.6,0.1,mg/L as N,0
E3S81051544,EL0419B0150,4/3/2019 10:25,Field Specific Conductance,890,1,uS/cm@25degC,0
B9S80241522,EL0419B0158,4/3/2019 10:30,Chlorophyll a,2.06,0.5,µg/L,0
B9S80241522,EL0419B0158,4/3/2019 10:30,Dissolved Nitrate + Nitrite,0.18,0.05,mg/L as N,0
B9S80241522,EL0419B0158,4/3/2019 10:30,Dissolved Organic Carbon,4.1,0.5,mg/L as C,0
B9S80241522,EL0419B0158,4/3/2019 10:30,Total Organic Carbon,4,0.5,mg/L as C,0
B9S80241522,EL0419B0158,4/3/2019 10:30,Dissolved Ortho-phosphate,0.06,0.05,mg/L as P,0
B9S80241522,EL0419B0158,4/3/2019 10:30,Pheophytin a,1.46,0.5,µg/L,0
B9S80241522,EL0419B0158,4/3/2019 10:30,Total Phosphorus,0.09,0.01,mg/L as P,0
B9S80241522,EL0419B0158,4/3/2019 10:30,Total Kjeldahl Nitrogen,0.4,0.1,mg/L as N,0
B9S80241522,EL0419B0158,4/3/2019 10:30,Field Specific Conductance,469.5,1,uS/cm@25degC,0
E3S81071545,EL0419B0151,4/3/2019 10:40,Chlorophyll a,4.18,0.5,µg/L,0
E3S81071545,EL0419B0151,4/3/2019 10:40,Dissolved Nitrate + Nitrite,0.17,0.05,mg/L as N,0
E3S81071545,EL0419B0151,4/3/2019 10:40,Dissolved Organic Carbon,5,0.5,mg/L as C,0
E3S81071545,EL0419B0151,4/3/2019 10:40,Total Organic Carbon,5,0.5,mg/L as C,0
E3S81071545,EL0419B0151,4/3/2019 10:40,Dissolved Ortho-phosphate,< R.L.,0.05,mg/L as P,0
E3S81071545,EL0419B0151,4/3/2019 10:40,Pheophytin a,1.05,0.5,µg/L,0
E3S81071545,EL0419B0151,4/3/2019 10:40,Total Phosphorus,0.1,0.01,mg/L as P,0
E3S81071545,EL0419B0151,4/3/2019 10:40,Total Kjeldahl Nitrogen,0.6,0.1,mg/L as N,0
E3S81071545,EL0419B0151,4/3/2019 10:40,Field Specific Conductance,880,1,uS/cm@25degC,0
E3S81051561,EL0419B0152,4/3/2019 11:00,Chlorophyll a,1.84,0.5,µg/L,0
E3S81051561,EL0419B0152,4/3/2019 11:00,Dissolved Nitrate + Nitrite,0.2,0.05,mg/L as N,0
E3S81051561,EL0419B0152,4/3/2019 11:00,Dissolved Organic Carbon,3.7,0.5,mg/L as C,0
E3S81051561,EL0419B0152,4/3/2019 11:00,Total Organic Carbon,3.7,0.5,mg/L as C,0
E3S81051561,EL0419B0152,4/3/2019 11:00,Dissolved Ortho-phosphate,< R.L.,0.05,mg/L as P,0
E3S81051561,EL0419B0152,4/3/2019 11:00,Pheophytin a,1.81,0.5,µg/L,0
E3S81051561,EL0419B0152,4/3/2019 11:00,Total Phosphorus,0.105,0.01,mg/L as P,0
E3S81051561,EL0419B0152,4/3/2019 11:00,Total Kjeldahl Nitrogen,0.5,0.1,mg/L as N,0
E3S81051561,EL0419B0152,4/3/2019 11:00,Field Specific Conductance,596,1,uS/cm@25degC,0
E3S81051561,EL0419B0155,4/3/2019 11:00,Chlorophyll a,2.14,0.5,µg/L,EL0419B0152
E3S81051561,EL0419B0155,4/3/2019 11:00,Dissolved Nitrate + Nitrite,0.2,0.05,mg/L as N,EL0419B0152
E3S81051561,EL0419B0155,4/3/2019 11:00,Dissolved Organic Carbon,3.7,0.5,mg/L as C,EL0419B0152
E3S81051561,EL0419B0155,4/3/2019 11:00,Total Organic Carbon,3.8,0.5,mg/L as C,EL0419B0152
E3S81051561,EL0419B0155,4/3/2019 11:00,Dissolved Ortho-phosphate,< R.L.,0.05,mg/L as P,EL0419B0152
E3S81051561,EL0419B0155,4/3/2019 11:00,Pheophytin a,3.02,0.5,µg/L,EL0419B0152
E3S81051561,EL0419B0155,4/3/2019 11:00,Total Phosphorus,0.109,0.01,mg/L as P,EL0419B0152
E3S81051561,EL0419B0155,4/3/2019 11:00,Total Kjeldahl Nitrogen,0.8,0.1,mg/L as N,EL0419B0152
E3S81041559,EL0419B0153,4/3/2019 11:15,Chlorophyll a,1.52,0.5,µg/L,0
E3S81041559,EL0419B0153,4/3/2019 11:15,Dissolved Nitrate + Nitrite,0.21,0.05,mg/L as N,0
E3S81041559,EL0419B0153,4/3/2019 11:15,Dissolved Organic Carbon,3.9,0.5,mg/L as C,0
E3S81041559,EL0419B0153,4/3/2019 11:15,Total Organic Carbon,3.9,0.5,mg/L as C,0
E3S81041559,EL0419B0153,4/3/2019 11:15,Dissolved Ortho-phosphate,< R.L.,0.05,mg/L as P,0
E3S81041559,EL0419B0153,4/3/2019 11:15,Pheophytin a,1.78,0.5,µg/L,0
E3S81041559,EL0419B0153,4/3/2019 11:15,Total Phosphorus,0.1,0.01,mg/L as P,0
E3S81041559,EL0419B0153,4/3/2019 11:15,Total Kjeldahl Nitrogen,0.5,0.1,mg/L as N,0
E3S81041559,EL0419B0153,4/3/2019 11:15,Field Specific Conductance,657,1,uS/cm@25degC,0
E3S81041558,EL0419B0154,4/3/2019 11:25,Chlorophyll a,2.59,0.5,µg/L,0
E3S81041558,EL0419B0154,4/3/2019 11:25,Dissolved Nitrate + Nitrite,0.21,0.05,mg/L as N,0
E3S81041558,EL0419B0154,4/3/2019 11:25,Dissolved Organic Carbon,4.1,0.5,mg/L as C,0
E3S81041558,EL0419B0154,4/3/2019 11:25,Dissolved Organic Carbon,4.1,0.5,mg/L as C,0
E3S81041558,EL0419B0154,4/3/2019 11:25,Total Organic Carbon,4.1,0.5,mg/L as C,0
E3S81041558,EL0419B0154,4/3/2019 11:25,Total Organic Carbon,4.1,0.5,mg/L as C,0
E3S81041558,EL0419B0154,4/3/2019 11:25,Dissolved Ortho-phosphate,< R.L.,0.05,mg/L as P,0
E3S81041558,EL0419B0154,4/3/2019 11:25,Pheophytin a,3.87,0.5,µg/L,0
E3S81041558,EL0419B0154,4/3/2019 11:25,Total Phosphorus,0.08,0.01,mg/L as P,0
E3S81041558,EL0419B0154,4/3/2019 11:25,Total Kjeldahl Nitrogen,0.5,0.1,mg/L as N,0
E3S81041558,EL0419B0154,4/3/2019 11:25,Field Specific Conductance,699,1,uS/cm@25degC,0
E3S80192066,EL0419B0165,4/3/2019 12:00,Chlorophyll a,3.86,0.5,µg/L,0
E3S80192066,EL0419B0165,4/3/2019 12:00,Dissolved Nitrate + Nitrite,0.27,0.05,mg/L as N,0
E3S80192066,EL0419B0165,4/3/2019 12:00,Dissolved Organic Carbon,2.9,0.5,mg/L as C,0
E3S80192066,EL0419B0165,4/3/2019 12:00,Total Organic Carbon,3.2,0.5,mg/L as C,0
E3S80192066,EL0419B0165,4/3/2019 12:00,Dissolved Ortho-phosphate,0.056,0.05,mg/L as P,0
E3S80192066,EL0419B0165,4/3/2019 12:00,Pheophytin a,2.09,0.5,µg/L,0
E3S80192066,EL0419B0165,4/3/2019 12:00,Total Phosphorus,0.09,0.01,mg/L as P,0
E3S80192066,EL0419B0165,4/3/2019 12:00,Total Kjeldahl Nitrogen,0.438,0.1,mg/L as N,0
E3S80192066,EL0419B0165,4/3/2019 12:00,Field Specific Conductance,687,1,uS/cm@25degC,0
E3S80192049,EL0419B0163,4/3/2019 13:00,Chlorophyll a,2.65,0.5,µg/L,0
E3S80192049,EL0419B0163,4/3/2019 13:00,Dissolved Nitrate + Nitrite,0.24,0.05,mg/L as N,0
E3S80192049,EL0419B0163,4/3/2019 13:00,Dissolved Organic Carbon,3.1,0.5,mg/L as C,0
E3S80192049,EL0419B0163,4/3/2019 13:00,Total Organic Carbon,3.1,0.5,mg/L as C,0
E3S80192049,EL0419B0163,4/3/2019 13:00,Dissolved Ortho-phosphate,0.061,0.05,mg/L as P,0
E3S80192049,EL0419B0163,4/3/2019 13:00,Pheophytin a,1.45,0.5,µg/L,0
E3S80192049,EL0419B0163,4/3/2019 13:00,Total Phosphorus,0.09,0.01,mg/L as P,0
E3S80192049,EL0419B0163,4/3/2019 13:00,Total Kjeldahl Nitrogen,0.5,0.1,mg/L as N,0
E3S80192049,EL0419B0163,4/3/2019 13:00,Field Specific Conductance,502,1,uS/cm@25degC,0
E3S80212052,EL0419B0164,4/3/2019 13:40,Chlorophyll a,2.32,0.5,µg/L,0
E3S80212052,EL0419B0164,4/3/2019 13:40,Dissolved Nitrate + Nitrite,0.26,0.05,mg/L as N,0
E3S80212052,EL0419B0164,4/3/2019 13:40,Dissolved Organic Carbon,3.3,0.5,mg/L as C,0
E3S80212052,EL0419B0164,4/3/2019 13:40,Dissolved Organic Carbon,3.3,0.5,mg/L as C,0
E3S80212052,EL0419B0164,4/3/2019 13:40,Total Organic Carbon,3.4,0.5,mg/L as C,0
E3S80212052,EL0419B0164,4/3/2019 13:40,Total Organic Carbon,3.3,0.5,mg/L as C,0
E3S80212052,EL0419B0164,4/3/2019 13:40,Dissolved Ortho-phosphate,0.067,0.05,mg/L as P,0
E3S80212052,EL0419B0164,4/3/2019 13:40,Pheophytin a,1.45,0.5,µg/L,0
E3S80212052,EL0419B0164,4/3/2019 13:40,Total Phosphorus,0.09,0.01,mg/L as P,0
E3S80212052,EL0419B0164,4/3/2019 13:40,Total Kjeldahl Nitrogen,0.4,0.1,mg/L as N,0
E3S80212052,EL0419B0164,4/3/2019 13:40,Field Specific Conductance,558,1,uS/cm@25degC,0
E3S811920110,EL0419B0143,4/3/2019 14:05,Chlorophyll a,4.29,0.5,µg/L,0
E3S811920110,EL0419B0143,4/3/2019 14:05,Dissolved Nitrate + Nitrite,1.4,0.05,mg/L as N,0
E3S811920110,EL0419B0143,4/3/2019 14:05,Dissolved Organic Carbon,9.8,0.5,mg/L as C,0
E3S811920110,EL0419B0143,4/3/2019 14:05,Total Organic Carbon,9.8,0.5,mg/L as C,0
E3S811920110,EL0419B0143,4/3/2019 14:05,Dissolved Ortho-phosphate,0.402,0.05,mg/L as P,0
E3S811920110,EL0419B0143,4/3/2019 14:05,Pheophytin a,3.14,0.5,µg/L,0
E3S811920110,EL0419B0143,4/3/2019 14:05,Total Phosphorus,0.58,0.01,mg/L as P,0
E3S811920110,EL0419B0143,4/3/2019 14:05,Total Phosphorus,0.59,0.01,mg/L as P,0
E3S811920110,EL0419B0143,4/3/2019 14:05,Total Kjeldahl Nitrogen,1.3,0.1,mg/L as N,0
E3S811920110,EL0419B0143,4/3/2019 14:05,Total Kjeldahl Nitrogen,1.28,0.1,mg/L as N,0
E3S811920110,EL0419B0143,4/3/2019 14:05,Field Specific Conductance,1804,1,uS/cm@25degC,0
E3S81182017,EL0419B0144,4/3/2019 14:20,Chlorophyll a,6.91,0.5,µg/L,0
E3S81182017,EL0419B0144,4/3/2019 14:20,Dissolved Nitrate + Nitrite,0.86,0.05,mg/L as N,0
E3S81182017,EL0419B0144,4/3/2019 14:20,Dissolved Organic Carbon,7.5,0.5,mg/L as C,0
E3S81182017,EL0419B0144,4/3/2019 14:20,Total Organic Carbon,7.3,0.5,mg/L as C,0
E3S81182017,EL0419B0144,4/3/2019 14:20,Dissolved Ortho-phosphate,0.254,0.05,mg/L as P,0
E3S81182017,EL0419B0144,4/3/2019 14:20,Pheophytin a,1.25,0.5,µg/L,0
E3S81182017,EL0419B0144,4/3/2019 14:20,Total Phosphorus,0.36,0.01,mg/L as P,0
E3S81182017,EL0419B0144,4/3/2019 14:20,Total Kjeldahl Nitrogen,0.995,0.1,mg/L as N,0
E3S81182017,EL0419B0144,4/3/2019 14:20,Field Specific Conductance,1683,1,uS/cm@25degC,0
E3S811720110,EL0419B0145,4/3/2019 14:35,Chlorophyll a,5.28,0.5,µg/L,0
E3S811720110,EL0419B0145,4/3/2019 14:35,Dissolved Nitrate + Nitrite,0.38,0.05,mg/L as N,0
E3S811720110,EL0419B0145,4/3/2019 14:35,Dissolved Organic Carbon,5.2,0.5,mg/L as C,0
E3S811720110,EL0419B0145,4/3/2019 14:35,Dissolved Organic Carbon,5.3,0.5,mg/L as C,0
E3S811720110,EL0419B0145,4/3/2019 14:35,Total Organic Carbon,5.5,0.5,mg/L as C,0
E3S811720110,EL0419B0145,4/3/2019 14:35,Total Organic Carbon,5.4,0.5,mg/L as C,0
E3S811720110,EL0419B0145,4/3/2019 14:35,Dissolved Ortho-phosphate,0.115,0.05,mg/L as P,0
E3S811720110,EL0419B0145,4/3/2019 14:35,Pheophytin a,2.45,0.5,µg/L,0
E3S811720110,EL0419B0145,4/3/2019 14:35,Total Phosphorus,0.15,0.01,mg/L as P,0
E3S811720110,EL0419B0145,4/3/2019 14:35,Total Kjeldahl Nitrogen,0.437,0.1,mg/L as N,0
E3S811720110,EL0419B0145,4/3/2019 14:35,Field Specific Conductance,1108,1,uS/cm@25degC,0
E3S80462003,EL0419B0162,4/3/2019 14:52,Chlorophyll a,2.7,0.5,µg/L,0
E3S80462003,EL0419B0162,4/3/2019 14:52,Dissolved Nitrate + Nitrite,0.2,0.05,mg/L as N,0
E3S80462003,EL0419B0162,4/3/2019 14:52,Dissolved Organic Carbon,3,0.5,mg/L as C,0
E3S80462003,EL0419B0162,4/3/2019 14:52,Total Organic Carbon,3,0.5,mg/L as C,0
E3S80462003,EL0419B0162,4/3/2019 14:52,Dissolved Ortho-phosphate,0.055,0.05,mg/L as P,0
E3S80462003,EL0419B0162,4/3/2019 14:52,Pheophytin a,0.92,0.5,µg/L,0
E3S80462003,EL0419B0162,4/3/2019 14:52,Total Phosphorus,0.07,0.01,mg/L as P,0
E3S80462003,EL0419B0162,4/3/2019 14:52,Total Kjeldahl Nitrogen,0.3,0.1,mg/L as N,0
E3S80462003,EL0419B0162,4/3/2019 14:52,Field Specific Conductance,232,1,uS/cm@25degC,0
E3S80482010,EL0419B0159,4/3/2019 15:18,Chlorophyll a,2.38,0.5,µg/L,0
E3S80482010,EL0419B0159,4/3/2019 15:18,Dissolved Nitrate + Nitrite,0.183,0.05,mg/L as N,0
E3S80482010,EL0419B0159,4/3/2019 15:18,Dissolved Organic Carbon,2.9,0.5,mg/L as C,0
E3S80482010,EL0419B0159,4/3/2019 15:18,Total Organic Carbon,2.9,0.5,mg/L as C,0
E3S80482010,EL0419B0159,4/3/2019 15:18,Dissolved Ortho-phosphate,0.063,0.05,mg/L as P,0
E3S80482010,EL0419B0159,4/3/2019 15:18,Pheophytin a,1.18,0.5,µg/L,0
E3S80482010,EL0419B0159,4/3/2019 15:18,Total Phosphorus,0.078,0.01,mg/L as P,0
E3S80482010,EL0419B0159,4/3/2019 15:18,Total Kjeldahl Nitrogen,0.318,0.1,mg/L as N,0
E3S80482010,EL0419B0159,4/3/2019 15:18,Field Specific Conductance,265.8,1,uS/cm@25degC,0
E3S804102007,EL0419B0160,4/3/2019 15:34,Chlorophyll a,3.96,0.5,µg/L,0
E3S804102007,EL0419B0160,4/3/2019 15:34,Dissolved Nitrate + Nitrite,0.16,0.05,mg/L as N,0
E3S804102007,EL0419B0160,4/3/2019 15:34,Dissolved Organic Carbon,3.1,0.5,mg/L as C,0
E3S804102007,EL0419B0160,4/3/2019 15:34,Total Organic Carbon,3.1,0.5,mg/L as C,0
E3S804102007,EL0419B0160,4/3/2019 15:34,Dissolved Ortho-phosphate,0.072,0.05,mg/L as P,0
E3S804102007,EL0419B0160,4/3/2019 15:34,Pheophytin a,1.95,0.5,µg/L,0
E3S804102007,EL0419B0160,4/3/2019 15:34,Total Phosphorus,0.1,0.01,mg/L as P,0
E3S804102007,EL0419B0160,4/3/2019 15:34,Total Kjeldahl Nitrogen,0.372,0.1,mg/L as N,0
E3S804102007,EL0419B0160,4/3/2019 15:34,Field Specific Conductance,329.4,1,uS/cm@25degC,0
E3S80462005,EL0419B0161,4/3/2019 15:55,Chlorophyll a,2.31,0.5,µg/L,0
E3S80462005,EL0419B0161,4/3/2019 15:55,Dissolved Nitrate + Nitrite,0.18,0.05,mg/L as N,0
E3S80462005,EL0419B0161,4/3/2019 15:55,Dissolved Organic Carbon,3.2,0.5,mg/L as C,0
E3S80462005,EL0419B0161,4/3/2019 15:55,Total Organic Carbon,2.9,0.5,mg/L as C,0
E3S80462005,EL0419B0161,4/3/2019 15:55,Dissolved Ortho-phosphate,0.06,0.05,mg/L as P,0
E3S80462005,EL0419B0161,4/3/2019 15:55,Pheophytin a,0.89,0.5,µg/L,0
E3S80462005,EL0419B0161,4/3/2019 15:55,Total Phosphorus,0.07,0.01,mg/L as P,0
E3S80462005,EL0419B0161,4/3/2019 15:55,Total Kjeldahl Nitrogen,0.3,0.1,mg/L as N,0
E3S80462005,EL0419B0161,4/3/2019 15:55,Field Specific Conductance,241.8,1,uS/cm@25degC,0
Blank; Equipment (ID:47718,EL0419B0167,4/3/2019 17:15,Chlorophyll a,< R.L.,0.5,µg/L,0
Blank; Equipment (ID:47718,EL0419B0167,4/3/2019 17:15,Dissolved Nitrate + Nitrite,< R.L.,0.05,mg/L as N,0
Blank; Equipment (ID:47718,EL0419B0167,4/3/2019 17:15,Dissolved Organic Carbon,< R.L.,0.5,mg/L as C,0
Blank; Equipment (ID:47718,EL0419B0167,4/3/2019 17:15,Total Organic Carbon,< R.L.,0.5,mg/L as C,0
Blank; Equipment (ID:47718,EL0419B0167,4/3/2019 17:15,Dissolved Ortho-phosphate,< R.L.,0.05,mg/L as P,0
Blank; Equipment (ID:47718,EL0419B0167,4/3/2019 17:15,Pheophytin a,< R.L.,0.5,µg/L,0
Blank; Equipment (ID:47718,EL0419B0167,4/3/2019 17:15,Total Phosphorus,< R.L.,0.01,mg/L as P,0
Blank; Equipment (ID:47718,EL0419B0167,4/3/2019 17:15,Total Kjeldahl Nitrogen,< R.L.,0.1,mg/L as N,0
E3S80192066,EL0419B0190,4/8/2019 7:09,Chlorophyll a,2.37,0.5,µg/L,0
E3S80192066,EL0419B0190,4/8/2019 7:09,Dissolved Nitrate + Nitrite,0.32,0.05,mg/L as N,0
E3S80192066,EL0419B0190,4/8/2019 7:09,Total Organic Carbon,3.2,0.5,mg/L as C,0
E3S80192066,EL0419B0190,4/8/2019 7:09,Dissolved Organic Carbon,3.2,0.5,mg/L as C,0
E3S80192066,EL0419B0190,4/8/2019 7:09,Dissolved Ortho-phosphate,0.07,0.05,mg/L as P,0
E3S80192066,EL0419B0190,4/8/2019 7:09,Pheophytin a,3.02,0.5,µg/L,0
E3S80192066,EL0419B0190,4/8/2019 7:09,Total Phosphorus,0.11,0.01,mg/L as P,0
E3S80192066,EL0419B0190,4/8/2019 7:09,Total Kjeldahl Nitrogen,0.4,0.1,mg/L as N,0
E3S80192066,EL0419B0190,4/8/2019 7:09,Field Specific Conductance,463,1,uS/cm@25degC,0
B9S80231523,EL0419B0181,4/8/2019 8:53,Chlorophyll a,1.94,0.5,µg/L,0
B9S80231523,EL0419B0181,4/8/2019 8:53,Dissolved Nitrate + Nitrite,0.18,0.05,mg/L as N,0
B9S80231523,EL0419B0181,4/8/2019 8:53,Dissolved Organic Carbon,3.5,0.5,mg/L as C,0
B9S80231523,EL0419B0181,4/8/2019 8:53,Total Organic Carbon,3.6,0.5,mg/L as C,0
B9S80231523,EL0419B0181,4/8/2019 8:53,Dissolved Ortho-phosphate,0.063,0.05,mg/L as P,0
B9S80231523,EL0419B0181,4/8/2019 8:53,Pheophytin a,0.63,0.5,µg/L,0
B9S80231523,EL0419B0181,4/8/2019 8:53,Total Phosphorus,0.09,0.01,mg/L as P,0
B9S80231523,EL0419B0181,4/8/2019 8:53,Total Kjeldahl Nitrogen,0.4,0.1,mg/L as N,0
B9S80231523,EL0419B0181,4/8/2019 8:53,Field Specific Conductance,275.5,1,uS/cm@25degC,0
B9S80221524,EL0419B0182,4/8/2019 9:37,Chlorophyll a,1.51,0.5,µg/L,0
B9S80221524,EL0419B0182,4/8/2019 9:37,Dissolved Nitrate + Nitrite,0.18,0.05,mg/L as N,0
B9S80221524,EL0419B0182,4/8/2019 9:37,Dissolved Organic Carbon,3.8,0.5,mg/L as C,0
B9S80221524,EL0419B0182,4/8/2019 9:37,Total Organic Carbon,3.4,0.5,mg/L as C,0
B9S80221524,EL0419B0182,4/8/2019 9:37,Dissolved Ortho-phosphate,0.06,0.05,mg/L as P,0
B9S80221524,EL0419B0182,4/8/2019 9:37,Pheophytin a,0.61,0.5,µg/L,0
B9S80221524,EL0419B0182,4/8/2019 9:37,Total Phosphorus,0.08,0.01,mg/L as P,0
B9S80221524,EL0419B0182,4/8/2019 9:37,Total Kjeldahl Nitrogen,0.307,0.1,mg/L as N,0
B9S80221524,EL0419B0182,4/8/2019 9:37,Field Specific Conductance,265,1,uS/cm@25degC,0
E3S81071545,EL0419B0180,4/8/2019 10:08,Chlorophyll a,6.36,0.5,µg/L,EL0419B0176
E3S81071545,EL0419B0180,4/8/2019 10:08,Dissolved Nitrate + Nitrite,0.155,0.05,mg/L as N,EL0419B0176
E3S81071545,EL0419B0180,4/8/2019 10:08,Dissolved Organic Carbon,5.6,0.5,mg/L as C,EL0419B0176
E3S81071545,EL0419B0180,4/8/2019 10:08,Total Organic Carbon,5.4,0.5,mg/L as C,EL0419B0176
E3S81071545,EL0419B0180,4/8/2019 10:08,Dissolved Ortho-phosphate,0.072,0.05,mg/L as P,EL0419B0176
E3S81071545,EL0419B0180,4/8/2019 10:08,Pheophytin a,2.37,0.5,µg/L,EL0419B0176
E3S81071545,EL0419B0180,4/8/2019 10:08,Total Phosphorus,0.14,0.01,mg/L as P,EL0419B0176
E3S81071545,EL0419B0180,4/8/2019 10:08,Total Kjeldahl Nitrogen,0.622,0.1,mg/L as N,EL0419B0176
B9S80241522,EL0419B0183,4/8/2019 10:40,Chlorophyll a,1.27,0.5,µg/L,0
B9S80241522,EL0419B0183,4/8/2019 10:40,Dissolved Nitrate + Nitrite,0.12,0.05,mg/L as N,0
B9S80241522,EL0419B0183,4/8/2019 10:40,Total Organic Carbon,5.3,0.5,mg/L as C,0
B9S80241522,EL0419B0183,4/8/2019 10:40,Dissolved Organic Carbon,5.6,0.5,mg/L as C,0
B9S80241522,EL0419B0183,4/8/2019 10:40,Dissolved Ortho-phosphate,0.082,0.05,mg/L as P,0
B9S80241522,EL0419B0183,4/8/2019 10:40,Pheophytin a,< R.L.,0.5,µg/L,0
B9S80241522,EL0419B0183,4/8/2019 10:40,Total Phosphorus,0.1,0.01,mg/L as P,0
B9S80241522,EL0419B0183,4/8/2019 10:40,Total Kjeldahl Nitrogen,0.4,0.1,mg/L as N,0
B9S80241522,EL0419B0183,4/8/2019 10:40,Field Specific Conductance,578,1,uS/cm@25degC,0
E3S80192049,EL0419B0188,4/8/2019 12:47,Chlorophyll a,1.86,0.5,µg/L,0
E3S80192049,EL0419B0188,4/8/2019 12:47,Dissolved Nitrate + Nitrite,0.39,0.05,mg/L as N,0
E3S80192049,EL0419B0188,4/8/2019 12:47,Dissolved Organic Carbon,5.1,0.5,mg/L as C,0
E3S80192049,EL0419B0188,4/8/2019 12:47,Total Organic Carbon,4.9,0.5,mg/L as C,0
E3S80192049,EL0419B0188,4/8/2019 12:47,Dissolved Ortho-phosphate,0.067,0.05,mg/L as P,0
E3S80192049,EL0419B0188,4/8/2019 12:47,Pheophytin a,1.72,0.5,µg/L,0
E3S80192049,EL0419B0188,4/8/2019 12:47,Total Phosphorus,0.21,0.01,mg/L as P,0
E3S80192049,EL0419B0188,4/8/2019 12:47,Total Kjeldahl Nitrogen,0.6,0.1,mg/L as N,0
E3S80212052,EL0419B0189,4/8/2019 13:44,Chlorophyll a,1.27,0.5,µg/L,0
E3S80212052,EL0419B0189,4/8/2019 13:44,Dissolved Nitrate + Nitrite,0.27,0.05,mg/L as N,0
E3S80212052,EL0419B0189,4/8/2019 13:44,Dissolved Organic Carbon,3.5,0.5,mg/L as C,0
E3S80212052,EL0419B0189,4/8/2019 13:44,Total Organic Carbon,3.3,0.5,mg/L as C,0
E3S80212052,EL0419B0189,4/8/2019 13:44,Dissolved Ortho-phosphate,0.076,0.05,mg/L as P,0
E3S80212052,EL0419B0189,4/8/2019 13:44,Pheophytin a,0.85,0.5,µg/L,0
E3S80212052,EL0419B0189,4/8/2019 13:44,Total Phosphorus,0.13,0.01,mg/L as P,0
E3S80212052,EL0419B0189,4/8/2019 13:44,Total Kjeldahl Nitrogen,0.4,0.1,mg/L as N,0
E3S80212052,EL0419B0189,4/8/2019 13:44,Field Specific Conductance,480.4,1,uS/cm@25degC,0
E3S80462003,EL0419B0187,4/8/2019 14:32,Chlorophyll a,1.63,0.5,µg/L,0
E3S80462003,EL0419B0187,4/8/2019 14:32,Dissolved Nitrate + Nitrite,0.18,0.05,mg/L as N,0
E3S80462003,EL0419B0187,4/8/2019 14:32,Dissolved Organic Carbon,2.2,0.5,mg/L as C,0
E3S80462003,EL0419B0187,4/8/2019 14:32,Total Organic Carbon,2.2,0.5,mg/L as C,0
E3S80462003,EL0419B0187,4/8/2019 14:32,Dissolved Ortho-phosphate,< R.L.,0.05,mg/L as P,0
E3S80462003,EL0419B0187,4/8/2019 14:32,Pheophytin a,< R.L.,0.5,µg/L,0
E3S80462003,EL0419B0187,4/8/2019 14:32,Total Phosphorus,0.06,0.01,mg/L as P,0
E3S80462003,EL0419B0187,4/8/2019 14:32,Total Kjeldahl Nitrogen,0.312,0.1,mg/L as N,0
E3S80462003,EL0419B0187,4/8/2019 14:32,Field Specific Conductance,178.3,1,uS/cm@25degC,0
Blank; Equipment (ID:47718,EL0419B0192,4/8/2019 15:00,Chlorophyll a,< R.L.,0.5,µg/L,0
Blank; Equipment (ID:47718,EL0419B0192,4/8/2019 15:00,Dissolved Nitrate + Nitrite,< R.L.,0.05,mg/L as N,0
Blank; Equipment (ID:47718,EL0419B0192,4/8/2019 15:00,Dissolved Organic Carbon,< R.L.,0.5,mg/L as C,0
Blank; Equipment (ID:47718,EL0419B0192,4/8/2019 15:00,Total Organic Carbon,< R.L.,0.5,mg/L as C,0
Blank; Equipment (ID:47718,EL0419B0192,4/8/2019 15:00,Dissolved Ortho-phosphate,< R.L.,0.05,mg/L as P,0
Blank; Equipment (ID:47718,EL0419B0192,4/8/2019 15:00,Pheophytin a,< R.L.,0.5,µg/L,0
Blank; Equipment (ID:47718,EL0419B0192,4/8/2019 15:00,Total Phosphorus,< R.L.,0.01,mg/L as P,0
Blank; Equipment (ID:47718,EL0419B0192,4/8/2019 15:00,Total Kjeldahl Nitrogen,< R.L.,0.1,mg/L as N,0
E3S80482010,EL0419B0184,4/8/2019 15:57,Chlorophyll a,2.26,0.5,µg/L,0
E3S80482010,EL0419B0184,4/8/2019 15:57,Dissolved Nitrate + Nitrite,0.2,0.05,mg/L as N,0
E3S80482010,EL0419B0184,4/8/2019 15:57,Total Organic Carbon,2.2,0.5,mg/L as C,0
E3S80482010,EL0419B0184,4/8/2019 15:57,Dissolved Organic Carbon,2.4,0.5,mg/L as C,0
E3S80482010,EL0419B0184,4/8/2019 15:57,Dissolved Ortho-phosphate,0.052,0.05,mg/L as P,0
E3S80482010,EL0419B0184,4/8/2019 15:57,Pheophytin a,0.58,0.5,µg/L,0
E3S80482010,EL0419B0184,4/8/2019 15:57,Total Phosphorus,0.062,0.01,mg/L as P,0
E3S80482010,EL0419B0184,4/8/2019 15:57,Total Kjeldahl Nitrogen,0.3,0.1,mg/L as N,0
E3S80482010,EL0419B0184,4/8/2019 15:57,Field Specific Conductance,189.1,1,uS/cm@25degC,0
E3S804102007,EL0419B0185,4/8/2019 16:29,Chlorophyll a,1.8,0.5,µg/L,0
E3S804102007,EL0419B0185,4/8/2019 16:29,Dissolved Nitrate + Nitrite,0.19,0.05,mg/L as N,0
E3S804102007,EL0419B0185,4/8/2019 16:29,Dissolved Organic Carbon,2.4,0.5,mg/L as C,0
E3S804102007,EL0419B0185,4/8/2019 16:29,Total Organic Carbon,2.4,0.5,mg/L as C,0
E3S804102007,EL0419B0185,4/8/2019 16:29,Dissolved Ortho-phosphate,0.051,0.05,mg/L as P,0
E3S804102007,EL0419B0185,4/8/2019 16:29,Pheophytin a,0.7,0.5,µg/L,0
E3S804102007,EL0419B0185,4/8/2019 16:29,Total Phosphorus,0.07,0.01,mg/L as P,0
E3S804102007,EL0419B0185,4/8/2019 16:29,Total Kjeldahl Nitrogen,0.3,0.1,mg/L as N,0
E3S804102007,EL0419B0185,4/8/2019 16:29,Field Specific Conductance,205,1,uS/cm@25degC,0
E3S80462005,EL0419B0186,4/8/2019 17:02,Chlorophyll a,1.83,0.5,µg/L,0
E3S80462005,EL0419B0186,4/8/2019 17:02,Dissolved Nitrate + Nitrite,0.184,0.05,mg/L as N,0
E3S80462005,EL0419B0186,4/8/2019 17:02,Dissolved Organic Carbon,2.3,0.5,mg/L as C,0
E3S80462005,EL0419B0186,4/8/2019 17:02,Dissolved Organic Carbon,2.3,0.5,mg/L as C,0
E3S80462005,EL0419B0186,4/8/2019 17:02,Total Organic Carbon,2.4,0.5,mg/L as C,0
E3S80462005,EL0419B0186,4/8/2019 17:02,Total Organic Carbon,2.4,0.5,mg/L as C,0
E3S80462005,EL0419B0186,4/8/2019 17:02,Dissolved Ortho-phosphate,0.059,0.05,mg/L as P,0
E3S80462005,EL0419B0186,4/8/2019 17:02,Pheophytin a,< R.L.,0.5,µg/L,0
E3S80462005,EL0419B0186,4/8/2019 17:02,Total Phosphorus,0.07,0.01,mg/L as P,0
E3S80462005,EL0419B0186,4/8/2019 17:02,Total Kjeldahl Nitrogen,0.3,0.1,mg/L as N,0
E3S80462005,EL0419B0186,4/8/2019 17:02,Field Specific Conductance,208.5,1,uS/cm@25degC,0
E3S81191549,EL0419B0171,4/9/2019 9:40,Chlorophyll a,9.93,0.5,µg/L,0
E3S81191549,EL0419B0171,4/9/2019 9:40,Dissolved Nitrate + Nitrite,0.33,0.05,mg/L as N,0
E3S81191549,EL0419B0171,4/9/2019 9:40,Dissolved Organic Carbon,12.5,0.5,mg/L as C,0
E3S81191549,EL0419B0171,4/9/2019 9:40,Total Organic Carbon,11.7,0.5,mg/L as C,0
E3S81191549,EL0419B0171,4/9/2019 9:40,Dissolved Ortho-phosphate,0.063,0.05,mg/L as P,0
E3S81191549,EL0419B0171,4/9/2019 9:40,Pheophytin a,2.79,0.5,µg/L,0
E3S81191549,EL0419B0171,4/9/2019 9:40,Total Phosphorus,0.245,0.01,mg/L as P,0
E3S81191549,EL0419B0171,4/9/2019 9:40,Total Kjeldahl Nitrogen,1.22,0.1,mg/L as N,0
E3S81191549,EL0419B0171,4/9/2019 9:40,Field Specific Conductance,2148,1,uS/cm@25degC,0
E3S811101550,EL0419B0172,4/9/2019 10:45,Chlorophyll a,16.8,0.5,µg/L,0
E3S811101550,EL0419B0172,4/9/2019 10:45,Dissolved Nitrate + Nitrite,0.33,0.05,mg/L as N,0
E3S811101550,EL0419B0172,4/9/2019 10:45,Dissolved Organic Carbon,13.2,0.5,mg/L as C,0
E3S811101550,EL0419B0172,4/9/2019 10:45,Total Organic Carbon,12.3,0.5,mg/L as C,0
E3S811101550,EL0419B0172,4/9/2019 10:45,Dissolved Ortho-phosphate,0.069,0.05,mg/L as P,0
E3S811101550,EL0419B0172,4/9/2019 10:45,Pheophytin a,2.65,0.5,µg/L,0
E3S811101550,EL0419B0172,4/9/2019 10:45,Total Phosphorus,0.24,0.01,mg/L as P,0
E3S811101550,EL0419B0172,4/9/2019 10:45,Total Kjeldahl Nitrogen,1.3,0.1,mg/L as N,0
E3S811101550,EL0419B0172,4/9/2019 10:45,Field Specific Conductance,2228,1,uS/cm@25degC,0
E3S811101553,EL0419B0173,4/9/2019 11:35,Chlorophyll a,8.31,0.5,µg/L,0
E3S811101553,EL0419B0173,4/9/2019 11:35,Dissolved Nitrate + Nitrite,0.42,0.05,mg/L as N,0
E3S811101553,EL0419B0173,4/9/2019 11:35,Dissolved Organic Carbon,15.6,0.5,mg/L as C,0
E3S811101553,EL0419B0173,4/9/2019 11:35,Total Organic Carbon,15,0.5,mg/L as C,0
E3S811101553,EL0419B0173,4/9/2019 11:35,Dissolved Ortho-phosphate,0.06,0.05,mg/L as P,0
E3S811101553,EL0419B0173,4/9/2019 11:35,Pheophytin a,2.85,0.5,µg/L,0
E3S811101553,EL0419B0173,4/9/2019 11:35,Total Phosphorus,0.29,0.01,mg/L as P,0
E3S811101553,EL0419B0173,4/9/2019 11:35,Total Kjeldahl Nitrogen,1.6,0.1,mg/L as N,0
E3S811101553,EL0419B0173,4/9/2019 11:35,Field Specific Conductance,2504,1,uS/cm@25degC,0
E3S81051561,EL0419B0177,4/9/2019 12:45,Chlorophyll a,26.5,0.5,µg/L,0
E3S81051561,EL0419B0177,4/9/2019 12:45,Dissolved Nitrate + Nitrite,0.1,0.05,mg/L as N,0
E3S81051561,EL0419B0177,4/9/2019 12:45,Dissolved Organic Carbon,8.1,0.5,mg/L as C,0
E3S81051561,EL0419B0177,4/9/2019 12:45,Total Organic Carbon,7.1,0.5,mg/L as C,0
E3S81051561,EL0419B0177,4/9/2019 12:45,Dissolved Ortho-phosphate,< R.L.,0.05,mg/L as P,0
E3S81051561,EL0419B0177,4/9/2019 12:45,Pheophytin a,3.16,0.5,µg/L,0
E3S81051561,EL0419B0177,4/9/2019 12:45,Total Phosphorus,0.192,0.01,mg/L as P,0
E3S81051561,EL0419B0177,4/9/2019 12:45,Total Kjeldahl Nitrogen,0.9,0.1,mg/L as N,0
E3S81051561,EL0419B0177,4/9/2019 12:45,Field Specific Conductance,1301,1,uS/cm@25degC,0
E3S81041559,EL0419B0178,4/9/2019 13:35,Chlorophyll a,2.17,0.5,µg/L,0
E3S81041559,EL0419B0178,4/9/2019 13:35,Dissolved Nitrate + Nitrite,0.19,0.05,mg/L as N,0
E3S81041559,EL0419B0178,4/9/2019 13:35,Dissolved Organic Carbon,3.3,0.5,mg/L as C,0
E3S81041559,EL0419B0178,4/9/2019 13:35,Total Organic Carbon,3.3,0.5,mg/L as C,0
E3S81041559,EL0419B0178,4/9/2019 13:35,Dissolved Ortho-phosphate,0.051,0.05,mg/L as P,0
E3S81041559,EL0419B0178,4/9/2019 13:35,Pheophytin a,2.41,0.5,µg/L,0
E3S81041559,EL0419B0178,4/9/2019 13:35,Total Phosphorus,0.1,0.01,mg/L as P,0
E3S81041559,EL0419B0178,4/9/2019 13:35,Total Phosphorus,0.1,0.01,mg/L as P,0
E3S81041559,EL0419B0178,4/9/2019 13:35,Total Kjeldahl Nitrogen,0.376,0.1,mg/L as N,0
E3S81041559,EL0419B0178,4/9/2019 13:35,Total Kjeldahl Nitrogen,0.377,0.1,mg/L as N,0
E3S81041559,EL0419B0178,4/9/2019 13:35,Field Specific Conductance,1277,1,uS/cm@25degC,0
E3S81041558,EL0419B0179,4/9/2019 14:20,Chlorophyll a,3.37,0.5,µg/L,0
E3S81041558,EL0419B0179,4/9/2019 14:20,Dissolved Nitrate + Nitrite,0.193,0.05,mg/L as N,0
E3S81041558,EL0419B0179,4/9/2019 14:20,Dissolved Organic Carbon,4.3,0.5,mg/L as C,0
E3S81041558,EL0419B0179,4/9/2019 14:20,Total Organic Carbon,4.4,0.5,mg/L as C,0
E3S81041558,EL0419B0179,4/9/2019 14:20,Dissolved Ortho-phosphate,0.052,0.05,mg/L as P,0
E3S81041558,EL0419B0179,4/9/2019 14:20,Pheophytin a,2.08,0.5,µg/L,0
E3S81041558,EL0419B0179,4/9/2019 14:20,Total Phosphorus,0.12,0.01,mg/L as P,0
E3S81041558,EL0419B0179,4/9/2019 14:20,Total Kjeldahl Nitrogen,0.5,0.1,mg/L as N,0
E3S81041558,EL0419B0179,4/9/2019 14:20,Field Specific Conductance,664,1,uS/cm@25degC,0
E3S81031544,EL0419B0174,4/10/2019 9:09,Chlorophyll a,6.39,0.5,µg/L,0
E3S81031544,EL0419B0174,4/10/2019 9:09,Dissolved Nitrate + Nitrite,0.15,0.05,mg/L as N,0
E3S81031544,EL0419B0174,4/10/2019 9:09,Dissolved Organic Carbon,6.4,0.5,mg/L as C,0
E3S81031544,EL0419B0174,4/10/2019 9:09,Total Organic Carbon,6.2,0.5,mg/L as C,0
E3S81031544,EL0419B0174,4/10/2019 9:09,Dissolved Ortho-phosphate,0.069,0.05,mg/L as P,0
E3S81031544,EL0419B0174,4/10/2019 9:09,Pheophytin a,3.16,0.5,µg/L,0
E3S81031544,EL0419B0174,4/10/2019 9:09,Total Phosphorus,0.182,0.01,mg/L as P,0
E3S81031544,EL0419B0174,4/10/2019 9:09,Total Kjeldahl Nitrogen,0.7,0.1,mg/L as N,0
E3S81031544,EL0419B0174,4/10/2019 9:09,Field Specific Conductance,996,1,uS/cm@25degC,0
E3S81071545,EL0419B0176,4/10/2019 10:08,Chlorophyll a,5.76,0.5,µg/L,0
E3S81071545,EL0419B0176,4/10/2019 10:08,Dissolved Nitrate + Nitrite,0.154,0.05,mg/L as N,0
E3S81071545,EL0419B0176,4/10/2019 10:08,Dissolved Organic Carbon,5.6,0.5,mg/L as C,0
E3S81071545,EL0419B0176,4/10/2019 10:08,Dissolved Organic Carbon,5.6,0.5,mg/L as C,0
E3S81071545,EL0419B0176,4/10/2019 10:08,Total Organic Carbon,5.2,0.5,mg/L as C,0
E3S81071545,EL0419B0176,4/10/2019 10:08,Total Organic Carbon,5.2,0.5,mg/L as C,0
E3S81071545,EL0419B0176,4/10/2019 10:08,Dissolved Ortho-phosphate,0.057,0.05,mg/L as P,0
E3S81071545,EL0419B0176,4/10/2019 10:08,Pheophytin a,2.37,0.5,µg/L,0
E3S81071545,EL0419B0176,4/10/2019 10:08,Total Phosphorus,0.1,0.01,mg/L as P,0
E3S81071545,EL0419B0176,4/10/2019 10:08,Total Kjeldahl Nitrogen,0.6,0.1,mg/L as N,0
E3S81071545,EL0419B0176,4/10/2019 10:08,Field Specific Conductance,841,1,uS/cm@25degC,0
E3S81182017,EL0419B0169,4/10/2019 12:16,Chlorophyll a,4.99,0.5,µg/L,0
E3S81182017,EL0419B0169,4/10/2019 12:16,Dissolved Nitrate + Nitrite,0.63,0.05,mg/L as N,0
E3S81182017,EL0419B0169,4/10/2019 12:16,Dissolved Organic Carbon,13,0.5,mg/L as C,0
E3S81182017,EL0419B0169,4/10/2019 12:16,Total Organic Carbon,13,0.5,mg/L as C,0
E3S81182017,EL0419B0169,4/10/2019 12:16,Dissolved Ortho-phosphate,0.33,0.05,mg/L as P,0
E3S81182017,EL0419B0169,4/10/2019 12:16,Pheophytin a,2.61,0.5,µg/L,0
E3S81182017,EL0419B0169,4/10/2019 12:16,Total Phosphorus,0.58,0.01,mg/L as P,0
E3S81182017,EL0419B0169,4/10/2019 12:16,Total Kjeldahl Nitrogen,1.4,0.1,mg/L as N,0
E3S81182017,EL0419B0169,4/10/2019 12:16,Field Specific Conductance,2785,1,uS/cm@25degC,0
E3S811920110,EL0419B0168,4/10/2019 13:30,Chlorophyll a,6.11,0.5,µg/L,0
E3S811920110,EL0419B0168,4/10/2019 13:30,Dissolved Nitrate + Nitrite,0.55,0.05,mg/L as N,0
E3S811920110,EL0419B0168,4/10/2019 13:30,Dissolved Organic Carbon,13.5,0.5,mg/L as C,0
E3S811920110,EL0419B0168,4/10/2019 13:30,Total Organic Carbon,12.8,0.5,mg/L as C,0
E3S811920110,EL0419B0168,4/10/2019 13:30,Dissolved Ortho-phosphate,0.245,0.05,mg/L as P,0
E3S811920110,EL0419B0168,4/10/2019 13:30,Pheophytin a,5.13,0.5,µg/L,0
E3S811920110,EL0419B0168,4/10/2019 13:30,Total Phosphorus,0.84,0.01,mg/L as P,0
E3S811920110,EL0419B0168,4/10/2019 13:30,Total Kjeldahl Nitrogen,1.9,0.1,mg/L as N,0
E3S811920110,EL0419B0168,4/10/2019 13:30,Field Specific Conductance,3019,1,uS/cm@25degC,0
E3S811720110,EL0419B0170,4/10/2019 14:40,Chlorophyll a,8.62,0.5,µg/L,0
E3S811720110,EL0419B0170,4/10/2019 14:40,Dissolved Nitrate + Nitrite,1.5,0.05,mg/L as N,0
E3S811720110,EL0419B0170,4/10/2019 14:40,Dissolved Organic Carbon,10.6,0.5,mg/L as C,0
E3S811720110,EL0419B0170,4/10/2019 14:40,Total Organic Carbon,10.6,0.5,mg/L as C,0
E3S811720110,EL0419B0170,4/10/2019 14:40,Dissolved Ortho-phosphate,0.477,0.05,mg/L as P,0
E3S811720110,EL0419B0170,4/10/2019 14:40,Pheophytin a,3.37,0.5,µg/L,0
E3S811720110,EL0419B0170,4/10/2019 14:40,Total Phosphorus,0.72,0.01,mg/L as P,0
E3S811720110,EL0419B0170,4/10/2019 14:40,Total Kjeldahl Nitrogen,1.3,0.1,mg/L as N,0
E3S811720110,EL0419B0170,4/10/2019 14:40,Field Specific Conductance,2212,1,uS/cm@25degC,0
E3S80192049,EL0419B0213,4/16/2019 7:33,Chlorophyll a,3.23,0.5,µg/L,0
E3S80192049,EL0419B0213,4/16/2019 7:33,Dissolved Nitrate + Nitrite,0.19,0.05,mg/L as N,0
E3S80192049,EL0419B0213,4/16/2019 7:33,Dissolved Organic Carbon,2.5,0.5,mg/L as C,0
E3S80192049,EL0419B0213,4/16/2019 7:33,Dissolved Organic Carbon,2.4,0.5,mg/L as C,0
E3S80192049,EL0419B0213,4/16/2019 7:33,Total Organic Carbon,2.5,0.5,mg/L as C,0
E3S80192049,EL0419B0213,4/16/2019 7:33,Total Organic Carbon,2.5,0.5,mg/L as C,0
E3S80192049,EL0419B0213,4/16/2019 7:33,Dissolved Ortho-phosphate,0.067,0.05,mg/L as P,0
E3S80192049,EL0419B0213,4/16/2019 7:33,Pheophytin a,2.73,0.5,µg/L,0
E3S80192049,EL0419B0213,4/16/2019 7:33,Total Phosphorus,0.12,0.01,mg/L as P,0
E3S80192049,EL0419B0213,4/16/2019 7:33,Total Kjeldahl Nitrogen,0.4,0.1,mg/L as N,0
E3S80192049,EL0419B0213,4/16/2019 7:33,Field Specific Conductance,1068,1,uS/cm@25degC,0
E3S80212052,EL0419B0214,4/16/2019 9:29,Chlorophyll a,3.05,0.5,µg/L,0
E3S80212052,EL0419B0214,4/16/2019 9:29,Dissolved Nitrate + Nitrite,0.19,0.05,mg/L as N,0
E3S80212052,EL0419B0214,4/16/2019 9:29,Dissolved Organic Carbon,2.4,0.5,mg/L as C,0
E3S80212052,EL0419B0214,4/16/2019 9:29,Total Organic Carbon,2.4,0.5,mg/L as C,0
E3S80212052,EL0419B0214,4/16/2019 9:29,Dissolved Ortho-phosphate,0.068,0.05,mg/L as P,0
E3S80212052,EL0419B0214,4/16/2019 9:29,Pheophytin a,3.06,0.5,µg/L,0
E3S80212052,EL0419B0214,4/16/2019 9:29,Total Phosphorus,0.12,0.01,mg/L as P,0
E3S80212052,EL0419B0214,4/16/2019 9:29,Total Kjeldahl Nitrogen,0.4,0.1,mg/L as N,0
E3S80212052,EL0419B0214,4/16/2019 9:29,Field Specific Conductance,369,1,uS/cm@25degC,0
E3S80462005,EL0419B0211,4/16/2019 11:26,Chlorophyll a,2.02,0.5,µg/L,0
E3S80462005,EL0419B0211,4/16/2019 11:26,Dissolved Nitrate + Nitrite,0.156,0.05,mg/L as N,0
E3S80462005,EL0419B0211,4/16/2019 11:26,Dissolved Organic Carbon,2,0.5,mg/L as C,0
E3S80462005,EL0419B0211,4/16/2019 11:26,Total Organic Carbon,2,0.5,mg/L as C,0
E3S80462005,EL0419B0211,4/16/2019 11:26,Dissolved Ortho-phosphate,0.054,0.05,mg/L as P,0
E3S80462005,EL0419B0211,4/16/2019 11:26,Pheophytin a,0.91,0.5,µg/L,0
E3S80462005,EL0419B0211,4/16/2019 11:26,Total Phosphorus,0.06,0.01,mg/L as P,0
E3S80462005,EL0419B0211,4/16/2019 11:26,Total Kjeldahl Nitrogen,0.251,0.1,mg/L as N,0
E3S80462005,EL0419B0211,4/16/2019 11:26,Field Specific Conductance,159,1,uS/cm@25degC,0
E3S804102007,EL0419B0210,4/16/2019 12:25,Chlorophyll a,2.3,0.5,µg/L,0
E3S804102007,EL0419B0210,4/16/2019 12:25,Dissolved Nitrate + Nitrite,0.155,0.05,mg/L as N,0
E3S804102007,EL0419B0210,4/16/2019 12:25,Dissolved Organic Carbon,2.1,0.5,mg/L as C,0
E3S804102007,EL0419B0210,4/16/2019 12:25,Total Organic Carbon,2.1,0.5,mg/L as C,0
E3S804102007,EL0419B0210,4/16/2019 12:25,Dissolved Ortho-phosphate,0.055,0.05,mg/L as P,0
E3S804102007,EL0419B0210,4/16/2019 12:25,Pheophytin a,0.92,0.5,µg/L,0
E3S804102007,EL0419B0210,4/16/2019 12:25,Total Phosphorus,0.07,0.01,mg/L as P,0
E3S804102007,EL0419B0210,4/16/2019 12:25,Total Kjeldahl Nitrogen,0.3,0.1,mg/L as N,0
E3S804102007,EL0419B0210,4/16/2019 12:25,Field Specific Conductance,180,1,uS/cm@25degC,0
E3S80482010,EL0419B0209,4/16/2019 13:12,Chlorophyll a,2.22,0.5,µg/L,0
E3S80482010,EL0419B0209,4/16/2019 13:12,Dissolved Nitrate + Nitrite,0.152,0.05,mg/L as N,0
E3S80482010,EL0419B0209,4/16/2019 13:12,Dissolved Organic Carbon,2.2,0.5,mg/L as C,0
E3S80482010,EL0419B0209,4/16/2019 13:12,Total Organic Carbon,2.2,0.5,mg/L as C,0
E3S80482010,EL0419B0209,4/16/2019 13:12,Dissolved Ortho-phosphate,0.058,0.05,mg/L as P,0
E3S80482010,EL0419B0209,4/16/2019 13:12,Pheophytin a,1.29,0.5,µg/L,0
E3S80482010,EL0419B0209,4/16/2019 13:12,Total Phosphorus,0.07,0.01,mg/L as P,0
E3S80482010,EL0419B0209,4/16/2019 13:12,Total Kjeldahl Nitrogen,0.3,0.1,mg/L as N,0
E3S80482010,EL0419B0209,4/16/2019 13:12,Field Specific Conductance,182,1,uS/cm@25degC,0
B9S80241522,EL0419B0208,4/16/2019 14:17,Chlorophyll a,1.54,0.5,µg/L,0
B9S80241522,EL0419B0208,4/16/2019 14:17,Dissolved Nitrate + Nitrite,0.17,0.05,mg/L as N,0
B9S80241522,EL0419B0208,4/16/2019 14:17,Dissolved Organic Carbon,2.5,0.5,mg/L as C,0
B9S80241522,EL0419B0208,4/16/2019 14:17,Total Organic Carbon,2.6,0.5,mg/L as C,0
B9S80241522,EL0419B0208,4/16/2019 14:17,Dissolved Ortho-phosphate,0.054,0.05,mg/L as P,0
B9S80241522,EL0419B0208,4/16/2019 14:17,Pheophytin a,1.23,0.5,µg/L,0
B9S80241522,EL0419B0208,4/16/2019 14:17,Total Phosphorus,0.08,0.01,mg/L as P,0
B9S80241522,EL0419B0208,4/16/2019 14:17,Total Kjeldahl Nitrogen,0.3,0.1,mg/L as N,0
B9S80241522,EL0419B0208,4/16/2019 14:17,Field Specific Conductance,194,1,uS/cm@25degC,0
E3S80462003,EL0419B0212,4/16/2019 14:17,Chlorophyll a,2.63,0.5,µg/L,0
E3S80462003,EL0419B0212,4/16/2019 14:17,Dissolved Nitrate + Nitrite,0.16,0.05,mg/L as N,0
E3S80462003,EL0419B0212,4/16/2019 14:17,Dissolved Organic Carbon,2,0.5,mg/L as C,0
E3S80462003,EL0419B0212,4/16/2019 14:17,Total Organic Carbon,2,0.5,mg/L as C,0
E3S80462003,EL0419B0212,4/16/2019 14:17,Dissolved Ortho-phosphate,< R.L.,0.05,mg/L as P,0
E3S80462003,EL0419B0212,4/16/2019 14:17,Pheophytin a,0.95,0.5,µg/L,0
E3S80462003,EL0419B0212,4/16/2019 14:17,Total Phosphorus,0.063,0.01,mg/L as P,0
E3S80462003,EL0419B0212,4/16/2019 14:17,Total Kjeldahl Nitrogen,0.2,0.1,mg/L as N,0
E3S80462003,EL0419B0212,4/16/2019 14:17,Field Specific Conductance,194,1,uS/cm@25degC,0
B9S80231523,EL0419B0206,4/16/2019 15:07,Chlorophyll a,1.78,0.5,µg/L,0
B9S80231523,EL0419B0206,4/16/2019 15:07,Dissolved Nitrate + Nitrite,0.154,0.05,mg/L as N,0
B9S80231523,EL0419B0206,4/16/2019 15:07,Total Organic Carbon,2.8,0.5,mg/L as C,0
B9S80231523,EL0419B0206,4/16/2019 15:07,Dissolved Organic Carbon,2.8,0.5,mg/L as C,0
B9S80231523,EL0419B0206,4/16/2019 15:07,Dissolved Ortho-phosphate,0.061,0.05,mg/L as P,0
B9S80231523,EL0419B0206,4/16/2019 15:07,Pheophytin a,0.88,0.5,µg/L,0
B9S80231523,EL0419B0206,4/16/2019 15:07,Total Phosphorus,0.07,0.01,mg/L as P,0
B9S80231523,EL0419B0206,4/16/2019 15:07,Total Phosphorus,0.07,0.01,mg/L as P,0
B9S80231523,EL0419B0206,4/16/2019 15:07,Total Kjeldahl Nitrogen,0.3,0.1,mg/L as N,0
B9S80231523,EL0419B0206,4/16/2019 15:07,Total Kjeldahl Nitrogen,0.3,0.1,mg/L as N,0
B9S80231523,EL0419B0206,4/16/2019 15:07,Field Specific Conductance,211,1,uS/cm@25degC,0
Blank; Equipment (ID:47718,EL0419B0217,4/16/2019 15:15,Chlorophyll a,< R.L.,0.5,µg/L,0
Blank; Equipment (ID:47718,EL0419B0217,4/16/2019 15:15,Dissolved Nitrate + Nitrite,< R.L.,0.05,mg/L as N,0
Blank; Equipment (ID:47718,EL0419B0217,4/16/2019 15:15,Dissolved Organic Carbon,< R.L.,0.5,mg/L as C,0
Blank; Equipment (ID:47718,EL0419B0217,4/16/2019 15:15,Total Organic Carbon,< R.L.,0.5,mg/L as C,0
Blank; Equipment (ID:47718,EL0419B0217,4/16/2019 15:15,Dissolved Ortho-phosphate,< R.L.,0.05,mg/L as P,0
Blank; Equipment (ID:47718,EL0419B0217,4/16/2019 15:15,Pheophytin a,< R.L.,0.5,µg/L,0
Blank; Equipment (ID:47718,EL0419B0217,4/16/2019 15:15,Total Phosphorus,< R.L.,0.01,mg/L as P,0
Blank; Equipment (ID:47718,EL0419B0217,4/16/2019 15:15,Total Kjeldahl Nitrogen,< R.L.,0.1,mg/L as N,0
B9S80221524,EL0419B0207,4/16/2019 15:55,Chlorophyll a,1.84,0.5,µg/L,0
B9S80221524,EL0419B0207,4/16/2019 15:55,Dissolved Nitrate + Nitrite,0.15,0.05,mg/L as N,0
B9S80221524,EL0419B0207,4/16/2019 15:55,Dissolved Organic Carbon,2.6,0.5,mg/L as C,0
B9S80221524,EL0419B0207,4/16/2019 15:55,Total Organic Carbon,2.7,0.5,mg/L as C,0
B9S80221524,EL0419B0207,4/16/2019 15:55,Dissolved Ortho-phosphate,0.062,0.05,mg/L as P,0
B9S80221524,EL0419B0207,4/16/2019 15:55,Pheophytin a,0.69,0.5,µg/L,0
B9S80221524,EL0419B0207,4/16/2019 15:55,Total Phosphorus,0.07,0.01,mg/L as P,0
B9S80221524,EL0419B0207,4/16/2019 15:55,Total Kjeldahl Nitrogen,0.3,0.1,mg/L as N,0
B9S80221524,EL0419B0207,4/16/2019 15:55,Field Specific Conductance,211,1,uS/cm@25degC,0
E3S81191549,EL0419B0196,4/17/2019 9:35,Chlorophyll a,9.98,0.5,µg/L,0
E3S81191549,EL0419B0196,4/17/2019 9:35,Dissolved Nitrate + Nitrite,0.27,0.05,mg/L as N,0
E3S81191549,EL0419B0196,4/17/2019 9:35,Dissolved Organic Carbon,10.2,0.5,mg/L as C,0
E3S81191549,EL0419B0196,4/17/2019 9:35,Total Organic Carbon,9.6,0.5,mg/L as C,0
E3S81191549,EL0419B0196,4/17/2019 9:35,Dissolved Ortho-phosphate,0.057,0.05,mg/L as P,0
E3S81191549,EL0419B0196,4/17/2019 9:35,Pheophytin a,4.77,0.5,µg/L,0
E3S81191549,EL0419B0196,4/17/2019 9:35,Total Phosphorus,0.23,0.01,mg/L as P,0
E3S81191549,EL0419B0196,4/17/2019 9:35,Total Kjeldahl Nitrogen,1.1,0.1,mg/L as N,0
E3S81191549,EL0419B0196,4/17/2019 9:35,Field Specific Conductance,1909,1,uS/cm@25degC,0
E3S811101550,EL0419B0197,4/17/2019 9:50,Chlorophyll a,4.26,0.5,µg/L,0
E3S811101550,EL0419B0197,4/17/2019 9:50,Dissolved Nitrate + Nitrite,0.26,0.05,mg/L as N,0
E3S811101550,EL0419B0197,4/17/2019 9:50,Dissolved Organic Carbon,9.8,0.5,mg/L as C,0
E3S811101550,EL0419B0197,4/17/2019 9:50,Total Organic Carbon,9.4,0.5,mg/L as C,0
E3S811101550,EL0419B0197,4/17/2019 9:50,Dissolved Ortho-phosphate,0.055,0.05,mg/L as P,0
E3S811101550,EL0419B0197,4/17/2019 9:50,Pheophytin a,3.71,0.5,µg/L,0
E3S811101550,EL0419B0197,4/17/2019 9:50,Total Phosphorus,0.24,0.01,mg/L as P,0
E3S811101550,EL0419B0197,4/17/2019 9:50,Total Kjeldahl Nitrogen,1.1,0.1,mg/L as N,0
E3S811101550,EL0419B0197,4/17/2019 9:50,Field Specific Conductance,1853,1,uS/cm@25degC,0
E3S811101553,EL0419B0198,4/17/2019 10:20,Chlorophyll a,12.5,0.5,µg/L,0
E3S811101553,EL0419B0198,4/17/2019 10:20,Dissolved Nitrate + Nitrite,0.23,0.05,mg/L as N,0
E3S811101553,EL0419B0198,4/17/2019 10:20,Dissolved Organic Carbon,8.3,0.5,mg/L as C,0
E3S811101553,EL0419B0198,4/17/2019 10:20,Total Organic Carbon,8.1,0.5,mg/L as C,0
E3S811101553,EL0419B0198,4/17/2019 10:20,Dissolved Ortho-phosphate,0.057,0.05,mg/L as P,0
E3S811101553,EL0419B0198,4/17/2019 10:20,Pheophytin a,4.33,0.5,µg/L,0
E3S811101553,EL0419B0198,4/17/2019 10:20,Total Phosphorus,0.19,0.01,mg/L as P,0
E3S811101553,EL0419B0198,4/17/2019 10:20,Total Kjeldahl Nitrogen,0.8,0.1,mg/L as N,0
E3S811101553,EL0419B0198,4/17/2019 10:20,Field Specific Conductance,1609,1,uS/cm@25degC,0
E3S811101550,EL0419B0205,4/17/2019 10:20,Chlorophyll a,6.25,0.5,µg/L,EL0419B0197
E3S811101550,EL0419B0205,4/17/2019 10:20,Dissolved Nitrate + Nitrite,0.23,0.05,mg/L as N,EL0419B0197
E3S811101550,EL0419B0205,4/17/2019 10:20,Dissolved Organic Carbon,8.4,0.5,mg/L as C,EL0419B0197
E3S811101550,EL0419B0205,4/17/2019 10:20,Total Organic Carbon,8.1,0.5,mg/L as C,EL0419B0197
E3S811101550,EL0419B0205,4/17/2019 10:20,Dissolved Ortho-phosphate,0.058,0.05,mg/L as P,EL0419B0197
E3S811101550,EL0419B0205,4/17/2019 10:20,Pheophytin a,1.84,0.5,µg/L,EL0419B0197
E3S811101550,EL0419B0205,4/17/2019 10:20,Total Phosphorus,0.215,0.01,mg/L as P,EL0419B0197
E3S811101550,EL0419B0205,4/17/2019 10:20,Total Kjeldahl Nitrogen,1.03,0.1,mg/L as N,EL0419B0197
E3S81031544,EL0419B0199,4/17/2019 10:40,Chlorophyll a,4.49,0.5,µg/L,0
E3S81031544,EL0419B0199,4/17/2019 10:40,Dissolved Nitrate + Nitrite,0.14,0.05,mg/L as N,0
E3S81031544,EL0419B0199,4/17/2019 10:40,Dissolved Organic Carbon,4.9,0.5,mg/L as C,0
E3S81031544,EL0419B0199,4/17/2019 10:40,Total Organic Carbon,5.2,0.5,mg/L as C,0
E3S81031544,EL0419B0199,4/17/2019 10:40,Dissolved Ortho-phosphate,< R.L.,0.05,mg/L as P,0
E3S81031544,EL0419B0199,4/17/2019 10:40,Pheophytin a,1.74,0.5,µg/L,0
E3S81031544,EL0419B0199,4/17/2019 10:40,Total Phosphorus,0.106,0.01,mg/L as P,0
E3S81031544,EL0419B0199,4/17/2019 10:40,Total Kjeldahl Nitrogen,0.5,0.1,mg/L as N,0
E3S81031544,EL0419B0199,4/17/2019 10:40,Field Specific Conductance,780,1,uS/cm@25degC,0
E3S81071545,EL0419B0201,4/17/2019 11:00,Chlorophyll a,2.53,0.5,µg/L,0
E3S81071545,EL0419B0201,4/17/2019 11:00,Dissolved Nitrate + Nitrite,0.16,0.05,mg/L as N,0
E3S81071545,EL0419B0201,4/17/2019 11:00,Dissolved Organic Carbon,3.9,0.5,mg/L as C,0
E3S81071545,EL0419B0201,4/17/2019 11:00,Dissolved Organic Carbon,4,0.5,mg/L as C,0
E3S81071545,EL0419B0201,4/17/2019 11:00,Total Organic Carbon,3.7,0.5,mg/L as C,0
E3S81071545,EL0419B0201,4/17/2019 11:00,Total Organic Carbon,3.6,0.5,mg/L as C,0
E3S81071545,EL0419B0201,4/17/2019 11:00,Dissolved Ortho-phosphate,0.05,0.05,mg/L as P,0
E3S81071545,EL0419B0201,4/17/2019 11:00,Pheophytin a,2.22,0.5,µg/L,0
E3S81071545,EL0419B0201,4/17/2019 11:00,Total Phosphorus,0.106,0.01,mg/L as P,0
E3S81071545,EL0419B0201,4/17/2019 11:00,Total Kjeldahl Nitrogen,0.5,0.1,mg/L as N,0
E3S81071545,EL0419B0201,4/17/2019 11:00,Field Specific Conductance,603,1,uS/cm@25degC,0
E3S81051561,EL0419B0202,4/17/2019 11:30,Chlorophyll a,3.19,0.5,µg/L,0
E3S81051561,EL0419B0202,4/17/2019 11:30,Dissolved Nitrate + Nitrite,0.17,0.05,mg/L as N,0
E3S81051561,EL0419B0202,4/17/2019 11:30,Dissolved Organic Carbon,4,0.5,mg/L as C,0
E3S81051561,EL0419B0202,4/17/2019 11:30,Total Organic Carbon,4,0.5,mg/L as C,0
E3S81051561,EL0419B0202,4/17/2019 11:30,Dissolved Ortho-phosphate,0.054,0.05,mg/L as P,0
E3S81051561,EL0419B0202,4/17/2019 11:30,Pheophytin a,3.03,0.5,µg/L,0
E3S81051561,EL0419B0202,4/17/2019 11:30,Total Phosphorus,0.111,0.01,mg/L as P,0
E3S81051561,EL0419B0202,4/17/2019 11:30,Total Kjeldahl Nitrogen,0.4,0.1,mg/L as N,0
E3S81051561,EL0419B0202,4/17/2019 11:30,Field Specific Conductance,711,1,uS/cm@25degC,0
E3S81041559,EL0419B0203,4/17/2019 11:45,Chlorophyll a,2.48,0.5,µg/L,0
E3S81041559,EL0419B0203,4/17/2019 11:45,Dissolved Nitrate + Nitrite,0.17,0.05,mg/L as N,0
E3S81041559,EL0419B0203,4/17/2019 11:45,Dissolved Organic Carbon,4,0.5,mg/L as C,0
E3S81041559,EL0419B0203,4/17/2019 11:45,Total Organic Carbon,4.1,0.5,mg/L as C,0
E3S81041559,EL0419B0203,4/17/2019 11:45,Dissolved Ortho-phosphate,0.054,0.05,mg/L as P,0
E3S81041559,EL0419B0203,4/17/2019 11:45,Pheophytin a,2.86,0.5,µg/L,0
E3S81041559,EL0419B0203,4/17/2019 11:45,Total Phosphorus,0.124,0.01,mg/L as P,0
E3S81041559,EL0419B0203,4/17/2019 11:45,Total Kjeldahl Nitrogen,0.5,0.1,mg/L as N,0
E3S81041559,EL0419B0203,4/17/2019 11:45,Field Specific Conductance,715,1,uS/cm@25degC,0
E3S81041558,EL0419B0204,4/17/2019 12:05,Chlorophyll a,2.87,0.5,µg/L,0
E3S81041558,EL0419B0204,4/17/2019 12:05,Dissolved Nitrate + Nitrite,0.17,0.05,mg/L as N,0
E3S81041558,EL0419B0204,4/17/2019 12:05,Dissolved Organic Carbon,3.9,0.5,mg/L as C,0
E3S81041558,EL0419B0204,4/17/2019 12:05,Total Organic Carbon,4,0.5,mg/L as C,0
E3S81041558,EL0419B0204,4/17/2019 12:05,Dissolved Ortho-phosphate,0.057,0.05,mg/L as P,0
E3S81041558,EL0419B0204,4/17/2019 12:05,Pheophytin a,2,0.5,µg/L,0
E3S81041558,EL0419B0204,4/17/2019 12:05,Total Phosphorus,0.1,0.01,mg/L as P,0
E3S81041558,EL0419B0204,4/17/2019 12:05,Total Kjeldahl Nitrogen,0.5,0.1,mg/L as N,0
E3S81041558,EL0419B0204,4/17/2019 12:05,Field Specific Conductance,718,1,uS/cm@25degC,0
