StationCode,FldDate,FldCheckVSDateTime,FldObsVegCom,FldObsVegSub,FldObsVegSurf,FldObsWaterHabs,FldObsVegSurfAzolla,FldObsVegSurfDuckweed,FldObsVegSurfHyacinth,FldObsVegSurfOther,FldObsVegSurfPrimrose
BET,2017-10-12T00:00:00Z,2017-10-12T09:33:00Z,NA,NA,NA,Not Visible,NA,NA,NA,NA,NA
BET,2017-11-02T00:00:00Z,2017-11-02T10:34:00Z,NA,NA,NA,Low,NA,NA,NA,NA,NA
BET,2017-11-21T00:00:00Z,2017-11-21T11:00:00Z,NA,NA,NA,Not Visible,NA,NA,NA,NA,NA
BET,2017-12-05T00:00:00Z,2017-12-05T10:58:00Z,NA,NA,Low,Not Visible,NA,NA,2,NA,NA
BET,2017-12-28T00:00:00Z,2017-12-28T11:45:00Z,NA,Not Visible,Not Visible,Not Visible,NA,NA,NA,NA,NA
BET,2018-01-10T00:00:00Z,2018-01-10T11:05:00Z,NA,NA,NA,Not Visible,NA,NA,NA,NA,NA
BET,2018-02-01T00:00:00Z,2018-02-01T12:00:00Z,NA,NA,NA,Not Visible,NA,NA,NA,NA,NA
BET,2017-09-20T00:00:00Z,2017-09-20T09:50:00Z,NA,NA,NA,NA,NA,NA,NA,NA,NA
BET,2018-02-21T00:00:00Z,2018-02-21T12:15:00Z,NA,NA,NA,Not Visible,NA,NA,NA,NA,NA
BET,2018-03-21T00:00:00Z,2018-03-21T10:27:00Z,NA,NA,NA,Not Visible,NA,NA,NA,NA,NA
BET,2018-04-12T00:00:00Z,2018-04-12T10:02:00Z,NA,NA,NA,Not Visible,NA,NA,NA,NA,NA
BET,2018-04-16T00:00:00Z,2018-04-16T09:45:00Z,NA,NA,NA,Not Visible,NA,NA,NA,NA,NA
BET,2018-05-10T00:00:00Z,2018-05-10T10:15:00Z,NA,NA,NA,Not Visible,NA,NA,NA,NA,NA
BET,2018-05-31T00:00:00Z,2018-05-31T09:58:00Z,NA,NA,NA,Not Visible,NA,NA,NA,NA,NA
BET,2018-06-05T00:00:00Z,2018-06-05T10:00:00Z,NA,NA,NA,Not Visible,NA,NA,NA,NA,NA
BET,2018-06-26T00:00:00Z,2018-06-26T09:45:00Z,NA,NA,NA,Medium,NA,NA,NA,NA,NA
BET,2018-07-13T00:00:00Z,2018-07-13T11:31:00Z,NA,NA,NA,Medium,NA,NA,NA,NA,NA
BET,2018-08-08T00:00:00Z,2018-08-08T11:00:00Z,NA,NA,NA,Medium,NA,NA,NA,NA,NA
BET,2018-08-30T00:00:00Z,2018-08-30T11:15:00Z,NA,NA,NA,Low,NA,NA,NA,NA,NA
BET,2018-09-25T00:00:00Z,2018-09-25T11:00:00Z,NA,NA,NA,Low,NA,NA,NA,NA,NA
BET,2018-10-18T00:00:00Z,2018-10-18T11:03:00Z,NA,Not Visible,Not Visible,Low,NA,NA,NA,NA,NA
BET,2018-11-16T00:00:00Z,2018-11-16T11:03:00Z,NA,Not Visible,Not Visible,Not Visible,NA,NA,NA,NA,NA
BET,2018-12-12T00:00:00Z,2018-12-12T11:03:00Z,NA,Not Visible,Not Visible,Not Visible,NA,NA,NA,NA,NA
BET,2019-01-08T00:00:00Z,2019-01-08T12:01:00Z,NA,Not Visible,Not Visible,Not Visible,NA,NA,NA,NA,NA
BET,2019-02-05T00:00:00Z,2019-02-05T12:14:00Z,NA,Not Visible,Not Visible,Not Visible,NA,NA,NA,NA,NA
BET,2019-03-07T00:00:00Z,2019-03-07T13:00:00Z,NA,Not Visible,Not Visible,Not Visible,NA,NA,NA,NA,NA
BET,2019-04-04T00:00:00Z,2019-04-04T10:34:00Z,NA,Not Visible,Not Visible,Not Visible,NA,NA,NA,NA,NA
BET,2019-04-30T00:00:00Z,2019-04-30T10:34:00Z,NA,Not Visible,Not Visible,Not Visible,NA,NA,NA,NA,NA
BET,2019-05-29T00:00:00Z,2019-05-29T09:04:00Z,NA,Not Visible,Not Visible,Not Visible,NA,NA,NA,NA,NA
BET,2019-07-01T00:00:00Z,2019-07-01T11:33:00Z,NA,Not Visible,Not Visible,Not Visible,NA,NA,NA,NA,NA
BET,2019-07-30T00:00:00Z,2019-07-30T10:15:00Z,NA,Not Visible,Not Visible,Not Visible,NA,NA,NA,NA,NA
BET,2019-08-09T00:00:00Z,2019-08-09T10:48:00Z,NA,Not Visible,Not Visible,Low,NA,NA,NA,NA,NA
BET,2019-09-05T00:00:00Z,2019-09-05T09:43:00Z,NA,Not Visible,Not Visible,Low,NA,NA,NA,NA,NA
BET,2019-09-12T00:00:00Z,2019-09-12T10:00:00Z,NA,Low,Not Visible,Not Visible,NA,NA,NA,NA,NA
BET,2019-10-03T00:00:00Z,2019-10-03T10:14:00Z,NA,Not Visible,Not Visible,Medium,NA,NA,NA,NA,NA
BET,2019-11-05T00:00:00Z,2019-11-05T11:45:00Z,NA,Not Visible,Not Visible,NA,NA,NA,NA,NA,NA
BET,2019-12-06T00:00:00Z,2019-12-06T12:29:00Z,NA,Not Visible,Not Visible,Not Visible,NA,NA,NA,NA,NA
BET,2019-12-26T00:00:00Z,2019-12-26T11:29:00Z,NA,Not Visible,Not Visible,Not Visible,NA,NA,NA,NA,NA
BET,2020-01-30T00:00:00Z,2020-01-30T11:15:00Z,NA,Not Visible,Not Visible,Not Visible,NA,NA,NA,NA,NA
BET,2020-02-25T00:00:00Z,2020-02-25T11:31:00Z,NA,Not Visible,Not Visible,Not Visible,NA,NA,NA,NA,NA
BET,2020-03-26T00:00:00Z,2020-03-26T11:29:00Z,NA,Not Visible,Not Visible,Not Visible,NA,NA,NA,NA,NA
BET,2020-04-23T00:00:00Z,2020-04-23T10:59:00Z,NA,Not Visible,Not Visible,Not Visible,NA,NA,NA,NA,NA
BET,2020-05-19T00:00:00Z,2020-05-19T10:04:00Z,NA,Not Visible,Not Visible,Low,NA,NA,NA,NA,NA
BET,2020-06-25T00:00:00Z,2020-06-25T09:59:00Z,NA,Not Visible,Not Visible,Medium,NA,NA,NA,NA,NA
BET,2020-07-23T00:00:00Z,2020-07-23T10:50:00Z,NA,Not Visible,Not Visible,Medium,NA,NA,NA,NA,NA
BET,2020-08-20T00:00:00Z,2020-08-20T10:50:00Z,NA,Not Visible,Not Visible,Low,NA,NA,NA,NA,NA
BET,2020-09-17T00:00:00Z,2020-09-17T12:16:00Z,NA,Not Visible,Not Visible,Medium,NA,NA,NA,NA,NA
BET,2020-10-08T00:00:00Z,2020-10-08T10:29:00Z,NA,Not Visible,Not Visible,Low,NA,NA,NA,NA,NA
BET,2020-11-12T00:00:00Z,2020-11-12T11:33:00Z,NA,Not Visible,Not Visible,NA,NA,NA,NA,NA,NA
BET,2020-12-08T00:00:00Z,2020-12-08T12:58:00Z,NA,Not Visible,Not Visible,Not Visible,NA,NA,NA,NA,NA
BET,2021-01-13T00:00:00Z,2021-01-13T10:46:00Z,NA,Not Visible,Not Visible,Not Visible,NA,NA,NA,NA,NA
BET,2021-02-11T00:00:00Z,2021-02-11T10:45:00Z,NA,Not Visible,Not Visible,Not Visible,NA,NA,NA,NA,NA
BET,2021-03-18T00:00:00Z,2021-03-18T09:28:00Z,NA,Not Visible,Not Visible,Not Visible,NA,NA,NA,NA,NA
BET,2021-04-22T00:00:00Z,2021-04-22T10:18:00Z,NA,Not Visible,Not Visible,Not Visible,NA,NA,NA,NA,NA
BET,2021-05-20T00:00:00Z,2021-05-20T10:47:00Z,NA,Not Visible,Not Visible,Not Visible,NA,NA,NA,NA,NA
BET,2021-06-22T00:00:00Z,2021-06-22T09:03:00Z,NA,Not Visible,Not Visible,Low,NA,NA,NA,NA,NA
BET,2021-07-14T00:00:00Z,2021-07-14T11:44:00Z,NA,Not Visible,Not Visible,Low,NA,NA,NA,NA,NA
BET,2021-08-12T00:00:00Z,2021-08-12T11:32:00Z,NA,NA,NA,Low,NA,NA,NA,NA,NA
BET,2021-09-14T00:00:00Z,2021-09-14T09:50:00Z,NA,NA,NA,Not Visible,NA,NA,NA,NA,NA
BET,2021-10-21T00:00:00Z,2021-10-21T09:43:00Z,NA,Medium,Not Visible,Not Visible,NA,NA,NA,NA,NA
BET,2021-11-18T00:00:00Z,2021-11-18T11:33:00Z,NA,Medium,Not Visible,Not Visible,NA,NA,NA,NA,NA
BET,2021-12-30T00:00:00Z,2021-12-30T12:31:00Z,NA,Low,Low,Not Visible,NA,NA,NA,NA,NA
BET,2022-02-03T00:00:00Z,2022-02-03T12:02:00Z,NA,Not Visible,Low,Not Visible,NA,NA,NA,NA,NA
BET,2022-03-15T00:00:00Z,2022-03-15T10:37:00Z,NA,Low,Medium,Not Visible,NA,3,NA,NA,2
BET,2022-04-19T00:00:00Z,2022-04-19T10:13:00Z,NA,Low,Low,Not Visible,NA,NA,NA,NA,NA
BET,2022-05-20T00:00:00Z,2022-05-20T10:54:00Z,NA,Not Visible,Not Visible,Not Visible,NA,NA,NA,NA,NA
BET,2022-06-21T00:00:00Z,2022-06-21T10:58:00Z,NA,Not Visible,Not Visible,Not Visible,NA,NA,NA,NA,NA
BET,2022-07-26T00:00:00Z,2022-07-26T12:30:00Z,NA,Low,Low,Extreme,NA,NA,NA,NA,NA
BET,2022-09-01T00:00:00Z,2022-09-01T10:50:00Z,NA,Not Visible,Low,Low,NA,NA,NA,NA,NA
BET,2022-10-06T00:00:00Z,2022-10-06T10:10:00Z,NA,Medium,Medium,Not Visible,NA,NA,NA,NA,NA
BET,2022-11-03T00:00:00Z,2022-11-03T10:28:00Z,NA,Medium,Medium,Not Visible,3,3,3,NA,NA
BET,2022-12-01T00:00:00Z,2022-12-01T11:02:00Z,NA,Low,Low,Not Visible,NA,NA,NA,NA,NA
BET,2023-01-05T00:00:00Z,2023-01-05T11:55:00Z,NA,Not Visible,Low,Not Visible,NA,NA,NA,NA,NA
BET,2023-03-02T00:00:00Z,2023-03-02T10:43:00Z,NA,Not Visible,Low,Not Visible,NA,NA,NA,NA,NA
BET,2023-04-06T00:00:00Z,2023-04-06T10:28:00Z,NA,Not Visible,Not Visible,Not Visible,NA,NA,NA,NA,NA
BET,2023-05-04T00:00:00Z,2023-05-04T10:22:00Z,NA,Low,Low,Not Visible,NA,NA,NA,NA,NA
BET,2023-06-01T00:00:00Z,2023-06-01T10:21:00Z,NA,Medium,Low,Not Visible,NA,NA,NA,NA,NA
BET,2023-02-02T00:00:00Z,2023-02-02T13:02:00Z,NA,Not Visible,Not Visible,Not Visible,NA,NA,NA,NA,NA
BET,2023-07-06T00:00:00Z,2023-07-06T11:03:00Z,NA,Low,Low,Not Visible,NA,NA,NA,NA,NA
BET,2023-08-09T00:00:00Z,2023-08-09T10:52:00Z,NA,Medium,Medium,Not Visible,NA,NA,NA,NA,NA
BET,2023-08-17T00:00:00Z,2023-08-17T12:09:00Z,NA,Medium,Medium,Not Visible,NA,NA,NA,NA,NA
BET,2023-09-14T00:00:00Z,2023-09-14T10:22:00Z,NA,Medium,High,Not Visible,NA,NA,NA,NA,NA
BET,2023-10-19T00:00:00Z,2023-10-19T10:19:00Z,NA,Low,Low,Low,NA,NA,NA,NA,NA
BET,2023-11-17T00:00:00Z,2023-11-17T11:03:00Z,NA,Low,Low,Low,NA,NA,NA,NA,NA
BET,2023-12-14T00:00:00Z,2023-12-14T11:45:00Z,NA,Low,Medium,Not Visible,NA,NA,NA,NA,NA
BET,2024-01-18T00:00:00Z,2024-01-18T12:09:00Z,NA,Not Visible,Not Visible,Not Visible,NA,NA,NA,NA,NA
BET,2024-02-21T00:00:00Z,2024-02-21T14:35:00Z,NA,Not Visible,Not Visible,Not Visible,NA,NA,NA,NA,NA
BET,2024-03-20T00:00:00Z,2024-03-20T10:58:00Z,NA,Not Visible,Low,Not Visible,NA,NA,NA,NA,NA
BET,2024-05-07T00:00:00Z,2024-05-07T09:26:00Z,NA,Not Visible,Low,Not Visible,NA,NA,NA,NA,NA
BET,2024-06-06T00:00:00Z,2024-06-06T11:38:00Z,NA,Low,Medium,Not Visible,NA,NA,NA,NA,NA
BET,2024-07-02T00:00:00Z,2024-07-02T09:39:00Z,NA,Low,Medium,Not Visible,NA,NA,NA,NA,NA
BET,2024-08-06T00:00:00Z,2024-08-06T10:20:00Z,NA,Low,Medium,Low,NA,NA,NA,NA,NA
BET,2024-09-05T00:00:00Z,2024-09-05T11:24:00Z,NA,Medium,Medium,Low,NA,NA,NA,NA,NA
BET,2024-10-09T00:00:00Z,2024-10-09T11:26:00Z,NA,Medium,Medium,Low,NA,NA,NA,NA,NA
BET,2024-11-06T00:00:00Z,2024-11-06T12:22:00Z,NA,Not Visible,Medium,Not Visible,NA,NA,NA,NA,NA
BET,2024-12-12T00:00:00Z,2024-12-12T11:17:00Z,NA,Not Visible,Low,Not Visible,NA,NA,NA,NA,NA
BET,2025-01-09T00:00:00Z,2025-01-09T11:10:00Z,NA,Not Visible,Low,Not Visible,NA,NA,NA,NA,NA
BET,2025-02-12T00:00:00Z,2025-02-12T11:35:00Z,NA,Not Visible,Low,Not Visible,NA,NA,NA,NA,NA
BET,2025-03-12T00:00:00Z,2025-03-12T12:44:00Z,NA,Not Visible,Not Visible,Not Visible,NA,NA,NA,NA,NA
BET,2025-04-09T00:00:00Z,2025-04-09T10:18:00Z,NA,Not Visible,Medium,Not Visible,NA,NA,NA,NA,NA
BET,2025-05-14T00:00:00Z,2025-05-14T12:04:00Z,NA,Medium,Medium,Not Visible,NA,NA,NA,NA,NA
BET,2025-06-11T00:00:00Z,2025-06-11T09:30:00Z,NA,Not Visible,Not Visible,Low,NA,NA,NA,NA,NA
BET,2025-07-09T00:00:00Z,2025-07-09T10:00:00Z,NA,Not Visible,Not Visible,Low,NA,NA,NA,NA,NA
BET,2025-08-06T00:00:00Z,2025-08-06T09:17:00Z,NA,Not Visible,Not Visible,Low,NA,NA,NA,NA,NA
BET,2025-09-04T00:00:00Z,2025-09-04T09:32:00Z,NA,Not Visible,Not Visible,Low,NA,NA,NA,NA,NA
BET,2025-10-01T00:00:00Z,2025-10-01T10:02:00Z,NA,Not Visible,Not Visible,Low,NA,NA,NA,NA,NA
BET,2025-11-12T00:00:00Z,2025-11-12T11:03:00Z,NA,Not Visible,Not Visible,NA,NA,NA,NA,NA,NA
BL5,2021-11-14T00:00:00Z,2021-11-14T14:30:00Z,NA,NA,NA,NA,NA,NA,NA,NA,NA
BLP,2017-10-12T00:00:00Z,2017-10-12T08:45:00Z,NA,NA,NA,Not Visible,NA,NA,NA,NA,NA
BLP,2017-11-02T00:00:00Z,2017-11-02T09:45:00Z,NA,NA,NA,Not Visible,NA,NA,NA,NA,NA
BLP,2017-11-21T00:00:00Z,2017-11-21T10:03:00Z,NA,NA,NA,Not Visible,NA,NA,NA,NA,NA
BLP,2017-12-05T00:00:00Z,2017-12-05T09:58:00Z,NA,NA,Not Visible,Not Visible,NA,NA,NA,NA,NA
BLP,2017-12-07T00:00:00Z,2017-12-07T09:45:00Z,NA,NA,Low,Not Visible,NA,NA,2,NA,NA
BLP,2017-12-28T00:00:00Z,2017-12-28T10:45:00Z,NA,Not Visible,Not Visible,Not Visible,NA,NA,NA,NA,NA
BLP,2018-01-10T00:00:00Z,2018-01-10T10:17:00Z,NA,NA,NA,Not Visible,NA,NA,NA,NA,NA
BLP,2018-02-01T00:00:00Z,2018-02-01T11:00:00Z,NA,NA,NA,Not Visible,NA,NA,NA,NA,NA
BLP,2017-09-20T00:00:00Z,2017-09-20T08:59:00Z,NA,NA,NA,NA,NA,NA,NA,NA,NA
BLP,2018-02-21T00:00:00Z,2018-02-21T11:00:00Z,NA,NA,NA,Not Visible,NA,NA,NA,NA,NA
BLP,2018-03-21T00:00:00Z,2018-03-21T09:32:00Z,NA,NA,NA,Not Visible,NA,NA,NA,NA,NA
BLP,2018-04-12T00:00:00Z,2018-04-12T08:58:00Z,NA,NA,NA,Not Visible,NA,NA,NA,NA,NA
BLP,2018-04-16T00:00:00Z,2018-04-16T08:45:00Z,NA,NA,NA,Not Visible,NA,NA,NA,NA,NA
BLP,2018-05-10T00:00:00Z,2018-05-10T09:28:00Z,NA,NA,NA,Not Visible,NA,NA,NA,NA,NA
BLP,2018-05-11T00:00:00Z,2018-05-11T09:26:00Z,NA,NA,NA,Not Visible,NA,NA,NA,NA,NA
BLP,2018-05-31T00:00:00Z,2018-05-31T09:15:00Z,NA,NA,NA,Not Visible,NA,NA,NA,NA,NA
BLP,2018-06-07T00:00:00Z,2018-06-07T09:57:00Z,NA,NA,NA,Not Visible,NA,NA,NA,NA,NA
BLP,2018-06-26T00:00:00Z,2018-06-26T08:58:00Z,NA,NA,NA,Medium,NA,NA,NA,NA,NA
BLP,2018-07-13T00:00:00Z,2018-07-13T10:30:00Z,NA,NA,NA,Not Visible,NA,NA,NA,NA,NA
BLP,2018-08-08T00:00:00Z,2018-08-08T10:13:00Z,NA,NA,NA,Medium,NA,NA,NA,NA,NA
BLP,2018-08-30T00:00:00Z,2018-08-30T10:28:00Z,NA,NA,NA,Not Visible,NA,NA,NA,NA,NA
BLP,2018-09-25T00:00:00Z,2018-09-25T10:02:00Z,NA,NA,NA,Not Visible,NA,NA,NA,NA,NA
BLP,2018-10-18T00:00:00Z,2018-10-18T10:15:00Z,NA,Not Visible,Not Visible,Low,NA,NA,NA,NA,NA
BLP,2018-11-16T00:00:00Z,2018-11-16T10:13:00Z,NA,Not Visible,Low,Not Visible,NA,NA,NA,NA,NA
BLP,2018-12-12T00:00:00Z,2018-12-12T10:15:00Z,NA,Not Visible,Not Visible,Not Visible,NA,NA,NA,NA,NA
BLP,2019-01-08T00:00:00Z,2019-01-08T11:13:00Z,NA,Not Visible,Not Visible,Not Visible,NA,NA,NA,NA,NA
BLP,2019-02-05T00:00:00Z,2019-02-05T10:59:00Z,NA,Not Visible,Not Visible,Not Visible,NA,NA,NA,NA,NA
BLP,2019-03-07T00:00:00Z,2019-03-07T11:43:00Z,NA,Not Visible,NA,Not Visible,NA,NA,NA,NA,NA
BLP,2019-04-04T00:00:00Z,2019-04-04T09:29:00Z,NA,Not Visible,Not Visible,Not Visible,NA,NA,NA,NA,NA
BLP,2019-04-30T00:00:00Z,2019-04-30T11:59:00Z,NA,Not Visible,Not Visible,Not Visible,NA,NA,NA,NA,NA
BLP,2019-05-29T00:00:00Z,2019-05-29T10:15:00Z,NA,Not Visible,Not Visible,Not Visible,NA,NA,NA,NA,NA
BLP,2019-07-01T00:00:00Z,2019-07-01T12:43:00Z,NA,Not Visible,Not Visible,Not Visible,NA,NA,NA,NA,NA
BLP,2019-07-30T00:00:00Z,2019-07-30T11:32:00Z,NA,Not Visible,Not Visible,Not Visible,NA,NA,NA,NA,NA
BLP,2019-09-05T00:00:00Z,2019-09-05T10:42:00Z,NA,Low,Not Visible,Not Visible,NA,NA,NA,NA,NA
BLP,2019-10-03T00:00:00Z,2019-10-03T11:47:00Z,NA,NA,NA,Low,NA,NA,NA,NA,NA
BLP,2019-11-05T00:00:00Z,2019-11-05T12:57:00Z,NA,Not Visible,Low,Not Visible,NA,NA,NA,NA,NA
BLP,2019-12-06T00:00:00Z,2019-12-06T11:13:00Z,NA,Not Visible,Not Visible,Not Visible,NA,NA,NA,NA,NA
BLP,2019-12-26T00:00:00Z,2019-12-26T12:28:00Z,NA,Not Visible,Not Visible,Not Visible,NA,NA,NA,NA,NA
BLP,2020-02-25T00:00:00Z,2020-02-25T12:46:00Z,NA,Not Visible,Not Visible,Not Visible,NA,NA,NA,NA,NA
BLP,2020-03-26T00:00:00Z,2020-03-26T12:45:00Z,NA,Medium,Not Visible,Not Visible,NA,NA,NA,NA,NA
BLP,2020-04-23T00:00:00Z,2020-04-23T12:00:00Z,NA,Not Visible,Not Visible,Not Visible,NA,NA,NA,NA,NA
BLP,2020-05-19T00:00:00Z,2020-05-19T11:15:00Z,NA,Not Visible,Not Visible,Low,NA,NA,NA,NA,NA
BLP,2020-06-25T00:00:00Z,2020-06-25T11:15:00Z,NA,Not Visible,Not Visible,Not Visible,NA,NA,NA,NA,NA
BLP,2020-07-23T00:00:00Z,2020-07-23T12:03:00Z,NA,Not Visible,Not Visible,NA,NA,NA,NA,NA,NA
BLP,2020-08-20T00:00:00Z,2020-08-20T12:00:00Z,NA,NA,NA,Low,NA,NA,NA,NA,NA
BLP,2020-09-17T00:00:00Z,2020-09-17T10:48:00Z,NA,Not Visible,Not Visible,NA,NA,NA,NA,NA,NA
BLP,2020-10-08T00:00:00Z,2020-10-08T11:45:00Z,NA,Not Visible,Not Visible,Not Visible,NA,NA,NA,NA,NA
BLP,2020-11-12T00:00:00Z,2020-11-12T12:30:00Z,NA,Not Visible,Not Visible,Not Visible,NA,NA,NA,NA,NA
BLP,2020-12-08T00:00:00Z,2020-12-08T11:42:00Z,NA,Not Visible,Not Visible,Not Visible,NA,NA,NA,NA,NA
BLP,2021-01-13T00:00:00Z,2021-01-13T11:59:00Z,NA,Not Visible,Not Visible,Not Visible,NA,NA,NA,NA,NA
BLP,2021-02-11T00:00:00Z,2021-02-11T11:48:00Z,NA,Low,Low,Not Visible,NA,NA,NA,NA,NA
BLP,2021-03-18T00:00:00Z,2021-03-18T10:45:00Z,NA,Not Visible,Not Visible,Not Visible,NA,NA,NA,NA,NA
BLP,2021-04-22T00:00:00Z,2021-04-22T11:33:00Z,NA,Not Visible,Not Visible,NA,NA,NA,NA,NA,NA
BLP,2021-05-20T00:00:00Z,2021-05-20T12:04:00Z,NA,Not Visible,Not Visible,Not Visible,NA,NA,NA,NA,NA
BLP,2021-06-22T00:00:00Z,2021-06-22T10:17:00Z,NA,Low,Not Visible,Low,NA,NA,NA,NA,NA
BLP,2021-07-14T00:00:00Z,2021-07-14T10:28:00Z,NA,Not Visible,Not Visible,Medium,NA,NA,NA,NA,NA
BLP,2021-08-12T00:00:00Z,2021-08-12T10:19:00Z,NA,Not Visible,Not Visible,NA,NA,NA,NA,NA,NA
BLP,2021-09-14T00:00:00Z,2021-09-14T11:17:00Z,NA,Not Visible,Not Visible,Not Visible,NA,NA,NA,NA,NA
BLP,2021-10-21T00:00:00Z,2021-10-21T10:57:00Z,NA,Not Visible,Low,Not Visible,NA,NA,NA,NA,NA
BLP,2021-11-18T00:00:00Z,2021-11-18T12:32:00Z,NA,Not Visible,Not Visible,Not Visible,NA,NA,NA,NA,NA
BLP,2021-12-30T00:00:00Z,2021-12-30T13:58:00Z,NA,Not Visible,Low,Not Visible,NA,NA,NA,NA,NA
BLP,2022-02-03T00:00:00Z,2022-02-03T13:15:00Z,NA,Not Visible,Not Visible,Not Visible,NA,NA,NA,NA,NA
BLP,2022-03-15T00:00:00Z,2022-03-15T12:56:00Z,NA,Not Visible,Not Visible,Not Visible,NA,NA,NA,NA,NA
BLP,2022-04-19T00:00:00Z,2022-04-19T11:26:00Z,NA,Not Visible,Not Visible,Not Visible,NA,NA,NA,NA,NA
BLP,2022-05-20T00:00:00Z,2022-05-20T12:10:00Z,NA,Not Visible,Not Visible,Not Visible,NA,NA,NA,NA,NA
BLP,2022-06-21T00:00:00Z,2022-06-21T12:07:00Z,NA,Not Visible,Not Visible,Low,NA,NA,NA,NA,NA
BLP,2022-07-26T00:00:00Z,2022-07-26T11:34:00Z,NA,Not Visible,Not Visible,Medium,NA,NA,NA,NA,NA
BLP,2022-09-01T00:00:00Z,2022-09-01T11:55:00Z,NA,Not Visible,Not Visible,Low,NA,NA,NA,NA,NA
BLP,2022-10-06T00:00:00Z,2022-10-06T11:27:00Z,NA,Not Visible,Not Visible,Low,NA,NA,NA,NA,NA
BLP,2022-12-01T00:00:00Z,2022-12-01T12:14:00Z,NA,Not Visible,Low,Not Visible,NA,NA,NA,NA,NA
BLP,2023-01-05T00:00:00Z,2023-01-05T11:10:00Z,NA,Not Visible,Not Visible,Not Visible,NA,NA,NA,NA,NA
BLP,2023-02-02T00:00:00Z,2023-02-02T11:26:00Z,NA,Not Visible,Not Visible,Not Visible,NA,NA,NA,NA,NA
BLP,2022-11-03T00:00:00Z,2022-11-03T11:27:00Z,NA,Not Visible,Not Visible,Not Visible,NA,NA,NA,NA,NA
BLP,2023-03-02T00:00:00Z,2023-03-02T12:06:00Z,NA,Not Visible,Not Visible,Not Visible,NA,NA,NA,NA,NA
BLP,2023-04-06T00:00:00Z,2023-04-06T11:23:00Z,NA,Not Visible,Not Visible,Not Visible,NA,NA,NA,NA,NA
BLP,2023-05-04T00:00:00Z,2023-05-04T11:17:00Z,NA,Not Visible,Not Visible,Not Visible,NA,NA,NA,NA,NA
BLP,2023-06-01T00:00:00Z,2023-06-01T11:36:00Z,NA,Not Visible,Not Visible,Not Visible,NA,NA,NA,NA,NA
BLP,2023-07-06T00:00:00Z,2023-07-06T11:36:00Z,NA,Not Visible,Not Visible,Not Visible,NA,NA,NA,NA,NA
BLP,2023-08-09T00:00:00Z,2023-08-09T11:46:00Z,NA,Not Visible,Not Visible,Not Visible,NA,NA,NA,NA,NA
BLP,2023-09-14T00:00:00Z,2023-09-14T11:36:00Z,NA,Not Visible,Not Visible,Not Visible,NA,NA,NA,NA,NA
BLP,2023-10-19T00:00:00Z,2023-10-19T11:45:00Z,NA,Not Visible,Not Visible,Not Visible,NA,NA,NA,NA,NA
BLP,2023-11-17T00:00:00Z,2023-11-17T11:56:00Z,NA,Not Visible,Not Visible,Low,NA,NA,NA,NA,NA
BLP,2023-12-21T00:00:00Z,2023-12-21T11:39:00Z,NA,Not Visible,Low,Not Visible,NA,NA,NA,NA,NA
BLP,2024-01-18T00:00:00Z,2024-01-18T13:00:00Z,NA,Not Visible,Not Visible,Not Visible,NA,NA,NA,NA,NA
BLP,2024-02-21T00:00:00Z,2024-02-21T15:25:00Z,NA,Not Visible,Not Visible,Not Visible,NA,NA,NA,NA,NA
BLP,2024-03-20T00:00:00Z,2024-03-20T14:07:00Z,NA,Not Visible,Not Visible,Not Visible,NA,NA,NA,NA,NA
BLP,2024-05-07T00:00:00Z,2024-05-07T10:21:00Z,NA,Not Visible,Not Visible,Not Visible,NA,NA,NA,NA,NA
BLP,2024-06-06T00:00:00Z,2024-06-06T12:25:00Z,NA,Not Visible,Not Visible,Not Visible,NA,NA,NA,NA,NA
BLP,2024-07-02T00:00:00Z,2024-07-02T10:50:00Z,NA,Not Visible,Not Visible,Not Visible,NA,NA,NA,NA,NA
BLP,2024-08-06T00:00:00Z,2024-08-06T11:28:00Z,NA,Not Visible,Not Visible,Low,NA,NA,NA,NA,NA
BLP,2024-09-05T00:00:00Z,2024-09-05T12:16:00Z,NA,Not Visible,Not Visible,Low,NA,NA,NA,NA,NA
BLP,2024-10-09T00:00:00Z,2024-10-09T12:16:00Z,NA,Not Visible,Not Visible,Low,NA,NA,NA,NA,NA
BLP,2024-11-06T00:00:00Z,2024-11-06T11:25:00Z,NA,Not Visible,Not Visible,Not Visible,NA,NA,NA,NA,NA
BLP,2024-12-12T00:00:00Z,2024-12-12T12:12:00Z,NA,Not Visible,Not Visible,Not Visible,NA,NA,NA,NA,NA
BLP,2025-01-09T00:00:00Z,2025-01-09T12:28:00Z,NA,Not Visible,Low,Not Visible,NA,NA,NA,NA,NA
BLP,2025-02-12T00:00:00Z,2025-02-12T12:50:00Z,NA,Not Visible,Not Visible,Not Visible,NA,NA,NA,NA,NA
BLP,2025-03-12T00:00:00Z,2025-03-12T11:36:00Z,NA,Not Visible,Not Visible,Not Visible,NA,NA,NA,NA,NA
BLP,2025-04-09T00:00:00Z,2025-04-09T11:15:00Z,NA,Not Visible,Not Visible,Not Visible,NA,NA,NA,NA,NA
BLP,2025-05-14T00:00:00Z,2025-05-14T10:45:00Z,NA,Not Visible,Not Visible,Not Visible,NA,NA,NA,NA,NA
BLP,2025-06-11T00:00:00Z,2025-06-11T10:45:00Z,NA,Not Visible,Not Visible,Not Visible,NA,NA,NA,NA,NA
BLP,2025-07-09T00:00:00Z,2025-07-09T11:13:00Z,NA,Not Visible,Not Visible,NA,NA,NA,NA,NA,NA
BLP,2025-08-06T00:00:00Z,2025-08-06T10:17:00Z,NA,Not Visible,Not Visible,NA,NA,NA,NA,NA,NA
BLP,2025-09-04T00:00:00Z,2025-09-04T10:41:00Z,NA,Not Visible,Not Visible,Not Visible,NA,NA,NA,NA,NA
BLP,2025-10-01T00:00:00Z,2025-10-01T11:18:00Z,NA,Not Visible,Not Visible,Not Visible,NA,NA,NA,NA,NA
BLP,2025-11-12T00:00:00Z,2025-11-12T12:20:00Z,NA,Not Visible,Low,Not Visible,NA,NA,1,NA,NA
DGL,2017-10-10T00:00:00Z,2017-10-10T08:46:00Z,NA,High,NA,Absent,NA,NA,NA,NA,NA
DGL,2017-11-01T00:00:00Z,2017-11-01T10:50:00Z,NA,NA,NA,Not Visible,NA,NA,NA,NA,NA
DGL,2017-11-22T00:00:00Z,2017-11-22T11:46:00Z,NA,NA,Low,Not Visible,NA,2,NA,NA,NA
DGL,2017-12-15T00:00:00Z,2017-12-15T09:50:00Z,NA,NA,Low,Not Visible,NA,NA,NA,NA,NA
DGL,2018-01-04T00:00:00Z,2018-01-04T10:03:00Z,NA,High,Low,Not Visible,NA,NA,2,NA,NA
DGL,2018-01-24T00:00:00Z,2018-01-24T10:18:00Z,NA,NA,Not Visible,Not Visible,NA,NA,NA,NA,NA
DGL,2017-09-26T00:00:00Z,2017-09-26T09:30:00Z,NA,NA,NA,NA,NA,NA,NA,NA,NA
DGL,2018-02-13T00:00:00Z,2018-02-13T10:04:00Z,NA,NA,Not Visible,Not Visible,NA,NA,NA,NA,NA
DGL,2018-03-14T00:00:00Z,2018-03-14T10:28:00Z,NA,NA,Not Visible,Not Visible,NA,NA,NA,NA,NA
DGL,2018-04-12T00:00:00Z,2018-04-12T09:35:00Z,NA,NA,Not Visible,Not Visible,NA,NA,NA,NA,NA
DGL,2018-05-01T00:00:00Z,2018-05-01T09:55:00Z,NA,NA,Not Visible,Not Visible,NA,NA,NA,NA,NA
DGL,2018-05-24T00:00:00Z,2018-05-24T09:50:00Z,NA,NA,Not Visible,Not Visible,NA,NA,NA,NA,NA
DGL,2018-06-20T00:00:00Z,2018-06-20T10:02:00Z,NA,NA,High,Medium,NA,NA,NA,Egeria(4),NA
DGL,2018-07-17T00:00:00Z,2018-07-17T10:08:00Z,Med-High submerged Egeria,Medium,High,High,NA,5,NA,NA,NA
DGL,2018-08-08T00:00:00Z,2018-08-08T09:05:00Z,NA,Extreme,High,Medium,NA,NA,NA,NA,NA
DRB,2017-11-16T00:00:00Z,2017-11-16T10:59:00Z,NA,NA,NA,Not Visible,NA,NA,NA,NA,NA
DRB,2017-12-21T00:00:00Z,2017-12-21T11:44:00Z,NA,NA,NA,Not Visible,NA,NA,NA,NA,NA
DRB,2018-01-05T00:00:00Z,2018-01-05T11:29:00Z,NA,NA,NA,Not Visible,NA,NA,NA,NA,NA
DRB,2018-01-30T00:00:00Z,2018-01-30T11:04:00Z,NA,NA,NA,Not Visible,NA,NA,NA,NA,NA
DRB,2017-10-03T00:00:00Z,2017-10-03T11:01:00Z,NA,NA,NA,NA,NA,NA,NA,NA,NA
DRB,2018-02-28T00:00:00Z,2018-02-28T11:49:00Z,NA,NA,Medium,Not Visible,NA,NA,NA,NA,NA
DRB,2018-03-29T00:00:00Z,2018-03-29T11:00:00Z,NA,NA,NA,Not Visible,NA,NA,NA,NA,NA
DRB,2018-04-20T00:00:00Z,2018-04-20T10:45:00Z,NA,NA,NA,Not Visible,NA,NA,NA,NA,NA
DRB,2018-05-23T00:00:00Z,2018-05-23T10:45:00Z,NA,NA,NA,Not Visible,NA,NA,NA,NA,NA
DRB,2018-06-19T00:00:00Z,2018-06-19T11:16:00Z,NA,NA,NA,Not Visible,NA,NA,NA,NA,NA
DRB,2018-07-17T00:00:00Z,2018-07-17T11:30:00Z,NA,NA,NA,Low,NA,NA,NA,NA,NA
DRB,2018-08-17T00:00:00Z,2018-08-17T09:33:00Z,NA,NA,NA,Not Visible,NA,NA,NA,NA,NA
DRB,2018-09-18T00:00:00Z,2018-09-18T11:43:00Z,NA,NA,NA,Not Visible,NA,NA,NA,NA,NA
DRB,2018-10-11T00:00:00Z,2018-10-11T10:44:00Z,NA,Not Visible,Not Visible,Not Visible,NA,NA,NA,NA,NA
DRB,2018-11-08T00:00:00Z,2018-11-08T12:18:00Z,NA,Not Visible,Not Visible,Not Visible,NA,NA,NA,NA,NA
DRB,2018-12-06T00:00:00Z,2018-12-06T11:45:00Z,NA,Not Visible,Not Visible,Not Visible,NA,NA,NA,NA,NA
DRB,2019-01-23T00:00:00Z,2019-01-23T11:32:00Z,NA,Not Visible,Low,Not Visible,NA,NA,1,NA,NA
DRB,2019-02-20T00:00:00Z,2019-02-20T12:19:00Z,NA,Not Visible,Not Visible,Not Visible,NA,NA,NA,NA,NA
DRB,2019-03-26T00:00:00Z,2019-03-26T11:45:00Z,NA,Not Visible,Low,Not Visible,NA,NA,2,NA,NA
DRB,2019-04-25T00:00:00Z,2019-04-25T11:16:00Z,NA,Not Visible,Not Visible,Not Visible,NA,NA,NA,NA,NA
DRB,2019-05-22T00:00:00Z,2019-05-22T11:55:00Z,NA,Not Visible,Not Visible,Not Visible,NA,NA,NA,NA,NA
DRB,2019-08-01T00:00:00Z,2019-08-01T10:58:00Z,NA,Not Visible,Not Visible,Low,NA,NA,NA,NA,NA
DRB,2019-09-10T00:00:00Z,2019-09-10T11:31:00Z,NA,Not Visible,Medium,NA,NA,NA,NA,NA,1
DRB,2019-10-18T00:00:00Z,2019-10-18T11:13:00Z,NA,Not Visible,Not Visible,Low,NA,NA,NA,NA,NA
DRB,2019-12-03T00:00:00Z,2019-12-03T12:28:00Z,NA,Not Visible,Not Visible,Not Visible,NA,NA,NA,NA,NA
DRB,2020-01-08T00:00:00Z,2020-01-08T12:18:00Z,NA,Not Visible,Not Visible,Not Visible,NA,NA,NA,NA,NA
DRB,2020-02-11T00:00:00Z,2020-02-11T12:19:00Z,NA,Not Visible,Not Visible,NA,NA,NA,NA,NA,NA
DRB,2020-03-12T00:00:00Z,2020-03-12T11:05:00Z,NA,Not Visible,Not Visible,Not Visible,NA,NA,NA,NA,NA
DRB,2020-04-13T00:00:00Z,2020-04-13T11:29:00Z,NA,Not Visible,Not Visible,Not Visible,NA,NA,NA,NA,NA
DRB,2020-05-14T00:00:00Z,2020-05-14T11:50:00Z,NA,Low,NA,Medium,NA,NA,4,NA,4
DRB,2020-06-18T00:00:00Z,2020-06-18T11:44:00Z,NA,Not Visible,Not Visible,Low,NA,NA,NA,NA,NA
DRB,2020-07-16T00:00:00Z,2020-07-16T11:43:00Z,NA,Not Visible,Low,Low,NA,NA,NA,NA,NA
DRB,2020-08-13T00:00:00Z,2020-08-13T11:59:00Z,NA,Not Visible,Not Visible,Not Visible,NA,NA,NA,NA,NA
DRB,2020-09-10T00:00:00Z,2020-09-10T11:18:00Z,NA,Not Visible,Medium,Low,NA,NA,NA,NA,NA
DRB,2020-10-22T00:00:00Z,2020-10-22T11:02:00Z,NA,NA,NA,Not Visible,NA,NA,NA,NA,NA
DRB,2020-11-24T00:00:00Z,2020-11-24T11:25:00Z,NA,NA,NA,NA,NA,NA,NA,NA,NA
DRB,2020-12-16T00:00:00Z,2020-12-16T09:43:00Z,NA,NA,Medium,NA,NA,NA,NA,NA,NA
DRB,2021-01-13T00:00:00Z,2021-01-13T09:36:00Z,NA,Low,Not Visible,Not Visible,NA,NA,NA,NA,NA
DRB,2021-02-10T00:00:00Z,2021-02-10T10:02:00Z,NA,NA,NA,Not Visible,NA,NA,NA,NA,NA
DRB,2021-03-11T00:00:00Z,2021-03-11T09:40:00Z,NA,Not Visible,Low,Not Visible,NA,NA,NA,NA,NA
DRB,2021-04-13T00:00:00Z,2021-04-13T09:04:00Z,NA,Not Visible,Not Visible,Not Visible,NA,NA,NA,NA,NA
DRB,2021-05-12T00:00:00Z,2021-05-12T08:49:00Z,NA,Not Visible,Not Visible,Not Visible,NA,NA,NA,NA,NA
DRB,2021-06-15T00:00:00Z,2021-06-15T11:29:00Z,NA,Not Visible,Not Visible,Not Visible,NA,NA,NA,NA,NA
DRB,2021-07-14T00:00:00Z,2021-07-14T09:11:00Z,NA,Low,Low,Low,NA,NA,NA,NA,NA
DRB,2021-08-17T00:00:00Z,2021-08-17T09:35:00Z,NA,NA,NA,Not Visible,NA,NA,NA,NA,NA
DRB,2021-09-22T00:00:00Z,2021-09-22T10:29:00Z,NA,Not Visible,Not Visible,Not Visible,NA,NA,NA,NA,NA
DRB,2021-10-14T00:00:00Z,2021-10-14T12:30:00Z,NA,NA,NA,Not Visible,NA,NA,NA,NA,NA
DRB,2021-11-10T00:00:00Z,2021-11-10T10:45:00Z,NA,NA,NA,Not Visible,NA,NA,NA,NA,NA
DRB,2021-12-09T00:00:00Z,2021-12-09T09:15:00Z,NA,Not Visible,Low,NA,NA,NA,NA,NA,NA
DRB,2022-01-26T00:00:00Z,2022-01-26T10:47:00Z,NA,NA,NA,NA,NA,NA,NA,NA,NA
DRB,2022-02-16T00:00:00Z,2022-02-16T09:26:00Z,NA,NA,NA,Not Visible,NA,NA,NA,NA,NA
DRB,2022-03-23T00:00:00Z,2022-03-23T08:33:00Z,NA,Not Visible,Not Visible,Not Visible,NA,NA,NA,NA,NA
DRB,2022-04-25T00:00:00Z,2022-04-25T09:46:00Z,NA,NA,NA,NA,NA,NA,NA,NA,NA
DRB,2022-07-13T00:00:00Z,2022-07-13T09:15:00Z,NA,NA,NA,Not Visible,NA,NA,NA,NA,NA
DRB,2022-09-20T00:00:00Z,2022-09-20T09:52:00Z,NA,NA,NA,Not Visible,NA,NA,NA,NA,NA
DRB,2022-08-16T00:00:00Z,2022-08-16T10:14:00Z,NA,NA,NA,Not Visible,NA,NA,NA,NA,NA
DRB,2022-10-13T00:00:00Z,2022-10-13T10:35:00Z,NA,NA,NA,NA,NA,NA,NA,NA,NA
DRB,2022-11-22T00:00:00Z,2022-11-22T11:32:00Z,NA,Not Visible,Not Visible,Not Visible,NA,NA,NA,NA,NA
DRB,2023-01-12T00:00:00Z,2023-01-12T12:13:00Z,NA,Low,Low,Not Visible,NA,NA,NA,NA,NA
DRB,2023-02-16T00:00:00Z,2023-02-16T10:10:00Z,NA,Medium,Not Visible,Not Visible,NA,NA,NA,NA,NA
DRB,2023-04-06T00:00:00Z,2023-04-06T10:57:00Z,NA,Not Visible,Not Visible,Not Visible,NA,NA,NA,NA,NA
DRB,2023-05-25T00:00:00Z,2023-05-25T10:35:00Z,NA,Not Visible,Not Visible,Not Visible,NA,NA,NA,NA,NA
DRB,2023-07-31T00:00:00Z,2023-07-31T10:49:00Z,NA,Not Visible,Low,Not Visible,NA,NA,NA,NA,NA
DRB,2023-09-12T00:00:00Z,2023-09-12T11:30:00Z,NA,Not Visible,Not Visible,Not Visible,NA,NA,NA,NA,NA
DRB,2023-10-19T00:00:00Z,2023-10-19T10:27:00Z,NA,Not Visible,Not Visible,Low,NA,NA,NA,NA,NA
DRB,2023-12-07T00:00:00Z,2023-12-07T11:44:00Z,NA,Not Visible,Not Visible,Not Visible,NA,NA,NA,NA,NA
DRB,2024-01-11T00:00:00Z,2024-01-11T12:05:00Z,NA,Not Visible,Not Visible,Not Visible,NA,NA,NA,NA,NA
DRB,2024-02-22T00:00:00Z,2024-02-22T11:25:00Z,NA,Not Visible,Not Visible,Not Visible,NA,NA,NA,NA,NA
DRB,2024-03-21T00:00:00Z,2024-03-21T09:25:00Z,NA,NA,NA,Not Visible,NA,NA,NA,NA,NA
DRB,2024-05-02T00:00:00Z,2024-05-02T08:47:00Z,NA,Medium,Low,Not Visible,NA,NA,NA,NA,NA
DRB,2024-06-06T00:00:00Z,2024-06-06T08:45:00Z,NA,NA,NA,NA,NA,NA,NA,NA,NA
DRB,2024-07-11T00:00:00Z,2024-07-11T09:10:00Z,NA,NA,NA,NA,NA,NA,NA,NA,NA
DRB,2024-08-22T00:00:00Z,2024-08-22T08:34:00Z,NA,NA,NA,Not Visible,NA,NA,NA,NA,NA
DRB,2024-09-25T00:00:00Z,2024-09-25T10:36:00Z,NA,NA,NA,Low,NA,NA,NA,NA,NA
DRB,2024-10-24T00:00:00Z,2024-10-24T09:22:00Z,NA,NA,NA,Extreme,NA,NA,NA,NA,NA
DRB,2024-12-10T00:00:00Z,2024-12-10T11:45:00Z,NA,NA,NA,NA,NA,NA,NA,NA,NA
DRB,2025-01-23T00:00:00Z,2025-01-23T12:05:00Z,NA,Not Visible,Not Visible,Not Visible,NA,NA,NA,NA,NA
FAL,2017-10-11T00:00:00Z,2017-10-11T10:45:00Z,NA,NA,NA,Unknown,NA,NA,NA,NA,NA
FAL,2017-11-14T00:00:00Z,2017-11-14T10:47:00Z,emergent tule 30%,Not Visible,Not Visible,Not Visible,NA,NA,NA,NA,NA
FAL,2017-12-12T00:00:00Z,2017-12-12T10:45:00Z,NA,NA,Low,Not Visible,NA,NA,2,NA,NA
FAL,2018-01-09T00:00:00Z,2018-01-09T10:58:00Z,NA,NA,NA,Not Visible,NA,NA,NA,NA,NA
FAL,2018-02-07T00:00:00Z,2018-02-07T10:15:00Z,NA,NA,NA,Not Visible,NA,NA,NA,NA,NA
FAL,2018-03-13T00:00:00Z,2018-03-13T10:17:00Z,NA,NA,NA,Not Visible,NA,NA,NA,NA,NA
FAL,2018-04-11T00:00:00Z,2018-04-11T09:27:00Z,NA,NA,Not Visible,Not Visible,NA,NA,NA,NA,NA
FAL,2018-05-08T00:00:00Z,2018-05-08T08:59:00Z,NA,NA,NA,Not Visible,NA,NA,NA,NA,NA
FAL,2018-06-05T00:00:00Z,2018-06-05T09:44:00Z,NA,NA,NA,Not Visible,NA,NA,NA,NA,NA
FAL,2018-07-03T00:00:00Z,2018-07-03T09:44:00Z,NA,NA,NA,Medium,NA,NA,NA,NA,NA
FAL,2018-07-24T00:00:00Z,2018-07-24T09:32:00Z,NA,Not Visible,Not Visible,Medium,NA,NA,NA,NA,NA
FAL,2018-08-22T00:00:00Z,2018-08-22T09:31:00Z,NA,Not Visible,Not Visible,Medium,NA,NA,NA,NA,NA
FAL,2018-09-26T00:00:00Z,2018-09-26T09:43:00Z,NA,Medium,Low,Low,NA,NA,2,NA,NA
FAL,2018-10-24T00:00:00Z,2018-10-24T09:43:00Z,NA,Low,Low,Medium,NA,NA,1,NA,NA
FAL,2018-12-06T00:00:00Z,2018-12-06T09:49:00Z,NA,Not Visible,Low,Not Visible,NA,NA,1,NA,NA
FAL,2019-01-11T00:00:00Z,2019-01-11T10:31:00Z,NA,Not Visible,Not Visible,Not Visible,NA,NA,NA,NA,NA
FAL,2019-02-06T00:00:00Z,2019-02-06T12:45:00Z,NA,Not Visible,Low,Not Visible,NA,NA,2,NA,NA
FAL,2019-03-14T00:00:00Z,2019-03-14T09:33:00Z,NA,Low,Low,Not Visible,NA,NA,2,NA,NA
FAL,2019-04-16T00:00:00Z,2019-04-16T10:55:00Z,NA,Not Visible,Not Visible,Not Visible,NA,NA,NA,NA,NA
FAL,2019-05-23T00:00:00Z,2019-05-23T09:17:00Z,NA,Not Visible,Not Visible,Not Visible,NA,NA,NA,NA,NA
FAL,2019-06-18T00:00:00Z,2019-06-18T10:00:00Z,NA,Medium,Not Visible,Not Visible,NA,NA,NA,NA,NA
FAL,2019-07-17T00:00:00Z,2019-07-17T09:35:00Z,NA,Low,Not Visible,Not Visible,NA,NA,NA,NA,NA
FAL,2019-08-13T00:00:00Z,2019-08-13T10:03:00Z,NA,High,Not Visible,Low,NA,NA,NA,NA,NA
FAL,2019-09-17T00:00:00Z,2019-09-17T09:35:00Z,NA,NA,NA,Low,NA,NA,NA,NA,NA
FAL,2019-10-30T00:00:00Z,2019-10-30T09:44:00Z,NA,Medium,Medium,Low,NA,NA,NA,NA,NA
FAL,2019-12-11T00:00:00Z,2019-12-11T10:44:00Z,NA,Not Visible,Low,Not Visible,NA,NA,2,NA,NA
FAL,2020-02-13T00:00:00Z,2020-02-13T11:04:00Z,NA,Not Visible,Low,Not Visible,NA,NA,2,NA,NA
FAL,2020-03-10T00:00:00Z,2020-03-10T09:35:00Z,NA,Not Visible,Not Visible,Not Visible,NA,NA,NA,NA,NA
FAL,2020-04-14T00:00:00Z,2020-04-14T12:12:00Z,NA,Low,Not Visible,Not Visible,NA,NA,NA,NA,NA
FAL,2020-06-04T00:00:00Z,2020-06-04T11:34:00Z,egeria(2),Low,Not Visible,Low,NA,NA,NA,NA,NA
FAL,2020-06-17T00:00:00Z,2020-06-17T10:29:00Z,NA,Medium,Low,Medium,NA,NA,1,NA,NA
FAL,2020-07-29T00:00:00Z,2020-07-29T09:59:00Z,"cat tails are emergent vegetation, not submerged, reclassified SAV score to not visible -TS 10/14/20",Not Visible,Low,High,NA,NA,2,NA,NA
FAL,2020-09-03T00:00:00Z,2020-09-03T09:58:00Z,NA,Medium,Low,High,NA,NA,NA,NA,NA
FAL,2020-10-19T00:00:00Z,2020-10-19T09:29:00Z,NA,Not Visible,Low,Medium,NA,NA,NA,NA,NA
FAL,2020-11-17T00:00:00Z,2020-11-17T10:40:00Z,NA,Not Visible,Low,Not Visible,NA,NA,NA,NA,NA
FAL,2020-12-29T00:00:00Z,2020-12-29T10:32:00Z,NA,Not Visible,Low,Not Visible,NA,NA,NA,NA,NA
FAL,2021-02-02T00:00:00Z,2021-02-02T10:54:00Z,NA,Not Visible,Low,Not Visible,NA,NA,NA,NA,NA
FAL,2021-03-09T00:00:00Z,2021-03-09T10:18:00Z,NA,Not Visible,Not Visible,Not Visible,NA,NA,NA,NA,NA
FAL,2021-04-20T00:00:00Z,2021-04-20T09:29:00Z,NA,Not Visible,Not Visible,Not Visible,NA,NA,NA,NA,NA
FAL,2021-05-20T00:00:00Z,2021-05-20T09:55:00Z,NA,Low,Not Visible,Not Visible,NA,NA,NA,NA,NA
FAL,2021-06-23T00:00:00Z,2021-06-23T10:35:00Z,NA,Low,Not Visible,Medium,NA,NA,NA,NA,NA
FAL,2021-07-20T00:00:00Z,2021-07-20T09:48:00Z,NA,Low,Not Visible,High,NA,NA,NA,NA,NA
FAL,2021-08-18T00:00:00Z,2021-08-18T09:18:00Z,NA,Low,Not Visible,Medium,NA,NA,NA,NA,NA
FAL,2021-09-15T00:00:00Z,2021-09-15T09:28:00Z,NA,Low,Not Visible,Medium,NA,NA,NA,NA,NA
FAL,2021-10-20T00:00:00Z,2021-10-20T10:37:00Z,NA,Low,Low,Low,NA,NA,NA,NA,NA
FAL,2021-11-17T00:00:00Z,2021-11-17T10:29:00Z,NA,Medium,Medium,Not Visible,NA,NA,NA,NA,NA
FAL,2022-01-06T00:00:00Z,2022-01-06T11:00:00Z,NA,Not Visible,Low,Not Visible,NA,NA,NA,NA,NA
FAL,2022-02-22T00:00:00Z,2022-02-22T11:26:00Z,NA,Not Visible,Low,Not Visible,NA,NA,NA,NA,NA
FAL,2022-03-24T00:00:00Z,2022-03-24T10:01:00Z,tules: 2,Not Visible,Low,Not Visible,NA,NA,NA,NA,NA
FAL,2022-04-26T00:00:00Z,2022-04-26T10:27:00Z,NA,Not Visible,Not Visible,Not Visible,NA,NA,NA,NA,NA
FAL,2022-06-28T00:00:00Z,2022-06-28T09:35:00Z,NA,Not Visible,Not Visible,Low,NA,NA,NA,NA,NA
FAL,2022-05-24T00:00:00Z,2022-05-24T10:27:00Z,NA,Not Visible,Not Visible,Not Visible,NA,NA,NA,NA,NA
FAL,2022-07-26T00:00:00Z,2022-07-26T09:13:00Z,NA,Low,Not Visible,Medium,NA,NA,NA,NA,NA
FAL,2022-08-31T00:00:00Z,2022-08-31T09:37:00Z,NA,Low,Not Visible,Low,NA,NA,NA,NA,NA
FAL,2022-09-26T00:00:00Z,2022-09-26T09:51:00Z,NA,Low,Not Visible,Low,NA,NA,NA,NA,NA
FAL,2022-10-25T00:00:00Z,2022-10-25T09:07:00Z,NA,Not Visible,Medium,Low,NA,NA,NA,NA,NA
FAL,2022-11-30T00:00:00Z,2022-11-30T10:41:00Z,NA,Not Visible,Low,Not Visible,NA,NA,NA,NA,NA
FAL,2023-01-17T00:00:00Z,2023-01-17T11:05:00Z,surface veg emergent tules,Not Visible,Medium,Not Visible,NA,NA,NA,NA,NA
FAL,2023-02-21T00:00:00Z,2023-02-21T10:50:00Z,NA,Not Visible,Medium,Not Visible,NA,NA,NA,NA,NA
FAL,2023-03-30T00:00:00Z,2023-03-30T09:50:00Z,NA,Medium,Not Visible,Not Visible,NA,NA,NA,NA,NA
FAL,2023-04-11T00:00:00Z,2023-04-11T14:00:00Z,NA,Low,Medium,Not Visible,NA,NA,NA,NA,NA
FAL,2023-07-10T00:00:00Z,2023-07-10T13:34:00Z,Tule(2),Not Visible,Low,Not Visible,NA,NA,NA,NA,NA
FAL,2023-08-10T00:00:00Z,2023-08-10T09:14:00Z,Tule(3),Not Visible,Medium,Not Visible,NA,NA,NA,NA,NA
FAL,2023-09-19T00:00:00Z,2023-09-19T09:46:00Z,Tule(3),Medium,Not Visible,Low,NA,NA,NA,NA,NA
FAL,2023-10-31T00:00:00Z,2023-10-31T10:26:00Z,NA,Not Visible,Low,Low,NA,NA,NA,NA,NA
FAL,2023-12-12T00:00:00Z,2023-12-12T10:44:00Z,Tule (3),Medium,Low,Low,NA,NA,NA,NA,NA
FAL,2024-01-30T00:00:00Z,2024-01-30T11:01:00Z,NA,Not Visible,Low,Not Visible,NA,NA,NA,NA,NA
FAL,2024-02-29T00:00:00Z,2024-02-29T09:36:00Z,NA,Not Visible,Low,Not Visible,NA,NA,NA,NA,NA
FAL,2024-04-16T00:00:00Z,2024-04-16T09:36:00Z,3 - medium emergent vegetation (tule),Not Visible,Medium,Not Visible,NA,NA,NA,NA,NA
FAL,2024-05-14T00:00:00Z,2024-05-14T09:32:00Z,3-tule emergent,Medium,Not Visible,Not Visible,NA,NA,NA,NA,NA
FAL,2024-06-19T00:00:00Z,2024-06-19T12:56:00Z,NA,Not Visible,Not Visible,Not Visible,NA,NA,NA,NA,NA
FAL,2024-08-01T00:00:00Z,2024-08-01T09:30:00Z,2-tule emergent veg,Low,Not Visible,Not Visible,NA,NA,NA,NA,NA
FAL,2024-08-27T00:00:00Z,2024-08-27T08:32:00Z,NA,Low,Not Visible,Medium,NA,NA,NA,NA,NA
FAL,2024-10-08T00:00:00Z,2024-10-08T09:37:00Z,NA,Low,Low,Low,NA,NA,NA,NA,NA
FAL,2024-11-14T00:00:00Z,2024-11-14T11:49:00Z,NA,Medium,Medium,Not Visible,NA,NA,NA,NA,NA
FAL,2024-12-17T00:00:00Z,2024-12-17T10:36:00Z,NA,Not Visible,Low,Not Visible,NA,NA,NA,NA,NA
FAL,2025-01-29T00:00:00Z,2025-01-29T10:44:00Z,3 - submersed veg-tule (submerged vegetation scale),Medium,Low,Not Visible,NA,NA,NA,NA,NA
FAL,2025-02-25T00:00:00Z,2025-02-25T10:26:00Z,NA,Medium,Low,Not Visible,NA,NA,NA,NA,NA
FAL,2025-03-25T00:00:00Z,2025-03-25T09:47:00Z,NA,Medium,Not Visible,Not Visible,NA,NA,NA,NA,NA
FAL,2025-04-30T00:00:00Z,2025-04-30T08:19:00Z,NA,Medium,Not Visible,Not Visible,NA,NA,NA,NA,NA
FAL,2025-06-05T00:00:00Z,2025-06-05T09:35:00Z,NA,Medium,Not Visible,Not Visible,NA,NA,NA,NA,NA
FAL,2025-07-02T00:00:00Z,2025-07-02T09:00:00Z,Tule(3),Medium,Not Visible,Low,NA,NA,NA,NA,NA
FAL,2025-07-29T00:00:00Z,2025-07-29T08:18:00Z,NA,Medium,Low,Low,NA,NA,NA,NA,NA
FAL,2025-08-26T00:00:00Z,2025-08-26T09:37:00Z,NA,Medium,Not Visible,Not Visible,NA,NA,NA,NA,NA
FAL,2025-09-23T00:00:00Z,2025-09-23T08:48:00Z,NA,Low,Not Visible,Low,NA,NA,NA,NA,NA
FAL,2025-10-24T00:00:00Z,2025-10-24T09:14:00Z,NA,Medium,Low,Low,NA,NA,NA,NA,NA
FAR,2017-10-25T00:00:00Z,2017-10-25T12:21:00Z,NA,NA,NA,Not Visible,NA,NA,NA,NA,NA
FAR,2017-11-15T00:00:00Z,2017-11-15T12:16:00Z,NA,NA,Not Visible,Not Visible,NA,NA,NA,NA,NA
FAR,2017-12-06T00:00:00Z,2017-12-06T12:26:00Z,NA,NA,NA,Not Visible,NA,NA,NA,NA,NA
FAR,2017-12-27T00:00:00Z,2017-12-27T11:01:00Z,NA,NA,NA,Not Visible,NA,NA,NA,NA,NA
FAR,2018-01-17T00:00:00Z,2018-01-17T12:13:00Z,NA,NA,NA,Not Visible,NA,NA,NA,NA,NA
FAR,2017-10-03T00:00:00Z,2017-10-03T11:42:00Z,NA,NA,NA,NA,NA,NA,NA,NA,NA
FAR,2018-02-08T00:00:00Z,2018-02-08T12:44:00Z,NA,NA,NA,Not Visible,NA,NA,NA,NA,NA
FAR,2018-04-04T00:00:00Z,2018-04-04T11:50:00Z,NA,NA,Not Visible,Not Visible,NA,NA,NA,NA,NA
FAR,2018-05-02T00:00:00Z,2018-05-02T12:55:00Z,NA,NA,NA,Not Visible,NA,NA,NA,NA,NA
FAR,2018-06-14T00:00:00Z,2018-06-14T12:13:00Z,NA,NA,Not Visible,Not Visible,NA,NA,NA,NA,NA
FAR,2018-07-10T00:00:00Z,2018-07-10T11:20:00Z,NA,NA,Not Visible,Not Visible,NA,NA,NA,NA,NA
FAR,2018-08-01T00:00:00Z,2018-08-01T11:45:00Z,NA,Not Visible,Not Visible,Not Visible,NA,NA,NA,NA,NA
FAR,2018-08-22T00:00:00Z,2018-08-22T10:56:00Z,NA,Not Visible,Not Visible,Not Visible,NA,NA,NA,NA,NA
FAR,2018-09-26T00:00:00Z,2018-09-26T10:44:00Z,NA,NA,NA,Not Visible,NA,NA,NA,NA,NA
FAR,2018-10-09T00:00:00Z,2018-10-09T11:36:00Z,NA,Not Visible,Not Visible,Not Visible,NA,NA,NA,NA,NA
FAR,2018-11-14T00:00:00Z,2018-11-14T12:06:00Z,NA,Not Visible,Not Visible,Not Visible,NA,NA,NA,NA,NA
FAR,2018-12-11T00:00:00Z,2018-12-11T13:20:00Z,NA,Not Visible,Not Visible,Not Visible,NA,NA,NA,NA,NA
FAR,2019-01-24T00:00:00Z,2019-01-24T13:45:00Z,NA,Not Visible,Not Visible,Not Visible,NA,NA,NA,NA,NA
FAR,2019-03-19T00:00:00Z,2019-03-19T11:04:00Z,NA,Not Visible,Not Visible,Not Visible,NA,NA,NA,NA,NA
FAR,2019-04-17T00:00:00Z,2019-04-17T13:00:00Z,NA,Not Visible,Not Visible,Not Visible,NA,NA,NA,NA,NA
FAR,2019-05-14T00:00:00Z,2019-05-14T13:02:00Z,NA,Not Visible,Not Visible,Not Visible,NA,NA,NA,NA,NA
FAR,2019-06-13T00:00:00Z,2019-06-13T12:10:00Z,NA,Not Visible,Not Visible,Not Visible,NA,NA,NA,NA,NA
FAR,2019-07-16T00:00:00Z,2019-07-16T12:55:00Z,NA,Not Visible,Not Visible,Not Visible,NA,NA,NA,NA,NA
FAR,2019-08-20T00:00:00Z,2019-08-20T12:30:00Z,NA,Not Visible,Not Visible,Not Visible,NA,NA,NA,NA,NA
FAR,2019-09-17T00:00:00Z,2019-09-17T11:29:00Z,NA,Not Visible,Not Visible,NA,NA,NA,NA,NA,NA
FAR,2019-10-08T00:00:00Z,2019-10-08T11:27:00Z,NA,Not Visible,Not Visible,NA,NA,NA,NA,NA,NA
FAR,2019-11-15T00:00:00Z,2019-11-15T12:19:00Z,NA,Not Visible,Not Visible,Not Visible,NA,NA,NA,NA,NA
FAR,2019-12-17T00:00:00Z,2019-12-17T13:28:00Z,NA,Not Visible,Not Visible,Not Visible,NA,NA,NA,NA,NA
FAR,2020-01-23T00:00:00Z,2020-01-23T12:00:00Z,NA,Not Visible,Not Visible,Not Visible,NA,NA,NA,NA,NA
FAR,2020-02-11T00:00:00Z,2020-02-11T14:13:00Z,NA,Not Visible,Not Visible,Not Visible,NA,NA,NA,NA,NA
FAR,2020-03-30T00:00:00Z,2020-03-30T11:13:00Z,NA,Not Visible,Not Visible,Not Visible,NA,NA,NA,NA,NA
FAR,2020-04-28T00:00:00Z,2020-04-28T11:58:00Z,NA,Not Visible,Not Visible,Not Visible,NA,NA,NA,NA,NA
FAR,2020-05-27T00:00:00Z,2020-05-27T12:27:00Z,NA,Not Visible,Not Visible,Not Visible,NA,NA,NA,NA,NA
FAR,2020-08-04T00:00:00Z,2020-08-04T11:50:00Z,NA,Not Visible,Not Visible,Not Visible,NA,NA,NA,NA,NA
FAR,2020-09-08T00:00:00Z,2020-09-08T12:35:00Z,NA,Not Visible,Not Visible,Not Visible,NA,NA,NA,NA,NA
FAR,2020-10-06T00:00:00Z,2020-10-06T08:57:00Z,NA,Not Visible,Not Visible,Not Visible,NA,NA,NA,NA,NA
FAR,2020-11-10T00:00:00Z,2020-11-10T11:29:00Z,NA,Not Visible,Not Visible,Not Visible,NA,NA,NA,NA,NA
FAR,2020-12-21T00:00:00Z,2020-12-21T13:14:00Z,NA,Not Visible,Not Visible,Not Visible,NA,NA,NA,NA,NA
FAR,2021-01-21T00:00:00Z,2021-01-21T14:05:00Z,NA,Not Visible,Not Visible,Not Visible,NA,NA,NA,NA,NA
FAR,2021-02-17T00:00:00Z,2021-02-17T13:20:00Z,NA,Not Visible,Not Visible,Not Visible,NA,NA,NA,NA,NA
FAR,2021-03-16T00:00:00Z,2021-03-16T11:49:00Z,NA,Not Visible,Not Visible,Not Visible,NA,NA,NA,NA,NA
FAR,2021-04-14T00:00:00Z,2021-04-14T12:05:00Z,NA,Not Visible,Not Visible,Not Visible,NA,NA,NA,NA,NA
FAR,2021-05-25T00:00:00Z,2021-05-25T13:14:00Z,NA,Not Visible,Not Visible,Not Visible,NA,NA,NA,NA,NA
FAR,2021-06-22T00:00:00Z,2021-06-22T11:47:00Z,NA,NA,Not Visible,Not Visible,NA,NA,NA,NA,NA
FAR,2021-07-13T00:00:00Z,2021-07-13T10:37:00Z,NA,Not Visible,Not Visible,Low,NA,NA,NA,NA,NA
FAR,2021-08-05T00:00:00Z,2021-08-05T11:14:00Z,NA,Not Visible,Not Visible,Not Visible,NA,NA,NA,NA,NA
FAR,2021-09-08T00:00:00Z,2021-09-08T10:56:00Z,NA,Not Visible,Not Visible,Not Visible,NA,NA,NA,NA,NA
FAR,2021-10-06T00:00:00Z,2021-10-06T11:12:00Z,NA,Not Visible,Not Visible,Not Visible,NA,NA,NA,NA,NA
FAR,2021-11-16T00:00:00Z,2021-11-16T12:00:00Z,NA,Not Visible,Not Visible,Not Visible,NA,NA,NA,NA,NA
FAR,2021-12-08T00:00:00Z,2021-12-08T11:45:00Z,NA,Not Visible,Not Visible,Not Visible,NA,NA,NA,NA,NA
FAR,2022-01-12T00:00:00Z,2022-01-12T11:39:00Z,NA,Not Visible,Not Visible,Not Visible,NA,NA,NA,NA,NA
FAR,2022-02-09T00:00:00Z,2022-02-09T11:24:00Z,NA,Not Visible,Not Visible,Not Visible,NA,NA,NA,NA,NA
FAR,2022-03-09T00:00:00Z,2022-03-09T10:35:00Z,NA,Not Visible,Not Visible,Not Visible,NA,NA,NA,NA,NA
FAR,2022-04-18T00:00:00Z,2022-04-18T10:56:00Z,NA,Not Visible,Not Visible,Not Visible,NA,NA,NA,NA,NA
FAR,2022-05-11T00:00:00Z,2022-05-11T10:39:00Z,NA,Not Visible,Not Visible,Not Visible,NA,NA,NA,NA,NA
FAR,2022-06-09T00:00:00Z,2022-06-09T10:30:00Z,NA,Not Visible,Not Visible,Not Visible,NA,NA,NA,NA,NA
FAR,2022-07-20T00:00:00Z,2022-07-20T10:00:00Z,NA,Not Visible,Not Visible,Not Visible,NA,NA,NA,NA,NA
FAR,2022-08-10T00:00:00Z,2022-08-10T10:45:00Z,NA,Not Visible,Not Visible,Not Visible,NA,NA,NA,NA,NA
FAR,2022-09-14T00:00:00Z,2022-09-14T10:44:00Z,NA,NA,NA,NA,NA,NA,NA,NA,NA
FAR,2022-10-18T00:00:00Z,2022-10-18T11:20:00Z,NA,Not Visible,Not Visible,Not Visible,NA,NA,NA,NA,NA
FAR,2022-11-15T00:00:00Z,2022-11-15T14:00:00Z,NA,Not Visible,Not Visible,Not Visible,NA,NA,NA,NA,NA
FAR,2023-04-20T00:00:00Z,2023-04-20T12:05:00Z,NA,Medium,Not Visible,Not Visible,NA,NA,NA,NA,NA
FAR,2023-05-17T00:00:00Z,2023-05-17T08:33:00Z,NA,Not Visible,Not Visible,Not Visible,NA,NA,NA,NA,NA
FAR,2023-06-14T00:00:00Z,2023-06-14T10:25:00Z,NA,Not Visible,Not Visible,Not Visible,NA,NA,NA,NA,NA
FAR,2023-07-12T00:00:00Z,2023-07-12T12:14:00Z,NA,Not Visible,Low,Not Visible,NA,NA,NA,NA,NA
FAR,2023-08-16T00:00:00Z,2023-08-16T12:20:00Z,NA,Not Visible,Not Visible,Not Visible,NA,NA,NA,NA,NA
FAR,2023-09-20T00:00:00Z,2023-09-20T13:10:00Z,NA,Not Visible,Not Visible,Not Visible,NA,NA,NA,NA,NA
FAR,2023-10-25T00:00:00Z,2023-10-25T12:07:00Z,NA,Not Visible,Not Visible,Not Visible,NA,NA,NA,NA,NA
FAR,2023-11-21T00:00:00Z,2023-11-21T12:14:00Z,NA,Not Visible,Low,Not Visible,NA,NA,NA,NA,NA
FAR,2024-04-10T00:00:00Z,2024-04-10T11:53:00Z,NA,Not Visible,Not Visible,Not Visible,NA,NA,NA,NA,NA
FAR,2024-05-15T00:00:00Z,2024-05-15T12:38:00Z,NA,Not Visible,Not Visible,Not Visible,NA,NA,NA,NA,NA
FAR,2024-06-12T00:00:00Z,2024-06-12T10:28:00Z,NA,Not Visible,Not Visible,Not Visible,NA,NA,NA,NA,NA
FAR,2024-07-17T00:00:00Z,2024-07-17T10:22:00Z,NA,Low,Not Visible,Not Visible,NA,NA,NA,NA,NA
FAR,2024-08-14T00:00:00Z,2024-08-14T10:36:00Z,NA,Not Visible,Not Visible,Not Visible,NA,NA,NA,NA,NA
FAR,2024-09-10T00:00:00Z,2024-09-10T11:22:00Z,NA,Not Visible,Not Visible,Not Visible,NA,NA,NA,NA,NA
FAR,2024-10-09T00:00:00Z,2024-10-09T09:58:00Z,NA,Not Visible,Not Visible,Not Visible,NA,NA,NA,NA,NA
FCT,2017-10-11T00:00:00Z,2017-10-11T08:45:00Z,NA,NA,NA,Not Visible,NA,NA,NA,NA,NA
FCT,2017-11-14T00:00:00Z,2017-11-14T11:15:00Z,NA,Low,Low,Low,NA,NA,2,NA,2
FCT,2017-12-12T00:00:00Z,2017-12-12T09:58:00Z,NA,NA,Not Visible,Not Visible,NA,NA,NA,NA,NA
FCT,2018-01-09T00:00:00Z,2018-01-09T11:15:00Z,NA,NA,NA,Not Visible,NA,NA,NA,NA,NA
FCT,2018-02-07T00:00:00Z,2018-02-07T10:30:00Z,NA,NA,NA,Not Visible,NA,NA,NA,NA,NA
FCT,2018-03-13T00:00:00Z,2018-03-13T10:33:00Z,NA,NA,NA,Not Visible,NA,NA,NA,NA,NA
FCT,2018-04-11T00:00:00Z,2018-04-11T09:47:00Z,NA,NA,NA,Unknown,NA,NA,NA,NA,NA
FCT,2018-05-08T00:00:00Z,2018-05-08T09:16:00Z,NA,NA,NA,Not Visible,NA,NA,NA,NA,NA
FCT,2018-06-05T00:00:00Z,2018-06-05T10:04:00Z,NA,NA,NA,Not Visible,NA,NA,NA,NA,NA
FCT,2018-07-03T00:00:00Z,2018-07-03T10:05:00Z,NA,NA,Low,Medium,NA,NA,NA,NA,1
FCT,2018-07-24T00:00:00Z,2018-07-24T09:58:00Z,NA,NA,NA,High,NA,NA,NA,NA,NA
FCT,2018-08-22T00:00:00Z,2018-08-22T09:48:00Z,NA,Not Visible,Low,Medium,NA,NA,1,NA,1
FCT,2018-09-26T00:00:00Z,2018-09-26T10:05:00Z,NA,Not Visible,High,Low,NA,NA,4,NA,2
FCT,2018-10-24T00:00:00Z,2018-10-24T10:05:00Z,NA,Not Visible,Medium,Medium,NA,NA,3,NA,3
FCT,2018-12-06T00:00:00Z,2018-12-06T10:20:00Z,NA,Not Visible,Low,Not Visible,NA,NA,2,NA,NA
FCT,2019-01-11T00:00:00Z,2019-01-11T11:04:00Z,NA,Not Visible,Not Visible,Not Visible,NA,NA,NA,NA,NA
FCT,2019-02-06T00:00:00Z,2019-02-06T12:00:00Z,NA,Not Visible,Not Visible,Not Visible,NA,NA,NA,NA,NA
FCT,2019-03-14T00:00:00Z,2019-03-14T10:14:00Z,NA,Low,Not Visible,Not Visible,NA,NA,NA,NA,NA
FCT,2019-04-16T00:00:00Z,2019-04-16T08:57:00Z,NA,Not Visible,Medium,Not Visible,NA,NA,2,NA,3
FCT,2019-05-23T00:00:00Z,2019-05-23T09:49:00Z,NA,Not Visible,Low,Not Visible,NA,NA,2,NA,2
FCT,2019-06-18T00:00:00Z,2019-06-18T10:45:00Z,NA,Low,Medium,Not Visible,NA,NA,NA,NA,3
FCT,2019-07-17T00:00:00Z,2019-07-17T09:58:00Z,NA,Medium,Medium,Not Visible,NA,NA,3,NA,3
FCT,2019-08-13T00:00:00Z,2019-08-13T10:44:00Z,NA,High,High,Medium,NA,NA,4,NA,4
FCT,2019-09-17T00:00:00Z,2019-09-17T10:12:00Z,NA,Not Visible,Extreme,Low,NA,NA,5,NA,2
FCT,2019-10-30T00:00:00Z,2019-10-30T10:17:00Z,NA,Extreme,Extreme,Low,NA,5,5,NA,5
FCT,2019-12-11T00:00:00Z,2019-12-11T11:15:00Z,Vegatation Cleared Up,Not Visible,Medium,Not Visible,NA,NA,3,NA,3
FCT,2020-02-13T00:00:00Z,2020-02-13T11:34:00Z,Huge Vegetation Patch/Decomposing Hyacinth,Extreme,High,Not Visible,NA,NA,4,NA,5
FCT,2020-03-10T00:00:00Z,2020-03-10T10:05:00Z,NA,Low,Extreme,Not Visible,NA,NA,4,NA,5
FCT,2020-04-14T00:00:00Z,2020-04-14T11:15:00Z,NA,Not Visible,Medium,Not Visible,NA,NA,NA,NA,3
FCT,2020-05-20T00:00:00Z,2020-05-20T10:29:00Z,vegetation wrapped around station,Low,Medium,Medium,NA,NA,NA,NA,NA
FCT,2020-06-17T00:00:00Z,2020-06-17T10:02:00Z,egeria(3),Medium,High,Medium,NA,NA,4,NA,4
FCT,2020-07-29T00:00:00Z,2020-07-29T10:43:00Z,NA,Low,Medium,High,NA,NA,3,NA,NA
FCT,2020-09-03T00:00:00Z,2020-09-03T10:28:00Z,"algae, aquatic veg wrapped around station",Not Visible,High,High,NA,NA,NA,NA,NA
FCT,2020-10-19T00:00:00Z,2020-10-19T09:58:00Z,NA,High,Extreme,Medium,NA,NA,NA,NA,NA
FCT,2020-11-17T00:00:00Z,2020-11-17T11:11:00Z,NA,Not Visible,High,Not Visible,NA,NA,NA,NA,NA
FCT,2020-12-29T00:00:00Z,2020-12-29T10:59:00Z,NA,Low,High,Not Visible,NA,NA,NA,NA,NA
FCT,2021-02-02T00:00:00Z,2021-02-02T11:31:00Z,NA,Not Visible,Low,Not Visible,NA,NA,2,NA,NA
FCT,2021-03-09T00:00:00Z,2021-03-09T10:46:00Z,NA,Not Visible,Low,Not Visible,NA,NA,NA,NA,NA
FCT,2021-04-20T00:00:00Z,2021-04-20T09:58:00Z,NA,Low,Not Visible,Not Visible,NA,NA,NA,NA,NA
FCT,2021-05-20T00:00:00Z,2021-05-20T10:35:00Z,NA,Not Visible,Low,Not Visible,NA,NA,NA,NA,NA
FCT,2021-06-23T00:00:00Z,2021-06-23T09:56:00Z,NA,Low,Low,Low,NA,NA,NA,NA,NA
FCT,2021-07-20T00:00:00Z,2021-07-20T09:18:00Z,NA,Low,Low,Medium,NA,NA,NA,NA,NA
FCT,2021-08-18T00:00:00Z,2021-08-18T08:48:00Z,NA,Not Visible,Low,Low,NA,NA,NA,NA,NA
FCT,2021-09-15T00:00:00Z,2021-09-15T08:55:00Z,NA,Not Visible,Low,Medium,NA,NA,NA,NA,NA
FCT,2021-10-20T00:00:00Z,2021-10-20T09:59:00Z,NA,Not Visible,Not Visible,Not Visible,NA,NA,NA,NA,NA
FCT,2021-11-17T00:00:00Z,2021-11-17T10:04:00Z,NA,Not Visible,Not Visible,Not Visible,NA,NA,NA,NA,NA
FCT,2022-01-06T00:00:00Z,2022-01-06T10:27:00Z,NA,Not Visible,Not Visible,Not Visible,NA,NA,NA,NA,NA
FCT,2022-02-22T00:00:00Z,2022-02-22T10:47:00Z,NA,Low,Not Visible,Not Visible,NA,NA,NA,NA,NA
FCT,2022-03-24T00:00:00Z,2022-03-24T10:31:00Z,NA,Not Visible,Not Visible,Not Visible,NA,NA,NA,NA,NA
FCT,2022-04-26T00:00:00Z,2022-04-26T11:08:00Z,NA,Medium,Not Visible,Not Visible,NA,NA,NA,NA,NA
FCT,2022-05-24T00:00:00Z,2022-05-24T11:03:00Z,NA,Medium,Not Visible,Not Visible,NA,NA,NA,NA,NA
FCT,2022-06-28T00:00:00Z,2022-06-28T08:56:00Z,NA,Low,Not Visible,Low,NA,NA,NA,NA,NA
FCT,2022-07-26T00:00:00Z,2022-07-26T08:41:00Z,NA,Low,Low,Low,NA,NA,NA,NA,NA
FCT,2022-08-31T00:00:00Z,2022-08-31T08:56:00Z,NA,Not Visible,Low,Low,NA,NA,NA,NA,NA
FCT,2022-09-26T00:00:00Z,2022-09-26T09:21:00Z,NA,Low,Not Visible,Low,NA,NA,NA,NA,NA
FCT,2022-10-25T00:00:00Z,2022-10-25T08:37:00Z,NA,Not Visible,Low,Low,NA,NA,NA,NA,NA
FCT,2022-11-30T00:00:00Z,2022-11-30T11:19:00Z,NA,Not Visible,Not Visible,Not Visible,NA,NA,NA,NA,NA
FCT,2023-01-17T00:00:00Z,2023-01-17T11:34:00Z,NA,Not Visible,Not Visible,Not Visible,NA,NA,NA,NA,NA
FCT,2023-02-21T00:00:00Z,2023-02-21T11:18:00Z,NA,Not Visible,Not Visible,Not Visible,NA,NA,NA,NA,NA
FCT,2023-03-30T00:00:00Z,2023-03-30T10:21:00Z,NA,Not Visible,Not Visible,Not Visible,NA,NA,NA,NA,NA
FCT,2023-04-25T00:00:00Z,2023-04-25T09:46:00Z,NA,Not Visible,Low,Not Visible,NA,NA,NA,NA,NA
FCT,2023-07-06T00:00:00Z,2023-07-06T09:07:00Z,NA,Not Visible,Not Visible,Not Visible,NA,NA,NA,NA,NA
FCT,2023-08-10T00:00:00Z,2023-08-10T09:43:00Z,NA,Low,Not Visible,Low,NA,NA,NA,NA,NA
FCT,2023-09-19T00:00:00Z,2023-09-19T10:14:00Z,NA,Medium,Low,Low,NA,NA,NA,NA,NA
FCT,2023-10-31T00:00:00Z,2023-10-31T10:57:00Z,NA,Not Visible,Low,Low,NA,NA,NA,NA,NA
FCT,2023-12-12T00:00:00Z,2023-12-12T11:13:00Z,NA,Not Visible,Low,Low,NA,NA,NA,NA,NA
FCT,2024-01-30T00:00:00Z,2024-01-30T11:29:00Z,NA,Not Visible,Low,Not Visible,NA,NA,NA,NA,NA
FCT,2024-02-29T00:00:00Z,2024-02-29T10:02:00Z,NA,Not Visible,Low,Not Visible,NA,NA,NA,NA,NA
FCT,2024-04-16T00:00:00Z,2024-04-16T10:03:00Z,NA,Low,Not Visible,Not Visible,NA,NA,NA,NA,NA
FCT,2024-05-14T00:00:00Z,2024-05-14T09:57:00Z,NA,Low,Not Visible,Not Visible,NA,NA,NA,NA,NA
FCT,2024-06-19T00:00:00Z,2024-06-19T09:50:00Z,NA,Medium,Not Visible,Not Visible,NA,NA,NA,NA,NA
FCT,2024-08-01T00:00:00Z,2024-08-01T09:56:00Z,NA,Not Visible,Medium,Medium,NA,NA,NA,NA,NA
FCT,2024-08-27T00:00:00Z,2024-08-27T09:00:00Z,NA,Not Visible,Medium,Medium,NA,NA,NA,NA,NA
FCT,2024-10-08T00:00:00Z,2024-10-08T09:12:00Z,NA,Not Visible,High,Low,NA,NA,NA,NA,NA
FCT,2024-11-14T00:00:00Z,2024-11-14T12:51:00Z,NA,Not Visible,Medium,Not Visible,NA,NA,NA,NA,NA
FCT,2024-12-17T00:00:00Z,2024-12-17T11:13:00Z,NA,Not Visible,Extreme,Not Visible,NA,NA,NA,NA,NA
FCT,2025-01-29T00:00:00Z,2025-01-29T11:12:00Z,NA,Not Visible,Not Visible,Not Visible,NA,NA,NA,NA,NA
FCT,2025-03-25T00:00:00Z,2025-03-25T10:19:00Z,NA,Not Visible,Not Visible,Not Visible,NA,NA,NA,NA,NA
FCT,2025-04-30T00:00:00Z,2025-04-30T08:50:00Z,NA,Not Visible,Low,Not Visible,NA,NA,NA,NA,NA
FCT,2025-06-05T00:00:00Z,2025-06-05T09:59:00Z,NA,Low,Low,Not Visible,NA,NA,NA,NA,NA
FCT,2025-07-02T00:00:00Z,2025-07-02T09:35:00Z,NA,Not Visible,Low,Low,NA,NA,NA,NA,NA
FCT,2025-07-29T00:00:00Z,2025-07-29T08:46:00Z,NA,Not Visible,Low,Low,NA,NA,NA,NA,NA
FCT,2025-08-26T00:00:00Z,2025-08-26T10:12:00Z,NA,Low,Low,Low,NA,NA,NA,NA,NA
FCT,2025-09-23T00:00:00Z,2025-09-23T09:13:00Z,NA,Not Visible,Low,Low,NA,NA,NA,NA,NA
FCT,2025-10-24T00:00:00Z,2025-10-24T09:42:00Z,NA,Not Visible,Not Visible,Low,NA,NA,NA,NA,NA
GCMW,2023-05-09T00:00:00Z,2023-05-09T10:16:00Z,NA,Low,Low,Not Visible,NA,NA,NA,NA,NA
GCMW,2023-07-20T00:00:00Z,2023-07-20T12:58:00Z,NA,Not Visible,Not Visible,Not Visible,NA,NA,NA,NA,NA
GCMW,2023-09-18T00:00:00Z,2023-09-18T13:53:00Z,NA,Not Visible,Not Visible,Not Visible,NA,NA,NA,NA,NA
GCMW,2023-12-05T00:00:00Z,2023-12-05T09:30:00Z,NA,Not Visible,Not Visible,Not Visible,NA,NA,NA,NA,NA
GCMW,2024-02-28T00:00:00Z,2024-02-28T11:18:00Z,NA,Not Visible,Not Visible,Not Visible,NA,NA,NA,NA,NA
GCMW,2024-03-27T00:00:00Z,2024-03-27T10:31:00Z,NA,Not Visible,Not Visible,Not Visible,NA,NA,NA,NA,NA
GCMW,2024-05-30T00:00:00Z,2024-05-30T10:49:00Z,NA,Not Visible,Not Visible,Not Visible,NA,NA,NA,NA,NA
GCMW,2024-08-29T00:00:00Z,2024-08-29T09:40:00Z,NA,Not Visible,Low,Not Visible,NA,NA,NA,NA,NA
GCMW,2024-11-19T00:00:00Z,2024-11-19T11:06:00Z,NA,Not Visible,Not Visible,Not Visible,NA,NA,NA,NA,NA
GCMW,2025-01-22T00:00:00Z,2025-01-22T13:17:00Z,NA,Not Visible,Not Visible,Not Visible,NA,NA,NA,NA,NA
GCMW,2025-03-26T00:00:00Z,2025-03-26T10:17:00Z,NA,Not Visible,Not Visible,Not Visible,NA,NA,NA,NA,NA
GCMW,2025-06-17T00:00:00Z,2025-06-17T10:22:00Z,NA,Not Visible,Not Visible,Not Visible,NA,NA,NA,NA,NA
GCMW,2025-07-31T00:00:00Z,2025-07-31T10:08:00Z,NA,Low,Low,Not Visible,NA,NA,NA,NA,NA
GCMW,2025-09-04T00:00:00Z,2025-09-04T09:53:00Z,NA,Not Visible,Not Visible,Not Visible,NA,NA,NA,NA,NA
GCT,2017-11-07T00:00:00Z,2017-11-07T09:45:00Z,NA,NA,Low,Not Visible,NA,NA,2,NA,NA
GCT,2017-10-18T00:00:00Z,2017-10-18T08:58:00Z,NA,NA,Low,Not Visible,NA,2,2,NA,NA
GCT,2017-11-29T00:00:00Z,2017-11-29T09:15:00Z,NA,Low,Low,Not Visible,NA,NA,2,NA,NA
GCT,2017-12-20T00:00:00Z,2017-12-20T08:57:00Z,NA,Low,Low,Not Visible,NA,NA,2,NA,NA
GCT,2018-01-02T00:00:00Z,2018-01-02T14:00:00Z,NA,NA,NA,Not Visible,NA,NA,NA,NA,NA
GCT,2018-01-02T00:00:00Z,2018-01-02T14:00:00Z,NA,NA,NA,Not Visible,NA,NA,NA,NA,NA
GCT,2017-09-27T00:00:00Z,2017-09-27T08:12:00Z,NA,NA,NA,NA,NA,NA,NA,NA,NA
GCT,2018-01-25T00:00:00Z,2018-01-25T11:30:00Z,NA,Not Visible,NA,Not Visible,NA,NA,NA,NA,NA
GCT,2018-02-13T00:00:00Z,2018-02-13T09:31:00Z,NA,Not Visible,NA,Not Visible,NA,NA,NA,NA,NA
GCT,2018-03-07T00:00:00Z,2018-03-07T12:28:00Z,NA,Not Visible,Low,Not Visible,2,1,2,NA,NA
GCT,2018-03-27T00:00:00Z,2018-03-27T10:49:00Z,NA,NA,NA,Not Visible,NA,NA,NA,NA,NA
GCT,2018-04-18T00:00:00Z,2018-04-18T11:02:00Z,NA,NA,Not Visible,Not Visible,NA,NA,NA,NA,NA
GCT,2018-05-24T00:00:00Z,2018-05-24T09:19:00Z,NA,NA,Not Visible,Not Visible,NA,NA,NA,NA,NA
GCT,2018-05-29T00:00:00Z,2018-05-29T11:04:00Z,NA,NA,Not Visible,Not Visible,NA,NA,NA,NA,NA
GCT,2018-06-20T00:00:00Z,2018-06-20T08:34:00Z,NA,NA,Not Visible,Not Visible,NA,NA,NA,NA,NA
GCT,2018-07-17T00:00:00Z,2018-07-17T10:58:00Z,NA,Low,Not Visible,Low,NA,NA,NA,NA,NA
GCT,2018-08-03T00:00:00Z,2018-08-03T09:44:00Z,NA,Not Visible,Low,Not Visible,NA,NA,NA,NA,NA
GLC,2017-10-18T00:00:00Z,2017-10-18T09:30:00Z,NA,Low,Low,Not Visible,NA,NA,2,NA,NA
GLC,2017-11-07T00:00:00Z,2017-11-07T13:30:00Z,NA,NA,Low,Not Visible,NA,2,2,NA,NA
GLC,2017-11-29T00:00:00Z,2017-11-29T09:45:00Z,NA,Medium,Medium,Not Visible,NA,2,3,NA,NA
GLC,2017-12-20T00:00:00Z,2017-12-20T09:30:00Z,NA,NA,Low,Not Visible,NA,NA,2,NA,NA
GLC,2018-01-02T00:00:00Z,2018-01-02T13:30:00Z,NA,Medium,Low,Not Visible,NA,1,1,NA,NA
GLC,2018-01-25T00:00:00Z,2018-01-25T11:00:00Z,NA,NA,Low,Not Visible,NA,2,2,NA,NA
GLC,2017-09-27T00:00:00Z,2017-09-27T08:59:00Z,NA,NA,NA,NA,NA,NA,NA,NA,NA
GLC,2018-02-15T00:00:00Z,2018-02-15T10:29:00Z,NA,Medium,Low,Not Visible,NA,NA,2,NA,NA
GLC,2018-03-07T00:00:00Z,2018-03-07T11:58:00Z,NA,NA,Low,Not Visible,1,NA,2,NA,NA
GLC,2018-03-27T00:00:00Z,2018-03-27T11:14:00Z,Ageria,NA,NA,Not Visible,NA,NA,NA,NA,NA
GLC,2018-04-04T00:00:00Z,2018-04-04T08:45:00Z,NA,NA,Low,Not Visible,2,NA,2,NA,NA
GLC,2018-04-18T00:00:00Z,2018-04-18T10:43:00Z,NA,NA,Not Visible,Not Visible,NA,NA,NA,NA,NA
GLC,2018-05-24T00:00:00Z,2018-05-24T10:05:00Z,NA,NA,Not Visible,Not Visible,NA,NA,NA,NA,NA
GLC,2018-06-13T00:00:00Z,2018-06-13T10:07:00Z,NA,NA,Low,Medium,NA,NA,1,NA,NA
GLC,2018-07-10T00:00:00Z,2018-07-10T10:32:00Z,Submerged Egeria,Medium,Not Visible,Medium,NA,NA,NA,NA,NA
GLC,2018-07-31T00:00:00Z,2018-07-31T10:15:00Z,NA,Low,Not Visible,Low,NA,NA,NA,NA,NA
GLC,2018-08-21T00:00:00Z,2018-08-21T09:45:00Z,NA,Low,Not Visible,Medium,NA,NA,NA,NA,NA
GLC,2018-09-18T00:00:00Z,2018-09-18T14:49:00Z,NA,Medium,NA,Low,NA,NA,NA,NA,NA
GLC,2018-10-18T00:00:00Z,2018-10-18T13:55:00Z,NA,Low,Not Visible,Medium,NA,NA,NA,NA,NA
GLC,2018-11-14T00:00:00Z,2018-11-14T11:29:00Z,NA,Low,Medium,Not Visible,NA,NA,3,NA,NA
GLC,2019-01-02T00:00:00Z,2019-01-02T11:40:00Z,NA,Medium,Low,Not Visible,NA,NA,2,NA,NA
GLC,2019-02-05T00:00:00Z,2019-02-05T13:58:00Z,NA,Medium,Low,Not Visible,NA,NA,2,NA,NA
GLC,2019-03-13T00:00:00Z,2019-03-13T11:29:00Z,NA,Not Visible,Not Visible,Not Visible,NA,NA,NA,NA,NA
GLC,2019-04-24T00:00:00Z,2019-04-24T11:15:00Z,NA,Not Visible,Not Visible,Not Visible,NA,NA,NA,NA,NA
GLC,2019-06-04T00:00:00Z,2019-06-04T10:59:00Z,Egeria (2),Low,Not Visible,Not Visible,NA,NA,NA,NA,NA
GLC,2019-07-01T00:00:00Z,2019-07-01T11:14:00Z,NA,Not Visible,Not Visible,Not Visible,1,1,1,NA,1
GLC,2019-07-31T00:00:00Z,2019-07-31T11:25:00Z,egeria(3),Medium,Low,Medium,NA,NA,2,NA,NA
GLC,2019-08-27T00:00:00Z,2019-08-27T11:26:00Z,Egeria present,Medium,Low,Low,NA,2,2,NA,NA
GLC,2019-10-14T00:00:00Z,2019-10-14T11:45:00Z,NA,Medium,Not Visible,Not Visible,NA,NA,NA,NA,NA
GLC,2019-11-13T00:00:00Z,2019-11-13T11:43:00Z,NA,Not Visible,Low,Not Visible,NA,2,2,NA,NA
GLC,2020-01-07T00:00:00Z,2020-01-07T11:57:00Z,NA,Low,Low,Not Visible,NA,NA,2,NA,NA
GLC,2020-02-07T00:00:00Z,2020-02-07T11:01:00Z,NA,Medium,Low,Not Visible,NA,NA,2,NA,NA
GLC,2020-03-11T00:00:00Z,2020-03-11T10:36:00Z,Egeria(2),Low,Low,Not Visible,NA,NA,2,NA,NA
GLC,2020-04-06T00:00:00Z,2020-04-06T11:10:00Z,NA,Medium,Low,Not Visible,NA,NA,2,NA,NA
GLC,2020-05-05T00:00:00Z,2020-05-05T10:59:00Z,NA,Medium,Low,Not Visible,NA,NA,NA,NA,NA
GLC,2020-06-03T00:00:00Z,2020-06-03T10:28:00Z,NA,Medium,Low,Not Visible,NA,NA,NA,NA,NA
GLC,2020-07-01T00:00:00Z,2020-07-01T11:18:00Z,NA,Low,Low,Medium,NA,NA,NA,NA,NA
GLC,2020-08-11T00:00:00Z,2020-08-11T09:51:00Z,NA,Low,Low,Medium,NA,NA,NA,NA,NA
GLC,2020-09-17T00:00:00Z,2020-09-17T11:03:00Z,NA,Low,Low,Extreme,NA,NA,NA,NA,NA
GLC,2020-10-21T00:00:00Z,2020-10-21T10:16:00Z,NA,Not Visible,Low,Low,NA,NA,2,NA,NA
GLC,2020-11-20T00:00:00Z,2020-11-20T11:26:00Z,NA,Medium,Medium,Not Visible,NA,NA,3,NA,NA
GLC,2021-01-06T00:00:00Z,2021-01-06T12:30:00Z,NA,Not Visible,Low,Not Visible,NA,NA,2,NA,NA
GLC,2021-02-03T00:00:00Z,2021-02-03T11:19:00Z,NA,Medium,Medium,Not Visible,3,NA,3,NA,NA
GLC,NA,NA,NA,NA,NA,NA,NA,NA,NA,NA,NA
GLC,2021-03-03T00:00:00Z,2021-03-03T10:10:00Z,NA,Not Visible,Low,Not Visible,NA,NA,NA,NA,NA
GLC,2021-04-06T00:00:00Z,2021-04-06T10:25:00Z,NA,Not Visible,Not Visible,Not Visible,NA,NA,NA,NA,NA
GLC,2021-05-13T00:00:00Z,2021-05-13T10:45:00Z,NA,Medium,Not Visible,Not Visible,NA,NA,NA,NA,NA
GLC,2021-06-08T00:00:00Z,2021-06-08T10:02:00Z,NA,Low,Not Visible,Low,NA,NA,NA,NA,NA
GLC,2021-06-29T00:00:00Z,2021-06-29T10:33:00Z,NA,Not Visible,Not Visible,Medium,NA,NA,NA,NA,NA
GLC,2021-08-03T00:00:00Z,2021-08-03T09:45:00Z,NA,Not Visible,Not Visible,Not Visible,NA,NA,NA,NA,NA
GLC,2021-09-08T00:00:00Z,2021-09-08T10:50:00Z,NA,Low,Not Visible,Low,NA,NA,NA,NA,NA
GLC,2021-10-05T00:00:00Z,2021-10-05T10:30:00Z,NA,Not Visible,Low,Low,NA,NA,2,NA,NA
GLC,2021-12-14T00:00:00Z,2021-12-14T11:43:00Z,NA,Not Visible,Medium,Not Visible,NA,NA,3,NA,NA
GLC,2021-11-02T00:00:00Z,2021-11-02T09:50:00Z,NA,Low,Not Visible,Not Visible,NA,NA,NA,NA,NA
GLC,2022-01-05T00:00:00Z,2022-01-05T13:05:00Z,NA,Not Visible,Not Visible,Not Visible,NA,NA,NA,NA,NA
GLC,2022-02-02T00:00:00Z,2022-02-02T11:28:00Z,NA,Low,Low,Not Visible,NA,NA,2,NA,NA
GLC,2022-03-08T00:00:00Z,2022-03-08T09:58:00Z,NA,Not Visible,Medium,Not Visible,NA,NA,NA,NA,NA
GLC,2022-04-05T00:00:00Z,2022-04-05T09:32:00Z,NA,Not Visible,Not Visible,Not Visible,NA,NA,NA,NA,NA
GLC,2022-05-04T00:00:00Z,2022-05-04T08:15:00Z,NA,Medium,Not Visible,Not Visible,NA,NA,NA,NA,NA
GLC,2022-06-02T00:00:00Z,2022-06-02T09:49:00Z,NA,Medium,Not Visible,Not Visible,NA,NA,NA,NA,NA
GLC,2022-07-05T00:00:00Z,2022-07-05T12:20:00Z,NA,Low,Not Visible,Low,NA,NA,NA,NA,NA
GLC,2022-08-03T00:00:00Z,2022-08-03T09:03:00Z,NA,Low,Not Visible,Low,NA,NA,NA,NA,NA
GLC,2022-09-13T00:00:00Z,2022-09-13T10:10:00Z,NA,Low,Not Visible,Low,NA,NA,NA,NA,NA
GLC,2022-10-05T00:00:00Z,2022-10-05T09:12:00Z,Higher population of Aphanizomenon than Microcystis,Medium,Not Visible,Low,NA,NA,NA,NA,NA
GLC,2022-11-02T00:00:00Z,2022-11-02T10:58:00Z,NA,Medium,Not Visible,Low,NA,NA,NA,NA,NA
GLC,2022-12-13T00:00:00Z,2022-12-13T10:13:00Z,NA,Low,Not Visible,Not Visible,NA,NA,NA,NA,NA
GLC,2023-01-11T00:00:00Z,2023-01-11T10:59:00Z,NA,Not Visible,Medium,Not Visible,NA,NA,NA,NA,NA
GLC,2023-02-07T00:00:00Z,2023-02-07T10:58:00Z,NA,Not Visible,Not Visible,Not Visible,NA,NA,NA,NA,NA
GLC,2022-03-07T00:00:00Z,2022-03-07T10:20:00Z,NA,Not Visible,Low,Not Visible,NA,NA,2,NA,NA
GLC,2023-04-18T00:00:00Z,2023-04-18T10:01:00Z,NA,Not Visible,Not Visible,Not Visible,NA,NA,NA,NA,NA
GLC,2023-03-07T00:00:00Z,2023-03-07T10:20:00Z,NA,Not Visible,Low,Not Visible,NA,NA,2,NA,NA
GLC,2023-05-16T00:00:00Z,2023-05-16T08:50:00Z,NA,Not Visible,Not Visible,Not Visible,NA,NA,NA,NA,NA
GLC,2023-06-06T00:00:00Z,2023-06-06T12:56:00Z,NA,Not Visible,Not Visible,Not Visible,NA,NA,NA,NA,NA
GLC,2023-06-27T00:00:00Z,2023-06-27T09:28:00Z,removed veg from bottom of housing (deep water),Not Visible,Not Visible,Not Visible,NA,NA,NA,NA,NA
GLC,2023-08-01T00:00:00Z,2023-08-01T12:47:00Z,NA,Low,Not Visible,Not Visible,NA,NA,NA,NA,NA
GLC,2023-09-07T00:00:00Z,2023-09-07T08:35:00Z,NA,Low,Low,Low,NA,NA,NA,NA,NA
GLC,2023-10-09T00:00:00Z,2023-10-09T11:35:00Z,NA,Not Visible,Not Visible,Not Visible,NA,NA,NA,NA,NA
GLC,2023-12-05T00:00:00Z,2023-12-05T10:07:00Z,NA,Not Visible,Not Visible,Not Visible,NA,NA,NA,NA,NA
GLC,2024-01-09T00:00:00Z,2024-01-09T10:28:00Z,NA,Not Visible,Not Visible,Not Visible,NA,NA,NA,NA,NA
GLC,2024-02-08T00:00:00Z,2024-02-08T10:29:00Z,NA,Not Visible,Not Visible,Not Visible,NA,NA,NA,NA,NA
GLC,2024-03-05T00:00:00Z,2024-03-05T10:14:00Z,NA,Not Visible,Not Visible,Not Visible,NA,NA,NA,NA,NA
GLC,2024-04-09T00:00:00Z,2024-04-09T09:20:00Z,NA,Not Visible,Not Visible,Not Visible,NA,NA,NA,NA,NA
GLC,2024-05-07T00:00:00Z,2024-05-07T09:06:00Z,NA,Not Visible,Not Visible,Not Visible,NA,NA,NA,NA,NA
GLC,2024-06-12T00:00:00Z,2024-06-12T08:55:00Z,NA,Low,Not Visible,Low,NA,NA,NA,NA,NA
GLC,2024-07-02T00:00:00Z,2024-07-02T08:12:00Z,NA,Low,Not Visible,Low,NA,NA,NA,NA,NA
GLC,2024-08-06T00:00:00Z,2024-08-06T08:26:00Z,NA,Not Visible,Not Visible,Medium,NA,NA,NA,NA,NA
GLC,2024-09-05T00:00:00Z,2024-09-05T08:07:00Z,NA,Not Visible,Not Visible,Low,NA,NA,NA,NA,NA
GLC,2024-10-15T00:00:00Z,2024-10-15T08:55:00Z,NA,Not Visible,Not Visible,Low,NA,NA,NA,NA,NA
GLC,2024-11-05T00:00:00Z,2024-11-05T09:49:00Z,NA,Not Visible,Low,Low,NA,2,NA,NA,NA
GLC,2024-12-10T00:00:00Z,2024-12-10T10:49:00Z,NA,Not Visible,Not Visible,Not Visible,NA,NA,NA,NA,NA
GLC,2025-01-07T00:00:00Z,2025-01-07T10:20:00Z,NA,Not Visible,Not Visible,Not Visible,NA,NA,NA,NA,NA
GLC,2025-02-12T00:00:00Z,2025-02-12T10:29:00Z,NA,Not Visible,Not Visible,Not Visible,NA,NA,NA,NA,NA
GLC,2025-03-20T00:00:00Z,2025-03-20T09:03:00Z,NA,Not Visible,Not Visible,Not Visible,NA,NA,NA,NA,NA
GLC,2025-04-16T00:00:00Z,2025-04-16T09:19:00Z,NA,Not Visible,Not Visible,Not Visible,NA,NA,NA,NA,NA
GLC,2025-05-22T00:00:00Z,2025-05-22T09:02:00Z,NA,Medium,Not Visible,Not Visible,NA,NA,NA,NA,NA
GLC,2025-06-26T00:00:00Z,2025-06-26T08:21:00Z,NA,Low,Not Visible,Low,NA,NA,NA,NA,NA
GLC,2025-07-23T00:00:00Z,2025-07-23T09:00:00Z,NA,Low,Not Visible,Low,NA,NA,NA,NA,NA
GLC,2025-08-14T00:00:00Z,2025-08-14T08:41:00Z,NA,Low,Not Visible,Low,NA,NA,NA,NA,NA
GLC,2025-09-18T00:00:00Z,2025-09-18T08:45:00Z,NA,Low,Not Visible,Low,NA,NA,NA,NA,NA
GLC,2025-10-14T00:00:00Z,2025-10-14T08:51:00Z,NA,Low,Not Visible,Not Visible,NA,NA,NA,NA,NA
GLC,2025-11-18T00:00:00Z,2025-11-18T10:17:00Z,NA,Medium,High,Not Visible,NA,NA,4,NA,NA
GLE,2017-10-10T00:00:00Z,2017-10-10T08:13:00Z,NA,Not Visible,NA,Not Visible,NA,NA,NA,NA,NA
GLE,2017-11-01T00:00:00Z,2017-11-01T11:16:00Z,NA,NA,Low,Not Visible,NA,3,2,NA,NA
GLE,2017-11-22T00:00:00Z,2017-11-22T09:04:00Z,NA,NA,Low,Not Visible,NA,NA,NA,NA,NA
GLE,2017-12-15T00:00:00Z,2017-12-15T09:31:00Z,NA,NA,Not Visible,Not Visible,NA,NA,NA,NA,NA
GLE,2018-01-04T00:00:00Z,2018-01-04T09:46:00Z,NA,NA,NA,Not Visible,NA,NA,NA,NA,NA
GLE,2017-09-26T00:00:00Z,2017-09-26T09:04:00Z,NA,NA,NA,Not Visible,NA,NA,NA,NA,NA
GLE,2018-01-24T00:00:00Z,2018-01-24T10:00:00Z,NA,NA,Not Visible,Not Visible,NA,NA,NA,NA,NA
GLE,2018-02-13T00:00:00Z,2018-02-13T09:47:00Z,NA,NA,Not Visible,Not Visible,NA,NA,NA,NA,NA
GLE,2018-03-14T00:00:00Z,2018-03-14T10:56:00Z,NA,NA,Not Visible,Not Visible,NA,NA,NA,NA,NA
GLE,2018-03-28T00:00:00Z,2018-03-28T12:30:00Z,NA,NA,Not Visible,Not Visible,NA,NA,NA,NA,NA
GLE,2018-05-01T00:00:00Z,2018-05-01T09:34:00Z,NA,NA,Not Visible,Not Visible,NA,NA,NA,NA,NA
GLE,2018-05-24T00:00:00Z,2018-05-24T09:35:00Z,NA,NA,NA,Not Visible,NA,NA,NA,NA,NA
GLE,2018-06-20T00:00:00Z,2018-06-20T08:58:00Z,NA,NA,Not Visible,Not Visible,NA,NA,NA,NA,NA
GLE,2018-06-27T00:00:00Z,2018-06-27T10:19:00Z,NA,NA,NA,Not Visible,NA,NA,NA,NA,NA
GLE,2018-07-17T00:00:00Z,2018-07-17T10:28:00Z,NA,NA,Low,Medium,NA,2,NA,NA,NA
GLE,2018-08-07T00:00:00Z,2018-08-07T09:58:00Z,streaky microcystis present,Low,Low,High,NA,3,2,NA,NA
GLE,2018-08-28T00:00:00Z,2018-08-28T10:31:00Z,NA,Low,Medium,Low,NA,3,3,NA,NA
GLE,2018-09-17T00:00:00Z,2018-09-17T09:35:00Z,NA,Not Visible,Low,Not Visible,NA,NA,1,NA,NA
GLE,2018-10-09T00:00:00Z,2018-10-09T10:50:00Z,NA,Not Visible,Medium,Low,NA,3,3,NA,NA
GLE,2018-11-06T00:00:00Z,2018-11-06T09:44:00Z,NA,Not Visible,Medium,Not Visible,NA,NA,3,NA,NA
GLE,2018-12-12T00:00:00Z,2018-12-12T12:00:00Z,NA,Low,Low,Not Visible,NA,NA,2,NA,NA
GLE,2019-01-30T00:00:00Z,2019-01-30T11:00:00Z,NA,Not Visible,Low,Not Visible,NA,NA,NA,NA,NA
GLE,2019-01-08T00:00:00Z,2019-01-08T11:00:00Z,NA,Not Visible,Low,Not Visible,NA,NA,1,NA,NA
GLE,2019-03-04T00:00:00Z,2019-03-04T12:45:00Z,NA,Not Visible,Not Visible,Not Visible,NA,NA,NA,NA,NA
GLE,2019-04-10T00:00:00Z,2019-04-10T11:16:00Z,NA,Not Visible,Not Visible,Not Visible,NA,NA,NA,NA,NA
GLE,2019-05-01T00:00:00Z,2019-05-01T10:59:00Z,NA,Not Visible,Not Visible,Not Visible,NA,NA,NA,NA,NA
GLE,2019-05-29T00:00:00Z,2019-05-29T11:30:00Z,NA,Not Visible,Not Visible,Not Visible,NA,NA,NA,NA,NA
GLE,2019-06-25T00:00:00Z,2019-06-25T12:05:00Z,NA,Not Visible,Not Visible,Not Visible,NA,NA,NA,NA,NA
GLE,2019-07-09T00:00:00Z,2019-07-09T10:03:00Z,Egeria(2),Low,Not Visible,Not Visible,NA,NA,NA,NA,NA
GLE,2019-08-06T00:00:00Z,2019-08-06T10:47:00Z,NA,Not Visible,Not Visible,Low,NA,NA,NA,NA,NA
GLE,2019-09-04T00:00:00Z,2019-09-04T10:05:00Z,NA,Not Visible,Not Visible,NA,NA,NA,NA,NA,NA
GLE,2019-09-25T00:00:00Z,2019-09-25T10:35:00Z,NA,Not Visible,Not Visible,Not Visible,NA,NA,NA,NA,NA
GLE,2019-11-06T00:00:00Z,2019-11-06T12:44:00Z,NA,Medium,Low,Not Visible,NA,3,NA,NA,NA
GLE,2019-12-04T00:00:00Z,2019-12-04T11:35:00Z,NA,Not Visible,Not Visible,Not Visible,NA,NA,NA,NA,NA
GLE,2020-01-02T00:00:00Z,2020-01-02T13:00:00Z,NA,Not Visible,Not Visible,Not Visible,NA,NA,NA,NA,NA
GLE,2020-02-19T00:00:00Z,2020-02-19T11:30:00Z,NA,Not Visible,Not Visible,Not Visible,NA,NA,NA,NA,NA
GLE,2020-03-18T00:00:00Z,2020-03-18T11:26:00Z,NA,Not Visible,Low,Not Visible,NA,2,NA,NA,NA
GLE,2020-04-21T00:00:00Z,2020-04-21T09:48:00Z,NA,Not Visible,Not Visible,Not Visible,NA,NA,NA,NA,NA
GLE,2020-05-12T00:00:00Z,2020-05-12T09:46:00Z,NA,Not Visible,Not Visible,Not Visible,NA,NA,NA,NA,NA
GLE,2020-06-16T00:00:00Z,2020-06-16T09:30:00Z,NA,Medium,Low,Not Visible,NA,NA,NA,NA,NA
GLE,2020-07-07T00:00:00Z,2020-07-07T10:20:00Z,NA,Not Visible,Not Visible,Not Visible,NA,NA,NA,NA,NA
GLE,2020-07-28T00:00:00Z,2020-07-28T10:59:00Z,NA,Medium,Low,Low,NA,NA,2,NA,NA
GLE,2020-08-26T00:00:00Z,2020-08-26T09:58:00Z,NA,Not Visible,Low,High,NA,NA,2,NA,NA
GLE,2020-09-16T00:00:00Z,2020-09-16T12:55:00Z,NA,Low,NA,Not Visible,NA,NA,NA,NA,NA
GLE,2020-10-07T00:00:00Z,2020-10-07T11:47:00Z,NA,Low,Extreme,Not Visible,NA,NA,4,NA,NA
GLE,2020-10-28T00:00:00Z,2020-10-28T11:45:00Z,NA,Not Visible,Medium,Low,NA,NA,3,NA,NA
GLE,2020-12-01T00:00:00Z,2020-12-01T10:34:00Z,NA,Not Visible,Low,Not Visible,NA,NA,NA,NA,NA
GLE,2021-01-14T00:00:00Z,2021-01-14T12:10:00Z,NA,Not Visible,Low,Not Visible,NA,NA,2,NA,NA
GLE,2021-02-09T00:00:00Z,2021-02-09T11:03:00Z,NA,Not Visible,Low,Not Visible,NA,NA,NA,NA,NA
GLE,2021-03-10T00:00:00Z,2021-03-10T11:02:00Z,NA,Not Visible,Not Visible,Not Visible,NA,NA,NA,NA,NA
GLE,2021-04-07T00:00:00Z,2021-04-07T10:04:00Z,NA,Not Visible,Not Visible,Not Visible,NA,NA,NA,NA,NA
GLE,NA,NA,NA,NA,NA,NA,NA,NA,NA,NA,NA
GLE,2021-05-04T00:00:00Z,2021-05-04T10:15:00Z,NA,Medium,NA,Not Visible,NA,NA,NA,NA,NA
GLE,2021-06-10T00:00:00Z,2021-06-10T10:33:00Z,NA,Not Visible,Not Visible,Not Visible,NA,NA,NA,NA,NA
GLE,2021-07-14T00:00:00Z,2021-07-14T11:03:00Z,NA,Medium,Medium,Not Visible,NA,NA,NA,NA,NA
GLE,2021-08-11T00:00:00Z,2021-08-11T10:32:00Z,NA,Medium,High,Not Visible,NA,NA,NA,NA,NA
GLE,2021-09-08T00:00:00Z,2021-09-08T10:46:00Z,NA,Not Visible,Low,Not Visible,NA,NA,NA,NA,NA
GLE,2021-10-06T00:00:00Z,2021-10-06T10:13:00Z,NA,NA,NA,NA,NA,NA,NA,NA,NA
GLE,2021-11-04T00:00:00Z,2021-11-04T14:00:00Z,NA,Not Visible,Medium,Not Visible,NA,NA,3,NA,NA
GLE,2021-12-01T00:00:00Z,2021-12-01T10:28:00Z,NA,Not Visible,Low,Not Visible,NA,NA,NA,NA,NA
GLE,2022-01-12T00:00:00Z,2022-01-12T11:12:00Z,NA,Not Visible,Low,Not Visible,NA,NA,NA,NA,NA
GLE,2022-03-01T00:00:00Z,2022-03-01T12:34:00Z,NA,Not Visible,Not Visible,Not Visible,NA,NA,NA,NA,NA
GLE,2022-04-07T00:00:00Z,2022-04-07T11:02:00Z,NA,Not Visible,Not Visible,Not Visible,NA,NA,NA,NA,NA
GLE,2022-04-20T00:00:00Z,2022-04-20T10:44:00Z,NA,Not Visible,Not Visible,Not Visible,NA,NA,NA,NA,NA
GLE,2022-05-03T00:00:00Z,2022-05-03T09:37:00Z,NA,Not Visible,Low,Not Visible,NA,NA,NA,NA,NA
GLE,2022-05-31T00:00:00Z,2022-05-31T09:54:00Z,NA,Not Visible,Not Visible,Not Visible,NA,NA,NA,NA,NA
GLE,2022-07-05T00:00:00Z,2022-07-05T09:46:00Z,NA,Not Visible,Not Visible,Low,NA,NA,NA,NA,NA
GLE,2022-08-02T00:00:00Z,2022-08-02T10:04:00Z,NA,Not Visible,Not Visible,Low,NA,NA,NA,NA,NA
GLE,2022-09-13T00:00:00Z,2022-09-13T09:11:00Z,NA,Not Visible,Not Visible,Low,NA,NA,NA,NA,NA
GLE,2022-10-17T00:00:00Z,2022-10-17T10:46:00Z,NA,Low,Low,Low,NA,2,NA,NA,NA
GLE,2022-12-02T00:00:00Z,2022-12-02T10:58:00Z,NA,Not Visible,Low,Not Visible,NA,NA,NA,NA,NA
GLE,2023-01-12T00:00:00Z,2023-01-12T11:19:00Z,NA,Extreme,Extreme,Not Visible,NA,NA,NA,NA,NA
GLE,2023-02-09T00:00:00Z,2023-02-09T13:35:00Z,NA,Not Visible,Not Visible,Not Visible,NA,NA,NA,NA,NA
GLE,2023-03-08T00:00:00Z,2023-03-08T12:14:00Z,NA,Not Visible,Not Visible,Not Visible,NA,NA,NA,NA,NA
GLE,2023-05-24T00:00:00Z,2023-05-24T10:43:00Z,NA,Not Visible,Not Visible,Not Visible,NA,NA,NA,NA,NA
GLE,2023-07-05T00:00:00Z,2023-07-05T09:30:00Z,NA,Not Visible,Not Visible,Not Visible,NA,NA,NA,NA,NA
GLE,2023-08-02T00:00:00Z,2023-08-02T10:03:00Z,NA,Not Visible,Not Visible,Not Visible,NA,NA,NA,NA,NA
GLE,2023-08-30T00:00:00Z,2023-08-30T09:39:00Z,NA,Not Visible,Not Visible,Not Visible,NA,NA,NA,NA,NA
GLE,2023-10-04T00:00:00Z,2023-10-04T11:35:00Z,NA,Not Visible,Low,Not Visible,NA,1,NA,NA,NA
GLE,2023-11-01T00:00:00Z,2023-11-01T10:25:00Z,NA,Not Visible,Not Visible,Not Visible,NA,NA,NA,NA,NA
GLE,2023-12-14T00:00:00Z,2023-12-14T11:03:00Z,NA,Not Visible,Not Visible,Not Visible,NA,NA,NA,NA,NA
GLE,2024-01-18T00:00:00Z,2024-01-18T10:56:00Z,NA,Not Visible,Not Visible,Not Visible,NA,NA,NA,NA,NA
GLE,2024-02-14T00:00:00Z,2024-02-14T09:57:00Z,NA,Not Visible,Not Visible,Not Visible,NA,NA,NA,NA,NA
GLE,2024-03-07T00:00:00Z,2024-03-07T11:05:00Z,NA,Low,Not Visible,Not Visible,NA,NA,NA,NA,NA
GLE,2024-04-03T00:00:00Z,2024-04-03T10:17:00Z,NA,Not Visible,Not Visible,Not Visible,NA,NA,NA,NA,NA
GLE,2024-04-24T00:00:00Z,2024-04-24T12:20:00Z,NA,Not Visible,Not Visible,Not Visible,NA,NA,NA,NA,NA
GLE,2024-06-05T00:00:00Z,2024-06-05T08:55:00Z,NA,Not Visible,Not Visible,Not Visible,NA,NA,NA,NA,NA
GLE,2024-07-10T00:00:00Z,2024-07-10T08:50:00Z,NA,Not Visible,Not Visible,Not Visible,NA,NA,NA,NA,NA
GLE,2024-08-07T00:00:00Z,2024-08-07T08:58:00Z,NA,Not Visible,Not Visible,Not Visible,NA,NA,NA,NA,NA
GLE,2024-09-04T00:00:00Z,2024-09-04T09:09:00Z,NA,Not Visible,Not Visible,Not Visible,NA,NA,NA,NA,NA
GLE,2024-10-03T00:00:00Z,2024-10-03T09:17:00Z,NA,Not Visible,Low,Not Visible,NA,NA,NA,NA,NA
GLE,2024-11-06T00:00:00Z,2024-11-06T11:25:00Z,NA,Not Visible,Not Visible,Not Visible,NA,NA,NA,NA,NA
GLE,2024-12-04T00:00:00Z,2024-12-04T12:14:00Z,NA,Not Visible,Low,Not Visible,NA,NA,1,NA,NA
GLE,2025-01-14T00:00:00Z,2025-01-14T11:19:00Z,NA,Not Visible,Not Visible,Not Visible,NA,NA,NA,NA,NA
GLE,2025-02-05T00:00:00Z,2025-02-05T11:25:00Z,NA,Not Visible,Not Visible,Not Visible,NA,NA,NA,NA,NA
GLE,2025-04-02T00:00:00Z,2025-04-02T11:15:00Z,NA,Not Visible,Not Visible,Not Visible,NA,NA,NA,NA,NA
GLE,2025-05-07T00:00:00Z,2025-05-07T10:15:00Z,NA,Not Visible,Not Visible,Not Visible,NA,NA,NA,NA,NA
GLE,2025-06-04T00:00:00Z,2025-06-04T09:36:00Z,NA,Not Visible,Not Visible,Not Visible,NA,NA,NA,NA,NA
GLE,2025-07-08T00:00:00Z,2025-07-08T09:21:00Z,NA,Not Visible,Not Visible,Not Visible,NA,NA,NA,NA,NA
GLE,2025-08-06T00:00:00Z,2025-08-06T09:29:00Z,NA,Not Visible,Not Visible,Low,NA,NA,NA,NA,NA
GLE,2025-09-03T00:00:00Z,2025-09-03T09:41:00Z,NA,Not Visible,Low,Not Visible,NA,2,NA,NA,NA
GLE,2025-10-01T00:00:00Z,2025-10-01T10:28:00Z,NA,Not Visible,Medium,Not Visible,NA,NA,3,NA,NA
GLE,2025-11-12T00:00:00Z,2025-11-12T11:17:00Z,NA,Not Visible,Medium,Not Visible,NA,NA,3,NA,NA
HCHM,2017-10-12T00:00:00Z,2017-10-12T10:15:00Z,NA,NA,NA,Not Visible,NA,NA,NA,NA,NA
HCHM,2017-11-02T00:00:00Z,2017-11-02T11:30:00Z,NA,NA,High,Not Visible,4,NA,NA,NA,4
HCHM,2017-11-21T00:00:00Z,2017-11-21T12:45:00Z,NA,NA,Extreme,Not Visible,NA,NA,5,NA,36
HCHM,2017-12-05T00:00:00Z,2017-12-05T12:30:00Z,NA,NA,Extreme,Not Visible,NA,5,5,NA,NA
HCHM,2017-12-28T00:00:00Z,2017-12-28T12:43:00Z,NA,Not Visible,Not Visible,Not Visible,NA,NA,NA,NA,NA
HCHM,2018-01-10T00:00:00Z,2018-01-10T11:47:00Z,NA,NA,NA,Not Visible,NA,NA,NA,NA,NA
HCHM,2018-02-01T00:00:00Z,2018-02-01T12:45:00Z,NA,NA,NA,Not Visible,NA,NA,NA,NA,NA
HCHM,2017-09-20T00:00:00Z,2017-09-20T10:45:00Z,NA,NA,NA,NA,NA,NA,NA,NA,NA
HCHM,2018-02-21T00:00:00Z,2018-02-21T13:00:00Z,NA,NA,NA,Not Visible,NA,NA,NA,NA,NA
HCHM,2018-04-20T00:00:00Z,2018-04-20T09:46:00Z,NA,NA,NA,Not Visible,NA,NA,NA,NA,NA
HCHM,2018-05-31T00:00:00Z,2018-05-31T10:45:00Z,NA,NA,NA,Not Visible,NA,NA,NA,NA,NA
HCHM,2018-06-19T00:00:00Z,2018-06-19T10:30:00Z,NA,NA,NA,Low,NA,NA,NA,NA,NA
HCHM,2018-07-17T00:00:00Z,2018-07-17T10:20:00Z,NA,NA,NA,Medium,NA,NA,NA,NA,NA
HCHM,2018-08-17T00:00:00Z,2018-08-17T09:00:00Z,NA,NA,NA,Medium,NA,NA,NA,NA,NA
HCHM,2018-09-18T00:00:00Z,2018-09-18T10:45:00Z,NA,NA,NA,Medium,NA,NA,NA,NA,NA
HCHM,2018-10-11T00:00:00Z,2018-10-11T09:43:00Z,NA,Low,Not Visible,Low,NA,NA,NA,NA,NA
HCHM,2018-11-08T00:00:00Z,2018-11-08T11:32:00Z,NA,NA,NA,Not Visible,NA,NA,NA,NA,NA
HCHM,2018-12-06T00:00:00Z,2018-12-06T10:45:00Z,NA,Not Visible,High,Not Visible,NA,NA,75,NA,25
HCHM,2019-01-23T00:00:00Z,2019-01-23T10:43:00Z,NA,Not Visible,Not Visible,Not Visible,NA,NA,NA,NA,NA
HCHM,2019-02-20T00:00:00Z,2019-02-20T11:01:00Z,NA,Not Visible,Not Visible,Not Visible,NA,NA,NA,NA,NA
HCHM,2019-03-26T00:00:00Z,2019-03-26T10:27:00Z,NA,Not Visible,Medium,Not Visible,NA,NA,3,NA,NA
HCHM,2019-04-25T00:00:00Z,2019-04-25T10:15:00Z,NA,Not Visible,Not Visible,Not Visible,NA,NA,NA,NA,NA
HCHM,2019-05-22T00:00:00Z,2019-05-22T10:45:00Z,NA,Not Visible,Medium,Not Visible,NA,NA,3,NA,3
HCHM,2019-06-26T00:00:00Z,2019-06-26T10:26:00Z,NA,Not Visible,Medium,Not Visible,NA,NA,NA,NA,3
HCHM,2019-08-01T00:00:00Z,2019-08-01T11:57:00Z,NA,Not Visible,Not Visible,Medium,NA,NA,NA,NA,NA
HCHM,2019-09-10T00:00:00Z,2019-09-10T10:30:00Z,NA,Not Visible,Not Visible,Low,NA,NA,NA,NA,NA
HCHM,2019-10-18T00:00:00Z,2019-10-18T10:18:00Z,NA,Not Visible,Not Visible,Low,NA,NA,NA,NA,NA
HCHM,2019-12-03T00:00:00Z,2019-12-03T11:28:00Z,NA,Not Visible,Not Visible,Not Visible,NA,NA,NA,NA,NA
HCHM,2020-01-08T00:00:00Z,2020-01-08T11:28:00Z,NA,Not Visible,Not Visible,Not Visible,NA,NA,NA,NA,NA
HCHM,2020-02-11T00:00:00Z,2020-02-11T11:30:00Z,NA,Low,Not Visible,Not Visible,NA,NA,NA,NA,NA
HCHM,2020-03-12T00:00:00Z,2020-03-12T12:30:00Z,NA,Not Visible,Not Visible,Not Visible,NA,NA,NA,NA,NA
HCHM,2020-04-13T00:00:00Z,2020-04-13T10:04:00Z,NA,Low,Not Visible,Not Visible,NA,NA,NA,NA,NA
HCHM,2020-05-14T00:00:00Z,2020-05-14T10:56:00Z,NA,Low,Low,Medium,NA,NA,NA,NA,2
HCHM,2020-07-16T00:00:00Z,2020-07-16T10:34:00Z,NA,Not Visible,Not Visible,Low,NA,NA,NA,NA,NA
HCHM,2020-06-18T00:00:00Z,2020-06-18T10:45:00Z,NA,Not Visible,Not Visible,Low,NA,NA,NA,NA,NA
HCHM,2020-08-13T00:00:00Z,2020-08-13T10:19:00Z,NA,Not Visible,Low,Medium,NA,NA,NA,NA,NA
HCHM,2020-09-10T00:00:00Z,2020-09-10T10:13:00Z,NA,Not Visible,Medium,Medium,NA,NA,NA,NA,NA
HCHM,2020-10-22T00:00:00Z,2020-10-22T09:58:00Z,NA,Not Visible,Not Visible,Not Visible,NA,NA,NA,NA,NA
HCHM,2020-11-25T00:00:00Z,2020-11-25T12:06:00Z,NA,NA,NA,NA,NA,NA,NA,NA,NA
HCHM,2020-12-16T00:00:00Z,2020-12-16T10:47:00Z,NA,NA,NA,NA,NA,NA,NA,NA,NA
HCHM,2021-01-13T00:00:00Z,2021-01-13T10:20:00Z,NA,NA,NA,NA,NA,NA,NA,NA,NA
HCHM,2021-02-10T00:00:00Z,2021-02-10T10:34:00Z,NA,NA,NA,Not Visible,NA,NA,NA,NA,NA
HCHM,2021-03-11T00:00:00Z,2021-03-11T10:13:00Z,NA,Not Visible,Not Visible,Not Visible,NA,NA,NA,NA,NA
HCHM,2021-04-13T00:00:00Z,2021-04-13T09:32:00Z,NA,NA,NA,Not Visible,NA,NA,NA,NA,NA
HCHM,2021-05-12T00:00:00Z,2021-05-12T09:15:00Z,NA,NA,NA,Low,NA,NA,NA,NA,NA
HCHM,2021-06-15T00:00:00Z,2021-06-15T09:44:00Z,NA,Not Visible,Not Visible,Not Visible,NA,NA,NA,NA,NA
HCHM,2021-07-14T00:00:00Z,2021-07-14T09:35:00Z,NA,Low,Low,Low,NA,NA,NA,NA,NA
HCHM,2021-08-17T00:00:00Z,2021-08-17T10:03:00Z,NA,NA,NA,Not Visible,NA,NA,NA,NA,NA
HCHM,2021-09-22T00:00:00Z,2021-09-22T08:30:00Z,NA,Not Visible,Not Visible,Not Visible,NA,NA,NA,NA,NA
HCHM,2021-10-14T00:00:00Z,2021-10-14T12:06:00Z,NA,NA,NA,Not Visible,NA,NA,NA,NA,NA
HCHM,2021-11-10T00:00:00Z,2021-11-10T11:30:00Z,NA,NA,NA,Not Visible,NA,NA,NA,NA,NA
HCHM,2021-12-09T00:00:00Z,2021-12-09T09:40:00Z,NA,Not Visible,Not Visible,Not Visible,NA,NA,NA,NA,NA
HCHM,2022-01-26T00:00:00Z,2022-01-26T11:12:00Z,NA,NA,NA,NA,NA,NA,NA,NA,NA
HCHM,2022-02-16T00:00:00Z,2022-02-16T09:50:00Z,NA,Not Visible,Not Visible,Not Visible,NA,NA,NA,NA,NA
HCHM,2022-03-23T00:00:00Z,2022-03-23T08:57:00Z,NA,Not Visible,Not Visible,Not Visible,NA,NA,NA,NA,NA
HCHM,2022-04-25T00:00:00Z,2022-04-25T10:22:00Z,NA,Not Visible,Not Visible,Low,NA,NA,NA,NA,NA
HCHM,2022-07-13T00:00:00Z,2022-07-13T10:01:00Z,NA,NA,NA,NA,NA,NA,NA,NA,NA
HCHM,2022-08-16T00:00:00Z,2022-08-16T10:40:00Z,NA,NA,NA,NA,NA,NA,NA,NA,NA
HCHM,2022-09-20T00:00:00Z,2022-09-20T10:17:00Z,NA,NA,NA,NA,NA,NA,NA,NA,NA
HCHM,2022-10-13T00:00:00Z,2022-10-13T11:05:00Z,NA,NA,NA,NA,NA,NA,NA,NA,NA
HCHM,2022-11-22T00:00:00Z,2022-11-22T10:27:00Z,NA,Not Visible,Not Visible,Not Visible,NA,NA,NA,NA,NA
HCHM,2023-01-12T00:00:00Z,2023-01-12T11:15:00Z,NA,Not Visible,Not Visible,Not Visible,NA,NA,NA,NA,NA
HCHM,2023-02-16T00:00:00Z,2023-02-16T10:34:00Z,NA,Not Visible,Not Visible,Not Visible,NA,NA,NA,NA,NA
HCHM,2023-04-06T00:00:00Z,2023-04-06T10:02:00Z,NA,NA,NA,Not Visible,NA,NA,NA,NA,NA
HCHM,2023-05-25T00:00:00Z,2023-05-25T09:27:00Z,NA,Not Visible,Not Visible,Not Visible,NA,NA,NA,NA,NA
HCHM,2023-07-31T00:00:00Z,2023-07-31T09:45:00Z,NA,Not Visible,Not Visible,Not Visible,NA,NA,NA,NA,NA
HCHM,2023-09-12T00:00:00Z,2023-09-12T12:00:00Z,NA,Not Visible,Not Visible,Not Visible,NA,NA,NA,NA,NA
HCHM,2023-10-19T00:00:00Z,2023-10-19T11:27:00Z,NA,Not Visible,Not Visible,Low,NA,NA,NA,NA,NA
HCHM,2023-12-07T00:00:00Z,2023-12-07T12:30:00Z,NA,Not Visible,Not Visible,Not Visible,NA,NA,NA,NA,NA
HCHM,2024-01-11T00:00:00Z,2024-01-11T11:25:00Z,NA,Not Visible,Not Visible,Not Visible,NA,NA,NA,NA,NA
HCHM,2024-02-22T00:00:00Z,2024-02-22T10:27:00Z,NA,Not Visible,Not Visible,Not Visible,NA,NA,NA,NA,NA
HCHM,2024-03-21T00:00:00Z,2024-03-21T10:02:00Z,NA,NA,NA,NA,NA,NA,NA,NA,NA
HCHM,2024-05-02T00:00:00Z,2024-05-02T07:46:00Z,NA,Not Visible,Not Visible,NA,NA,NA,NA,NA,NA
HCHM,2024-06-06T00:00:00Z,2024-06-06T09:43:00Z,NA,NA,NA,Not Visible,NA,NA,NA,NA,NA
HCHM,2024-07-11T00:00:00Z,2024-07-11T09:40:00Z,NA,NA,NA,NA,NA,NA,NA,NA,NA
HCHM,2024-08-22T00:00:00Z,2024-08-22T08:57:00Z,NA,NA,NA,Not Visible,NA,NA,NA,NA,NA
HCHM,2024-09-25T00:00:00Z,2024-09-25T11:03:00Z,NA,NA,NA,Not Visible,NA,NA,NA,NA,NA
HCHM,2024-10-24T00:00:00Z,2024-10-24T09:52:00Z,NA,NA,NA,Extreme,NA,NA,NA,NA,NA
HCHM,2024-12-10T00:00:00Z,2024-12-10T10:30:00Z,NA,NA,NA,NA,NA,NA,NA,NA,NA
HCHM,2025-01-23T00:00:00Z,2025-01-23T10:34:00Z,NA,Not Visible,Low,Not Visible,NA,NA,NA,NA,NA
HLT,2017-10-20T00:00:00Z,2017-10-20T08:46:00Z,NA,NA,NA,Not Visible,NA,NA,2,NA,NA
HLT,2017-11-28T00:00:00Z,2017-11-28T11:14:00Z,NA,NA,Low,Not Visible,NA,NA,2,NA,NA
HLT,2017-12-28T00:00:00Z,2017-12-28T12:45:00Z,decaying hyacinth,Not Visible,Not Visible,Not Visible,NA,NA,NA,NA,NA
HLT,2018-01-18T00:00:00Z,2018-01-18T11:15:00Z,NA,NA,NA,Not Visible,NA,NA,NA,NA,NA
HLT,2017-09-29T00:00:00Z,2017-09-29T08:48:00Z,NA,NA,NA,NA,NA,NA,NA,NA,NA
HLT,2018-03-05T00:00:00Z,2018-03-05T11:57:00Z,NA,NA,NA,Not Visible,NA,NA,NA,NA,NA
HLT,2018-04-03T00:00:00Z,2018-04-03T10:29:00Z,NA,NA,NA,Not Visible,NA,NA,NA,NA,NA
HLT,2018-05-03T00:00:00Z,2018-05-03T10:44:00Z,NA,NA,NA,Not Visible,NA,NA,NA,NA,NA
HLT,2018-05-23T00:00:00Z,2018-05-23T10:07:00Z,Removed large patch of vegetation from station,NA,Medium,Not Visible,NA,NA,2,NA,3
HLT,2018-06-19T00:00:00Z,2018-06-19T10:18:00Z,NA,NA,NA,Medium,NA,NA,NA,NA,NA
HLT,2018-07-19T00:00:00Z,2018-07-19T10:15:00Z,NA,NA,Medium,High,NA,NA,4,NA,3
HLT,2018-08-14T00:00:00Z,2018-08-14T10:28:00Z,"water millfoil, Egeria",Low,Medium,Medium,NA,NA,3,NA,NA
HLT,2018-09-21T00:00:00Z,2018-09-21T10:14:00Z,Station surrounded by a large patch of hyacinth and primrose.,Not Visible,Medium,Medium,NA,NA,2,NA,3
HLT,2018-10-16T00:00:00Z,2018-10-16T09:30:00Z,NA,Not Visible,Medium,Medium,NA,NA,3,NA,NA
HLT,2018-12-19T00:00:00Z,2018-12-19T12:13:00Z,NA,Not Visible,Low,Not Visible,NA,NA,2,NA,NA
HLT,2019-01-24T00:00:00Z,2019-01-24T10:58:00Z,NA,Not Visible,Low,Not Visible,NA,NA,2,NA,NA
HLT,2019-02-20T00:00:00Z,2019-02-20T11:19:00Z,NA,Low,Low,Not Visible,NA,NA,NA,NA,2
HLT,2019-03-19T00:00:00Z,2019-03-19T09:57:00Z,NA,Not Visible,Not Visible,Not Visible,NA,NA,NA,NA,NA
HLT,2019-04-17T00:00:00Z,2019-04-17T10:17:00Z,NA,Not Visible,Not Visible,Not Visible,NA,NA,NA,NA,2
HLT,2019-05-15T00:00:00Z,2019-05-15T10:50:00Z,NA,Low,Low,Not Visible,NA,NA,2,NA,NA
HLT,2019-06-05T00:00:00Z,2019-06-05T12:34:00Z,NA,Medium,Not Visible,Not Visible,NA,NA,NA,NA,NA
HLT,2019-07-11T00:00:00Z,2019-07-11T09:41:00Z,NA,Not Visible,Medium,Not Visible,NA,NA,3,NA,3
HLT,2019-08-07T00:00:00Z,2019-08-07T10:17:00Z,NA,Medium,High,Medium,NA,NA,3,NA,3
HLT,2019-09-11T00:00:00Z,2019-09-11T10:50:00Z,Huge primrose patch - Tried to break it up,Low,Extreme,Low,NA,NA,2,NA,5
HLT,2019-10-15T00:00:00Z,2019-10-15T10:14:00Z,decomposing hyacinth,Not Visible,Medium,Low,NA,NA,3,NA,NA
HLT,2019-12-05T00:00:00Z,2019-12-05T10:12:00Z,NA,Not Visible,Low,Not Visible,NA,NA,2,NA,NA
HLT,2020-02-05T00:00:00Z,2020-02-05T11:30:00Z,Decomposing hyacinth near shore,Not Visible,Low,Not Visible,NA,NA,2,NA,NA
HLT,2020-03-04T00:00:00Z,2020-03-04T10:45:00Z,NA,Not Visible,Low,Not Visible,NA,NA,2,NA,NA
HLT,2020-04-08T00:00:00Z,2020-04-08T10:30:00Z,NA,Medium,Not Visible,Not Visible,NA,NA,NA,NA,NA
HLT,2020-05-07T00:00:00Z,2020-05-07T11:04:00Z,NA,Low,Not Visible,Low,NA,NA,NA,NA,NA
HLT,2020-06-04T00:00:00Z,2020-06-04T09:48:00Z,Species(egeria); vegetation wrapped around station,Medium,Low,Medium,NA,NA,2,NA,NA
HLT,2020-07-14T00:00:00Z,2020-07-14T09:37:00Z,NA,Low,Low,High,NA,NA,NA,NA,NA
HLT,2020-08-25T00:00:00Z,2020-08-25T09:35:00Z,NA,Not Visible,Low,High,NA,NA,2,NA,NA
HLT,2020-10-08T00:00:00Z,2020-10-08T10:19:00Z,NA,Not Visible,Low,Low,NA,NA,NA,NA,NA
HLT,2020-11-03T00:00:00Z,2020-11-03T10:57:00Z,NA,Not Visible,Low,Low,NA,NA,2,NA,NA
HLT,2020-12-10T00:00:00Z,2020-12-10T12:45:00Z,NA,Not Visible,Medium,Not Visible,NA,NA,NA,NA,NA
HLT,2021-01-12T00:00:00Z,2021-01-12T11:03:00Z,NA,Not Visible,Low,Not Visible,NA,NA,2,NA,NA
HLT,2021-02-25T00:00:00Z,2021-02-25T12:30:00Z,NA,Not Visible,Not Visible,Not Visible,NA,NA,NA,NA,NA
HLT,2021-03-24T00:00:00Z,2021-03-24T09:55:00Z,NA,Not Visible,Low,Not Visible,NA,NA,NA,NA,NA
HLT,2021-04-28T00:00:00Z,2021-04-28T10:10:00Z,NA,Low,Low,Not Visible,NA,NA,NA,NA,NA
HLT,2021-05-26T00:00:00Z,2021-05-26T10:00:00Z,NA,Medium,Low,Low,NA,NA,NA,NA,NA
HLT,2021-07-06T00:00:00Z,2021-07-06T10:12:00Z,NA,Low,Low,Medium,NA,NA,NA,NA,NA
HLT,2021-08-04T00:00:00Z,2021-08-04T10:44:00Z,NA,Low,Low,Medium,NA,NA,NA,NA,NA
HLT,2021-09-01T00:00:00Z,2021-09-01T11:30:00Z,NA,Not Visible,Low,Medium,NA,NA,NA,NA,NA
HLT,2021-10-07T00:00:00Z,2021-10-07T09:51:00Z,NA,Not Visible,Low,Not Visible,NA,NA,NA,NA,NA
HLT,2021-11-03T00:00:00Z,2021-11-03T09:58:00Z,NA,Low,Low,Not Visible,NA,NA,NA,NA,NA
HLT,2021-12-08T00:00:00Z,2021-12-08T10:52:00Z,NA,Not Visible,Low,Not Visible,NA,NA,NA,NA,NA
HLT,2022-01-19T00:00:00Z,2022-01-19T11:25:00Z,NA,Not Visible,Low,Not Visible,NA,NA,NA,NA,NA
HLT,2022-02-15T00:00:00Z,2022-02-15T12:01:00Z,NA,Not Visible,Low,Not Visible,NA,NA,NA,NA,NA
HLT,2022-03-09T00:00:00Z,2022-03-09T10:28:00Z,NA,Not Visible,Low,NA,NA,NA,NA,NA,NA
HLT,2022-04-19T00:00:00Z,2022-04-19T10:43:00Z,NA,Not Visible,Low,Not Visible,NA,NA,NA,NA,NA
HLT,2022-05-12T00:00:00Z,2022-05-12T13:28:00Z,NA,Low,Low,Not Visible,NA,NA,NA,NA,NA
HLT,2022-06-07T00:00:00Z,2022-06-07T12:25:00Z,NA,Low,Low,Low,NA,NA,NA,NA,NA
HLT,2022-07-13T00:00:00Z,2022-07-13T09:26:00Z,NA,Not Visible,Low,Medium,NA,NA,NA,NA,NA
HLT,2022-08-23T00:00:00Z,2022-08-23T09:15:00Z,NA,Medium,Low,Low,NA,NA,NA,NA,NA
HLT,2022-09-08T00:00:00Z,2022-09-08T09:52:00Z,NA,Medium,Extreme,Medium,NA,NA,NA,NA,NA
HLT,2022-10-13T00:00:00Z,2022-10-13T09:32:00Z,NA,Low,Low,Medium,NA,NA,NA,NA,NA
HLT,2022-11-09T00:00:00Z,2022-11-09T10:52:00Z,NA,Not Visible,Low,Low,NA,NA,NA,NA,NA
HLT,2022-12-08T00:00:00Z,2022-12-08T11:20:00Z,NA,Not Visible,Low,Not Visible,NA,NA,NA,NA,NA
HLT,2023-01-24T00:00:00Z,2023-01-24T10:56:00Z,NA,Not Visible,Low,Not Visible,NA,NA,NA,NA,NA
HLT,2023-04-11T00:00:00Z,2023-04-11T10:37:00Z,NA,Low,Not Visible,Not Visible,NA,NA,NA,NA,NA
HLT,2023-05-31T00:00:00Z,2023-05-31T11:34:00Z,NA,Low,Not Visible,Not Visible,NA,NA,NA,NA,NA
HLT,2023-07-25T00:00:00Z,2023-07-25T12:01:00Z,NA,Low,Low,Low,NA,NA,NA,NA,2
HLT,2023-09-05T00:00:00Z,2023-09-05T09:37:00Z,NA,Not Visible,Low,Medium,NA,NA,NA,NA,NA
HLT,2023-10-17T00:00:00Z,2023-10-17T10:26:00Z,NA,Not Visible,Low,Low,NA,NA,NA,NA,NA
HLT,2023-11-28T00:00:00Z,2023-11-28T13:14:00Z,NA,Not Visible,Low,Low,NA,NA,2,NA,NA
HLT,2024-01-04T00:00:00Z,2024-01-04T12:16:00Z,NA,Not Visible,Low,Low,NA,NA,NA,NA,NA
HLT,2024-03-14T00:00:00Z,2024-03-14T09:48:00Z,NA,Not Visible,Not Visible,Not Visible,NA,NA,NA,NA,NA
HLT,2024-04-23T00:00:00Z,2024-04-23T10:34:00Z,NA,Not Visible,Not Visible,Not Visible,NA,NA,NA,NA,NA
HLT,2024-05-28T00:00:00Z,2024-05-28T11:24:00Z,NA,Not Visible,Low,Not Visible,NA,NA,NA,NA,NA
HLT,2024-06-19T00:00:00Z,2024-06-19T11:58:00Z,NA,Low,Not Visible,Low,NA,NA,NA,NA,NA
HLT,2024-07-30T00:00:00Z,2024-07-30T09:36:00Z,NA,Not Visible,Low,Medium,NA,NA,NA,NA,NA
HLT,2024-09-10T00:00:00Z,2024-09-10T10:21:00Z,NA,Not Visible,Low,Medium,NA,NA,NA,NA,NA
HLT,2024-10-22T00:00:00Z,2024-10-22T10:23:00Z,NA,Not Visible,Not Visible,Medium,NA,NA,NA,NA,NA
HLT,2024-12-03T00:00:00Z,2024-12-03T12:17:00Z,NA,Not Visible,Low,Not Visible,NA,NA,NA,NA,NA
HLT,2025-01-08T00:00:00Z,2025-01-08T11:13:00Z,NA,Not Visible,Not Visible,Not Visible,NA,NA,NA,NA,NA
HLT,2025-02-20T00:00:00Z,2025-02-20T11:06:00Z,NA,Not Visible,Not Visible,Not Visible,NA,NA,NA,NA,NA
HLT,2025-03-18T00:00:00Z,2025-03-18T09:48:00Z,NA,Not Visible,Not Visible,Not Visible,NA,NA,NA,NA,NA
HLT,2025-04-22T00:00:00Z,2025-04-22T10:02:00Z,NA,Not Visible,Not Visible,Not Visible,NA,NA,NA,NA,NA
HLT,2025-05-28T00:00:00Z,2025-05-28T09:35:00Z,NA,Not Visible,Not Visible,Not Visible,NA,NA,NA,NA,NA
HLT,2025-06-25T00:00:00Z,2025-06-25T08:40:00Z,Eurasion Milfoil,Low,Not Visible,Low,NA,NA,NA,NA,NA
HLT,2025-07-22T00:00:00Z,2025-07-22T09:00:00Z,NA,Not Visible,Not Visible,Medium,NA,NA,NA,NA,NA
HLT,2025-09-25T00:00:00Z,2025-09-25T10:18:00Z,NA,Low,Not Visible,Low,NA,NA,NA,NA,NA
HLT,2025-10-30T00:00:00Z,2025-10-30T09:52:00Z,NA,Not Visible,Low,Low,NA,NA,NA,NA,NA
HOL,2017-10-11T00:00:00Z,2017-10-11T09:32:00Z,NA,NA,NA,Unknown,NA,NA,NA,NA,NA
HOL,2017-12-05T00:00:00Z,2017-12-05T12:30:00Z,NA,NA,Extreme,Not Visible,NA,5,5,NA,NA
HOL,2017-11-28T00:00:00Z,2017-11-28T10:14:00Z,NA,NA,Not Visible,Not Visible,NA,NA,NA,NA,NA
HOL,2017-12-28T00:00:00Z,2017-12-28T12:15:00Z,NA,Not Visible,Not Visible,Not Visible,NA,NA,NA,NA,NA
HOL,2018-01-23T00:00:00Z,2018-01-23T11:13:00Z,NA,NA,NA,Not Visible,NA,NA,NA,NA,NA
HOL,2017-09-29T00:00:00Z,2017-09-29T09:49:00Z,NA,NA,NA,NA,NA,NA,NA,NA,NA
HOL,2018-03-05T00:00:00Z,2018-03-05T12:54:00Z,NA,NA,NA,Not Visible,NA,NA,NA,NA,NA
HOL,2018-04-03T00:00:00Z,2018-04-03T11:19:00Z,NA,NA,NA,Not Visible,NA,NA,NA,NA,NA
HOL,2018-05-03T00:00:00Z,2018-05-03T11:58:00Z,NA,NA,NA,Not Visible,NA,NA,NA,NA,NA
HOL,2018-05-23T00:00:00Z,2018-05-23T11:15:00Z,NA,NA,NA,Not Visible,NA,NA,NA,NA,NA
HOL,2018-06-19T00:00:00Z,2018-06-19T11:30:00Z,NA,NA,Not Visible,Low,NA,NA,NA,NA,NA
HOL,2018-07-19T00:00:00Z,2018-07-19T11:05:00Z,water millfoil SAV present,NA,Not Visible,Medium,NA,NA,NA,NA,NA
HOL,2018-08-22T00:00:00Z,2018-08-22T10:19:00Z,NA,Medium,Not Visible,Low,NA,NA,NA,NA,NA
HOL,2018-09-21T00:00:00Z,2018-09-21T11:15:00Z,NA,Not Visible,Not Visible,Medium,NA,NA,NA,NA,NA
HOL,2018-10-16T00:00:00Z,2018-10-16T10:15:00Z,NA,Not Visible,Not Visible,Medium,NA,NA,NA,NA,NA
HOL,2018-10-29T00:00:00Z,2018-10-29T11:45:00Z,NA,NA,NA,Low,NA,NA,NA,NA,NA
HOL,2018-12-19T00:00:00Z,2018-12-19T13:47:00Z,NA,Not Visible,Low,Not Visible,NA,2,2,NA,NA
HOL,2019-01-24T00:00:00Z,2019-01-24T12:27:00Z,NA,Not Visible,Not Visible,Not Visible,1,1,1,NA,1
HOL,2019-02-20T00:00:00Z,2019-02-20T12:45:00Z,NA,Not Visible,Not Visible,Not Visible,NA,NA,NA,NA,NA
HOL,2019-03-19T00:00:00Z,2019-03-19T11:15:00Z,NA,Not Visible,Not Visible,Not Visible,NA,NA,NA,NA,NA
HOL,2019-04-17T00:00:00Z,2019-04-17T12:00:00Z,NA,Low,Not Visible,Not Visible,NA,NA,NA,NA,NA
HOL,2019-05-15T00:00:00Z,2019-05-15T12:01:00Z,NA,Not Visible,Not Visible,Not Visible,NA,NA,NA,NA,NA
HOL,2019-06-05T00:00:00Z,2019-06-05T10:16:00Z,NA,Not Visible,Not Visible,Not Visible,NA,NA,NA,NA,NA
HOL,2019-08-07T00:00:00Z,2019-08-07T11:30:00Z,NA,Not Visible,Not Visible,Low,NA,NA,NA,NA,NA
HOL,2019-09-11T00:00:00Z,2019-09-11T11:59:00Z,NA,Low,Not Visible,Low,NA,NA,NA,NA,NA
HOL,2019-10-15T00:00:00Z,2019-10-15T11:30:00Z,decomposing Egeria around station,Not Visible,Not Visible,Low,NA,NA,NA,NA,NA
HOL,2019-12-05T00:00:00Z,2019-12-05T11:12:00Z,NA,Not Visible,Low,Not Visible,NA,NA,2,NA,2
HOL,2020-02-05T00:00:00Z,2020-02-05T13:30:00Z,decomposing hyacinth,Not Visible,Low,Not Visible,NA,NA,2,NA,NA
HOL,2020-03-04T00:00:00Z,2020-03-04T11:44:00Z,Low decaying hyacinth.,Not Visible,Not Visible,Not Visible,NA,NA,NA,NA,NA
HOL,2020-04-08T00:00:00Z,2020-04-08T11:30:00Z,NA,Not Visible,Not Visible,Not Visible,NA,NA,NA,NA,NA
HOL,2020-05-07T00:00:00Z,2020-05-07T12:19:00Z,NA,Not Visible,Not Visible,Low,NA,NA,NA,NA,NA
HOL,2020-06-04T00:00:00Z,2020-06-04T10:48:00Z,NA,Not Visible,Not Visible,Medium,NA,NA,NA,NA,NA
HOL,2020-07-14T00:00:00Z,2020-07-14T11:11:00Z,NA,Not Visible,Not Visible,Medium,NA,NA,NA,NA,NA
HOL,2020-08-25T00:00:00Z,2020-08-25T10:47:00Z,NA,Not Visible,Not Visible,High,NA,NA,NA,NA,NA
HOL,2020-11-03T00:00:00Z,2020-11-03T12:13:00Z,NA,Not Visible,Not Visible,Low,NA,NA,NA,NA,NA
HOL,2020-12-10T00:00:00Z,2020-12-10T11:33:00Z,NA,Not Visible,Low,Not Visible,NA,NA,NA,NA,NA
HOL,2021-01-12T00:00:00Z,2021-01-12T12:17:00Z,NA,Not Visible,Low,Not Visible,NA,NA,NA,NA,NA
HOL,2021-02-25T00:00:00Z,2021-02-25T11:33:00Z,NA,Not Visible,Not Visible,Not Visible,NA,NA,NA,NA,NA
HOL,2021-03-24T00:00:00Z,2021-03-24T11:11:00Z,NA,Not Visible,Not Visible,Not Visible,NA,NA,NA,NA,NA
HOL,2021-04-28T00:00:00Z,2021-04-28T11:12:00Z,NA,Not Visible,Not Visible,Not Visible,NA,NA,NA,NA,NA
HOL,2021-05-26T00:00:00Z,2021-05-26T10:59:00Z,NA,Not Visible,Not Visible,Low,NA,NA,NA,NA,NA
HOL,2021-07-06T00:00:00Z,2021-07-06T11:43:00Z,NA,Not Visible,Not Visible,Medium,NA,NA,NA,NA,NA
HOL,2021-08-04T00:00:00Z,2021-08-04T11:51:00Z,NA,Not Visible,Not Visible,Low,NA,NA,NA,NA,NA
HOL,2021-09-01T00:00:00Z,2021-09-01T12:44:00Z,NA,Not Visible,Not Visible,Medium,NA,NA,NA,NA,NA
HOL,2021-10-07T00:00:00Z,2021-10-07T11:03:00Z,NA,Not Visible,Not Visible,Low,NA,NA,NA,NA,NA
HOL,2021-11-03T00:00:00Z,2021-11-03T11:00:00Z,NA,Not Visible,Low,Low,NA,NA,NA,NA,NA
HOL,2021-11-17T00:00:00Z,2021-11-17T11:05:00Z,NA,Low,Medium,Not Visible,NA,NA,NA,NA,NA
HOL,2021-12-08T00:00:00Z,2021-12-08T11:59:00Z,NA,Not Visible,Low,Not Visible,NA,NA,NA,NA,NA
HOL,2022-01-19T00:00:00Z,2022-01-19T12:45:00Z,NA,Not Visible,Not Visible,Not Visible,NA,NA,NA,NA,NA
HOL,2022-02-03T00:00:00Z,2022-02-03T10:31:00Z,NA,Not Visible,Medium,Not Visible,NA,NA,NA,NA,NA
HOL,2022-03-09T00:00:00Z,2022-03-09T11:55:00Z,NA,Not Visible,Not Visible,Not Visible,NA,NA,NA,NA,NA
HOL,2022-04-19T00:00:00Z,2022-04-19T12:05:00Z,NA,Not Visible,Not Visible,Not Visible,NA,NA,NA,NA,NA
HOL,2022-05-12T00:00:00Z,2022-05-12T12:08:00Z,NA,Not Visible,Not Visible,Not Visible,NA,NA,NA,NA,NA
HOL,2022-06-07T00:00:00Z,2022-06-07T10:56:00Z,NA,Not Visible,Not Visible,Low,NA,NA,NA,NA,NA
HOL,2022-07-13T00:00:00Z,2022-07-13T10:42:00Z,NA,Not Visible,Not Visible,Low,NA,NA,NA,NA,NA
HOL,2022-08-23T00:00:00Z,2022-08-23T10:37:00Z,NA,Not Visible,Not Visible,Low,NA,NA,NA,NA,NA
HOL,2022-10-13T00:00:00Z,2022-10-13T10:48:00Z,NA,Not Visible,Not Visible,Low,NA,NA,NA,NA,NA
HOL,2022-11-09T00:00:00Z,2022-11-09T11:50:00Z,NA,Low,Low,Low,NA,NA,NA,NA,NA
HOL,2022-12-08T00:00:00Z,2022-12-08T12:42:00Z,NA,Not Visible,Low,Not Visible,NA,NA,NA,NA,NA
HOL,2023-01-24T00:00:00Z,2023-01-24T11:59:00Z,NA,Not Visible,Low,Not Visible,NA,NA,NA,NA,NA
HOL,2023-03-02T00:00:00Z,2023-03-02T13:25:00Z,NA,Not Visible,Not Visible,Not Visible,NA,NA,NA,NA,NA
HOL,2023-04-11T00:00:00Z,2023-04-11T11:57:00Z,NA,Not Visible,Not Visible,Not Visible,NA,NA,NA,NA,NA
HOL,2023-05-31T00:00:00Z,2023-05-31T10:28:00Z,NA,Not Visible,Low,Not Visible,NA,NA,NA,NA,NA
HOL,2023-07-25T00:00:00Z,2023-07-25T11:01:00Z,NA,Not Visible,Not Visible,Not Visible,NA,NA,NA,NA,NA
HOL,2023-09-05T00:00:00Z,2023-09-05T10:49:00Z,NA,Not Visible,Not Visible,Low,NA,NA,NA,NA,NA
HOL,2023-10-17T00:00:00Z,2023-10-17T09:31:00Z,NA,Not Visible,Not Visible,Low,NA,NA,NA,NA,NA
HOL,2023-11-28T00:00:00Z,2023-11-28T12:05:00Z,NA,Low,Low,Low,NA,NA,NA,NA,NA
HOL,2024-01-04T00:00:00Z,2024-01-04T11:15:00Z,NA,Low,Low,Not Visible,NA,NA,NA,NA,NA
HOL,2024-02-13T00:00:00Z,2024-02-13T11:19:00Z,NA,Not Visible,Low,Not Visible,NA,NA,NA,NA,NA
HOL,2024-04-16T00:00:00Z,2024-04-16T10:40:00Z,NA,Not Visible,Not Visible,Not Visible,NA,NA,NA,NA,NA
HOL,2024-05-28T00:00:00Z,2024-05-28T10:17:00Z,NA,Not Visible,Not Visible,Not Visible,NA,NA,NA,NA,NA
HOL,2024-06-25T00:00:00Z,2024-06-25T10:20:00Z,NA,Low,Not Visible,Not Visible,NA,NA,NA,NA,NA
HOL,2024-07-23T00:00:00Z,2024-07-23T08:35:00Z,NA,Not Visible,Low,Low,NA,NA,NA,NA,NA
HOL,2024-09-10T00:00:00Z,2024-09-10T08:20:00Z,NA,Low,Not Visible,Low,NA,NA,NA,NA,NA
HOL,2024-10-22T00:00:00Z,2024-10-22T12:16:00Z,NA,Low,Not Visible,Low,NA,NA,NA,NA,NA
HOL,2024-12-03T00:00:00Z,2024-12-03T11:13:00Z,NA,Low,Low,Not Visible,NA,NA,NA,NA,NA
HOL,2025-01-08T00:00:00Z,2025-01-08T13:02:00Z,NA,Not Visible,Low,Not Visible,NA,NA,NA,NA,NA
HOL,2025-02-20T00:00:00Z,2025-02-20T12:20:00Z,NA,Low,Not Visible,Not Visible,NA,NA,NA,NA,NA
HOL,2025-03-11T00:00:00Z,2025-03-11T09:37:00Z,NA,Not Visible,Not Visible,Not Visible,NA,NA,NA,NA,NA
HOL,2025-04-15T00:00:00Z,2025-04-15T09:50:00Z,NA,Low,Not Visible,Not Visible,NA,NA,NA,NA,NA
HOL,2025-05-13T00:00:00Z,2025-05-13T08:43:00Z,NA,Not Visible,Not Visible,Not Visible,NA,NA,NA,NA,NA
HOL,2025-06-19T00:00:00Z,2025-06-19T08:35:00Z,NA,Not Visible,Not Visible,Low,NA,NA,NA,NA,NA
HOL,2025-07-16T00:00:00Z,2025-07-16T10:05:00Z,NA,Low,Not Visible,Low,NA,NA,NA,NA,NA
HOL,2025-08-13T00:00:00Z,2025-08-13T08:45:00Z,NA,Low,Not Visible,Medium,NA,NA,NA,NA,NA
HOL,2025-09-16T00:00:00Z,2025-09-16T08:42:00Z,NA,Low,Not Visible,Low,NA,NA,NA,NA,NA
HOL,2025-10-09T00:00:00Z,2025-10-09T09:07:00Z,NA,Low,Not Visible,Low,NA,NA,NA,NA,NA
HOL,2025-11-06T00:00:00Z,2025-11-06T11:22:00Z,NA,Not Visible,Low,Low,NA,NA,NA,NA,NA
I80,2019-08-01T00:00:00Z,2019-08-01T11:56:00Z,NA,Not Visible,Low,Not Visible,NA,NA,NA,NA,1
I80,2019-08-08T00:00:00Z,2019-08-08T08:44:00Z,NA,Not Visible,Low,Not Visible,NA,NA,NA,NA,2
I80,2019-08-22T00:00:00Z,2019-08-22T06:45:00Z,NA,Not Visible,Low,Not Visible,NA,NA,NA,NA,NA
I80,2019-09-25T00:00:00Z,2019-09-25T10:47:00Z,NA,Not Visible,Low,Not Visible,NA,NA,NA,NA,NA
I80,2019-10-23T00:00:00Z,2019-10-23T11:29:00Z,NA,Not Visible,Not Visible,Not Visible,NA,NA,NA,NA,NA
I80,2019-12-03T00:00:00Z,2019-12-03T11:58:00Z,NA,Not Visible,Medium,Not Visible,NA,NA,NA,NA,NA
I80,2020-07-22T00:00:00Z,2020-07-22T07:02:00Z,NA,Not Visible,Low,Not Visible,NA,NA,NA,NA,2
I80,2020-08-18T00:00:00Z,2020-08-18T09:15:00Z,NA,Not Visible,Low,Not Visible,NA,NA,NA,NA,2
I80,2020-09-16T00:00:00Z,2020-09-16T09:49:00Z,NA,Not Visible,Low,Not Visible,NA,NA,NA,NA,2
I80,2020-10-14T00:00:00Z,2020-10-14T14:05:00Z,NA,Not Visible,Low,Not Visible,NA,NA,NA,NA,2
I80,2020-11-12T00:00:00Z,2020-11-12T12:03:00Z,NA,Not Visible,Low,Not Visible,NA,NA,NA,NA,2
I80,2021-08-30T00:00:00Z,2021-08-30T11:44:00Z,NA,Not Visible,Extreme,NA,NA,5,NA,NA,3
I80,2021-09-23T00:00:00Z,2021-09-23T09:59:00Z,NA,Not Visible,Extreme,Not Visible,NA,5,5,NA,NA
I80,2021-11-03T00:00:00Z,2021-11-03T11:26:00Z,NA,Not Visible,Medium,Not Visible,2,1,3,NA,NA
I80,2021-11-17T00:00:00Z,2021-11-17T11:31:00Z,NA,Not Visible,Medium,Not Visible,3,3,NA,NA,NA
I80,2022-08-09T00:00:00Z,2022-08-09T10:52:00Z,NA,Not Visible,Not Visible,Not Visible,NA,NA,NA,NA,NA
I80,2022-09-07T00:00:00Z,2022-09-07T07:55:00Z,NA,Not Visible,High,Not Visible,4,NA,NA,NA,NA
I80,2022-10-04T00:00:00Z,2022-10-04T10:25:00Z,NA,Not Visible,Extreme,Not Visible,NA,NA,NA,NA,5
I80,2022-11-03T00:00:00Z,2022-11-03T09:36:00Z,NA,Not Visible,Medium,Not Visible,NA,NA,NA,NA,3
I80,2023-07-06T00:00:00Z,2023-07-06T07:58:00Z,NA,Not Visible,Low,Not Visible,NA,NA,NA,NA,2
I80,2023-08-30T00:00:00Z,2023-08-30T10:29:00Z,NA,Not Visible,Not Visible,Not Visible,NA,NA,NA,NA,NA
I80,2023-08-30T00:00:00Z,2023-08-30T10:29:00Z,NA,Not Visible,Not Visible,Not Visible,NA,NA,NA,NA,NA
I80,2023-09-27T00:00:00Z,2023-09-27T07:33:00Z,NA,Not Visible,Not Visible,Not Visible,NA,NA,NA,NA,NA
I80,2023-11-06T00:00:00Z,2023-11-06T10:55:00Z,NA,Not Visible,Extreme,Not Visible,NA,NA,NA,NA,5
I80,2024-07-09T00:00:00Z,2024-07-09T09:05:00Z,NA,Not Visible,Not Visible,Not Visible,NA,NA,NA,NA,NA
I80,2024-08-08T00:00:00Z,2024-08-08T09:28:00Z,NA,Not Visible,Not Visible,Not Visible,NA,NA,NA,NA,NA
I80,2024-09-11T00:00:00Z,2024-09-11T09:02:00Z,NA,Not Visible,Low,Not Visible,NA,NA,NA,NA,NA
I80,2024-10-10T00:00:00Z,2024-10-10T08:47:00Z,NA,Not Visible,Not Visible,Not Visible,NA,NA,NA,NA,NA
I80,2024-11-06T00:00:00Z,2024-11-06T09:44:00Z,NA,Not Visible,Low,Not Visible,NA,NA,2,NA,NA
LAB,2017-10-03T00:00:00Z,2017-10-03T10:41:00Z,NA,NA,NA,NA,NA,NA,NA,NA,NA
LAB,2017-10-25T00:00:00Z,2017-10-25T11:14:00Z,NA,NA,NA,Not Visible,NA,NA,NA,NA,NA
LAB,2017-11-15T00:00:00Z,2017-11-15T11:31:00Z,NA,NA,Not Visible,Not Visible,NA,NA,NA,NA,NA
LAB,2017-12-06T00:00:00Z,2017-12-06T11:31:00Z,NA,NA,NA,Not Visible,NA,NA,NA,NA,NA
LAB,2017-12-27T00:00:00Z,2017-12-27T10:15:00Z,NA,NA,NA,Not Visible,NA,NA,NA,NA,NA
LAB,2018-01-17T00:00:00Z,2018-01-17T11:27:00Z,NA,NA,NA,Not Visible,NA,NA,NA,NA,NA
LAB,2018-02-08T00:00:00Z,2018-02-08T12:02:00Z,NA,NA,Not Visible,Not Visible,NA,NA,NA,NA,NA
LAB,2018-03-13T00:00:00Z,2018-03-13T11:34:00Z,NA,NA,NA,Not Visible,NA,NA,NA,NA,NA
LAB,2018-04-04T00:00:00Z,2018-04-04T11:07:00Z,NA,NA,Not Visible,Not Visible,NA,NA,NA,NA,NA
LAB,2018-05-02T00:00:00Z,2018-05-02T12:19:00Z,NA,NA,NA,Not Visible,NA,NA,NA,NA,NA
LAB,2018-06-14T00:00:00Z,2018-06-14T11:33:00Z,NA,NA,Not Visible,Not Visible,NA,NA,NA,NA,NA
LAB,2018-07-10T00:00:00Z,2018-07-10T10:34:00Z,NA,NA,Not Visible,Unknown,NA,NA,NA,NA,NA
LAB,2018-08-01T00:00:00Z,2018-08-01T11:00:00Z,NA,Not Visible,Not Visible,Not Visible,NA,NA,NA,NA,NA
LAB,2018-08-22T00:00:00Z,2018-08-22T10:16:00Z,NA,Not Visible,Not Visible,Not Visible,NA,NA,NA,NA,NA
LAB,2018-09-26T00:00:00Z,2018-09-26T10:01:00Z,NA,Not Visible,Not Visible,Not Visible,NA,NA,NA,NA,NA
LAB,2018-10-09T00:00:00Z,2018-10-09T11:07:00Z,NA,Not Visible,Not Visible,Not Visible,NA,NA,NA,NA,NA
LAB,2018-11-14T00:00:00Z,2018-11-14T11:23:00Z,NA,NA,NA,Not Visible,NA,NA,NA,NA,NA
LAB,2018-12-11T00:00:00Z,2018-12-11T12:15:00Z,NA,NA,NA,NA,NA,NA,NA,NA,NA
LAB,2019-04-17T00:00:00Z,2019-04-17T12:04:00Z,NA,Not Visible,Not Visible,Not Visible,NA,NA,NA,NA,NA
LAB,2019-05-14T00:00:00Z,2019-05-14T12:05:00Z,NA,Not Visible,Not Visible,Not Visible,NA,NA,NA,NA,NA
LAB,2019-06-13T00:00:00Z,2019-06-13T11:18:00Z,NA,Not Visible,Not Visible,Not Visible,NA,NA,NA,NA,NA
LAB,2019-07-16T00:00:00Z,2019-07-16T12:00:00Z,NA,Not Visible,Not Visible,Not Visible,NA,NA,NA,NA,NA
LAB,2019-08-20T00:00:00Z,2019-08-20T11:35:00Z,NA,Not Visible,Not Visible,Not Visible,NA,NA,NA,NA,NA
LAB,2019-09-17T00:00:00Z,2019-09-17T10:37:00Z,NA,Not Visible,Not Visible,Not Visible,NA,NA,NA,NA,NA
LAB,2019-10-08T00:00:00Z,2019-10-08T10:33:00Z,NA,Not Visible,Not Visible,NA,NA,NA,NA,NA,NA
LAB,2019-11-15T00:00:00Z,2019-11-15T11:28:00Z,NA,Not Visible,Not Visible,Not Visible,NA,NA,NA,NA,NA
LAB,2019-12-17T00:00:00Z,2019-12-17T12:25:00Z,NA,Not Visible,Not Visible,Not Visible,NA,NA,NA,NA,NA
LAB,2020-02-11T00:00:00Z,2020-02-11T12:55:00Z,NA,Not Visible,Not Visible,Not Visible,NA,NA,NA,NA,NA
LAB,2020-03-30T00:00:00Z,2020-03-30T12:07:00Z,NA,Not Visible,Not Visible,Not Visible,NA,NA,NA,NA,NA
LAB,2020-04-28T00:00:00Z,2020-04-28T11:01:00Z,NA,Not Visible,Not Visible,Not Visible,NA,NA,NA,NA,NA
LAB,2020-05-27T00:00:00Z,2020-05-27T13:40:00Z,NA,Not Visible,Not Visible,Not Visible,NA,NA,NA,NA,NA
LAB,2020-07-01T00:00:00Z,2020-07-01T11:16:00Z,NA,Not Visible,Not Visible,Not Visible,NA,NA,NA,NA,NA
LAB,2020-08-04T00:00:00Z,2020-08-04T10:50:00Z,NA,Low,Not Visible,Not Visible,NA,NA,NA,NA,NA
LAB,2020-09-08T00:00:00Z,2020-09-08T11:33:00Z,NA,Low,Not Visible,Not Visible,NA,NA,NA,NA,NA
LAB,2020-10-06T00:00:00Z,2020-10-06T09:59:00Z,NA,Low,Low,Not Visible,NA,NA,NA,NA,NA
LAB,2020-11-10T00:00:00Z,2020-11-10T12:26:00Z,NA,Not Visible,Not Visible,Not Visible,NA,NA,NA,NA,NA
LAB,2020-12-21T00:00:00Z,2020-12-21T12:18:00Z,NA,Not Visible,Not Visible,Not Visible,NA,NA,NA,NA,NA
LAB,2021-01-21T00:00:00Z,2021-01-21T13:17:00Z,NA,Not Visible,Not Visible,Not Visible,NA,NA,NA,NA,NA
LAB,2021-03-16T00:00:00Z,2021-03-16T10:53:00Z,NA,Low,Not Visible,Not Visible,NA,NA,NA,NA,NA
LAB,2021-04-14T00:00:00Z,2021-04-14T11:05:00Z,NA,Not Visible,Not Visible,Not Visible,NA,NA,NA,NA,NA
LAB,2021-05-25T00:00:00Z,2021-05-25T12:15:00Z,NA,Medium,NA,Not Visible,NA,NA,NA,NA,NA
LAB,2021-06-22T00:00:00Z,2021-06-22T10:52:00Z,NA,NA,Not Visible,Not Visible,NA,NA,NA,NA,NA
LAB,2021-07-13T00:00:00Z,2021-07-13T09:50:00Z,NA,Not Visible,Not Visible,Not Visible,NA,NA,NA,NA,NA
LAB,2021-08-05T00:00:00Z,2021-08-05T10:29:00Z,NA,Not Visible,Not Visible,Not Visible,NA,NA,NA,NA,NA
LAB,2021-09-08T00:00:00Z,2021-09-08T09:48:00Z,NA,Not Visible,Not Visible,Not Visible,NA,NA,NA,NA,NA
LAB,2021-10-06T00:00:00Z,2021-10-06T10:19:00Z,NA,Low,Not Visible,Not Visible,NA,NA,NA,NA,NA
LAB,2021-11-16T00:00:00Z,2021-11-16T11:13:00Z,NA,Low,Not Visible,Not Visible,NA,NA,NA,NA,NA
LAB,2021-12-08T00:00:00Z,2021-12-08T10:57:00Z,NA,Medium,Not Visible,Not Visible,NA,NA,NA,NA,NA
LAB,2022-01-25T00:00:00Z,2022-01-25T10:43:00Z,NA,Medium,Not Visible,Not Visible,NA,NA,NA,NA,NA
LAB,2022-03-22T00:00:00Z,2022-03-22T08:13:00Z,NA,Not Visible,Not Visible,Not Visible,NA,NA,NA,NA,NA
LAB,2022-04-18T00:00:00Z,2022-04-18T10:05:00Z,NA,Not Visible,Low,Not Visible,NA,NA,NA,NA,NA
LAB,2022-05-11T00:00:00Z,2022-05-11T09:43:00Z,NA,Not Visible,Not Visible,Not Visible,NA,NA,NA,NA,NA
LAB,2022-06-09T00:00:00Z,2022-06-09T09:41:00Z,NA,High,Not Visible,Not Visible,NA,NA,NA,NA,NA
LAB,2022-07-07T00:00:00Z,2022-07-07T09:02:00Z,NA,Medium,Not Visible,Not Visible,NA,NA,NA,NA,NA
LAB,2022-08-10T00:00:00Z,2022-08-10T09:45:00Z,NA,Medium,Not Visible,Not Visible,NA,NA,NA,NA,NA
LAB,2022-09-14T00:00:00Z,2022-09-14T09:47:00Z,NA,High,Not Visible,Not Visible,NA,NA,NA,NA,NA
LAB,2022-10-18T00:00:00Z,2022-10-18T10:17:00Z,NA,Medium,Not Visible,Not Visible,NA,NA,NA,NA,NA
LAB,2022-11-15T00:00:00Z,2022-11-15T12:29:00Z,NA,Medium,Not Visible,Not Visible,NA,NA,NA,NA,NA
LAB,2023-05-17T00:00:00Z,2023-05-17T09:17:00Z,NA,Not Visible,Not Visible,Not Visible,NA,NA,NA,NA,NA
LAB,2023-06-14T00:00:00Z,2023-06-14T11:35:00Z,NA,Not Visible,Not Visible,Not Visible,NA,NA,NA,NA,NA
LAB,2023-07-12T00:00:00Z,2023-07-12T13:33:00Z,NA,Not Visible,Not Visible,Not Visible,NA,NA,NA,NA,NA
LAB,2023-08-16T00:00:00Z,2023-08-16T11:18:00Z,NA,Not Visible,Not Visible,Not Visible,NA,NA,NA,NA,NA
LAB,2023-09-20T00:00:00Z,2023-09-20T11:54:00Z,NA,Low,Not Visible,Not Visible,NA,NA,NA,NA,NA
LAB,2023-10-25T00:00:00Z,2023-10-25T11:13:00Z,NA,Low,Not Visible,Not Visible,NA,NA,NA,NA,NA
LAB,2024-04-10T00:00:00Z,2024-04-10T13:06:00Z,NA,Low,Not Visible,Not Visible,NA,NA,NA,NA,NA
LAB,2024-05-15T00:00:00Z,2024-05-15T11:31:00Z,NA,Low,Not Visible,Not Visible,NA,NA,NA,NA,NA
LAB,2024-06-12T00:00:00Z,2024-06-12T11:29:00Z,NA,Low,Not Visible,Not Visible,NA,NA,NA,NA,NA
LAB,2024-07-17T00:00:00Z,2024-07-17T09:15:00Z,NA,Low,Not Visible,Not Visible,NA,NA,NA,NA,NA
LAB,2024-08-13T00:00:00Z,2024-08-13T11:39:00Z,NA,Medium,Not Visible,Not Visible,NA,NA,NA,NA,NA
LAB,2024-09-10T00:00:00Z,2024-09-10T10:11:00Z,NA,Medium,Not Visible,Not Visible,NA,NA,NA,NA,NA
LAB,2024-10-09T00:00:00Z,2024-10-09T08:39:00Z,NA,Medium,Not Visible,Not Visible,NA,NA,NA,NA,NA
LIS,2019-07-26T00:00:00Z,2019-07-26T07:27:00Z,NA,Not Visible,Not Visible,Not Visible,NA,NA,NA,NA,NA
LIS,2019-08-22T00:00:00Z,2019-08-22T07:49:00Z,NA,Not Visible,Not Visible,Not Visible,NA,NA,NA,NA,NA
LIS,2019-09-25T00:00:00Z,2019-09-25T09:42:00Z,NA,Not Visible,Not Visible,Not Visible,NA,NA,NA,NA,NA
LIS,2019-10-23T00:00:00Z,2019-10-23T10:28:00Z,NA,Not Visible,Not Visible,Not Visible,NA,NA,NA,NA,NA
LIS,2019-12-04T00:00:00Z,2019-12-04T09:15:00Z,NA,Not Visible,Not Visible,Not Visible,NA,NA,NA,NA,NA
LIS,2020-04-03T00:00:00Z,2020-04-03T11:47:00Z,NA,Not Visible,Low,Not Visible,NA,2,NA,NA,NA
LIS,2020-05-04T00:00:00Z,2020-05-04T12:17:00Z,NA,Not Visible,Not Visible,Not Visible,NA,NA,NA,NA,NA
LIS,2020-06-08T00:00:00Z,2020-06-08T10:45:00Z,NA,Not Visible,Not Visible,Not Visible,NA,NA,NA,NA,NA
LIS,2020-06-25T00:00:00Z,2020-06-25T08:49:00Z,NA,Not Visible,Not Visible,Not Visible,NA,NA,NA,NA,NA
LIS,2020-07-22T00:00:00Z,2020-07-22T08:15:00Z,NA,Not Visible,Not Visible,Not Visible,NA,NA,NA,NA,NA
LIS,2020-08-18T00:00:00Z,2020-08-18T06:45:00Z,NA,Not Visible,Not Visible,Not Visible,NA,NA,NA,NA,NA
LIS,2020-09-16T00:00:00Z,2020-09-16T08:58:00Z,NA,Not Visible,Not Visible,Not Visible,NA,NA,NA,NA,NA
LIS,2020-10-14T00:00:00Z,2020-10-14T12:46:00Z,NA,Not Visible,Not Visible,Not Visible,NA,NA,NA,NA,NA
LIS,2020-11-10T00:00:00Z,2020-11-10T14:15:00Z,NA,Not Visible,Not Visible,Not Visible,NA,NA,NA,NA,NA
LIS,2020-12-08T00:00:00Z,2020-12-08T10:44:00Z,NA,Not Visible,Not Visible,Not Visible,NA,NA,NA,NA,NA
LIS,2020-01-08T00:00:00Z,2020-01-08T12:11:00Z,NA,Not Visible,Not Visible,Not Visible,NA,NA,NA,NA,NA
LIS,2020-02-06T00:00:00Z,2020-02-06T13:18:00Z,NA,Not Visible,Low,Not Visible,NA,NA,NA,NA,NA
LIS,2020-03-04T00:00:00Z,2020-03-04T13:14:00Z,NA,Not Visible,Not Visible,Not Visible,1,1,1,NA,1
LIS,2021-01-07T00:00:00Z,2021-01-07T11:12:00Z,NA,Not Visible,Not Visible,Not Visible,NA,NA,NA,NA,NA
LIS,2021-02-08T00:00:00Z,2021-02-08T12:13:00Z,NA,Not Visible,Low,Not Visible,2,NA,NA,NA,NA
LIS,2021-03-15T00:00:00Z,2021-03-15T10:23:00Z,NA,Not Visible,Not Visible,Not Visible,NA,NA,NA,NA,NA
LIS,2021-04-13T00:00:00Z,2021-04-13T09:45:00Z,NA,Not Visible,Not Visible,Not Visible,NA,NA,NA,NA,NA
LIS,2021-05-03T00:00:00Z,2021-05-03T11:15:00Z,NA,Not Visible,Not Visible,Not Visible,NA,NA,NA,NA,NA
LIS,2021-06-02T00:00:00Z,2021-06-02T11:14:00Z,NA,Not Visible,Not Visible,Not Visible,NA,NA,NA,NA,NA
LIS,2021-07-15T00:00:00Z,2021-07-15T08:02:00Z,NA,Not Visible,Not Visible,Not Visible,NA,NA,NA,NA,NA
LIS,2021-08-17T00:00:00Z,2021-08-17T07:47:00Z,NA,Not Visible,Not Visible,Not Visible,NA,NA,NA,NA,NA
LIS,2021-09-14T00:00:00Z,2021-09-14T09:04:00Z,NA,Not Visible,Not Visible,Not Visible,NA,NA,NA,NA,NA
LIS,2021-10-04T00:00:00Z,2021-10-04T09:45:00Z,NA,Not Visible,Not Visible,Not Visible,NA,NA,NA,NA,NA
LIS,2021-10-26T00:00:00Z,2021-10-26T12:03:00Z,NA,Not Visible,Low,Not Visible,NA,2,2,NA,NA
LIS,2021-12-06T00:00:00Z,2021-12-06T11:12:00Z,NA,Not Visible,Medium,Not Visible,NA,NA,3,NA,NA
LIS,2022-01-03T00:00:00Z,2022-01-03T13:31:00Z,NA,Not Visible,Medium,Not Visible,NA,NA,2,NA,NA
LIS,2022-02-14T00:00:00Z,2022-02-14T12:34:00Z,NA,Not Visible,Low,Not Visible,NA,NA,1,NA,NA
LIS,2022-03-14T00:00:00Z,2022-03-14T14:57:00Z,NA,Not Visible,Low,Not Visible,NA,NA,1,NA,NA
LIS,2022-04-04T00:00:00Z,2022-04-04T10:43:00Z,NA,Not Visible,Low,Not Visible,NA,1,NA,NA,NA
LIS,2022-03-22T00:00:00Z,2022-03-22T09:27:00Z,NA,Not Visible,Low,Not Visible,NA,NA,1,NA,NA
LIS,2022-05-02T00:00:00Z,2022-05-02T10:25:00Z,NA,Not Visible,Low,Not Visible,NA,NA,NA,NA,1
LIS,2022-06-06T00:00:00Z,2022-06-06T10:44:00Z,NA,Not Visible,Low,Not Visible,NA,NA,NA,NA,1
LIS,2022-07-05T00:00:00Z,2022-07-05T12:56:00Z,NA,Not Visible,Low,Not Visible,NA,NA,NA,NA,1
LIS,2022-08-02T00:00:00Z,2022-08-02T10:10:00Z,NA,Not Visible,Low,Not Visible,NA,NA,NA,NA,2
LIS,2022-08-08T00:00:00Z,2022-08-08T11:52:00Z,NA,Not Visible,Low,Not Visible,NA,NA,NA,NA,2
LIS,2022-09-06T00:00:00Z,2022-09-06T08:28:00Z,NA,Not Visible,Not Visible,Not Visible,NA,NA,NA,NA,NA
LIS,2022-10-03T00:00:00Z,2022-10-03T11:17:00Z,NA,Not Visible,Not Visible,Not Visible,NA,NA,NA,NA,NA
LIS,2022-11-07T00:00:00Z,2022-11-07T11:17:00Z,NA,Not Visible,Not Visible,Not Visible,NA,NA,NA,NA,NA
LIS,2022-11-28T00:00:00Z,2022-11-28T14:13:00Z,NA,Not Visible,Not Visible,Not Visible,NA,NA,NA,NA,NA
LIS,2023-01-04T00:00:00Z,2023-01-04T10:10:00Z,NA,Not Visible,Low,Not Visible,NA,NA,2,NA,NA
LIS,2023-02-06T00:00:00Z,2023-02-06T11:42:00Z,NA,Not Visible,Low,Not Visible,NA,NA,2,NA,NA
LIS,2023-02-28T00:00:00Z,2023-02-28T12:29:00Z,NA,Not Visible,Low,Not Visible,NA,NA,2,NA,NA
LIS,2023-04-17T00:00:00Z,2023-04-17T11:38:00Z,NA,Not Visible,Not Visible,Not Visible,NA,NA,NA,NA,NA
LIS,2023-05-15T00:00:00Z,2023-05-15T11:35:00Z,NA,Not Visible,Medium,Not Visible,NA,NA,NA,NA,3
LIS,2023-06-19T00:00:00Z,2023-06-19T13:22:00Z,NA,Not Visible,Low,Not Visible,NA,NA,NA,NA,2
LIS,2023-07-25T00:00:00Z,2023-07-25T09:55:00Z,NA,Not Visible,Low,Not Visible,NA,NA,NA,NA,2
LIS,2023-08-22T00:00:00Z,2023-08-22T13:00:00Z,NA,Not Visible,Low,Not Visible,NA,NA,NA,NA,2
LIS,2023-09-19T00:00:00Z,2023-09-19T14:44:00Z,NA,Not Visible,Low,Not Visible,NA,NA,NA,NA,2
LIS,2023-10-26T00:00:00Z,2023-10-26T10:41:00Z,NA,Not Visible,Not Visible,Not Visible,NA,NA,NA,NA,NA
LIS,2023-11-20T00:00:00Z,2023-11-20T15:00:00Z,NA,Not Visible,Not Visible,Not Visible,NA,NA,NA,NA,NA
LIS,2023-12-18T00:00:00Z,2023-12-18T15:17:00Z,NA,Not Visible,Not Visible,Not Visible,NA,NA,NA,NA,NA
LIS,2024-01-16T00:00:00Z,2024-01-16T14:55:00Z,NA,Not Visible,Low,Not Visible,NA,NA,NA,NA,2
LIS,2024-03-26T00:00:00Z,2024-03-26T10:26:00Z,NA,Not Visible,Low,Not Visible,NA,NA,NA,NA,2
LIS,2024-04-30T00:00:00Z,2024-04-30T09:56:00Z,NA,Not Visible,Low,Not Visible,NA,NA,NA,NA,2
LIS,2024-06-04T00:00:00Z,2024-06-04T09:01:00Z,NA,Not Visible,Low,Not Visible,NA,NA,NA,NA,2
LIS,2024-07-02T00:00:00Z,2024-07-02T08:14:00Z,NA,Not Visible,Not Visible,Not Visible,NA,NA,NA,NA,NA
LIS,2024-08-06T00:00:00Z,2024-08-06T09:15:00Z,NA,Not Visible,Not Visible,Not Visible,NA,NA,NA,NA,NA
LIS,2024-09-04T00:00:00Z,2024-09-04T08:30:00Z,NA,Not Visible,Not Visible,Not Visible,NA,NA,NA,NA,NA
LIS,2024-10-08T00:00:00Z,2024-10-08T08:59:00Z,NA,Not Visible,Not Visible,Not Visible,NA,NA,NA,NA,NA
LIS,2024-11-05T00:00:00Z,2024-11-05T09:46:00Z,NA,Not Visible,Not Visible,Not Visible,NA,NA,NA,NA,NA
LIS,2024-12-03T00:00:00Z,2024-12-03T09:45:00Z,NA,Not Visible,Medium,Not Visible,NA,NA,NA,NA,NA
LIS,2025-01-16T00:00:00Z,2025-01-16T09:45:00Z,NA,Not Visible,Not Visible,Not Visible,NA,NA,NA,NA,NA
LIS,2025-02-04T00:00:00Z,2025-02-04T10:17:00Z,NA,Not Visible,Low,Not Visible,NA,NA,NA,NA,NA
LIS,2025-03-11T00:00:00Z,2025-03-11T08:57:00Z,NA,Not Visible,Medium,Not Visible,NA,NA,NA,NA,NA
LIS,2025-04-01T00:00:00Z,2025-04-01T11:14:00Z,NA,Not Visible,Low,Not Visible,NA,NA,NA,NA,NA
LIS,2025-05-06T00:00:00Z,2025-05-06T09:14:00Z,NA,Not Visible,Low,Not Visible,NA,NA,NA,NA,NA
LIS,2025-06-04T00:00:00Z,2025-06-04T08:44:00Z,NA,Low,Not Visible,Low,NA,NA,NA,NA,NA
LIS,2025-07-01T00:00:00Z,2025-07-01T08:44:00Z,NA,Not Visible,Not Visible,Not Visible,NA,NA,NA,NA,NA
LIS,2025-08-05T00:00:00Z,2025-08-05T07:30:00Z,NA,Low,Low,Not Visible,NA,NA,NA,NA,NA
LIS,2025-08-28T00:00:00Z,2025-08-28T08:28:00Z,NA,Low,Not Visible,Low,NA,NA,NA,NA,NA
LIS,2025-09-25T00:00:00Z,2025-09-25T09:28:00Z,NA,Not Visible,Not Visible,Not Visible,NA,NA,NA,NA,NA
LIS,2025-10-28T00:00:00Z,2025-10-28T09:59:00Z,NA,Not Visible,Low,Not Visible,NA,NA,NA,NA,NA
LIS,2025-11-25T00:00:00Z,2025-11-25T10:29:00Z,NA,Not Visible,Low,Not Visible,NA,NA,2,NA,NA
MHCM,2022-02-23T00:00:00Z,2022-02-23T12:15:00Z,NA,High,High,NA,NA,NA,4,NA,NA
MHCM,2022-05-04T00:00:00Z,2022-05-04T08:55:00Z,NA,High,Medium,Not Visible,NA,NA,NA,NA,NA
MHCM,2022-06-01T00:00:00Z,2022-06-01T11:00:00Z,NA,Medium,Medium,NA,NA,NA,NA,NA,NA
MHCM,2022-07-27T00:00:00Z,2022-07-27T10:26:00Z,NA,High,High,Not Visible,NA,NA,NA,NA,NA
MHCM,2022-08-24T00:00:00Z,2022-08-24T09:49:00Z,NA,Extreme,High,NA,NA,NA,NA,NA,NA
MHCM,2022-09-28T00:00:00Z,2022-09-28T09:47:00Z,Lots of vegetation. Only clear spot is 100ft from Old River.,Extreme,High,NA,NA,NA,NA,NA,NA
MHCM,2022-10-26T00:00:00Z,2022-10-26T09:45:00Z,NA,Extreme,Extreme,Not Visible,NA,NA,NA,NA,NA
MHCM,2023-02-01T00:00:00Z,2023-02-01T13:20:00Z,NA,High,Medium,Not Visible,NA,NA,NA,NA,NA
MHCM,2023-05-17T00:00:00Z,2023-05-17T11:31:00Z,NA,Medium,Medium,Not Visible,NA,NA,NA,NA,NA
MHCM,2023-09-27T00:00:00Z,2023-09-27T10:52:00Z,NA,Medium,Medium,Not Visible,NA,NA,NA,NA,NA
MHCM,2024-01-17T00:00:00Z,2024-01-17T11:28:00Z,NA,High,High,NA,NA,NA,NA,NA,NA
MHO,2017-10-06T00:00:00Z,2017-10-06T11:14:00Z,NA,NA,NA,NA,NA,NA,NA,NA,NA
MHO,2017-10-24T00:00:00Z,2017-10-24T12:45:00Z,NA,NA,High,Not Visible,NA,4,3,NA,NA
MHO,2017-11-17T00:00:00Z,2017-11-17T11:02:00Z,NA,NA,Medium,Not Visible,NA,3,2,NA,NA
MHO,2017-11-30T00:00:00Z,2017-11-30T10:33:00Z,NA,Low,High,Not Visible,NA,3,4,Unknown(20),NA
MHO,2017-12-13T00:00:00Z,2017-12-13T10:45:00Z,NA,NA,Low,Not Visible,NA,2,2,NA,NA
MHO,2018-01-04T00:00:00Z,2018-01-04T11:58:00Z,NA,NA,Low,Not Visible,NA,2,2,NA,NA
MHO,2018-01-30T00:00:00Z,2018-01-30T13:32:00Z,NA,NA,medium,Not Visible,NA,3,2,NA,NA
MHO,2018-02-22T00:00:00Z,2018-02-22T11:12:00Z,NA,NA,Low,Not Visible,2,NA,2,NA,NA
MHO,2018-03-15T00:00:00Z,2018-03-15T10:14:00Z,NA,NA,Low,Not Visible,NA,2,NA,NA,NA
MHO,2018-04-04T00:00:00Z,2018-04-04T11:28:00Z,NA,NA,Low,Not Visible,2,2,NA,NA,NA
MHO,2018-04-17T00:00:00Z,2018-04-17T11:27:00Z,NA,NA,Low,Not Visible,40,20,40,NA,NA
MHO,2018-05-08T00:00:00Z,2018-05-08T11:00:00Z,NA,NA,Low,Not Visible,NA,1,NA,NA,NA
MHO,2018-06-01T00:00:00Z,2018-06-01T11:29:00Z,NA,NA,Low,Not Visible,NA,2,NA,NA,NA
MHO,2018-06-28T00:00:00Z,2018-06-28T10:45:00Z,NA,NA,Medium,Not Visible,NA,1,1,NA,NA
MHO,2018-07-09T00:00:00Z,2018-07-09T15:03:00Z,NA,NA,Medium,Medium,2,1,1,NA,NA
MHO,2018-08-14T00:00:00Z,2018-08-14T10:55:00Z,NA,Low,Low,Not Visible,NA,NA,2,NA,NA
MHO,2018-08-30T00:00:00Z,2018-08-30T11:29:00Z,Egeria = submerged veg,High,High,Not Visible,3,4,3,NA,3
MHO,2018-10-03T00:00:00Z,2018-10-03T09:49:00Z,Submerged veg is Egeria.,Medium,High,Not Visible,4,4,4,NA,3
MHO,2018-10-23T00:00:00Z,2018-10-23T10:30:00Z,NA,Not Visible,High,Not Visible,NA,2,2,NA,NA
MHO,2018-11-27T00:00:00Z,2018-11-27T11:57:00Z,NA,Not Visible,High,Not Visible,NA,3,3,NA,NA
MHO,2018-12-31T00:00:00Z,2018-12-31T14:47:00Z,NA,Not Visible,Extreme,Not Visible,NA,5,5,NA,NA
MHO,2019-02-06T00:00:00Z,2019-02-06T10:01:00Z,NA,Not Visible,Low,Not Visible,NA,2,2,NA,NA
MHO,2019-03-12T00:00:00Z,2019-03-12T11:30:00Z,NA,Low,Medium,Not Visible,3,3,3,NA,NA
MHO,2019-04-11T00:00:00Z,2019-04-11T09:55:00Z,NA,Not Visible,Not Visible,Not Visible,NA,NA,NA,NA,NA
MHO,2019-05-15T00:00:00Z,2019-05-15T14:25:00Z,NA,Not Visible,Not Visible,Not Visible,NA,NA,NA,NA,NA
MHO,2019-06-20T00:00:00Z,2019-06-20T11:32:00Z,NA,Medium,Medium,Not Visible,NA,NA,NA,NA,NA
MHO,2019-07-18T00:00:00Z,2019-07-18T10:45:00Z,NA,High,High,Not Visible,NA,NA,2,NA,4
MHO,2019-08-14T00:00:00Z,2019-08-14T09:30:00Z,NA,Low,Medium,Not Visible,NA,2,2,NA,2
MHO,2019-09-18T00:00:00Z,2019-09-18T10:45:00Z,NA,Low,Medium,Not Visible,1,4,4,NA,1
MHO,2019-10-16T00:00:00Z,2019-10-16T10:43:00Z,NA,High,High,Not Visible,NA,3,4,NA,NA
MHO,2019-11-19T00:00:00Z,2019-11-19T11:18:00Z,NA,Medium,Medium,Not Visible,NA,3,3,NA,NA
MHO,2020-01-09T00:00:00Z,2020-01-09T11:00:00Z,NA,Low,Medium,Not Visible,NA,3,2,NA,NA
MHO,2020-02-13T00:00:00Z,2020-02-13T10:35:00Z,NA,Not Visible,Medium,Not Visible,NA,3,2,NA,NA
MHO,2020-04-16T00:00:00Z,2020-04-16T11:28:00Z,Egeria(3),Medium,Medium,Not Visible,NA,3,NA,NA,NA
MHO,2020-05-13T00:00:00Z,2020-05-13T09:52:00Z,NA,Low,Low,Not Visible,NA,NA,NA,NA,NA
MHO,2020-06-11T00:00:00Z,2020-06-11T09:19:00Z,NA,Medium,Low,Medium,NA,NA,NA,NA,NA
MHO,2020-07-08T00:00:00Z,2020-07-08T08:42:00Z,NA,High,High,Medium,NA,NA,NA,NA,NA
MHO,2020-08-19T00:00:00Z,2020-08-19T09:30:00Z,"secchi, grab sampling, and HAB observations not possible due to overwhelming surface vegetation, arrival readings taken below veg mat. Secchi, grab samples, and HAB Obs made from poke boat during phyto tow netting",High,Extreme,Low,NA,NA,NA,NA,NA
MHO,2020-10-27T00:00:00Z,2020-10-27T10:32:00Z,NA,Low,Low,Not Visible,NA,2,2,NA,NA
MHO,2020-12-04T00:00:00Z,2020-12-04T11:06:00Z,NA,Low,High,Not Visible,NA,2,5,NA,NA
MHO,2021-01-05T00:00:00Z,2021-01-05T11:44:00Z,NA,Low,Medium,Not Visible,NA,2,2,NA,NA
MHO,2021-02-04T00:00:00Z,2021-02-04T09:22:00Z,NA,Low,Medium,Not Visible,NA,3,3,NA,NA
MHO,2021-03-02T00:00:00Z,2021-03-02T09:20:00Z,NA,Low,Medium,Not Visible,NA,2,2,NA,NA
MHO,2021-03-30T00:00:00Z,2021-03-30T08:34:00Z,NA,Low,Medium,Not Visible,2,NA,2,NA,NA
MHO,2021-04-27T00:00:00Z,2021-04-27T07:58:00Z,NA,Low,Low,Not Visible,NA,1,1,NA,NA
MHO,2021-06-02T00:00:00Z,2021-06-02T10:05:00Z,NA,Medium,Low,Not Visible,2,2,2,NA,2
MHO,2021-07-07T00:00:00Z,2021-07-07T09:22:00Z,NA,Low,Low,Low,NA,NA,2,NA,NA
MHO,2021-08-03T00:00:00Z,2021-08-03T10:36:00Z,NA,Low,Medium,Low,NA,NA,3,NA,NA
MHO,2021-08-26T00:00:00Z,2021-08-26T08:30:00Z,NA,Low,Medium,Not Visible,NA,2,2,NA,NA
MHO,2021-09-29T00:00:00Z,2021-09-29T08:34:00Z,NA,Low,Medium,Not Visible,NA,3,3,NA,NA
MHO,2021-10-27T00:00:00Z,2021-10-27T08:04:00Z,NA,Not Visible,Low,Not Visible,NA,2,NA,NA,NA
MHO,2021-12-01T00:00:00Z,2021-12-01T09:17:00Z,NA,Not Visible,Low,Not Visible,NA,1,1,NA,NA
MHO,2022-01-04T00:00:00Z,2022-01-04T08:59:00Z,NA,Not Visible,Low,Not Visible,NA,2,NA,NA,NA
MHO,2022-02-08T00:00:00Z,2022-02-08T08:51:00Z,NA,Not Visible,Medium,Not Visible,NA,3,3,NA,NA
MHO,2022-03-15T00:00:00Z,2022-03-15T08:13:00Z,NA,Low,Medium,Not Visible,NA,3,3,NA,NA
MHO,2022-04-19T00:00:00Z,2022-04-19T08:04:00Z,NA,Not Visible,Not Visible,Not Visible,NA,NA,NA,NA,NA
MHO,2022-05-18T00:00:00Z,2022-05-18T07:58:00Z,NA,Not Visible,Low,Not Visible,NA,NA,NA,NA,NA
MHO,2022-06-21T00:00:00Z,2022-06-21T08:28:00Z,NA,Not Visible,Medium,Low,NA,NA,NA,NA,NA
MHO,2022-07-28T00:00:00Z,2022-07-28T08:45:00Z,NA,Not Visible,Medium,Low,NA,NA,NA,NA,NA
MHO,2022-08-16T00:00:00Z,2022-08-16T09:44:00Z,NA,Not Visible,Low,Low,NA,NA,NA,NA,NA
MHO,2022-09-14T00:00:00Z,2022-09-14T08:14:00Z,NA,Not Visible,Low,Low,NA,NA,NA,NA,NA
MHO,2022-10-19T00:00:00Z,2022-10-19T09:00:00Z,NA,Low,High,Not Visible,NA,NA,NA,NA,NA
MHO,2022-11-15T00:00:00Z,2022-11-15T09:19:00Z,NA,Low,High,Not Visible,NA,NA,NA,NA,NA
MHO,2022-12-07T00:00:00Z,2022-12-07T09:17:00Z,NA,Medium,Medium,Not Visible,NA,NA,NA,NA,NA
MHO,2023-01-05T00:00:00Z,2023-01-05T09:45:00Z,NA,Not Visible,Not Visible,Not Visible,NA,NA,NA,NA,NA
MHO,2023-02-07T00:00:00Z,2023-02-07T09:13:00Z,NA,Not Visible,Extreme,Not Visible,NA,NA,5,NA,NA
MHO,2023-03-20T00:00:00Z,2023-03-20T09:39:00Z,NA,Not Visible,Medium,Not Visible,NA,2,4,NA,NA
MHO,2023-04-11T00:00:00Z,2023-04-11T12:03:00Z,NA,Not Visible,Medium,Not Visible,NA,NA,NA,NA,NA
MHO,2023-05-16T00:00:00Z,2023-05-16T10:26:00Z,NA,Low,Medium,Not Visible,NA,NA,NA,NA,NA
MHO,2023-06-20T00:00:00Z,2023-06-20T09:55:00Z,NA,Not Visible,Not Visible,Not Visible,NA,NA,NA,NA,NA
MHO,2023-07-18T00:00:00Z,2023-07-18T08:55:00Z,NA,Not Visible,Low,Not Visible,NA,NA,NA,NA,NA
MHO,2023-08-15T00:00:00Z,2023-08-15T09:42:00Z,NA,Not Visible,Not Visible,Not Visible,NA,NA,NA,NA,NA
MHO,2023-09-19T00:00:00Z,2023-09-19T09:11:00Z,NA,Not Visible,Low,Not Visible,NA,NA,NA,NA,NA
MHO,2023-10-19T00:00:00Z,2023-10-19T08:30:00Z,NA,Not Visible,Low,Not Visible,NA,NA,2,NA,NA
MHO,2023-11-28T00:00:00Z,2023-11-28T12:10:00Z,NA,Not Visible,Low,Not Visible,NA,NA,1,NA,NA
MHO,2023-12-19T00:00:00Z,2023-12-19T11:31:00Z,NA,Not Visible,Low,Not Visible,NA,NA,1,NA,NA
MHO,2024-01-17T00:00:00Z,2024-01-17T11:41:00Z,NA,Not Visible,Low,Not Visible,NA,NA,1,NA,NA
MHO,2024-02-21T00:00:00Z,2024-02-21T12:00:00Z,NA,Not Visible,Not Visible,Not Visible,NA,NA,NA,NA,NA
MHO,2024-03-19T00:00:00Z,2024-03-19T10:25:00Z,NA,Not Visible,Not Visible,Not Visible,NA,NA,NA,NA,NA
MHO,2024-06-26T00:00:00Z,2024-06-26T08:35:00Z,NA,Not Visible,Not Visible,Not Visible,NA,NA,NA,NA,NA
MHO,2024-04-24T00:00:00Z,2024-04-24T10:21:00Z,NA,Not Visible,Not Visible,Not Visible,NA,NA,NA,NA,NA
MHO,2024-05-30T00:00:00Z,2024-05-30T09:35:00Z,NA,Not Visible,Not Visible,Not Visible,NA,NA,NA,NA,NA
MHO,2024-07-16T00:00:00Z,2024-07-16T09:56:00Z,NA,Not Visible,Low,Not Visible,NA,NA,NA,NA,NA
MHO,2024-08-21T00:00:00Z,2024-08-21T08:59:00Z,NA,Not Visible,Not Visible,Not Visible,NA,NA,NA,NA,NA
MHO,2024-09-19T00:00:00Z,2024-09-19T08:01:00Z,NA,Not Visible,Low,Not Visible,1,1,NA,NA,NA
MHO,2024-10-16T00:00:00Z,2024-10-16T07:58:00Z,NA,Not Visible,Not Visible,Not Visible,NA,NA,NA,NA,NA
MHO,2024-11-19T00:00:00Z,2024-11-19T09:51:00Z,NA,Low,Medium,Not Visible,NA,2,NA,NA,NA
MHO,2024-12-19T00:00:00Z,2024-12-19T09:43:00Z,NA,Not Visible,Low,Not Visible,NA,1,NA,NA,NA
MHO,2025-01-14T00:00:00Z,2025-01-14T10:14:00Z,NA,Not Visible,Not Visible,Not Visible,NA,NA,NA,NA,NA
MHO,2025-02-19T00:00:00Z,2025-02-19T10:14:00Z,NA,Not Visible,Not Visible,Not Visible,NA,NA,NA,NA,NA
MHO,2025-03-18T00:00:00Z,2025-03-18T11:06:00Z,NA,Not Visible,Not Visible,Not Visible,NA,NA,NA,NA,NA
MHO,2025-04-22T00:00:00Z,2025-04-22T08:55:00Z,NA,Not Visible,Not Visible,Not Visible,NA,NA,NA,NA,NA
MHO,2025-05-28T00:00:00Z,2025-05-28T09:00:00Z,NA,Not Visible,Not Visible,Not Visible,NA,NA,NA,NA,NA
MHO,2025-06-18T00:00:00Z,2025-06-18T07:54:00Z,NA,Not Visible,Not Visible,Not Visible,NA,NA,NA,NA,NA
MHO,2025-07-16T00:00:00Z,2025-07-16T07:45:00Z,NA,Not Visible,Low,Low,NA,NA,2,NA,NA
MHO,2025-08-12T00:00:00Z,2025-08-12T07:49:00Z,NA,Not Visible,Not Visible,Not Visible,NA,NA,NA,NA,NA
MHO,2025-09-16T00:00:00Z,2025-09-16T08:29:00Z,NA,Not Visible,Low,Not Visible,NA,2,NA,NA,NA
MHO,2025-10-29T00:00:00Z,2025-10-29T08:33:00Z,NA,Not Visible,Low,Not Visible,1,NA,1,NA,NA
MIR,2017-10-05T00:00:00Z,2017-10-05T09:00:00Z,NA,NA,NA,NA,NA,NA,NA,NA,NA
MIR,2017-10-19T00:00:00Z,2017-10-19T10:29:00Z,NA,NA,Low,Not Visible,NA,NA,2,NA,NA
MIR,2017-11-09T00:00:00Z,2017-11-09T11:16:00Z,NA,NA,NA,Not Visible,NA,NA,NA,NA,NA
MIR,2017-12-07T00:00:00Z,2017-12-07T12:00:00Z,NA,NA,NA,Not Visible,NA,NA,NA,NA,NA
MIR,2017-12-22T00:00:00Z,2017-12-22T11:00:00Z,NA,Not Visible,NA,Not Visible,NA,NA,NA,NA,NA
MIR,2018-01-12T00:00:00Z,2018-01-12T10:29:00Z,NA,NA,NA,Not Visible,NA,NA,NA,NA,NA
MIR,2018-02-06T00:00:00Z,2018-02-06T11:28:00Z,NA,NA,NA,Not Visible,NA,NA,NA,NA,NA
MIR,2018-02-12T00:00:00Z,2018-02-12T11:32:00Z,NA,NA,Not Visible,Not Visible,NA,NA,NA,NA,NA
MIR,2018-03-15T00:00:00Z,2018-03-15T10:15:00Z,NA,NA,NA,Not Visible,NA,NA,NA,NA,NA
MIR,2018-04-05T00:00:00Z,2018-04-05T11:15:00Z,NA,NA,NA,Not Visible,NA,NA,NA,NA,NA
MIR,2018-04-26T00:00:00Z,2018-04-26T10:15:00Z,NA,NA,NA,Not Visible,NA,NA,NA,NA,NA
MIR,2018-05-29T00:00:00Z,2018-05-29T09:29:00Z,NA,NA,NA,Not Visible,NA,NA,NA,NA,NA
MIR,2018-06-14T00:00:00Z,2018-06-14T09:01:00Z,NA,NA,NA,Not Visible,NA,NA,NA,NA,NA
MIR,2018-07-05T00:00:00Z,2018-07-05T11:16:00Z,NA,NA,NA,Not Visible,NA,NA,NA,NA,NA
MIR,2018-08-02T00:00:00Z,2018-08-02T10:45:00Z,NA,Not Visible,Not Visible,Not Visible,NA,NA,NA,NA,NA
MIR,2018-08-23T00:00:00Z,2018-08-23T09:34:00Z,NA,NA,NA,Not Visible,NA,NA,NA,NA,NA
MIR,2018-09-14T00:00:00Z,2018-09-14T12:16:00Z,NA,NA,NA,Not Visible,NA,NA,NA,NA,NA
MIR,2018-09-27T00:00:00Z,2018-09-27T08:00:00Z,NA,NA,NA,Not Visible,NA,NA,NA,NA,NA
MIR,2018-10-05T00:00:00Z,2018-10-05T12:00:00Z,NA,Low,Not Visible,Not Visible,NA,NA,NA,NA,NA
MIR,2018-11-01T00:00:00Z,2018-11-01T10:30:00Z,NA,Not Visible,Not Visible,Not Visible,NA,NA,NA,NA,NA
MIR,2018-11-30T00:00:00Z,2018-11-30T11:00:00Z,NA,Not Visible,Not Visible,Not Visible,NA,NA,NA,NA,NA
MIR,2018-12-27T00:00:00Z,2018-12-27T10:48:00Z,NA,Not Visible,Not Visible,Not Visible,NA,NA,NA,NA,NA
MIR,2019-01-29T00:00:00Z,2019-01-29T11:56:00Z,NA,Not Visible,Not Visible,Not Visible,NA,NA,NA,NA,NA
MIR,2019-02-28T00:00:00Z,2019-02-28T12:18:00Z,NA,Not Visible,Not Visible,Not Visible,NA,NA,NA,NA,NA
MIR,2019-04-03T00:00:00Z,2019-04-03T10:44:00Z,NA,Not Visible,Not Visible,Not Visible,NA,NA,NA,NA,NA
MIR,2019-05-02T00:00:00Z,2019-05-02T09:43:00Z,NA,Not Visible,Not Visible,Not Visible,NA,NA,NA,NA,NA
MIR,2019-05-22T00:00:00Z,2019-05-22T09:40:00Z,NA,Not Visible,Not Visible,Not Visible,NA,NA,NA,NA,NA
MIR,2019-06-19T00:00:00Z,2019-06-19T10:34:00Z,NA,Not Visible,Not Visible,Not Visible,NA,NA,NA,NA,NA
MIR,2019-07-03T00:00:00Z,2019-07-03T09:03:00Z,NA,Not Visible,Not Visible,Not Visible,NA,NA,NA,NA,NA
MIR,2019-07-24T00:00:00Z,2019-07-24T10:15:00Z,NA,Not Visible,Not Visible,Not Visible,NA,NA,NA,NA,NA
MIR,2019-08-22T00:00:00Z,2019-08-22T10:33:00Z,NA,Not Visible,Not Visible,Not Visible,NA,NA,NA,NA,NA
MIR,2019-09-24T00:00:00Z,2019-09-24T10:28:00Z,NA,Low,Not Visible,Not Visible,NA,NA,NA,NA,NA
MIR,2019-10-31T00:00:00Z,2019-10-31T10:00:00Z,NA,Not Visible,Not Visible,Not Visible,NA,NA,NA,NA,NA
MIR,2019-12-19T00:00:00Z,2019-12-19T11:45:00Z,NA,Not Visible,Low,Not Visible,NA,NA,NA,NA,NA
MIR,2020-01-23T00:00:00Z,2020-01-23T11:14:00Z,NA,Not Visible,Not Visible,Not Visible,NA,NA,NA,NA,NA
MIR,2020-02-21T00:00:00Z,2020-02-21T10:20:00Z,NA,Not Visible,Not Visible,Not Visible,NA,NA,NA,NA,NA
MIR,2020-04-02T00:00:00Z,2020-04-02T11:44:00Z,NA,Not Visible,Not Visible,Not Visible,NA,NA,NA,NA,NA
MIR,2020-04-30T00:00:00Z,2020-04-30T11:03:00Z,NA,Not Visible,Not Visible,Not Visible,NA,NA,NA,NA,NA
MIR,2020-05-28T00:00:00Z,2020-05-28T10:59:00Z,NA,Low,Not Visible,Not Visible,NA,NA,NA,NA,NA
MIR,2020-06-30T00:00:00Z,2020-06-30T11:15:00Z,NA,Low,Not Visible,Not Visible,NA,NA,NA,NA,NA
MIR,2020-07-30T00:00:00Z,2020-07-30T10:14:00Z,NA,Not Visible,Low,Not Visible,NA,NA,NA,NA,NA
MIR,2020-08-27T00:00:00Z,2020-08-27T09:45:00Z,NA,Low,Low,Not Visible,NA,NA,NA,NA,NA
MIR,2020-10-15T00:00:00Z,2020-10-15T10:13:00Z,NA,Low,Low,Not Visible,NA,NA,NA,NA,NA
MIR,2020-09-24T00:00:00Z,2020-09-24T10:15:00Z,NA,NA,Not Visible,Not Visible,NA,NA,NA,NA,NA
MIR,2020-11-23T00:00:00Z,2020-11-23T11:30:00Z,NA,Not Visible,Not Visible,Not Visible,NA,NA,NA,NA,NA
MIR,2020-12-30T00:00:00Z,2020-12-30T11:12:00Z,NA,Not Visible,Low,Not Visible,NA,NA,NA,NA,NA
MIR,2021-01-29T00:00:00Z,2021-01-29T12:35:00Z,NA,Not Visible,Not Visible,Not Visible,NA,NA,NA,NA,NA
MIR,2021-03-04T00:00:00Z,2021-03-04T11:28:00Z,NA,Not Visible,Not Visible,Not Visible,NA,NA,NA,NA,NA
MIR,2021-04-01T00:00:00Z,2021-04-01T10:18:00Z,NA,Not Visible,Not Visible,Not Visible,NA,NA,NA,NA,NA
MIR,2021-04-29T00:00:00Z,2021-04-29T10:04:00Z,NA,Not Visible,Not Visible,Not Visible,NA,NA,NA,NA,NA
MIR,2021-05-27T00:00:00Z,2021-05-27T10:02:00Z,NA,Not Visible,Not Visible,Not Visible,NA,NA,NA,NA,NA
MIR,2021-06-24T00:00:00Z,2021-06-24T08:43:00Z,NA,Not Visible,Not Visible,Not Visible,NA,NA,NA,NA,NA
MIR,2021-07-29T00:00:00Z,2021-07-29T09:59:00Z,NA,Not Visible,Not Visible,Low,NA,NA,NA,NA,NA
MIR,2021-08-19T00:00:00Z,2021-08-19T10:35:00Z,NA,Medium,Low,Not Visible,NA,NA,NA,NA,NA
MIR,2021-09-16T00:00:00Z,2021-09-16T09:01:00Z,NA,Low,NA,Not Visible,NA,NA,NA,NA,NA
MIR,2021-10-14T00:00:00Z,2021-10-14T10:50:00Z,NA,Not Visible,Not Visible,Not Visible,NA,NA,NA,NA,NA
MIR,2021-11-30T00:00:00Z,2021-11-30T11:35:00Z,NA,Not Visible,Not Visible,Not Visible,NA,NA,NA,NA,NA
MIR,2022-01-13T00:00:00Z,2022-01-13T11:02:00Z,NA,Not Visible,Not Visible,Not Visible,NA,NA,NA,NA,NA
MIR,2022-02-17T00:00:00Z,2022-02-17T11:01:00Z,NA,Not Visible,Not Visible,Not Visible,NA,NA,NA,NA,NA
MIR,2022-03-17T00:00:00Z,2022-03-17T10:04:00Z,NA,Not Visible,Low,Not Visible,NA,NA,NA,NA,NA
MIR,2022-04-28T00:00:00Z,2022-04-28T09:19:00Z,NA,Not Visible,Not Visible,Not Visible,NA,NA,NA,NA,NA
MIR,2022-06-10T00:00:00Z,2022-06-10T09:59:00Z,NA,Medium,NA,Not Visible,NA,NA,NA,NA,NA
MIR,2022-07-28T00:00:00Z,2022-07-28T10:32:00Z,NA,High,Not Visible,Not Visible,NA,NA,NA,NA,NA
MIR,2022-08-18T00:00:00Z,2022-08-18T10:42:00Z,NA,Medium,Not Visible,Not Visible,NA,NA,NA,NA,NA
MIR,2022-09-20T00:00:00Z,2022-09-20T10:10:00Z,NA,Medium,Not Visible,Not Visible,NA,NA,NA,NA,NA
MIR,2022-10-20T00:00:00Z,2022-10-20T09:57:00Z,NA,Low,Low,Not Visible,NA,NA,NA,NA,NA
MIR,2022-11-17T00:00:00Z,2022-11-17T11:46:00Z,NA,Not Visible,Not Visible,Not Visible,NA,NA,NA,NA,NA
MIR,2022-12-20T00:00:00Z,2022-12-20T11:55:00Z,NA,Not Visible,Not Visible,Not Visible,NA,NA,NA,NA,NA
MIR,2023-01-19T00:00:00Z,2023-01-19T11:34:00Z,NA,Not Visible,Not Visible,Not Visible,NA,NA,NA,NA,NA
MIR,2023-02-16T00:00:00Z,2023-02-16T11:05:00Z,NA,Not Visible,Not Visible,Not Visible,NA,NA,NA,NA,NA
MIR,2023-04-05T00:00:00Z,2023-04-05T10:38:00Z,NA,Not Visible,Not Visible,Not Visible,NA,NA,NA,NA,NA
MIR,2023-05-04T00:00:00Z,2023-05-04T10:49:00Z,NA,Not Visible,Not Visible,Not Visible,NA,NA,NA,NA,NA
MIR,2023-06-08T00:00:00Z,2023-06-08T10:00:00Z,NA,Not Visible,Not Visible,Not Visible,NA,NA,NA,NA,NA
MIR,2023-07-19T00:00:00Z,2023-07-19T09:19:00Z,NA,Not Visible,Not Visible,Not Visible,NA,NA,NA,NA,NA
MIR,2023-08-17T00:00:00Z,2023-08-17T10:34:00Z,NA,Medium,Not Visible,Not Visible,NA,NA,NA,NA,NA
MIR,2023-09-21T00:00:00Z,2023-09-21T12:41:00Z,NA,Medium,Not Visible,Not Visible,NA,NA,NA,NA,NA
MIR,2023-10-26T00:00:00Z,2023-10-26T10:02:00Z,NA,Medium,Not Visible,Not Visible,NA,NA,NA,NA,NA
MIR,2023-11-30T00:00:00Z,2023-11-30T12:12:00Z,NA,Not Visible,Not Visible,Not Visible,NA,NA,NA,NA,NA
MIR,2024-01-23T00:00:00Z,2024-01-23T11:14:00Z,NA,Not Visible,Not Visible,Not Visible,NA,NA,NA,NA,NA
MIR,2024-02-27T00:00:00Z,2024-02-27T10:53:00Z,NA,Not Visible,Not Visible,Not Visible,NA,NA,NA,NA,NA
MIR,2024-03-26T00:00:00Z,2024-03-26T09:50:00Z,NA,Not Visible,Not Visible,Not Visible,NA,NA,NA,NA,NA
MIR,2024-04-17T00:00:00Z,2024-04-17T10:02:00Z,NA,Not Visible,Not Visible,Not Visible,NA,NA,NA,NA,NA
MIR,2024-05-16T00:00:00Z,2024-05-16T10:02:00Z,NA,Not Visible,Not Visible,Medium,NA,NA,NA,NA,NA
MIR,2024-06-26T00:00:00Z,2024-06-26T09:50:00Z,NA,Low,Not Visible,Not Visible,NA,NA,NA,NA,NA
MIR,2024-07-16T00:00:00Z,2024-07-16T09:05:00Z,NA,Low,Not Visible,Not Visible,NA,NA,NA,NA,NA
MIR,2024-08-15T00:00:00Z,2024-08-15T09:35:00Z,NA,Medium,Not Visible,Not Visible,NA,NA,NA,NA,NA
MIR,2024-09-19T00:00:00Z,2024-09-19T09:40:00Z,NA,Medium,Not Visible,Not Visible,NA,NA,NA,NA,NA
MIR,2024-10-16T00:00:00Z,2024-10-16T10:20:00Z,NA,Medium,Not Visible,Not Visible,NA,NA,NA,NA,NA
MIR,2024-11-21T00:00:00Z,2024-11-21T12:58:00Z,NA,Low,Not Visible,Not Visible,NA,NA,NA,NA,NA
MIR,2024-12-19T00:00:00Z,2024-12-19T12:10:00Z,NA,Not Visible,Not Visible,Not Visible,NA,NA,NA,NA,NA
MIR,2025-01-15T00:00:00Z,2025-01-15T11:15:00Z,NA,Not Visible,Not Visible,Not Visible,NA,NA,NA,NA,NA
MIR,2025-02-19T00:00:00Z,2025-02-19T11:33:00Z,NA,Not Visible,Not Visible,Medium,NA,NA,NA,NA,NA
MIR,2025-03-19T00:00:00Z,2025-03-19T10:26:00Z,NA,Not Visible,Not Visible,Not Visible,NA,NA,NA,NA,NA
MIR,2025-04-08T00:00:00Z,2025-04-08T10:06:00Z,NA,Not Visible,Not Visible,Not Visible,NA,NA,NA,NA,NA
MIR,2025-05-21T00:00:00Z,2025-05-21T10:05:00Z,NA,Not Visible,Not Visible,Not Visible,NA,NA,NA,NA,NA
MIR,2025-06-18T00:00:00Z,2025-06-18T09:44:00Z,NA,Medium,Low,Not Visible,NA,NA,NA,NA,NA
MIR,2025-07-15T00:00:00Z,2025-07-15T09:50:00Z,NA,Not Visible,Not Visible,Not Visible,NA,NA,NA,NA,NA
MIR,2025-08-20T00:00:00Z,2025-08-20T10:15:00Z,NA,High,Medium,Not Visible,NA,NA,NA,NA,NA
MIR,2025-09-17T00:00:00Z,2025-09-17T11:33:00Z,NA,Medium,Not Visible,Not Visible,NA,NA,NA,NA,NA
MIR,2025-10-15T00:00:00Z,2025-10-15T10:00:00Z,NA,Low,Not Visible,Medium,NA,NA,NA,NA,NA
MOK,2017-10-11T00:00:00Z,2017-10-11T12:45:00Z,NA,NA,NA,Unknown,NA,NA,NA,NA,NA
MOK,2017-11-14T00:00:00Z,2017-11-14T12:05:00Z,NA,NA,Low,Not Visible,NA,NA,2,NA,NA
MOK,2017-12-12T00:00:00Z,2017-12-12T11:45:00Z,NA,Low,Medium,Not Visible,NA,NA,3,NA,NA
MOK,2018-01-09T00:00:00Z,2018-01-09T12:43:00Z,NA,NA,medium,Not Visible,NA,NA,3,NA,NA
MOK,2018-01-18T00:00:00Z,2018-01-18T11:59:00Z,NA,NA,NA,Not Visible,NA,NA,NA,NA,NA
MOK,2018-02-07T00:00:00Z,2018-02-07T11:18:00Z,NA,NA,NA,Not Visible,NA,NA,NA,NA,NA
MOK,2018-03-13T00:00:00Z,2018-03-13T11:29:00Z,NA,NA,NA,Unknown,NA,NA,NA,NA,NA
MOK,2018-04-11T00:00:00Z,2018-04-11T10:44:00Z,NA,NA,NA,Not Visible,NA,NA,NA,NA,NA
MOK,2018-05-08T00:00:00Z,2018-05-08T12:00:00Z,NA,NA,NA,Not Visible,NA,NA,NA,NA,NA
MOK,2018-06-05T00:00:00Z,2018-06-05T11:00:00Z,NA,NA,NA,Not Visible,NA,NA,NA,NA,NA
MOK,2018-07-03T00:00:00Z,2018-07-03T11:03:00Z,NA,NA,Not Visible,Not Visible,NA,NA,NA,NA,NA
MOK,2018-07-24T00:00:00Z,2018-07-24T10:57:00Z,NA,Low,Not Visible,Low,NA,NA,NA,NA,NA
MOK,2018-08-22T00:00:00Z,2018-08-22T10:22:00Z,"Egeria, water millfoil",Low,Low,Low,NA,NA,2,NA,2
MOK,2018-09-26T00:00:00Z,2018-09-26T11:15:00Z,NA,NA,NA,Not Visible,NA,NA,NA,NA,NA
MOK,2018-10-24T00:00:00Z,2018-10-24T11:28:00Z,NA,Medium,Low,Not Visible,NA,NA,2,NA,NA
MOK,2018-12-06T00:00:00Z,2018-12-06T11:33:00Z,NA,Not Visible,Medium,Not Visible,NA,NA,3,NA,NA
MOK,2019-01-11T00:00:00Z,2019-01-11T12:34:00Z,NA,Not Visible,Not Visible,Not Visible,NA,NA,NA,NA,NA
MOK,2019-02-06T00:00:00Z,2019-02-06T10:07:00Z,NA,Not Visible,Low,Not Visible,NA,NA,2,NA,NA
MOK,2019-02-06T00:00:00Z,2019-02-06T14:23:00Z,NA,NA,NA,NA,NA,NA,NA,NA,NA
MOK,2019-03-14T00:00:00Z,2019-03-14T13:16:00Z,NA,Not Visible,Medium,Not Visible,NA,NA,NA,NA,NA
MOK,2019-04-16T00:00:00Z,2019-04-16T12:44:00Z,NA,NA,Low,Not Visible,NA,NA,2,NA,2
MOK,2019-05-23T00:00:00Z,2019-05-23T11:05:00Z,NA,Not Visible,Low,Not Visible,NA,NA,NA,NA,2
MOK,2019-06-05T00:00:00Z,2019-06-05T08:59:00Z,NA,Not Visible,Medium,Not Visible,NA,NA,NA,NA,3
MOK,2019-07-17T00:00:00Z,2019-07-17T11:26:00Z,NA,Low,Medium,Not Visible,NA,NA,NA,NA,3
MOK,2019-08-13T00:00:00Z,2019-08-13T12:15:00Z,NA,Medium,Not Visible,Low,NA,NA,NA,NA,NA
MOK,2019-09-17T00:00:00Z,2019-09-17T11:41:00Z,NA,Medium,Not Visible,Not Visible,NA,NA,NA,NA,NA
MOK,2019-10-30T00:00:00Z,2019-10-30T11:33:00Z,NA,Not Visible,Low,Not Visible,NA,NA,2,NA,2
MOK,2019-12-11T00:00:00Z,2019-12-11T12:30:00Z,NA,Low,Low,Not Visible,NA,2,2,NA,NA
MOK,2020-02-13T00:00:00Z,2020-02-13T12:19:00Z,NA,Not Visible,Low,Not Visible,NA,NA,2,NA,NA
MOK,2020-03-10T00:00:00Z,2020-03-10T11:16:00Z,NA,Not Visible,Not Visible,Not Visible,NA,NA,NA,NA,NA
MOK,2020-04-14T00:00:00Z,2020-04-14T09:58:00Z,NA,Not Visible,Not Visible,Not Visible,NA,NA,NA,NA,NA
MOK,2020-05-20T00:00:00Z,2020-05-20T09:16:00Z,NA,Not Visible,Not Visible,Not Visible,NA,NA,NA,NA,NA
MOK,2020-06-17T00:00:00Z,2020-06-17T12:55:00Z,NA,Medium,Not Visible,Low,NA,NA,NA,NA,NA
MOK,2020-07-29T00:00:00Z,2020-07-29T12:21:00Z,"tules observed but are emergent vegetation, corrected to no visible submerged (species like egeria, etc)-TS 10/14/20",Not Visible,Low,Low,NA,NA,2,NA,NA
MOK,2020-09-03T00:00:00Z,2020-09-03T11:40:00Z,stringy algae on wiper,Medium,Medium,Not Visible,NA,NA,NA,NA,NA
MOK,2020-10-19T00:00:00Z,2020-10-19T11:05:00Z,NA,Low,Medium,Not Visible,NA,NA,NA,NA,NA
MOK,2020-10-19T00:00:00Z,2020-10-19T11:05:00Z,NA,Low,Medium,Not Visible,NA,NA,NA,NA,NA
MOK,2020-11-17T00:00:00Z,2020-11-17T12:18:00Z,NA,Low,Medium,Not Visible,NA,NA,NA,NA,NA
MOK,2020-12-29T00:00:00Z,2020-12-29T12:13:00Z,NA,Not Visible,Medium,Not Visible,NA,NA,NA,NA,NA
MOK,2021-02-02T00:00:00Z,2021-02-02T12:54:00Z,NA,Not Visible,Low,Not Visible,NA,NA,NA,NA,NA
MOK,2021-03-09T00:00:00Z,2021-03-09T11:55:00Z,NA,Not Visible,Low,Not Visible,NA,NA,NA,NA,NA
MOK,2021-04-20T00:00:00Z,2021-04-20T11:04:00Z,NA,Not Visible,Low,Not Visible,NA,NA,NA,NA,NA
MOK,2021-05-20T00:00:00Z,2021-05-20T11:27:00Z,NA,Not Visible,Not Visible,Not Visible,NA,NA,NA,NA,NA
MOK,2021-06-23T00:00:00Z,2021-06-23T11:20:00Z,NA,Low,Low,Not Visible,NA,NA,NA,NA,NA
MOK,2021-07-20T00:00:00Z,2021-07-20T11:06:00Z,NA,Low,Low,Low,NA,NA,NA,NA,NA
MOK,2021-08-18T00:00:00Z,2021-08-18T10:33:00Z,NA,Not Visible,Low,Not Visible,NA,NA,NA,NA,NA
MOK,2021-09-15T00:00:00Z,2021-09-15T10:34:00Z,NA,Low,Low,Low,NA,NA,NA,NA,NA
MOK,2021-10-20T00:00:00Z,2021-10-20T11:36:00Z,NA,Low,Medium,Not Visible,NA,NA,NA,NA,NA
MOK,2021-11-17T00:00:00Z,2021-11-17T12:04:00Z,NA,Low,Medium,Not Visible,NA,NA,NA,NA,NA
MOK,2022-01-06T00:00:00Z,2022-01-06T12:19:00Z,"heavy loose vegetation surrounding station, mostly azolla",Low,Extreme,Not Visible,5,NA,3,NA,NA
MOK,2022-02-22T00:00:00Z,2022-02-22T12:13:00Z,NA,Not Visible,Medium,Not Visible,NA,NA,3,NA,NA
MOK,2022-03-24T00:00:00Z,2022-03-24T11:57:00Z,NA,Not Visible,Low,Not Visible,NA,NA,NA,NA,NA
MOK,2022-04-26T00:00:00Z,2022-04-26T09:12:00Z,NA,Not Visible,Low,Not Visible,NA,NA,NA,NA,NA
MOK,2022-05-24T00:00:00Z,2022-05-24T08:36:00Z,NA,Not Visible,Low,Not Visible,NA,NA,NA,NA,NA
MOK,2022-06-28T00:00:00Z,2022-06-28T10:49:00Z,NA,Low,Low,Low,NA,NA,NA,NA,NA
MOK,2022-07-26T00:00:00Z,2022-07-26T10:22:00Z,NA,Not Visible,Low,Low,NA,NA,NA,NA,NA
MOK,2022-08-31T00:00:00Z,2022-08-31T10:59:00Z,NA,Low,Medium,Not Visible,NA,NA,NA,NA,NA
MOK,2022-09-26T00:00:00Z,2022-09-26T11:04:00Z,NA,Low,Medium,Not Visible,NA,NA,NA,NA,NA
MOK,2022-10-25T00:00:00Z,2022-10-25T10:26:00Z,NA,Medium,Medium,Not Visible,NA,NA,NA,NA,NA
MOK,2022-11-30T00:00:00Z,2022-11-30T12:57:00Z,NA,Not Visible,Low,Not Visible,NA,NA,NA,NA,NA
MOK,2023-01-17T00:00:00Z,2023-01-17T12:50:00Z,NA,Not Visible,Medium,Not Visible,NA,NA,NA,NA,NA
MOK,2023-02-21T00:00:00Z,2023-02-21T12:32:00Z,NA,Not Visible,Medium,Not Visible,NA,NA,NA,NA,NA
MOK,2023-03-30T00:00:00Z,2023-03-30T11:46:00Z,NA,Not Visible,Low,Not Visible,NA,NA,NA,NA,NA
MOK,2023-04-25T00:00:00Z,2023-04-25T11:10:00Z,NA,Low,Low,Not Visible,NA,NA,NA,NA,NA
MOK,2023-07-06T00:00:00Z,2023-07-06T10:36:00Z,Tule (3),Low,Medium,Not Visible,NA,NA,NA,NA,NA
MOK,2023-08-10T00:00:00Z,2023-08-10T10:45:00Z,NA,Medium,Not Visible,Not Visible,NA,NA,NA,NA,NA
MOK,2023-09-19T00:00:00Z,2023-09-19T11:27:00Z,NA,Medium,Low,Not Visible,NA,NA,NA,NA,NA
MOK,2023-10-31T00:00:00Z,2023-10-31T12:05:00Z,NA,Low,Medium,Low,NA,NA,NA,NA,NA
MOK,2023-12-12T00:00:00Z,2023-12-12T12:31:00Z,NA,Low,Medium,Low,NA,NA,NA,NA,NA
MOK,2024-01-30T00:00:00Z,2024-01-30T12:36:00Z,NA,Not Visible,Medium,Not Visible,NA,NA,NA,NA,NA
MOK,2024-02-29T00:00:00Z,2024-02-29T11:09:00Z,NA,Not Visible,Low,Not Visible,NA,NA,NA,NA,NA
MOK,2024-03-28T00:00:00Z,2024-03-28T08:02:00Z,NA,Low,Low,Not Visible,NA,NA,NA,NA,NA
MOK,2024-05-14T00:00:00Z,2024-05-14T11:17:00Z,NA,Low,Low,Not Visible,NA,NA,NA,NA,NA
MOK,2024-06-19T00:00:00Z,2024-06-19T11:12:00Z,NA,Low,Not Visible,Not Visible,NA,NA,NA,NA,NA
MOK,2024-07-23T00:00:00Z,2024-07-23T09:47:00Z,NA,Low,Not Visible,Not Visible,NA,NA,NA,NA,NA
MOK,2024-08-27T00:00:00Z,2024-08-27T10:17:00Z,NA,Low,Not Visible,Not Visible,NA,NA,NA,NA,NA
MOK,2024-10-08T00:00:00Z,2024-10-08T11:29:00Z,NA,Not Visible,Low,Not Visible,NA,NA,NA,NA,NA
MOK,2024-11-14T00:00:00Z,2024-11-14T14:06:00Z,NA,Low,Low,Not Visible,NA,NA,NA,NA,NA
MOK,2024-12-17T00:00:00Z,2024-12-17T12:42:00Z,NA,Not Visible,Low,Not Visible,NA,NA,NA,NA,NA
MOK,2025-01-29T00:00:00Z,2025-01-29T12:27:00Z,NA,Not Visible,Medium,Not Visible,NA,NA,NA,NA,NA
MOK,2025-03-11T00:00:00Z,2025-03-11T08:31:00Z,NA,Low,Low,Not Visible,NA,NA,NA,NA,NA
MOK,2025-04-15T00:00:00Z,2025-04-15T08:48:00Z,NA,Low,Not Visible,Not Visible,NA,NA,NA,NA,NA
MOK,2025-05-13T00:00:00Z,2025-05-13T07:35:00Z,NA,Low,Not Visible,Not Visible,NA,NA,NA,NA,NA
MOK,2025-06-19T00:00:00Z,2025-06-19T07:25:00Z,NA,Low,Low,Not Visible,NA,NA,NA,NA,NA
MOK,2025-07-16T00:00:00Z,2025-07-16T08:50:00Z,NA,Low,Low,Low,NA,NA,NA,NA,NA
MOK,2025-08-13T00:00:00Z,2025-08-13T07:30:00Z,NA,Low,Not Visible,Not Visible,NA,NA,NA,NA,NA
MOK,2025-09-16T00:00:00Z,2025-09-16T07:24:00Z,Tule(3),Medium,Not Visible,Not Visible,NA,NA,NA,NA,NA
MOK,2025-10-09T00:00:00Z,2025-10-09T08:02:00Z,NA,Low,Not Visible,Low,NA,NA,NA,NA,NA
MOK,2025-11-06T00:00:00Z,2025-11-06T09:27:00Z,NA,Medium,Low,Not Visible,NA,NA,NA,NA,NA
MRU,2017-10-06T00:00:00Z,2017-10-06T10:16:00Z,NA,NA,NA,NA,NA,NA,NA,NA,NA
MRU,2017-10-24T00:00:00Z,2017-10-24T11:15:00Z,NA,Low,Low,Not Visible,2,NA,2,NA,2
MRU,2017-11-17T00:00:00Z,2017-11-17T10:32:00Z,NA,NA,Low,Not Visible,NA,2,NA,NA,NA
MRU,2017-11-30T00:00:00Z,2017-11-30T10:04:00Z,NA,NA,High,Not Visible,NA,4,NA,NA,NA
MRU,2017-12-13T00:00:00Z,2017-12-13T10:16:00Z,NA,NA,Not Visible,Not Visible,NA,NA,NA,NA,NA
MRU,2018-01-04T00:00:00Z,2018-01-04T11:15:00Z,NA,NA,High,Not Visible,NA,NA,NA,Oak Leaves(100),NA
MRU,2018-01-30T00:00:00Z,2018-01-30T14:25:00Z,NA,NA,NA,Not Visible,NA,NA,NA,NA,NA
MRU,2018-02-22T00:00:00Z,2018-02-22T10:31:00Z,NA,NA,Not Visible,Not Visible,NA,NA,NA,NA,NA
MRU,2018-03-15T00:00:00Z,2018-03-15T09:47:00Z,NA,NA,Low,Not Visible,NA,2,NA,NA,NA
MRU,2018-04-04T00:00:00Z,2018-04-04T10:59:00Z,NA,NA,NA,Not Visible,NA,NA,NA,NA,NA
MRU,2018-05-08T00:00:00Z,2018-05-08T10:14:00Z,NA,NA,Not Visible,Not Visible,NA,NA,NA,NA,NA
MRU,2018-06-01T00:00:00Z,2018-06-01T10:48:00Z,low ergeria,Low,Not Visible,Not Visible,NA,NA,NA,NA,NA
MRU,2018-06-28T00:00:00Z,2018-06-28T10:13:00Z,NA,Not Visible,Not Visible,Not Visible,NA,NA,NA,NA,NA
MRU,2018-07-18T00:00:00Z,2018-07-18T08:13:00Z,NA,Medium,Not Visible,Low,NA,NA,NA,NA,NA
MRU,2018-08-30T00:00:00Z,2018-08-30T10:49:00Z,Egeria,Medium,Not Visible,Not Visible,NA,NA,NA,NA,NA
MRU,2018-08-14T00:00:00Z,2018-08-14T10:12:00Z,NA,Medium,Not Visible,Not Visible,NA,NA,NA,NA,NA
MRU,2018-10-03T00:00:00Z,2018-10-03T10:12:00Z,NA,NA,NA,Not Visible,NA,NA,NA,NA,NA
MRU,2018-10-23T00:00:00Z,2018-10-23T10:00:00Z,NA,Not Visible,Not Visible,Not Visible,NA,NA,NA,NA,NA
MRU,2018-11-27T00:00:00Z,2018-11-27T11:27:00Z,NA,Not Visible,Low,Not Visible,NA,1,NA,NA,NA
MRU,2018-12-31T00:00:00Z,2018-12-31T13:52:00Z,NA,Not Visible,Not Visible,Not Visible,NA,NA,NA,NA,NA
MRU,2019-02-06T00:00:00Z,2019-02-06T10:49:00Z,NA,Not Visible,Low,Not Visible,NA,NA,NA,NA,NA
MRU,2019-03-12T00:00:00Z,2019-03-12T10:18:00Z,Egeria Present,Low,Not Visible,Not Visible,NA,NA,NA,NA,NA
MRU,2019-04-11T00:00:00Z,2019-04-11T08:57:00Z,NA,Not Visible,Not Visible,Not Visible,NA,NA,NA,NA,NA
MRU,2019-05-15T00:00:00Z,2019-05-15T13:31:00Z,NA,Not Visible,Not Visible,Not Visible,NA,NA,NA,NA,NA
MRU,2019-06-20T00:00:00Z,2019-06-20T10:28:00Z,NA,Not Visible,Not Visible,Not Visible,NA,NA,NA,NA,NA
MRU,2019-07-18T00:00:00Z,2019-07-18T09:42:00Z,egeria(2),Low,Not Visible,Not Visible,NA,NA,NA,NA,NA
MRU,2019-08-14T00:00:00Z,2019-08-14T08:43:00Z,NA,Not Visible,Not Visible,Not Visible,NA,NA,NA,NA,NA
MRU,2019-09-18T00:00:00Z,2019-09-18T09:58:00Z,NA,Low,Not Visible,Not Visible,NA,NA,NA,NA,NA
MRU,2019-10-16T00:00:00Z,2019-10-16T09:59:00Z,Egeria(2),Low,Low,Not Visible,NA,NA,2,NA,NA
MRU,2019-11-19T00:00:00Z,2019-11-19T10:33:00Z,Egeria,Low,Not Visible,Not Visible,NA,NA,NA,NA,NA
MRU,2019-12-10T00:00:00Z,2019-12-10T12:32:00Z,NA,Low,Low,Not Visible,NA,NA,2,NA,NA
MRU,2020-01-09T00:00:00Z,2020-01-09T10:18:00Z,NA,Not Visible,Not Visible,Not Visible,NA,NA,NA,NA,NA
MRU,2020-02-13T00:00:00Z,2020-02-13T11:28:00Z,NA,Low,Not Visible,Not Visible,NA,NA,NA,NA,NA
MRU,2020-04-16T00:00:00Z,2020-04-16T10:14:00Z,NA,Medium,Medium,Not Visible,NA,NA,NA,NA,NA
MRU,2020-05-13T00:00:00Z,2020-05-13T11:02:00Z,NA,Medium,Low,Not Visible,NA,NA,NA,NA,NA
MRU,2020-06-11T00:00:00Z,2020-06-11T10:25:00Z,NA,Medium,Medium,Not Visible,NA,NA,NA,NA,NA
MRU,2020-07-08T00:00:00Z,2020-07-08T10:08:00Z,NA,Low,Low,Low,NA,2,2,NA,NA
MRU,2020-08-19T00:00:00Z,2020-08-19T08:44:00Z,NA,Low,Low,Low,NA,NA,NA,NA,NA
MRU,2020-09-24T00:00:00Z,2020-09-24T10:18:00Z,NA,Low,Low,Not Visible,NA,NA,NA,NA,NA
MRU,2020-10-27T00:00:00Z,2020-10-27T11:58:00Z,NA,Low,Low,Not Visible,NA,NA,2,NA,2
MRU,2020-12-04T00:00:00Z,2020-12-04T12:19:00Z,NA,Low,Low,Not Visible,NA,NA,NA,NA,NA
MRU,2021-01-05T00:00:00Z,2021-01-05T12:57:00Z,NA,Low,Low,Not Visible,NA,NA,2,NA,2
MRU,2021-02-04T00:00:00Z,2021-02-04T10:25:00Z,NA,Low,Not Visible,Not Visible,NA,NA,NA,NA,NA
MRU,2021-03-02T00:00:00Z,2021-03-02T10:18:00Z,NA,Low,Low,Not Visible,NA,NA,NA,NA,NA
MRU,2021-03-30T00:00:00Z,2021-03-30T09:35:00Z,NA,Low,Low,Not Visible,NA,NA,NA,NA,NA
MRU,2021-04-27T00:00:00Z,2021-04-27T08:58:00Z,NA,Medium,Medium,Not Visible,NA,NA,NA,NA,NA
MRU,2021-06-02T00:00:00Z,2021-06-02T11:04:00Z,NA,Medium,Low,Not Visible,NA,1,NA,NA,NA
MRU,2021-07-07T00:00:00Z,2021-07-07T10:58:00Z,NA,Medium,Low,Low,NA,NA,NA,NA,2
MRU,2021-08-03T00:00:00Z,2021-08-03T11:07:00Z,NA,Low,Low,Not Visible,NA,NA,NA,NA,NA
MRU,2021-08-26T00:00:00Z,2021-08-26T10:01:00Z,NA,Low,Low,Not Visible,NA,NA,NA,NA,NA
MRU,2021-09-29T00:00:00Z,2021-09-29T09:51:00Z,NA,Low,Not Visible,Not Visible,NA,NA,NA,NA,NA
MRU,2021-10-27T00:00:00Z,2021-10-27T09:12:00Z,NA,Low,Not Visible,Not Visible,NA,NA,NA,NA,NA
MRU,2021-12-01T00:00:00Z,2021-12-01T10:15:00Z,NA,Not Visible,Not Visible,Not Visible,NA,NA,NA,NA,NA
MRU,2022-01-04T00:00:00Z,2022-01-04T09:57:00Z,NA,High,Low,Not Visible,2,NA,2,NA,NA
MRU,2022-01-19T00:00:00Z,2022-01-19T11:06:00Z,NA,Not Visible,Not Visible,Not Visible,NA,NA,NA,NA,NA
MRU,2022-02-08T00:00:00Z,2022-02-08T10:08:00Z,NA,Not Visible,Not Visible,Not Visible,NA,NA,NA,NA,NA
MRU,2022-03-15T00:00:00Z,2022-03-15T09:12:00Z,NA,Low,Not Visible,Not Visible,NA,NA,NA,NA,NA
MRU,2022-04-19T00:00:00Z,2022-04-19T09:01:00Z,NA,Medium,High,Not Visible,4,NA,NA,NA,NA
MRU,2022-05-18T00:00:00Z,2022-05-18T08:50:00Z,NA,Low,Low,Not Visible,NA,NA,NA,NA,NA
MRU,2022-06-21T00:00:00Z,2022-06-21T09:13:00Z,NA,Low,Low,Low,NA,NA,NA,NA,NA
MRU,2022-07-28T00:00:00Z,2022-07-28T09:35:00Z,NA,Not Visible,Not Visible,Not Visible,NA,NA,NA,NA,NA
MRU,2022-08-16T00:00:00Z,2022-08-16T08:28:00Z,NA,Not Visible,Not Visible,Medium,NA,NA,NA,NA,NA
MRU,2022-09-14T00:00:00Z,2022-09-14T09:03:00Z,NA,Not Visible,Low,Low,NA,NA,NA,NA,NA
MRU,2022-10-19T00:00:00Z,2022-10-19T09:34:00Z,NA,Low,Low,Not Visible,NA,NA,NA,NA,NA
MRU,2022-11-15T00:00:00Z,2022-11-15T09:47:00Z,NA,Not Visible,Not Visible,Not Visible,NA,NA,NA,NA,NA
MRU,2022-12-07T00:00:00Z,2022-12-07T10:18:00Z,NA,Not Visible,Not Visible,Not Visible,NA,NA,NA,NA,NA
MRU,2023-01-05T00:00:00Z,2023-01-05T10:20:00Z,NA,Not Visible,High,Not Visible,NA,NA,NA,NA,NA
MRU,2023-02-07T00:00:00Z,2023-02-07T09:58:00Z,NA,Not Visible,Not Visible,Not Visible,NA,NA,NA,NA,NA
MRU,2023-03-20T00:00:00Z,2023-03-20T09:00:00Z,NA,Not Visible,Not Visible,Not Visible,NA,NA,NA,NA,NA
MRU,2023-04-11T00:00:00Z,2023-04-11T10:37:00Z,NA,Not Visible,Not Visible,Not Visible,NA,NA,NA,NA,NA
MRU,2023-05-16T00:00:00Z,2023-05-16T09:18:00Z,NA,Not Visible,Not Visible,Not Visible,NA,NA,NA,NA,NA
MRU,2023-06-20T00:00:00Z,2023-06-20T09:11:00Z,NA,Not Visible,Not Visible,Not Visible,NA,NA,NA,NA,NA
MRU,2023-07-18T00:00:00Z,2023-07-18T08:14:00Z,NA,Not Visible,Not Visible,Not Visible,NA,NA,NA,NA,NA
MRU,2023-08-15T00:00:00Z,2023-08-15T08:15:00Z,NA,Not Visible,Not Visible,Not Visible,NA,NA,NA,NA,NA
MRU,2023-09-19T00:00:00Z,2023-09-19T08:31:00Z,NA,Not Visible,Not Visible,Not Visible,NA,NA,NA,NA,NA
MRU,2023-10-19T00:00:00Z,2023-10-19T07:53:00Z,NA,Not Visible,Not Visible,Not Visible,NA,NA,NA,NA,NA
MRU,2023-11-28T00:00:00Z,2023-11-28T11:04:00Z,NA,Not Visible,Not Visible,Not Visible,NA,NA,NA,NA,NA
MRU,2023-12-19T00:00:00Z,2023-12-19T10:38:00Z,NA,Not Visible,Not Visible,Not Visible,NA,NA,NA,NA,NA
MRU,2024-01-17T00:00:00Z,2024-01-17T10:39:00Z,NA,Not Visible,Not Visible,Not Visible,NA,NA,NA,NA,NA
MRU,2024-02-21T00:00:00Z,2024-02-21T10:55:00Z,NA,Not Visible,Not Visible,Not Visible,NA,NA,NA,NA,NA
MRU,2024-03-19T00:00:00Z,2024-03-19T09:19:00Z,NA,Not Visible,Not Visible,Not Visible,NA,NA,NA,NA,NA
MRU,2024-04-24T00:00:00Z,2024-04-24T09:28:00Z,NA,Not Visible,Not Visible,Not Visible,NA,NA,NA,NA,NA
MRU,2024-06-26T00:00:00Z,2024-06-26T09:58:00Z,NA,Not Visible,Not Visible,Not Visible,NA,NA,NA,NA,NA
MRU,2024-05-30T00:00:00Z,2024-05-30T10:13:00Z,NA,Not Visible,Not Visible,Not Visible,NA,NA,NA,NA,NA
MRU,2024-07-16T00:00:00Z,2024-07-16T09:13:00Z,NA,Not Visible,Not Visible,Not Visible,NA,NA,NA,NA,NA
MRU,2024-08-21T00:00:00Z,2024-08-21T11:36:00Z,NA,Not Visible,Not Visible,Not Visible,NA,NA,NA,NA,NA
MRU,2024-09-19T00:00:00Z,2024-09-19T08:56:00Z,NA,Not Visible,Not Visible,Not Visible,NA,NA,NA,NA,NA
MRU,2024-10-16T00:00:00Z,2024-10-16T08:55:00Z,NA,Not Visible,Not Visible,Not Visible,NA,NA,NA,NA,NA
MRU,2024-11-19T00:00:00Z,2024-11-19T10:35:00Z,NA,Not Visible,Not Visible,Not Visible,NA,NA,NA,NA,NA
MRU,2024-12-19T00:00:00Z,2024-12-19T10:38:00Z,NA,Not Visible,Low,Not Visible,NA,1,NA,NA,NA
MRU,2025-01-14T00:00:00Z,2025-01-14T11:04:00Z,NA,Not Visible,Not Visible,Not Visible,NA,NA,NA,NA,NA
MRU,2025-02-19T00:00:00Z,2025-02-19T10:59:00Z,NA,Not Visible,Not Visible,Not Visible,NA,NA,NA,NA,NA
MRU,2025-03-18T00:00:00Z,2025-03-18T10:18:00Z,NA,Not Visible,Not Visible,Not Visible,NA,NA,NA,NA,NA
MRU,2025-04-22T00:00:00Z,2025-04-22T09:42:00Z,NA,Low,Not Visible,Not Visible,NA,NA,NA,NA,NA
MRU,2025-05-28T00:00:00Z,2025-05-28T09:43:00Z,NA,Not Visible,Not Visible,Not Visible,NA,NA,NA,NA,NA
MRU,2025-06-18T00:00:00Z,2025-06-18T08:46:00Z,NA,Not Visible,Not Visible,Not Visible,NA,NA,NA,NA,NA
MRU,2025-07-16T00:00:00Z,2025-07-16T08:46:00Z,NA,Not Visible,Not Visible,Not Visible,NA,NA,NA,NA,NA
MRU,2025-08-12T00:00:00Z,2025-08-12T08:46:00Z,NA,Not Visible,Not Visible,Not Visible,NA,NA,NA,NA,NA
MRU,2025-09-16T00:00:00Z,2025-09-16T09:19:00Z,NA,Low,Not Visible,Not Visible,NA,NA,NA,NA,NA
MRU,2025-10-29T00:00:00Z,2025-10-29T09:20:00Z,NA,Low,Low,Not Visible,NA,NA,1,NA,NA
MRX,2017-10-06T00:00:00Z,2017-10-06T09:31:00Z,NA,NA,NA,NA,NA,NA,NA,NA,NA
MRX,2017-10-24T00:00:00Z,2017-10-24T15:37:00Z,NA,NA,Medium,Not Visible,2,3,4,NA,NA
MRX,2017-11-17T00:00:00Z,2017-11-17T09:57:00Z,NA,NA,High,Not Visible,NA,4,4,NA,NA
MRX,2017-11-30T00:00:00Z,2017-11-30T09:30:00Z,NA,NA,Medium,Not Visible,NA,2,3,NA,NA
MRX,2017-12-13T00:00:00Z,2017-12-13T09:43:00Z,NA,NA,High,Not Visible,NA,4,3,NA,NA
MRX,2018-01-04T00:00:00Z,2018-01-04T10:34:00Z,NA,NA,Medium,Not Visible,NA,3,3,NA,NA
MRX,2018-01-30T00:00:00Z,2018-01-30T12:32:00Z,NA,Not Visible,Medium,Not Visible,2,3,2,NA,NA
MRX,2018-02-22T00:00:00Z,2018-02-22T09:57:00Z,NA,NA,Low,Not Visible,5,NA,5,NA,NA
MRX,2018-03-15T00:00:00Z,2018-03-15T09:15:00Z,NA,NA,Low,Not Visible,NA,2,2,NA,NA
MRX,2018-04-04T00:00:00Z,2018-04-04T10:17:00Z,NA,NA,Medium,Not Visible,NA,3,3,NA,NA
MRX,2018-04-17T00:00:00Z,2018-04-17T10:12:00Z,NA,NA,Low,Not Visible,NA,40,60,NA,NA
MRX,2018-05-08T00:00:00Z,2018-05-08T09:39:00Z,NA,NA,High,Not Visible,NA,NA,NA,NA,NA
MRX,2018-05-15T00:00:00Z,2018-05-15T08:35:00Z,NA,NA,Not Visible,Not Visible,NA,NA,NA,NA,NA
MRX,2018-06-01T00:00:00Z,2018-06-01T10:15:00Z,NA,NA,Medium,Not Visible,1,1,1,Chladofora(2),NA
MRX,2018-06-28T00:00:00Z,2018-06-28T09:32:00Z,NA,NA,NA,Low,NA,NA,NA,NA,NA
MRX,2018-08-14T00:00:00Z,2018-08-14T09:35:00Z,NA,Medium,High,Medium,NA,3,4,Cladophora(3),4
MRX,2018-08-30T00:00:00Z,2018-08-30T10:07:00Z,Surface veg (Hyacinth) is dying. Egeria below FAV,Medium,High,Low,4,4,3,NA,4
MRX,2018-10-03T00:00:00Z,2018-10-03T08:32:00Z,Submerged veg is Egeria.,Medium,Medium,Not Visible,2,2,3,Cladium(3),3
MRX,2018-10-23T00:00:00Z,2018-10-23T09:27:00Z,NA,Low,Medium,Not Visible,NA,NA,3,NA,NA
MRX,2018-12-31T00:00:00Z,2018-12-31T11:49:00Z,NA,Low,Medium,Not Visible,3,NA,3,NA,NA
MRX,2019-02-06T00:00:00Z,2019-02-06T11:42:00Z,NA,Medium,Medium,Not Visible,NA,3,3,NA,NA
MRX,2019-03-12T00:00:00Z,2019-03-12T09:16:00Z,NA,Not Visible,Low,Not Visible,NA,NA,2,NA,NA
MRX,2019-04-11T00:00:00Z,2019-04-11T10:48:00Z,NA,Not Visible,Not Visible,Not Visible,NA,NA,NA,NA,NA
MRX,2019-05-15T00:00:00Z,2019-05-15T11:40:00Z,NA,Not Visible,Medium,Not Visible,NA,3,3,NA,NA
MRX,2019-06-20T00:00:00Z,2019-06-20T09:28:00Z,Egeria (3),Medium,Medium,Not Visible,NA,2,3,NA,NA
MRX,2019-07-18T00:00:00Z,2019-07-18T08:49:00Z,NA,Not Visible,Low,Not Visible,NA,2,2,NA,NA
MRX,2019-08-14T00:00:00Z,2019-08-14T07:43:00Z,NA,Not Visible,Medium,High,NA,NA,3,NA,2
MRX,2019-09-18T00:00:00Z,2019-09-18T07:57:00Z,surface veg is dying,Low,Medium,Not Visible,NA,2,2,NA,3
MRX,2019-10-16T00:00:00Z,2019-10-16T08:58:00Z,NA,Not Visible,Medium,Not Visible,NA,3,3,NA,NA
MRX,2019-11-19T00:00:00Z,2019-11-19T09:47:00Z,NA,Not Visible,Medium,Not Visible,NA,2,3,NA,NA
MRX,2020-01-09T00:00:00Z,2020-01-09T09:29:00Z,NA,Not Visible,Low,Not Visible,NA,NA,2,NA,NA
MRX,2020-02-13T00:00:00Z,2020-02-13T12:15:00Z,NA,Not Visible,Low,Not Visible,NA,2,2,NA,NA
MRX,2020-04-16T00:00:00Z,2020-04-16T08:29:00Z,NA,Low,Low,Not Visible,NA,NA,2,NA,NA
MRX,2020-05-13T00:00:00Z,2020-05-13T12:22:00Z,NA,Medium,Medium,Low,NA,NA,NA,NA,NA
MRX,2020-06-11T00:00:00Z,2020-06-11T11:33:00Z,NA,Medium,Medium,Medium,NA,NA,NA,NA,NA
MRX,2020-07-08T00:00:00Z,2020-07-08T11:20:00Z,NA,Medium,Medium,Medium,NA,NA,NA,NA,NA
MRX,2020-08-19T00:00:00Z,2020-08-19T07:51:00Z,NA,Not Visible,High,Extreme,NA,2,4,NA,4
MRX,2020-09-24T00:00:00Z,2020-09-24T11:16:00Z,NA,Medium,Medium,Not Visible,NA,NA,NA,NA,NA
MRX,2020-10-27T00:00:00Z,2020-10-27T08:54:00Z,NA,Low,Medium,Not Visible,NA,NA,3,NA,3
MRX,2020-12-04T00:00:00Z,2020-12-04T14:18:00Z,NA,Low,Low,Not Visible,NA,NA,2,NA,NA
MRX,2021-01-05T00:00:00Z,2021-01-05T15:25:00Z,NA,Not Visible,Low,Not Visible,NA,2,2,NA,NA
MRX,2021-02-04T00:00:00Z,2021-02-04T12:46:00Z,NA,Low,Low,Not Visible,2,NA,2,NA,NA
MRX,2021-03-02T00:00:00Z,2021-03-02T12:30:00Z,NA,Low,Medium,Not Visible,NA,NA,2,NA,NA
MRX,2021-03-30T00:00:00Z,2021-03-30T11:47:00Z,NA,Low,Low,Not Visible,1,NA,1,NA,NA
MRX,2021-04-27T00:00:00Z,2021-04-27T11:31:00Z,NA,Medium,Medium,Not Visible,NA,NA,1,NA,NA
MRX,2021-05-25T00:00:00Z,2021-05-25T10:19:00Z,NA,Medium,Medium,Not Visible,NA,NA,3,NA,NA
MRX,2021-07-07T00:00:00Z,2021-07-07T13:10:00Z,NA,Low,Low,Low,NA,NA,NA,NA,NA
MRX,2021-08-03T00:00:00Z,2021-08-03T12:02:00Z,NA,Medium,Low,Not Visible,NA,NA,1,NA,NA
MRX,2021-08-26T00:00:00Z,2021-08-26T12:16:00Z,NA,Low,Low,Low,NA,NA,NA,NA,NA
MRX,2021-09-29T00:00:00Z,2021-09-29T11:52:00Z,NA,Medium,Low,Not Visible,NA,2,2,NA,NA
MRX,2021-10-27T00:00:00Z,2021-10-27T11:45:00Z,NA,Low,Medium,Not Visible,NA,2,3,NA,NA
MRX,2021-12-01T00:00:00Z,2021-12-01T12:23:00Z,NA,Low,Not Visible,Not Visible,NA,NA,NA,NA,NA
MRX,2022-01-04T00:00:00Z,2022-01-04T11:59:00Z,NA,Low,Not Visible,Not Visible,NA,NA,NA,NA,NA
MRX,2022-02-08T00:00:00Z,2022-02-08T12:28:00Z,NA,Not Visible,Low,Not Visible,NA,NA,2,NA,NA
MRX,2022-03-15T00:00:00Z,2022-03-15T11:14:00Z,NA,NA,NA,Not Visible,NA,NA,NA,NA,NA
MRX,2022-04-19T00:00:00Z,2022-04-19T11:15:00Z,NA,Not Visible,Not Visible,Not Visible,NA,NA,NA,NA,NA
MRX,2022-05-18T00:00:00Z,2022-05-18T10:59:00Z,NA,High,Medium,Not Visible,NA,NA,NA,NA,NA
MRX,2022-06-21T00:00:00Z,2022-06-21T09:57:00Z,NA,Not Visible,Low,Low,NA,NA,NA,NA,NA
MRX,2022-07-28T00:00:00Z,2022-07-28T10:30:00Z,NA,Low,Low,Low,NA,NA,NA,NA,NA
MRX,2022-08-16T00:00:00Z,2022-08-16T07:45:00Z,NA,Medium,Medium,Low,NA,NA,NA,NA,NA
MRX,2022-09-14T00:00:00Z,2022-09-14T09:45:00Z,NA,Not Visible,Low,Low,NA,NA,NA,NA,NA
MRX,2022-10-19T00:00:00Z,2022-10-19T10:15:00Z,NA,High,Extreme,Not Visible,NA,NA,NA,NA,NA
MRX,2022-11-15T00:00:00Z,2022-11-15T10:28:00Z,NA,Medium,Low,Not Visible,NA,NA,NA,NA,NA
MRX,2022-12-07T00:00:00Z,2022-12-07T11:01:00Z,NA,Not Visible,Low,Not Visible,NA,NA,NA,NA,NA
MRX,2023-01-05T00:00:00Z,2023-01-05T11:00:00Z,NA,Not Visible,Low,Not Visible,NA,NA,NA,NA,NA
MRX,2023-02-07T00:00:00Z,2023-02-07T10:45:00Z,NA,Not Visible,Not Visible,Not Visible,NA,NA,NA,NA,NA
MRX,2023-04-11T00:00:00Z,2023-04-11T13:35:00Z,NA,Not Visible,Not Visible,Not Visible,NA,NA,NA,NA,NA
MRX,2023-05-16T00:00:00Z,2023-05-16T11:49:00Z,NA,High,Not Visible,Not Visible,NA,NA,NA,NA,NA
MRX,2023-06-20T00:00:00Z,2023-06-20T11:16:00Z,NA,Medium,Low,Not Visible,NA,NA,NA,NA,NA
MRX,2023-07-18T00:00:00Z,2023-07-18T10:01:00Z,NA,High,Medium,Not Visible,NA,4,NA,NA,NA
MRX,2023-08-15T00:00:00Z,2023-08-15T10:56:00Z,NA,Medium,Medium,Not Visible,4,NA,3,NA,NA
MRX,2023-09-19T00:00:00Z,2023-09-19T10:48:00Z,NA,Not Visible,Low,Not Visible,NA,2,2,NA,NA
MRX,2023-10-19T00:00:00Z,2023-10-19T09:46:00Z,NA,Not Visible,Low,Not Visible,NA,NA,2,NA,NA
MRX,2023-11-28T00:00:00Z,2023-11-28T13:08:00Z,NA,Not Visible,Low,Not Visible,NA,NA,1,NA,NA
MRX,2023-12-19T00:00:00Z,2023-12-19T12:28:00Z,NA,Not Visible,Low,Not Visible,NA,NA,1,NA,NA
MRX,2024-01-17T00:00:00Z,2024-01-17T12:43:00Z,NA,Not Visible,Low,Not Visible,NA,NA,1,NA,NA
MRX,2024-02-21T00:00:00Z,2024-02-21T13:02:00Z,NA,Not Visible,Low,Not Visible,NA,NA,1,NA,NA
MRX,2024-03-19T00:00:00Z,2024-03-19T11:25:00Z,NA,Not Visible,Low,Not Visible,NA,NA,1,NA,NA
MRX,2024-04-24T00:00:00Z,2024-04-24T10:58:00Z,NA,Not Visible,Not Visible,Not Visible,NA,NA,NA,NA,NA
MRX,2024-05-30T00:00:00Z,2024-05-30T10:56:00Z,NA,Low,Not Visible,Not Visible,NA,NA,NA,NA,NA
MRX,2024-06-26T00:00:00Z,2024-06-26T10:37:00Z,NA,Low,Low,Not Visible,NA,NA,1,NA,NA
MRX,2024-07-16T00:00:00Z,2024-07-16T10:42:00Z,NA,Low,Medium,Not Visible,2,2,NA,NA,NA
MRX,2024-08-21T00:00:00Z,2024-08-21T10:00:00Z,NA,Low,Low,Not Visible,NA,NA,1,NA,NA
MRX,2024-09-19T00:00:00Z,2024-09-19T09:37:00Z,NA,Low,Low,Not Visible,1,NA,NA,NA,NA
MRX,2024-10-16T00:00:00Z,2024-10-16T09:32:00Z,NA,Low,Medium,Not Visible,NA,NA,NA,NA,NA
MRX,2024-11-19T00:00:00Z,2024-11-19T11:20:00Z,NA,Medium,Medium,Not Visible,NA,3,NA,NA,NA
MRX,2024-12-19T00:00:00Z,2024-12-19T11:36:00Z,NA,Not Visible,Not Visible,Not Visible,NA,NA,NA,NA,NA
MRX,2025-01-14T00:00:00Z,2025-01-14T11:55:00Z,NA,Not Visible,Not Visible,Not Visible,NA,NA,NA,NA,NA
MRX,2025-02-19T00:00:00Z,2025-02-19T11:52:00Z,NA,Not Visible,Not Visible,Not Visible,NA,NA,NA,NA,NA
MRX,2025-03-18T00:00:00Z,2025-03-18T09:35:00Z,NA,Not Visible,Not Visible,Not Visible,NA,NA,NA,NA,NA
MRX,2025-04-22T00:00:00Z,2025-04-22T10:55:00Z,NA,Low,Low,Not Visible,NA,NA,2,NA,NA
MRX,2025-05-28T00:00:00Z,2025-05-28T10:31:00Z,NA,Low,Low,Not Visible,NA,NA,NA,NA,NA
MRX,2025-06-18T00:00:00Z,2025-06-18T09:25:00Z,NA,Low,Medium,Not Visible,NA,NA,NA,NA,4
MRX,2025-07-16T00:00:00Z,2025-07-16T09:26:00Z,NA,Medium,Medium,Low,NA,NA,4,NA,NA
MRX,2025-08-12T00:00:00Z,2025-08-12T09:30:00Z,NA,Not Visible,Not Visible,Not Visible,NA,NA,NA,NA,NA
MUP,2017-10-06T00:00:00Z,2017-10-06T08:45:00Z,NA,NA,NA,NA,NA,NA,NA,NA,NA
MUP,2017-10-24T00:00:00Z,2017-10-24T14:37:00Z,NA,NA,Low,Not Visible,NA,2,2,NA,NA
MUP,2017-11-17T00:00:00Z,2017-11-17T09:28:00Z,NA,Medium,Medium,Not Visible,NA,3,3,NA,NA
MUP,2017-11-30T00:00:00Z,2017-11-30T09:04:00Z,NA,NA,Low,Not Visible,NA,2,2,NA,NA
MUP,2017-12-13T00:00:00Z,2017-12-13T09:14:00Z,NA,NA,Extreme,Not Visible,NA,5,3,NA,NA
MUP,2018-01-04T00:00:00Z,2018-01-04T09:34:00Z,NA,NA,Not Visible,Not Visible,NA,NA,NA,NA,NA
MUP,2018-01-30T00:00:00Z,2018-01-30T12:00:00Z,NA,Not Visible,Low,Not Visible,NA,1,2,NA,NA
MUP,2018-02-22T00:00:00Z,2018-02-22T09:28:00Z,NA,NA,Low,Not Visible,NA,NA,2,NA,NA
MUP,2018-03-15T00:00:00Z,2018-03-15T08:49:00Z,NA,NA,Not Visible,Not Visible,NA,NA,NA,NA,NA
MUP,2018-04-04T00:00:00Z,2018-04-04T09:57:00Z,NA,NA,NA,Not Visible,NA,1,2,NA,NA
MUP,2018-04-17T00:00:00Z,2018-04-17T09:43:00Z,NA,Low,NA,Not Visible,NA,NA,NA,NA,NA
MUP,2018-05-08T00:00:00Z,2018-05-08T09:13:00Z,NA,NA,Not Visible,Not Visible,NA,NA,NA,NA,NA
MUP,2018-06-01T00:00:00Z,2018-06-01T09:43:00Z,NA,NA,Low,Not Visible,NA,NA,1,NA,NA
MUP,2018-06-28T00:00:00Z,2018-06-28T08:58:00Z,NA,NA,Low,Medium,NA,NA,1,NA,1
MUP,2018-07-18T00:00:00Z,2018-07-18T07:14:00Z,NA,Not Visible,Low,Medium,NA,NA,NA,NA,2
MUP,2018-08-14T00:00:00Z,2018-08-14T08:50:00Z,NA,Low,Low,Medium,NA,NA,1,NA,NA
OAAD,2022-07-27T00:00:00Z,2022-07-27T11:22:00Z,NA,Not Visible,Medium,Not Visible,NA,NA,NA,NA,NA
OAAD,2022-08-24T00:00:00Z,2022-08-24T09:01:00Z,NA,Not Visible,Low,NA,NA,NA,NA,NA,NA
OAAD,2022-09-28T00:00:00Z,2022-09-28T10:22:00Z,NA,Medium,Medium,NA,NA,NA,NA,NA,NA
OAAD,2022-10-26T00:00:00Z,2022-10-26T10:18:00Z,NA,Not Visible,Not Visible,NA,NA,NA,NA,NA,NA
OAAD,2022-12-15T00:00:00Z,2022-12-15T14:11:00Z,NA,Not Visible,Low,Not Visible,NA,NA,NA,NA,NA
OAAD,2023-02-01T00:00:00Z,2023-02-01T14:15:00Z,NA,Not Visible,Not Visible,Not Visible,NA,NA,NA,NA,NA
OAAD,2023-05-17T00:00:00Z,2023-05-17T11:53:00Z,NA,Not Visible,Not Visible,Not Visible,NA,NA,NA,NA,NA
OAAD,2023-07-20T00:00:00Z,2023-07-20T11:31:00Z,NA,Low,Not Visible,Not Visible,NA,NA,NA,NA,NA
OAAD,2023-11-29T00:00:00Z,2023-11-29T12:14:00Z,NA,Not Visible,Low,NA,NA,NA,NA,NA,NA
OAAD,2024-01-17T00:00:00Z,2024-01-17T10:55:00Z,NA,Not Visible,Low,Not Visible,NA,NA,NA,NA,NA
OAAD,2024-02-28T00:00:00Z,2024-02-28T10:50:00Z,NA,Low,Low,Not Visible,NA,NA,NA,NA,NA
OAAD,2024-03-27T00:00:00Z,2024-03-27T09:50:00Z,NA,Not Visible,Not Visible,Not Visible,NA,NA,NA,NA,NA
OAAD,2024-05-30T00:00:00Z,2024-05-30T09:50:00Z,NA,Low,Not Visible,Not Visible,NA,NA,NA,NA,NA
OAAD,2024-08-29T00:00:00Z,2024-08-29T09:05:00Z,NA,Low,Low,Not Visible,NA,NA,NA,NA,NA
OAAD,2024-09-24T00:00:00Z,2024-09-24T08:51:00Z,NA,Low,Low,Not Visible,NA,NA,NA,NA,NA
OAAD,2024-11-19T00:00:00Z,2024-11-19T11:50:00Z,NA,Low,Low,Not Visible,NA,NA,NA,NA,NA
OAAD,2025-01-22T00:00:00Z,2025-01-22T13:44:00Z,NA,Not Visible,Not Visible,Not Visible,NA,NA,NA,NA,NA
OAAD,2025-03-26T00:00:00Z,2025-03-26T09:37:00Z,NA,Not Visible,Not Visible,Not Visible,NA,NA,NA,NA,NA
OAAD,2025-05-01T00:00:00Z,2025-05-01T10:34:00Z,NA,Not Visible,Not Visible,Not Visible,NA,NA,NA,NA,NA
OAAU,2022-07-27T00:00:00Z,2022-07-27T11:35:00Z,NA,Medium,Medium,Not Visible,NA,NA,NA,NA,NA
OAAU,2022-08-24T00:00:00Z,2022-08-24T08:53:00Z,NA,High,Medium,NA,NA,NA,NA,NA,NA
OAAU,2022-09-28T00:00:00Z,2022-09-28T10:34:00Z,NA,Medium,Medium,NA,NA,NA,NA,NA,NA
OAAU,2022-10-26T00:00:00Z,2022-10-26T10:30:00Z,NA,High,Medium,Not Visible,NA,NA,NA,NA,NA
OAAU,2022-12-15T00:00:00Z,2022-12-15T14:21:00Z,NA,Medium,Medium,NA,NA,NA,NA,NA,NA
OAAU,2023-02-01T00:00:00Z,2023-02-01T14:27:00Z,NA,Medium,Not Visible,NA,NA,NA,NA,NA,NA
OAAU,2023-05-17T00:00:00Z,2023-05-17T12:03:00Z,NA,Not Visible,Not Visible,Not Visible,NA,NA,NA,NA,NA
OAAU,2023-07-20T00:00:00Z,2023-07-20T11:16:00Z,NA,Medium,Medium,Not Visible,NA,NA,NA,NA,NA
OAAU,2023-09-27T00:00:00Z,2023-09-27T11:42:00Z,NA,Medium,Medium,Not Visible,NA,NA,NA,NA,NA
OAAU,2024-01-17T00:00:00Z,2024-01-17T10:34:00Z,NA,Low,Low,Not Visible,NA,NA,NA,NA,NA
OAAU,2024-02-28T00:00:00Z,2024-02-28T10:35:00Z,NA,Low,Low,Not Visible,NA,NA,NA,NA,NA
OAAU,2024-03-27T00:00:00Z,2024-03-27T09:35:00Z,NA,Not Visible,Not Visible,Not Visible,NA,NA,NA,NA,NA
OAAU,2024-05-30T00:00:00Z,2024-05-30T09:40:00Z,NA,Medium,Low,Not Visible,NA,NA,NA,NA,NA
OAAU,2024-08-29T00:00:00Z,2024-08-29T08:53:00Z,NA,High,Medium,Not Visible,NA,NA,NA,NA,NA
OAAU,2024-09-24T00:00:00Z,2024-09-24T08:40:00Z,NA,High,High,Not Visible,NA,NA,NA,NA,NA
OAAU,2024-11-19T00:00:00Z,2024-11-19T12:05:00Z,NA,Medium,Low,Not Visible,NA,NA,NA,NA,NA
OAAU,2025-03-26T00:00:00Z,2025-03-26T09:26:00Z,NA,Medium,Low,Not Visible,NA,NA,NA,NA,NA
OAAU,2025-05-01T00:00:00Z,2025-05-01T10:05:00Z,NA,Not Visible,Not Visible,Not Visible,NA,NA,NA,NA,NA
OAAU,2025-06-17T00:00:00Z,2025-06-17T10:52:00Z,NA,Medium,Medium,Not Visible,NA,NA,NA,NA,NA
OAAU,2025-07-31T00:00:00Z,2025-07-31T10:42:00Z,NA,High,High,Not Visible,NA,NA,NA,NA,NA
OAAU,2025-09-04T00:00:00Z,2025-09-04T10:37:00Z,NA,Extreme,Extreme,Not Visible,NA,NA,NA,NA,NA
OAD,2017-10-17T00:00:00Z,2017-10-17T11:15:00Z,Large amount of egeria surrounding the station,Extreme,Low,Not Visible,NA,NA,2,NA,NA
OAD,2017-11-28T00:00:00Z,2017-11-28T11:27:00Z,NA,NA,Low,Not Visible,NA,NA,2,NA,NA
OAD,2017-09-06T00:00:00Z,2017-09-06T10:00:00Z,NA,NA,NA,NA,NA,NA,NA,NA,NA
OAD,2017-09-21T00:00:00Z,2017-09-22T11:48:00Z,NA,NA,NA,NA,NA,NA,NA,NA,NA
OAD,2017-10-04T00:00:00Z,2017-10-04T10:30:00Z,NA,NA,NA,NA,NA,NA,NA,NA,NA
OBI,2017-10-31T00:00:00Z,2017-10-31T09:02:00Z,NA,NA,NA,Not Visible,NA,NA,NA,NA,NA
OBI,2017-11-16T00:00:00Z,2017-11-16T09:48:00Z,NA,NA,NA,Low,NA,NA,NA,NA,NA
OBI,2017-11-21T00:00:00Z,2017-11-21T11:58:00Z,NA,NA,NA,Not Visible,NA,NA,NA,NA,NA
OBI,2017-11-16T00:00:00Z,2017-11-16T09:48:00Z,NA,NA,NA,Low,NA,NA,NA,NA,NA
OBI,2017-12-21T00:00:00Z,2017-12-21T10:17:00Z,NA,NA,NA,Not Visible,NA,NA,NA,NA,NA
OBI,2018-01-05T00:00:00Z,2018-01-05T10:18:00Z,NA,Not Visible,Not Visible,Not Visible,NA,NA,NA,NA,NA
OBI,2018-01-30T00:00:00Z,2018-01-30T12:01:00Z,NA,NA,NA,Not Visible,NA,NA,NA,NA,NA
OBI,2017-10-03T00:00:00Z,2017-10-03T09:45:00Z,NA,NA,NA,NA,NA,NA,NA,NA,NA
OBI,2018-02-28T00:00:00Z,2018-02-28T10:41:00Z,NA,NA,Not Visible,Not Visible,NA,NA,NA,NA,NA
OBI,2018-03-29T00:00:00Z,2018-03-29T09:44:00Z,NA,NA,NA,Not Visible,NA,NA,NA,NA,NA
OBI,2018-04-20T00:00:00Z,2018-04-20T09:15:00Z,NA,NA,NA,Not Visible,NA,NA,NA,NA,NA
OBI,2018-05-23T00:00:00Z,2018-05-23T09:48:00Z,NA,NA,NA,Not Visible,NA,NA,NA,NA,NA
OBI,2018-06-19T00:00:00Z,2018-06-19T10:05:00Z,NA,NA,NA,Low,NA,NA,NA,NA,NA
OBI,2018-07-17T00:00:00Z,2018-07-17T10:00:00Z,NA,NA,NA,High,NA,NA,NA,NA,NA
OBI,2018-08-17T00:00:00Z,2018-08-17T08:35:00Z,NA,NA,NA,Low,NA,NA,NA,NA,NA
OBI,2018-09-18T00:00:00Z,2018-09-18T10:15:00Z,NA,NA,NA,Medium,NA,NA,NA,NA,NA
OBI,2018-10-11T00:00:00Z,2018-10-11T09:15:00Z,NA,Not Visible,Not Visible,Medium,NA,NA,NA,NA,NA
OBI,2018-11-08T00:00:00Z,2018-11-08T11:13:00Z,NA,Not Visible,Not Visible,Low,NA,NA,NA,NA,NA
OBI,2018-12-06T00:00:00Z,2018-12-06T10:15:00Z,NA,Not Visible,Low,Not Visible,NA,NA,NA,NA,NA
OBI,2019-02-20T00:00:00Z,2019-02-20T10:28:00Z,NA,Not Visible,Low,Not Visible,NA,NA,2,NA,2
OBI,2019-03-26T00:00:00Z,2019-03-26T09:44:00Z,NA,Not Visible,Not Visible,Not Visible,NA,NA,NA,NA,NA
OBI,2019-04-25T00:00:00Z,2019-04-25T09:42:00Z,NA,Not Visible,Not Visible,Not Visible,NA,NA,NA,NA,NA
OBI,2019-05-22T00:00:00Z,2019-05-22T10:13:00Z,NA,Not Visible,Not Visible,Not Visible,NA,NA,NA,NA,NA
OBI,2019-06-26T00:00:00Z,2019-06-26T09:41:00Z,NA,Not Visible,Low,Not Visible,NA,NA,2,NA,NA
OBI,2019-08-01T00:00:00Z,2019-08-01T11:28:00Z,NA,Low,Not Visible,Medium,NA,NA,NA,NA,NA
OBI,2019-09-10T00:00:00Z,2019-09-10T09:58:00Z,NA,Not Visible,Not Visible,Low,NA,NA,NA,NA,NA
OBI,2019-01-10T00:00:00Z,NA,NA,NA,NA,NA,NA,NA,NA,NA,NA
OBI,2019-10-18T00:00:00Z,2019-10-18T09:47:00Z,NA,Not Visible,Not Visible,Low,NA,NA,NA,NA,NA
OBI,2019-12-03T00:00:00Z,2019-12-03T10:59:00Z,NA,Not Visible,Not Visible,Not Visible,NA,NA,NA,NA,NA
OBI,2020-01-08T00:00:00Z,2020-01-08T10:59:00Z,NA,Not Visible,Not Visible,Not Visible,NA,NA,NA,NA,NA
OBI,2020-02-11T00:00:00Z,2020-02-11T10:35:00Z,NA,Not Visible,Not Visible,Not Visible,NA,NA,NA,NA,NA
OBI,2020-03-12T00:00:00Z,2020-03-12T10:00:00Z,NA,Not Visible,Not Visible,Not Visible,NA,NA,NA,NA,NA
OBI,2020-04-13T00:00:00Z,2020-04-13T09:29:00Z,NA,Not Visible,Not Visible,Not Visible,NA,NA,NA,NA,NA
OBI,2020-05-14T00:00:00Z,2020-05-14T10:17:00Z,NA,Not Visible,Not Visible,Medium,NA,NA,NA,NA,NA
OBI,2020-06-18T00:00:00Z,2020-06-18T10:03:00Z,NA,Not Visible,Low,Medium,NA,NA,NA,NA,NA
OBI,2020-07-16T00:00:00Z,2020-07-16T09:48:00Z,NA,Not Visible,Low,Medium,NA,NA,NA,NA,NA
OBI,2020-08-13T00:00:00Z,2020-08-13T09:44:00Z,NA,Not Visible,Not Visible,Medium,NA,NA,NA,NA,NA
OBI,2020-09-10T00:00:00Z,2020-09-10T09:30:00Z,NA,Low,Not Visible,Low,NA,NA,NA,NA,NA
OBI,2020-10-22T00:00:00Z,2020-10-22T08:46:00Z,NA,Not Visible,Not Visible,Not Visible,NA,NA,NA,NA,NA
OBI,2020-11-03T00:00:00Z,2020-11-03T12:50:00Z,NA,Not Visible,Low,Low,NA,NA,NA,NA,NA
OBI,2020-12-10T00:00:00Z,2020-12-10T11:02:00Z,NA,Not Visible,Low,Not Visible,NA,NA,NA,NA,NA
OBI,2021-01-12T00:00:00Z,2021-01-12T13:12:00Z,NA,Not Visible,Low,Not Visible,NA,NA,2,NA,NA
OBI,2021-02-25T00:00:00Z,2021-02-25T10:56:00Z,NA,Not Visible,Not Visible,Not Visible,NA,NA,NA,NA,NA
OBI,2021-03-17T00:00:00Z,2021-03-17T12:44:00Z,NA,Not Visible,Low,Not Visible,NA,NA,NA,NA,NA
OBI,2021-04-28T00:00:00Z,2021-04-28T11:44:00Z,NA,Low,Not Visible,Not Visible,NA,NA,NA,NA,NA
OBI,2021-05-26T00:00:00Z,2021-05-26T11:33:00Z,NA,Low,Not Visible,Low,NA,NA,NA,NA,NA
OBI,2021-07-06T00:00:00Z,2021-07-06T12:28:00Z,NA,Low,Low,Medium,NA,NA,NA,NA,NA
OBI,2021-08-04T00:00:00Z,2021-08-04T12:30:00Z,NA,Not Visible,Low,Medium,NA,NA,NA,NA,NA
OBI,2021-09-01T00:00:00Z,2021-09-01T13:17:00Z,NA,Not Visible,Low,Medium,NA,NA,NA,NA,NA
OBI,2021-10-07T00:00:00Z,2021-10-07T11:42:00Z,NA,Not Visible,Low,Low,NA,NA,NA,NA,NA
OBI,2021-11-03T00:00:00Z,2021-11-03T11:41:00Z,NA,Not Visible,Low,Low,NA,NA,NA,NA,NA
OBI,2021-12-08T00:00:00Z,2021-12-08T12:32:00Z,NA,Not Visible,Low,Low,NA,NA,NA,NA,NA
OBI,2022-01-19T00:00:00Z,2022-01-19T13:17:00Z,NA,Not Visible,Medium,Not Visible,NA,NA,NA,NA,NA
OBI,2022-02-15T00:00:00Z,2022-02-15T13:07:00Z,NA,Not Visible,Low,Not Visible,NA,NA,NA,NA,NA
OBI,2022-03-09T00:00:00Z,2022-03-09T12:32:00Z,NA,Not Visible,Low,Not Visible,NA,NA,NA,NA,NA
OBI,2022-04-19T00:00:00Z,2022-04-19T12:42:00Z,NA,Not Visible,Low,Not Visible,NA,NA,NA,NA,NA
OBI,2022-05-12T00:00:00Z,2022-05-12T11:14:00Z,NA,Low,Not Visible,Not Visible,NA,NA,NA,NA,NA
OBI,2022-06-07T00:00:00Z,2022-06-07T09:54:00Z,NA,Low,Not Visible,Low,NA,NA,NA,NA,NA
OBI,2022-07-13T00:00:00Z,2022-07-13T11:45:00Z,NA,Low,Low,Medium,NA,NA,NA,NA,NA
OBI,2022-08-23T00:00:00Z,2022-08-23T11:17:00Z,NA,Not Visible,Extreme,Low,NA,NA,NA,NA,NA
OBI,2022-10-13T00:00:00Z,2022-10-13T12:11:00Z,NA,Not Visible,Low,Medium,NA,NA,NA,NA,NA
OBI,2022-11-09T00:00:00Z,2022-11-09T12:20:00Z,NA,Not Visible,Low,Low,NA,NA,NA,NA,NA
OBI,2022-12-08T00:00:00Z,2022-12-08T13:32:00Z,NA,Not Visible,Low,Not Visible,NA,NA,NA,NA,NA
OBI,2023-01-24T00:00:00Z,2023-01-24T12:25:00Z,NA,Not Visible,Low,Not Visible,NA,NA,NA,NA,NA
OBI,2023-03-02T00:00:00Z,2023-03-02T14:01:00Z,NA,Not Visible,Low,Not Visible,NA,NA,NA,NA,NA
OBI,2023-04-11T00:00:00Z,2023-04-11T12:47:00Z,NA,Not Visible,Low,Not Visible,NA,NA,NA,NA,NA
OBI,2023-05-31T00:00:00Z,2023-05-31T09:39:00Z,NA,Low,Low,Not Visible,NA,NA,NA,NA,NA
OBI,2023-07-25T00:00:00Z,2023-07-25T10:20:00Z,NA,Not Visible,Low,Not Visible,NA,NA,NA,NA,NA
OBI,2023-09-05T00:00:00Z,2023-09-05T11:24:00Z,NA,Not Visible,Low,Medium,NA,NA,NA,NA,NA
OBI,2023-11-28T00:00:00Z,2023-11-28T11:16:00Z,NA,Not Visible,Low,Low,NA,NA,NA,NA,NA
OBI,2024-01-04T00:00:00Z,2024-01-04T10:37:00Z,NA,Not Visible,Not Visible,Not Visible,NA,NA,NA,NA,NA
OBI,2024-02-13T00:00:00Z,2024-02-13T10:35:00Z,NA,Not Visible,Not Visible,Not Visible,NA,NA,NA,NA,NA
OBI,2024-03-14T00:00:00Z,2024-03-14T11:03:00Z,NA,Not Visible,Not Visible,Not Visible,NA,NA,NA,NA,NA
OBI,2024-04-23T00:00:00Z,2024-04-23T09:44:00Z,NA,Not Visible,Low,Not Visible,NA,NA,NA,NA,NA
OBI,2024-05-28T00:00:00Z,2024-05-28T09:31:00Z,NA,Not Visible,Low,Not Visible,NA,NA,NA,NA,NA
OBI,2024-06-25T00:00:00Z,2024-06-25T08:59:00Z,NA,Not Visible,Low,Not Visible,NA,NA,NA,NA,NA
OBI,2024-07-30T00:00:00Z,2024-07-30T10:19:00Z,NA,Low,Not Visible,Medium,NA,NA,NA,NA,NA
OBI,2024-09-10T00:00:00Z,2024-09-10T09:02:00Z,NA,Low,Not Visible,Low,NA,NA,NA,NA,NA
OBI,2024-10-22T00:00:00Z,2024-10-22T11:46:00Z,NA,Low,Not Visible,Low,NA,NA,NA,NA,NA
OBI,2024-12-03T00:00:00Z,2024-12-03T10:27:00Z,NA,Low,Not Visible,Not Visible,NA,NA,NA,NA,NA
OBI,2025-01-08T00:00:00Z,2025-01-08T12:30:00Z,NA,Not Visible,Not Visible,Not Visible,NA,NA,NA,NA,NA
OBI,2025-02-20T00:00:00Z,2025-02-20T12:55:00Z,NA,Medium,Not Visible,Not Visible,NA,NA,NA,NA,NA
OBI,2025-03-11T00:00:00Z,2025-03-11T10:04:00Z,NA,Medium,Not Visible,Not Visible,NA,NA,NA,NA,NA
OBI,2025-04-15T00:00:00Z,2025-04-15T10:25:00Z,NA,Medium,Not Visible,Not Visible,NA,NA,NA,NA,NA
OBI,2025-05-13T00:00:00Z,2025-05-13T09:13:00Z,NA,Low,Not Visible,Not Visible,NA,NA,NA,NA,NA
OBI,2025-06-19T00:00:00Z,2025-06-19T09:04:00Z,NA,Medium,Not Visible,Low,NA,NA,NA,NA,NA
OBI,2025-07-16T00:00:00Z,2025-07-16T10:43:00Z,NA,Low,Not Visible,Medium,NA,NA,NA,NA,NA
OBI,2025-08-13T00:00:00Z,2025-08-13T09:15:00Z,NA,Low,Not Visible,Low,NA,NA,NA,NA,NA
OBI,2025-09-16T00:00:00Z,2025-09-16T09:17:00Z,"Tule(3), Egeria(3)",Medium,Not Visible,Low,NA,NA,NA,NA,NA
OBI,2025-10-09T00:00:00Z,2025-10-09T09:41:00Z,NA,Low,Low,Low,NA,NA,NA,NA,NA
OBI,2025-11-06T00:00:00Z,2025-11-06T11:51:00Z,NA,Medium,Low,Low,NA,NA,NA,NA,NA
OBRD,2021-12-16T00:00:00Z,2021-12-16T14:50:00Z,NA,Not Visible,Not Visible,Not Visible,NA,NA,NA,NA,NA
OBRD,2022-02-23T00:00:00Z,2022-02-23T11:18:00Z,NA,Not Visible,Medium,NA,NA,NA,NA,NA,NA
OBRD,2022-05-04T00:00:00Z,2022-05-04T09:12:00Z,NA,Not Visible,Low,Not Visible,NA,NA,NA,NA,NA
OBRD,2022-06-01T00:00:00Z,2022-06-01T11:43:00Z,NA,Not Visible,Not Visible,NA,NA,NA,NA,NA,NA
OBRD,2022-07-27T00:00:00Z,2022-07-27T11:00:00Z,NA,Not Visible,High,Not Visible,NA,NA,NA,NA,NA
OBRD,2022-08-24T00:00:00Z,2022-08-24T09:20:00Z,NA,Medium,High,Not Visible,NA,NA,NA,NA,NA
OBRD,2023-02-01T00:00:00Z,2023-02-01T13:56:00Z,NA,Not Visible,Medium,Not Visible,NA,NA,NA,NA,NA
OBRD,2023-05-17T00:00:00Z,2023-05-17T10:49:00Z,NA,Not Visible,Not Visible,Not Visible,NA,NA,NA,NA,NA
OBRD,2023-09-27T00:00:00Z,2023-09-27T10:30:00Z,NA,Low,Low,Not Visible,NA,NA,NA,NA,NA
OBRD,2023-11-29T00:00:00Z,2023-11-29T11:11:00Z,NA,Not Visible,Not Visible,Not Visible,NA,NA,NA,NA,NA
OBRD,2024-01-17T00:00:00Z,2024-01-17T11:05:00Z,NA,Not Visible,Low,NA,NA,NA,NA,NA,NA
ODM,2017-10-18T00:00:00Z,2017-10-18T09:58:00Z,NA,NA,Low,Not Visible,NA,NA,2,NA,NA
ODM,2017-11-07T00:00:00Z,2017-11-07T12:43:00Z,NA,NA,Low,Not Visible,NA,NA,2,NA,NA
ODM,2017-11-29T00:00:00Z,2017-11-29T10:15:00Z,NA,Medium,Low,Not Visible,2,2,2,NA,NA
ODM,2017-12-20T00:00:00Z,2017-12-20T10:00:00Z,NA,Low,Low,Not Visible,NA,NA,2,NA,NA
ODM,2018-01-25T00:00:00Z,2018-01-25T10:15:00Z,NA,Not Visible,Low,Not Visible,NA,NA,2,NA,NA
ODM,2017-09-27T00:00:00Z,2017-09-27T09:42:00Z,NA,NA,NA,NA,NA,NA,NA,NA,NA
ODM,2018-02-15T00:00:00Z,2018-02-15T10:01:00Z,NA,NA,Low,Not Visible,NA,NA,NA,Dead tule(100),NA
ODM,2018-03-07T00:00:00Z,2018-03-07T10:36:00Z,NA,NA,Low,Not Visible,1,NA,2,NA,NA
ODM,2018-03-27T00:00:00Z,2018-03-27T10:27:00Z,Egorin,NA,NA,Not Visible,NA,NA,NA,NA,NA
ODM,2018-04-18T00:00:00Z,2018-04-18T09:50:00Z,NA,NA,Not Visible,Not Visible,NA,NA,NA,NA,NA
ODM,2018-05-24T00:00:00Z,2018-05-24T12:34:00Z,NA,NA,Not Visible,Not Visible,NA,NA,NA,NA,NA
ODM,2018-06-13T00:00:00Z,2018-06-13T12:02:00Z,NA,NA,Low,Medium,NA,NA,2,NA,NA
ODM,2018-07-10T00:00:00Z,2018-07-10T10:59:00Z,Submerged vegetation was egeria,Medium,Not Visible,Low,NA,NA,NA,NA,NA
ODM,2018-07-31T00:00:00Z,2018-07-31T10:45:00Z,NA,Low,Low,Low,NA,NA,NA,Unknown(2),NA
ODM,2018-08-03T00:00:00Z,2018-08-03T08:19:00Z,NA,Low,Not Visible,Not Visible,NA,NA,NA,NA,NA
ODM,2018-08-21T00:00:00Z,2018-08-21T08:29:00Z,NA,Medium,Not Visible,Low,NA,NA,NA,NA,NA
ODM,2018-09-18T00:00:00Z,2018-09-18T10:46:00Z,NA,Medium,Not Visible,Low,NA,NA,NA,NA,NA
ODM,2018-10-18T00:00:00Z,2018-10-18T10:15:00Z,Cladophora (2),Low,Medium,Low,NA,NA,3,NA,3
ODM,2018-11-14T00:00:00Z,2018-11-14T10:44:00Z,NA,Low,Medium,Not Visible,NA,2,3,NA,NA
ODM,2019-01-02T00:00:00Z,2019-01-02T12:15:00Z,NA,Not Visible,Low,Not Visible,NA,NA,2,NA,NA
ODM,2019-02-05T00:00:00Z,2019-02-05T10:17:00Z,NA,Not Visible,Low,Not Visible,NA,NA,2,NA,NA
ODM,2019-03-13T00:00:00Z,2019-03-13T09:59:00Z,Primrose Present,Low,Low,Not Visible,NA,NA,2,NA,NA
ODM,2019-04-24T00:00:00Z,2019-04-24T09:42:00Z,NA,Not Visible,Low,Not Visible,NA,NA,2,NA,NA
ODM,2019-06-04T00:00:00Z,2019-06-04T09:33:00Z,NA,Not Visible,Low,Not Visible,NA,2,2,NA,NA
ODM,2019-07-01T00:00:00Z,2019-07-01T09:49:00Z,NA,Not Visible,Not Visible,Not Visible,1,1,1,NA,1
ODM,2019-07-31T00:00:00Z,2019-07-31T09:46:00Z,egeria(3),Medium,Medium,Low,NA,NA,3,NA,NA
ODM,2019-08-27T00:00:00Z,2019-08-27T09:19:00Z,egeria present,Low,Low,Low,NA,NA,2,NA,NA
ODM,2019-10-14T00:00:00Z,2019-10-14T09:49:00Z,NA,Low,High,Not Visible,NA,3,4,NA,NA
ODM,2019-11-13T00:00:00Z,2019-11-13T10:12:00Z,NA,Not Visible,Low,Low,NA,2,2,NA,NA
ODM,2020-01-07T00:00:00Z,2020-01-07T10:50:00Z,NA,Not Visible,Low,Not Visible,NA,NA,NA,NA,NA
ODM,2020-02-07T00:00:00Z,2020-02-07T10:03:00Z,NA,Not Visible,Low,Not Visible,NA,NA,2,NA,NA
ODM,2020-02-26T00:00:00Z,2020-02-26T11:18:00Z,NA,Not Visible,Not Visible,Not Visible,NA,NA,NA,NA,NA
ODM,2020-03-11T00:00:00Z,2020-03-11T09:27:00Z,NA,Low,Not Visible,Not Visible,NA,NA,NA,NA,NA
ODM,2020-04-06T00:00:00Z,2020-04-06T09:53:00Z,NA,Low,Not Visible,Not Visible,NA,NA,NA,NA,NA
ODM,2020-05-05T00:00:00Z,2020-05-05T09:44:00Z,NA,Medium,Not Visible,Not Visible,NA,NA,NA,NA,NA
ODM,2020-06-03T00:00:00Z,2020-06-03T09:06:00Z,NA,Medium,Low,Low,NA,NA,2,NA,NA
ODM,2020-07-01T00:00:00Z,2020-07-01T09:34:00Z,NA,Medium,Not Visible,High,NA,NA,NA,NA,NA
ODM,2020-08-11T00:00:00Z,2020-08-11T11:00:00Z,NA,Medium,Low,Medium,NA,NA,NA,NA,NA
ODM,2020-10-21T00:00:00Z,2020-10-21T09:00:00Z,NA,Not Visible,Low,Not Visible,NA,NA,NA,NA,NA
ODM,2020-11-20T00:00:00Z,2020-11-20T12:34:00Z,NA,Not Visible,High,Not Visible,NA,NA,4,NA,NA
ODM,2020-09-17T00:00:00Z,2020-09-17T09:12:00Z,NA,Medium,Medium,Extreme,NA,NA,NA,NA,NA
ODM,2021-01-06T00:00:00Z,2021-01-06T11:56:00Z,NA,Not Visible,Medium,Not Visible,NA,NA,NA,NA,NA
ODM,2021-02-03T00:00:00Z,2021-02-03T11:58:00Z,NA,Not Visible,Medium,Not Visible,NA,3,3,NA,NA
ODM,2021-03-03T00:00:00Z,2021-03-03T10:44:00Z,NA,Low,Low,Not Visible,NA,NA,2,NA,NA
ODM,2021-04-06T00:00:00Z,2021-04-06T09:00:00Z,NA,Not Visible,Not Visible,Not Visible,NA,NA,NA,NA,NA
ODM,2021-05-13T00:00:00Z,2021-05-13T09:20:00Z,NA,Medium,Low,Not Visible,NA,NA,NA,NA,NA
ODM,2021-06-08T00:00:00Z,2021-06-08T08:35:00Z,NA,Low,Not Visible,Medium,NA,NA,NA,NA,NA
ODM,2021-06-29T00:00:00Z,2021-06-29T08:59:00Z,NA,Not Visible,Low,Medium,NA,NA,2,NA,NA
ODM,2021-08-03T00:00:00Z,2021-08-03T08:30:00Z,Spray crew working in Old River upstream of temporary barrier.,Not Visible,Medium,Low,NA,NA,NA,NA,NA
ODM,2021-09-08T00:00:00Z,2021-09-08T11:30:00Z,NA,Not Visible,High,Low,NA,NA,4,NA,NA
ODM,2021-10-05T00:00:00Z,2021-10-05T08:35:00Z,surface veg easy to remove and floated off downstream,Not Visible,Low,Low,NA,NA,2,NA,NA
ODM,2022-02-02T00:00:00Z,2022-02-02T10:45:00Z,NA,Not Visible,Not Visible,Not Visible,NA,NA,NA,NA,NA
ODM,2021-11-02T00:00:00Z,2021-11-02T10:27:00Z,NA,Not Visible,Not Visible,Not Visible,NA,NA,NA,NA,NA
ODM,2022-03-08T00:00:00Z,2022-03-08T12:50:00Z,NA,Not Visible,Low,Not Visible,NA,NA,NA,NA,NA
ODM,2022-04-05T00:00:00Z,2022-04-05T10:05:00Z,NA,Not Visible,Not Visible,Not Visible,NA,NA,NA,NA,NA
ODM,2022-05-04T00:00:00Z,2022-05-04T10:17:00Z,NA,Not Visible,Not Visible,Not Visible,NA,NA,NA,NA,NA
ODM,2022-06-02T00:00:00Z,2022-06-02T09:12:00Z,NA,Low,Not Visible,Low,NA,NA,NA,NA,NA
ODM,2022-07-05T00:00:00Z,2022-07-05T11:46:00Z,NA,Low,Not Visible,Low,NA,NA,NA,NA,NA
ODM,2022-08-03T00:00:00Z,2022-08-03T09:33:00Z,NA,Low,Not Visible,Low,NA,NA,NA,NA,NA
ODM,2022-09-13T00:00:00Z,2022-09-13T11:43:00Z,NA,Medium,Not Visible,Low,NA,NA,NA,NA,NA
ODM,2022-10-05T00:00:00Z,2022-10-05T09:46:00Z,NA,Low,Low,Low,NA,NA,NA,NA,NA
ODM,2022-11-02T00:00:00Z,2022-11-02T10:20:00Z,NA,Medium,Low,Low,NA,NA,2,NA,NA
ODM,2022-12-13T00:00:00Z,2022-12-13T12:13:00Z,NA,High,Medium,Not Visible,NA,NA,3,NA,NA
ODM,2023-01-11T00:00:00Z,2023-01-11T10:21:00Z,NA,Not Visible,Not Visible,NA,NA,NA,NA,NA,NA
ODM,2023-03-07T00:00:00Z,2023-03-07T11:02:00Z,Egeria(2),Low,Low,Not Visible,NA,NA,2,NA,NA
ODM,2023-04-18T00:00:00Z,2023-04-18T12:05:00Z,NA,Not Visible,Not Visible,Not Visible,NA,NA,NA,NA,NA
ODM,2023-05-16T00:00:00Z,2023-05-16T11:29:00Z,NA,Not Visible,Not Visible,Not Visible,NA,NA,NA,NA,NA
ODM,2023-06-06T00:00:00Z,2023-06-06T09:02:00Z,NA,Not Visible,Not Visible,Not Visible,NA,NA,NA,NA,NA
ODM,2023-07-11T00:00:00Z,2023-07-11T11:01:00Z,NA,Low,Not Visible,Not Visible,NA,NA,NA,NA,NA
ODM,2023-08-01T00:00:00Z,2023-08-01T09:00:00Z,NA,Not Visible,Low,Not Visible,2,NA,NA,NA,2
ODM,2023-09-07T00:00:00Z,2023-09-07T10:13:00Z,NA,Low,Not Visible,Low,NA,NA,NA,NA,NA
ODM,2023-10-09T00:00:00Z,2023-10-09T11:05:00Z,NA,Not Visible,Not Visible,Not Visible,NA,NA,NA,NA,NA
ODM,2023-12-05T00:00:00Z,2023-12-05T11:13:00Z,NA,Not Visible,Not Visible,Not Visible,NA,NA,NA,NA,NA
ODM,2024-01-09T00:00:00Z,2024-01-09T11:02:00Z,NA,Low,Not Visible,Not Visible,NA,NA,NA,NA,NA
ODM,2024-02-08T00:00:00Z,2024-02-08T11:45:00Z,NA,Low,Not Visible,Not Visible,NA,NA,NA,NA,NA
ODM,2024-03-05T00:00:00Z,2024-03-05T11:17:00Z,NA,Not Visible,Low,Not Visible,NA,NA,2,NA,2
ODM,2024-04-09T00:00:00Z,2024-04-09T10:02:00Z,NA,Not Visible,Not Visible,Not Visible,NA,NA,NA,NA,NA
ODM,2024-05-07T00:00:00Z,2024-05-07T10:17:00Z,NA,Low,Not Visible,Not Visible,NA,NA,NA,NA,NA
ODM,2024-06-12T00:00:00Z,2024-06-12T09:28:00Z,NA,Medium,Not Visible,Low,NA,NA,NA,NA,NA
ODM,2024-07-09T00:00:00Z,2024-07-09T08:19:00Z,NA,Low,Not Visible,Medium,NA,NA,NA,NA,NA
ODM,2024-08-14T00:00:00Z,2024-08-14T10:42:00Z,NA,Low,Not Visible,Medium,NA,NA,NA,NA,NA
ODM,2024-09-11T00:00:00Z,2024-09-11T09:53:00Z,NA,Medium,Not Visible,Low,NA,NA,NA,NA,NA
ODM,2024-10-09T00:00:00Z,2024-10-09T10:03:00Z,NA,Medium,Not Visible,Not Visible,NA,NA,NA,NA,NA
ODM,2024-11-05T00:00:00Z,2024-11-05T11:13:00Z,NA,Not Visible,Low,Low,2,NA,2,NA,NA
ODM,2024-12-10T00:00:00Z,2024-12-10T11:16:00Z,NA,Medium,Low,Not Visible,NA,NA,NA,NA,NA
ODM,2025-01-07T00:00:00Z,2025-01-07T11:58:00Z,NA,Not Visible,Low,Not Visible,NA,NA,2,NA,NA
ODM,2025-02-12T00:00:00Z,2025-02-12T12:06:00Z,NA,Not Visible,Low,Not Visible,NA,NA,2,NA,NA
ODM,2025-03-20T00:00:00Z,2025-03-20T10:38:00Z,NA,Not Visible,Not Visible,Not Visible,NA,NA,NA,NA,NA
ODM,2025-04-16T00:00:00Z,2025-04-16T11:10:00Z,NA,Low,Not Visible,Not Visible,NA,NA,NA,NA,NA
ODM,2025-05-22T00:00:00Z,2025-05-22T10:47:00Z,NA,High,Not Visible,Not Visible,NA,NA,NA,NA,NA
ODM,2025-06-10T00:00:00Z,2025-06-10T08:58:00Z,NA,Medium,Not Visible,Low,NA,NA,NA,NA,NA
ODM,2025-07-01T00:00:00Z,2025-07-01T08:50:00Z,NA,Low,Not Visible,Low,NA,NA,NA,NA,NA
ODM,2025-07-30T00:00:00Z,2025-07-30T08:48:00Z,NA,Low,Not Visible,Low,NA,NA,NA,NA,NA
ODM,2025-08-26T00:00:00Z,2025-08-26T09:30:00Z,NA,Low,Not Visible,Low,NA,NA,NA,NA,NA
ODM,2025-09-24T00:00:00Z,2025-09-24T08:56:00Z,NA,Medium,Not Visible,Low,NA,NA,NA,NA,NA
ODM,2025-10-28T00:00:00Z,2025-10-28T09:25:00Z,NA,Medium,High,Not Visible,4,4,3,NA,NA
ODM,2025-11-18T00:00:00Z,2025-11-18T12:42:00Z,NA,Low,Low,Not Visible,2,2,2,NA,NA
OH1,2017-10-10T00:00:00Z,2017-10-10T10:59:00Z,NA,NA,Not Visible,Not Visible,NA,NA,NA,NA,NA
OH1,2017-11-01T00:00:00Z,2017-11-01T10:15:00Z,NA,NA,Low,Not Visible,NA,3,NA,NA,NA
OH1,2017-11-07T00:00:00Z,2017-11-07T10:19:00Z,NA,NA,Not Visible,Not Visible,NA,NA,NA,NA,NA
OH1,2017-11-22T00:00:00Z,2017-11-22T11:15:00Z,NA,NA,Not Visible,Not Visible,NA,NA,NA,NA,NA
OH1,2017-12-15T00:00:00Z,2017-12-15T11:01:00Z,NA,NA,NA,Not Visible,NA,2,NA,NA,NA
OH1,2018-01-04T00:00:00Z,2018-01-04T11:34:00Z,NA,NA,NA,Not Visible,NA,NA,NA,NA,NA
OH1,2018-01-11T00:00:00Z,2018-01-11T10:44:00Z,NA,NA,NA,Not Visible,NA,NA,NA,NA,NA
OH1,2018-01-24T00:00:00Z,2018-01-24T12:00:00Z,NA,NA,Not Visible,Not Visible,NA,NA,NA,NA,NA
OH1,2017-09-26T00:00:00Z,2017-09-26T10:33:00Z,NA,NA,Not Visible,Not Visible,NA,NA,NA,NA,NA
OH1,2018-02-13T00:00:00Z,2018-02-13T11:29:00Z,NA,NA,Not Visible,Not Visible,NA,NA,NA,NA,NA
OH1,2018-03-14T00:00:00Z,2018-03-14T09:28:00Z,NA,NA,Not Visible,Not Visible,NA,NA,NA,NA,NA
OH1,2018-03-28T00:00:00Z,2018-03-28T09:00:00Z,NA,NA,Not Visible,Not Visible,NA,NA,NA,NA,NA
OH1,2018-04-24T00:00:00Z,2018-04-24T10:32:00Z,NA,Not Visible,Not Visible,Not Visible,NA,NA,NA,NA,NA
OH1,2018-05-24T00:00:00Z,2018-05-24T10:48:00Z,NA,NA,Not Visible,Not Visible,NA,NA,NA,NA,NA
OH1,2018-06-06T00:00:00Z,2018-06-06T09:36:00Z,NA,NA,Not Visible,Not Visible,NA,NA,NA,NA,NA
OH1,2018-06-27T00:00:00Z,2018-06-27T09:18:00Z,NA,NA,Not Visible,Not Visible,NA,NA,NA,NA,NA
OH1,2018-07-17T00:00:00Z,2018-07-17T09:05:00Z,1% Egeria submerged vegetation,Low,Not Visible,Medium,NA,NA,NA,NA,NA
OH1,2018-08-07T00:00:00Z,2018-08-07T08:58:00Z,NA,Low,Not Visible,Medium,NA,NA,NA,NA,NA
OH1,2018-08-28T00:00:00Z,2018-08-28T09:35:00Z,NA,Low,Not Visible,Not Visible,NA,NA,NA,NA,NA
OH1,2018-09-17T00:00:00Z,2018-09-17T10:36:00Z,NA,Not Visible,Not Visible,Not Visible,NA,NA,NA,NA,NA
OH1,2018-10-09T00:00:00Z,2018-10-09T11:47:00Z,NA,Low,Not Visible,Not Visible,NA,NA,NA,NA,NA
OH1,2018-11-06T00:00:00Z,2018-11-06T10:44:00Z,NA,Not Visible,Not Visible,Not Visible,NA,NA,NA,NA,NA
OH1,2018-12-12T00:00:00Z,2018-12-12T10:58:00Z,NA,Not Visible,Not Visible,NA,NA,NA,NA,NA,NA
OH1,2019-01-08T00:00:00Z,2019-01-08T09:48:00Z,NA,Not Visible,Not Visible,Not Visible,NA,NA,NA,NA,NA
OH1,2019-01-30T00:00:00Z,2019-01-30T09:29:00Z,NA,Not Visible,Not Visible,Not Visible,NA,NA,NA,NA,NA
OH1,2019-04-10T00:00:00Z,2019-04-10T09:45:00Z,NA,Not Visible,Not Visible,Not Visible,NA,NA,NA,NA,NA
OH1,2019-05-01T00:00:00Z,2019-05-01T09:32:00Z,NA,Not Visible,Not Visible,Not Visible,NA,NA,NA,NA,NA
OH1,2019-05-29T00:00:00Z,2019-05-29T10:00:00Z,NA,Not Visible,Not Visible,Not Visible,NA,NA,NA,NA,NA
OH1,2019-06-25T00:00:00Z,2019-06-25T09:49:00Z,NA,Not Visible,Not Visible,Not Visible,NA,NA,NA,NA,NA
OH1,2019-07-09T00:00:00Z,2019-07-09T09:00:00Z,NA,Not Visible,Not Visible,Not Visible,NA,NA,NA,NA,NA
OH1,2019-08-06T00:00:00Z,2019-08-06T08:45:00Z,NA,Not Visible,Not Visible,Not Visible,NA,NA,NA,NA,NA
OH1,2019-03-04T00:00:00Z,2019-03-04T11:06:00Z,NA,Not Visible,Not Visible,Not Visible,NA,NA,NA,NA,NA
OH1,2019-09-04T00:00:00Z,2019-09-04T08:35:00Z,NA,Not Visible,Not Visible,NA,NA,NA,NA,NA,NA
OH1,2019-09-25T00:00:00Z,2019-09-25T09:00:00Z,NA,Not Visible,Not Visible,Not Visible,NA,NA,NA,NA,NA
OH1,2019-11-06T00:00:00Z,2019-11-06T10:55:00Z,NA,Not Visible,Not Visible,Not Visible,NA,NA,NA,NA,NA
OH1,2019-12-04T00:00:00Z,2019-12-04T10:16:00Z,NA,Not Visible,Not Visible,Not Visible,NA,NA,NA,NA,NA
OH1,2020-01-02T00:00:00Z,2020-01-02T11:15:00Z,NA,Not Visible,Not Visible,Not Visible,NA,NA,NA,NA,NA
OH1,2020-02-19T00:00:00Z,2020-02-19T09:47:00Z,NA,Not Visible,Not Visible,Not Visible,NA,NA,NA,NA,NA
OH1,2020-03-18T00:00:00Z,2020-03-18T09:25:00Z,NA,Not Visible,Not Visible,Not Visible,NA,NA,NA,NA,NA
OH1,2020-04-21T00:00:00Z,2020-04-21T11:15:00Z,NA,Not Visible,Not Visible,Not Visible,NA,NA,NA,NA,NA
OH1,2020-05-12T00:00:00Z,2020-05-12T10:57:00Z,NA,Not Visible,Not Visible,Not Visible,NA,NA,NA,NA,NA
OH1,2020-06-16T00:00:00Z,2020-06-16T10:48:00Z,NA,Low,Not Visible,Not Visible,NA,NA,NA,NA,NA
OH1,2020-07-07T00:00:00Z,2020-07-07T09:12:00Z,NA,Not Visible,Low,Not Visible,NA,NA,NA,NA,NA
OH1,2020-07-28T00:00:00Z,2020-07-28T09:02:00Z,NA,Low,Not Visible,Low,NA,NA,NA,NA,NA
OH1,2020-08-26T00:00:00Z,2020-08-26T08:33:00Z,NA,Not Visible,Medium,High,NA,NA,NA,NA,NA
OH1,2020-09-16T00:00:00Z,2020-09-16T09:10:00Z,NA,Low,Low,Not Visible,NA,NA,NA,NA,NA
OH1,2020-10-07T00:00:00Z,2020-10-07T08:58:00Z,NA,Low,Low,Not Visible,NA,NA,NA,NA,NA
OH1,2020-10-28T00:00:00Z,2020-10-28T08:55:00Z,NA,Not Visible,Low,Not Visible,NA,NA,NA,NA,NA
OH1,2020-12-01T00:00:00Z,2020-12-01T09:34:00Z,NA,Not Visible,Low,Not Visible,NA,NA,NA,NA,NA
OH1,2021-01-14T00:00:00Z,2021-01-14T10:32:00Z,NA,Not Visible,Low,Low,2,2,2,NA,NA
OH1,2021-02-09T00:00:00Z,2021-02-09T09:56:00Z,NA,Not Visible,Low,Not Visible,NA,NA,NA,NA,NA
OH1,2021-03-10T00:00:00Z,2021-03-10T09:50:00Z,NA,Not Visible,Not Visible,Not Visible,NA,NA,NA,NA,NA
OH1,2021-04-07T00:00:00Z,2021-04-07T08:57:00Z,NA,Not Visible,Not Visible,Low,NA,NA,NA,NA,NA
OH1,2021-05-04T00:00:00Z,2021-05-04T09:11:00Z,NA,Not Visible,Not Visible,Not Visible,NA,NA,NA,NA,NA
OH1,2021-06-10T00:00:00Z,2021-06-10T08:50:00Z,NA,Not Visible,Not Visible,Not Visible,NA,NA,NA,NA,NA
OH1,2021-07-14T00:00:00Z,2021-07-14T09:29:00Z,NA,Not Visible,Not Visible,Not Visible,NA,NA,NA,NA,NA
OH1,2021-08-11T00:00:00Z,2021-08-11T08:58:00Z,NA,Low,Low,Not Visible,NA,NA,NA,NA,NA
OH1,2021-09-08T00:00:00Z,2021-09-08T09:28:00Z,NA,Not Visible,Low,Not Visible,NA,NA,NA,NA,NA
OH1,2021-10-06T00:00:00Z,2021-10-06T08:48:00Z,NA,NA,NA,Not Visible,NA,NA,NA,NA,NA
OH1,2021-11-04T00:00:00Z,2021-11-04T08:35:00Z,NA,Medium,Medium,Not Visible,NA,NA,NA,NA,NA
OH1,2021-12-01T00:00:00Z,2021-12-01T09:25:00Z,NA,Medium,Medium,Not Visible,NA,NA,3,NA,NA
OH1,2022-01-12T00:00:00Z,2022-01-12T10:17:00Z,NA,Not Visible,Not Visible,Not Visible,NA,NA,NA,NA,NA
OH1,2022-03-01T00:00:00Z,2022-03-01T11:30:00Z,NA,Low,Not Visible,Not Visible,NA,NA,NA,NA,NA
OH1,2022-04-07T00:00:00Z,2022-04-07T12:00:00Z,NA,Not Visible,Not Visible,Not Visible,NA,NA,NA,NA,NA
OH1,2022-05-03T00:00:00Z,2022-05-03T08:27:00Z,NA,Low,Low,Not Visible,NA,NA,NA,NA,NA
OH1,2022-05-31T00:00:00Z,2022-05-31T08:44:00Z,NA,Medium,High,Not Visible,NA,NA,NA,NA,NA
OH1,2022-06-29T00:00:00Z,2022-06-29T08:48:00Z,NA,NA,Medium,Not Visible,NA,NA,NA,NA,NA
OH1,2022-08-02T00:00:00Z,2022-08-02T08:34:00Z,NA,Low,Low,Medium,NA,NA,NA,NA,NA
OH1,2022-09-07T00:00:00Z,2022-09-07T07:05:00Z,NA,Not Visible,High,High,NA,NA,NA,NA,NA
OH1,2022-10-17T00:00:00Z,2022-10-17T09:30:00Z,NA,Low,Low,Low,NA,NA,NA,NA,NA
OH1,2022-12-02T00:00:00Z,2022-12-02T10:01:00Z,NA,Low,Not Visible,Not Visible,NA,NA,NA,NA,NA
OH1,2023-01-12T00:00:00Z,2023-01-12T10:04:00Z,NA,Not Visible,Low,Not Visible,NA,NA,NA,NA,NA
OH1,2023-02-09T00:00:00Z,2023-02-09T11:27:00Z,NA,Not Visible,Medium,Not Visible,NA,NA,NA,NA,NA
OH1,2023-03-08T00:00:00Z,2023-03-08T10:50:00Z,NA,Not Visible,High,Not Visible,NA,NA,NA,NA,NA
OH1,2023-07-05T00:00:00Z,2023-07-05T11:03:00Z,NA,Not Visible,Low,Not Visible,NA,NA,NA,NA,NA
OH1,2023-08-02T00:00:00Z,2023-08-02T08:38:00Z,NA,Not Visible,Not Visible,Not Visible,NA,NA,NA,NA,NA
OH1,2023-09-06T00:00:00Z,2023-09-06T09:27:00Z,NA,Not Visible,Not Visible,Low,NA,NA,NA,NA,NA
OH1,2023-10-04T00:00:00Z,2023-10-04T10:12:00Z,NA,Not Visible,Not Visible,Not Visible,NA,NA,NA,NA,NA
OH1,2023-11-01T00:00:00Z,2023-11-01T09:08:00Z,NA,Not Visible,Not Visible,Not Visible,NA,NA,NA,NA,NA
OH1,2023-12-14T00:00:00Z,2023-12-14T09:57:00Z,NA,Not Visible,Not Visible,Not Visible,NA,NA,NA,NA,NA
OH1,2024-01-18T00:00:00Z,2024-01-18T09:55:00Z,NA,Not Visible,Not Visible,Not Visible,NA,NA,NA,NA,NA
OH1,2024-02-14T00:00:00Z,2024-02-14T11:05:00Z,NA,Not Visible,Low,Not Visible,NA,NA,2,NA,NA
OH1,2024-03-07T00:00:00Z,2024-03-07T10:02:00Z,NA,Not Visible,Not Visible,Not Visible,NA,NA,NA,NA,NA
OH1,2024-04-03T00:00:00Z,2024-04-03T09:06:00Z,NA,Not Visible,Not Visible,Not Visible,NA,NA,NA,NA,NA
OH1,2024-05-08T00:00:00Z,2024-05-08T08:40:00Z,NA,Not Visible,Not Visible,Not Visible,NA,NA,NA,NA,NA
OH1,2024-06-05T00:00:00Z,2024-06-05T10:54:00Z,NA,Not Visible,Not Visible,Not Visible,NA,NA,NA,NA,NA
OH1,2024-07-10T00:00:00Z,2024-07-10T07:19:00Z,NA,Not Visible,Low,Not Visible,NA,NA,NA,NA,NA
OH1,2024-08-07T00:00:00Z,2024-08-07T07:40:00Z,NA,Not Visible,Not Visible,Not Visible,NA,NA,NA,NA,NA
OH1,2024-09-04T00:00:00Z,2024-09-04T07:56:00Z,NA,Not Visible,Not Visible,Not Visible,NA,NA,NA,NA,NA
OH1,2024-10-03T00:00:00Z,2024-10-03T07:58:00Z,NA,Not Visible,Not Visible,Not Visible,NA,NA,NA,NA,NA
OH1,2024-11-06T00:00:00Z,2024-11-06T10:12:00Z,NA,Not Visible,Not Visible,Not Visible,NA,NA,NA,NA,NA
OH1,2024-12-04T00:00:00Z,2024-12-04T10:51:00Z,NA,Not Visible,Not Visible,Not Visible,NA,NA,NA,NA,NA
OH1,2025-01-14T00:00:00Z,2025-01-14T10:06:00Z,NA,Not Visible,Not Visible,Not Visible,NA,NA,NA,NA,NA
OH1,2025-02-05T00:00:00Z,2025-02-05T10:20:00Z,NA,Not Visible,Not Visible,Not Visible,NA,NA,NA,NA,NA
OH1,2025-03-06T00:00:00Z,2025-03-06T09:54:00Z,NA,Not Visible,Not Visible,Not Visible,NA,NA,NA,NA,NA
OH1,2025-04-02T00:00:00Z,2025-04-02T09:18:00Z,NA,Not Visible,Not Visible,Not Visible,NA,NA,NA,NA,NA
OH1,2025-05-07T00:00:00Z,2025-05-07T08:55:00Z,NA,Not Visible,Not Visible,Not Visible,NA,NA,NA,NA,NA
OH1,2025-06-04T00:00:00Z,2025-06-04T08:23:00Z,NA,Not Visible,Not Visible,Not Visible,NA,NA,NA,NA,NA
OH1,2025-07-08T00:00:00Z,2025-07-08T08:08:00Z,NA,Not Visible,Not Visible,Not Visible,NA,NA,NA,NA,NA
OH1,2025-08-06T00:00:00Z,2025-08-06T08:28:00Z,NA,Not Visible,Not Visible,Medium,NA,NA,NA,NA,NA
OH1,2025-09-03T00:00:00Z,2025-09-03T08:26:00Z,NA,Not Visible,Low,Not Visible,NA,NA,2,NA,NA
OH1,2025-10-01T00:00:00Z,2025-10-01T09:14:00Z,NA,Not Visible,High,Not Visible,NA,NA,4,NA,NA
OH1,2025-11-12T00:00:00Z,2025-11-12T10:16:00Z,NA,Not Visible,Medium,Not Visible,NA,NA,3,NA,NA
ORI,2018-05-24T00:00:00Z,2018-05-24T11:16:00Z,NA,NA,Not Visible,Not Visible,NA,NA,NA,NA,NA
ORI,2018-06-13T00:00:00Z,2018-06-13T10:07:00Z,NA,NA,Low,Medium,NA,NA,1,NA,NA
ORI,2018-07-12T00:00:00Z,2018-07-12T08:03:00Z,submerged = egeria,Low,Not Visible,High,NA,NA,NA,NA,NA
ORI,2018-07-31T00:00:00Z,2018-07-31T08:36:00Z,NA,Not Visible,Not Visible,Medium,NA,NA,NA,NA,NA
ORI,2018-08-17T00:00:00Z,2018-08-17T09:10:00Z,NA,Low,Low,Low,NA,NA,1,NA,NA
ORI,2018-09-18T00:00:00Z,2018-09-18T12:47:00Z,NA,Low,Low,Medium,NA,2,NA,NA,NA
ORI,2018-10-18T00:00:00Z,2018-10-18T11:55:00Z,NA,Low,Low,Low,NA,NA,2,NA,NA
ORI,2018-11-14T00:00:00Z,2018-11-14T12:02:00Z,NA,Low,Low,Not Visible,NA,2,2,NA,NA
ORI,2019-01-02T00:00:00Z,2019-01-02T10:02:00Z,NA,Low,Low,Not Visible,NA,NA,2,NA,NA
ORI,2019-02-05T00:00:00Z,2019-02-05T11:55:00Z,NA,Not Visible,Low,Not Visible,NA,NA,2,NA,NA
ORI,2019-03-13T00:00:00Z,2019-03-13T13:31:00Z,NA,Not Visible,Not Visible,Not Visible,NA,NA,NA,NA,NA
ORI,2019-04-24T00:00:00Z,2019-04-24T11:46:00Z,NA,Not Visible,Not Visible,Not Visible,NA,NA,NA,NA,NA
ORI,2019-06-04T00:00:00Z,2019-06-04T12:47:00Z,NA,Not Visible,Low,Not Visible,NA,NA,NA,NA,NA
ORI,2019-07-01T00:00:00Z,2019-07-01T13:03:00Z,NA,Not Visible,Not Visible,Not Visible,NA,NA,NA,NA,NA
ORI,2019-07-31T00:00:00Z,2019-07-31T13:18:00Z,NA,Not Visible,Low,Medium,NA,NA,2,NA,NA
ORI,2019-08-28T00:00:00Z,2019-08-28T09:55:00Z,Egeria(3),Medium,High,Medium,NA,NA,4,NA,NA
ORI,2019-10-14T00:00:00Z,2019-10-14T13:27:00Z,NA,Not Visible,Not Visible,Low,NA,NA,NA,NA,NA
ORI,2019-11-13T00:00:00Z,2019-11-13T12:07:00Z,NA,Not Visible,Low,Not Visible,NA,NA,2,NA,NA
ORI,2020-01-07T00:00:00Z,2020-01-07T13:30:00Z,NA,Not Visible,Low,Not Visible,NA,NA,2,NA,NA
ORI,2020-02-06T00:00:00Z,2020-02-06T11:02:00Z,NA,Low,Not Visible,Not Visible,NA,NA,NA,NA,NA
ORI,2020-03-11T00:00:00Z,2020-03-11T11:01:00Z,NA,Not Visible,Low,Not Visible,NA,NA,2,NA,NA
ORI,2020-05-05T00:00:00Z,2020-05-05T11:36:00Z,NA,Low,Not Visible,Not Visible,NA,NA,NA,NA,NA
ORI,2020-04-06T00:00:00Z,2020-04-06T11:44:00Z,NA,Not Visible,Not Visible,Not Visible,NA,NA,NA,NA,NA
ORI,2020-06-03T00:00:00Z,2020-06-03T10:55:00Z,NA,Low,Low,Low,NA,NA,NA,NA,NA
ORI,2020-07-01T00:00:00Z,2020-07-01T08:49:00Z,NA,Not Visible,Medium,High,NA,NA,NA,NA,NA
ORI,2020-08-11T00:00:00Z,2020-08-11T09:13:00Z,NA,Not Visible,Low,Medium,NA,NA,2,NA,NA
ORI,2020-09-17T00:00:00Z,2020-09-17T11:36:00Z,NA,Low,Low,High,NA,NA,NA,NA,NA
ORI,2020-10-29T00:00:00Z,2020-10-29T09:48:00Z,NA,Not Visible,Low,Not Visible,NA,NA,NA,NA,NA
ORI,2020-12-03T00:00:00Z,2020-12-03T10:18:00Z,NA,Not Visible,Medium,Not Visible,NA,NA,NA,NA,NA
ORI,2021-01-04T00:00:00Z,2021-01-04T10:11:00Z,NA,Not Visible,Low,Not Visible,NA,NA,NA,NA,NA
ORI,2021-02-18T00:00:00Z,2021-02-18T10:26:00Z,NA,Not Visible,Low,Not Visible,NA,NA,NA,NA,NA
ORI,2021-03-23T00:00:00Z,2021-03-23T10:04:00Z,NA,Not Visible,Not Visible,Not Visible,NA,NA,NA,NA,NA
ORI,2021-04-15T00:00:00Z,2021-04-15T10:00:00Z,NA,Not Visible,Not Visible,Not Visible,NA,NA,NA,NA,NA
ORI,2021-05-19T00:00:00Z,2021-05-19T09:05:00Z,NA,Not Visible,Not Visible,Not Visible,NA,NA,NA,NA,NA
ORI,2021-06-16T00:00:00Z,2021-06-16T08:35:00Z,NA,Not Visible,Not Visible,Low,NA,NA,NA,NA,NA
ORI,2021-07-21T00:00:00Z,2021-07-21T09:45:00Z,NA,Not Visible,Not Visible,Low,NA,NA,NA,NA,NA
ORI,2021-08-10T00:00:00Z,2021-08-10T10:48:00Z,NA,Not Visible,Not Visible,Low,NA,NA,NA,NA,NA
ORI,2021-09-08T00:00:00Z,2021-09-08T09:49:00Z,NA,Low,Not Visible,Medium,NA,NA,NA,NA,NA
ORI,2021-10-13T00:00:00Z,2021-10-13T09:31:00Z,NA,Not Visible,Not Visible,Low,NA,NA,NA,NA,NA
ORI,2021-11-18T00:00:00Z,2021-11-18T10:32:00Z,NA,Not Visible,Low,Not Visible,NA,NA,2,NA,NA
ORI,2021-12-14T00:00:00Z,2021-12-14T09:43:00Z,NA,Low,Low,Not Visible,NA,NA,2,NA,NA
ORI,2022-01-11T00:00:00Z,2022-01-11T10:25:00Z,NA,Not Visible,Not Visible,Not Visible,NA,NA,NA,NA,NA
ORI,2022-03-08T00:00:00Z,2022-03-08T10:29:00Z,NA,Not Visible,Not Visible,Not Visible,NA,NA,NA,NA,NA
ORI,2022-02-08T00:00:00Z,2022-02-08T10:04:00Z,FAV passing by with current,Not Visible,Low,Not Visible,NA,NA,2,NA,NA
ORI,2022-04-12T00:00:00Z,2022-04-12T10:35:00Z,NA,Not Visible,Not Visible,Not Visible,NA,NA,NA,NA,NA
ORI,2022-05-10T00:00:00Z,2022-05-10T09:45:00Z,NA,Not Visible,Not Visible,Not Visible,NA,NA,NA,NA,NA
ORI,2022-06-06T00:00:00Z,2022-06-06T09:17:00Z,NA,Not Visible,Not Visible,Low,NA,NA,NA,NA,NA
ORI,2022-07-12T00:00:00Z,2022-07-12T09:14:00Z,NA,Low,Not Visible,Medium,NA,NA,NA,NA,NA
ORI,2022-08-09T00:00:00Z,2022-08-09T10:35:00Z,NA,Not Visible,Not Visible,Medium,NA,NA,NA,NA,NA
ORI,2022-09-13T00:00:00Z,2022-09-13T12:12:00Z,NA,Not Visible,Not Visible,Low,NA,NA,NA,NA,NA
ORI,2022-10-10T00:00:00Z,2022-10-10T09:33:00Z,NA,Low,Low,Low,NA,NA,2,NA,NA
ORI,2022-11-08T00:00:00Z,2022-11-08T11:27:00Z,NA,Low,Low,Low,NA,NA,2,NA,NA
ORI,2022-12-13T00:00:00Z,2022-12-13T10:41:00Z,NA,Low,Not Visible,Not Visible,NA,NA,NA,NA,NA
ORI,2023-01-11T00:00:00Z,2023-01-11T09:58:00Z,NA,Not Visible,Not Visible,Not Visible,NA,NA,NA,NA,NA
ORI,2023-02-07T00:00:00Z,2023-02-07T11:25:00Z,NA,Not Visible,Not Visible,Not Visible,NA,NA,NA,NA,NA
ORI,2023-03-16T00:00:00Z,2023-03-16T09:33:00Z,NA,Not Visible,Not Visible,Not Visible,NA,NA,NA,NA,NA
ORI,2023-04-18T00:00:00Z,2023-04-18T10:32:00Z,NA,Not Visible,Not Visible,Not Visible,NA,NA,NA,NA,NA
ORI,2023-05-16T00:00:00Z,2023-05-16T09:27:00Z,NA,Not Visible,Not Visible,Not Visible,NA,NA,NA,NA,NA
ORI,2023-06-06T00:00:00Z,2023-06-06T10:47:00Z,NA,Not Visible,Not Visible,Not Visible,NA,NA,NA,NA,NA
ORI,2023-06-27T00:00:00Z,2023-06-27T10:01:00Z,NA,Not Visible,Not Visible,Not Visible,NA,NA,NA,NA,NA
ORI,2023-08-01T00:00:00Z,2023-08-01T10:47:00Z,NA,Not Visible,Not Visible,Not Visible,NA,NA,NA,NA,NA
ORI,2023-09-18T00:00:00Z,2023-09-18T14:05:00Z,NA,Not Visible,Not Visible,Not Visible,NA,NA,NA,NA,NA
ORI,2023-10-05T00:00:00Z,2023-10-05T10:15:00Z,NA,Not Visible,Low,Low,NA,NA,NA,NA,NA
ORI,2023-12-05T00:00:00Z,2023-12-05T11:48:00Z,NA,Not Visible,Not Visible,Not Visible,NA,NA,NA,NA,NA
ORI,2024-01-09T00:00:00Z,2024-01-09T12:17:00Z,NA,Not Visible,Not Visible,Not Visible,NA,NA,NA,NA,NA
ORI,2024-02-08T00:00:00Z,2024-02-08T12:25:00Z,NA,Not Visible,Not Visible,Not Visible,NA,NA,NA,NA,NA
ORI,2024-03-05T00:00:00Z,2024-03-05T11:55:00Z,NA,Not Visible,Not Visible,Not Visible,NA,NA,NA,NA,NA
ORI,2024-04-09T00:00:00Z,2024-04-09T11:13:00Z,NA,Not Visible,Not Visible,Not Visible,NA,NA,NA,NA,NA
ORI,2024-05-07T00:00:00Z,2024-05-07T10:52:00Z,NA,Not Visible,Not Visible,Not Visible,NA,NA,NA,NA,NA
ORI,2024-06-12T00:00:00Z,2024-06-12T10:57:00Z,NA,Not Visible,Not Visible,Low,NA,NA,NA,NA,NA
ORI,2024-07-02T00:00:00Z,2024-07-02T08:33:00Z,NA,Low,Not Visible,Low,NA,NA,NA,NA,NA
ORI,2024-08-06T00:00:00Z,2024-08-06T08:33:00Z,NA,Low,Not Visible,Low,NA,NA,NA,NA,NA
ORI,2024-09-05T00:00:00Z,2024-09-05T08:29:00Z,NA,Low,Not Visible,Low,NA,NA,NA,NA,NA
ORI,2024-10-15T00:00:00Z,2024-10-15T09:17:00Z,NA,Not Visible,Not Visible,Low,NA,NA,NA,NA,NA
ORI,2024-11-05T00:00:00Z,2024-11-05T10:10:00Z,NA,Not Visible,Not Visible,Low,NA,NA,NA,NA,NA
ORI,2024-12-10T00:00:00Z,2024-12-10T12:15:00Z,NA,Not Visible,Low,Not Visible,NA,NA,NA,NA,NA
ORI,2025-01-07T00:00:00Z,2025-01-07T10:40:00Z,NA,Not Visible,Not Visible,Not Visible,NA,NA,NA,NA,NA
ORI,2025-02-12T00:00:00Z,2025-02-12T10:47:00Z,NA,Not Visible,Not Visible,Not Visible,NA,NA,NA,NA,NA
ORI,2025-03-20T00:00:00Z,2025-03-20T09:21:00Z,NA,Not Visible,Not Visible,Not Visible,NA,NA,NA,NA,NA
ORI,2025-04-16T00:00:00Z,2025-04-16T09:40:00Z,NA,Not Visible,Not Visible,Not Visible,NA,NA,NA,NA,NA
ORI,2025-05-22T00:00:00Z,2025-05-22T09:20:00Z,NA,Low,Not Visible,Low,NA,NA,NA,NA,NA
ORI,2025-06-26T00:00:00Z,2025-06-26T08:46:00Z,NA,Low,Not Visible,Low,NA,NA,NA,NA,NA
ORI,2025-07-23T00:00:00Z,2025-07-23T09:26:00Z,NA,Low,Not Visible,Medium,NA,NA,NA,NA,NA
ORI,2025-08-14T00:00:00Z,2025-08-14T09:07:00Z,NA,Not Visible,Not Visible,Low,NA,NA,NA,NA,NA
ORI,2025-09-18T00:00:00Z,2025-09-18T09:16:00Z,NA,Low,Low,Low,NA,NA,2,NA,NA
ORI,2025-10-14T00:00:00Z,2025-10-14T09:18:00Z,NA,Not Visible,Not Visible,Low,NA,NA,NA,NA,NA
ORI,2025-11-18T00:00:00Z,2025-11-18T10:48:00Z,NA,Low,Low,Not Visible,NA,NA,2,NA,NA
ORM,2017-10-18T00:00:00Z,2017-10-18T10:27:00Z,NA,NA,Low,Not Visible,NA,NA,2,NA,NA
ORM,2017-11-07T00:00:00Z,2017-11-07T13:04:00Z,NA,NA,Low,Not Visible,NA,2,2,NA,NA
ORM,2017-11-29T00:00:00Z,2017-11-29T10:45:00Z,NA,Medium,Low,Not Visible,NA,2,2,NA,NA
ORM,2018-01-02T00:00:00Z,2018-01-02T12:29:00Z,NA,Medium,Low,Not Visible,NA,2,2,NA,NA
ORM,2017-12-20T00:00:00Z,2017-12-20T10:15:00Z,NA,NA,Low,Not Visible,NA,NA,2,NA,NA
ORM,2018-01-25T00:00:00Z,2018-01-25T10:31:00Z,NA,Not Visible,Not Visible,Not Visible,NA,NA,2,NA,NA
ORM,2017-09-27T00:00:00Z,2017-09-27T10:15:00Z,NA,NA,NA,NA,NA,NA,NA,NA,NA
ORM,2018-02-15T00:00:00Z,2018-02-15T09:44:00Z,NA,Not Visible,NA,Not Visible,NA,NA,NA,NA,NA
ORM,2018-03-07T00:00:00Z,2018-03-07T11:00:00Z,NA,NA,Low,Not Visible,NA,NA,5,NA,NA
ORM,2018-03-27T00:00:00Z,2018-03-27T09:55:00Z,NA,NA,NA,Not Visible,NA,NA,NA,NA,NA
ORM,2018-04-10T00:00:00Z,2018-04-10T10:32:00Z,NA,NA,Medium,Not Visible,NA,NA,1,NA,NA
ORM,2018-04-18T00:00:00Z,2018-04-18T10:12:00Z,NA,Low,Not Visible,Not Visible,NA,NA,NA,NA,NA
ORM,2018-05-24T00:00:00Z,2018-05-24T12:58:00Z,NA,NA,Medium,Not Visible,NA,NA,NA,NA,NA
ORM,2018-06-13T00:00:00Z,2018-06-13T11:18:00Z,NA,NA,Medium,Low,3,NA,2,NA,NA
ORM,2018-07-12T00:00:00Z,2018-07-12T08:46:00Z,Submerged Vegetation was egeria,Low,Medium,Low,NA,2,3,NA,2
ORM,2018-07-31T00:00:00Z,2018-07-31T10:30:00Z,NA,Low,Extreme,Low,NA,NA,5,NA,NA
ORM,2018-08-21T00:00:00Z,2018-08-21T09:00:00Z,NA,Not Visible,High,Low,NA,NA,4,NA,NA
ORM,2018-09-18T00:00:00Z,2018-09-18T11:28:00Z,NA,Not Visible,High,Not Visible,2,NA,4,NA,NA
ORM,2019-01-02T00:00:00Z,2019-01-02T12:42:00Z,NA,Not Visible,Medium,Not Visible,NA,NA,3,NA,NA
ORM,2019-02-05T00:00:00Z,2019-02-05T11:02:00Z,NA,Not Visible,Medium,Not Visible,NA,NA,NA,NA,NA
ORM,2019-03-13T00:00:00Z,2019-03-13T10:44:00Z,NA,Not Visible,Low,Not Visible,NA,NA,2,NA,NA
ORM,2019-04-24T00:00:00Z,2019-04-24T10:15:00Z,NA,Not Visible,Medium,Not Visible,NA,NA,3,NA,NA
ORM,2019-06-04T00:00:00Z,2019-06-04T10:14:00Z,NA,Not Visible,Medium,Not Visible,NA,3,3,NA,NA
ORM,2019-07-01T00:00:00Z,2019-07-01T10:27:00Z,Egeria(3),Medium,Low,Not Visible,NA,NA,2,NA,NA
ORM,2019-07-31T00:00:00Z,2019-07-31T10:34:00Z,egeria(3),Medium,Medium,Not Visible,NA,NA,2,NA,3
ORM,2019-08-27T00:00:00Z,2019-08-27T10:11:00Z,NA,Low,High,Not Visible,NA,4,4,NA,3
ORM,2019-10-14T00:00:00Z,2019-10-14T10:27:00Z,NA,Low,NA,Not Visible,NA,4,4,NA,NA
ORM,2019-11-13T00:00:00Z,2019-11-13T10:45:00Z,NA,Not Visible,Medium,Not Visible,NA,3,3,NA,3
ORM,2020-01-07T00:00:00Z,2020-01-07T11:15:00Z,NA,Not Visible,Low,Not Visible,NA,NA,NA,NA,NA
ORM,2020-02-07T00:00:00Z,2020-02-07T10:26:00Z,NA,Not Visible,Low,Not Visible,NA,NA,2,NA,NA
ORM,2020-03-11T00:00:00Z,2020-03-11T10:00:00Z,NA,Not Visible,Low,Not Visible,NA,NA,2,NA,NA
ORM,2020-04-06T00:00:00Z,2020-04-06T10:24:00Z,NA,Medium,Low,Not Visible,NA,NA,NA,NA,NA
ORM,2020-05-05T00:00:00Z,2020-05-05T10:18:00Z,NA,Medium,Medium,Not Visible,NA,NA,NA,NA,NA
ORM,2020-06-03T00:00:00Z,2020-06-03T09:41:00Z,NA,Medium,Medium,Low,NA,NA,NA,NA,NA
ORM,2020-07-01T00:00:00Z,2020-07-01T10:03:00Z,NA,Medium,Medium,Medium,NA,NA,NA,NA,NA
ORM,2020-08-11T00:00:00Z,2020-08-11T11:54:00Z,some submerged vegetation growing up around side of housing,Medium,Low,Medium,NA,NA,2,NA,2
ORM,2020-09-17T00:00:00Z,2020-09-17T09:55:00Z,NA,High,High,Medium,NA,NA,NA,NA,NA
ORM,2021-01-06T00:00:00Z,2021-01-06T11:26:00Z,NA,Not Visible,Low,Not Visible,NA,NA,2,NA,NA
ORM,2021-02-03T00:00:00Z,2021-02-03T12:31:00Z,NA,Not Visible,Medium,Not Visible,NA,NA,3,NA,NA
ORM,2021-03-03T00:00:00Z,2021-03-03T11:12:00Z,NA,Not Visible,Low,Not Visible,NA,NA,2,NA,NA
ORM,2021-04-06T00:00:00Z,2021-04-06T09:35:00Z,NA,Not Visible,Not Visible,Not Visible,NA,NA,NA,NA,NA
ORM,2021-05-13T00:00:00Z,2021-05-13T09:57:00Z,NA,High,Medium,Not Visible,NA,NA,NA,NA,NA
ORM,2021-06-08T00:00:00Z,2021-06-08T09:14:00Z,NA,Low,Not Visible,Low,NA,NA,NA,NA,NA
ORM,2021-06-29T00:00:00Z,2021-06-29T09:29:00Z,NA,Low,Low,Medium,NA,NA,NA,NA,2
ORM,2021-08-03T00:00:00Z,2021-08-03T09:01:00Z,Spray crew working in Old River upstream of temporary barrier.,Medium,Medium,Not Visible,NA,NA,3,NA,NA
ORM,2021-09-08T00:00:00Z,2021-09-08T12:15:00Z,NA,High,High,Low,NA,NA,4,NA,NA
ORM,2021-10-05T00:00:00Z,2021-10-05T09:30:00Z,NA,Not Visible,Medium,Not Visible,NA,NA,3,NA,NA
ORM,NA,NA,NA,NA,NA,NA,NA,NA,NA,NA,NA
ORM,2021-12-16T00:00:00Z,2021-12-16T13:11:00Z,NA,Not Visible,NA,NA,NA,NA,NA,NA,NA
ORM,2022-01-05T00:00:00Z,2022-01-05T10:55:00Z,NA,Not Visible,Medium,Not Visible,NA,NA,3,NA,NA
ORM,2022-02-02T00:00:00Z,2022-02-02T10:16:00Z,NA,Not Visible,Low,Not Visible,NA,NA,2,NA,NA
ORM,2022-03-08T00:00:00Z,2022-03-08T12:20:00Z,NA,Low,Low,Not Visible,NA,NA,NA,NA,NA
ORM,2022-04-05T00:00:00Z,2022-04-05T10:32:00Z,NA,Not Visible,Not Visible,Not Visible,NA,NA,NA,NA,NA
ORM,2022-05-04T00:00:00Z,2022-05-04T09:41:00Z,NA,Medium,Low,Not Visible,NA,NA,NA,NA,NA
ORM,2022-06-02T00:00:00Z,2022-06-02T08:31:00Z,NA,Not Visible,Low,Low,NA,NA,NA,NA,NA
ORM,2022-07-05T00:00:00Z,2022-07-05T11:02:00Z,NA,Low,Not Visible,Low,NA,NA,NA,NA,NA
ORM,2022-08-03T00:00:00Z,2022-08-03T10:05:00Z,NA,Low,Not Visible,Low,NA,NA,NA,NA,NA
ORM,2022-09-13T00:00:00Z,2022-09-13T11:03:00Z,NA,Medium,Low,Low,NA,NA,2,NA,NA
ORM,2022-10-05T00:00:00Z,2022-10-05T10:18:00Z,NA,Medium,Medium,Low,3,NA,3,NA,NA
ORM,2022-11-02T00:00:00Z,2022-11-02T09:50:00Z,NA,Medium,Medium,Not Visible,NA,NA,NA,NA,NA
ORM,2022-12-13T00:00:00Z,2022-12-13T12:41:00Z,NA,Low,Low,Not Visible,NA,NA,2,NA,NA
ORM,2023-01-11T00:00:00Z,2023-01-11T10:36:00Z,NA,Not Visible,Not Visible,Not Visible,NA,NA,NA,NA,NA
ORM,2023-03-07T00:00:00Z,2023-03-07T11:35:00Z,NA,Not Visible,Not Visible,Not Visible,NA,NA,NA,NA,NA
ORM,2023-03-07T00:00:00Z,2023-03-07T11:35:00Z,NA,Not Visible,Not Visible,Not Visible,NA,NA,NA,NA,NA
ORM,2023-04-18T00:00:00Z,2023-04-18T12:41:00Z,NA,Not Visible,Not Visible,Not Visible,NA,NA,NA,NA,NA
ORM,2023-06-06T00:00:00Z,2023-06-06T09:42:00Z,NA,Not Visible,Not Visible,Not Visible,NA,NA,NA,NA,NA
ORM,2023-05-16T00:00:00Z,2023-05-16T11:58:00Z,Species(Egeria),Low,Not Visible,Not Visible,NA,NA,NA,NA,NA
ORM,2023-07-11T00:00:00Z,2023-07-11T11:33:00Z,NA,Medium,Not Visible,Not Visible,NA,NA,NA,NA,NA
ORM,2023-08-01T00:00:00Z,2023-08-01T09:45:00Z,NA,Low,Medium,Not Visible,3,NA,NA,NA,NA
ORM,2023-08-02T00:00:00Z,2023-08-02T11:15:00Z,NA,NA,NA,NA,NA,NA,NA,NA,NA
ORM,2023-09-07T00:00:00Z,2023-09-07T09:30:00Z,NA,Not Visible,Extreme,Low,NA,NA,5,NA,2
ORM,2023-10-09T00:00:00Z,2023-10-09T10:12:00Z,NA,Not Visible,High,Not Visible,NA,NA,NA,NA,NA
ORM,2023-12-05T00:00:00Z,2023-12-05T10:42:00Z,NA,Not Visible,Low,Not Visible,NA,NA,2,NA,NA
ORM,2024-01-09T00:00:00Z,2024-01-09T11:32:00Z,NA,Not Visible,Low,Not Visible,NA,NA,2,NA,NA
ORM,2024-02-08T00:00:00Z,2024-02-08T11:05:00Z,NA,Not Visible,Low,Not Visible,NA,NA,2,NA,NA
ORM,2024-03-05T00:00:00Z,2024-03-05T10:50:00Z,NA,Not Visible,Not Visible,Not Visible,NA,NA,NA,NA,NA
ORM,2024-04-09T00:00:00Z,2024-04-09T10:31:00Z,NA,Not Visible,Not Visible,Not Visible,NA,NA,NA,NA,NA
ORM,2024-05-07T00:00:00Z,2024-05-07T09:47:00Z,NA,Not Visible,Not Visible,Not Visible,NA,NA,NA,NA,NA
ORM,2024-06-12T00:00:00Z,2024-06-12T09:59:00Z,NA,Medium,Not Visible,Not Visible,NA,NA,NA,NA,NA
ORM,2024-07-09T00:00:00Z,2024-07-09T08:52:00Z,NA,Not Visible,Not Visible,Low,NA,NA,NA,NA,NA
ORM,2024-08-14T00:00:00Z,2024-08-14T09:19:00Z,NA,Medium,Not Visible,Low,NA,NA,NA,NA,NA
ORM,2024-09-11T00:00:00Z,2024-09-11T09:17:00Z,NA,High,Low,Not Visible,NA,NA,NA,NA,2
ORM,2024-10-09T00:00:00Z,2024-10-09T09:19:00Z,NA,High,High,Not Visible,4,NA,3,NA,NA
ORM,2024-11-05T00:00:00Z,2024-11-05T11:38:00Z,NA,Low,Medium,Not Visible,3,NA,3,NA,NA
ORM,2024-12-10T00:00:00Z,2024-12-10T11:40:00Z,NA,Not Visible,Low,Not Visible,NA,NA,NA,NA,NA
ORM,NA,NA,NA,NA,NA,NA,NA,NA,NA,NA,NA
ORM,2025-01-07T00:00:00Z,2025-01-07T12:21:00Z,NA,Not Visible,Low,Not Visible,NA,NA,2,NA,NA
ORM,2025-02-12T00:00:00Z,2025-02-12T12:25:00Z,NA,Not Visible,Low,Not Visible,NA,NA,2,NA,NA
ORM,2025-03-20T00:00:00Z,2025-03-20T10:58:00Z,NA,Not Visible,Not Visible,Not Visible,NA,NA,NA,NA,NA
ORM,2025-04-16T00:00:00Z,2025-04-16T11:34:00Z,NA,Low,Not Visible,Not Visible,NA,NA,NA,NA,NA
ORM,2025-05-22T00:00:00Z,2025-05-22T11:25:00Z,NA,High,Not Visible,Not Visible,NA,NA,NA,NA,NA
ORM,2025-06-10T00:00:00Z,2025-06-10T09:38:00Z,NA,High,Not Visible,Low,NA,NA,NA,NA,NA
ORM,2025-07-01T00:00:00Z,2025-07-01T09:30:00Z,NA,High,Not Visible,Low,NA,NA,NA,NA,NA
ORM,2025-07-30T00:00:00Z,2025-07-30T09:27:00Z,NA,Medium,Not Visible,Low,NA,NA,NA,NA,NA
ORM,2025-08-26T00:00:00Z,2025-08-26T10:07:00Z,surface veg may be primrose- but unconfirmed,High,Low,Low,NA,NA,NA,NA,NA
ORM,2025-09-24T00:00:00Z,2025-09-24T09:35:00Z,NA,High,Medium,Low,NA,NA,2,NA,NA
ORM,2025-10-28T00:00:00Z,2025-10-28T10:26:00Z,NA,Medium,Extreme,Not Visible,5,5,5,NA,NA
ORM,2025-11-18T00:00:00Z,2025-11-18T13:11:00Z,NA,Low,Medium,Not Visible,3,3,3,NA,NA
ORQ,2017-10-20T00:00:00Z,2017-10-20T09:15:00Z,NA,NA,Low,Not Visible,NA,NA,2,NA,3
ORQ,2017-11-28T00:00:00Z,2017-11-28T10:46:00Z,NA,NA,Low,Not Visible,NA,NA,NA,NA,2
ORQ,2017-12-28T00:00:00Z,2017-12-28T10:31:00Z,decaying primrose,Not Visible,Not Visible,Not Visible,NA,NA,NA,NA,NA
ORQ,2018-01-23T00:00:00Z,2018-01-23T10:45:00Z,NA,NA,NA,Not Visible,NA,NA,NA,NA,NA
ORQ,2017-09-29T00:00:00Z,2017-09-29T09:20:00Z,NA,NA,NA,NA,NA,NA,NA,NA,NA
ORQ,2018-03-05T00:00:00Z,2018-03-05T12:32:00Z,NA,NA,Low,Not Visible,NA,NA,2,NA,NA
ORQ,2018-04-03T00:00:00Z,2018-04-03T10:59:00Z,NA,NA,NA,Not Visible,NA,NA,NA,NA,NA
ORQ,2018-05-03T00:00:00Z,2018-05-03T11:28:00Z,NA,NA,NA,Not Visible,NA,NA,NA,NA,NA
ORQ,2018-05-23T00:00:00Z,2018-05-23T10:49:00Z,NA,NA,NA,Not Visible,NA,NA,NA,NA,NA
ORQ,2018-06-19T00:00:00Z,2018-06-19T11:04:00Z,NA,NA,Medium,Low,NA,NA,NA,NA,NA
ORQ,2018-07-19T00:00:00Z,2018-07-19T10:43:00Z,NA,NA,High,High,NA,NA,3,NA,4
ORQ,2018-08-14T00:00:00Z,2018-08-14T11:00:00Z,NA,Not Visible,Medium,Medium,NA,NA,2,NA,3
ORQ,2018-09-21T00:00:00Z,2018-09-21T10:43:00Z,Primrose sprayed/dead,NA,Medium,Medium,NA,NA,2,NA,3
ORQ,2018-10-16T00:00:00Z,2018-10-16T09:50:00Z,NA,NA,Medium,Medium,NA,NA,3,NA,3
ORQ,2018-12-19T00:00:00Z,2018-12-19T12:58:00Z,NA,Not Visible,Low,Not Visible,NA,NA,2,NA,1
ORQ,2019-01-24T00:00:00Z,2019-01-24T11:47:00Z,NA,Not Visible,Low,Not Visible,NA,NA,1,NA,NA
ORQ,2019-02-20T00:00:00Z,2019-02-20T11:59:00Z,NA,Not Visible,Not Visible,Not Visible,NA,NA,NA,NA,NA
ORQ,2019-03-19T00:00:00Z,2019-03-19T10:45:00Z,NA,Not Visible,Not Visible,Not Visible,NA,NA,NA,NA,NA
ORQ,2019-04-17T00:00:00Z,2019-04-17T10:59:00Z,NA,Medium,Not Visible,Not Visible,NA,NA,NA,NA,NA
ORQ,2019-05-15T00:00:00Z,2019-05-15T11:32:00Z,NA,Low,Medium,Not Visible,NA,NA,3,NA,3
ORQ,2019-06-05T00:00:00Z,2019-06-05T09:41:00Z,NA,Medium,Medium,Not Visible,NA,NA,NA,NA,3
ORQ,2019-07-11T00:00:00Z,2019-07-11T10:17:00Z,NA,Not Visible,Medium,Not Visible,NA,NA,3,NA,3
ORQ,2019-08-07T00:00:00Z,2019-08-07T10:59:00Z,NA,Not Visible,High,Low,NA,NA,2,NA,4
ORQ,2019-09-11T00:00:00Z,2019-09-11T11:28:00Z,Decomposing (Sprayed) primrose,Not Visible,Extreme,Low,NA,NA,NA,NA,5
ORQ,2019-10-15T00:00:00Z,2019-10-15T10:50:00Z,decomposing Egeria densa,Low,NA,Low,NA,NA,NA,NA,4
ORQ,2019-12-05T00:00:00Z,2019-12-05T10:48:00Z,NA,Not Visible,Medium,Not Visible,NA,NA,3,NA,3
ORQ,2020-02-05T00:00:00Z,2020-02-05T12:02:00Z,Decomposing Hyacinth near shore,Not Visible,Low,Not Visible,NA,NA,2,NA,NA
ORQ,2020-03-04T00:00:00Z,2020-03-04T11:20:00Z,NA,Not Visible,Low,Not Visible,NA,NA,2,NA,NA
ORQ,2020-04-08T00:00:00Z,2020-04-08T11:01:00Z,NA,Low,Medium,Not Visible,NA,NA,NA,NA,3
ORQ,2020-05-07T00:00:00Z,2020-05-07T11:44:00Z,NA,Low,Not Visible,Low,NA,NA,NA,NA,NA
ORQ,2020-06-04T00:00:00Z,2020-06-04T10:20:00Z,egeria(4),High,High,Medium,NA,NA,4,NA,4
ORQ,2020-07-14T00:00:00Z,2020-07-14T10:31:00Z,NA,Low,Medium,Medium,NA,NA,NA,NA,NA
ORQ,2020-08-25T00:00:00Z,2020-08-25T10:09:00Z,NA,Low,Medium,High,NA,NA,NA,NA,NA
ORQ,2020-10-08T00:00:00Z,2020-10-08T11:02:00Z,NA,Not Visible,Medium,Low,NA,NA,NA,NA,NA
ORQ,2020-11-03T00:00:00Z,2020-11-03T11:41:00Z,NA,Not Visible,Low,Low,NA,NA,2,NA,NA
ORQ,2020-12-10T00:00:00Z,2020-12-10T12:13:00Z,NA,Not Visible,Low,Not Visible,NA,NA,NA,NA,NA
ORQ,2021-01-12T00:00:00Z,2021-01-12T11:34:00Z,NA,Not Visible,Low,Not Visible,NA,NA,2,NA,NA
ORQ,2021-02-25T00:00:00Z,2021-02-25T12:04:00Z,NA,Not Visible,Not Visible,Not Visible,NA,NA,NA,NA,NA
ORQ,2021-03-24T00:00:00Z,2021-03-24T10:31:00Z,NA,Not Visible,Not Visible,Not Visible,NA,NA,NA,NA,NA
ORQ,2021-04-28T00:00:00Z,2021-04-28T10:44:00Z,NA,Low,Not Visible,Not Visible,NA,NA,NA,NA,NA
ORQ,2021-05-26T00:00:00Z,2021-05-26T10:30:00Z,NA,Medium,Not Visible,Low,NA,NA,NA,NA,NA
ORQ,2021-07-06T00:00:00Z,2021-07-06T10:57:00Z,NA,Medium,Medium,Medium,NA,NA,NA,NA,NA
ORQ,2021-08-04T00:00:00Z,2021-08-04T11:16:00Z,NA,Low,Low,Low,NA,NA,NA,NA,NA
ORQ,2021-09-01T00:00:00Z,2021-09-01T12:05:00Z,NA,Not Visible,Low,Medium,NA,NA,NA,NA,NA
ORQ,2021-10-07T00:00:00Z,2021-10-07T10:31:00Z,NA,Not Visible,Not Visible,Low,NA,NA,NA,NA,NA
ORQ,2021-11-03T00:00:00Z,2021-11-03T10:30:00Z,NA,Low,Low,Low,NA,NA,NA,NA,NA
ORQ,2021-12-08T00:00:00Z,2021-12-08T11:21:00Z,NA,NA,Medium,Not Visible,NA,NA,NA,NA,NA
ORQ,2022-01-19T00:00:00Z,2022-01-19T12:03:00Z,NA,Low,Low,Not Visible,NA,NA,NA,NA,NA
ORQ,2022-02-15T00:00:00Z,2022-02-15T12:33:00Z,NA,Not Visible,Low,Not Visible,NA,NA,NA,NA,NA
ORQ,2022-03-09T00:00:00Z,2022-03-09T11:05:00Z,NA,Not Visible,Not Visible,Not Visible,NA,NA,NA,NA,NA
ORQ,2022-04-19T00:00:00Z,2022-04-19T11:32:00Z,NA,Not Visible,Low,Not Visible,NA,NA,NA,NA,NA
ORQ,2022-05-12T00:00:00Z,2022-05-12T10:21:00Z,NA,Medium,Medium,Not Visible,NA,NA,NA,NA,NA
ORQ,2022-05-24T00:00:00Z,2022-05-24T09:56:00Z,NA,Medium,Medium,Not Visible,NA,NA,2,NA,2
ORQ,2022-06-07T00:00:00Z,2022-06-07T11:56:00Z,NA,Low,Low,Low,NA,NA,NA,NA,NA
ORQ,2022-07-13T00:00:00Z,2022-07-13T10:10:00Z,NA,Not Visible,Medium,Medium,NA,NA,NA,NA,NA
ORQ,2022-08-23T00:00:00Z,2022-08-23T09:54:00Z,NA,Not Visible,NA,Low,NA,NA,NA,NA,NA
ORQ,2022-10-13T00:00:00Z,2022-10-13T10:12:00Z,NA,Not Visible,Medium,Low,NA,NA,NA,NA,NA
ORQ,2022-11-09T00:00:00Z,2022-11-09T11:20:00Z,NA,Not Visible,Medium,Low,NA,NA,NA,NA,NA
ORQ,2022-12-08T00:00:00Z,2022-12-08T12:02:00Z,NA,Not Visible,Medium,Not Visible,NA,NA,NA,NA,NA
ORQ,2023-01-24T00:00:00Z,2023-01-24T11:32:00Z,NA,Not Visible,Low,Not Visible,NA,NA,NA,NA,NA
ORQ,2023-03-02T00:00:00Z,2023-03-02T12:43:00Z,NA,Not Visible,Low,Not Visible,NA,NA,NA,NA,NA
ORQ,2023-04-11T00:00:00Z,2023-04-11T11:22:00Z,NA,Not Visible,Low,Not Visible,NA,NA,NA,NA,NA
ORQ,2023-05-31T00:00:00Z,2023-05-31T11:06:00Z,NA,Not Visible,Low,Not Visible,NA,NA,NA,NA,NA
ORQ,2023-07-25T00:00:00Z,2023-07-25T11:32:00Z,NA,Not Visible,Medium,Not Visible,NA,NA,NA,NA,3
ORQ,2023-09-05T00:00:00Z,2023-09-05T10:13:00Z,NA,Not Visible,Medium,Medium,NA,NA,NA,NA,NA
ORQ,2023-10-17T00:00:00Z,2023-10-17T09:56:00Z,NA,Not Visible,Low,Medium,NA,NA,NA,NA,NA
ORQ,2023-11-28T00:00:00Z,2023-11-28T12:42:00Z,NA,Not Visible,Medium,Low,NA,2,NA,NA,3
ORQ,2024-01-04T00:00:00Z,2024-01-04T11:44:00Z,NA,Low,Low,Low,NA,NA,NA,NA,NA
ORQ,2024-02-13T00:00:00Z,2024-02-13T11:52:00Z,NA,Not Visible,Medium,Not Visible,NA,NA,NA,NA,NA
ORQ,2024-03-14T00:00:00Z,2024-03-14T10:22:00Z,NA,Not Visible,Not Visible,Not Visible,NA,NA,NA,NA,NA
ORQ,2024-04-23T00:00:00Z,2024-04-23T12:15:00Z,NA,Not Visible,Low,Not Visible,NA,NA,NA,NA,NA
ORQ,2024-05-28T00:00:00Z,2024-05-28T10:50:00Z,NA,Not Visible,Medium,Not Visible,NA,NA,NA,NA,NA
ORQ,2024-06-25T00:00:00Z,2024-06-25T10:55:00Z,NA,Not Visible,Medium,Not Visible,NA,NA,NA,NA,NA
ORQ,2024-07-23T00:00:00Z,2024-07-23T08:15:00Z,NA,Not Visible,Medium,Low,NA,NA,NA,NA,NA
ORQ,2024-09-10T00:00:00Z,2024-09-10T09:50:00Z,NA,Not Visible,Medium,Low,NA,NA,NA,NA,NA
ORQ,2024-10-22T00:00:00Z,2024-10-22T11:07:00Z,NA,Not Visible,Medium,Low,NA,NA,NA,NA,NA
ORQ,2024-12-03T00:00:00Z,2024-12-03T11:49:00Z,NA,Not Visible,Medium,Not Visible,NA,NA,NA,NA,NA
ORQ,2025-01-08T00:00:00Z,2025-01-08T12:00:00Z,NA,Not Visible,Medium,Not Visible,NA,NA,3,NA,NA
ORQ,2025-02-20T00:00:00Z,2025-02-20T11:46:00Z,NA,Not Visible,Low,Not Visible,NA,NA,NA,NA,NA
ORQ,2025-03-18T00:00:00Z,2025-03-18T10:21:00Z,NA,Not Visible,Not Visible,Not Visible,NA,NA,NA,NA,NA
ORQ,2025-04-22T00:00:00Z,2025-04-22T10:37:00Z,NA,Not Visible,Not Visible,Not Visible,NA,NA,NA,NA,NA
ORQ,2025-05-28T00:00:00Z,2025-05-28T10:07:00Z,NA,Not Visible,Low,Not Visible,NA,NA,1,NA,NA
ORQ,2025-06-25T00:00:00Z,2025-06-25T09:13:00Z,NA,Not Visible,Not Visible,Low,NA,NA,NA,NA,NA
ORQ,2025-07-22T00:00:00Z,2025-07-22T09:30:00Z,vegetation wrapped around station piling.,Not Visible,Medium,Low,NA,NA,NA,NA,NA
ORQ,2025-08-25T00:00:00Z,2025-08-25T09:42:00Z,NA,Not Visible,Not Visible,Low,NA,NA,NA,NA,NA
ORQ,2025-09-25T00:00:00Z,2025-09-25T11:05:00Z,NA,Not Visible,Not Visible,Low,NA,NA,NA,NA,NA
ORQ,2025-10-30T00:00:00Z,2025-10-30T10:29:00Z,NA,Not Visible,Low,Low,NA,NA,1,NA,NA
ORX,2017-10-10T00:00:00Z,2017-10-10T10:30:00Z,NA,Not Visible,NA,Not Visible,NA,NA,NA,NA,NA
ORX,2017-11-01T00:00:00Z,2017-11-01T09:47:00Z,NA,NA,Not Visible,Not Visible,NA,NA,NA,NA,NA
ORX,2017-11-22T00:00:00Z,2017-11-22T10:35:00Z,NA,NA,Not Visible,Not Visible,NA,NA,NA,NA,NA
ORX,2017-12-15T00:00:00Z,2017-12-15T10:31:00Z,NA,NA,Medium,Not Visible,NA,2,NA,NA,NA
ORX,2018-01-04T00:00:00Z,2018-01-04T11:14:00Z,NA,NA,NA,Not Visible,NA,NA,NA,NA,NA
ORX,2018-01-24T00:00:00Z,2018-01-24T11:27:00Z,NA,NA,Not Visible,Not Visible,NA,NA,NA,NA,NA
ORX,2017-09-26T00:00:00Z,2017-09-26T10:00:00Z,NA,NA,NA,Not Visible,NA,NA,NA,NA,NA
ORX,2018-02-13T00:00:00Z,2018-02-13T11:06:00Z,NA,NA,Not Visible,Not Visible,NA,NA,NA,NA,NA
ORX,2018-03-14T00:00:00Z,2018-03-14T10:01:00Z,NA,NA,Not Visible,Not Visible,NA,NA,NA,NA,NA
ORX,2018-03-28T00:00:00Z,2018-03-28T09:45:00Z,NA,NA,Not Visible,Not Visible,NA,NA,NA,NA,NA
ORX,2018-05-01T00:00:00Z,2018-05-01T10:30:00Z,NA,NA,Not Visible,Not Visible,NA,NA,NA,NA,NA
ORX,2018-05-24T00:00:00Z,2018-05-24T10:19:00Z,NA,NA,Not Visible,Not Visible,NA,NA,NA,NA,NA
ORX,2018-05-29T00:00:00Z,2018-05-29T11:30:00Z,NA,NA,Not Visible,Not Visible,NA,NA,NA,NA,NA
ORX,2018-06-27T00:00:00Z,2018-06-27T09:48:00Z,NA,NA,Not Visible,Not Visible,NA,NA,NA,NA,NA
ORX,2018-07-17T00:00:00Z,2018-07-17T09:35:00Z,NA,Low,Not Visible,High,NA,NA,NA,NA,NA
ORX,2018-06-06T00:00:00Z,2018-06-06T10:02:00Z,NA,Not Visible,Not Visible,Not Visible,NA,NA,NA,NA,NA
ORX,2018-08-07T00:00:00Z,2018-08-07T09:38:00Z,NA,Low,Not Visible,High,NA,NA,NA,NA,NA
ORX,2018-08-28T00:00:00Z,2018-08-28T10:03:00Z,NA,Not Visible,Not Visible,Low,NA,NA,NA,NA,NA
ORX,2018-09-17T00:00:00Z,2018-09-17T10:02:00Z,Egeria,Low,Not Visible,Low,NA,NA,NA,NA,NA
ORX,2018-10-09T00:00:00Z,2018-10-09T11:18:00Z,NA,Low,Not Visible,Low,NA,NA,NA,NA,NA
ORX,2018-11-06T00:00:00Z,2018-11-06T10:13:00Z,NA,Not Visible,Not Visible,Not Visible,NA,NA,NA,NA,NA
ORX,2018-11-28T00:00:00Z,2018-11-28T12:34:00Z,NA,Not Visible,Not Visible,Not Visible,NA,NA,NA,NA,NA
ORX,2018-12-12T00:00:00Z,2018-12-12T11:28:00Z,NA,Low,Not Visible,Not Visible,NA,NA,NA,NA,NA
ORX,2019-01-08T00:00:00Z,2019-01-08T10:18:00Z,NA,Not Visible,Not Visible,Not Visible,NA,NA,NA,NA,NA
ORX,2019-01-30T00:00:00Z,2019-01-30T10:18:00Z,NA,Low,Not Visible,Not Visible,NA,NA,NA,NA,NA
ORX,2019-03-04T00:00:00Z,2019-03-04T11:43:00Z,NA,Not Visible,Not Visible,Not Visible,NA,NA,NA,NA,NA
ORX,2019-04-10T00:00:00Z,2019-04-10T10:32:00Z,NA,Not Visible,Not Visible,Not Visible,NA,NA,NA,NA,NA
ORX,2019-05-01T00:00:00Z,2019-05-01T10:17:00Z,NA,Low,Not Visible,Not Visible,NA,NA,NA,NA,NA
ORX,2019-05-29T00:00:00Z,2019-05-29T10:45:00Z,NA,Not Visible,Not Visible,Not Visible,NA,NA,NA,NA,NA
ORX,2019-06-25T00:00:00Z,2019-06-25T11:17:00Z,NA,Not Visible,Not Visible,Not Visible,NA,NA,NA,NA,NA
ORX,2019-07-09T00:00:00Z,2019-07-09T09:33:00Z,NA,Not Visible,Not Visible,Not Visible,NA,NA,NA,NA,NA
ORX,2019-08-06T00:00:00Z,2019-08-06T10:01:00Z,NA,Not Visible,Not Visible,Not Visible,NA,NA,NA,NA,NA
ORX,2019-09-04T00:00:00Z,2019-09-04T09:29:00Z,NA,Not Visible,Not Visible,Not Visible,NA,NA,NA,NA,NA
ORX,2019-09-25T00:00:00Z,2019-09-25T10:02:00Z,NA,Not Visible,Not Visible,Not Visible,NA,NA,NA,NA,NA
ORX,2019-11-06T00:00:00Z,2019-11-06T11:44:00Z,NA,Not Visible,Low,Not Visible,NA,NA,2,NA,NA
ORX,2019-12-04T00:00:00Z,2019-12-04T10:54:00Z,NA,Not Visible,Not Visible,Not Visible,NA,NA,NA,NA,NA
ORX,2020-01-02T00:00:00Z,2020-01-02T12:16:00Z,NA,Not Visible,Not Visible,Not Visible,NA,NA,NA,NA,NA
ORX,2020-02-19T00:00:00Z,2020-02-19T10:49:00Z,NA,Not Visible,Not Visible,Not Visible,NA,NA,NA,NA,NA
ORX,2020-03-18T00:00:00Z,2020-03-18T10:00:00Z,NA,Not Visible,Not Visible,Not Visible,NA,NA,NA,NA,NA
ORX,2020-04-21T00:00:00Z,2020-04-21T10:17:00Z,NA,Not Visible,Not Visible,Not Visible,NA,NA,NA,NA,NA
ORX,2020-05-12T00:00:00Z,2020-05-12T10:20:00Z,removed clump of egeria,High,Not Visible,Not Visible,NA,NA,NA,NA,NA
ORX,2020-06-16T00:00:00Z,2020-06-16T10:06:00Z,NA,Medium,Not Visible,Not Visible,NA,NA,NA,NA,NA
ORX,2020-07-07T00:00:00Z,2020-07-07T09:48:00Z,NA,Not Visible,Low,Not Visible,NA,NA,NA,NA,NA
ORX,2020-07-28T00:00:00Z,2020-07-28T10:10:00Z,NA,Medium,Low,Low,NA,NA,NA,NA,NA
ORX,2020-08-26T00:00:00Z,2020-08-26T09:20:00Z,NA,Not Visible,Low,High,NA,NA,2,NA,NA
ORX,2020-09-16T00:00:00Z,2020-09-16T10:11:00Z,NA,Not Visible,Medium,Low,NA,NA,NA,NA,NA
ORX,2020-10-07T00:00:00Z,2020-10-07T09:58:00Z,NA,Low,Low,Not Visible,NA,2,NA,NA,NA
ORX,2020-10-28T00:00:00Z,2020-10-28T09:42:00Z,NA,Medium,Not Visible,Not Visible,NA,NA,NA,NA,NA
ORX,2020-12-01T00:00:00Z,2020-12-01T10:04:00Z,NA,Not Visible,Not Visible,Not Visible,NA,NA,NA,NA,NA
ORX,2021-01-14T00:00:00Z,2021-01-14T11:27:00Z,NA,Not Visible,Low,Not Visible,2,2,2,NA,NA
ORX,2021-02-09T00:00:00Z,2021-02-09T10:35:00Z,NA,Not Visible,Low,Not Visible,NA,NA,NA,NA,NA
ORX,2021-03-10T00:00:00Z,2021-03-10T10:28:00Z,NA,Not Visible,Not Visible,Not Visible,NA,NA,NA,NA,NA
ORX,2021-04-07T00:00:00Z,2021-04-07T09:34:00Z,NA,Not Visible,Not Visible,Not Visible,NA,NA,NA,NA,NA
ORX,2021-05-04T00:00:00Z,2021-05-04T09:48:00Z,NA,NA,NA,Not Visible,NA,NA,NA,NA,NA
ORX,2021-06-10T00:00:00Z,2021-06-10T09:55:00Z,NA,Medium,Low,Medium,NA,NA,NA,NA,NA
ORX,2021-07-14T00:00:00Z,2021-07-14T10:18:00Z,NA,Medium,Low,Not Visible,NA,NA,NA,NA,NA
ORX,2021-08-11T00:00:00Z,2021-08-11T09:50:00Z,NA,Medium,Medium,Not Visible,NA,NA,NA,NA,NA
ORX,2021-09-08T00:00:00Z,2021-09-08T10:06:00Z,NA,Low,Medium,Not Visible,NA,NA,NA,NA,NA
ORX,2021-10-06T00:00:00Z,2021-10-06T09:30:00Z,NA,NA,NA,Not Visible,NA,NA,NA,NA,NA
ORX,2021-11-04T00:00:00Z,2021-11-04T09:05:00Z,NA,Not Visible,Not Visible,Not Visible,NA,NA,NA,NA,NA
ORX,2021-12-01T00:00:00Z,2021-12-01T10:01:00Z,NA,Not Visible,Low,Not Visible,NA,NA,NA,NA,NA
ORX,2022-01-12T00:00:00Z,2022-01-12T10:46:00Z,NA,Not Visible,Low,Not Visible,NA,NA,NA,NA,NA
ORX,2022-03-01T00:00:00Z,2022-03-01T12:01:00Z,NA,Not Visible,Not Visible,Not Visible,NA,NA,NA,NA,NA
ORX,2022-04-07T00:00:00Z,2022-04-07T11:30:00Z,NA,Not Visible,Not Visible,Not Visible,NA,NA,NA,NA,NA
ORX,2022-05-31T00:00:00Z,2022-05-31T09:21:00Z,NA,Not Visible,Not Visible,Not Visible,NA,NA,NA,NA,NA
ORX,2022-05-03T00:00:00Z,2022-05-03T09:05:00Z,NA,Not Visible,Low,Not Visible,NA,NA,NA,NA,NA
ORX,2022-06-29T00:00:00Z,2022-06-29T09:57:00Z,NA,Medium,Medium,Not Visible,NA,NA,NA,NA,NA
ORX,2022-08-02T00:00:00Z,2022-08-02T09:31:00Z,NA,Low,Medium,Low,NA,NA,NA,NA,NA
ORX,2022-09-07T00:00:00Z,2022-09-07T07:55:00Z,NA,Low,Extreme,Low,NA,NA,NA,NA,NA
ORX,2022-10-17T00:00:00Z,2022-10-17T10:13:00Z,NA,Low,Not Visible,Low,NA,NA,NA,NA,NA
ORX,2022-12-02T00:00:00Z,2022-12-02T10:32:00Z,NA,Not Visible,Not Visible,Not Visible,NA,NA,NA,NA,NA
ORX,2023-01-12T00:00:00Z,2023-01-12T10:47:00Z,"Tree hung on station and bank, creating large veg build up, unable to remove",Extreme,Extreme,NA,NA,NA,NA,NA,NA
ORX,2023-02-09T00:00:00Z,2023-02-09T12:45:00Z,NA,Not Visible,Not Visible,Not Visible,NA,NA,NA,NA,NA
ORX,2023-03-08T00:00:00Z,2023-03-08T11:34:00Z,NA,Not Visible,Not Visible,Not Visible,NA,NA,NA,NA,NA
ORX,2023-07-05T00:00:00Z,2023-07-05T10:20:00Z,NA,Not Visible,Not Visible,Not Visible,NA,NA,NA,NA,NA
ORX,2023-08-02T00:00:00Z,2023-08-02T09:16:00Z,NA,Not Visible,Not Visible,Not Visible,NA,NA,NA,NA,NA
ORX,2023-09-06T00:00:00Z,2023-09-06T10:15:00Z,NA,Not Visible,Not Visible,Not Visible,NA,NA,NA,NA,NA
ORX,2023-10-04T00:00:00Z,2023-10-04T10:55:00Z,NA,Not Visible,Not Visible,Not Visible,NA,NA,NA,NA,NA
ORX,2023-11-01T00:00:00Z,2023-11-01T09:48:00Z,NA,Not Visible,Not Visible,Not Visible,NA,NA,NA,NA,NA
ORX,2023-12-14T00:00:00Z,2023-12-14T10:31:00Z,NA,Not Visible,Not Visible,Not Visible,NA,NA,NA,NA,NA
ORX,2024-01-18T00:00:00Z,2024-01-18T10:28:00Z,NA,Not Visible,Not Visible,Not Visible,NA,NA,NA,NA,NA
ORX,2024-02-14T00:00:00Z,2024-02-14T10:30:00Z,NA,Not Visible,Not Visible,Not Visible,NA,NA,NA,NA,NA
ORX,2024-03-07T00:00:00Z,2024-03-07T10:33:00Z,NA,Not Visible,Not Visible,Not Visible,NA,NA,NA,NA,NA
ORX,2024-04-03T00:00:00Z,2024-04-03T09:40:00Z,NA,Not Visible,Not Visible,Not Visible,NA,NA,NA,NA,NA
ORX,2024-05-08T00:00:00Z,2024-05-08T09:20:00Z,NA,Not Visible,Not Visible,Not Visible,NA,NA,NA,NA,NA
ORX,2024-06-05T00:00:00Z,2024-06-05T10:10:00Z,NA,Not Visible,Not Visible,Not Visible,NA,NA,NA,NA,NA
ORX,2024-07-10T00:00:00Z,2024-07-10T10:10:00Z,NA,Not Visible,Not Visible,Not Visible,NA,NA,NA,NA,NA
ORX,2024-08-07T00:00:00Z,2024-08-07T08:22:00Z,NA,Not Visible,Not Visible,Not Visible,NA,NA,NA,NA,NA
ORX,2024-09-04T00:00:00Z,2024-09-04T08:37:00Z,NA,Not Visible,Not Visible,Not Visible,NA,NA,NA,NA,NA
ORX,2024-10-03T00:00:00Z,2024-10-03T08:38:00Z,NA,Not Visible,Not Visible,Not Visible,NA,NA,NA,NA,NA
ORX,2024-12-04T00:00:00Z,2024-12-04T11:29:00Z,NA,Not Visible,Low,Not Visible,NA,NA,NA,NA,NA
ORX,2025-01-14T00:00:00Z,2025-01-14T10:46:00Z,NA,Not Visible,Not Visible,Not Visible,NA,NA,NA,NA,NA
ORX,2025-02-05T00:00:00Z,2025-02-05T10:55:00Z,NA,Not Visible,Not Visible,Not Visible,NA,NA,NA,NA,NA
ORX,2025-03-06T00:00:00Z,2025-03-06T10:30:00Z,NA,Not Visible,Not Visible,Not Visible,NA,NA,NA,NA,NA
ORX,2025-04-02T00:00:00Z,2025-04-02T10:44:00Z,NA,Not Visible,Low,Not Visible,2,NA,NA,NA,NA
ORX,2025-05-07T00:00:00Z,2025-05-07T09:39:00Z,NA,Not Visible,Not Visible,Not Visible,NA,NA,NA,NA,NA
ORX,2025-06-04T00:00:00Z,2025-06-04T09:02:00Z,NA,Not Visible,Not Visible,Not Visible,NA,NA,NA,NA,NA
ORX,2025-07-08T00:00:00Z,2025-07-08T08:42:00Z,NA,Not Visible,Not Visible,Not Visible,NA,NA,NA,NA,NA
ORX,2025-08-06T00:00:00Z,2025-08-06T09:01:00Z,NA,Not Visible,Not Visible,Low,NA,NA,NA,NA,NA
ORX,2025-09-03T00:00:00Z,2025-09-03T09:00:00Z,NA,Not Visible,NA,Not Visible,NA,NA,NA,NA,NA
ORX,2025-10-01T00:00:00Z,2025-10-01T09:49:00Z,NA,Low,Low,Not Visible,NA,NA,2,NA,NA
ORX,2025-11-12T00:00:00Z,2025-11-12T10:48:00Z,NA,Not Visible,Low,Not Visible,NA,NA,2,NA,NA
OSJ,2017-10-11T00:00:00Z,2017-10-11T12:00:00Z,NA,NA,NA,Unknown,NA,NA,NA,NA,NA
OSJ,2017-11-14T00:00:00Z,2017-11-14T11:44:00Z,NA,NA,Not Visible,Low,NA,NA,NA,NA,NA
OSJ,2017-12-12T00:00:00Z,2017-12-12T11:15:00Z,NA,NA,Low,Not Visible,NA,NA,2,NA,NA
OSJ,2018-01-09T00:00:00Z,2018-01-09T12:18:00Z,NA,NA,NA,Not Visible,NA,NA,NA,NA,NA
OSJ,2018-02-07T00:00:00Z,2018-02-07T10:59:00Z,NA,NA,NA,Not Visible,NA,NA,NA,NA,NA
OSJ,2018-03-13T00:00:00Z,2018-03-13T11:01:00Z,NA,NA,NA,Not Visible,NA,NA,NA,NA,NA
OSJ,2018-04-11T00:00:00Z,2018-04-11T10:15:00Z,NA,NA,NA,Not Visible,NA,NA,NA,NA,NA
OSJ,2018-05-08T00:00:00Z,2018-05-08T09:56:00Z,NA,NA,NA,Not Visible,NA,NA,NA,NA,NA
OSJ,2018-06-05T00:00:00Z,2018-06-05T10:32:00Z,NA,NA,NA,Unknown,NA,NA,NA,NA,NA
OSJ,2018-07-03T00:00:00Z,2018-07-03T10:34:00Z,NA,NA,Not Visible,Medium,NA,NA,NA,NA,NA
OSJ,2018-07-24T00:00:00Z,2018-07-24T10:29:00Z,NA,Not Visible,Not Visible,Medium,NA,NA,NA,NA,NA
OSJ,2018-08-22T00:00:00Z,2018-08-22T10:50:00Z,NA,Not Visible,Low,Medium,NA,NA,1,NA,NA
OSJ,2018-09-26T00:00:00Z,2018-09-26T10:44:00Z,NA,NA,NA,Medium,NA,NA,NA,NA,NA
OSJ,2018-10-03T00:00:00Z,2018-10-03T10:48:00Z,NA,Not Visible,Low,Medium,NA,NA,1,NA,NA
OSJ,2018-10-24T00:00:00Z,2018-10-24T10:44:00Z,NA,Not Visible,Low,Medium,NA,NA,2,NA,NA
OSJ,2018-12-06T00:00:00Z,2018-12-06T10:57:00Z,NA,Not Visible,Not Visible,Low,NA,NA,NA,NA,NA
OSJ,2019-01-11T00:00:00Z,2019-01-11T11:45:00Z,NA,Not Visible,Not Visible,Not Visible,NA,NA,NA,NA,NA
OSJ,2019-02-06T00:00:00Z,2019-02-06T11:03:00Z,NA,Not Visible,Not Visible,Not Visible,NA,NA,NA,NA,NA
OSJ,2019-03-14T00:00:00Z,2019-03-14T12:34:00Z,NA,Not Visible,Not Visible,Not Visible,NA,NA,NA,NA,NA
OSJ,2019-04-16T00:00:00Z,2019-04-16T11:44:00Z,NA,Not Visible,Not Visible,Not Visible,NA,NA,NA,NA,NA
OSJ,2019-05-23T00:00:00Z,2019-05-23T10:30:00Z,NA,Not Visible,Not Visible,Not Visible,NA,NA,NA,NA,NA
OSJ,2019-06-18T00:00:00Z,2019-06-18T11:27:00Z,NA,Medium,Not Visible,Not Visible,NA,NA,NA,NA,NA
OSJ,2019-07-17T00:00:00Z,2019-07-17T10:45:00Z,NA,Low,Not Visible,Not Visible,NA,NA,NA,NA,NA
OSJ,2019-08-13T00:00:00Z,2019-08-13T11:31:00Z,NA,Medium,Not Visible,Low,NA,NA,NA,NA,NA
OSJ,2019-09-17T00:00:00Z,2019-09-17T10:55:00Z,NA,Not Visible,Low,Low,NA,NA,2,NA,2
OSJ,2019-10-30T00:00:00Z,2019-10-30T10:58:00Z,NA,Not Visible,Not Visible,Low,NA,NA,NA,NA,NA
OSJ,2019-12-11T00:00:00Z,2019-12-11T11:55:00Z,NA,Not Visible,Medium,Not Visible,NA,NA,NA,NA,3
OSJ,2020-02-05T00:00:00Z,2020-02-05T12:32:00Z,NA,Not Visible,Low,Not Visible,NA,NA,2,NA,NA
OSJ,2020-03-10T00:00:00Z,2020-03-10T10:35:00Z,NA,Not Visible,Not Visible,Not Visible,NA,NA,NA,NA,NA
OSJ,2020-04-14T00:00:00Z,2020-04-14T10:32:00Z,NA,Not Visible,Not Visible,Not Visible,NA,NA,NA,NA,NA
OSJ,2020-05-20T00:00:00Z,2020-05-20T09:49:00Z,Egeria,Medium,Medium,Medium,NA,NA,NA,NA,3
OSJ,2020-06-17T00:00:00Z,2020-06-17T11:14:00Z,NA,Medium,Low,Medium,NA,NA,NA,NA,2
OSJ,2020-07-29T00:00:00Z,2020-07-29T11:31:00Z,NA,Low,Low,Medium,NA,NA,NA,NA,NA
OSJ,2020-09-03T00:00:00Z,2020-09-03T11:04:00Z,NA,Low,Medium,High,NA,NA,NA,NA,NA
OSJ,2020-10-19T00:00:00Z,2020-10-19T10:31:00Z,NA,Not Visible,Medium,Low,NA,NA,NA,NA,NA
OSJ,2020-11-17T00:00:00Z,2020-11-17T10:45:00Z,NA,Not Visible,Low,Not Visible,NA,NA,NA,NA,NA
OSJ,2020-12-29T00:00:00Z,2020-12-29T11:32:00Z,NA,Not Visible,Low,Not Visible,NA,NA,NA,NA,NA
OSJ,2021-02-02T00:00:00Z,2021-02-02T12:10:00Z,NA,Not Visible,Low,Not Visible,NA,NA,NA,NA,NA
OSJ,2021-03-09T00:00:00Z,2021-03-09T11:19:00Z,NA,Not Visible,Not Visible,Not Visible,NA,NA,NA,NA,NA
OSJ,2021-04-20T00:00:00Z,2021-04-20T10:32:00Z,NA,Not Visible,Not Visible,Not Visible,NA,NA,NA,NA,NA
OSJ,2021-05-20T00:00:00Z,2021-05-20T12:11:00Z,NA,Not Visible,Low,Not Visible,NA,NA,NA,NA,NA
OSJ,2021-06-23T00:00:00Z,2021-06-23T11:55:00Z,NA,Low,Not Visible,Low,NA,NA,NA,NA,NA
OSJ,2021-07-20T00:00:00Z,2021-07-20T10:30:00Z,NA,Not Visible,Low,Medium,NA,NA,NA,NA,NA
OSJ,2021-08-18T00:00:00Z,2021-08-18T09:56:00Z,NA,Not Visible,Low,Low,NA,NA,NA,NA,NA
OSJ,2021-09-15T00:00:00Z,2021-09-15T10:05:00Z,NA,Not Visible,Low,Low,NA,NA,NA,NA,NA
OSJ,2021-10-15T00:00:00Z,2021-10-15T09:05:00Z,NA,Not Visible,High,Not Visible,NA,NA,NA,NA,NA
OSJ,2021-11-17T00:00:00Z,2021-11-17T11:35:00Z,NA,Not Visible,Low,Not Visible,NA,NA,NA,NA,NA
OSJ,2022-01-06T00:00:00Z,2022-01-06T11:42:00Z,NA,Not Visible,Low,Not Visible,NA,NA,NA,NA,NA
OSJ,2022-01-21T00:00:00Z,2022-01-21T08:42:00Z,NA,Not Visible,Low,Not Visible,NA,NA,NA,NA,NA
OSJ,2022-02-10T00:00:00Z,2022-02-10T09:45:00Z,Tule(2),Not Visible,Low,Not Visible,NA,NA,2,NA,NA
OSJ,2022-03-24T00:00:00Z,2022-03-24T11:11:00Z,NA,Not Visible,Not Visible,Not Visible,NA,NA,NA,NA,NA
OSJ,2022-04-26T00:00:00Z,2022-04-26T09:49:00Z,NA,Not Visible,Not Visible,Not Visible,NA,NA,NA,NA,NA
OSJ,2022-05-24T00:00:00Z,2022-05-24T09:14:00Z,NA,Not Visible,Not Visible,Not Visible,NA,NA,NA,NA,NA
OSJ,2022-06-28T00:00:00Z,2022-06-28T10:14:00Z,NA,Low,Not Visible,Low,NA,NA,NA,NA,NA
OSJ,2022-07-26T00:00:00Z,2022-07-26T09:48:00Z,NA,Not Visible,Low,Low,NA,NA,NA,NA,NA
OSJ,2022-08-31T00:00:00Z,2022-08-31T10:20:00Z,NA,Not Visible,Not Visible,Low,NA,NA,NA,NA,NA
OSJ,2022-09-08T00:00:00Z,2022-09-08T08:02:00Z,NA,Not Visible,Low,Low,NA,NA,NA,NA,NA
OSJ,2022-09-26T00:00:00Z,2022-09-26T10:30:00Z,NA,Not Visible,Low,Low,NA,NA,NA,NA,NA
OSJ,2022-10-25T00:00:00Z,2022-10-25T09:50:00Z,NA,Not Visible,Low,Low,NA,NA,NA,NA,NA
OSJ,2022-11-30T00:00:00Z,2022-11-30T12:00:00Z,NA,Not Visible,Not Visible,Not Visible,NA,NA,NA,NA,NA
OSJ,2023-01-17T00:00:00Z,2023-01-17T12:17:00Z,NA,Not Visible,Low,Not Visible,NA,NA,NA,NA,NA
OSJ,2023-02-21T00:00:00Z,2023-02-21T11:55:00Z,NA,Not Visible,Medium,Not Visible,NA,NA,NA,NA,NA
OSJ,2023-03-30T00:00:00Z,2023-03-30T11:03:00Z,NA,Low,Not Visible,Not Visible,NA,NA,NA,NA,NA
OSJ,2023-04-25T00:00:00Z,2023-04-25T10:28:00Z,NA,Not Visible,Low,Not Visible,NA,NA,NA,NA,NA
OSJ,2023-07-06T00:00:00Z,2023-07-06T09:56:00Z,NA,Not Visible,Low,Not Visible,NA,NA,NA,NA,NA
OSJ,2023-08-10T00:00:00Z,2023-08-10T10:15:00Z,NA,Not Visible,Low,Low,NA,NA,NA,NA,2
OSJ,2023-09-19T00:00:00Z,2023-09-19T10:49:00Z,NA,Not Visible,Medium,Low,NA,NA,NA,NA,NA
OSJ,2023-10-31T00:00:00Z,2023-10-31T11:33:00Z,NA,Medium,High,Low,NA,NA,NA,NA,NA
OSJ,2023-12-12T00:00:00Z,2023-12-12T11:45:00Z,NA,Not Visible,Low,Low,NA,NA,NA,NA,NA
OSJ,2024-01-30T00:00:00Z,2024-01-30T12:02:00Z,NA,Not Visible,Low,Not Visible,NA,NA,NA,NA,NA
OSJ,2024-02-29T00:00:00Z,2024-02-29T10:35:00Z,NA,Not Visible,Not Visible,Not Visible,NA,NA,NA,NA,NA
OSJ,2024-03-28T00:00:00Z,2024-03-28T09:20:00Z,NA,Low,Not Visible,Not Visible,NA,NA,NA,NA,NA
OSJ,2024-05-14T00:00:00Z,2024-05-14T10:35:00Z,NA,Low,Not Visible,Not Visible,NA,NA,NA,NA,NA
OSJ,2024-06-19T00:00:00Z,2024-06-19T10:29:00Z,NA,Not Visible,Low,Not Visible,NA,NA,NA,NA,NA
OSJ,2024-07-23T00:00:00Z,2024-07-23T09:11:00Z,NA,Low,Low,Low,NA,NA,NA,NA,NA
OSJ,2024-08-27T00:00:00Z,2024-08-27T09:35:00Z,NA,Low,Not Visible,Medium,NA,NA,NA,NA,NA
OSJ,2024-10-08T00:00:00Z,2024-10-08T10:08:00Z,NA,Low,Not Visible,Low,NA,NA,NA,NA,NA
OSJ,2024-11-14T00:00:00Z,2024-11-14T13:28:00Z,NA,Low,Not Visible,Not Visible,NA,NA,NA,NA,NA
OSJ,2024-12-17T00:00:00Z,2024-12-17T11:57:00Z,NA,Low,Not Visible,Not Visible,NA,NA,NA,NA,NA
OSJ,2025-01-29T00:00:00Z,2025-01-29T11:50:00Z,NA,Low,Not Visible,Not Visible,NA,NA,NA,NA,NA
OSJ,2025-03-11T00:00:00Z,2025-03-11T09:02:00Z,NA,Low,Not Visible,Not Visible,NA,NA,NA,NA,NA
OSJ,2025-04-15T00:00:00Z,2025-04-15T09:20:00Z,NA,Low,Not Visible,Not Visible,NA,NA,NA,NA,NA
OSJ,2025-05-13T00:00:00Z,2025-05-13T08:06:00Z,NA,Not Visible,Not Visible,Not Visible,NA,NA,NA,NA,NA
OSJ,2025-06-19T00:00:00Z,2025-06-19T08:04:00Z,NA,Low,Low,Low,NA,NA,NA,NA,NA
OSJ,2025-07-16T00:00:00Z,2025-07-16T09:26:00Z,NA,Low,Low,Medium,NA,NA,NA,NA,NA
OSJ,2025-08-13T00:00:00Z,2025-08-13T08:07:00Z,NA,Low,Not Visible,Low,NA,NA,NA,NA,NA
OSJ,2025-09-16T00:00:00Z,2025-09-16T08:04:00Z,NA,Medium,Not Visible,Medium,NA,NA,NA,NA,NA
OSJ,2025-10-09T00:00:00Z,2025-10-09T08:33:00Z,NA,Low,Low,Low,NA,NA,2,NA,NA
OSJ,2025-10-15T00:00:00Z,2025-10-15T11:57:00Z,NA,NA,NA,NA,NA,NA,NA,NA,NA
OSJ,2025-11-06T00:00:00Z,2025-11-06T10:06:00Z,NA,Low,Low,Low,NA,NA,NA,NA,NA
OTBD,2022-02-23T00:00:00Z,2022-02-23T10:23:00Z,NA,Medium,Low,NA,2,2,NA,NA,NA
OTBD,2022-03-31T00:00:00Z,2022-03-31T10:50:00Z,NA,NA,NA,NA,NA,NA,NA,NA,NA
OTBD,2022-04-27T00:00:00Z,2022-04-27T09:30:00Z,NA,Medium,Medium,Not Visible,NA,NA,NA,NA,NA
OTBD,2022-06-01T00:00:00Z,2022-06-01T10:04:00Z,NA,Medium,High,NA,NA,4,NA,NA,NA
OTBD,2022-07-27T00:00:00Z,2022-07-27T11:56:00Z,NA,High,High,Not Visible,NA,NA,NA,NA,NA
OTBD,2022-08-24T00:00:00Z,2022-08-24T08:31:00Z,NA,NA,Medium,NA,NA,NA,NA,NA,NA
OTBD,2022-09-28T00:00:00Z,2022-09-28T11:00:00Z,NA,Extreme,High,NA,NA,NA,NA,NA,NA
OTBD,2022-10-26T00:00:00Z,2022-10-26T10:50:00Z,NA,High,High,NA,NA,NA,NA,NA,NA
OTBD,2022-12-15T00:00:00Z,2022-12-15T14:43:00Z,NA,Medium,Medium,NA,NA,NA,NA,NA,NA
OTBD,2023-01-24T00:00:00Z,2023-01-24T12:35:00Z,NA,Not Visible,Low,Not Visible,NA,NA,2,NA,NA
OTBD,2023-09-27T00:00:00Z,2023-09-27T10:00:00Z,NA,Medium,Medium,Not Visible,NA,NA,NA,NA,NA
OTBD,2023-11-29T00:00:00Z,2023-11-29T12:53:00Z,NA,Medium,Medium,NA,NA,NA,NA,NA,NA
OTBD,2024-01-17T00:00:00Z,2024-01-17T10:07:00Z,NA,Not Visible,Low,Not Visible,NA,NA,NA,NA,NA
OTWW,2021-12-01T00:00:00Z,2021-12-01T13:19:00Z,NA,NA,NA,NA,NA,NA,NA,NA,NA
OTWW,2022-01-25T00:00:00Z,2022-01-25T12:34:00Z,NA,Not Visible,Not Visible,Not Visible,NA,NA,NA,NA,NA
OTWW,2022-03-01T00:00:00Z,2022-03-01T13:05:00Z,NA,Low,Not Visible,Not Visible,NA,NA,NA,NA,NA
OTWW,2022-04-07T00:00:00Z,2022-04-07T12:52:00Z,NA,Not Visible,Not Visible,Not Visible,NA,NA,NA,NA,NA
OTWW,2022-05-18T00:00:00Z,2022-05-18T09:56:00Z,NA,Low,Low,Not Visible,NA,NA,NA,NA,NA
OTWW,2022-07-21T00:00:00Z,2022-07-21T13:30:00Z,NA,Medium,Medium,NA,NA,NA,NA,NA,NA
OTWW,2022-08-17T00:00:00Z,2022-08-17T10:44:00Z,NA,Medium,Low,Not Visible,NA,NA,NA,NA,NA
OTWW,2022-09-21T00:00:00Z,2022-09-21T11:00:00Z,NA,Medium,Low,Not Visible,NA,NA,NA,NA,NA
OTWW,2022-10-19T00:00:00Z,2022-10-19T10:33:00Z,NA,NA,High,Not Visible,NA,3,3,NA,NA
OTWW,2022-11-16T00:00:00Z,2022-11-16T11:58:00Z,NA,Medium,Low,Not Visible,NA,NA,NA,NA,NA
OTWW,2023-02-15T00:00:00Z,2023-02-15T11:15:00Z,NA,Not Visible,Not Visible,Not Visible,NA,NA,NA,NA,NA
OTWW,2023-07-12T00:00:00Z,2023-07-12T11:20:00Z,NA,Not Visible,Not Visible,NA,NA,NA,NA,NA,NA
OTWW,2023-07-12T00:00:00Z,2023-07-12T11:20:00Z,NA,Not Visible,Not Visible,Not Visible,NA,NA,NA,NA,NA
OTWW,2023-08-16T00:00:00Z,2023-08-16T11:05:00Z,NA,NA,NA,Not Visible,NA,NA,NA,NA,NA
OTWW,2023-09-20T00:00:00Z,2023-09-20T11:04:00Z,NA,Not Visible,Not Visible,Not Visible,NA,NA,NA,NA,NA
OTWW,2023-10-26T00:00:00Z,2023-10-26T12:30:00Z,NA,Not Visible,Not Visible,Not Visible,NA,NA,NA,NA,NA
OTWW,2023-12-20T00:00:00Z,2023-12-20T13:03:00Z,NA,Not Visible,Not Visible,Not Visible,NA,NA,NA,NA,NA
OTWW,2024-02-06T00:00:00Z,2024-02-06T10:50:00Z,NA,Not Visible,Not Visible,Not Visible,NA,NA,NA,NA,NA
OTWW,2024-03-20T00:00:00Z,2024-03-20T12:01:00Z,NA,Not Visible,Not Visible,Not Visible,NA,NA,NA,NA,NA
OTWW,2024-04-24T00:00:00Z,2024-04-24T12:00:00Z,NA,Not Visible,Low,Not Visible,NA,NA,NA,NA,NA
OTWW,2024-05-22T00:00:00Z,2024-05-22T12:26:00Z,NA,Not Visible,Not Visible,Not Visible,NA,NA,NA,NA,NA
OTWW,2024-07-18T00:00:00Z,2024-07-18T09:51:00Z,NA,Not Visible,Low,Low,NA,NA,NA,NA,NA
OTWW,2024-08-21T00:00:00Z,2024-08-21T10:17:00Z,NA,Low,Not Visible,Not Visible,NA,NA,NA,NA,NA
OTWW,2024-09-24T00:00:00Z,2024-09-24T09:53:00Z,NA,Not Visible,Not Visible,Not Visible,NA,NA,NA,NA,NA
OTWW,2024-10-31T00:00:00Z,2024-10-31T11:23:00Z,NA,Low,Not Visible,Not Visible,NA,NA,NA,NA,NA
OTWW,2025-01-22T00:00:00Z,2025-01-22T12:48:00Z,NA,Not Visible,Not Visible,Not Visible,NA,NA,NA,NA,NA
OTWW,2025-03-26T00:00:00Z,2025-03-26T10:40:00Z,NA,Not Visible,Not Visible,NA,NA,NA,NA,NA,NA
OTWW,2025-04-24T00:00:00Z,2025-04-24T10:32:00Z,NA,Not Visible,Not Visible,Not Visible,NA,NA,NA,NA,NA
OTWW,2025-06-17T00:00:00Z,2025-06-17T09:41:00Z,NA,Low,Not Visible,Not Visible,NA,NA,NA,NA,NA
OTWW,2025-07-09T00:00:00Z,2025-07-09T10:14:00Z,NA,Low,Low,Not Visible,NA,NA,NA,NA,NA
OTWW,2025-08-12T00:00:00Z,2025-08-12T10:16:00Z,NA,Medium,Low,Not Visible,NA,NA,NA,NA,NA
OTWW,2025-09-09T00:00:00Z,2025-09-09T11:01:00Z,NA,Medium,Low,NA,NA,NA,NA,NA,2
PCCD,2021-12-01T00:00:00Z,2021-12-01T12:11:00Z,NA,High,Medium,Not Visible,NA,NA,3,NA,NA
PCCD,2022-01-25T00:00:00Z,2022-01-25T13:05:00Z,NA,Medium,Not Visible,Not Visible,NA,NA,NA,NA,NA
PCCD,2022-02-16T00:00:00Z,2022-02-16T13:43:00Z,NA,Low,Not Visible,Not Visible,NA,NA,NA,NA,NA
PCCD,2022-03-16T00:00:00Z,2022-03-16T11:42:00Z,NA,Medium,Not Visible,Not Visible,NA,NA,NA,NA,NA
PCCD,2022-04-20T00:00:00Z,2022-04-20T11:55:00Z,NA,NA,NA,NA,NA,NA,NA,NA,NA
PCCD,2022-05-18T00:00:00Z,2022-05-18T11:04:00Z,NA,Medium,Low,Not Visible,NA,NA,NA,NA,NA
PCCD,2022-06-15T00:00:00Z,2022-06-15T13:20:00Z,NA,High,NA,NA,NA,NA,NA,NA,NA
PCCD,2022-07-21T00:00:00Z,2022-07-21T12:43:00Z,NA,High,Not Visible,NA,NA,NA,NA,NA,NA
PCCD,2022-08-17T00:00:00Z,2022-08-17T11:42:00Z,NA,Medium,Low,NA,NA,NA,NA,NA,NA
PCCD,2022-09-21T00:00:00Z,2022-09-21T11:50:00Z,NA,Medium,Low,NA,NA,NA,NA,NA,NA
PCCD,2022-10-19T00:00:00Z,2022-10-19T11:25:00Z,NA,Medium,Medium,NA,NA,2,3,NA,NA
PCCD,2022-11-16T00:00:00Z,2022-11-16T11:05:00Z,NA,Medium,Medium,Not Visible,NA,NA,NA,NA,NA
PCCD,2023-03-15T00:00:00Z,2023-03-15T11:18:00Z,NA,Not Visible,Not Visible,Not Visible,NA,NA,NA,NA,NA
PCCD,2023-06-28T00:00:00Z,2023-06-28T12:28:00Z,NA,Not Visible,Not Visible,Not Visible,NA,NA,NA,NA,NA
PCCD,2023-07-20T00:00:00Z,2023-07-20T10:40:00Z,NA,High,Medium,Not Visible,NA,NA,NA,NA,NA
PCCD,2023-08-16T00:00:00Z,2023-08-16T12:52:00Z,NA,Not Visible,Low,Not Visible,NA,NA,2,NA,NA
PCCD,2023-01-24T00:00:00Z,2023-01-24T12:19:00Z,NA,Not Visible,Not Visible,Not Visible,NA,NA,NA,NA,NA
PCCD,2023-09-20T00:00:00Z,2023-09-20T10:25:00Z,NA,Not Visible,Not Visible,Not Visible,NA,NA,NA,NA,NA
PCCD,2023-10-26T00:00:00Z,2023-10-26T12:50:00Z,NA,Not Visible,Not Visible,Not Visible,NA,NA,NA,NA,NA
PCCD,2023-12-20T00:00:00Z,2023-12-20T13:26:00Z,NA,Not Visible,Not Visible,NA,NA,NA,NA,NA,NA
PCCD,2024-02-06T00:00:00Z,2024-02-06T12:30:00Z,NA,Not Visible,Not Visible,Not Visible,NA,NA,NA,NA,NA
PCCD,2024-04-24T00:00:00Z,2024-04-24T10:12:00Z,NA,Not Visible,Not Visible,Not Visible,NA,NA,NA,NA,NA
PCCD,2024-05-22T00:00:00Z,2024-05-22T13:21:00Z,NA,Medium,Not Visible,Not Visible,NA,NA,NA,NA,NA
PCCD,2024-07-18T00:00:00Z,2024-07-18T10:16:00Z,NA,NA,NA,NA,NA,NA,NA,NA,NA
PCCD,2024-08-21T00:00:00Z,2024-08-21T10:44:00Z,NA,Medium,Low,Not Visible,NA,NA,NA,NA,NA
PCCD,2024-09-24T00:00:00Z,2024-09-24T11:11:00Z,NA,Medium,Not Visible,Not Visible,NA,NA,NA,NA,NA
PCCD,2024-10-31T00:00:00Z,2024-10-31T09:51:00Z,NA,High,Low,Not Visible,NA,NA,NA,NA,NA
PCCD,2025-01-22T00:00:00Z,2025-01-22T11:05:00Z,NA,Medium,Low,Not Visible,NA,NA,NA,NA,NA
PCCD,2025-03-26T00:00:00Z,2025-03-26T12:24:00Z,NA,Medium,Medium,Not Visible,NA,NA,NA,NA,NA
PCCD,2025-06-17T00:00:00Z,2025-06-17T08:20:00Z,NA,Medium,Low,Not Visible,NA,NA,NA,NA,NA
PCCD,2025-07-31T00:00:00Z,2025-07-31T09:00:00Z,NA,Medium,Not Visible,Not Visible,NA,NA,NA,NA,NA
PCCD,2025-09-04T00:00:00Z,2025-09-04T09:55:00Z,NA,Medium,Low,Not Visible,NA,NA,NA,NA,NA
PCCU,2021-12-01T00:00:00Z,2021-12-01T12:41:00Z,NA,NA,Medium,Not Visible,NA,NA,3,NA,NA
PCCU,2022-01-25T00:00:00Z,2022-01-25T11:42:00Z,NA,Medium,Low,Not Visible,NA,NA,2,NA,NA
PCCU,2022-02-16T00:00:00Z,2022-02-16T13:18:00Z,NA,Not Visible,Low,Not Visible,NA,NA,NA,NA,NA
PCCU,2022-03-16T00:00:00Z,2022-03-16T12:04:00Z,NA,Medium,Low,Not Visible,NA,NA,NA,NA,NA
PCCU,2022-04-20T00:00:00Z,2022-04-20T11:25:00Z,NA,Medium,Low,Not Visible,NA,NA,NA,NA,NA
PCCU,2022-05-18T00:00:00Z,2022-05-18T09:29:00Z,NA,High,Medium,Not Visible,NA,NA,NA,NA,NA
PCCU,2022-06-15T00:00:00Z,2022-06-15T13:05:00Z,NA,Medium,Medium,NA,NA,NA,NA,NA,NA
PCCU,2022-07-21T00:00:00Z,2022-07-21T13:04:00Z,NA,High,High,NA,NA,NA,NA,NA,NA
PCCU,2022-08-17T00:00:00Z,2022-08-17T11:11:00Z,NA,Medium,Medium,Not Visible,NA,NA,NA,NA,NA
PCCU,2022-09-21T00:00:00Z,2022-09-21T11:30:00Z,NA,Medium,Low,Not Visible,NA,NA,NA,NA,NA
PCCU,2022-10-19T00:00:00Z,2022-10-19T10:57:00Z,NA,Medium,Medium,Not Visible,NA,3,2,NA,NA
PCCU,2022-11-16T00:00:00Z,2022-11-16T13:27:00Z,NA,High,Low,Not Visible,NA,NA,NA,NA,NA
PCCU,2023-01-24T00:00:00Z,2023-01-24T11:30:00Z,NA,Not Visible,Not Visible,Not Visible,NA,NA,NA,NA,NA
PCCU,2023-02-15T00:00:00Z,2023-02-15T11:29:00Z,NA,Not Visible,Not Visible,Not Visible,NA,NA,NA,NA,NA
PCCU,2023-08-16T00:00:00Z,2023-08-16T11:45:00Z,NA,Not Visible,Not Visible,Not Visible,NA,NA,NA,NA,NA
PCCU,2023-09-20T00:00:00Z,2023-09-20T10:35:00Z,NA,NA,Not Visible,Not Visible,NA,NA,NA,NA,NA
PCCU,2023-07-20T00:00:00Z,2023-07-20T10:10:00Z,NA,Not Visible,Not Visible,Not Visible,NA,NA,NA,NA,NA
PCCU,2023-10-26T00:00:00Z,2023-10-26T12:05:00Z,NA,Not Visible,Not Visible,Not Visible,NA,NA,NA,NA,NA
PCCU,2023-12-20T00:00:00Z,2023-12-20T12:41:00Z,NA,NA,NA,Not Visible,NA,NA,NA,NA,NA
PCCU,2024-02-06T00:00:00Z,2024-02-06T11:11:00Z,NA,Not Visible,Not Visible,Not Visible,NA,NA,NA,NA,NA
PCCU,2024-03-20T00:00:00Z,2024-03-20T11:16:00Z,NA,Not Visible,Not Visible,Not Visible,NA,NA,NA,NA,NA
PCCU,2024-04-24T00:00:00Z,2024-04-24T11:35:00Z,NA,Not Visible,Low,Not Visible,NA,NA,NA,NA,NA
PCCU,2024-07-18T00:00:00Z,2024-07-18T09:23:00Z,NA,Low,Not Visible,Not Visible,NA,NA,NA,NA,NA
PCCU,2024-08-21T00:00:00Z,2024-08-21T09:50:00Z,NA,Low,Low,Not Visible,NA,NA,NA,NA,NA
PCCU,2024-09-24T00:00:00Z,2024-09-24T10:14:00Z,NA,Not Visible,Not Visible,Not Visible,NA,NA,NA,NA,NA
PCCU,2024-10-31T00:00:00Z,2024-10-31T11:00:00Z,NA,Low,Not Visible,Not Visible,NA,NA,NA,NA,NA
PCCU,2025-01-22T00:00:00Z,2025-01-22T12:27:00Z,NA,Not Visible,Not Visible,Not Visible,NA,NA,NA,NA,NA
PCCU,2025-03-26T00:00:00Z,2025-03-26T11:00:00Z,NA,NA,NA,NA,NA,NA,NA,NA,NA
PCCU,2025-04-24T00:00:00Z,2025-04-24T09:56:00Z,NA,Not Visible,Not Visible,NA,NA,NA,NA,NA,NA
PCCU,2025-06-17T00:00:00Z,2025-06-17T09:25:00Z,NA,Low,Low,Not Visible,NA,NA,NA,NA,NA
PCNB,2023-06-28T00:00:00Z,2023-06-28T11:55:00Z,NA,Not Visible,Not Visible,Not Visible,NA,NA,NA,NA,NA
PCNB,2023-08-16T00:00:00Z,2023-08-16T10:40:00Z,NA,Not Visible,Not Visible,Not Visible,NA,NA,NA,NA,NA
PCNB,2023-09-20T00:00:00Z,2023-09-20T11:55:00Z,NA,Not Visible,Not Visible,Not Visible,NA,NA,NA,NA,NA
PCNB,2023-10-26T00:00:00Z,2023-10-26T11:35:00Z,NA,Not Visible,Not Visible,Not Visible,NA,NA,NA,NA,NA
PCNB,2023-12-20T00:00:00Z,2023-12-20T12:17:00Z,NA,Not Visible,Not Visible,Not Visible,NA,NA,NA,NA,NA
PCNB,2024-02-06T00:00:00Z,2024-02-06T12:05:00Z,NA,Not Visible,Not Visible,Not Visible,NA,NA,NA,NA,NA
PCNB,2024-04-24T00:00:00Z,2024-04-24T11:12:00Z,NA,Not Visible,Not Visible,Not Visible,NA,NA,NA,NA,NA
PCNB,2024-05-22T00:00:00Z,2024-05-22T11:30:00Z,NA,Not Visible,Not Visible,Not Visible,NA,NA,NA,NA,NA
PCNB,2024-07-18T00:00:00Z,2024-07-18T08:55:00Z,NA,Low,Not Visible,Not Visible,NA,NA,NA,NA,NA
PCNB,2024-08-21T00:00:00Z,2024-08-21T09:28:00Z,NA,Not Visible,Not Visible,Not Visible,NA,NA,NA,NA,NA
PCNB,2024-10-31T00:00:00Z,2024-10-31T10:42:00Z,NA,Low,Not Visible,Not Visible,NA,NA,NA,NA,NA
PCNB,2025-01-22T00:00:00Z,2025-01-22T12:04:00Z,NA,Low,Not Visible,Not Visible,NA,NA,NA,NA,NA
PCNB,2025-03-26T00:00:00Z,2025-03-26T11:45:00Z,NA,Not Visible,Not Visible,Not Visible,NA,NA,NA,NA,NA
PCNB,2025-07-31T00:00:00Z,2025-07-31T09:30:00Z,NA,Medium,Medium,Not Visible,NA,NA,NA,NA,NA
PCNB,2025-09-04T00:00:00Z,2025-09-04T09:19:00Z,NA,Low,Not Visible,Not Visible,NA,NA,NA,NA,NA
PCSB,2023-06-22T00:00:00Z,2023-06-22T12:00:00Z,NA,NA,NA,NA,NA,NA,NA,NA,NA
PCSB,2023-03-15T00:00:00Z,2023-03-15T10:31:00Z,NA,Not Visible,Not Visible,Not Visible,NA,NA,NA,NA,NA
PCSB,2023-08-16T00:00:00Z,2023-08-16T10:29:00Z,NA,Not Visible,Not Visible,Not Visible,NA,NA,NA,NA,NA
PCSB,2023-09-20T00:00:00Z,2023-09-20T11:44:00Z,NA,Not Visible,Not Visible,Not Visible,NA,NA,NA,NA,NA
PCSB,2023-10-26T00:00:00Z,2023-10-26T11:28:00Z,NA,Not Visible,Low,Not Visible,NA,NA,2,NA,NA
PCSB,2023-12-20T00:00:00Z,2023-12-20T12:06:00Z,NA,Not Visible,Not Visible,Not Visible,NA,NA,NA,NA,NA
PCSB,2024-02-06T00:00:00Z,2024-02-06T11:57:00Z,NA,Not Visible,Not Visible,Not Visible,NA,NA,NA,NA,NA
PCSB,2024-04-24T00:00:00Z,2024-04-24T11:00:00Z,NA,Not Visible,Low,Not Visible,NA,NA,NA,NA,NA
PCSB,2024-05-22T00:00:00Z,2024-05-22T11:17:00Z,NA,Not Visible,Not Visible,Not Visible,NA,NA,NA,NA,NA
PCSB,2024-07-18T00:00:00Z,2024-07-18T08:45:00Z,NA,Medium,Low,Not Visible,NA,NA,NA,NA,NA
PCSB,2024-08-21T00:00:00Z,2024-08-21T09:14:00Z,NA,High,Medium,Not Visible,NA,NA,NA,NA,NA
PCSB,2024-09-24T00:00:00Z,2024-09-24T10:43:00Z,NA,Medium,Not Visible,Not Visible,NA,NA,NA,NA,NA
PCSB,2024-10-31T00:00:00Z,2024-10-31T10:28:00Z,NA,High,Low,Not Visible,NA,NA,NA,NA,NA
PCSB,2025-03-26T00:00:00Z,2025-03-26T11:35:00Z,NA,Medium,Low,Not Visible,NA,NA,NA,NA,NA
PCSB,2025-07-31T00:00:00Z,2025-07-31T09:20:00Z,NA,Medium,Medium,Not Visible,NA,NA,NA,NA,NA
PCSB,2025-09-04T00:00:00Z,2025-09-04T09:12:00Z,NA,Medium,Not Visible,Not Visible,NA,NA,NA,NA,NA
PDC,2017-10-10T00:00:00Z,2017-10-10T10:07:00Z,NA,NA,NA,Absent,NA,NA,NA,NA,NA
PDC,2017-11-01T00:00:00Z,2017-11-01T08:45:00Z,NA,NA,Low,Not Visible,NA,NA,NA,NA,NA
PDC,2017-11-22T00:00:00Z,2017-11-22T09:58:00Z,NA,NA,Not Visible,Not Visible,NA,NA,NA,NA,NA
PDC,2017-12-15T00:00:00Z,2017-12-15T12:16:00Z,NA,NA,Not Visible,Not Visible,NA,NA,NA,NA,NA
PDC,2018-01-04T00:00:00Z,2018-01-04T10:48:00Z,NA,NA,NA,Not Visible,NA,NA,NA,NA,NA
PDC,2018-01-24T00:00:00Z,2018-01-24T11:03:00Z,NA,NA,Not Visible,Not Visible,NA,NA,NA,NA,NA
PDC,2017-09-07T00:00:00Z,2017-09-07T10:16:00Z,NA,NA,NA,NA,NA,NA,NA,NA,NA
PDC,2018-02-13T00:00:00Z,2018-02-13T10:28:00Z,NA,NA,Not Visible,Not Visible,NA,NA,NA,NA,NA
PDC,2018-04-12T00:00:00Z,2018-04-12T10:46:00Z,NA,Not Visible,Not Visible,Not Visible,NA,NA,NA,NA,NA
PDC,2018-05-24T00:00:00Z,2018-05-24T12:14:00Z,NA,NA,Not Visible,Not Visible,NA,NA,NA,NA,NA
PDC,2018-06-20T00:00:00Z,2018-06-20T09:45:00Z,NA,NA,NA,Low,NA,NA,NA,NA,NA
PDC,2018-07-11T00:00:00Z,2018-07-11T11:00:00Z,NA,NA,Not Visible,High,NA,NA,NA,NA,NA
PDC,2018-08-08T00:00:00Z,2018-08-08T10:45:00Z,NA,Not Visible,Low,High,NA,1,1,NA,NA
PDC,2018-08-29T00:00:00Z,2018-08-29T09:45:00Z,NA,Medium,High,Not Visible,NA,NA,NA,NA,NA
PDC,2018-10-10T00:00:00Z,2018-10-10T09:30:00Z,NA,Not Visible,Extreme,Not Visible,NA,NA,5,NA,NA
PDC,2018-11-28T00:00:00Z,2018-11-28T12:13:00Z,NA,Not Visible,Medium,Not Visible,NA,NA,3,NA,NA
PDC,2018-12-20T00:00:00Z,2018-12-20T10:30:00Z,NA,Not Visible,Medium,Not Visible,NA,NA,3,NA,NA
PDC,2019-01-15T00:00:00Z,2019-01-15T11:26:00Z,NA,Not Visible,Medium,Not Visible,NA,NA,2,NA,NA
PDC,2019-03-26T00:00:00Z,2019-03-26T10:46:00Z,NA,Not Visible,Not Visible,Not Visible,NA,NA,NA,NA,NA
PDC,2019-04-23T00:00:00Z,2019-04-23T10:13:00Z,NA,NA,Low,Not Visible,NA,NA,1,NA,NA
PDC,2019-05-23T00:00:00Z,2019-05-23T10:26:00Z,NA,Not Visible,Not Visible,Not Visible,NA,NA,NA,NA,NA
PDC,2019-06-25T00:00:00Z,2019-06-25T13:03:00Z,NA,Not Visible,Low,Not Visible,NA,NA,2,NA,NA
PDC,2019-07-09T00:00:00Z,2019-07-09T10:53:00Z,NA,Not Visible,Not Visible,Not Visible,NA,NA,NA,NA,NA
PDC,2019-08-06T00:00:00Z,2019-08-06T11:30:00Z,NA,Not Visible,Not Visible,Not Visible,NA,NA,NA,NA,NA
PDC,2019-09-04T00:00:00Z,2019-09-04T10:50:00Z,NA,Not Visible,Not Visible,NA,NA,NA,NA,NA,NA
PDC,2019-09-25T00:00:00Z,2019-09-25T11:20:00Z,NA,Not Visible,Not Visible,NA,NA,NA,NA,NA,NA
PDC,2019-11-06T00:00:00Z,2019-11-06T13:27:00Z,NA,Not Visible,Low,Not Visible,NA,1,2,NA,NA
PDC,2019-12-04T00:00:00Z,2019-12-04T12:13:00Z,NA,Not Visible,Low,Not Visible,NA,NA,2,NA,NA
PDC,2020-01-02T00:00:00Z,2020-01-02T13:30:00Z,NA,Not Visible,Low,Not Visible,NA,NA,NA,NA,NA
PDC,2020-02-19T00:00:00Z,2020-02-19T12:00:00Z,NA,Not Visible,Not Visible,Not Visible,NA,NA,NA,NA,NA
PDC,2020-04-21T00:00:00Z,2020-04-21T12:48:00Z,NA,Not Visible,Not Visible,Not Visible,NA,NA,NA,NA,NA
PDC,2020-05-12T00:00:00Z,2020-05-12T09:17:00Z,NA,Not Visible,Not Visible,Not Visible,NA,NA,NA,NA,NA
PDC,2020-03-18T00:00:00Z,2020-03-18T10:36:00Z,NA,Not Visible,Not Visible,Not Visible,NA,NA,NA,NA,NA
PDC,2020-07-28T00:00:00Z,2020-07-28T11:30:00Z,NA,Medium,Medium,Low,2,2,2,NA,NA
PDC,2020-08-26T00:00:00Z,2020-08-26T10:42:00Z,hyacinth soon to block channel,High,High,NA,NA,NA,4,NA,NA
PDC,2020-06-16T00:00:00Z,2020-06-16T09:03:00Z,NA,Not Visible,Medium,Not Visible,NA,3,NA,NA,NA
PDC,2020-07-07T00:00:00Z,2020-07-07T11:17:00Z,NA,Not Visible,Medium,NA,NA,3,NA,NA,NA
PDC,2020-10-07T00:00:00Z,2020-10-07T12:30:00Z,NA,Not Visible,Medium,Not Visible,NA,NA,3,NA,NA
PDC,2020-10-28T00:00:00Z,2020-10-28T13:13:00Z,NA,NA,Medium,Not Visible,NA,NA,NA,NA,NA
PDC,2020-12-01T00:00:00Z,2020-12-01T11:13:00Z,NA,Not Visible,Low,NA,NA,NA,NA,NA,NA
PDC,2021-01-14T00:00:00Z,2021-01-14T12:48:00Z,NA,Not Visible,Low,Not Visible,NA,NA,2,NA,NA
PDC,2021-02-09T00:00:00Z,2021-02-09T11:35:00Z,NA,Not Visible,Low,Not Visible,NA,NA,NA,NA,NA
PDC,2021-03-10T00:00:00Z,2021-03-10T11:33:00Z,NA,Not Visible,Low,Not Visible,NA,NA,1,NA,NA
PDC,2021-04-07T00:00:00Z,2021-04-07T10:46:00Z,NA,Medium,Not Visible,Not Visible,NA,NA,NA,NA,NA
PDC,2021-05-04T00:00:00Z,2021-05-04T10:55:00Z,NA,NA,Not Visible,Not Visible,NA,NA,NA,NA,NA
PDC,2021-06-10T00:00:00Z,2021-06-10T11:17:00Z,NA,Not Visible,Not Visible,Not Visible,NA,NA,NA,NA,NA
PDC,2021-07-14T00:00:00Z,2021-07-14T11:48:00Z,NA,High,Medium,Not Visible,NA,NA,NA,NA,NA
PDC,NA,NA,NA,NA,NA,NA,NA,NA,NA,NA,NA
PDC,2021-08-11T00:00:00Z,2021-08-11T11:17:00Z,NA,Low,Medium,Not Visible,NA,NA,NA,NA,NA
PDC,2021-09-08T00:00:00Z,2021-09-08T11:15:00Z,NA,Not Visible,Low,Not Visible,NA,NA,NA,NA,NA
PDC,2021-10-06T00:00:00Z,2021-10-06T10:58:00Z,NA,NA,NA,NA,NA,NA,NA,NA,NA
PDC,2021-11-04T00:00:00Z,2021-11-04T11:29:00Z,NA,Not Visible,Low,Not Visible,NA,NA,NA,NA,NA
PDC,2021-12-01T00:00:00Z,2021-12-01T11:10:00Z,NA,Medium,Not Visible,Not Visible,NA,NA,NA,NA,NA
PDC,2022-01-12T00:00:00Z,2022-01-12T11:43:00Z,NA,Not Visible,Low,Not Visible,NA,NA,NA,NA,NA
PDC,2022-01-25T00:00:00Z,2022-01-25T11:20:00Z,NA,Not Visible,Not Visible,Not Visible,NA,NA,NA,NA,NA
PDC,2022-02-16T00:00:00Z,2022-02-16T12:48:00Z,NA,Not Visible,Not Visible,Not Visible,NA,NA,NA,NA,NA
PDC,2022-03-16T00:00:00Z,2022-03-16T10:46:00Z,NA,Low,Low,Not Visible,NA,NA,NA,NA,NA
PDC,2022-04-20T00:00:00Z,2022-04-20T10:14:00Z,NA,Not Visible,Low,Not Visible,NA,NA,NA,NA,NA
PDC,2022-05-18T00:00:00Z,2022-05-18T10:31:00Z,NA,Low,Low,Not Visible,NA,NA,NA,NA,NA
PDC,2022-06-15T00:00:00Z,2022-06-15T12:45:00Z,NA,Low,Medium,NA,NA,NA,NA,NA,NA
PDC,2022-07-21T00:00:00Z,2022-07-21T13:58:00Z,NA,Medium,NA,NA,NA,NA,NA,NA,NA
PDC,2022-08-17T00:00:00Z,2022-08-17T10:05:00Z,NA,Medium,Medium,Not Visible,NA,NA,NA,NA,NA
PDC,2022-09-21T00:00:00Z,2022-09-21T10:28:00Z,NA,Low,Low,Not Visible,NA,NA,NA,NA,NA
PDC,2022-10-19T00:00:00Z,2022-10-19T10:03:00Z,NA,Medium,Medium,Not Visible,NA,3,NA,NA,NA
PDC,2022-11-16T00:00:00Z,2022-11-16T11:30:00Z,NA,Medium,Medium,Not Visible,NA,NA,NA,NA,NA
PDC,2023-01-18T00:00:00Z,2023-01-18T10:47:00Z,NA,Not Visible,Low,NA,NA,NA,2,NA,NA
PDC,2023-02-15T00:00:00Z,2023-02-15T10:48:00Z,NA,Not Visible,Not Visible,NA,NA,NA,NA,NA,NA
PDC,2023-06-28T00:00:00Z,2023-06-28T14:00:00Z,NA,Low,Not Visible,Not Visible,NA,NA,NA,NA,NA
PDC,2023-08-16T00:00:00Z,2023-08-16T10:01:00Z,NA,Not Visible,Not Visible,Not Visible,NA,NA,NA,NA,NA
PDC,2023-09-20T00:00:00Z,2023-09-20T12:17:00Z,NA,Not Visible,Not Visible,Not Visible,NA,NA,NA,NA,NA
PDC,2023-10-26T00:00:00Z,2023-10-26T10:50:00Z,NA,Not Visible,Low,Not Visible,NA,NA,2,NA,NA
PDC,2023-12-20T00:00:00Z,2023-12-20T11:35:00Z,NA,Not Visible,Low,Not Visible,NA,NA,NA,NA,NA
PDC,2024-02-06T00:00:00Z,2024-02-06T11:33:00Z,log on station,Not Visible,Not Visible,Not Visible,NA,NA,NA,NA,NA
PDC,2024-03-20T00:00:00Z,2024-03-20T10:27:00Z,NA,Not Visible,Not Visible,Not Visible,NA,NA,NA,NA,NA
PDC,2024-04-24T00:00:00Z,2024-04-24T10:20:00Z,NA,Not Visible,Low,Not Visible,NA,NA,NA,NA,NA
PDC,2024-05-22T00:00:00Z,2024-05-22T10:45:00Z,NA,Not Visible,Not Visible,Not Visible,NA,NA,NA,NA,NA
PDC,2024-07-18T00:00:00Z,2024-07-18T08:21:00Z,NA,Low,Not Visible,Not Visible,NA,NA,NA,NA,NA
PDC,2024-08-21T00:00:00Z,2024-08-21T08:42:00Z,NA,Not Visible,Not Visible,Not Visible,NA,NA,NA,NA,NA
PDC,2024-09-17T00:00:00Z,2024-09-17T10:04:00Z,NA,Not Visible,Low,Not Visible,NA,NA,NA,NA,NA
PDC,2024-10-31T00:00:00Z,2024-10-31T10:03:00Z,NA,Low,Low,Not Visible,NA,NA,NA,NA,NA
PDC,2024-11-19T00:00:00Z,2024-11-19T10:02:00Z,NA,Low,Low,Not Visible,NA,NA,NA,NA,NA
PDC,2025-01-22T00:00:00Z,2025-01-22T11:18:00Z,NA,Not Visible,Not Visible,Not Visible,NA,NA,NA,NA,NA
PDC,2025-02-26T00:00:00Z,2025-02-26T11:35:00Z,NA,Not Visible,Not Visible,Medium,NA,NA,NA,NA,NA
PDC,2025-03-26T00:00:00Z,2025-03-26T11:13:00Z,NA,Not Visible,Not Visible,NA,NA,NA,NA,NA,NA
PDC,2025-04-24T00:00:00Z,2025-04-24T09:24:00Z,NA,Not Visible,Not Visible,Not Visible,NA,NA,NA,NA,NA
PDC,2025-06-17T00:00:00Z,2025-06-17T08:31:00Z,NA,Not Visible,Low,Not Visible,NA,NA,NA,NA,NA
PDC,2025-07-09T00:00:00Z,2025-07-09T09:34:00Z,NA,Not Visible,Low,Not Visible,NA,NA,1,NA,NA
PDC,2025-08-12T00:00:00Z,2025-08-12T09:35:00Z,NA,Not Visible,Not Visible,Not Visible,NA,NA,NA,NA,NA
PDC,2025-09-09T00:00:00Z,2025-09-09T09:33:00Z,NA,Low,Low,Not Visible,NA,NA,2,NA,NA
PDC,2025-10-08T00:00:00Z,2025-10-08T09:20:00Z,NA,Not Visible,High,Not Visible,NA,NA,4,NA,NA
PDU,2024-03-13T00:00:00Z,2024-03-13T13:01:00Z,NA,Not Visible,Not Visible,Not Visible,NA,NA,NA,NA,NA
PDU,2024-04-08T00:00:00Z,2024-04-08T11:42:00Z,NA,Not Visible,Not Visible,Not Visible,NA,NA,NA,NA,NA
PDU,2024-05-23T00:00:00Z,2024-05-23T10:30:00Z,NA,Low,Low,Not Visible,NA,NA,NA,NA,NA
PDU,2024-07-08T00:00:00Z,2024-07-08T12:00:00Z,NA,Not Visible,Not Visible,Not Visible,NA,NA,NA,NA,NA
PDU,2024-08-12T00:00:00Z,2024-08-12T11:44:00Z,NA,Not Visible,Not Visible,Not Visible,NA,NA,NA,NA,NA
PDU,2024-09-12T00:00:00Z,2024-09-12T12:50:00Z,NA,Low,Low,Not Visible,NA,NA,NA,NA,NA
PDU,2024-10-15T00:00:00Z,2024-10-15T11:05:00Z,NA,Not Visible,Not Visible,Not Visible,NA,NA,NA,NA,NA
PDU,2024-11-12T00:00:00Z,2024-11-12T13:26:00Z,NA,Low,Not Visible,Not Visible,NA,NA,NA,NA,NA
PDU,2024-12-09T00:00:00Z,2024-12-09T12:05:00Z,NA,Not Visible,Not Visible,Not Visible,NA,NA,NA,NA,NA
PDU,2025-01-13T00:00:00Z,2025-01-13T13:05:00Z,NA,Not Visible,Not Visible,Not Visible,NA,NA,NA,NA,NA
PDU,2025-02-26T00:00:00Z,2025-02-26T10:03:00Z,NA,Not Visible,Not Visible,Not Visible,NA,NA,NA,NA,NA
PDU,2025-04-04T00:00:00Z,2025-04-04T11:27:00Z,NA,Medium,Low,Not Visible,NA,NA,NA,NA,NA
PDU,2025-05-12T00:00:00Z,2025-05-12T13:40:00Z,NA,Not Visible,Not Visible,Not Visible,NA,NA,NA,NA,NA
PDU,2025-06-09T00:00:00Z,2025-06-09T12:45:00Z,NA,Low,Low,Not Visible,NA,NA,NA,NA,NA
PDU,2025-07-17T00:00:00Z,2025-07-17T13:10:00Z,NA,Low,Low,Not Visible,NA,NA,NA,NA,NA
PDU,2025-08-11T00:00:00Z,2025-08-11T10:45:00Z,NA,Low,Low,Not Visible,NA,NA,NA,NA,NA
PDU,2025-09-09T00:00:00Z,2025-09-09T10:01:00Z,NA,Low,Low,Not Visible,NA,NA,NA,NA,NA
PDU,2025-10-08T00:00:00Z,2025-10-08T09:55:00Z,NA,NA,NA,Not Visible,NA,NA,NA,NA,NA
PDUP,2017-10-17T00:00:00Z,2017-10-17T08:48:00Z,NA,NA,Low,Not Visible,NA,NA,2,NA,NA
PDUP,2017-11-08T00:00:00Z,2017-11-08T09:16:00Z,NA,NA,Low,Not Visible,NA,NA,2,NA,NA
PDUP,2017-11-28T00:00:00Z,2017-11-28T09:45:00Z,NA,NA,NA,Not Visible,NA,NA,NA,NA,NA
PDUP,2017-12-19T00:00:00Z,2017-12-19T09:34:00Z,NA,NA,Not Visible,Not Visible,NA,NA,NA,NA,NA
PDUP,2018-01-05T00:00:00Z,2018-01-05T10:43:00Z,NA,NA,NA,Not Visible,NA,NA,NA,NA,NA
PDUP,2017-09-06T00:00:00Z,2017-09-06T08:30:00Z,NA,NA,NA,NA,NA,NA,NA,NA,NA
PDUP,2017-09-21T00:00:00Z,2017-09-21T09:58:00Z,NA,NA,NA,NA,NA,NA,NA,NA,NA
PDUP,2017-10-04T00:00:00Z,2017-10-04T08:45:00Z,NA,NA,NA,NA,NA,NA,NA,NA,NA
PDUP,2018-01-31T00:00:00Z,2018-01-31T11:30:00Z,NA,NA,Not Visible,Not Visible,NA,NA,NA,NA,NA
PDUP,2018-02-20T00:00:00Z,2018-02-20T12:00:00Z,NA,NA,Not Visible,Not Visible,NA,NA,NA,NA,NA
PDUP,2018-03-26T00:00:00Z,2018-03-26T11:41:00Z,NA,NA,Not Visible,Not Visible,NA,NA,NA,NA,NA
PDUP,2018-04-10T00:00:00Z,2018-04-10T10:14:00Z,NA,NA,Not Visible,Not Visible,NA,NA,NA,NA,NA
PDUP,2018-05-10T00:00:00Z,2018-05-10T09:35:00Z,NA,Not Visible,NA,Not Visible,NA,NA,NA,NA,NA
PDUP,2018-06-06T00:00:00Z,2018-06-06T11:20:00Z,NA,NA,Not Visible,Not Visible,NA,NA,NA,NA,NA
PDUP,2018-07-11T00:00:00Z,2018-07-11T09:02:00Z,NA,NA,Low,Medium,NA,NA,2,NA,NA
PDUP,2018-07-25T00:00:00Z,2018-07-25T08:25:00Z,NA,Not Visible,Low,High,NA,NA,2,NA,NA
PDUP,2018-08-08T00:00:00Z,2018-08-08T08:30:00Z,NA,NA,Low,Not Visible,NA,NA,1,NA,NA
PDUP,2018-08-29T00:00:00Z,2018-08-29T08:32:00Z,NA,Low,Medium,Not Visible,1,1,2,NA,NA
PDUP,2018-09-19T00:00:00Z,2018-09-19T08:28:00Z,NA,Not Visible,High,Not Visible,2,2,4,NA,NA
PDUP,2018-10-10T00:00:00Z,2018-10-10T09:19:00Z,NA,Not Visible,Low,Not Visible,NA,NA,1,NA,NA
PDUP,2018-10-31T00:00:00Z,2018-10-31T08:16:00Z,NA,Not Visible,Extreme,Not Visible,NA,NA,5,NA,NA
PDUP,2018-11-28T00:00:00Z,2018-11-28T10:30:00Z,NA,Not Visible,Low,Not Visible,NA,NA,1,NA,NA
PDUP,2018-12-20T00:00:00Z,2018-12-20T09:00:00Z,NA,Low,Low,Not Visible,NA,NA,NA,NA,NA
PDUP,2019-01-15T00:00:00Z,2019-01-15T09:55:00Z,NA,Not Visible,Medium,Not Visible,NA,NA,1,NA,NA
PDUP,2019-02-21T00:00:00Z,2019-02-21T09:26:00Z,NA,Low,Low,Not Visible,NA,NA,NA,NA,NA
PDUP,2019-03-26T00:00:00Z,2019-03-26T09:00:00Z,NA,Not Visible,Not Visible,Not Visible,NA,NA,NA,NA,NA
PDUP,2019-04-23T00:00:00Z,2019-04-23T08:31:00Z,NA,Not Visible,Low,Not Visible,NA,2,NA,NA,NA
PDUP,2019-05-23T00:00:00Z,2019-05-23T08:29:00Z,NA,Not Visible,Medium,Not Visible,NA,NA,3,NA,NA
PDUP,2019-06-12T00:00:00Z,2019-06-12T10:00:00Z,NA,Medium,Low,Not Visible,NA,2,2,NA,NA
PDUP,2019-07-24T00:00:00Z,2019-07-24T09:00:00Z,NA,Low,Not Visible,Not Visible,NA,NA,NA,NA,NA
PDUP,2019-08-21T00:00:00Z,2019-08-21T09:35:00Z,NA,Medium,Low,NA,NA,2,NA,NA,NA
PDUP,2019-09-11T00:00:00Z,2019-09-11T10:05:00Z,NA,Not Visible,Medium,NA,NA,NA,NA,NA,NA
PDUP,2019-10-29T00:00:00Z,2019-10-29T10:30:00Z,NA,Not Visible,Low,High,NA,NA,NA,NA,NA
PDUP,2019-11-21T00:00:00Z,2019-11-21T11:35:00Z,NA,Not Visible,Not Visible,High,NA,NA,NA,NA,NA
PDUP,2020-01-09T00:00:00Z,2020-01-09T10:43:00Z,NA,Not Visible,Not Visible,Not Visible,NA,NA,NA,NA,NA
PDUP,2020-02-04T00:00:00Z,2020-02-04T10:00:00Z,NA,Not Visible,Not Visible,Not Visible,NA,NA,NA,NA,NA
PDUP,2020-03-04T00:00:00Z,2020-03-04T10:11:00Z,NA,Not Visible,Not Visible,NA,NA,NA,NA,NA,NA
PDUP,2020-03-17T00:00:00Z,2020-03-17T10:11:00Z,NA,Not Visible,Not Visible,Not Visible,NA,NA,NA,NA,NA
PDUP,2020-04-07T00:00:00Z,2020-04-07T10:05:00Z,NA,Not Visible,Not Visible,Not Visible,NA,NA,NA,NA,NA
PDUP,2020-04-29T00:00:00Z,2020-04-29T10:35:00Z,NA,Not Visible,Not Visible,Not Visible,NA,NA,NA,NA,NA
PDUP,2020-05-18T00:00:00Z,2020-05-18T11:36:00Z,NA,Not Visible,Not Visible,NA,NA,NA,NA,NA,NA
PDUP,2020-06-17T00:00:00Z,2020-06-17T10:40:00Z,NA,Not Visible,Not Visible,Not Visible,NA,NA,NA,NA,NA
PDUP,2020-08-05T00:00:00Z,2020-08-05T11:20:00Z,NA,Not Visible,Not Visible,Not Visible,NA,NA,NA,NA,NA
PDUP,2020-09-02T00:00:00Z,2020-09-02T10:30:00Z,NA,Not Visible,Medium,NA,NA,3,2,NA,NA
PDUP,2020-09-22T00:00:00Z,2020-09-22T11:03:00Z,NA,Not Visible,Medium,NA,NA,3,NA,NA,NA
PDUP,2020-10-13T00:00:00Z,2020-10-13T11:03:00Z,NA,Medium,High,NA,NA,4,4,NA,NA
PDUP,2020-11-18T00:00:00Z,2020-11-18T09:18:00Z,NA,Not Visible,Low,Medium,NA,NA,NA,NA,NA
PDUP,2020-12-21T00:00:00Z,2020-12-21T11:40:00Z,NA,Not Visible,Not Visible,Not Visible,NA,NA,NA,NA,NA
PDUP,2021-02-11T00:00:00Z,2021-02-11T07:55:00Z,NA,Low,Not Visible,Not Visible,NA,NA,NA,NA,NA
PDUP,2021-03-18T00:00:00Z,2021-03-18T09:15:00Z,NA,NA,NA,NA,NA,NA,NA,NA,NA
R22W,2023-10-26T00:00:00Z,2023-10-26T08:57:00Z,NA,NA,Low,Not Visible,NA,NA,NA,NA,2
R22W,2023-11-20T00:00:00Z,2023-11-20T13:26:00Z,NA,Not Visible,Low,Not Visible,NA,NA,NA,NA,NA
R22W,2023-12-18T00:00:00Z,2023-12-18T13:55:00Z,NA,Not Visible,Low,Not Visible,NA,NA,NA,NA,2
R22W,2024-01-16T00:00:00Z,2024-01-16T13:29:00Z,NA,Not Visible,Low,Not Visible,2,NA,NA,NA,NA
R22W,2024-04-30T00:00:00Z,2024-04-30T08:30:00Z,NA,Not Visible,Low,Not Visible,NA,NA,NA,NA,2
R22W,2024-06-04T00:00:00Z,2024-06-04T07:56:00Z,NA,Not Visible,Not Visible,Not Visible,NA,NA,NA,NA,NA
R22W,2024-07-02T00:00:00Z,2024-07-02T07:00:00Z,NA,Low,Not Visible,Not Visible,NA,NA,NA,NA,NA
R22W,2024-08-06T00:00:00Z,2024-08-06T07:44:00Z,NA,Not Visible,Low,Not Visible,NA,NA,NA,NA,NA
R22W,2024-09-04T00:00:00Z,2024-09-04T07:14:00Z,NA,Not Visible,Not Visible,Not Visible,NA,NA,NA,NA,NA
R22W,2024-10-08T00:00:00Z,2024-10-08T07:45:00Z,NA,Not Visible,Not Visible,Not Visible,NA,NA,NA,NA,NA
R22W,2024-11-05T00:00:00Z,2024-11-05T08:44:00Z,NA,Not Visible,Low,Not Visible,NA,NA,NA,NA,NA
R22W,2024-12-03T00:00:00Z,2024-12-03T08:31:00Z,NA,Not Visible,Not Visible,Not Visible,NA,NA,NA,NA,NA
R22W,2025-01-16T00:00:00Z,2025-01-16T08:30:00Z,NA,Not Visible,Not Visible,Not Visible,NA,NA,NA,NA,NA
R22W,2025-02-04T00:00:00Z,2025-02-04T08:44:00Z,Small red and green plant that looks like a hop around the station.,Not Visible,Low,Not Visible,NA,NA,NA,NA,NA
R22W,2025-03-11T00:00:00Z,2025-03-11T07:31:00Z,NA,Not Visible,Not Visible,Not Visible,NA,NA,NA,NA,NA
R22W,2025-04-01T00:00:00Z,2025-04-01T10:04:00Z,NA,Not Visible,Not Visible,Not Visible,NA,NA,NA,NA,NA
R22W,2025-05-06T00:00:00Z,2025-05-06T08:00:00Z,NA,Not Visible,Not Visible,Not Visible,NA,NA,NA,NA,NA
R22W,2025-06-04T00:00:00Z,2025-06-04T07:31:00Z,NA,Not Visible,Not Visible,Not Visible,NA,NA,NA,NA,NA
R22W,2025-07-01T00:00:00Z,2025-07-01T07:31:00Z,NA,Not Visible,Low,Not Visible,NA,NA,NA,NA,NA
R22W,2025-08-05T00:00:00Z,2025-08-05T09:30:00Z,NA,Not Visible,Medium,Not Visible,NA,NA,NA,NA,3
R22W,2025-08-28T00:00:00Z,2025-08-28T07:13:00Z,NA,Not Visible,Medium,Not Visible,NA,NA,NA,NA,3
R22W,2025-09-25T00:00:00Z,2025-09-25T08:14:00Z,NA,Not Visible,Medium,Not Visible,NA,NA,NA,NA,3
R22W,2025-10-28T00:00:00Z,2025-10-28T08:29:00Z,NA,Not Visible,Medium,Not Visible,NA,NA,NA,NA,3
R22W,2025-11-25T00:00:00Z,2025-11-25T09:16:00Z,NA,Not Visible,Medium,Not Visible,NA,NA,NA,NA,3
RCS,2019-08-01T00:00:00Z,2019-08-01T08:58:00Z,NA,Not Visible,Not Visible,Not Visible,NA,NA,NA,NA,NA
RCS,2019-08-23T00:00:00Z,2019-08-23T08:59:00Z,NA,Not Visible,Not Visible,Not Visible,NA,NA,NA,NA,NA
RCS,2019-09-26T00:00:00Z,2019-09-26T08:35:00Z,NA,Low,Medium,Not Visible,NA,NA,NA,NA,NA
RCS,2019-10-24T00:00:00Z,2019-10-24T09:47:00Z,NA,Not Visible,Not Visible,Not Visible,NA,NA,NA,NA,NA
RCS,2019-12-03T00:00:00Z,2019-12-03T10:13:00Z,NA,Not Visible,Not Visible,Not Visible,NA,NA,NA,NA,NA
RCS,2020-07-21T00:00:00Z,2020-07-21T09:16:00Z,NA,Not Visible,Not Visible,Not Visible,NA,NA,NA,NA,NA
RCS,2020-08-20T00:00:00Z,2020-08-20T08:35:00Z,NA,Not Visible,Not Visible,Not Visible,NA,NA,NA,NA,NA
RCS,2020-09-15T00:00:00Z,2020-09-15T08:13:00Z,NA,Not Visible,Medium,Not Visible,NA,NA,NA,NA,NA
RCS,2020-10-13T00:00:00Z,2020-10-13T10:09:00Z,NA,Not Visible,Not Visible,Not Visible,NA,NA,NA,NA,NA
RCS,2020-11-12T00:00:00Z,2020-11-12T09:29:00Z,NA,Not Visible,Not Visible,Not Visible,NA,NA,NA,NA,NA
RCS,2021-09-22T00:00:00Z,2021-09-22T09:02:00Z,NA,Not Visible,Medium,Not Visible,NA,NA,NA,NA,NA
RCS,2021-11-03T00:00:00Z,2021-11-03T08:13:00Z,NA,Not Visible,Not Visible,Not Visible,NA,NA,NA,NA,NA
RCS,2021-11-17T00:00:00Z,2021-11-17T09:16:00Z,NA,Not Visible,Not Visible,Not Visible,NA,NA,NA,NA,NA
RCS,2023-08-01T00:00:00Z,2023-08-01T08:10:00Z,NA,Not Visible,Not Visible,Not Visible,NA,NA,NA,NA,NA
RCS,2023-08-29T00:00:00Z,2023-08-29T08:02:00Z,NA,Not Visible,Not Visible,Not Visible,NA,NA,NA,NA,NA
RCS,2023-09-26T00:00:00Z,2023-09-26T08:00:00Z,NA,Not Visible,Not Visible,Not Visible,NA,NA,NA,NA,NA
RCS,2023-11-06T00:00:00Z,2023-11-06T09:12:00Z,NA,Not Visible,Not Visible,Not Visible,NA,NA,NA,NA,NA
RCS,2024-07-09T00:00:00Z,2024-07-09T07:57:00Z,NA,Not Visible,Low,Not Visible,NA,NA,NA,NA,NA
RCS,2024-08-08T00:00:00Z,2024-08-08T07:57:00Z,NA,Not Visible,Not Visible,Not Visible,NA,NA,NA,NA,NA
RCS,2024-09-11T00:00:00Z,2024-09-11T08:05:00Z,NA,Not Visible,Low,Low,NA,NA,NA,NA,NA
RCS,2024-10-10T00:00:00Z,2024-10-10T07:44:00Z,NA,Not Visible,Not Visible,Not Visible,NA,NA,NA,NA,NA
RCS,2024-11-06T00:00:00Z,2024-11-06T08:41:00Z,NA,Not Visible,Not Visible,Not Visible,NA,NA,NA,NA,NA
RD22,2019-08-01T00:00:00Z,2019-08-01T10:15:00Z,NA,Not Visible,Not Visible,Not Visible,NA,NA,NA,NA,NA
RD22,2019-08-23T00:00:00Z,2019-08-23T10:16:00Z,NA,Not Visible,Low,Not Visible,NA,NA,NA,NA,NA
RD22,2019-09-26T00:00:00Z,2019-09-26T09:29:00Z,NA,Not Visible,Not Visible,Not Visible,NA,NA,NA,NA,NA
RD22,2019-10-24T00:00:00Z,2019-10-24T10:46:00Z,NA,Not Visible,Not Visible,Not Visible,NA,NA,NA,NA,NA
RD22,2019-12-03T00:00:00Z,2019-12-03T11:03:00Z,NA,Not Visible,Not Visible,Not Visible,NA,NA,NA,NA,NA
RD22,2020-07-21T00:00:00Z,2020-07-21T10:15:00Z,NA,Not Visible,Not Visible,Not Visible,NA,NA,NA,NA,NA
RD22,2020-08-20T00:00:00Z,2020-08-20T06:35:00Z,NA,Not Visible,Low,Not Visible,NA,NA,NA,NA,2
RD22,2020-09-15T00:00:00Z,2020-09-15T09:00:00Z,NA,Not Visible,Medium,Not Visible,NA,NA,NA,NA,NA
RD22,2020-10-13T00:00:00Z,2020-10-13T08:05:00Z,NA,Not Visible,Low,Not Visible,NA,NA,NA,NA,2
RD22,2020-11-12T00:00:00Z,2020-11-12T10:20:00Z,NA,Not Visible,Low,Not Visible,NA,NA,NA,NA,2
RD22,2021-08-23T00:00:00Z,2021-08-23T12:46:00Z,NA,Not Visible,Medium,Not Visible,NA,1,NA,NA,NA
RD22,2021-09-22T00:00:00Z,2021-09-22T09:58:00Z,NA,Not Visible,Extreme,Not Visible,NA,5,NA,NA,NA
RD22,2021-11-03T00:00:00Z,2021-11-03T09:15:00Z,NA,Low,Medium,Not Visible,3,3,NA,NA,NA
RD22,2021-11-17T00:00:00Z,2021-11-17T10:06:00Z,NA,Not Visible,Low,Not Visible,2,2,NA,NA,NA
RD22,2022-08-09T00:00:00Z,2022-08-09T08:58:00Z,NA,Not Visible,High,Not Visible,NA,4,NA,NA,NA
RD22,2022-09-07T00:00:00Z,2022-09-07T05:59:00Z,NA,Not Visible,Extreme,Not Visible,4,5,NA,NA,NA
RD22,2022-10-04T00:00:00Z,2022-10-04T08:40:00Z,NA,Not Visible,Extreme,Not Visible,NA,5,NA,NA,4
RD22,2022-11-03T00:00:00Z,2022-11-03T08:02:00Z,NA,Not Visible,High,Not Visible,NA,4,NA,NA,3
RD22,2023-06-19T00:00:00Z,2023-06-19T11:52:00Z,NA,Not Visible,Not Visible,Not Visible,NA,NA,NA,NA,NA
RD22,2023-07-25T00:00:00Z,2023-07-25T08:34:00Z,NA,Not Visible,Not Visible,Not Visible,NA,NA,NA,NA,NA
RD22,2023-08-01T00:00:00Z,2023-08-01T09:04:00Z,NA,Not Visible,Low,Not Visible,NA,NA,NA,NA,2
RD22,2023-08-22T00:00:00Z,2023-08-22T11:33:00Z,NA,Not Visible,Low,Not Visible,NA,NA,NA,NA,2
RD22,2023-09-19T00:00:00Z,2023-09-19T13:19:00Z,NA,Not Visible,Low,Not Visible,NA,NA,NA,NA,2
RD22,2023-08-29T00:00:00Z,2023-08-29T08:45:00Z,NA,Not Visible,Medium,Not Visible,NA,NA,NA,NA,3
RD22,2023-09-26T00:00:00Z,2023-09-26T09:10:00Z,NA,Not Visible,High,Not Visible,NA,NA,NA,NA,4
RD22,2023-11-06T00:00:00Z,2023-11-06T09:59:00Z,NA,Not Visible,High,Not Visible,NA,NA,NA,NA,4
RD22,2024-03-26T00:00:00Z,2024-03-26T08:42:00Z,NA,Not Visible,Not Visible,Not Visible,NA,NA,NA,NA,NA
RMB,2019-08-23T00:00:00Z,2019-08-23T08:04:00Z,NA,Not Visible,Low,Not Visible,NA,NA,NA,NA,1
RMB,2019-09-26T00:00:00Z,2019-09-26T07:48:00Z,NA,Not Visible,Low,Not Visible,NA,NA,NA,NA,1
RMB,2019-10-24T00:00:00Z,2019-10-24T08:45:00Z,NA,Not Visible,Not Visible,Not Visible,NA,NA,NA,NA,NA
RMB,2019-12-03T00:00:00Z,2019-12-03T09:27:00Z,NA,Not Visible,Low,Not Visible,NA,NA,NA,NA,2
RMB,2020-07-21T00:00:00Z,2020-07-21T08:04:00Z,NA,Low,Low,Not Visible,NA,NA,NA,NA,2
RMB,2020-08-20T00:00:00Z,2020-08-20T07:47:00Z,NA,Not Visible,Medium,Not Visible,NA,NA,NA,NA,3
RMB,2020-09-15T00:00:00Z,2020-09-15T07:29:00Z,NA,Not Visible,Medium,Not Visible,NA,NA,NA,NA,3
RMB,2020-10-13T00:00:00Z,2020-10-13T09:15:00Z,NA,Not Visible,NA,Not Visible,NA,NA,NA,NA,4
RMB,2020-11-12T00:00:00Z,2020-11-12T08:48:00Z,NA,Not Visible,Medium,Not Visible,NA,NA,NA,NA,3
RSCC,2017-11-16T00:00:00Z,2017-11-16T11:14:00Z,NA,NA,NA,Not Visible,NA,NA,NA,NA,NA
RSCC,2017-12-21T00:00:00Z,2017-12-21T11:30:00Z,NA,Extreme,High,Not Visible,NA,NA,4,NA,NA
RSCC,2018-01-05T00:00:00Z,2018-01-05T11:13:00Z,NA,Extreme,Not Visible,Not Visible,NA,NA,NA,NA,NA
RSCC,2018-01-30T00:00:00Z,2018-01-30T11:16:00Z,NA,NA,NA,Not Visible,NA,NA,NA,NA,NA
RSCC,2017-10-03T00:00:00Z,2017-10-03T11:16:00Z,NA,NA,NA,NA,NA,NA,NA,NA,NA
RSCC,2018-02-28T00:00:00Z,2018-02-28T12:02:00Z,NA,NA,Medium,Not Visible,NA,2,2,NA,45
RSCC,2018-03-29T00:00:00Z,2018-03-29T11:16:00Z,NA,NA,NA,Not Visible,NA,NA,NA,NA,NA
RSCC,2018-04-20T00:00:00Z,2018-04-20T11:00:00Z,NA,NA,NA,Not Visible,NA,NA,NA,NA,NA
RSCC,2018-05-23T00:00:00Z,2018-05-23T11:00:00Z,NA,NA,NA,Not Visible,NA,NA,NA,NA,NA
RSCC,2018-06-19T00:00:00Z,2018-06-19T11:31:00Z,NA,NA,NA,Not Visible,NA,NA,NA,NA,NA
RSCC,2018-07-17T00:00:00Z,2018-07-17T11:15:00Z,NA,NA,NA,Low,NA,NA,NA,NA,NA
RSCC,2018-08-17T00:00:00Z,2018-08-17T09:45:00Z,NA,NA,NA,Not Visible,NA,NA,NA,NA,NA
RSCC,2018-09-18T00:00:00Z,2018-09-18T11:30:00Z,NA,NA,NA,Not Visible,NA,NA,NA,NA,NA
RSCC,2018-10-11T00:00:00Z,2018-10-11T10:30:00Z,NA,Not Visible,Not Visible,Not Visible,NA,NA,NA,NA,NA
RSCC,2018-11-08T00:00:00Z,2018-11-08T12:31:00Z,NA,Not Visible,Not Visible,Not Visible,NA,NA,NA,NA,NA
RSCC,2018-12-06T00:00:00Z,2018-12-06T11:30:00Z,NA,Not Visible,Not Visible,Not Visible,NA,NA,NA,NA,NA
RSCC,2019-01-23T00:00:00Z,2019-01-23T11:56:00Z,NA,Not Visible,Not Visible,Not Visible,NA,NA,NA,NA,NA
RSCC,2019-02-20T00:00:00Z,2019-02-20T11:59:00Z,NA,Not Visible,Not Visible,Not Visible,NA,NA,NA,NA,NA
RSCC,2019-03-26T00:00:00Z,2019-03-26T12:15:00Z,NA,Not Visible,Not Visible,Not Visible,NA,NA,NA,NA,NA
RSCC,2019-04-25T00:00:00Z,2019-04-25T11:45:00Z,NA,High,Not Visible,Not Visible,NA,NA,NA,NA,NA
RSCC,2019-05-22T00:00:00Z,2019-05-22T12:28:00Z,NA,Medium,Not Visible,Not Visible,NA,NA,NA,NA,NA
RSCC,2019-06-26T00:00:00Z,2019-06-26T11:57:00Z,NA,Not Visible,Not Visible,Not Visible,NA,NA,NA,NA,NA
RSCC,2019-08-01T00:00:00Z,2019-08-01T10:29:00Z,NA,Extreme,Not Visible,Not Visible,NA,NA,NA,NA,NA
RSCC,2019-09-10T00:00:00Z,2019-09-10T11:58:00Z,Egeria 65%,Extreme,Extreme,Not Visible,NA,NA,NA,NA,35
RSCC,2019-10-18T00:00:00Z,2019-10-18T12:01:00Z,NA,Extreme,High,Not Visible,NA,3,NA,NA,4
RSCC,2019-12-03T00:00:00Z,2019-12-03T12:02:00Z,NA,Extreme,Low,Not Visible,NA,NA,3,NA,5
RSCC,2020-01-08T00:00:00Z,2020-01-08T12:00:00Z,NA,Medium,Low,Not Visible,NA,NA,2,NA,NA
RSCC,2020-02-11T00:00:00Z,2020-02-11T12:00:00Z,NA,Medium,Medium,Not Visible,NA,NA,3,NA,3
RSCC,2020-03-12T00:00:00Z,2020-03-12T11:30:00Z,NA,High,High,Not Visible,NA,NA,NA,NA,3
RSCC,2020-04-13T00:00:00Z,2020-04-13T10:59:00Z,NA,Extreme,Low,Not Visible,NA,NA,2,NA,2
RSCC,2020-05-14T00:00:00Z,2020-05-14T12:15:00Z,NA,Extreme,Extreme,Not Visible,NA,NA,1,NA,3
RSCC,2020-06-18T00:00:00Z,2020-06-18T12:05:00Z,NA,Medium,High,Low,NA,NA,NA,NA,4
RSCC,2020-05-14T00:00:00Z,2020-05-14T12:15:00Z,NA,NA,NA,NA,NA,NA,NA,NA,NA
RSCC,2020-07-16T00:00:00Z,2020-07-16T12:27:00Z,NA,Not Visible,Medium,Low,NA,NA,NA,NA,NA
RSCC,2020-08-13T00:00:00Z,2020-08-13T11:29:00Z,NA,Not Visible,Medium,Low,NA,NA,NA,NA,NA
RSCC,2020-09-10T00:00:00Z,2020-09-10T11:41:00Z,NA,Not Visible,Medium,Low,NA,NA,NA,NA,NA
RSCC,2020-10-22T00:00:00Z,2020-10-22T11:30:00Z,NA,Medium,Medium,Not Visible,NA,NA,NA,NA,NA
RSCC,2020-11-25T00:00:00Z,2020-11-25T10:50:00Z,NA,NA,NA,Not Visible,NA,NA,NA,NA,NA
RSCC,2020-12-16T00:00:00Z,2020-12-16T09:16:00Z,NA,NA,Medium,NA,NA,NA,NA,NA,NA
RSCC,2021-01-13T00:00:00Z,2021-01-13T09:17:00Z,NA,Low,Not Visible,Not Visible,NA,NA,NA,NA,NA
RSCC,2021-02-10T00:00:00Z,2021-02-10T09:28:00Z,NA,NA,NA,Not Visible,NA,NA,NA,NA,NA
RSCC,2021-03-11T00:00:00Z,2021-03-11T09:15:00Z,NA,Low,Low,Not Visible,NA,NA,NA,NA,NA
RSCC,2021-04-13T00:00:00Z,2021-04-13T08:30:00Z,NA,Not Visible,High,Medium,NA,NA,NA,NA,NA
RSCC,2021-05-12T00:00:00Z,2021-05-12T08:12:00Z,NA,Medium,High,Not Visible,NA,NA,NA,NA,NA
RSCC,2021-06-15T00:00:00Z,2021-06-15T10:58:00Z,NA,Medium,Medium,NA,NA,NA,NA,NA,NA
RSCC,2021-07-14T00:00:00Z,2021-07-14T08:46:00Z,NA,Low,Low,Low,NA,NA,NA,NA,NA
RSCC,2021-08-12T00:00:00Z,2021-08-12T08:50:00Z,NA,NA,NA,Medium,NA,NA,NA,NA,NA
RSCC,2021-09-22T00:00:00Z,2021-09-22T09:45:00Z,NA,High,NA,Low,NA,NA,NA,NA,NA
RSCC,2021-10-14T00:00:00Z,2021-10-14T10:47:00Z,NA,NA,NA,Not Visible,NA,NA,NA,NA,NA
RSCC,2021-11-10T00:00:00Z,2021-11-10T10:22:00Z,NA,NA,NA,Not Visible,NA,NA,NA,NA,NA
RSCC,2021-12-09T00:00:00Z,2021-12-09T08:51:00Z,NA,Low,Low,Not Visible,NA,NA,NA,NA,NA
RSCC,2022-01-26T00:00:00Z,2022-01-26T09:58:00Z,NA,NA,NA,Not Visible,NA,NA,NA,NA,NA
RSCC,2022-02-16T00:00:00Z,2022-02-16T08:50:00Z,NA,NA,NA,NA,NA,NA,NA,NA,NA
RSCC,2022-03-23T00:00:00Z,2022-03-23T08:00:00Z,NA,Low,Medium,Not Visible,NA,NA,NA,NA,NA
RSCC,2022-04-25T00:00:00Z,2022-04-25T09:05:00Z,NA,NA,NA,NA,NA,NA,NA,NA,NA
RSCC,2022-07-13T00:00:00Z,2022-07-13T08:57:00Z,NA,NA,NA,NA,NA,NA,NA,NA,NA
RSCC,2022-08-16T00:00:00Z,2022-08-16T09:49:00Z,NA,NA,NA,NA,NA,NA,NA,NA,NA
RSCC,2022-09-20T00:00:00Z,2022-09-20T09:20:00Z,NA,NA,NA,NA,NA,NA,NA,NA,NA
RSCC,2022-10-13T00:00:00Z,2022-10-13T10:08:00Z,NA,NA,NA,Not Visible,NA,NA,NA,NA,NA
RSCC,2022-11-22T00:00:00Z,2022-11-22T11:55:00Z,NA,Medium,Medium,Not Visible,NA,NA,NA,NA,NA
RSCC,2023-01-12T00:00:00Z,2023-01-12T12:32:00Z,NA,Low,Low,Not Visible,NA,NA,NA,NA,NA
RSCC,2023-02-16T00:00:00Z,2023-02-16T09:45:00Z,NA,High,Not Visible,Not Visible,NA,NA,NA,NA,NA
RSCC,2023-04-06T00:00:00Z,2023-04-06T11:18:00Z,NA,High,Low,Not Visible,NA,NA,NA,NA,NA
RSCC,2023-05-25T00:00:00Z,2023-05-25T11:05:00Z,NA,High,Medium,Not Visible,NA,NA,NA,NA,NA
RSCC,2023-07-31T00:00:00Z,2023-07-31T11:13:00Z,NA,Medium,Low,Not Visible,NA,NA,NA,NA,NA
RSCC,2023-09-12T00:00:00Z,2023-09-12T10:45:00Z,NA,High,Medium,Not Visible,NA,NA,NA,NA,NA
RSCC,2023-10-19T00:00:00Z,2023-10-19T09:58:00Z,NA,Extreme,Medium,Not Visible,NA,NA,NA,NA,NA
RSCC,2023-12-07T00:00:00Z,2023-12-07T10:48:00Z,NA,Medium,Medium,Not Visible,NA,NA,NA,NA,NA
RSCC,2024-01-11T00:00:00Z,2024-01-11T12:31:00Z,other SAV (4) round thick leaves,High,High,Not Visible,4,NA,NA,NA,NA
RSCC,2024-02-22T00:00:00Z,2024-02-22T11:48:00Z,NA,High,High,Not Visible,4,NA,NA,NA,NA
RSCC,2024-03-21T00:00:00Z,2024-03-21T09:00:00Z,NA,NA,NA,Low,NA,NA,NA,NA,NA
RSCC,2024-05-02T00:00:00Z,2024-05-02T19:13:00Z,NA,Medium,Medium,Not Visible,NA,NA,NA,NA,NA
RSCC,2024-06-06T00:00:00Z,2024-06-06T08:13:00Z,NA,NA,NA,NA,NA,NA,NA,NA,NA
RSCC,2024-07-11T00:00:00Z,2024-07-11T08:43:00Z,NA,NA,NA,NA,NA,NA,NA,NA,NA
RSCC,2024-08-22T00:00:00Z,2024-08-22T07:58:00Z,NA,NA,NA,Medium,NA,NA,NA,NA,NA
RSCC,2024-09-25T00:00:00Z,2024-09-25T10:15:00Z,NA,NA,NA,Medium,NA,NA,NA,NA,NA
RSCC,2024-10-24T00:00:00Z,2024-10-24T08:58:00Z,NA,NA,NA,Extreme,NA,NA,NA,NA,NA
RSCC,2024-12-10T00:00:00Z,2024-12-10T11:15:00Z,NA,NA,NA,NA,NA,NA,NA,NA,NA
RSCC,2025-01-23T00:00:00Z,2025-01-23T12:20:00Z,NA,Not Visible,Low,Not Visible,NA,NA,NA,NA,NA
SGA,2017-10-10T00:00:00Z,2017-10-10T09:42:00Z,NA,NA,NA,Absent,NA,NA,NA,NA,NA
SGA,2017-11-01T00:00:00Z,2017-11-01T09:13:00Z,NA,NA,Not Visible,Not Visible,NA,NA,NA,NA,NA
SGA,2017-11-22T00:00:00Z,2017-11-22T09:35:00Z,NA,NA,Not Visible,Not Visible,NA,NA,NA,NA,NA
SGA,2018-01-04T00:00:00Z,2018-01-04T10:30:00Z,NA,NA,NA,Not Visible,NA,NA,NA,NA,NA
SGA,2017-09-07T00:00:00Z,2017-09-07T09:33:00Z,NA,NA,NA,NA,NA,NA,NA,NA,NA
SGA,2018-01-24T00:00:00Z,2018-01-24T10:45:00Z,NA,NA,Not Visible,Not Visible,NA,NA,NA,NA,NA
SGA,2018-02-13T00:00:00Z,2018-02-13T10:45:00Z,NA,NA,Not Visible,Not Visible,NA,NA,NA,NA,NA
SGA,2018-04-12T00:00:00Z,2018-04-12T10:17:00Z,NA,NA,Not Visible,Not Visible,NA,NA,NA,NA,NA
SGA,2018-05-24T00:00:00Z,2018-05-24T11:57:00Z,NA,NA,NA,Not Visible,NA,NA,NA,NA,NA
SGA,2018-06-20T00:00:00Z,2018-06-20T09:27:00Z,NA,NA,Not Visible,Not Visible,NA,NA,NA,NA,NA
SGA,2018-07-11T00:00:00Z,2018-07-11T11:18:00Z,NA,NA,Not Visible,High,NA,NA,NA,NA,NA
SGA,2018-08-08T00:00:00Z,2018-08-08T09:46:00Z,NA,Low,Medium,High,NA,1,1,NA,NA
SGA,2018-09-19T00:00:00Z,2018-09-19T09:35:00Z,NA,Medium,Medium,Not Visible,NA,2,2,NA,NA
SGA,2018-10-10T00:00:00Z,2018-10-10T11:02:00Z,NA,Not Visible,Medium,Not Visible,NA,3,3,NA,NA
SGA,2018-10-31T00:00:00Z,2018-10-31T09:16:00Z,NA,Low,Not Visible,Not Visible,NA,NA,NA,NA,NA
SGA,2018-11-28T00:00:00Z,2018-11-28T11:46:00Z,NA,Not Visible,Low,Not Visible,NA,2,NA,NA,NA
SGA,2018-12-20T00:00:00Z,2018-12-20T10:00:00Z,NA,Not Visible,Low,Not Visible,NA,NA,NA,NA,NA
SGA,2019-01-15T00:00:00Z,2019-01-15T10:57:00Z,NA,Not Visible,Medium,Not Visible,NA,NA,3,NA,NA
SGA,2019-02-21T00:00:00Z,2019-02-21T10:46:00Z,NA,Not Visible,Not Visible,Not Visible,NA,NA,NA,NA,NA
SGA,2019-03-26T00:00:00Z,2019-03-26T10:20:00Z,NA,Not Visible,Not Visible,Not Visible,NA,NA,NA,NA,NA
SGA,2019-04-23T00:00:00Z,2019-04-23T09:47:00Z,NA,Not Visible,Not Visible,Not Visible,NA,NA,NA,NA,NA
SGA,2019-05-23T00:00:00Z,2019-05-23T09:59:00Z,NA,Not Visible,Not Visible,Not Visible,NA,NA,NA,NA,NA
SGA,2019-06-25T00:00:00Z,2019-06-25T13:26:00Z,NA,Not Visible,Not Visible,Not Visible,NA,NA,NA,NA,NA
SGA,2019-07-09T00:00:00Z,2019-07-09T11:58:00Z,NA,Not Visible,Not Visible,Not Visible,NA,NA,NA,NA,NA
SGA,2019-08-06T00:00:00Z,2019-08-06T11:59:00Z,NA,Not Visible,Not Visible,Low,NA,NA,NA,NA,NA
SGA,2019-09-04T00:00:00Z,2019-09-04T11:15:00Z,NA,Not Visible,Not Visible,NA,NA,NA,NA,NA,NA
SGA,2019-09-25T00:00:00Z,2019-09-25T12:00:00Z,NA,Not Visible,Not Visible,NA,NA,NA,NA,NA,NA
SGA,2019-11-06T00:00:00Z,2019-11-06T14:17:00Z,NA,Not Visible,Not Visible,Not Visible,NA,NA,NA,NA,NA
SGA,2019-12-04T00:00:00Z,2019-12-04T12:44:00Z,NA,Not Visible,Low,Not Visible,NA,NA,NA,NA,NA
SGA,2020-01-02T00:00:00Z,2020-01-02T14:01:00Z,NA,Not Visible,Not Visible,Not Visible,NA,NA,NA,NA,NA
SGA,2020-02-19T00:00:00Z,2020-02-19T12:29:00Z,NA,Not Visible,Not Visible,Not Visible,NA,NA,NA,NA,NA
SGA,2020-03-18T00:00:00Z,2020-03-18T11:00:00Z,NA,Not Visible,Not Visible,Not Visible,NA,NA,NA,NA,NA
SGA,2020-04-21T00:00:00Z,2020-04-21T13:11:00Z,NA,Not Visible,Not Visible,Not Visible,NA,NA,NA,NA,NA
SGA,2020-05-12T00:00:00Z,2020-05-12T08:50:00Z,NA,Not Visible,Not Visible,Not Visible,NA,NA,NA,NA,NA
SGA,2020-06-16T00:00:00Z,2020-06-16T08:35:00Z,NA,Not Visible,Medium,Not Visible,NA,NA,NA,NA,NA
SGA,2020-07-07T00:00:00Z,2020-07-07T10:50:00Z,NA,Not Visible,Medium,Not Visible,NA,3,NA,NA,NA
SGA,2020-07-28T00:00:00Z,2020-07-28T12:01:00Z,NA,Not Visible,Low,Not Visible,NA,NA,NA,NA,NA
SGA,2020-08-26T00:00:00Z,2020-08-26T11:05:00Z,NA,Low,Medium,Medium,NA,3,2,NA,NA
SGA,2020-10-07T00:00:00Z,2020-10-07T13:02:00Z,NA,Not Visible,Medium,Not Visible,NA,2,2,NA,NA
SGA,2020-10-28T00:00:00Z,2020-10-28T12:14:00Z,NA,Not Visible,High,Not Visible,NA,3,4,NA,NA
SGA,2020-12-01T00:00:00Z,2020-12-01T11:40:00Z,NA,Low,Low,NA,NA,NA,NA,NA,NA
SGA,2021-01-14T00:00:00Z,2021-01-14T13:15:00Z,NA,Not Visible,Low,Not Visible,NA,NA,2,NA,NA
SGA,2021-02-09T00:00:00Z,2021-02-09T11:58:00Z,NA,Not Visible,Low,Not Visible,NA,NA,2,NA,NA
SGA,2021-03-10T00:00:00Z,2021-03-10T12:01:00Z,NA,Not Visible,Low,Not Visible,NA,NA,2,NA,NA
SGA,2021-04-07T00:00:00Z,2021-04-07T11:15:00Z,NA,Not Visible,Not Visible,Not Visible,NA,NA,NA,NA,NA
SGA,2021-05-04T00:00:00Z,2021-05-04T11:17:00Z,NA,NA,NA,Not Visible,NA,NA,NA,NA,NA
SGA,2021-06-10T00:00:00Z,2021-06-10T11:40:00Z,NA,Medium,Not Visible,Not Visible,NA,NA,NA,NA,NA
SGA,2021-07-14T00:00:00Z,2021-07-14T12:15:00Z,NA,Low,Low,Not Visible,NA,NA,NA,NA,NA
SGA,2021-08-11T00:00:00Z,2021-08-11T11:45:00Z,NA,Low,Low,Not Visible,NA,NA,NA,NA,NA
SGA,2021-09-08T00:00:00Z,2021-09-08T11:46:00Z,NA,Medium,Medium,Not Visible,NA,NA,NA,NA,NA
SGA,2021-10-06T00:00:00Z,2021-10-06T11:26:00Z,NA,NA,NA,NA,NA,NA,NA,NA,NA
SGA,2021-11-04T00:00:00Z,2021-11-04T13:33:00Z,NA,Not Visible,Low,Not Visible,2,NA,2,NA,NA
SGA,2021-12-01T00:00:00Z,2021-12-01T11:42:00Z,NA,Medium,NA,Not Visible,NA,NA,NA,NA,NA
SGA,2022-01-12T00:00:00Z,2022-01-12T12:02:00Z,NA,Not Visible,Low,Not Visible,NA,NA,NA,NA,NA
SGA,2022-01-25T00:00:00Z,2022-01-25T10:34:00Z,NA,Low,Low,Not Visible,NA,NA,NA,NA,NA
SGA,2022-02-16T00:00:00Z,2022-02-16T14:03:00Z,NA,Not Visible,Not Visible,Not Visible,NA,NA,NA,NA,NA
SGA,2022-04-20T00:00:00Z,2022-04-20T09:46:00Z,NA,Not Visible,Low,Not Visible,NA,NA,NA,NA,NA
SGA,2022-03-16T00:00:00Z,2022-03-16T11:18:00Z,NA,Not Visible,Not Visible,Not Visible,NA,NA,NA,NA,NA
SGA,2022-05-18T00:00:00Z,2022-05-18T11:20:00Z,NA,Low,Low,Not Visible,NA,NA,NA,NA,NA
SGA,2022-06-15T00:00:00Z,2022-06-15T13:35:00Z,NA,Medium,Medium,NA,NA,NA,NA,NA,NA
SGA,2022-07-21T00:00:00Z,2022-07-21T12:15:00Z,NA,High,Not Visible,Low,NA,NA,NA,NA,NA
SGA,2022-08-17T00:00:00Z,2022-08-17T09:41:00Z,NA,Medium,Medium,Low,NA,NA,NA,NA,NA
SGA,2022-09-21T00:00:00Z,2022-09-21T09:45:00Z,NA,Medium,Medium,Not Visible,NA,NA,NA,NA,NA
SGA,2022-10-19T00:00:00Z,2022-10-19T09:35:00Z,NA,Medium,Medium,Not Visible,NA,3,NA,NA,NA
SGA,2022-11-16T00:00:00Z,2022-11-16T10:47:00Z,NA,Medium,Medium,Not Visible,NA,NA,3,NA,NA
SGA,2023-01-18T00:00:00Z,2023-01-18T10:05:00Z,NA,Not Visible,Low,NA,NA,2,2,NA,NA
SGA,2023-03-15T00:00:00Z,2023-03-15T09:16:00Z,NA,Not Visible,Not Visible,Not Visible,NA,NA,NA,NA,NA
SGA,2023-02-15T00:00:00Z,2023-02-15T10:28:00Z,NA,Not Visible,Not Visible,NA,NA,NA,NA,NA,NA
SGA,2023-04-26T00:00:00Z,2023-04-26T09:41:00Z,NA,Not Visible,Not Visible,Not Visible,NA,NA,NA,NA,NA
SGA,2023-05-24T00:00:00Z,2023-05-24T09:39:00Z,NA,Not Visible,Not Visible,Not Visible,NA,NA,NA,NA,NA
SGA,2023-08-16T00:00:00Z,2023-08-16T09:30:00Z,NA,Not Visible,Not Visible,Not Visible,NA,NA,NA,NA,NA
SGA,2023-09-20T00:00:00Z,2023-09-20T09:44:00Z,NA,Not Visible,Low,Not Visible,NA,NA,NA,NA,NA
SGA,2023-10-26T00:00:00Z,2023-10-26T10:18:00Z,NA,Not Visible,Not Visible,Not Visible,NA,NA,NA,NA,NA
SGA,2023-12-20T00:00:00Z,2023-12-20T11:12:00Z,NA,Not Visible,Low,Not Visible,NA,NA,NA,NA,NA
SGA,2024-02-06T00:00:00Z,2024-02-06T12:43:00Z,NA,NA,NA,NA,NA,NA,NA,NA,NA
SGA,2024-03-20T00:00:00Z,2024-03-20T09:43:00Z,NA,Not Visible,Medium,Not Visible,NA,NA,NA,NA,NA
SGA,2024-04-24T00:00:00Z,2024-04-24T09:50:00Z,NA,Not Visible,Not Visible,Not Visible,NA,NA,NA,NA,NA
SGA,2024-05-22T00:00:00Z,2024-05-22T10:18:00Z,NA,Not Visible,Not Visible,Not Visible,NA,NA,NA,NA,NA
SGA,2024-07-18T00:00:00Z,2024-07-18T07:57:00Z,NA,Not Visible,Not Visible,Not Visible,NA,NA,NA,NA,NA
SGA,2024-08-21T00:00:00Z,2024-08-21T08:22:00Z,NA,Not Visible,Not Visible,Not Visible,NA,NA,NA,NA,NA
SGA,2024-09-17T00:00:00Z,2024-09-17T08:58:00Z,NA,Not Visible,Not Visible,Not Visible,NA,NA,NA,NA,NA
SGA,2024-12-04T00:00:00Z,2024-12-04T13:16:00Z,NA,Not Visible,Not Visible,Not Visible,NA,NA,NA,NA,NA
SGA,2025-01-22T00:00:00Z,2025-01-22T10:50:00Z,NA,Not Visible,Not Visible,Not Visible,NA,NA,NA,NA,NA
SGA,2024-10-31T00:00:00Z,2024-10-31T09:25:00Z,NA,Low,Low,Not Visible,NA,NA,NA,NA,NA
SGA,2025-01-06T00:00:00Z,2025-01-06T12:58:00Z,NA,NA,NA,NA,NA,NA,NA,NA,NA
SGA,2025-02-26T00:00:00Z,2025-02-26T11:12:00Z,NA,Not Visible,Not Visible,Not Visible,NA,NA,NA,NA,NA
SGA,2025-05-07T00:00:00Z,2025-05-07T11:16:00Z,NA,Low,Not Visible,Not Visible,NA,NA,NA,NA,NA
SGA,2025-06-17T00:00:00Z,2025-06-17T08:07:00Z,NA,Not Visible,Low,Not Visible,NA,NA,NA,NA,NA
SGA,2025-07-09T00:00:00Z,2025-07-09T09:07:00Z,NA,Not Visible,Medium,Not Visible,NA,NA,2,NA,NA
SGA,2025-08-12T00:00:00Z,2025-08-12T09:13:00Z,NA,Not Visible,Not Visible,Not Visible,NA,NA,NA,NA,NA
SGA,2025-09-09T00:00:00Z,2025-09-09T09:06:00Z,NA,Not Visible,Low,Not Visible,NA,NA,NA,NA,NA
SGA,2025-10-08T00:00:00Z,2025-10-08T08:59:00Z,NA,Not Visible,Low,Not Visible,NA,NA,2,NA,NA
SJD,2017-11-01T00:00:00Z,2017-11-01T11:01:00Z,NA,NA,NA,Not Visible,NA,NA,NA,NA,NA
SJD,2017-12-15T00:00:00Z,2017-12-15T11:27:00Z,NA,NA,NA,Not Visible,NA,2,NA,NA,NA
SJD,2018-01-04T00:00:00Z,2018-01-04T12:00:00Z,NA,NA,NA,Not Visible,NA,NA,NA,NA,NA
SJD,2018-01-24T00:00:00Z,2018-01-24T12:18:00Z,NA,NA,Not Visible,Not Visible,NA,NA,NA,NA,NA
SJD,2017-09-26T00:00:00Z,2017-09-26T11:00:00Z,NA,NA,NA,NA,NA,NA,NA,NA,NA
SJD,2018-02-13T00:00:00Z,2018-02-13T11:45:00Z,NA,NA,Not Visible,Not Visible,NA,NA,NA,NA,NA
SJD,2018-03-14T00:00:00Z,2018-03-14T09:02:00Z,NA,NA,Not Visible,Not Visible,NA,NA,NA,NA,NA
SJD,2018-03-28T00:00:00Z,2018-03-28T08:30:00Z,NA,NA,Not Visible,Not Visible,NA,NA,NA,NA,NA
SJD,2018-04-24T00:00:00Z,2018-04-24T09:05:00Z,NA,Not Visible,Not Visible,Not Visible,NA,NA,NA,NA,NA
SJD,2018-06-06T00:00:00Z,2018-06-06T09:17:00Z,NA,NA,Not Visible,Not Visible,NA,NA,NA,NA,NA
SJD,2018-06-27T00:00:00Z,2018-06-27T09:00:00Z,NA,NA,Not Visible,Not Visible,NA,NA,NA,NA,NA
SJD,2018-07-17T00:00:00Z,2018-07-17T08:43:00Z,NA,Not Visible,Not Visible,Medium,NA,NA,NA,NA,NA
SJD,2018-08-07T00:00:00Z,2018-08-07T08:31:00Z,NA,Not Visible,Medium,Low,1,NA,NA,Water Milfoil(1),NA
SJD,2018-08-28T00:00:00Z,2018-08-28T09:15:00Z,NA,NA,NA,Low,NA,NA,NA,NA,NA
SJD,2018-09-17T00:00:00Z,2018-09-17T11:08:00Z,NA,Not Visible,Not Visible,Not Visible,NA,NA,NA,NA,NA
SJD,2018-10-09T00:00:00Z,2018-10-09T09:12:00Z,NA,Not Visible,Not Visible,Not Visible,NA,NA,NA,NA,NA
SJD,2018-11-06T00:00:00Z,2018-11-06T12:27:00Z,NA,Not Visible,Not Visible,Not Visible,NA,NA,NA,NA,NA
SJD,2018-12-12T00:00:00Z,2018-12-12T10:37:00Z,NA,Not Visible,Not Visible,Not Visible,NA,NA,NA,NA,NA
SJD,2019-01-08T00:00:00Z,2019-01-08T09:15:00Z,NA,Not Visible,Not Visible,Not Visible,NA,NA,NA,NA,NA
SJD,2019-01-30T00:00:00Z,2019-01-30T12:02:00Z,NA,Not Visible,Not Visible,Not Visible,NA,NA,NA,NA,NA
SJD,2019-03-04T00:00:00Z,2019-03-04T10:33:00Z,NA,Not Visible,Not Visible,Not Visible,NA,NA,NA,NA,NA
SJD,2019-04-10T00:00:00Z,2019-04-10T09:10:00Z,NA,Not Visible,Not Visible,Not Visible,NA,NA,NA,NA,NA
SJD,2019-05-01T00:00:00Z,2019-05-01T09:03:00Z,NA,Not Visible,Not Visible,Not Visible,NA,NA,NA,NA,NA
SJD,2019-05-29T00:00:00Z,2019-05-29T09:20:00Z,NA,Not Visible,Not Visible,Not Visible,NA,NA,NA,NA,NA
SJD,2019-06-25T00:00:00Z,2019-06-25T09:20:00Z,NA,Not Visible,Not Visible,Not Visible,NA,NA,NA,NA,NA
SJD,2019-07-09T00:00:00Z,2019-07-09T08:00:00Z,NA,Not Visible,Not Visible,Not Visible,NA,NA,NA,NA,NA
SJD,2019-08-06T00:00:00Z,2019-08-06T08:14:00Z,NA,Not Visible,Not Visible,Low,NA,NA,NA,NA,NA
SJD,2019-09-04T00:00:00Z,2019-09-04T08:06:16Z,NA,Not Visible,Not Visible,NA,NA,NA,NA,NA,NA
SJD,2019-09-25T00:00:00Z,2019-09-25T08:17:00Z,NA,Not Visible,Not Visible,NA,NA,NA,NA,NA,NA
SJD,2019-11-06T00:00:00Z,2019-11-06T10:18:00Z,One Hyacinth attached to pipe,Not Visible,Not Visible,Not Visible,NA,NA,NA,NA,NA
SJD,2019-12-04T00:00:00Z,2019-12-04T09:43:00Z,NA,Not Visible,Not Visible,Not Visible,NA,NA,NA,NA,NA
SJD,2020-01-02T00:00:00Z,2020-01-02T10:50:00Z,NA,Not Visible,Not Visible,Not Visible,NA,NA,NA,NA,NA
SJD,2020-02-19T00:00:00Z,2020-02-19T09:18:00Z,Tree with algae.,Low,Not Visible,Not Visible,NA,NA,NA,NA,NA
SJD,2020-03-18T00:00:00Z,2020-03-18T08:55:00Z,NA,Low,Medium,Not Visible,NA,2,NA,NA,NA
SJD,2020-04-21T00:00:00Z,2020-04-21T12:05:00Z,NA,Not Visible,Not Visible,Not Visible,NA,NA,NA,NA,NA
SJD,2020-05-12T00:00:00Z,2020-05-12T11:26:00Z,NA,Not Visible,Not Visible,Not Visible,NA,NA,NA,NA,NA
SJD,2020-06-16T00:00:00Z,2020-06-16T11:26:00Z,NA,Medium,Not Visible,Not Visible,NA,NA,NA,NA,NA
SJD,2020-07-07T00:00:00Z,2020-07-07T08:47:00Z,NA,Medium,Not Visible,Not Visible,NA,NA,NA,NA,NA
SJD,2020-07-28T00:00:00Z,2020-07-28T08:35:00Z,NA,Low,Not Visible,Not Visible,NA,NA,NA,NA,NA
SJD,2020-08-26T00:00:00Z,2020-08-26T08:01:00Z,NA,Medium,Not Visible,High,NA,NA,NA,NA,NA
SJD,2020-09-16T00:00:00Z,2020-09-16T11:03:00Z,NA,NA,NA,NA,NA,NA,NA,NA,NA
SJD,2020-10-07T00:00:00Z,2020-10-07T08:37:00Z,NA,Medium,Not Visible,Not Visible,NA,NA,NA,NA,NA
SJD,2020-10-28T00:00:00Z,2020-10-28T08:32:00Z,NA,Low,Not Visible,Not Visible,NA,NA,NA,NA,NA
SJD,2020-12-01T00:00:00Z,2020-12-01T09:15:00Z,NA,Not Visible,Not Visible,Not Visible,NA,NA,NA,NA,NA
SJD,2021-01-14T00:00:00Z,2021-01-14T09:49:00Z,NA,Not Visible,Low,Low,2,NA,NA,NA,NA
SJD,2021-02-09T00:00:00Z,2021-02-09T09:33:00Z,NA,Not Visible,Not Visible,Not Visible,NA,NA,NA,NA,NA
SJD,2021-03-10T00:00:00Z,2021-03-10T09:28:00Z,NA,Not Visible,Not Visible,Not Visible,NA,NA,NA,NA,NA
SJD,2021-04-07T00:00:00Z,2021-04-07T08:30:00Z,NA,Medium,Not Visible,Not Visible,NA,NA,NA,NA,NA
SJD,2021-05-04T00:00:00Z,2021-05-04T08:50:00Z,NA,High,NA,Not Visible,NA,NA,NA,NA,NA
SJD,2021-06-10T00:00:00Z,2021-06-10T08:32:00Z,NA,Medium,Not Visible,Not Visible,NA,NA,NA,NA,NA
SJD,2021-07-14T00:00:00Z,2021-07-14T09:01:00Z,NA,Low,Not Visible,Not Visible,NA,NA,NA,NA,NA
SJD,2021-08-11T00:00:00Z,2021-08-11T08:35:00Z,NA,Low,Low,Not Visible,NA,NA,NA,NA,NA
SJD,2021-09-08T00:00:00Z,2021-09-08T08:57:00Z,NA,NA,NA,NA,NA,NA,NA,NA,NA
SJD,2021-10-06T00:00:00Z,2021-10-06T08:18:00Z,NA,Medium,Low,Not Visible,NA,NA,NA,NA,NA
SJD,2021-11-04T00:00:00Z,2021-11-04T08:14:00Z,NA,Medium,Not Visible,Not Visible,NA,NA,NA,NA,NA
SJD,2021-12-01T00:00:00Z,2021-12-01T08:59:00Z,NA,Low,Low,Not Visible,NA,NA,2,NA,NA
SJD,2022-01-12T00:00:00Z,2022-01-12T10:00:00Z,NA,Medium,Low,Not Visible,NA,NA,NA,NA,NA
SJD,2022-03-01T00:00:00Z,2022-03-01T11:07:00Z,NA,Medium,Not Visible,Not Visible,NA,NA,NA,NA,NA
SJD,2022-04-07T00:00:00Z,2022-04-07T12:20:00Z,NA,Not Visible,Not Visible,Not Visible,NA,NA,NA,NA,NA
SJD,2022-05-03T00:00:00Z,2022-05-03T07:58:00Z,NA,Medium,Medium,Not Visible,NA,NA,NA,NA,NA
SJD,2022-05-31T00:00:00Z,2022-05-31T08:21:00Z,NA,Not Visible,Not Visible,Not Visible,NA,NA,NA,NA,NA
SJD,2022-06-29T00:00:00Z,2022-06-29T08:05:00Z,NA,Low,Not Visible,Not Visible,NA,NA,NA,NA,NA
SJD,2022-08-02T00:00:00Z,2022-08-02T08:13:00Z,NA,Not Visible,Not Visible,Medium,NA,NA,NA,NA,NA
SJD,2022-09-07T00:00:00Z,2022-09-07T06:46:00Z,NA,Low,Low,High,NA,NA,NA,NA,NA
SJD,2022-10-17T00:00:00Z,2022-10-17T09:06:00Z,NA,Medium,Medium,Low,NA,NA,NA,NA,NA
SJD,2022-12-02T00:00:00Z,2022-12-02T09:35:00Z,NA,Low,Not Visible,Not Visible,NA,NA,NA,NA,NA
SJD,2023-01-12T00:00:00Z,2023-01-12T09:43:00Z,NA,Not Visible,Medium,Not Visible,NA,NA,NA,NA,NA
SJD,2023-02-09T00:00:00Z,2023-02-09T10:19:00Z,NA,Not Visible,Not Visible,Not Visible,NA,NA,NA,NA,NA
SJD,2023-03-08T00:00:00Z,2023-03-08T10:20:00Z,NA,NA,Not Visible,Not Visible,NA,NA,NA,NA,NA
SJD,2023-07-05T00:00:00Z,2023-07-05T11:41:00Z,NA,Not Visible,Not Visible,Not Visible,NA,NA,NA,NA,NA
SJD,2023-08-02T00:00:00Z,2023-08-02T08:05:00Z,NA,Not Visible,Not Visible,Not Visible,NA,NA,NA,NA,NA
SJD,2023-09-06T00:00:00Z,2023-09-06T08:56:00Z,NA,Not Visible,Not Visible,Not Visible,NA,NA,NA,NA,NA
SJD,2023-10-04T00:00:00Z,2023-10-04T09:45:00Z,NA,Not Visible,Not Visible,Not Visible,NA,NA,NA,NA,NA
SJD,2023-11-01T00:00:00Z,2023-11-01T08:45:00Z,NA,Not Visible,Not Visible,Not Visible,NA,NA,NA,NA,NA
SJD,2023-12-14T00:00:00Z,2023-12-14T09:35:00Z,NA,Not Visible,Not Visible,Not Visible,NA,NA,NA,NA,NA
SJD,2024-01-18T00:00:00Z,2024-01-18T09:35:00Z,NA,Not Visible,Not Visible,Not Visible,NA,NA,NA,NA,NA
SJD,2024-02-14T00:00:00Z,2024-02-14T11:31:00Z,NA,Not Visible,Not Visible,Not Visible,NA,NA,NA,NA,NA
SJD,2024-03-07T00:00:00Z,2024-03-07T09:38:00Z,NA,Not Visible,Not Visible,Not Visible,NA,NA,NA,NA,NA
SJD,2024-04-03T00:00:00Z,2024-04-03T08:42:00Z,NA,Not Visible,Not Visible,Not Visible,NA,NA,NA,NA,NA
SJD,2024-05-08T00:00:00Z,2024-05-08T08:17:00Z,NA,Not Visible,Not Visible,Not Visible,NA,NA,NA,NA,NA
SJD,2024-06-05T00:00:00Z,2024-06-05T08:00:00Z,NA,Not Visible,Not Visible,Not Visible,NA,NA,NA,NA,NA
SJD,2024-07-10T00:00:00Z,2024-07-10T06:52:00Z,NA,Not Visible,Not Visible,Low,NA,NA,NA,NA,NA
SJD,2024-08-07T00:00:00Z,2024-08-07T07:12:00Z,NA,Not Visible,Not Visible,Low,NA,NA,NA,NA,NA
SJD,2024-09-04T00:00:00Z,2024-09-04T07:27:00Z,NA,Not Visible,Not Visible,Not Visible,NA,NA,NA,NA,NA
SJD,2024-10-03T00:00:00Z,2024-10-03T07:32:00Z,NA,Not Visible,Not Visible,Not Visible,NA,NA,NA,NA,NA
SJD,2024-11-06T00:00:00Z,2024-11-06T09:49:00Z,NA,Not Visible,Not Visible,Not Visible,NA,NA,NA,NA,NA
SJD,2024-12-04T00:00:00Z,2024-12-04T10:16:00Z,NA,Not Visible,Not Visible,Not Visible,NA,NA,NA,NA,NA
SJD,2025-01-14T00:00:00Z,2025-01-14T09:45:00Z,NA,NA,Not Visible,Not Visible,NA,NA,NA,NA,NA
SJD,2025-02-05T00:00:00Z,2025-02-05T09:56:00Z,NA,Not Visible,Not Visible,Not Visible,NA,NA,NA,NA,NA
SJD,2025-03-06T00:00:00Z,2025-03-06T09:35:00Z,NA,Not Visible,Not Visible,Not Visible,NA,NA,NA,NA,NA
SJD,2025-04-02T00:00:00Z,2025-04-02T08:56:00Z,NA,Not Visible,Not Visible,Not Visible,NA,NA,NA,NA,NA
SJD,2025-05-07T00:00:00Z,2025-05-07T08:28:00Z,NA,Not Visible,Not Visible,Not Visible,NA,NA,NA,NA,NA
SJD,2025-06-04T00:00:00Z,2025-06-04T07:56:00Z,NA,Not Visible,Not Visible,Not Visible,NA,NA,NA,NA,NA
SJD,2025-07-08T00:00:00Z,2025-07-08T07:46:00Z,NA,Not Visible,Not Visible,Not Visible,NA,NA,NA,NA,NA
SJD,2025-08-06T00:00:00Z,2025-08-06T07:59:00Z,NA,Not Visible,Not Visible,Low,NA,NA,NA,NA,NA
SJD,2025-09-03T00:00:00Z,2025-09-03T07:58:00Z,NA,Not Visible,Low,Not Visible,NA,NA,2,NA,NA
SJD,2025-10-01T00:00:00Z,2025-10-01T08:45:00Z,NA,Not Visible,High,Not Visible,NA,NA,4,NA,NA
SJD,2025-11-12T00:00:00Z,2025-11-12T09:43:00Z,NA,Not Visible,Not Visible,Not Visible,NA,NA,NA,NA,NA
SOI,2017-10-19T00:00:00Z,2017-10-19T09:45:00Z,NA,NA,NA,Not Visible,NA,NA,NA,NA,NA
SOI,2017-11-09T00:00:00Z,2017-11-09T10:45:00Z,NA,NA,NA,Unknown,NA,NA,NA,NA,NA
SOI,2017-12-07T00:00:00Z,2017-12-07T11:29:00Z,NA,NA,NA,Not Visible,NA,NA,NA,NA,NA
SOI,2017-12-22T00:00:00Z,2017-12-22T10:33:00Z,NA,NA,NA,Not Visible,NA,NA,NA,NA,NA
SOI,2018-01-12T00:00:00Z,2018-01-12T09:59:00Z,NA,NA,NA,Not Visible,NA,NA,NA,NA,NA
SOI,2018-02-06T00:00:00Z,2018-02-06T11:01:00Z,NA,NA,NA,Not Visible,NA,NA,NA,NA,NA
SOI,2017-10-05T00:00:00Z,2017-10-05T08:29:00Z,NA,NA,NA,NA,NA,NA,NA,NA,NA
SOI,2018-03-15T00:00:00Z,2018-03-15T09:47:00Z,NA,NA,NA,Not Visible,NA,NA,NA,NA,NA
SOI,2018-04-05T00:00:00Z,2018-04-05T10:17:00Z,NA,NA,NA,Not Visible,NA,NA,NA,NA,NA
SOI,2018-04-30T00:00:00Z,2018-04-30T10:02:00Z,NA,NA,NA,Not Visible,NA,NA,NA,NA,NA
SOI,2018-05-29T00:00:00Z,2018-05-29T09:58:00Z,NA,NA,Not Visible,Not Visible,NA,NA,NA,NA,NA
SOI,2018-06-14T00:00:00Z,2018-06-14T08:35:00Z,NA,NA,NA,Not Visible,NA,NA,NA,NA,NA
SOI,2018-07-05T00:00:00Z,2018-07-05T10:46:00Z,NA,NA,NA,Not Visible,NA,NA,NA,NA,NA
SOI,2018-08-02T00:00:00Z,2018-08-02T10:15:00Z,NA,Not Visible,Not Visible,Not Visible,NA,NA,NA,NA,NA
SOI,2018-08-23T00:00:00Z,2018-08-23T09:15:00Z,NA,NA,NA,Not Visible,NA,NA,NA,NA,NA
SOI,2018-09-14T00:00:00Z,2018-09-14T11:47:00Z,NA,NA,NA,Not Visible,NA,NA,NA,NA,NA
SOI,2018-09-27T00:00:00Z,2018-09-27T09:15:00Z,NA,NA,NA,Not Visible,NA,NA,NA,NA,NA
SOI,2018-11-01T00:00:00Z,2018-11-01T10:57:00Z,NA,Low,Not Visible,Not Visible,NA,NA,NA,NA,NA
SOI,2018-11-30T00:00:00Z,2018-11-30T10:30:00Z,NA,Not Visible,Not Visible,Not Visible,NA,NA,NA,NA,NA
SOI,2018-12-27T00:00:00Z,2018-12-27T10:15:00Z,NA,Low,Not Visible,Not Visible,NA,NA,NA,NA,NA
SOI,2019-01-29T00:00:00Z,2019-01-29T11:17:00Z,NA,Not Visible,Not Visible,Not Visible,NA,NA,NA,NA,NA
SOI,2019-02-28T00:00:00Z,2019-02-28T11:33:00Z,NA,Not Visible,Not Visible,Not Visible,NA,NA,NA,NA,NA
SOI,2019-04-03T00:00:00Z,2019-04-03T09:59:00Z,NA,Not Visible,Not Visible,Not Visible,NA,NA,NA,NA,NA
SOI,2019-05-02T00:00:00Z,2019-05-02T10:29:00Z,NA,Not Visible,Not Visible,Not Visible,NA,NA,NA,NA,NA
SOI,2019-05-22T00:00:00Z,2019-05-22T10:45:00Z,NA,Not Visible,Not Visible,Not Visible,NA,NA,NA,NA,NA
SOI,2019-06-19T00:00:00Z,2019-06-19T09:46:00Z,NA,Medium,Medium,Not Visible,NA,NA,NA,NA,NA
SOI,2019-07-03T00:00:00Z,2019-07-03T10:04:00Z,NA,Low,Not Visible,Not Visible,NA,NA,NA,NA,NA
SOI,2019-07-24T00:00:00Z,2019-07-24T09:34:00Z,NA,Not Visible,Not Visible,Not Visible,NA,NA,NA,NA,NA
SOI,2019-08-22T00:00:00Z,2019-08-22T10:00:00Z,NA,Not Visible,Not Visible,Not Visible,NA,NA,NA,NA,NA
SOI,2019-09-24T00:00:00Z,2019-09-24T09:47:00Z,NA,Low,Low,Not Visible,NA,NA,NA,NA,NA
SOI,2019-10-31T00:00:00Z,2019-10-31T09:31:00Z,NA,Not Visible,Not Visible,Not Visible,NA,NA,NA,NA,NA
SOI,2019-12-19T00:00:00Z,2019-12-19T11:00:00Z,NA,Low,Not Visible,Not Visible,NA,NA,NA,NA,NA
SOI,2020-01-23T00:00:00Z,2020-01-23T10:44:00Z,NA,Not Visible,Not Visible,Not Visible,NA,NA,NA,NA,NA
SOI,2020-02-21T00:00:00Z,2020-02-21T11:03:00Z,NA,Not Visible,Low,Not Visible,NA,NA,2,NA,NA
SOI,2020-04-02T00:00:00Z,2020-04-02T11:03:00Z,egeria,Medium,Not Visible,Not Visible,NA,NA,NA,NA,NA
SOI,2020-04-30T00:00:00Z,2020-04-30T10:32:00Z,NA,NA,Not Visible,Not Visible,NA,NA,NA,NA,NA
SOI,2020-05-28T00:00:00Z,2020-05-28T10:19:00Z,NA,Low,Low,Not Visible,NA,NA,NA,NA,NA
SOI,2020-06-30T00:00:00Z,2020-06-30T10:32:00Z,NA,Low,Not Visible,Low,NA,NA,NA,NA,NA
SOI,2020-07-30T00:00:00Z,2020-07-30T09:33:00Z,NA,Not Visible,Not Visible,Not Visible,NA,NA,NA,NA,NA
SOI,2020-08-27T00:00:00Z,2020-08-27T09:15:00Z,NA,Not Visible,Low,Not Visible,NA,NA,NA,NA,NA
SOI,2020-09-24T00:00:00Z,2020-09-24T09:43:00Z,NA,Not Visible,Medium,Low,NA,NA,NA,NA,NA
SOI,2020-10-15T00:00:00Z,2020-10-15T09:34:00Z,NA,Low,Medium,Not Visible,NA,NA,NA,NA,NA
SOI,2020-11-23T00:00:00Z,2020-11-23T10:50:00Z,NA,Not Visible,Not Visible,Not Visible,NA,NA,NA,NA,NA
SOI,2020-12-30T00:00:00Z,2020-12-30T10:40:00Z,NA,Not Visible,Low,Not Visible,NA,NA,NA,NA,NA
SOI,2021-01-29T00:00:00Z,2021-01-29T11:48:00Z,NA,Not Visible,Not Visible,Not Visible,NA,NA,NA,NA,NA
SOI,2021-03-04T00:00:00Z,2021-03-04T10:48:00Z,NA,Not Visible,Not Visible,Not Visible,NA,NA,NA,NA,NA
SOI,2021-04-01T00:00:00Z,2021-04-01T09:46:00Z,NA,Not Visible,Low,Not Visible,NA,NA,NA,NA,NA
SOI,2021-04-29T00:00:00Z,2021-04-29T09:32:00Z,NA,Medium,Low,Not Visible,NA,NA,NA,NA,NA
SOI,2021-05-27T00:00:00Z,2021-05-27T09:33:00Z,NA,NA,NA,Not Visible,NA,NA,NA,NA,NA
SOI,2021-06-24T00:00:00Z,2021-06-24T08:04:00Z,NA,Not Visible,Not Visible,Not Visible,NA,NA,NA,NA,NA
SOI,2021-07-29T00:00:00Z,2021-07-29T09:18:00Z,NA,Not Visible,Not Visible,Medium,NA,NA,NA,NA,NA
SOI,2021-08-19T00:00:00Z,2021-08-19T09:57:00Z,NA,Low,Not Visible,Not Visible,NA,NA,NA,NA,NA
SOI,2021-09-16T00:00:00Z,2021-09-16T08:18:00Z,NA,Not Visible,Not Visible,Not Visible,NA,NA,NA,NA,NA
SOI,2021-10-14T00:00:00Z,2021-10-14T10:14:00Z,NA,Not Visible,Not Visible,Not Visible,NA,NA,NA,NA,NA
SOI,2021-11-30T00:00:00Z,2021-11-30T11:04:00Z,NA,Not Visible,Not Visible,NA,NA,NA,NA,NA,NA
SOI,2022-01-13T00:00:00Z,2022-01-13T10:30:00Z,NA,Not Visible,Not Visible,Not Visible,NA,NA,NA,NA,NA
SOI,2022-02-17T00:00:00Z,2022-02-17T10:27:00Z,NA,Not Visible,Not Visible,Not Visible,NA,NA,NA,NA,NA
SOI,2022-03-17T00:00:00Z,2022-03-17T09:33:00Z,NA,Not Visible,Not Visible,Not Visible,NA,NA,NA,NA,NA
SOI,2022-04-28T00:00:00Z,2022-04-28T09:50:00Z,NA,Not Visible,Not Visible,Not Visible,NA,NA,NA,NA,NA
SOI,2022-06-10T00:00:00Z,2022-06-10T09:27:00Z,NA,Not Visible,Not Visible,Not Visible,NA,NA,NA,NA,NA
SOI,2022-07-28T00:00:00Z,2022-07-28T09:58:00Z,NA,Not Visible,Not Visible,Not Visible,NA,NA,NA,NA,NA
SOI,2022-08-18T00:00:00Z,2022-08-18T09:58:00Z,NA,Not Visible,Not Visible,Low,NA,NA,NA,NA,NA
SOI,2022-09-20T00:00:00Z,2022-09-20T09:28:00Z,NA,Not Visible,Not Visible,Not Visible,NA,NA,NA,NA,NA
SOI,2022-10-20T00:00:00Z,2022-10-20T09:18:00Z,NA,Low,Low,Not Visible,NA,NA,NA,NA,NA
SOI,2022-11-17T00:00:00Z,2022-11-17T11:00:00Z,NA,Not Visible,Not Visible,Not Visible,NA,NA,NA,NA,NA
SOI,2022-12-20T00:00:00Z,2022-12-20T11:13:00Z,NA,Not Visible,Not Visible,Not Visible,NA,NA,NA,NA,NA
SOI,2023-01-19T00:00:00Z,2023-01-19T10:49:00Z,NA,Not Visible,Low,Not Visible,NA,NA,NA,NA,NA
SOI,2023-02-16T00:00:00Z,2023-02-16T10:33:00Z,NA,Not Visible,Not Visible,Not Visible,NA,NA,NA,NA,NA
SOI,2023-04-05T00:00:00Z,2023-04-05T09:55:00Z,NA,Not Visible,Not Visible,Not Visible,NA,NA,NA,NA,NA
SOI,2023-05-04T00:00:00Z,2023-05-04T10:01:00Z,NA,Not Visible,Not Visible,Not Visible,NA,NA,NA,NA,NA
SOI,2023-06-08T00:00:00Z,2023-06-08T09:19:00Z,NA,Not Visible,Not Visible,Not Visible,NA,NA,NA,NA,NA
SOI,2023-07-19T00:00:00Z,2023-07-19T08:46:00Z,NA,Not Visible,Not Visible,Not Visible,NA,NA,NA,NA,NA
SOI,2023-08-17T00:00:00Z,2023-08-17T10:00:00Z,NA,Low,Not Visible,Not Visible,NA,NA,NA,NA,NA
SOI,2023-09-21T00:00:00Z,2023-09-21T11:55:00Z,NA,Not Visible,Low,Not Visible,NA,NA,NA,NA,NA
SOI,2023-10-26T00:00:00Z,2023-10-26T09:15:00Z,NA,Not Visible,Not Visible,Not Visible,NA,NA,NA,NA,NA
SOI,2023-11-30T00:00:00Z,2023-11-30T11:33:00Z,NA,Low,Low,Not Visible,NA,NA,NA,NA,NA
SOI,2024-01-23T00:00:00Z,2024-01-23T10:34:00Z,NA,Not Visible,Low,Not Visible,NA,NA,NA,NA,NA
SOI,2024-02-27T00:00:00Z,2024-02-27T10:15:00Z,NA,Not Visible,Not Visible,Not Visible,NA,NA,NA,NA,NA
SOI,2024-03-26T00:00:00Z,2024-03-26T09:12:00Z,NA,Not Visible,Not Visible,Not Visible,NA,NA,NA,NA,NA
SOI,2024-04-17T00:00:00Z,2024-04-17T09:17:00Z,NA,Not Visible,Not Visible,Not Visible,NA,NA,NA,NA,NA
SOI,2024-05-16T00:00:00Z,2024-05-16T09:25:00Z,NA,Low,Not Visible,Not Visible,NA,NA,NA,NA,NA
SOI,2024-06-26T00:00:00Z,2024-06-26T09:14:00Z,NA,Not Visible,Not Visible,Not Visible,NA,NA,NA,NA,NA
SOI,2024-07-16T00:00:00Z,2024-07-16T08:30:00Z,NA,Not Visible,Not Visible,Not Visible,NA,NA,NA,NA,NA
SOI,2024-08-15T00:00:00Z,2024-08-15T09:06:00Z,NA,Not Visible,Not Visible,Not Visible,NA,NA,NA,NA,NA
SOI,2024-09-19T00:00:00Z,2024-09-19T09:06:00Z,NA,NA,NA,NA,NA,NA,NA,NA,NA
SOI,2024-10-16T00:00:00Z,2024-10-16T09:49:00Z,NA,Low,Not Visible,Not Visible,NA,NA,NA,NA,NA
SOI,2024-11-21T00:00:00Z,2024-11-21T12:01:00Z,NA,Not Visible,Low,Not Visible,NA,NA,NA,NA,NA
SOI,2024-12-19T00:00:00Z,2024-12-19T11:27:00Z,NA,Not Visible,Not Visible,Not Visible,NA,NA,NA,NA,NA
SOI,2025-01-15T00:00:00Z,2025-01-15T10:35:00Z,NA,Not Visible,Not Visible,Not Visible,NA,NA,NA,NA,NA
SOI,2025-02-19T00:00:00Z,2025-02-19T11:01:00Z,NA,Not Visible,Low,Not Visible,1,NA,3,NA,NA
SOI,2025-03-19T00:00:00Z,2025-03-19T09:46:00Z,NA,Not Visible,Not Visible,Medium,NA,NA,NA,NA,NA
SOI,2025-04-08T00:00:00Z,2025-04-08T09:25:00Z,NA,Not Visible,Not Visible,Not Visible,NA,NA,NA,NA,NA
SOI,2025-05-21T00:00:00Z,2025-05-21T09:23:00Z,NA,Not Visible,Not Visible,Not Visible,NA,NA,NA,NA,NA
SOI,2025-06-18T00:00:00Z,2025-06-18T09:03:00Z,NA,Medium,Medium,Not Visible,NA,NA,NA,NA,NA
SOI,2025-07-15T00:00:00Z,2025-07-15T09:16:00Z,NA,Not Visible,Not Visible,Not Visible,NA,NA,NA,NA,NA
SOI,2025-08-20T00:00:00Z,2025-08-20T09:34:00Z,NA,Medium,Low,Not Visible,NA,NA,NA,NA,NA
SOI,2025-09-17T00:00:00Z,2025-09-17T11:01:00Z,NA,Medium,Not Visible,Not Visible,NA,NA,NA,NA,NA
SOI,2025-10-15T00:00:00Z,2025-10-15T09:21:00Z,NA,Not Visible,Low,Not Visible,NA,NA,NA,NA,NA
STTD,2019-08-22T00:00:00Z,2019-08-22T09:12:00Z,NA,NA,Not Visible,Not Visible,NA,NA,NA,NA,NA
STTD,2019-07-06T00:00:00Z,2019-07-06T10:44:00Z,NA,Not Visible,Not Visible,Not Visible,NA,NA,NA,NA,NA
STTD,2019-09-25T00:00:00Z,2019-09-25T08:33:00Z,NA,Not Visible,Low,Not Visible,NA,NA,NA,NA,NA
STTD,2019-10-23T00:00:00Z,2019-10-23T09:15:00Z,NA,Medium,High,Not Visible,NA,NA,NA,NA,NA
STTD,2019-12-04T00:00:00Z,2019-12-04T10:43:00Z,NA,NA,Low,Not Visible,NA,NA,NA,NA,NA
STTD,2020-06-25T00:00:00Z,2020-06-25T10:14:00Z,NA,Low,Not Visible,Not Visible,NA,NA,NA,NA,NA
STTD,2020-07-22T00:00:00Z,2020-07-22T09:41:00Z,NA,Not Visible,Not Visible,Not Visible,NA,NA,NA,NA,NA
STTD,2020-08-18T00:00:00Z,2020-08-18T07:50:00Z,"Vegetation surrounding station held a lot of silt which could have been dislogdged upon arrival to the station, skewing the last turbidity reading. Vegetation removed after sonde swap.",Low,Low,Not Visible,NA,NA,2,NA,NA
STTD,2020-09-16T00:00:00Z,2020-09-16T07:55:00Z,NA,Low,Not Visible,Not Visible,NA,NA,NA,NA,NA
STTD,2020-10-14T00:00:00Z,2020-10-14T11:48:00Z,NA,Low,Not Visible,Not Visible,NA,NA,NA,NA,NA
STTD,2020-11-12T00:00:00Z,2020-11-12T14:02:00Z,NA,Not Visible,Low,Not Visible,NA,NA,2,NA,NA
STTD,2020-01-07T00:00:00Z,2020-01-07T10:45:00Z,NA,NA,NA,NA,NA,NA,NA,NA,NA
STTD,2020-02-06T00:00:00Z,2020-02-06T10:45:00Z,NA,NA,NA,NA,NA,NA,NA,NA,NA
STTD,2020-03-04T00:00:00Z,2020-03-04T11:00:00Z,NA,NA,NA,NA,NA,NA,NA,NA,NA
STTD,2021-08-30T00:00:00Z,2021-08-30T10:28:00Z,NA,Not Visible,Not Visible,Not Visible,NA,NA,NA,NA,NA
STTD,2021-09-23T00:00:00Z,2021-09-23T08:43:00Z,NA,Not Visible,Not Visible,Not Visible,NA,NA,NA,NA,NA
STTD,2021-10-26T00:00:00Z,2021-10-26T11:14:00Z,NA,Not Visible,Not Visible,Not Visible,NA,NA,NA,NA,NA
STTD,2021-11-17T00:00:00Z,2021-11-17T12:41:00Z,NA,Not Visible,NA,Not Visible,NA,NA,2,NA,NA
STTD,2022-08-08T00:00:00Z,2022-08-08T10:45:00Z,NA,Not Visible,Not Visible,Not Visible,NA,NA,NA,NA,NA
STTD,2022-09-06T00:00:00Z,2022-09-06T07:33:00Z,NA,Not Visible,Not Visible,Not Visible,NA,NA,NA,NA,NA
STTD,2022-10-03T00:00:00Z,2022-10-03T10:18:00Z,NA,Not Visible,Not Visible,Not Visible,NA,NA,NA,NA,NA
STTD,2022-11-03T00:00:00Z,2022-11-03T10:54:00Z,NA,Not Visible,Not Visible,Not Visible,NA,NA,NA,NA,NA
STTD,2023-07-06T00:00:00Z,2023-07-06T08:53:00Z,NA,Not Visible,Not Visible,Not Visible,NA,NA,NA,NA,NA
STTD,2023-08-02T00:00:00Z,2023-08-02T09:25:00Z,NA,Not Visible,Not Visible,Not Visible,NA,NA,NA,NA,NA
STTD,2023-08-30T00:00:00Z,2023-08-30T11:47:00Z,NA,Not Visible,Not Visible,Not Visible,NA,NA,NA,NA,NA
STTD,2023-09-27T00:00:00Z,2023-09-27T08:48:00Z,NA,Not Visible,Not Visible,Not Visible,NA,NA,NA,NA,NA
STTD,2023-11-06T00:00:00Z,2023-11-06T11:55:00Z,NA,Not Visible,Not Visible,Not Visible,NA,NA,NA,NA,NA
STTD,2024-07-09T00:00:00Z,2024-07-09T10:00:00Z,NA,Not Visible,Not Visible,Not Visible,NA,NA,NA,NA,NA
STTD,2024-08-08T00:00:00Z,2024-08-08T10:28:00Z,NA,Not Visible,Not Visible,Not Visible,NA,NA,NA,NA,NA
STTD,2024-08-20T00:00:00Z,2024-08-20T09:44:00Z,NA,Not Visible,Not Visible,Not Visible,NA,NA,NA,NA,NA
SXS,2017-10-19T00:00:00Z,2017-10-19T09:16:00Z,NA,NA,NA,Not Visible,NA,NA,NA,NA,NA
SXS,2017-11-09T00:00:00Z,2017-11-09T10:13:00Z,NA,NA,NA,Not Visible,NA,NA,NA,NA,NA
SXS,2017-12-07T00:00:00Z,2017-12-07T10:59:00Z,NA,NA,Not Visible,Not Visible,NA,NA,NA,NA,NA
SXS,2017-12-22T00:00:00Z,2017-12-22T10:15:00Z,NA,NA,NA,Not Visible,NA,NA,NA,NA,NA
SXS,2018-01-12T00:00:00Z,2018-01-12T09:33:00Z,NA,NA,NA,Not Visible,NA,NA,NA,NA,NA
SXS,2018-01-16T00:00:00Z,2018-01-16T11:29:00Z,NA,NA,NA,Not Visible,NA,NA,NA,NA,NA
SXS,2017-10-05T00:00:00Z,2017-10-05T07:59:00Z,NA,NA,NA,NA,NA,NA,NA,NA,NA
SXS,2018-02-12T00:00:00Z,2018-02-12T10:49:00Z,NA,NA,Not Visible,Not Visible,NA,NA,NA,NA,NA
SXS,2018-03-15T00:00:00Z,2018-03-15T09:20:00Z,NA,NA,NA,Not Visible,NA,NA,NA,NA,NA
SXS,2018-04-05T00:00:00Z,2018-04-05T09:30:00Z,NA,NA,NA,Not Visible,NA,NA,NA,NA,NA
SXS,2018-04-26T00:00:00Z,2018-04-26T08:59:00Z,NA,NA,NA,Not Visible,NA,NA,NA,NA,NA
SXS,2018-05-29T00:00:00Z,2018-05-29T09:00:00Z,NA,NA,Not Visible,Not Visible,NA,NA,NA,NA,NA
SXS,2018-06-14T00:00:00Z,2018-06-14T08:16:00Z,NA,NA,NA,Not Visible,NA,NA,NA,NA,NA
SXS,2018-07-05T00:00:00Z,2018-07-05T10:00:00Z,NA,NA,NA,Not Visible,NA,NA,NA,NA,NA
SXS,2018-08-02T00:00:00Z,2018-08-02T09:45:00Z,NA,Not Visible,Not Visible,Not Visible,NA,NA,NA,NA,NA
SXS,2018-08-23T00:00:00Z,2018-08-23T08:44:00Z,NA,NA,NA,Not Visible,NA,NA,NA,NA,NA
SXS,2018-09-14T00:00:00Z,2018-09-14T11:29:00Z,NA,NA,NA,Not Visible,NA,NA,NA,NA,NA
SXS,2018-09-27T00:00:00Z,2018-09-27T09:35:00Z,NA,NA,NA,Not Visible,NA,NA,NA,NA,NA
SXS,2018-10-05T00:00:00Z,2018-10-05T09:32:00Z,NA,Not Visible,Not Visible,Not Visible,NA,NA,NA,NA,NA
SXS,2018-11-01T00:00:00Z,2018-11-01T09:48:00Z,NA,Not Visible,Not Visible,Not Visible,NA,NA,NA,NA,NA
SXS,2018-11-30T00:00:00Z,2018-11-30T10:00:00Z,NA,Not Visible,Not Visible,Not Visible,NA,NA,NA,NA,NA
SXS,2018-12-27T00:00:00Z,2018-12-27T09:45:00Z,NA,Not Visible,Not Visible,Not Visible,NA,NA,NA,NA,NA
SXS,2019-02-28T00:00:00Z,2019-02-28T10:34:00Z,NA,NA,NA,Not Visible,NA,NA,NA,NA,NA
SXS,2019-01-29T00:00:00Z,2019-01-29T10:26:00Z,NA,Not Visible,Not Visible,Not Visible,NA,NA,NA,NA,NA
SXS,2019-04-03T00:00:00Z,2019-04-03T09:14:00Z,NA,Not Visible,Not Visible,Not Visible,NA,NA,NA,NA,NA
SXS,2019-05-02T00:00:00Z,2019-05-02T09:03:00Z,NA,Not Visible,Not Visible,Not Visible,NA,NA,NA,NA,NA
SXS,2019-05-22T00:00:00Z,2019-05-22T08:40:00Z,NA,Not Visible,Not Visible,Not Visible,NA,NA,NA,NA,NA
SXS,2019-06-19T00:00:00Z,2019-06-19T09:02:00Z,NA,Medium,Not Visible,Not Visible,NA,NA,NA,NA,NA
SXS,2019-07-24T00:00:00Z,2019-07-24T08:59:00Z,NA,Not Visible,Not Visible,Not Visible,NA,NA,NA,NA,NA
SXS,2019-08-22T00:00:00Z,2019-08-22T09:28:00Z,NA,Not Visible,Not Visible,Not Visible,NA,NA,NA,NA,NA
SXS,2019-09-24T00:00:00Z,2019-09-24T09:15:00Z,NA,Not Visible,Not Visible,Not Visible,NA,NA,NA,NA,NA
SXS,2019-10-31T00:00:00Z,2019-10-31T08:58:00Z,NA,Low,Not Visible,Not Visible,NA,NA,NA,NA,NA
SXS,2019-12-19T00:00:00Z,2019-12-19T10:29:00Z,NA,Not Visible,Not Visible,Not Visible,NA,NA,NA,NA,NA
SXS,2020-01-23T00:00:00Z,2020-01-23T10:17:00Z,NA,Not Visible,Not Visible,Not Visible,NA,NA,NA,NA,NA
SXS,2020-02-21T00:00:00Z,2020-02-21T09:44:00Z,NA,Not Visible,Not Visible,Not Visible,NA,NA,NA,NA,NA
SXS,2020-04-02T00:00:00Z,2020-04-02T10:30:00Z,NA,Not Visible,Not Visible,Not Visible,NA,NA,NA,NA,NA
SXS,2020-04-30T00:00:00Z,2020-04-30T09:49:00Z,NA,Not Visible,Not Visible,Not Visible,NA,NA,NA,NA,NA
SXS,2020-05-28T00:00:00Z,2020-05-28T09:45:00Z,NA,Low,Low,Not Visible,NA,NA,NA,NA,2
SXS,2020-06-30T00:00:00Z,2020-06-30T09:33:00Z,NA,Low,Not Visible,Not Visible,NA,NA,NA,NA,NA
SXS,2020-08-27T00:00:00Z,2020-08-27T08:43:00Z,NA,Not Visible,Low,Not Visible,NA,NA,NA,NA,NA
SXS,2020-07-30T00:00:00Z,2020-07-30T09:00:00Z,NA,Not Visible,Low,Not Visible,NA,NA,NA,NA,NA
SXS,2020-09-24T00:00:00Z,2020-09-24T09:05:00Z,NA,Not Visible,Not Visible,Not Visible,NA,NA,NA,NA,NA
SXS,2020-10-15T00:00:00Z,2020-10-15T09:04:00Z,NA,Low,Not Visible,Not Visible,NA,NA,NA,NA,NA
SXS,2020-11-23T00:00:00Z,2020-11-23T10:14:00Z,NA,Not Visible,Not Visible,Not Visible,NA,NA,NA,NA,NA
SXS,2020-12-30T00:00:00Z,2020-12-30T10:11:00Z,NA,Not Visible,Low,Not Visible,NA,NA,NA,NA,NA
SXS,2021-01-29T00:00:00Z,2021-01-29T11:00:00Z,NA,Not Visible,Not Visible,Not Visible,NA,NA,NA,NA,NA
SXS,2021-03-04T00:00:00Z,2021-03-04T10:08:00Z,NA,Not Visible,Not Visible,Not Visible,NA,NA,NA,NA,NA
SXS,2021-04-01T00:00:00Z,2021-04-01T09:19:00Z,NA,Not Visible,Not Visible,Not Visible,NA,NA,NA,NA,NA
SXS,2021-04-29T00:00:00Z,2021-04-29T09:01:00Z,NA,Not Visible,Not Visible,Not Visible,NA,NA,NA,NA,NA
SXS,2021-05-27T00:00:00Z,2021-05-27T09:00:00Z,NA,Not Visible,Not Visible,NA,NA,NA,NA,NA,NA
SXS,2021-06-24T00:00:00Z,2021-06-24T09:45:00Z,NA,Not Visible,Not Visible,Not Visible,NA,NA,NA,NA,NA
SXS,2021-07-29T00:00:00Z,2021-07-29T08:50:00Z,NA,Not Visible,Not Visible,Medium,NA,NA,NA,NA,NA
SXS,2021-08-19T00:00:00Z,2021-08-19T09:17:00Z,NA,Low,Not Visible,Not Visible,NA,NA,NA,NA,NA
SXS,2021-09-16T00:00:00Z,2021-09-16T07:50:00Z,NA,Not Visible,Not Visible,Not Visible,NA,NA,NA,NA,NA
SXS,2021-10-14T00:00:00Z,2021-10-14T09:44:00Z,NA,Not Visible,Not Visible,Not Visible,NA,NA,NA,NA,NA
SXS,2021-10-27T00:00:00Z,2021-10-27T12:02:00Z,NA,Not Visible,Not Visible,Not Visible,NA,NA,NA,NA,NA
SXS,2021-11-30T00:00:00Z,2021-11-30T10:28:00Z,NA,Not Visible,Not Visible,Not Visible,NA,NA,NA,NA,NA
SXS,2022-01-13T00:00:00Z,2022-01-13T09:58:00Z,NA,Not Visible,Not Visible,Not Visible,NA,NA,NA,NA,NA
SXS,2022-02-17T00:00:00Z,2022-02-17T09:57:00Z,NA,Not Visible,Not Visible,Not Visible,NA,NA,NA,NA,NA
SXS,2022-03-17T00:00:00Z,2022-03-17T09:05:00Z,NA,Not Visible,Not Visible,Not Visible,NA,NA,NA,NA,NA
SXS,2022-04-28T00:00:00Z,2022-04-28T10:19:00Z,NA,Not Visible,Not Visible,Not Visible,NA,NA,NA,NA,NA
SXS,2022-06-10T00:00:00Z,2022-06-10T08:56:00Z,NA,Low,Not Visible,Low,NA,NA,NA,NA,NA
SXS,2022-07-28T00:00:00Z,2022-07-28T09:27:00Z,NA,Not Visible,Not Visible,NA,NA,NA,NA,NA,NA
SXS,2022-08-18T00:00:00Z,2022-08-18T09:14:00Z,NA,Not Visible,Not Visible,Not Visible,NA,NA,NA,NA,NA
SXS,2022-09-20T00:00:00Z,2022-09-20T09:01:00Z,NA,Not Visible,Not Visible,Not Visible,NA,NA,NA,NA,NA
SXS,2022-10-20T00:00:00Z,2022-10-20T08:45:00Z,NA,Low,Low,Not Visible,NA,NA,NA,NA,NA
SXS,2022-12-20T00:00:00Z,2022-12-20T10:29:00Z,NA,Not Visible,Low,Not Visible,NA,NA,NA,NA,NA
SXS,2023-01-19T00:00:00Z,2023-01-19T10:04:00Z,NA,Not Visible,Low,Not Visible,NA,NA,NA,NA,NA
SXS,2023-02-16T00:00:00Z,2023-02-16T10:03:00Z,NA,Not Visible,Not Visible,Not Visible,NA,NA,NA,NA,NA
SXS,2022-11-17T00:00:00Z,2022-11-17T10:30:00Z,NA,Not Visible,Not Visible,Not Visible,NA,NA,NA,NA,NA
SXS,2023-04-05T00:00:00Z,2023-04-05T09:10:00Z,NA,Not Visible,Not Visible,Not Visible,NA,NA,NA,NA,NA
SXS,2023-05-04T00:00:00Z,2023-05-04T09:06:00Z,NA,Not Visible,Not Visible,Not Visible,NA,NA,NA,NA,NA
SXS,2023-06-08T00:00:00Z,2023-06-08T08:50:00Z,NA,Not Visible,Low,Not Visible,NA,NA,NA,NA,NA
SXS,2023-07-19T00:00:00Z,2023-07-19T08:17:00Z,NA,Not Visible,Not Visible,Not Visible,NA,NA,NA,NA,NA
SXS,2023-08-17T00:00:00Z,2023-08-17T09:27:00Z,NA,Low,Not Visible,Not Visible,NA,NA,NA,NA,NA
SXS,2023-09-21T00:00:00Z,2023-09-21T10:11:00Z,NA,Not Visible,Low,Not Visible,NA,NA,NA,NA,NA
SXS,2023-10-26T00:00:00Z,2023-10-26T08:44:00Z,NA,Low,Low,Not Visible,NA,NA,NA,NA,NA
SXS,2023-11-30T00:00:00Z,2023-11-30T11:02:00Z,NA,Low,Low,Not Visible,NA,NA,NA,NA,NA
SXS,2024-01-23T00:00:00Z,2024-01-23T09:58:00Z,NA,Not Visible,Low,Not Visible,NA,NA,NA,NA,NA
SXS,2024-02-27T00:00:00Z,2024-02-27T09:42:00Z,NA,Not Visible,Not Visible,Not Visible,NA,NA,NA,NA,NA
SXS,2024-03-26T00:00:00Z,2024-03-26T08:41:00Z,NA,Not Visible,Not Visible,Not Visible,NA,NA,NA,NA,NA
SXS,2024-04-17T00:00:00Z,2024-04-17T08:35:00Z,NA,Not Visible,Not Visible,Not Visible,NA,NA,NA,NA,NA
SXS,2024-05-16T00:00:00Z,2024-05-16T08:35:00Z,NA,Not Visible,Not Visible,Not Visible,NA,NA,NA,NA,NA
SXS,2024-06-26T00:00:00Z,2024-06-26T08:44:00Z,NA,Low,Not Visible,Not Visible,NA,NA,NA,NA,NA
SXS,2024-07-16T00:00:00Z,2024-07-16T07:55:00Z,NA,Not Visible,Low,Not Visible,NA,NA,NA,NA,NA
SXS,2024-08-15T00:00:00Z,2024-08-15T08:39:00Z,NA,Not Visible,Not Visible,Not Visible,NA,NA,NA,NA,NA
SXS,2024-09-19T00:00:00Z,2024-09-19T08:35:00Z,NA,Low,Low,Not Visible,NA,NA,NA,NA,NA
SXS,2024-10-16T00:00:00Z,2024-10-16T09:19:00Z,NA,NA,NA,NA,NA,NA,NA,NA,NA
SXS,2024-11-21T00:00:00Z,2024-11-21T11:05:00Z,NA,Low,Low,Not Visible,NA,NA,NA,NA,NA
SXS,2024-12-19T00:00:00Z,2024-12-19T10:45:00Z,NA,Not Visible,Not Visible,Not Visible,NA,NA,NA,NA,NA
SXS,2025-01-15T00:00:00Z,2025-01-15T10:03:00Z,NA,Not Visible,Not Visible,Not Visible,NA,NA,NA,NA,NA
SXS,2025-02-19T00:00:00Z,2025-02-19T10:16:00Z,NA,Not Visible,Not Visible,Not Visible,NA,NA,NA,NA,NA
SXS,2025-03-19T00:00:00Z,2025-03-19T09:10:00Z,NA,Not Visible,Not Visible,Not Visible,NA,NA,NA,NA,NA
SXS,2025-04-08T00:00:00Z,2025-04-08T08:56:00Z,NA,Not Visible,Not Visible,Not Visible,NA,NA,NA,NA,NA
SXS,2025-05-21T00:00:00Z,2025-05-21T08:50:00Z,NA,Not Visible,Not Visible,Not Visible,NA,NA,NA,NA,NA
SXS,2025-06-18T00:00:00Z,2025-06-18T08:32:00Z,NA,Not Visible,Low,Not Visible,NA,NA,NA,NA,NA
SXS,2025-07-15T00:00:00Z,2025-07-15T08:46:00Z,NA,Not Visible,Not Visible,Not Visible,NA,NA,NA,NA,NA
SXS,2025-08-20T00:00:00Z,2025-08-20T09:04:00Z,NA,Medium,Low,Not Visible,NA,NA,NA,NA,NA
SXS,2025-09-17T00:00:00Z,2025-09-17T10:19:00Z,NA,Medium,Low,Not Visible,NA,NA,NA,NA,NA
SXS,2025-10-15T00:00:00Z,2025-10-15T08:50:00Z,NA,Low,Not Visible,Not Visible,NA,NA,NA,NA,NA
TPI,2017-10-17T00:00:00Z,2017-10-17T09:29:00Z,NA,NA,Low,Not Visible,NA,2,NA,Algae(2),NA
TPI,2017-11-08T00:00:00Z,2017-11-08T09:45:00Z,NA,NA,Low,Not Visible,NA,2,NA,NA,NA
TPI,2017-11-28T00:00:00Z,2017-11-28T10:10:00Z,Upstream photo,NA,Extreme,Unknown,NA,3,5,NA,NA
TPI,2017-12-19T00:00:00Z,2017-12-19T09:58:00Z,NA,NA,Medium,Not Visible,NA,3,2,NA,NA
TPI,2018-01-05T00:00:00Z,2018-01-05T11:10:00Z,NA,NA,NA,Not Visible,NA,NA,NA,NA,NA
TPI,2017-09-21T00:00:00Z,2017-09-21T10:30:00Z,NA,NA,NA,NA,NA,NA,NA,NA,NA
TPI,2017-10-04T00:00:00Z,2017-10-04T09:16:00Z,NA,NA,NA,NA,NA,NA,NA,NA,NA
TPI,2018-01-31T00:00:00Z,2018-01-31T11:56:00Z,NA,NA,Not Visible,Not Visible,NA,NA,NA,NA,NA
TPI,2018-02-20T00:00:00Z,2018-02-20T12:32:00Z,NA,NA,Low,Not Visible,NA,2,2,NA,NA
TPI,2018-03-26T00:00:00Z,2018-03-26T12:12:00Z,NA,NA,Low,Not Visible,NA,2,NA,NA,NA
TPI,2018-04-10T00:00:00Z,2018-04-10T10:42:00Z,NA,NA,Not Visible,Not Visible,NA,NA,NA,NA,NA
TPI,2018-05-10T00:00:00Z,2018-05-10T10:15:00Z,NA,Not Visible,NA,Not Visible,NA,NA,NA,NA,NA
TPI,2018-06-06T00:00:00Z,2018-06-06T11:49:00Z,NA,NA,Low,Not Visible,NA,NA,NA,NA,NA
TPI,2018-07-11T00:00:00Z,2018-07-11T09:33:00Z,NA,NA,Low,Low,NA,2,NA,NA,NA
TPI,2018-07-25T00:00:00Z,2018-07-25T09:29:00Z,NA,NA,NA,Not Visible,NA,NA,NA,NA,NA
TPI,2018-08-08T00:00:00Z,2018-08-08T09:16:00Z,NA,Medium,Medium,Medium,NA,NA,2,NA,NA
TPI,2018-08-29T00:00:00Z,2018-08-29T09:15:00Z,NA,Not Visible,Not Visible,Not Visible,NA,NA,NA,NA,NA
TPI,2018-09-19T00:00:00Z,2018-09-19T09:18:00Z,NA,Low,Low,Not Visible,NA,2,NA,NA,NA
TPI,2018-10-10T00:00:00Z,2018-10-10T09:50:00Z,NA,Low,Low,Not Visible,NA,2,NA,NA,NA
TPI,2018-10-31T00:00:00Z,2018-10-31T09:00:00Z,NA,Medium,Low,Not Visible,NA,2,NA,NA,NA
TPI,2018-11-05T00:00:00Z,2018-11-05T14:00:00Z,NA,Low,Not Visible,Not Visible,NA,NA,NA,NA,NA
TPI,2018-11-28T00:00:00Z,2018-11-28T11:28:00Z,NA,High,Extreme,Not Visible,NA,5,4,NA,NA
TPI,2018-12-20T00:00:00Z,2018-12-20T09:35:00Z,NA,High,Extreme,Not Visible,NA,5,4,NA,NA
TPI,2019-01-15T00:00:00Z,2019-01-15T12:05:00Z,NA,Not Visible,High,Not Visible,NA,4,NA,NA,NA
TPI,2019-02-21T00:00:00Z,2019-02-21T10:15:00Z,NA,Medium,Low,Not Visible,NA,NA,NA,NA,NA
TPI,2019-03-26T00:00:00Z,2019-03-26T09:45:00Z,NA,Medium,Low,Not Visible,NA,2,NA,NA,NA
TPI,2019-04-23T00:00:00Z,2019-04-23T09:17:00Z,NA,Medium,Not Visible,Not Visible,NA,NA,NA,NA,NA
TPI,2019-05-23T00:00:00Z,2019-05-23T09:30:00Z,NA,Not Visible,Low,Not Visible,NA,2,NA,NA,NA
TPI,2019-06-21T00:00:00Z,2019-06-21T11:00:00Z,NA,Medium,Low,Not Visible,NA,NA,NA,NA,NA
TPI,2019-07-24T00:00:00Z,2019-07-24T09:45:00Z,NA,Medium,Not Visible,Not Visible,NA,NA,NA,NA,NA
TPI,2019-08-21T00:00:00Z,2019-08-21T10:18:00Z,NA,Medium,Low,NA,NA,NA,NA,NA,NA
TPI,2019-09-11T00:00:00Z,2019-09-11T10:58:00Z,NA,Medium,Low,NA,NA,2,NA,NA,NA
TPI,2019-10-29T00:00:00Z,2019-10-29T11:14:00Z,NA,Not Visible,Low,Not Visible,NA,NA,NA,NA,NA
TPI,2019-11-21T00:00:00Z,2019-11-21T12:25:00Z,NA,High,High,Not Visible,NA,3,3,NA,NA
TPI,2019-12-05T00:00:00Z,2019-12-05T12:58:00Z,NA,High,High,Not Visible,NA,NA,NA,NA,NA
TPI,2020-01-09T00:00:00Z,2020-01-09T11:29:00Z,NA,Medium,Medium,Not Visible,NA,3,NA,NA,NA
TPI,2020-02-04T00:00:00Z,2020-02-04T11:30:00Z,NA,Medium,Medium,Not Visible,3,NA,NA,NA,NA
TPI,2020-03-04T00:00:00Z,2020-03-04T10:58:00Z,NA,Not Visible,Low,Not Visible,2,NA,NA,NA,NA
TPI,2020-03-17T00:00:00Z,2020-03-17T11:00:00Z,NA,Medium,Low,Not Visible,NA,2,NA,NA,NA
TPI,2020-04-07T00:00:00Z,2020-04-07T10:50:00Z,NA,Not Visible,Low,Not Visible,NA,NA,NA,NA,NA
TPI,2020-04-29T00:00:00Z,2020-04-29T09:35:00Z,NA,Medium,Medium,Not Visible,3,NA,NA,NA,NA
TPI,2020-05-18T00:00:00Z,2020-05-18T10:50:00Z,NA,Low,Low,Not Visible,NA,NA,NA,NA,NA
TPI,2020-06-17T00:00:00Z,2020-06-17T09:50:00Z,NA,Medium,Medium,Not Visible,NA,NA,NA,NA,NA
TPI,2020-07-08T00:00:00Z,2020-07-08T10:13:00Z,NA,High,High,Not Visible,NA,NA,NA,NA,NA
TPI,2020-08-05T00:00:00Z,2020-08-05T10:33:00Z,NA,High,High,Not Visible,NA,NA,NA,NA,NA
TPI,2020-09-02T00:00:00Z,2020-09-02T09:29:00Z,NA,High,High,Not Visible,NA,3,3,NA,NA
TPI,2020-09-22T00:00:00Z,2020-09-22T10:12:00Z,NA,High,Medium,NA,NA,3,NA,NA,NA
TPI,2020-10-13T00:00:00Z,2020-10-13T11:42:00Z,NA,Medium,Medium,NA,NA,3,NA,NA,NA
TPI,2020-11-18T00:00:00Z,2020-11-18T08:27:00Z,NA,Medium,Medium,Not Visible,3,NA,NA,NA,NA
TPI,2020-12-21T00:00:00Z,2020-12-21T11:00:00Z,NA,Low,Low,Not Visible,NA,NA,NA,NA,NA
TPI,2021-02-11T00:00:00Z,2021-02-11T08:45:00Z,NA,Not Visible,Not Visible,Not Visible,NA,NA,NA,NA,NA
TPI,2021-03-18T00:00:00Z,2021-03-18T08:30:00Z,NA,NA,NA,NA,NA,NA,NA,NA,NA
TPPA,2022-02-09T00:00:00Z,2022-02-09T14:00:00Z,NA,NA,Medium,NA,NA,NA,3,NA,NA
TPPA,2022-03-14T00:00:00Z,2022-03-14T13:45:00Z,NA,Low,Low,Not Visible,NA,NA,NA,NA,NA
TPPA,2022-05-09T00:00:00Z,2022-05-09T12:30:00Z,NA,NA,NA,NA,NA,NA,NA,NA,NA
TPPA,2022-06-13T00:00:00Z,2022-06-13T12:47:00Z,NA,Medium,Medium,NA,NA,NA,NA,NA,NA
TPPA,2022-07-11T00:00:00Z,2022-07-11T12:50:00Z,NA,Low,Medium,NA,NA,NA,NA,NA,NA
TPPA,2022-08-10T00:00:00Z,2022-08-10T12:30:00Z,NA,Medium,High,NA,NA,NA,4,NA,NA
TPPA,2022-10-13T00:00:00Z,2022-10-13T11:10:00Z,Backhoe digging scooping out hyacynth,Not Visible,NA,NA,NA,NA,4,NA,NA
TPPA,2022-11-14T00:00:00Z,2022-11-14T12:17:00Z,NA,High,Extreme,Not Visible,NA,NA,NA,NA,NA
TPPA,2022-12-12T00:00:00Z,2022-12-12T14:00:00Z,NA,Medium,Medium,NA,NA,NA,NA,NA,NA
TPPA,2023-02-13T00:00:00Z,2023-02-13T15:15:00Z,NA,NA,NA,NA,NA,NA,NA,NA,NA
TPPA,2023-04-17T00:00:00Z,2023-04-17T14:15:00Z,NA,Not Visible,High,Not Visible,NA,NA,NA,NA,NA
TPPA,2023-06-14T00:00:00Z,2023-06-14T13:00:00Z,NA,Not Visible,Medium,Not Visible,NA,NA,NA,NA,NA
TPPA,2023-09-11T00:00:00Z,2023-09-11T12:45:00Z,NA,Not Visible,Extreme,Not Visible,NA,NA,5,NA,NA
TPPA,2023-10-09T00:00:00Z,2023-10-09T13:15:00Z,NA,High,Extreme,Not Visible,NA,NA,NA,NA,NA
TPPA,2023-11-15T00:00:00Z,2023-11-15T12:30:00Z,NA,Not Visible,High,Not Visible,NA,NA,4,NA,NA
TRB8,2017-10-03T00:00:00Z,2017-10-03T08:41:00Z,NA,NA,NA,NA,NA,NA,NA,NA,NA
TRB8,2017-07-06T00:00:00Z,2017-07-06T08:15:00Z,NA,NA,NA,Not Visible,NA,NA,NA,NA,NA
TRB8,2017-08-08T00:00:00Z,2017-08-08T08:14:00Z,NA,NA,NA,Not Visible,NA,NA,NA,NA,NA
TRB8,2017-10-25T00:00:00Z,2017-10-25T08:28:00Z,NA,NA,NA,Not Visible,NA,NA,NA,NA,NA
TRB8,2017-11-15T00:00:00Z,2017-11-15T09:59:00Z,NA,NA,NA,Not Visible,NA,NA,NA,NA,NA
TRB8,2017-12-06T00:00:00Z,2017-12-06T09:19:00Z,NA,NA,NA,Not Visible,NA,NA,NA,NA,NA
TRB8,2017-12-27T00:00:00Z,2017-12-27T09:28:00Z,NA,NA,NA,Unknown,NA,NA,NA,NA,NA
TRB8,2018-01-17T00:00:00Z,2018-01-17T09:45:00Z,NA,NA,NA,Not Visible,NA,NA,NA,NA,NA
TRB8,2018-02-08T00:00:00Z,2018-02-08T09:28:00Z,NA,NA,NA,Not Visible,NA,NA,NA,NA,NA
TRB8,2018-03-13T00:00:00Z,2018-03-13T09:00:00Z,NA,NA,NA,Not Visible,NA,NA,NA,NA,NA
TRB8,2018-04-04T00:00:00Z,2018-04-04T09:03:00Z,NA,NA,Not Visible,Not Visible,NA,NA,NA,NA,NA
TRB8,2018-05-02T00:00:00Z,2018-05-02T08:57:00Z,NA,Not Visible,Not Visible,Not Visible,NA,NA,NA,NA,NA
TRB8,2018-06-14T00:00:00Z,2018-06-14T08:50:00Z,NA,NA,Not Visible,Not Visible,NA,NA,NA,NA,NA
TRB8,2018-07-10T00:00:00Z,2018-07-10T09:00:00Z,NA,NA,Not Visible,Not Visible,NA,NA,NA,NA,NA
TRB8,2018-08-01T00:00:00Z,2018-08-01T08:47:00Z,NA,Not Visible,Not Visible,Not Visible,NA,NA,NA,NA,NA
TRB8,2018-08-22T00:00:00Z,2018-08-22T08:58:00Z,NA,Not Visible,Not Visible,Not Visible,NA,NA,NA,NA,NA
TRB8,2018-09-26T00:00:00Z,2018-09-26T08:33:00Z,NA,Not Visible,Not Visible,Not Visible,NA,NA,NA,NA,NA
TRB8,2018-10-09T00:00:00Z,2018-10-09T08:33:00Z,NA,Not Visible,Not Visible,Not Visible,NA,NA,NA,NA,NA
TRB8,2018-11-14T00:00:00Z,2018-11-14T09:39:00Z,NA,NA,NA,Not Visible,NA,NA,NA,NA,NA
TRB8,2018-12-11T00:00:00Z,2018-12-11T10:15:00Z,NA,NA,NA,NA,NA,NA,NA,NA,NA
TRB8,2019-01-24T00:00:00Z,2019-01-24T11:20:00Z,NA,Not Visible,Not Visible,Not Visible,NA,NA,NA,NA,NA
TRB8,2019-03-19T00:00:00Z,2019-03-19T08:35:00Z,NA,Not Visible,Not Visible,Not Visible,NA,NA,NA,NA,NA
TRB8,2019-04-17T00:00:00Z,2019-04-17T09:35:00Z,NA,Not Visible,Not Visible,Not Visible,NA,NA,NA,NA,NA
TRB8,2019-05-14T00:00:00Z,2019-05-14T09:55:00Z,NA,Not Visible,Not Visible,Not Visible,NA,NA,NA,NA,NA
TRB8,2019-06-13T00:00:00Z,2019-06-13T09:02:00Z,NA,Not Visible,Not Visible,Not Visible,NA,NA,NA,NA,NA
TRB8,2019-07-16T00:00:00Z,2019-07-16T08:20:00Z,NA,Not Visible,Not Visible,Not Visible,NA,NA,NA,NA,NA
TRB8,2019-08-20T00:00:00Z,2019-08-20T08:22:00Z,NA,Not Visible,Not Visible,Not Visible,NA,NA,NA,NA,NA
TRB8,2019-09-17T00:00:00Z,2019-09-17T08:26:00Z,NA,Not Visible,Not Visible,Not Visible,NA,NA,NA,NA,NA
TRB8,2019-10-08T00:00:00Z,2019-10-08T08:19:00Z,NA,Not Visible,Not Visible,NA,NA,NA,NA,NA,NA
TRB8,2019-11-15T00:00:00Z,2019-11-15T09:28:00Z,NA,Not Visible,Not Visible,Not Visible,NA,NA,NA,NA,NA
TRB8,2019-12-17T00:00:00Z,2019-12-17T10:00:00Z,NA,Not Visible,Not Visible,Not Visible,NA,NA,NA,NA,NA
TRB8,2020-01-23T00:00:00Z,2020-01-23T09:48:00Z,NA,Not Visible,Not Visible,Not Visible,NA,NA,NA,NA,NA
TRB8,2020-02-11T00:00:00Z,2020-02-11T09:58:00Z,NA,Not Visible,Not Visible,Not Visible,NA,NA,NA,NA,NA
TRB8,2020-03-30T00:00:00Z,2020-03-30T08:56:00Z,NA,Not Visible,Not Visible,Not Visible,NA,NA,NA,NA,NA
TRB8,2020-04-28T00:00:00Z,2020-04-28T08:50:00Z,NA,Not Visible,Not Visible,Not Visible,NA,NA,NA,NA,NA
TRB8,2020-05-27T00:00:00Z,2020-05-27T09:15:00Z,NA,Not Visible,Not Visible,Not Visible,NA,NA,NA,NA,NA
TRB8,2020-07-01T00:00:00Z,2020-07-01T08:42:00Z,NA,Not Visible,Not Visible,NA,NA,NA,NA,NA,NA
TRB8,2020-08-04T00:00:00Z,2020-08-04T08:43:00Z,NA,Not Visible,Not Visible,Not Visible,NA,NA,NA,NA,NA
TRB8,2020-09-08T00:00:00Z,2020-09-08T08:17:00Z,NA,Not Visible,Not Visible,Not Visible,NA,NA,NA,NA,NA
TRB8,2020-10-06T00:00:00Z,2020-10-06T11:48:00Z,NA,Not Visible,Not Visible,Not Visible,NA,NA,NA,NA,NA
TRB8,2020-11-10T00:00:00Z,2020-11-10T09:11:00Z,NA,Not Visible,Not Visible,Not Visible,NA,NA,NA,NA,NA
TRB8,2020-12-21T00:00:00Z,2020-12-21T10:12:00Z,NA,Not Visible,Not Visible,Not Visible,NA,NA,NA,NA,NA
TRB8,2021-01-21T00:00:00Z,2021-01-21T09:35:00Z,NA,Low,Low,Not Visible,NA,NA,NA,NA,NA
TRB8,2021-02-17T00:00:00Z,2021-02-17T09:35:00Z,NA,Not Visible,Not Visible,Not Visible,NA,NA,NA,NA,NA
TRB8,2021-03-16T00:00:00Z,2021-03-16T08:36:00Z,NA,Not Visible,Not Visible,Not Visible,NA,NA,NA,NA,NA
TRB8,2021-10-06T00:00:00Z,2021-10-06T07:58:00Z,NA,Not Visible,Not Visible,Not Visible,NA,NA,NA,NA,NA
TRB8,2021-04-14T00:00:00Z,2021-04-14T08:25:00Z,NA,Not Visible,Not Visible,Not Visible,NA,NA,NA,NA,NA
TRB8,2021-05-25T00:00:00Z,2021-05-25T09:46:00Z,NA,Not Visible,Not Visible,Not Visible,NA,NA,NA,NA,NA
TRB8,2021-06-22T00:00:00Z,2021-06-22T08:00:00Z,NA,Not Visible,Not Visible,Not Visible,NA,NA,NA,NA,NA
TRB8,2021-07-13T00:00:00Z,2021-07-13T08:03:00Z,NA,Not Visible,Not Visible,Not Visible,NA,NA,NA,NA,NA
TRB8,2021-08-05T00:00:00Z,2021-08-05T07:47:00Z,NA,Not Visible,Not Visible,Not Visible,NA,NA,NA,NA,NA
TRB8,2021-09-08T00:00:00Z,2021-09-08T07:29:00Z,NA,Not Visible,Not Visible,Not Visible,NA,NA,NA,NA,NA
TRB8,2021-11-16T00:00:00Z,2021-11-16T08:58:00Z,NA,Not Visible,Not Visible,Not Visible,NA,NA,NA,NA,NA
TRB8,2021-12-08T00:00:00Z,2021-12-08T08:59:00Z,NA,Medium,Not Visible,Not Visible,NA,NA,NA,NA,NA
TRB8,2022-01-12T00:00:00Z,2022-01-12T08:47:00Z,NA,Medium,Not Visible,Not Visible,NA,NA,NA,NA,NA
TRB8,2022-02-09T00:00:00Z,2022-02-09T08:31:00Z,NA,Medium,Not Visible,Not Visible,NA,NA,NA,NA,NA
TRB8,2022-03-09T00:00:00Z,2022-03-09T08:30:00Z,NA,Medium,Not Visible,Not Visible,NA,NA,NA,NA,NA
TRB8,2022-04-18T00:00:00Z,2022-04-18T07:59:00Z,NA,Not Visible,Not Visible,Not Visible,NA,NA,NA,NA,NA
TRB8,2022-05-11T00:00:00Z,2022-05-11T07:30:00Z,NA,Not Visible,Not Visible,Not Visible,NA,NA,NA,NA,NA
TRB8,2022-06-09T00:00:00Z,2022-06-09T07:44:00Z,NA,Not Visible,Not Visible,NA,NA,NA,NA,NA,NA
TRB8,2022-07-20T00:00:00Z,2022-07-20T07:46:00Z,NA,Not Visible,Not Visible,Not Visible,NA,NA,NA,NA,NA
TRB8,2022-08-10T00:00:00Z,2022-08-10T13:14:00Z,NA,Not Visible,Not Visible,Not Visible,NA,NA,NA,NA,NA
TRB8,2022-09-14T00:00:00Z,2022-09-14T07:44:00Z,NA,Not Visible,Not Visible,Not Visible,NA,NA,NA,NA,NA
TRB8,2022-10-18T00:00:00Z,2022-10-18T08:05:00Z,NA,Not Visible,Not Visible,Not Visible,NA,NA,NA,NA,NA
TRB8,2022-11-15T00:00:00Z,2022-11-15T11:00:00Z,NA,Not Visible,Not Visible,Not Visible,NA,NA,NA,NA,NA
TRB8,2023-04-20T00:00:00Z,2023-04-20T09:32:00Z,NA,Not Visible,Not Visible,Not Visible,NA,NA,NA,NA,NA
TRB8,2023-05-17T00:00:00Z,2023-05-17T11:13:00Z,NA,Not Visible,Not Visible,Not Visible,NA,NA,NA,NA,NA
TRB8,2023-06-14T00:00:00Z,2023-06-14T08:13:00Z,NA,Not Visible,Not Visible,Not Visible,NA,NA,NA,NA,NA
TRB8,2023-07-12T00:00:00Z,2023-07-12T08:06:00Z,NA,Not Visible,Not Visible,Not Visible,NA,NA,NA,NA,NA
TRB8,2023-08-16T00:00:00Z,2023-08-16T08:44:00Z,NA,Not Visible,Not Visible,Not Visible,NA,NA,NA,NA,NA
TRB8,2023-09-20T00:00:00Z,2023-09-20T09:23:00Z,NA,Not Visible,Not Visible,Not Visible,NA,NA,NA,NA,NA
TRB8,2023-10-25T00:00:00Z,2023-10-25T09:11:00Z,NA,Not Visible,Not Visible,Not Visible,NA,NA,NA,NA,NA
TRB8,2024-04-10T00:00:00Z,2024-04-10T09:04:00Z,NA,Not Visible,Not Visible,Not Visible,NA,NA,NA,NA,NA
TRB8,2024-05-21T00:00:00Z,2024-05-21T09:54:00Z,NA,Not Visible,Not Visible,Not Visible,NA,NA,NA,NA,NA
TRB8,2024-06-12T00:00:00Z,2024-06-12T08:13:00Z,NA,Not Visible,Low,Not Visible,NA,NA,NA,NA,NA
TRB8,2024-07-17T00:00:00Z,2024-07-17T07:43:00Z,NA,Not Visible,Not Visible,Not Visible,NA,NA,NA,NA,NA
TRB8,2024-08-13T00:00:00Z,2024-08-13T07:47:00Z,NA,Not Visible,Not Visible,Not Visible,NA,NA,NA,NA,NA
TRB8,2024-09-10T00:00:00Z,2024-09-10T07:24:00Z,NA,Not Visible,Not Visible,Not Visible,NA,NA,NA,NA,NA
TRB8,2024-10-09T00:00:00Z,2024-10-09T12:30:00Z,NA,Not Visible,Not Visible,Not Visible,NA,NA,NA,NA,NA
TRN,2017-10-20T00:00:00Z,2017-10-20T08:00:00Z,NA,NA,NA,Not Visible,NA,NA,2,NA,NA
TRN,2017-11-28T00:00:00Z,2017-11-28T11:59:00Z,NA,NA,Low,Not Visible,NA,NA,2,NA,NA
TRN,2017-12-28T00:00:00Z,2017-12-28T09:46:00Z,NA,NA,NA,Not Visible,NA,NA,NA,NA,NA
TRN,2018-01-23T00:00:00Z,2018-01-23T10:00:00Z,NA,NA,NA,Not Visible,NA,NA,NA,NA,NA
TRN,2017-09-29T00:00:00Z,2017-09-29T08:02:00Z,NA,NA,NA,NA,NA,NA,NA,NA,NA
TRN,2018-03-05T00:00:00Z,2018-03-05T11:13:00Z,NA,NA,NA,Not Visible,NA,NA,NA,NA,NA
TRN,2018-04-03T00:00:00Z,2018-04-03T09:47:00Z,NA,NA,NA,Not Visible,NA,NA,NA,NA,NA
TRN,2018-05-03T00:00:00Z,2018-05-03T10:00:00Z,NA,NA,NA,Not Visible,NA,NA,NA,NA,NA
TRN,2018-05-23T00:00:00Z,2018-05-23T09:15:00Z,NA,NA,NA,Not Visible,NA,NA,NA,NA,NA
TRN,2018-06-21T00:00:00Z,2018-06-21T09:48:00Z,NA,NA,NA,Low,NA,NA,NA,NA,NA
TRN,2018-07-19T00:00:00Z,2018-07-19T09:29:00Z,NA,NA,Low,High,NA,NA,NA,NA,2
TRN,2018-08-14T00:00:00Z,2018-08-14T09:46:00Z,NA,Not Visible,Low,Medium,NA,NA,2,NA,NA
TRN,2018-09-21T00:00:00Z,2018-09-21T09:29:00Z,NA,Low,Low,Medium,NA,NA,3,NA,1
TRN,2018-10-16T00:00:00Z,2018-10-16T08:45:00Z,Species:  Alligator Weed (1),Not Visible,Low,Low,NA,NA,1,NA,NA
TRN,2018-12-19T00:00:00Z,2018-12-19T11:04:00Z,NA,Not Visible,Low,Not Visible,NA,NA,2,NA,NA
TRN,2019-01-24T00:00:00Z,2019-01-24T09:41:00Z,NA,Not Visible,Not Visible,Not Visible,1,1,1,NA,1
TRN,2019-02-20T00:00:00Z,2019-02-20T10:00:00Z,NA,Not Visible,Not Visible,Not Visible,NA,NA,NA,NA,NA
TRN,2019-03-19T00:00:00Z,2019-03-19T08:57:00Z,NA,Not Visible,Not Visible,Not Visible,NA,NA,NA,NA,NA
TRN,2019-04-17T00:00:00Z,2019-04-17T09:17:00Z,NA,Not Visible,Not Visible,Not Visible,NA,NA,NA,NA,NA
TRN,2019-05-15T00:00:00Z,2019-05-15T09:55:00Z,NA,Low,Not Visible,Not Visible,NA,NA,NA,NA,NA
TRN,2019-06-05T00:00:00Z,2019-06-05T11:17:00Z,NA,Medium,Low,Not Visible,NA,NA,NA,NA,2
TRN,2019-07-11T00:00:00Z,2019-07-11T08:50:00Z,NA,Medium,Not Visible,Not Visible,NA,NA,NA,NA,NA
TRN,2019-08-07T00:00:00Z,2019-08-07T09:11:00Z,NA,Not Visible,Medium,Low,NA,NA,2,NA,3
TRN,2019-09-11T00:00:00Z,2019-09-11T09:28:00Z,Huge patch of primrose fully removed at 12:30,Medium,Medium,Low,NA,NA,2,NA,3
TRN,2019-10-15T00:00:00Z,2019-10-15T09:17:00Z,NA,Not Visible,Medium,Low,NA,NA,3,NA,3
TRN,2019-11-20T00:00:00Z,2019-11-20T10:25:00Z,NA,Not Visible,Low,Not Visible,NA,NA,2,NA,NA
TRN,2020-02-05T00:00:00Z,2020-02-05T10:43:00Z,NA,Not Visible,Not Visible,Not Visible,NA,NA,NA,NA,NA
TRN,2020-03-04T00:00:00Z,2020-03-04T09:59:00Z,NA,Not Visible,Low,Not Visible,NA,NA,2,NA,NA
TRN,2020-04-08T00:00:00Z,2020-04-08T09:43:00Z,NA,Not Visible,Not Visible,Not Visible,NA,NA,NA,NA,NA
TRN,2020-05-07T00:00:00Z,2020-05-07T10:15:00Z,NA,Not Visible,Not Visible,Low,NA,NA,NA,NA,NA
TRN,2020-06-04T00:00:00Z,2020-06-04T09:05:00Z,Species(Egeria),Medium,Not Visible,Medium,NA,NA,NA,NA,NA
TRN,2020-07-14T00:00:00Z,2020-07-14T08:43:00Z,NA,Low,Low,High,NA,NA,NA,NA,NA
TRN,2020-08-25T00:00:00Z,2020-08-25T08:46:00Z,NA,Not Visible,Low,High,NA,NA,2,NA,NA
TRN,2020-10-08T00:00:00Z,2020-10-08T09:27:00Z,NA,Not Visible,Low,Low,NA,NA,NA,NA,NA
TRN,2020-11-03T00:00:00Z,2020-11-03T10:05:00Z,NA,Not Visible,Low,Not Visible,NA,NA,NA,NA,NA
TRN,2020-12-10T00:00:00Z,2020-12-10T13:36:00Z,NA,Not Visible,Low,Not Visible,NA,NA,NA,NA,NA
TRN,2021-01-12T00:00:00Z,2021-01-12T10:12:00Z,NA,Not Visible,Low,Not Visible,NA,NA,2,NA,NA
TRN,2021-02-25T00:00:00Z,2021-02-25T13:16:00Z,NA,Not Visible,Not Visible,Not Visible,NA,NA,NA,NA,NA
TRN,2021-03-24T00:00:00Z,2021-03-24T09:10:00Z,NA,Not Visible,Not Visible,Not Visible,NA,NA,NA,NA,NA
TRN,2021-04-28T00:00:00Z,2021-04-28T09:26:00Z,NA,Not Visible,Not Visible,Not Visible,NA,NA,NA,NA,NA
TRN,2021-05-26T00:00:00Z,2021-05-26T09:11:00Z,NA,Medium,Not Visible,Low,NA,NA,NA,NA,NA
TRN,2021-07-06T00:00:00Z,2021-07-06T09:20:00Z,NA,Medium,Low,Medium,NA,NA,NA,NA,NA
TRN,2021-08-04T00:00:00Z,2021-08-04T09:50:00Z,NA,Low,Low,Medium,NA,NA,NA,NA,NA
TRN,2021-09-01T00:00:00Z,2021-09-01T10:48:00Z,NA,Low,Low,Medium,NA,NA,NA,NA,NA
TRN,2021-10-07T00:00:00Z,2021-10-07T09:05:00Z,NA,Not Visible,Medium,Low,NA,NA,NA,NA,NA
TRN,2021-11-03T00:00:00Z,2021-11-03T09:10:00Z,NA,Low,Low,Not Visible,NA,NA,NA,NA,NA
TRN,2021-12-08T00:00:00Z,2021-12-08T10:02:00Z,NA,Not Visible,Medium,Not Visible,NA,NA,NA,NA,NA
TRN,2022-01-19T00:00:00Z,2022-01-19T10:30:00Z,NA,Not Visible,Low,Not Visible,NA,NA,NA,NA,NA
TRN,2022-02-15T00:00:00Z,2022-02-15T11:17:00Z,NA,Not Visible,Low,Not Visible,NA,NA,NA,NA,NA
TRN,2022-04-19T00:00:00Z,2022-04-19T09:45:00Z,NA,Not Visible,Not Visible,Not Visible,NA,NA,NA,NA,NA
TRN,2022-05-12T00:00:00Z,2022-05-12T09:32:00Z,NA,Medium,Low,Low,NA,NA,NA,NA,NA
TRN,2022-06-07T00:00:00Z,2022-06-07T09:07:00Z,NA,Medium,Medium,Low,NA,NA,NA,NA,NA
TRN,2022-07-13T00:00:00Z,2022-07-13T08:29:00Z,NA,Not Visible,Low,Medium,NA,NA,NA,NA,NA
TRN,2022-08-23T00:00:00Z,2022-08-23T08:32:00Z,NA,Not Visible,Low,Medium,NA,NA,NA,NA,NA
TRN,2022-09-08T00:00:00Z,2022-09-08T10:26:00Z,NA,Medium,Medium,Medium,NA,NA,NA,NA,NA
TRN,2022-10-13T00:00:00Z,2022-10-13T08:42:00Z,NA,Not Visible,Medium,Medium,NA,NA,NA,NA,NA
TRN,2022-11-09T00:00:00Z,2022-11-09T10:10:00Z,NA,Not Visible,Medium,Low,NA,NA,NA,NA,NA
TRN,2022-12-08T00:00:00Z,2022-12-08T10:30:00Z,NA,Not Visible,Medium,Not Visible,NA,NA,NA,NA,NA
TRN,2023-01-24T00:00:00Z,2023-01-24T10:12:00Z,NA,Not Visible,Low,Not Visible,NA,NA,NA,NA,NA
TRN,2023-03-02T00:00:00Z,2023-03-02T11:00:00Z,NA,Not Visible,Low,Not Visible,NA,NA,NA,NA,NA
TRN,2023-04-11T00:00:00Z,2023-04-11T09:35:00Z,NA,Not Visible,Low,Not Visible,NA,NA,NA,NA,NA
TRN,2023-05-31T00:00:00Z,2023-05-31T12:28:00Z,NA,Not Visible,Low,Not Visible,NA,NA,NA,NA,NA
TRN,2023-07-25T00:00:00Z,2023-07-25T09:07:00Z,NA,Not Visible,Low,Not Visible,NA,NA,2,NA,NA
TRN,2023-09-05T00:00:00Z,2023-09-05T08:45:00Z,NA,Not Visible,Low,Low,NA,NA,NA,NA,NA
TRN,2023-09-28T00:00:00Z,2023-09-28T13:20:00Z,NA,Not Visible,Low,Low,NA,NA,NA,NA,NA
TRN,2023-11-28T00:00:00Z,2023-11-28T10:15:00Z,NA,Low,Low,Low,NA,NA,NA,NA,NA
TRN,2024-01-04T00:00:00Z,2024-01-04T12:59:00Z,NA,Not Visible,Low,Not Visible,NA,NA,NA,NA,NA
TRN,2024-02-13T00:00:00Z,2024-02-13T12:47:00Z,NA,Not Visible,Low,Not Visible,NA,NA,NA,NA,NA
TRN,2024-03-14T00:00:00Z,2024-03-14T12:06:00Z,NA,Not Visible,Low,Not Visible,NA,NA,NA,NA,NA
TRN,2024-04-23T00:00:00Z,2024-04-23T11:21:00Z,2-emergent veg (tule),Low,Not Visible,Not Visible,NA,NA,NA,NA,NA
TRN,2024-05-28T00:00:00Z,2024-05-28T12:10:00Z,NA,Not Visible,Low,Not Visible,NA,NA,NA,NA,NA
TRN,2024-06-25T00:00:00Z,2024-06-25T12:16:00Z,NA,Not Visible,Not Visible,Low,NA,NA,NA,NA,NA
TRN,2024-07-30T00:00:00Z,2024-07-30T08:51:00Z,Sub low tule,Low,Low,Medium,NA,NA,NA,NA,NA
TRN,2024-09-10T00:00:00Z,2024-09-10T11:02:00Z,NA,Low,Not Visible,Low,NA,NA,NA,NA,NA
TRN,2024-10-22T00:00:00Z,2024-10-22T09:34:00Z,NA,Low,Low,Low,NA,NA,NA,NA,NA
TRN,2024-12-03T00:00:00Z,2024-12-03T13:02:00Z,NA,Low,Not Visible,Not Visible,NA,NA,NA,NA,NA
TRN,2025-01-08T00:00:00Z,2025-01-08T10:19:00Z,NA,Not Visible,Not Visible,Not Visible,NA,NA,NA,NA,NA
TRN,2025-02-20T00:00:00Z,2025-02-20T10:14:00Z,NA,Not Visible,Not Visible,NA,NA,NA,NA,NA,NA
TRN,2025-03-18T00:00:00Z,2025-03-18T09:04:00Z,NA,Not Visible,Not Visible,Not Visible,NA,NA,NA,NA,NA
TRN,2025-04-22T00:00:00Z,2025-04-22T09:10:00Z,NA,Not Visible,Not Visible,Not Visible,NA,NA,NA,NA,NA
TRN,2025-05-28T00:00:00Z,2025-05-28T08:42:00Z,NA,Not Visible,Not Visible,Not Visible,NA,NA,NA,NA,NA
TRN,2025-06-25T00:00:00Z,2025-06-25T07:46:00Z,tules,Low,Not Visible,Low,NA,NA,NA,NA,NA
TRN,2025-07-22T00:00:00Z,2025-07-22T08:04:00Z,NA,Not Visible,Low,Medium,NA,NA,NA,NA,1
TRN,2025-08-25T00:00:00Z,2025-08-25T08:03:00Z,NA,Low,Low,Low,2,NA,NA,NA,NA
TRN,2025-09-25T00:00:00Z,2025-09-25T09:14:00Z,NA,Not Visible,Not Visible,Low,NA,NA,NA,NA,NA
TRN,2025-10-30T00:00:00Z,2025-10-30T08:36:00Z,NA,Medium,Low,Not Visible,NA,NA,NA,NA,NA
TRTT,2017-10-03T00:00:00Z,2017-10-03T09:42:00Z,NA,NA,NA,NA,NA,NA,NA,NA,NA
TRTT,2017-10-25T00:00:00Z,2017-10-25T09:44:00Z,NA,NA,NA,Not Visible,NA,NA,NA,NA,NA
TRTT,2017-11-15T00:00:00Z,2017-11-15T10:48:00Z,NA,NA,NA,Not Visible,NA,NA,NA,NA,NA
TRTT,2018-02-08T00:00:00Z,2018-02-08T11:19:00Z,NA,NA,NA,Not Visible,NA,NA,NA,NA,NA
TRTT,2018-04-04T00:00:00Z,2018-04-04T10:07:00Z,NA,NA,NA,Not Visible,NA,NA,NA,NA,NA
TRTT,2018-05-02T00:00:00Z,2018-05-02T10:50:00Z,NA,NA,NA,Not Visible,NA,NA,NA,NA,NA
TRTT,2018-06-14T00:00:00Z,2018-06-14T10:29:00Z,NA,NA,Not Visible,Not Visible,NA,NA,NA,NA,NA
TRTT,2018-07-10T00:00:00Z,2018-07-10T09:50:00Z,NA,Not Visible,Not Visible,Not Visible,NA,NA,NA,NA,NA
TRTT,2018-08-01T00:00:00Z,2018-08-01T10:05:00Z,NA,Not Visible,Not Visible,Not Visible,NA,NA,NA,NA,NA
TRTT,2018-08-22T00:00:00Z,2018-08-22T09:34:00Z,NA,Not Visible,Not Visible,Not Visible,NA,NA,NA,NA,NA
TRTT,2018-09-26T00:00:00Z,2018-09-26T09:15:00Z,NA,Not Visible,Not Visible,Not Visible,NA,NA,NA,NA,NA
TRTT,2018-10-09T00:00:00Z,2018-10-09T09:36:00Z,NA,Not Visible,Not Visible,Not Visible,NA,NA,NA,NA,NA
TRTT,2018-11-14T00:00:00Z,2018-11-14T10:44:00Z,NA,NA,NA,Not Visible,NA,NA,NA,NA,NA
TRTT,2018-12-11T00:00:00Z,2018-12-11T11:30:00Z,NA,Not Visible,Not Visible,Not Visible,NA,NA,NA,NA,NA
TRTT,2019-01-24T00:00:00Z,2019-01-24T12:28:00Z,NA,Not Visible,Not Visible,Not Visible,NA,NA,NA,NA,NA
TRTT,2019-03-19T00:00:00Z,2019-03-19T09:56:00Z,NA,Not Visible,Not Visible,Not Visible,NA,NA,NA,NA,NA
TRTT,2019-04-17T00:00:00Z,2019-04-17T10:46:00Z,NA,Not Visible,Not Visible,Not Visible,NA,NA,NA,NA,NA
TRTT,2019-05-14T00:00:00Z,2019-05-14T11:08:00Z,NA,Not Visible,Not Visible,Not Visible,NA,NA,NA,NA,NA
TRTT,2019-06-13T00:00:00Z,2019-06-13T10:15:00Z,NA,Not Visible,Not Visible,Not Visible,NA,NA,NA,NA,NA
TRTT,2019-07-16T00:00:00Z,2019-07-16T10:35:00Z,NA,Not Visible,Not Visible,Not Visible,NA,NA,NA,NA,NA
TRTT,2019-08-20T00:00:00Z,2019-08-20T10:30:00Z,NA,Not Visible,Not Visible,Not Visible,NA,NA,NA,NA,NA
TRTT,2019-09-17T00:00:00Z,2019-09-17T09:14:00Z,NA,Not Visible,Not Visible,NA,NA,NA,NA,NA,NA
TRTT,2019-10-08T00:00:00Z,2019-10-08T09:45:00Z,NA,Not Visible,Not Visible,Not Visible,NA,NA,NA,NA,NA
TRTT,2019-11-15T00:00:00Z,2019-11-15T10:27:00Z,NA,Not Visible,Not Visible,Not Visible,NA,NA,NA,NA,NA
TRTT,2019-12-17T00:00:00Z,2019-12-17T11:20:00Z,NA,Not Visible,Not Visible,Not Visible,NA,NA,NA,NA,NA
TRTT,2020-01-23T00:00:00Z,2020-01-23T10:49:00Z,NA,Not Visible,Not Visible,Not Visible,NA,NA,NA,NA,NA
TRTT,2020-02-11T00:00:00Z,2020-02-11T11:58:00Z,NA,Not Visible,Not Visible,Not Visible,NA,NA,NA,NA,NA
TRTT,2020-03-30T00:00:00Z,2020-03-30T09:59:00Z,NA,Not Visible,Not Visible,Not Visible,NA,NA,NA,NA,NA
TRTT,2020-04-28T00:00:00Z,2020-04-28T10:02:00Z,NA,Not Visible,Not Visible,Not Visible,NA,NA,NA,NA,NA
TRTT,2020-05-27T00:00:00Z,2020-05-27T11:15:00Z,NA,Not Visible,Not Visible,Not Visible,NA,NA,NA,NA,NA
TRTT,2020-07-01T00:00:00Z,2020-07-01T10:13:00Z,NA,Not Visible,Not Visible,Not Visible,NA,NA,NA,NA,NA
TRTT,2020-08-04T00:00:00Z,2020-08-04T09:45:00Z,NA,Not Visible,Not Visible,Not Visible,NA,NA,NA,NA,NA
TRTT,2020-09-08T00:00:00Z,2020-09-08T10:34:00Z,NA,Low,Not Visible,Not Visible,NA,NA,NA,NA,NA
TRTT,2020-10-06T00:00:00Z,2020-10-06T10:58:00Z,NA,Not Visible,Not Visible,Not Visible,NA,NA,NA,NA,NA
TRTT,2020-11-10T00:00:00Z,2020-11-10T10:17:00Z,NA,Not Visible,Not Visible,Not Visible,NA,NA,NA,NA,NA
TRTT,2020-12-21T00:00:00Z,2020-12-21T11:21:00Z,NA,Not Visible,Not Visible,Not Visible,NA,NA,NA,NA,NA
TRTT,2021-01-21T00:00:00Z,2021-01-21T11:50:00Z,NA,Not Visible,Not Visible,Not Visible,NA,NA,NA,NA,NA
TRTT,2021-02-17T00:00:00Z,2021-02-17T11:20:00Z,NA,Not Visible,Not Visible,Not Visible,NA,NA,NA,NA,NA
TRTT,2021-03-16T00:00:00Z,2021-03-16T09:43:00Z,NA,Not Visible,Not Visible,Not Visible,NA,NA,NA,NA,NA
TRTT,2021-04-14T00:00:00Z,2021-04-14T10:00:00Z,NA,NA,Not Visible,Not Visible,NA,NA,NA,NA,NA
TRTT,2021-05-25T00:00:00Z,2021-05-25T11:00:00Z,NA,Not Visible,Not Visible,Low,NA,NA,NA,NA,NA
TRTT,2021-06-22T00:00:00Z,2021-06-22T09:18:00Z,NA,Not Visible,Not Visible,Not Visible,NA,NA,NA,NA,NA
TRTT,2021-07-13T00:00:00Z,2021-07-13T09:00:00Z,NA,Not Visible,Not Visible,Not Visible,NA,NA,NA,NA,NA
TRTT,2021-08-05T00:00:00Z,2021-08-05T09:37:00Z,NA,Not Visible,Not Visible,Not Visible,NA,NA,NA,NA,NA
TRTT,2021-09-08T00:00:00Z,2021-09-08T08:42:00Z,NA,NA,Low,Not Visible,NA,NA,NA,NA,NA
TRTT,2021-10-06T00:00:00Z,2021-10-06T09:20:00Z,NA,Not Visible,Not Visible,Low,NA,NA,NA,NA,NA
TRTT,2021-11-16T00:00:00Z,2021-11-16T10:11:00Z,NA,Not Visible,Not Visible,Not Visible,NA,NA,NA,NA,NA
TRTT,2021-12-08T00:00:00Z,2021-12-08T10:01:00Z,NA,Not Visible,Not Visible,Not Visible,NA,NA,NA,NA,NA
TRTT,2022-01-12T00:00:00Z,2022-01-12T10:13:00Z,NA,Not Visible,Not Visible,Not Visible,NA,NA,NA,NA,NA
TRTT,2022-02-09T00:00:00Z,2022-02-09T09:56:00Z,NA,Not Visible,Low,Not Visible,NA,NA,NA,NA,NA
TRTT,2022-03-09T00:00:00Z,2022-03-09T09:31:00Z,NA,Not Visible,Not Visible,Not Visible,NA,NA,NA,NA,NA
TRTT,2022-04-18T00:00:00Z,2022-04-18T09:11:00Z,NA,Not Visible,Not Visible,Not Visible,NA,NA,NA,NA,NA
TRTT,2022-05-11T00:00:00Z,2022-05-11T08:42:00Z,NA,Not Visible,Not Visible,Not Visible,NA,NA,NA,NA,NA
TRTT,2022-06-09T00:00:00Z,2022-06-09T08:45:00Z,NA,Not Visible,Not Visible,Not Visible,NA,NA,NA,NA,NA
TRTT,2022-07-20T00:00:00Z,2022-07-20T08:59:00Z,NA,Not Visible,Not Visible,Not Visible,NA,NA,NA,NA,NA
TRTT,2022-08-10T00:00:00Z,2022-08-10T12:15:00Z,NA,Not Visible,Not Visible,Not Visible,NA,NA,NA,NA,NA
TRTT,2022-09-14T00:00:00Z,2022-09-14T08:47:00Z,NA,Not Visible,Not Visible,Not Visible,NA,NA,NA,NA,NA
TRTT,2022-10-18T00:00:00Z,2022-10-18T09:15:00Z,NA,Not Visible,Not Visible,Not Visible,NA,NA,NA,NA,NA
TRTT,2022-11-15T00:00:00Z,2022-11-15T15:36:00Z,NA,Not Visible,Not Visible,Not Visible,NA,NA,NA,NA,NA
TRTT,2023-04-20T00:00:00Z,2023-04-20T10:31:00Z,NA,Not Visible,Not Visible,Not Visible,NA,NA,NA,NA,NA
TRTT,2023-05-17T00:00:00Z,2023-05-17T10:04:00Z,NA,Not Visible,Not Visible,Not Visible,NA,NA,NA,NA,NA
TRTT,2023-06-14T00:00:00Z,2023-06-14T09:19:00Z,NA,Not Visible,Not Visible,Not Visible,NA,NA,NA,NA,NA
TRTT,2023-07-12T00:00:00Z,2023-07-12T09:44:00Z,NA,Not Visible,Not Visible,Not Visible,NA,NA,NA,NA,NA
TRTT,2023-08-16T00:00:00Z,2023-08-16T10:10:00Z,NA,Not Visible,Not Visible,Not Visible,NA,NA,NA,NA,NA
TRTT,2023-09-20T00:00:00Z,2023-09-20T10:40:00Z,NA,Not Visible,Not Visible,Not Visible,NA,NA,NA,NA,NA
TRTT,2023-10-25T00:00:00Z,2023-10-25T10:15:00Z,NA,Not Visible,Not Visible,Not Visible,NA,NA,NA,NA,NA
TRTT,2024-04-10T00:00:00Z,2024-04-10T10:18:00Z,NA,Not Visible,Not Visible,Not Visible,NA,NA,NA,NA,NA
TRTT,2024-05-15T00:00:00Z,2024-05-15T10:15:00Z,NA,NA,Not Visible,Not Visible,NA,NA,NA,NA,NA
TRTT,2024-06-12T00:00:00Z,2024-06-12T09:13:00Z,NA,NA,Not Visible,Not Visible,NA,NA,NA,NA,NA
TRTT,2024-07-17T00:00:00Z,2024-07-17T11:46:00Z,NA,Not Visible,Not Visible,Not Visible,NA,NA,NA,NA,NA
TRTT,2024-08-14T00:00:00Z,2024-08-14T09:05:00Z,NA,Not Visible,Not Visible,Not Visible,NA,NA,NA,NA,NA
TRTT,2024-09-10T00:00:00Z,2024-09-10T09:04:00Z,NA,Not Visible,Not Visible,Not Visible,NA,NA,NA,NA,NA
TRTT,2024-10-09T00:00:00Z,2024-10-09T11:21:00Z,NA,Not Visible,Not Visible,Not Visible,NA,NA,NA,NA,NA
TSL,2017-10-11T00:00:00Z,2017-10-11T08:00:00Z,NA,NA,NA,Not Visible,NA,NA,NA,NA,NA
TSL,2017-11-14T00:00:00Z,2017-11-14T10:16:00Z,NA,NA,Low,Low,NA,NA,2,NA,NA
TSL,2017-12-12T00:00:00Z,2017-12-12T09:15:00Z,hyacinth starting to decompose,NA,Low,Not Visible,NA,NA,2,NA,NA
TSL,2017-12-19T00:00:00Z,2017-12-19T09:44:00Z,NA,Low,Not Visible,Not Visible,NA,NA,NA,NA,NA
TSL,2018-01-09T00:00:00Z,2018-01-09T10:26:00Z,NA,NA,NA,Not Visible,NA,NA,NA,NA,NA
TSL,2018-02-07T00:00:00Z,2018-02-07T09:49:00Z,NA,NA,NA,Not Visible,NA,NA,NA,NA,NA
TSL,2018-03-13T00:00:00Z,2018-03-13T09:45:00Z,NA,NA,NA,Not Visible,NA,NA,NA,NA,NA
TSL,2018-04-11T00:00:00Z,2018-04-11T09:01:00Z,NA,NA,Not Visible,Not Visible,NA,NA,NA,NA,NA
TSL,2018-05-08T00:00:00Z,2018-05-08T08:30:00Z,NA,NA,NA,Not Visible,NA,NA,NA,NA,NA
TSL,2018-06-05T00:00:00Z,2018-06-05T09:12:00Z,NA,NA,NA,Not Visible,NA,NA,NA,NA,NA
TSL,2018-07-03T00:00:00Z,2018-07-03T09:13:00Z,NA,NA,Not Visible,Low,NA,NA,NA,NA,NA
TSL,2018-07-24T00:00:00Z,2018-07-24T09:05:00Z,NA,Not Visible,Not Visible,Medium,1,1,1,NA,1
TSL,2018-08-22T00:00:00Z,2018-08-22T08:58:00Z,NA,Low,Not Visible,Medium,NA,NA,NA,NA,NA
TSL,2018-09-26T00:00:00Z,2018-09-26T09:16:00Z,NA,NA,NA,Medium,NA,NA,NA,NA,NA
TSL,2018-10-24T00:00:00Z,2018-10-24T09:17:00Z,NA,Low,Not Visible,Medium,NA,NA,NA,NA,NA
TSL,2018-12-06T00:00:00Z,2018-12-06T09:08:00Z,NA,Not Visible,Not Visible,Not Visible,NA,NA,NA,NA,NA
TSL,2019-01-11T00:00:00Z,2019-01-11T09:49:00Z,NA,Not Visible,Not Visible,Not Visible,NA,NA,NA,NA,NA
TSL,2019-02-06T00:00:00Z,2019-02-06T13:28:00Z,NA,Not Visible,Not Visible,Not Visible,NA,NA,NA,NA,NA
TSL,2019-03-14T00:00:00Z,2019-03-14T08:58:00Z,NA,Not Visible,Not Visible,Not Visible,NA,NA,NA,NA,NA
TSL,2019-04-16T00:00:00Z,2019-04-16T10:00:00Z,NA,Not Visible,Not Visible,Not Visible,NA,NA,NA,NA,NA
TSL,2019-05-23T00:00:00Z,2019-05-23T08:41:00Z,NA,Not Visible,Not Visible,Not Visible,NA,NA,NA,NA,NA
TSL,2019-06-18T00:00:00Z,2019-06-18T12:20:00Z,NA,Medium,Not Visible,Not Visible,NA,NA,NA,NA,NA
TSL,2019-07-17T00:00:00Z,2019-07-17T08:55:00Z,NA,Low,Not Visible,Not Visible,NA,NA,NA,NA,NA
TSL,2019-08-13T00:00:00Z,2019-08-13T09:16:00Z,NA,Low,Not Visible,Medium,NA,NA,NA,NA,NA
TSL,2019-09-17T00:00:00Z,2019-09-17T08:59:00Z,NA,Low,Not Visible,Low,NA,NA,NA,NA,NA
TSL,2019-10-30T00:00:00Z,2019-10-30T09:11:00Z,NA,Low,Not Visible,Low,NA,NA,NA,NA,NA
TSL,2019-12-11T00:00:00Z,2019-12-11T10:10:00Z,NA,Not Visible,Low,Not Visible,NA,NA,2,NA,NA
TSL,2020-02-13T00:00:00Z,2020-02-13T10:15:00Z,NA,Not Visible,Not Visible,Not Visible,NA,NA,NA,NA,NA
TSL,2020-03-10T00:00:00Z,2020-03-10T09:00:00Z,NA,Not Visible,Not Visible,Not Visible,NA,NA,NA,NA,NA
TSL,2020-04-14T00:00:00Z,2020-04-14T12:50:00Z,NA,Medium,Low,Not Visible,NA,NA,NA,NA,2
TSL,2020-06-04T00:00:00Z,2020-06-04T12:00:00Z,NA,Low,Not Visible,Medium,NA,NA,NA,NA,NA
TSL,2020-06-17T00:00:00Z,2020-06-17T09:30:00Z,Egeria,Medium,Not Visible,Medium,NA,NA,NA,NA,NA
TSL,2020-07-29T00:00:00Z,2020-07-29T09:14:00Z,NA,Not Visible,Not Visible,High,NA,NA,NA,NA,NA
TSL,2020-09-03T00:00:00Z,2020-09-03T09:11:00Z,NA,Not Visible,Not Visible,High,NA,NA,NA,NA,NA
TSL,2020-10-19T00:00:00Z,2020-10-19T08:55:00Z,NA,Not Visible,Not Visible,Low,NA,NA,NA,NA,NA
TSL,2020-11-17T00:00:00Z,2020-11-17T10:14:00Z,NA,Not Visible,Low,Not Visible,NA,NA,NA,NA,NA
TSL,2020-12-29T00:00:00Z,2020-12-29T09:57:00Z,NA,Not Visible,Low,Not Visible,NA,NA,NA,NA,NA
TSL,2021-02-02T00:00:00Z,2021-02-02T10:20:00Z,NA,Not Visible,Low,Not Visible,NA,NA,NA,NA,NA
TSL,2021-03-09T00:00:00Z,2021-03-09T09:42:00Z,NA,Not Visible,Not Visible,Not Visible,NA,NA,NA,NA,NA
TSL,2021-04-20T00:00:00Z,2021-04-20T09:00:00Z,NA,Not Visible,Not Visible,Not Visible,NA,NA,NA,NA,NA
TSL,2021-05-20T00:00:00Z,2021-05-20T09:19:00Z,NA,Not Visible,Not Visible,Not Visible,NA,NA,NA,NA,NA
TSL,2021-06-23T00:00:00Z,2021-06-23T09:20:00Z,NA,Low,Not Visible,Low,NA,NA,NA,NA,NA
TSL,2021-07-20T00:00:00Z,2021-07-20T08:45:00Z,NA,Low,Not Visible,Medium,NA,NA,NA,NA,NA
TSL,2021-08-18T00:00:00Z,2021-08-18T11:17:00Z,NA,Not Visible,Not Visible,Low,NA,NA,NA,NA,NA
TSL,2021-09-15T00:00:00Z,2021-09-15T08:20:00Z,NA,Low,Not Visible,Medium,NA,NA,NA,NA,NA
TSL,2021-10-20T00:00:00Z,2021-10-20T09:12:00Z,NA,Not Visible,Low,Low,NA,NA,NA,NA,NA
TSL,2021-11-17T00:00:00Z,2021-11-17T09:30:00Z,NA,Low,Low,Not Visible,NA,NA,NA,NA,NA
TSL,2022-01-06T00:00:00Z,2022-01-06T09:52:00Z,NA,Not Visible,Medium,Not Visible,NA,NA,3,NA,NA
TSL,2022-02-22T00:00:00Z,2022-02-22T10:13:00Z,NA,Not Visible,Not Visible,Not Visible,NA,NA,NA,NA,NA
TSL,2022-03-24T00:00:00Z,2022-03-24T09:27:00Z,NA,Not Visible,Not Visible,Not Visible,NA,NA,NA,NA,NA
TSL,2022-04-26T00:00:00Z,2022-04-26T11:42:00Z,NA,Not Visible,Not Visible,Not Visible,NA,NA,NA,NA,NA
TSL,2022-05-24T00:00:00Z,2022-05-24T11:35:00Z,NA,Not Visible,Not Visible,Not Visible,NA,NA,NA,NA,NA
TSL,2022-06-28T00:00:00Z,2022-06-28T08:19:00Z,NA,Not Visible,Not Visible,Low,NA,NA,NA,NA,NA
TSL,2022-07-26T00:00:00Z,2022-07-26T07:58:00Z,NA,Not Visible,Not Visible,Medium,NA,NA,NA,NA,NA
TSL,2022-08-31T00:00:00Z,2022-08-31T08:15:00Z,NA,Not Visible,Not Visible,Low,NA,NA,NA,NA,NA
TSL,2022-09-26T00:00:00Z,2022-09-26T08:44:00Z,NA,Not Visible,Not Visible,Low,NA,NA,NA,NA,NA
TSL,2022-10-25T00:00:00Z,2022-10-25T08:05:00Z,NA,Not Visible,Not Visible,Low,NA,NA,NA,NA,NA
TSL,2022-11-30T00:00:00Z,2022-11-30T10:03:00Z,NA,Not Visible,Not Visible,Not Visible,NA,NA,NA,NA,NA
TSL,2023-01-17T00:00:00Z,2023-01-17T10:26:00Z,NA,Not Visible,Not Visible,Not Visible,NA,NA,NA,NA,NA
TSL,2023-02-21T00:00:00Z,2023-02-21T10:20:00Z,NA,Not Visible,Not Visible,Not Visible,NA,NA,NA,NA,NA
TSL,2023-03-30T00:00:00Z,2023-03-30T09:21:00Z,NA,Not Visible,Not Visible,Not Visible,NA,NA,NA,NA,NA
TSL,2023-04-25T00:00:00Z,2023-04-25T09:05:00Z,NA,Not Visible,Not Visible,Not Visible,NA,NA,NA,NA,NA
TSL,2023-07-06T00:00:00Z,2023-07-06T08:10:00Z,NA,Not Visible,Not Visible,Not Visible,NA,NA,NA,NA,NA
TSL,2023-08-10T00:00:00Z,2023-08-10T08:39:00Z,NA,Not Visible,Not Visible,Not Visible,NA,NA,NA,NA,NA
TSL,2023-09-19T00:00:00Z,2023-09-19T09:03:00Z,NA,Not Visible,Not Visible,Low,NA,NA,NA,NA,NA
TSL,2023-09-21T00:00:00Z,2023-09-21T11:00:00Z,NA,NA,NA,NA,NA,NA,NA,NA,NA
TSL,2023-10-31T00:00:00Z,2023-10-31T09:49:00Z,NA,Not Visible,Not Visible,Low,NA,NA,NA,NA,NA
TSL,2023-12-12T00:00:00Z,2023-12-12T10:17:00Z,NA,Not Visible,Not Visible,Low,NA,NA,NA,NA,NA
TSL,2024-01-30T00:00:00Z,2024-01-30T10:19:00Z,NA,Not Visible,Low,Not Visible,NA,NA,NA,NA,NA
TSL,2024-02-29T00:00:00Z,2024-02-29T08:59:00Z,NA,Not Visible,Not Visible,Not Visible,NA,NA,NA,NA,NA
TSL,2024-04-16T00:00:00Z,2024-04-16T08:59:00Z,NA,Not Visible,Not Visible,Not Visible,NA,NA,NA,NA,NA
TSL,2024-05-14T00:00:00Z,2024-05-14T08:57:00Z,NA,Not Visible,Not Visible,Not Visible,NA,NA,NA,NA,NA
TSL,2024-06-19T00:00:00Z,2024-06-19T13:40:00Z,NA,Not Visible,Not Visible,Not Visible,NA,NA,NA,NA,NA
TSL,2024-08-01T00:00:00Z,2024-08-01T08:55:00Z,NA,Not Visible,Not Visible,Low,NA,NA,NA,NA,NA
TSL,2024-08-27T00:00:00Z,2024-08-27T07:55:00Z,NA,Low,Not Visible,High,NA,NA,NA,NA,NA
TSL,2024-10-08T00:00:00Z,2024-10-08T08:33:00Z,NA,Not Visible,Not Visible,Not Visible,NA,NA,NA,NA,NA
TSL,2024-11-14T00:00:00Z,2024-11-14T10:47:00Z,NA,Not Visible,Not Visible,Not Visible,NA,NA,NA,NA,NA
TSL,2024-12-17T00:00:00Z,2024-12-17T10:02:00Z,NA,Not Visible,Not Visible,Not Visible,NA,NA,NA,NA,NA
TSL,2025-01-29T00:00:00Z,2025-01-29T10:14:00Z,NA,Not Visible,Not Visible,Not Visible,NA,NA,NA,NA,NA
TSL,2025-02-25T00:00:00Z,2025-02-25T09:50:00Z,NA,Not Visible,Not Visible,Not Visible,NA,NA,NA,NA,NA
TSL,2025-03-25T00:00:00Z,2025-03-25T09:12:00Z,NA,Not Visible,Not Visible,Not Visible,NA,NA,NA,NA,NA
TSL,2025-04-30T00:00:00Z,2025-04-30T07:45:00Z,NA,Not Visible,Not Visible,Not Visible,NA,NA,NA,NA,NA
TSL,2025-06-05T00:00:00Z,2025-06-05T08:56:00Z,NA,Not Visible,Not Visible,Not Visible,NA,NA,NA,NA,NA
TSL,2025-07-02T00:00:00Z,2025-07-02T08:25:00Z,NA,Not Visible,Not Visible,Low,NA,NA,NA,NA,NA
TSL,2025-07-29T00:00:00Z,2025-07-29T07:45:00Z,NA,Not Visible,Not Visible,Low,NA,NA,NA,NA,NA
TSL,2025-08-26T00:00:00Z,2025-08-26T08:55:00Z,NA,Not Visible,Not Visible,Low,NA,NA,NA,NA,NA
TSL,2025-09-23T00:00:00Z,2025-09-23T08:13:00Z,NA,Not Visible,Not Visible,Low,NA,NA,NA,NA,NA
TSL,2025-10-24T00:00:00Z,2025-10-24T08:42:00Z,NA,Not Visible,Not Visible,Low,NA,NA,NA,NA,NA
TWA,2017-10-17T00:00:00Z,2017-10-17T10:18:00Z,NA,NA,Low,Not Visible,2,2,3,NA,NA
TWA,2017-11-08T00:00:00Z,2017-11-08T10:15:00Z,NA,NA,Low,Not Visible,NA,2,NA,NA,NA
TWA,2017-11-28T00:00:00Z,2017-11-28T10:47:00Z,NA,NA,NA,Not Visible,NA,NA,NA,NA,NA
TWA,2017-12-19T00:00:00Z,2017-12-19T10:29:00Z,NA,NA,Not Visible,Not Visible,NA,NA,NA,NA,NA
TWA,2018-01-05T00:00:00Z,2018-01-05T11:47:00Z,NA,NA,NA,Not Visible,NA,NA,NA,NA,NA
TWA,2018-01-31T00:00:00Z,2018-01-31T10:28:00Z,NA,NA,Low,Not Visible,NA,NA,2,NA,NA
TWA,2017-09-06T00:00:00Z,2017-09-06T09:30:00Z,NA,NA,NA,NA,NA,NA,NA,NA,NA
TWA,2017-09-21T00:00:00Z,2017-09-21T11:14:00Z,NA,NA,NA,NA,NA,NA,NA,NA,NA
TWA,2017-10-04T00:00:00Z,2017-10-04T09:47:00Z,NA,NA,NA,NA,NA,NA,NA,NA,NA
TWA,2018-02-20T00:00:00Z,2018-02-20T13:04:00Z,NA,NA,Not Visible,Not Visible,NA,NA,NA,NA,NA
TWA,2018-03-16T00:00:00Z,2018-03-16T13:16:00Z,NA,NA,Not Visible,Not Visible,NA,NA,NA,NA,NA
TWA,2018-03-26T00:00:00Z,2018-03-26T10:30:00Z,NA,NA,Not Visible,Not Visible,NA,NA,NA,NA,NA
TWA,2018-04-10T00:00:00Z,2018-04-10T11:20:00Z,NA,NA,Low,Not Visible,NA,NA,NA,NA,NA
TWA,2018-05-10T00:00:00Z,2018-05-10T10:57:00Z,NA,Not Visible,NA,Not Visible,NA,NA,NA,NA,NA
TWA,2018-06-06T00:00:00Z,2018-06-06T12:18:00Z,NA,NA,Low,Not Visible,NA,NA,NA,NA,NA
TWA,2018-07-02T00:00:00Z,2018-07-02T12:32:00Z,NA,NA,Medium,Not Visible,NA,3,NA,NA,NA
TWA,2018-07-11T00:00:00Z,2018-07-11T10:13:00Z,NA,NA,Low,Low,1,1,NA,NA,NA
TWA,2018-07-25T00:00:00Z,2018-07-25T10:01:00Z,NA,Medium,Medium,Low,NA,NA,NA,NA,NA
TWA,2018-08-08T00:00:00Z,2018-08-08T11:35:00Z,NA,Not Visible,Medium,Low,2,2,NA,NA,NA
TWA,2018-08-09T00:00:00Z,2018-08-09T13:20:00Z,NA,Not Visible,Medium,Low,NA,2,NA,NA,NA
TWA,2018-08-29T00:00:00Z,2018-08-29T11:33:00Z,NA,High,Extreme,Not Visible,4,4,4,NA,NA
TWA,2018-09-19T00:00:00Z,2018-09-19T10:57:00Z,NA,Low,Low,Not Visible,NA,2,NA,NA,NA
TWA,2018-10-10T00:00:00Z,2018-10-10T11:48:00Z,NA,Not Visible,High,Not Visible,NA,2,2,NA,NA
TWA,2018-10-31T00:00:00Z,2018-10-31T10:28:00Z,NA,Not Visible,Low,Not Visible,NA,1,1,NA,NA
TWA,2018-11-19T00:00:00Z,2018-11-19T14:22:00Z,NA,Not Visible,High,Not Visible,NA,3,4,NA,NA
TWA,2018-11-28T00:00:00Z,2018-11-28T13:56:00Z,NA,Not Visible,High,Not Visible,NA,2,3,NA,NA
TWA,2018-12-20T00:00:00Z,2018-12-20T11:30:00Z,NA,Not Visible,Medium,Not Visible,NA,NA,3,NA,NA
TWA,2019-01-15T00:00:00Z,2019-01-15T13:02:00Z,NA,Not Visible,Low,Not Visible,NA,NA,1,NA,NA
TWA,2019-02-21T00:00:00Z,2019-02-21T13:08:00Z,NA,Not Visible,Low,Not Visible,NA,NA,NA,NA,NA
TWA,2019-03-26T00:00:00Z,2019-03-26T11:59:00Z,NA,Not Visible,Medium,Not Visible,NA,NA,NA,NA,NA
TWA,2019-04-23T00:00:00Z,2019-04-23T11:59:00Z,NA,Not Visible,Medium,Not Visible,NA,3,3,NA,NA
TWA,2019-05-23T00:00:00Z,2019-05-23T11:33:00Z,NA,Not Visible,Low,Not Visible,NA,1,2,NA,NA
TWA,2019-06-12T00:00:00Z,2019-06-12T10:46:00Z,NA,Not Visible,Low,Not Visible,NA,2,2,NA,NA
TWA,2019-07-01T00:00:00Z,2019-07-01T12:47:00Z,NA,Medium,Low,Not Visible,NA,NA,NA,NA,NA
TWA,2019-07-24T00:00:00Z,2019-07-24T10:30:00Z,NA,Not Visible,Not Visible,Not Visible,NA,NA,NA,NA,NA
TWA,2019-08-21T00:00:00Z,2019-08-21T11:15:00Z,NA,Medium,Medium,NA,NA,NA,NA,NA,NA
TWA,2019-09-11T00:00:00Z,2019-09-11T11:52:00Z,NA,Medium,Medium,NA,NA,2,2,NA,NA
TWA,2019-10-02T00:00:00Z,2019-10-02T11:50:00Z,NA,Low,Low,NA,NA,NA,NA,NA,NA
TWA,2019-10-29T00:00:00Z,2019-10-29T12:04:00Z,NA,Not Visible,Medium,Not Visible,NA,NA,NA,NA,NA
TWA,2019-11-21T00:00:00Z,2019-11-21T13:20:00Z,NA,Medium,Medium,Medium,NA,3,NA,NA,NA
TWA,2020-01-09T00:00:00Z,2020-01-09T12:47:00Z,veg comment,Not Visible,Low,Not Visible,NA,2,NA,NA,NA
TWA,2020-02-04T00:00:00Z,2020-02-04T13:00:00Z,NA,Not Visible,Not Visible,Not Visible,NA,NA,NA,NA,NA
TWA,2020-03-04T00:00:00Z,2020-03-04T11:48:00Z,NA,Not Visible,Low,Low,NA,NA,NA,NA,NA
TWA,2020-03-17T00:00:00Z,2020-03-17T12:00:00Z,NA,Low,Low,NA,NA,NA,NA,NA,NA
TWA,2020-04-07T00:00:00Z,2020-04-07T11:45:00Z,NA,Not Visible,Low,Not Visible,NA,NA,NA,NA,NA
TWA,2020-04-29T00:00:00Z,2020-04-29T11:30:00Z,NA,Not Visible,Not Visible,Not Visible,NA,NA,NA,NA,NA
TWA,2020-05-18T00:00:00Z,2020-05-18T13:00:00Z,NA,Not Visible,Not Visible,Not Visible,NA,NA,NA,NA,NA
TWA,2020-06-17T00:00:00Z,2020-06-17T11:43:00Z,NA,Not Visible,Not Visible,Not Visible,NA,NA,NA,NA,NA
TWA,2020-07-08T00:00:00Z,2020-07-08T11:02:00Z,NA,Medium,Medium,Not Visible,NA,3,NA,NA,NA
TWA,2020-08-05T00:00:00Z,2020-08-05T12:20:00Z,NA,Not Visible,Medium,Low,3,NA,NA,NA,NA
TWA,2020-09-02T00:00:00Z,2020-09-02T11:43:00Z,NA,Not Visible,Medium,Low,NA,3,NA,NA,NA
TWA,2020-09-22T00:00:00Z,2020-09-22T12:10:00Z,NA,Not Visible,Medium,Low,NA,3,NA,NA,NA
TWA,2020-10-14T00:00:00Z,2020-10-14T10:33:00Z,NA,Not Visible,Extreme,Not Visible,NA,4,5,NA,NA
TWA,2020-10-27T00:00:00Z,2020-10-27T09:49:00Z,NA,Low,Extreme,Not Visible,NA,NA,5,NA,NA
TWA,2020-12-04T00:00:00Z,2020-12-04T13:15:00Z,NA,Not Visible,Low,Not Visible,NA,NA,2,NA,NA
TWA,2021-01-05T00:00:00Z,2021-01-05T14:08:00Z,NA,Not Visible,Medium,Not Visible,NA,3,3,NA,NA
TWA,2021-02-04T00:00:00Z,2021-02-04T11:30:00Z,NA,Not Visible,NA,Not Visible,NA,NA,NA,NA,NA
TWA,2021-03-02T00:00:00Z,2021-03-02T11:10:00Z,NA,Not Visible,Low,Not Visible,NA,NA,2,NA,NA
TWA,2021-03-30T00:00:00Z,2021-03-30T10:50:00Z,NA,Not Visible,Not Visible,Not Visible,NA,NA,NA,NA,NA
TWA,2021-04-27T00:00:00Z,2021-04-27T10:04:00Z,NA,Not Visible,Not Visible,Not Visible,NA,NA,NA,NA,NA
TWA,2021-06-02T00:00:00Z,2021-06-02T13:20:00Z,NA,Low,Low,Not Visible,NA,NA,NA,NA,NA
TWA,2021-07-07T00:00:00Z,2021-07-07T11:46:00Z,NA,Low,Low,Not Visible,NA,NA,NA,NA,NA
TWA,2021-08-03T00:00:00Z,2021-08-03T09:04:00Z,NA,Medium,Medium,Not Visible,NA,2,3,NA,NA
TWA,2021-08-26T00:00:00Z,2021-08-26T10:53:00Z,NA,Low,Medium,Not Visible,NA,2,2,NA,NA
TWA,2021-09-29T00:00:00Z,2021-09-29T10:38:00Z,NA,Not Visible,Low,Not Visible,NA,2,NA,NA,NA
TWA,2021-10-27T00:00:00Z,2021-10-27T09:58:00Z,NA,NA,Extreme,NA,NA,5,5,NA,NA
TWA,2021-12-01T00:00:00Z,2021-12-01T11:05:00Z,NA,Not Visible,Low,Not Visible,NA,1,NA,NA,NA
TWA,2022-01-04T00:00:00Z,2022-01-04T10:42:00Z,NA,Medium,Low,Not Visible,NA,2,NA,NA,NA
TWA,2022-02-08T00:00:00Z,2022-02-08T10:53:00Z,NA,Low,Not Visible,Not Visible,NA,NA,NA,NA,NA
TWA,2022-03-15T00:00:00Z,2022-03-15T09:59:00Z,NA,Not Visible,Medium,Not Visible,NA,3,NA,NA,NA
TWA,2022-04-19T00:00:00Z,2022-04-19T09:49:00Z,NA,Not Visible,Low,Not Visible,NA,NA,NA,NA,NA
TWA,2022-05-18T00:00:00Z,2022-05-18T09:35:00Z,NA,Low,Not Visible,Not Visible,NA,NA,NA,NA,NA
TWA,2022-06-21T00:00:00Z,2022-06-21T10:45:00Z,NA,Not Visible,Not Visible,Not Visible,NA,NA,NA,NA,NA
TWA,2022-07-28T00:00:00Z,2022-07-28T11:20:00Z,NA,Not Visible,Not Visible,Low,NA,NA,NA,NA,NA
TWA,2022-08-16T00:00:00Z,2022-08-16T10:28:00Z,NA,Not Visible,Not Visible,Low,NA,NA,NA,NA,NA
TWA,2022-09-14T00:00:00Z,2022-09-14T10:14:00Z,NA,Not Visible,Not Visible,Low,NA,NA,NA,NA,NA
TWA,2022-10-19T00:00:00Z,2022-10-19T10:58:00Z,NA,Low,Medium,Not Visible,NA,NA,NA,NA,NA
TWA,2022-11-15T00:00:00Z,2022-11-15T11:13:00Z,NA,Low,Low,Not Visible,NA,NA,NA,NA,NA
TWA,2022-12-07T00:00:00Z,2022-12-07T11:32:00Z,NA,High,Extreme,Not Visible,NA,NA,NA,NA,NA
TWA,2023-01-12T00:00:00Z,2023-01-12T13:04:00Z,NA,Not Visible,Not Visible,Not Visible,NA,NA,NA,NA,NA
TWA,2023-02-07T00:00:00Z,2023-02-07T11:30:00Z,NA,Medium,Low,Not Visible,NA,NA,NA,NA,NA
TWA,2023-04-11T00:00:00Z,2023-04-11T09:16:00Z,NA,Not Visible,Not Visible,Not Visible,NA,NA,NA,NA,NA
TWA,2023-05-17T00:00:00Z,2023-05-17T10:15:00Z,NA,Not Visible,Not Visible,Not Visible,NA,NA,NA,NA,NA
TWA,2023-06-20T00:00:00Z,2023-06-20T12:11:00Z,NA,Low,Low,Not Visible,NA,NA,NA,NA,NA
TWA,2023-07-18T00:00:00Z,2023-07-18T10:48:00Z,NA,Medium,Medium,Not Visible,NA,NA,NA,NA,NA
TWA,2023-08-15T00:00:00Z,2023-08-15T12:17:00Z,NA,Low,Low,Not Visible,1,NA,NA,NA,NA
TWA,2023-09-19T00:00:00Z,2023-09-19T11:25:00Z,NA,Not Visible,Low,Not Visible,NA,1,NA,NA,NA
TWA,2023-10-19T00:00:00Z,2023-10-19T09:09:00Z,NA,Not Visible,Low,Not Visible,NA,1,1,NA,NA
TWA,2023-11-28T00:00:00Z,2023-11-28T15:11:00Z,NA,Not Visible,Low,Not Visible,NA,NA,2,NA,NA
TWA,2023-12-19T00:00:00Z,2023-12-19T13:35:00Z,NA,Not Visible,Low,Not Visible,NA,NA,1,NA,NA
TWA,2024-01-17T00:00:00Z,2024-01-17T13:46:00Z,NA,Not Visible,Low,Not Visible,NA,NA,1,NA,NA
TWA,2024-02-21T00:00:00Z,2024-02-21T14:07:00Z,NA,Not Visible,Low,Not Visible,NA,NA,1,NA,NA
TWA,2024-03-19T00:00:00Z,2024-03-19T12:37:00Z,NA,Not Visible,Low,Not Visible,NA,1,NA,NA,NA
TWA,2024-04-24T00:00:00Z,2024-04-24T11:42:00Z,NA,Not Visible,Not Visible,Not Visible,NA,NA,NA,NA,NA
TWA,2024-05-30T00:00:00Z,2024-05-30T08:50:00Z,NA,Not Visible,Not Visible,Not Visible,NA,NA,NA,NA,NA
TWA,2024-06-26T00:00:00Z,2024-06-26T11:15:00Z,NA,Not Visible,Not Visible,Not Visible,NA,NA,NA,NA,NA
TWA,2024-07-16T00:00:00Z,2024-07-16T11:26:00Z,NA,Not Visible,Not Visible,Not Visible,NA,NA,NA,NA,NA
TWA,2024-08-21T00:00:00Z,2024-08-21T10:50:00Z,NA,Not Visible,Not Visible,Not Visible,NA,NA,NA,NA,NA
TWA,2024-09-19T00:00:00Z,2024-09-19T10:15:00Z,NA,Not Visible,Low,Not Visible,1,NA,NA,NA,NA
TWA,2024-10-16T00:00:00Z,2024-10-16T10:12:00Z,NA,Not Visible,Not Visible,Not Visible,NA,NA,NA,NA,NA
TWA,2024-11-19T00:00:00Z,2024-11-19T12:09:00Z,NA,Low,Medium,Not Visible,NA,4,NA,NA,NA
TWA,2024-12-19T00:00:00Z,2024-12-19T12:38:00Z,NA,Not Visible,Low,Not Visible,NA,NA,1,NA,NA
TWA,2025-01-14T00:00:00Z,2025-01-14T12:49:00Z,NA,Not Visible,Not Visible,Not Visible,NA,NA,NA,NA,NA
TWA,2025-02-19T00:00:00Z,2025-02-19T12:42:00Z,NA,Not Visible,Not Visible,Not Visible,NA,NA,NA,NA,NA
TWA,2025-03-18T00:00:00Z,2025-03-18T08:34:00Z,NA,Not Visible,Not Visible,Not Visible,NA,NA,NA,NA,NA
TWA,2025-04-22T00:00:00Z,2025-04-22T11:48:00Z,NA,Not Visible,Not Visible,Not Visible,NA,NA,NA,NA,NA
TWA,2025-05-28T00:00:00Z,2025-05-28T11:26:00Z,NA,Not Visible,Not Visible,Not Visible,NA,NA,NA,NA,NA
VCU,2017-10-18T00:00:00Z,2017-10-18T11:14:00Z,"cyano sample collected, submitted to S. Waller 10/18-Scott says it was microcystis",NA,Low,Low,NA,NA,2,NA,NA
VCU,2017-11-07T00:00:00Z,2017-11-07T11:20:00Z,NA,NA,Low,Not Visible,NA,2,2,NA,NA
VCU,2017-11-29T00:00:00Z,2017-11-29T11:29:00Z,NA,Low,Low,Not Visible,NA,2,2,NA,NA
VCU,2018-01-02T00:00:00Z,2018-01-02T13:04:00Z,NA,NA,Low,Unknown,NA,2,2,NA,NA
VCU,2017-12-20T00:00:00Z,2017-12-20T11:00:00Z,NA,NA,Low,Not Visible,NA,NA,2,NA,NA
VCU,2018-01-25T00:00:00Z,2018-01-25T09:43:00Z,NA,Not Visible,Low,Not Visible,NA,NA,2,NA,NA
VCU,2017-09-27T00:00:00Z,2017-09-27T11:15:00Z,NA,NA,NA,NA,NA,NA,NA,NA,NA
VCU,2018-02-15T00:00:00Z,2018-02-15T10:58:00Z,NA,NA,Low,Not Visible,NA,NA,2,NA,NA
VCU,2018-03-07T00:00:00Z,2018-03-07T11:33:00Z,NA,NA,Low,Not Visible,NA,2,2,NA,NA
VCU,2018-03-27T00:00:00Z,2018-03-27T11:16:00Z,NA,NA,Not Visible,Not Visible,NA,NA,NA,NA,NA
VCU,2018-04-18T00:00:00Z,2018-04-18T11:31:00Z,NA,Medium,Low,Not Visible,NA,NA,10,NA,NA
VCU,2018-05-24T00:00:00Z,2018-05-24T12:05:00Z,NA,NA,Low,Not Visible,NA,NA,NA,NA,NA
VCU,2018-06-13T00:00:00Z,2018-06-13T09:40:00Z,NA,NA,Not Visible,Medium,NA,NA,NA,NA,NA
VCU,2018-07-10T00:00:00Z,2018-07-10T09:45:00Z,NA,Low,Low,Medium,NA,NA,2,NA,NA
VCU,2018-08-21T00:00:00Z,2018-08-21T10:33:00Z,NA,Not Visible,Low,Medium,NA,NA,2,NA,NA
VCU,2018-09-18T00:00:00Z,2018-09-18T14:13:00Z,NA,Not Visible,Low,Medium,NA,NA,2,NA,NA
VCU,2018-10-18T00:00:00Z,2018-10-18T13:15:00Z,NA,Not Visible,Low,Medium,NA,NA,2,NA,NA
VCU,2018-11-14T00:00:00Z,2018-11-14T13:05:00Z,NA,Not Visible,Low,Not Visible,NA,NA,2,NA,NA
VCU,2019-01-02T00:00:00Z,2019-01-02T11:05:00Z,NA,Not Visible,Medium,Not Visible,NA,NA,3,NA,NA
VCU,2019-02-05T00:00:00Z,2019-02-05T13:13:00Z,NA,Not Visible,Not Visible,Not Visible,NA,NA,NA,NA,NA
VCU,2019-03-13T00:00:00Z,2019-03-13T12:18:00Z,NA,Not Visible,Not Visible,Not Visible,NA,NA,NA,NA,NA
VCU,2019-04-24T00:00:00Z,2019-04-24T12:58:00Z,NA,Not Visible,Not Visible,Not Visible,NA,NA,NA,NA,NA
VCU,2019-06-04T00:00:00Z,2019-06-04T11:36:00Z,NA,Medium,Medium,Not Visible,NA,3,NA,NA,3
VCU,2019-07-01T00:00:00Z,2019-07-01T12:01:00Z,Egeria(3),Medium,Low,Not Visible,NA,NA,2,NA,NA
VCU,2019-07-31T00:00:00Z,2019-07-31T12:05:00Z,NA,Not Visible,Not Visible,High,NA,NA,NA,NA,NA
VCU,2019-08-28T00:00:00Z,2019-08-28T08:37:00Z,NA,Not Visible,Low,Medium,NA,NA,2,NA,NA
VCU,2019-10-14T00:00:00Z,2019-10-14T12:28:00Z,NA,Not Visible,Not Visible,Low,NA,NA,NA,NA,NA
VCU,2019-11-13T00:00:00Z,2019-11-13T13:04:00Z,NA,Not Visible,Low,Low,NA,NA,2,NA,NA
VCU,2020-01-07T00:00:00Z,2020-01-07T12:29:00Z,NA,Not Visible,Low,Not Visible,NA,NA,2,NA,NA
VCU,2020-02-06T00:00:00Z,2020-02-06T12:45:00Z,NA,Not Visible,Low,Not Visible,NA,NA,2,NA,NA
VCU,2020-03-11T00:00:00Z,2020-03-11T12:05:00Z,Egeria(4),High,Low,Not Visible,NA,NA,2,NA,NA
VCU,2020-04-06T00:00:00Z,2020-04-06T12:54:00Z,NA,Not Visible,Low,Not Visible,NA,NA,NA,NA,NA
VCU,2020-05-05T00:00:00Z,2020-05-05T12:45:00Z,NA,Medium,Low,Low,NA,NA,NA,NA,NA
VCU,2020-06-03T00:00:00Z,2020-06-03T11:53:00Z,NA,Medium,Low,High,NA,NA,NA,NA,NA
VCU,2020-07-01T00:00:00Z,2020-07-01T12:27:00Z,NA,Low,Low,High,NA,NA,NA,NA,NA
VCU,2020-08-11T00:00:00Z,2020-08-11T13:05:00Z,NA,Not Visible,Low,Medium,NA,NA,1,NA,NA
VCU,2020-10-29T00:00:00Z,2020-10-29T10:56:00Z,NA,Not Visible,Low,Not Visible,NA,NA,NA,NA,NA
VCU,2020-11-10T00:00:00Z,2020-11-10T12:00:00Z,NA,Not Visible,Low,Not Visible,NA,NA,NA,NA,NA
VCU,2021-01-04T00:00:00Z,2021-01-04T11:04:00Z,NA,Not Visible,Not Visible,Not Visible,NA,NA,NA,NA,NA
VCU,2020-09-17T00:00:00Z,2020-09-17T12:48:00Z,NA,Low,Low,Extreme,NA,NA,NA,NA,NA
VCU,2021-02-18T00:00:00Z,2021-02-18T11:34:00Z,NA,Medium,Medium,Not Visible,NA,NA,3,NA,NA
VCU,2021-03-23T00:00:00Z,2021-03-23T11:05:00Z,NA,Low,Medium,Not Visible,NA,NA,3,NA,NA
VCU,2021-04-15T00:00:00Z,2021-04-15T10:56:00Z,NA,Not Visible,Not Visible,Not Visible,NA,NA,NA,NA,NA
VCU,2021-05-19T00:00:00Z,2021-05-19T10:12:00Z,NA,Not Visible,Not Visible,Not Visible,NA,NA,NA,NA,NA
VCU,2021-06-16T00:00:00Z,2021-06-16T09:57:00Z,NA,Low,Not Visible,Low,NA,NA,NA,NA,NA
VCU,2021-07-21T00:00:00Z,2021-07-21T10:55:00Z,NA,Low,Not Visible,Low,NA,NA,NA,NA,NA
VCU,2021-08-10T00:00:00Z,2021-08-10T09:45:00Z,NA,Not Visible,Low,Medium,NA,NA,2,NA,NA
VCU,2021-08-17T00:00:00Z,2021-08-17T10:55:00Z,NA,Not Visible,Not Visible,Low,NA,NA,NA,NA,NA
VCU,2021-09-21T00:00:00Z,2021-09-21T08:46:00Z,NA,Not Visible,Not Visible,Low,NA,NA,NA,NA,NA
VCU,2021-10-13T00:00:00Z,2021-10-13T10:35:00Z,NA,Not Visible,Not Visible,Not Visible,NA,NA,NA,NA,NA
VCU,2021-11-18T00:00:00Z,2021-11-18T11:36:00Z,NA,Low,Not Visible,Not Visible,NA,NA,NA,NA,NA
VCU,2021-12-14T00:00:00Z,2021-12-14T10:55:00Z,NA,Not Visible,Not Visible,Not Visible,NA,NA,NA,NA,NA
VCU,2022-01-11T00:00:00Z,2022-01-11T11:40:00Z,NA,Not Visible,Low,Not Visible,NA,NA,2,NA,NA
VCU,2022-03-08T00:00:00Z,2022-03-08T11:29:00Z,NA,Not Visible,Not Visible,Not Visible,NA,NA,NA,NA,NA
VCU,2022-02-08T00:00:00Z,2022-02-08T11:11:00Z,FAV floating by with current,Not Visible,Low,Not Visible,NA,NA,2,NA,NA
VCU,2022-04-12T00:00:00Z,2022-04-12T10:05:00Z,NA,Not Visible,Not Visible,Not Visible,NA,NA,NA,NA,NA
VCU,2022-05-10T00:00:00Z,2022-05-10T11:12:00Z,NA,Medium,Not Visible,Not Visible,NA,NA,NA,NA,NA
VCU,2022-06-06T00:00:00Z,2022-06-06T10:19:00Z,NA,Not Visible,Not Visible,Low,NA,NA,NA,NA,NA
VCU,2022-07-12T00:00:00Z,2022-07-12T10:30:00Z,NA,Not Visible,Not Visible,Medium,NA,NA,NA,NA,NA
VCU,2022-08-09T00:00:00Z,2022-08-09T09:25:00Z,NA,Not Visible,Not Visible,Low,NA,NA,NA,NA,NA
VCU,2022-09-13T00:00:00Z,2022-09-13T13:17:00Z,NA,Not Visible,Not Visible,Low,NA,NA,NA,NA,NA
VCU,2022-10-10T00:00:00Z,2022-10-10T10:19:00Z,NA,Not Visible,Not Visible,Low,NA,NA,NA,NA,NA
VCU,2022-11-08T00:00:00Z,2022-11-08T10:33:00Z,NA,Not Visible,Not Visible,Low,NA,NA,NA,NA,NA
VCU,2022-12-13T00:00:00Z,2022-12-13T11:36:00Z,NA,Not Visible,Not Visible,Not Visible,NA,NA,NA,NA,NA
VCU,2023-01-11T00:00:00Z,2023-01-11T09:20:00Z,NA,Not Visible,Not Visible,Not Visible,NA,NA,NA,NA,NA
VCU,2023-02-07T00:00:00Z,2023-02-07T12:16:00Z,NA,Not Visible,Not Visible,Not Visible,NA,NA,NA,NA,NA
VCU,2023-03-16T00:00:00Z,2023-03-16T10:57:00Z,NA,Not Visible,Not Visible,Not Visible,NA,NA,NA,NA,NA
VCU,2023-04-18T00:00:00Z,2023-04-18T11:28:00Z,NA,Low,Low,Not Visible,NA,NA,NA,NA,NA
VCU,2023-05-16T00:00:00Z,2023-05-16T10:12:00Z,Species(Egeria),Low,Not Visible,Not Visible,NA,NA,NA,NA,NA
VCU,2023-06-06T00:00:00Z,2023-06-06T11:56:00Z,NA,Medium,Low,Not Visible,NA,NA,NA,NA,NA
VCU,2023-07-11T00:00:00Z,2023-07-11T10:05:00Z,NA,Low,Not Visible,Not Visible,NA,NA,NA,NA,NA
VCU,2023-08-01T00:00:00Z,2023-08-01T11:57:00Z,NA,Low,Not Visible,Low,NA,NA,NA,NA,NA
VCU,2023-09-07T00:00:00Z,2023-09-07T11:50:00Z,NA,Not Visible,Not Visible,Medium,NA,NA,NA,NA,NA
VCU,2023-10-05T00:00:00Z,2023-10-05T11:20:00Z,NA,Not Visible,Not Visible,Low,NA,NA,NA,NA,NA
VCU,2023-12-05T00:00:00Z,2023-12-05T12:45:00Z,NA,Not Visible,Not Visible,Not Visible,NA,NA,NA,NA,NA
VCU,2024-01-09T00:00:00Z,2024-01-09T13:16:00Z,NA,Not Visible,Not Visible,Not Visible,NA,NA,NA,NA,NA
VCU,2024-02-08T00:00:00Z,2024-02-08T13:25:00Z,NA,Not Visible,Not Visible,Not Visible,NA,NA,NA,NA,NA
VCU,2024-03-05T00:00:00Z,2024-03-05T12:56:00Z,NA,Not Visible,Not Visible,Not Visible,NA,NA,NA,NA,NA
VCU,2024-04-09T00:00:00Z,2024-04-09T12:27:00Z,NA,Low,Not Visible,Not Visible,NA,NA,NA,NA,NA
VCU,2024-05-07T00:00:00Z,2024-05-07T12:00:00Z,NA,Low,Not Visible,Not Visible,NA,NA,NA,NA,NA
VCU,2024-06-12T00:00:00Z,2024-06-12T11:57:00Z,NA,Low,Not Visible,Low,NA,NA,NA,NA,NA
VCU,2024-07-09T00:00:00Z,2024-07-09T09:56:00Z,NA,Low,Not Visible,Medium,NA,NA,NA,NA,NA
VCU,2024-08-14T00:00:00Z,2024-08-14T11:21:00Z,NA,Medium,Not Visible,Medium,NA,NA,NA,NA,NA
VCU,2024-09-11T00:00:00Z,2024-09-11T10:28:00Z,NA,Medium,Not Visible,Medium,NA,NA,NA,NA,NA
VCU,2024-10-09T00:00:00Z,2024-10-09T10:41:00Z,NA,Low,Not Visible,Medium,NA,NA,NA,NA,NA
VCU,2024-11-05T00:00:00Z,2024-11-05T10:44:00Z,NA,Not Visible,Not Visible,Low,NA,NA,NA,NA,NA
VCU,2024-12-10T00:00:00Z,2024-12-10T12:58:00Z,NA,Not Visible,Low,Not Visible,NA,NA,NA,NA,NA
VCU,2025-01-07T00:00:00Z,2025-01-07T11:23:00Z,NA,Not Visible,Not Visible,Not Visible,NA,NA,NA,NA,NA
VCU,2025-02-12T00:00:00Z,2025-02-12T11:28:00Z,NA,Not Visible,Not Visible,Not Visible,NA,NA,NA,NA,NA
VCU,2025-03-20T00:00:00Z,2025-03-20T10:04:00Z,NA,Not Visible,Not Visible,Not Visible,NA,NA,NA,NA,NA
VCU,2025-04-16T00:00:00Z,2025-04-16T10:30:00Z,NA,Medium,Not Visible,Not Visible,NA,NA,NA,NA,NA
VCU,2025-05-22T00:00:00Z,2025-05-22T10:15:00Z,NA,Low,Not Visible,Low,NA,NA,NA,NA,NA
VCU,2025-06-10T00:00:00Z,2025-06-10T10:48:00Z,NA,Medium,Not Visible,Low,NA,NA,NA,NA,NA
VCU,2025-07-01T00:00:00Z,2025-07-01T10:37:00Z,NA,Not Visible,Low,Medium,NA,NA,NA,NA,NA
VCU,2025-07-30T00:00:00Z,2025-07-30T10:36:00Z,NA,Not Visible,Not Visible,Low,NA,NA,NA,NA,NA
VCU,2025-08-26T00:00:00Z,2025-08-26T11:15:00Z,NA,Low,Not Visible,Medium,NA,NA,NA,NA,NA
VCU,2025-09-24T00:00:00Z,2025-09-24T11:12:00Z,NA,Low,Low,Low,NA,NA,2,NA,NA
VCU,2025-11-18T00:00:00Z,2025-11-18T11:59:00Z,NA,Not Visible,Low,Not Visible,NA,NA,2,NA,NA
WCBR,2022-01-19T00:00:00Z,2022-01-19T12:15:00Z,NA,NA,High,NA,NA,NA,4,NA,NA
WCBR,2022-02-09T00:00:00Z,2022-02-09T12:27:00Z,NA,NA,Extreme,NA,NA,NA,5,NA,NA
WCI,2018-05-24T00:00:00Z,2018-05-24T11:36:00Z,NA,NA,Not Visible,Not Visible,NA,NA,NA,NA,NA
WCI,2018-07-10T00:00:00Z,2018-07-10T09:08:00Z,NA,Not Visible,Not Visible,Medium,NA,NA,NA,NA,NA
WCI,2018-08-03T00:00:00Z,2018-08-03T09:16:00Z,NA,Not Visible,Not Visible,Medium,NA,NA,NA,NA,NA
WCI,2018-08-21T00:00:00Z,2018-08-21T10:05:00Z,Primrose wrapped around station,Not Visible,Medium,Medium,NA,NA,NA,NA,3
WCI,2018-09-18T00:00:00Z,2018-09-18T13:30:00Z,NA,Not Visible,Not Visible,Low,NA,NA,NA,NA,NA
WCI,2018-10-18T00:00:00Z,2018-10-18T12:35:00Z,NA,Not Visible,Not Visible,Medium,NA,NA,NA,NA,NA
WCI,2018-11-14T00:00:00Z,2018-11-14T12:34:00Z,NA,Not Visible,Low,Not Visible,NA,2,2,NA,NA
WCI,2019-01-02T00:00:00Z,2019-01-02T10:18:00Z,NA,Not Visible,Low,Not Visible,NA,NA,2,NA,NA
WCI,2019-02-05T00:00:00Z,2019-02-05T12:35:00Z,NA,Not Visible,Not Visible,Not Visible,NA,NA,NA,NA,NA
WCI,2019-03-13T00:00:00Z,2019-03-13T13:00:00Z,NA,Not Visible,Not Visible,Not Visible,NA,NA,NA,NA,NA
WCI,2019-04-24T00:00:00Z,2019-04-24T12:18:00Z,NA,Not Visible,Not Visible,Not Visible,NA,NA,NA,NA,NA
WCI,2019-06-04T00:00:00Z,2019-06-04T12:11:00Z,NA,Not Visible,Not Visible,Not Visible,NA,NA,NA,NA,NA
WCI,2019-07-01T00:00:00Z,2019-07-01T12:37:00Z,Egeria(2),Low,Not Visible,Not Visible,NA,NA,NA,NA,NA
WCI,2019-07-31T00:00:00Z,2019-07-31T12:42:00Z,NA,Not Visible,Low,High,NA,NA,2,NA,NA
WCI,2019-08-28T00:00:00Z,2019-08-28T09:17:00Z,Egeria(2),Low,Low,Low,NA,NA,2,NA,NA
WCI,2019-10-14T00:00:00Z,2019-10-14T13:02:00Z,NA,Not Visible,Not Visible,Low,NA,NA,NA,NA,NA
WCI,2019-11-13T00:00:00Z,2019-11-13T12:34:00Z,NA,Not Visible,Not Visible,Not Visible,NA,2,1,NA,NA
WCI,2020-01-07T00:00:00Z,2020-01-07T13:09:00Z,NA,Not Visible,Not Visible,Not Visible,NA,NA,NA,NA,NA
WCI,2020-02-06T00:00:00Z,2020-02-06T11:54:00Z,NA,Low,Not Visible,Not Visible,NA,NA,NA,NA,NA
WCI,2020-03-11T00:00:00Z,2020-03-11T11:26:00Z,NA,Not Visible,Not Visible,Not Visible,NA,NA,NA,NA,NA
WCI,2020-04-06T00:00:00Z,2020-04-06T12:12:00Z,NA,Not Visible,Not Visible,Not Visible,NA,NA,NA,NA,NA
WCI,2020-05-05T00:00:00Z,2020-05-05T12:00:00Z,NA,Not Visible,Not Visible,Not Visible,NA,NA,NA,NA,NA
WCI,2020-06-03T00:00:00Z,2020-06-03T11:20:00Z,NA,Not Visible,Not Visible,Low,NA,NA,NA,NA,NA
WCI,2020-07-01T00:00:00Z,2020-07-01T11:49:00Z,NA,Not Visible,Not Visible,High,NA,NA,NA,NA,NA
WCI,2020-08-11T00:00:00Z,2020-08-11T13:03:00Z,NA,Not Visible,Low,Medium,NA,NA,2,NA,NA
WCI,2020-09-17T00:00:00Z,2020-09-17T12:05:00Z,NA,Not Visible,Not Visible,High,NA,NA,NA,NA,NA
WCI,2020-10-29T00:00:00Z,2020-10-29T10:15:00Z,NA,Not Visible,Not Visible,Not Visible,NA,NA,2,NA,NA
WCI,2020-12-03T00:00:00Z,2020-12-03T10:43:00Z,NA,Not Visible,Medium,Not Visible,NA,NA,NA,NA,NA
WCI,2021-01-04T00:00:00Z,2021-01-04T10:34:00Z,NA,Not Visible,Medium,Not Visible,NA,NA,3,NA,NA
WCI,2021-02-18T00:00:00Z,2021-02-18T10:58:00Z,NA,Not Visible,Low,Not Visible,NA,NA,NA,NA,NA
WCI,2021-03-23T00:00:00Z,2021-03-23T10:35:00Z,NA,Not Visible,High,Not Visible,NA,NA,3,NA,NA
WCI,2021-04-15T00:00:00Z,2021-04-15T10:30:00Z,NA,Not Visible,Not Visible,Not Visible,NA,NA,NA,NA,NA
WCI,2021-05-19T00:00:00Z,2021-05-19T09:33:00Z,NA,Not Visible,Not Visible,Not Visible,NA,NA,NA,NA,NA
WCI,2021-06-16T00:00:00Z,2021-06-16T09:11:00Z,NA,Not Visible,Not Visible,Low,NA,NA,NA,NA,NA
WCI,2021-07-21T00:00:00Z,2021-07-21T10:13:00Z,NA,Not Visible,Not Visible,Low,NA,NA,NA,NA,NA
WCI,2021-08-10T00:00:00Z,2021-08-10T10:18:00Z,NA,Low,Not Visible,Not Visible,NA,NA,NA,NA,NA
WCI,2021-09-08T00:00:00Z,2021-09-08T10:20:00Z,NA,Low,Not Visible,Low,NA,NA,NA,NA,NA
WCI,2021-10-13T00:00:00Z,2021-10-13T09:59:00Z,NA,Low,Not Visible,Low,NA,NA,NA,NA,NA
WCI,2021-11-18T00:00:00Z,2021-11-18T10:56:00Z,NA,Low,Not Visible,Not Visible,NA,NA,NA,NA,NA
WCI,2021-12-14T00:00:00Z,2021-12-14T10:16:00Z,NA,Not Visible,High,Not Visible,NA,NA,4,NA,NA
WCI,2022-01-11T00:00:00Z,2022-01-11T10:56:00Z,NA,Not Visible,Low,Not Visible,NA,NA,2,NA,NA
WCI,2022-03-08T00:00:00Z,2022-03-08T10:58:00Z,NA,Not Visible,Not Visible,Not Visible,NA,NA,NA,NA,NA
WCI,2022-02-08T00:00:00Z,2022-02-08T10:26:00Z,FAV passing by with current. SAV at base of housing.,Low,Low,Not Visible,NA,NA,2,NA,NA
WCI,2022-03-29T00:00:00Z,2022-03-29T09:33:00Z,NA,Not Visible,Not Visible,Not Visible,NA,NA,NA,NA,NA
WCI,2022-04-12T00:00:00Z,2022-04-12T09:26:00Z,NA,Not Visible,Not Visible,Not Visible,NA,NA,NA,NA,NA
WCI,2022-05-10T00:00:00Z,2022-05-10T10:16:00Z,NA,Not Visible,Not Visible,Not Visible,NA,NA,NA,NA,NA
WCI,2022-06-06T00:00:00Z,2022-06-06T09:40:00Z,NA,Not Visible,Not Visible,Low,NA,NA,NA,NA,NA
WCI,2022-07-12T00:00:00Z,2022-07-12T09:46:00Z,NA,Low,Not Visible,Medium,NA,NA,NA,NA,NA
WCI,2022-08-09T00:00:00Z,2022-08-09T10:02:00Z,NA,Not Visible,Not Visible,Low,NA,NA,NA,NA,NA
WCI,2022-09-13T00:00:00Z,2022-09-13T12:41:00Z,NA,Not Visible,Not Visible,Low,NA,NA,NA,NA,NA
WCI,2022-10-10T00:00:00Z,2022-10-10T09:45:00Z,NA,Not Visible,Not Visible,Low,NA,NA,NA,NA,NA
WCI,2022-11-08T00:00:00Z,2022-11-08T11:01:00Z,NA,Not Visible,Low,Low,NA,NA,2,NA,NA
WCI,2022-12-13T00:00:00Z,2022-12-13T11:05:00Z,NA,Medium,Low,Not Visible,NA,NA,NA,NA,NA
WCI,2023-01-11T00:00:00Z,2023-01-11T09:44:00Z,NA,Medium,Medium,Not Visible,NA,NA,NA,NA,NA
WCI,2023-02-07T00:00:00Z,2023-02-07T11:50:00Z,NA,Low,Not Visible,Not Visible,NA,NA,NA,NA,NA
WCI,2023-03-16T00:00:00Z,2023-03-16T10:02:00Z,NA,Not Visible,Not Visible,Not Visible,NA,NA,NA,NA,NA
WCI,2023-04-18T00:00:00Z,2023-04-18T10:49:00Z,NA,Not Visible,Not Visible,Not Visible,NA,NA,NA,NA,NA
WCI,2023-05-16T00:00:00Z,2023-05-16T10:48:00Z,NA,Not Visible,Not Visible,Not Visible,NA,NA,NA,NA,NA
WCI,2023-06-06T00:00:00Z,2023-06-06T11:18:00Z,NA,Not Visible,Not Visible,Not Visible,NA,NA,NA,NA,NA
WCI,2023-06-27T00:00:00Z,2023-06-27T10:28:00Z,NA,Not Visible,Not Visible,Not Visible,NA,NA,NA,NA,NA
WCI,2023-08-01T00:00:00Z,2023-08-01T11:13:00Z,NA,Low,Not Visible,Low,NA,NA,NA,NA,NA
WCI,2023-09-07T00:00:00Z,2023-09-07T11:15:00Z,NA,Not Visible,Not Visible,Medium,NA,NA,NA,NA,NA
WCI,2023-10-05T00:00:00Z,2023-10-05T10:43:00Z,NA,Not Visible,Not Visible,Low,NA,NA,NA,NA,NA
WCI,2023-12-05T00:00:00Z,2023-12-05T12:12:00Z,NA,Not Visible,Low,Not Visible,NA,NA,2,NA,NA
WCI,2024-01-09T00:00:00Z,2024-01-09T12:42:00Z,NA,Not Visible,Not Visible,Not Visible,NA,NA,NA,NA,NA
WCI,2024-02-08T00:00:00Z,2024-02-08T12:50:00Z,NA,Not Visible,Not Visible,Not Visible,NA,NA,NA,NA,NA
WCI,2024-03-05T00:00:00Z,2024-03-05T12:30:00Z,NA,Not Visible,Not Visible,Not Visible,NA,NA,NA,NA,NA
WCI,2024-04-09T00:00:00Z,2024-04-09T11:43:00Z,NA,Not Visible,Not Visible,Not Visible,NA,NA,NA,NA,NA
WCI,2024-05-07T00:00:00Z,2024-05-07T11:19:00Z,NA,Not Visible,Not Visible,Not Visible,NA,NA,NA,NA,NA
WCI,2024-06-12T00:00:00Z,2024-06-12T11:25:00Z,NA,Not Visible,Not Visible,Low,NA,NA,NA,NA,NA
WCI,2024-07-02T00:00:00Z,2024-07-02T08:51:00Z,NA,Not Visible,Not Visible,Low,NA,NA,NA,NA,NA
WCI,2024-08-06T00:00:00Z,2024-08-06T10:09:00Z,NA,Not Visible,Not Visible,Medium,NA,NA,NA,NA,NA
WCI,2024-09-05T00:00:00Z,2024-09-05T08:52:00Z,NA,Not Visible,Not Visible,Low,NA,NA,NA,NA,NA
WCI,2024-10-15T00:00:00Z,2024-10-15T09:34:00Z,NA,Low,Low,Low,NA,NA,NA,NA,NA
WCI,2024-11-05T00:00:00Z,2024-11-05T10:24:00Z,NA,Not Visible,Not Visible,Low,NA,NA,NA,NA,NA
WCI,2024-12-10T00:00:00Z,2024-12-10T12:33:00Z,NA,Not Visible,Not Visible,Not Visible,NA,NA,NA,NA,NA
WCI,2025-01-07T00:00:00Z,2025-01-07T10:55:00Z,NA,Not Visible,Not Visible,Not Visible,NA,NA,NA,NA,NA
WCI,2025-02-12T00:00:00Z,2025-02-12T11:04:00Z,NA,Not Visible,Not Visible,Not Visible,NA,NA,NA,NA,NA
WCI,2025-03-20T00:00:00Z,2025-03-20T09:40:00Z,NA,Not Visible,Not Visible,Not Visible,NA,NA,NA,NA,NA
WCI,2025-04-16T00:00:00Z,2025-04-16T10:05:00Z,NA,Not Visible,Not Visible,Not Visible,NA,NA,NA,NA,NA
WCI,2025-05-22T00:00:00Z,2025-05-22T09:44:00Z,NA,Not Visible,Not Visible,Low,NA,NA,NA,NA,NA
WCI,2025-06-26T00:00:00Z,2025-06-26T09:08:00Z,NA,Low,Not Visible,Low,NA,NA,NA,NA,NA
WCI,2025-07-23T00:00:00Z,2025-07-23T09:51:00Z,NA,Low,Not Visible,Low,NA,NA,NA,NA,NA
WCI,2025-08-14T00:00:00Z,2025-08-14T09:32:00Z,NA,Not Visible,Not Visible,Low,NA,NA,NA,NA,NA
WCI,2025-09-18T00:00:00Z,2025-09-18T09:45:00Z,NA,Low,Low,Low,NA,NA,NA,NA,NA
WCI,2025-10-14T00:00:00Z,2025-10-14T09:49:00Z,NA,Low,Not Visible,Low,NA,NA,NA,NA,NA
WCI,2025-11-18T00:00:00Z,2025-11-18T11:15:00Z,NA,Not Visible,Low,Low,NA,NA,2,NA,NA
WCNM,2022-02-23T00:00:00Z,2022-02-23T11:53:00Z,NA,Medium,Low,Not Visible,NA,NA,NA,NA,NA
WCNM,2022-03-31T00:00:00Z,2022-03-31T11:45:00Z,NA,NA,NA,NA,NA,NA,NA,NA,NA
WCNM,2022-04-27T00:00:00Z,2022-04-27T10:29:00Z,NA,Medium,Not Visible,Not Visible,NA,NA,NA,NA,NA
WCNM,2022-06-01T00:00:00Z,2022-06-01T11:22:00Z,NA,Low,Low,NA,NA,NA,NA,NA,NA
WCNM,2022-07-27T00:00:00Z,2022-07-27T10:47:00Z,NA,Medium,Not Visible,Not Visible,NA,NA,NA,NA,NA
WCNM,2022-08-24T00:00:00Z,2022-08-24T09:39:00Z,NA,Medium,Medium,NA,NA,NA,NA,NA,NA
WCNM,2022-09-28T00:00:00Z,2022-09-28T10:00:00Z,NA,High,Medium,NA,NA,NA,NA,NA,NA
WCNM,2022-10-26T00:00:00Z,2022-10-26T10:05:00Z,NA,Medium,Medium,Not Visible,NA,NA,NA,NA,NA
WCNM,2022-12-15T00:00:00Z,2022-12-15T13:57:00Z,NA,Medium,Medium,Not Visible,NA,NA,NA,NA,NA
WCNM,2023-02-01T00:00:00Z,2023-02-01T13:40:00Z,NA,Medium,Not Visible,Not Visible,NA,NA,NA,NA,NA
WCNM,2023-05-17T00:00:00Z,2023-05-17T11:44:00Z,NA,Medium,Not Visible,Not Visible,NA,NA,NA,NA,NA
WCNM,2023-07-20T00:00:00Z,2023-07-20T11:50:00Z,NA,Medium,Low,Not Visible,NA,NA,NA,NA,NA
WCNM,2023-09-27T00:00:00Z,2023-09-27T10:50:00Z,NA,Low,Low,Not Visible,NA,NA,NA,NA,NA
WCNM,2023-11-29T00:00:00Z,2023-11-29T11:57:00Z,NA,Low,Low,NA,NA,NA,NA,NA,NA
WCNM,2024-01-17T00:00:00Z,2024-01-17T11:44:00Z,NA,Low,Low,NA,NA,NA,NA,NA,NA
WDC,2017-11-16T00:00:00Z,2017-11-16T10:31:00Z,NA,NA,NA,Not Visible,NA,NA,NA,NA,NA
WDC,2017-12-21T00:00:00Z,2017-12-21T10:59:00Z,NA,NA,Extreme,Not Visible,NA,NA,5,NA,NA
WDC,2018-01-05T00:00:00Z,2018-01-05T10:44:00Z,NA,Not Visible,NA,Not Visible,NA,NA,NA,NA,NA
WDC,2018-01-30T00:00:00Z,2018-01-30T11:46:00Z,NA,NA,NA,Not Visible,NA,NA,NA,NA,NA
WDC,2017-10-03T00:00:00Z,2017-10-03T10:29:00Z,NA,NA,NA,NA,NA,NA,NA,NA,NA
WDC,2018-02-28T00:00:00Z,2018-02-28T11:17:00Z,NA,NA,NA,Not Visible,NA,NA,NA,NA,NA
WDC,2018-04-20T00:00:00Z,2018-04-20T09:27:00Z,NA,NA,NA,Not Visible,NA,NA,NA,NA,NA
WDC,2018-05-23T00:00:00Z,2018-05-23T10:18:00Z,NA,NA,NA,Not Visible,NA,NA,NA,NA,NA
WDC,2018-06-19T00:00:00Z,2018-06-19T10:48:00Z,NA,NA,NA,Not Visible,NA,NA,NA,NA,NA
WDC,2018-07-17T00:00:00Z,2018-07-17T10:48:00Z,NA,NA,NA,High,NA,NA,NA,NA,NA
WDC,2018-08-17T00:00:00Z,2018-08-17T09:15:00Z,NA,NA,NA,Low,NA,NA,NA,NA,NA
WDC,2018-10-11T00:00:00Z,2018-10-11T10:04:00Z,NA,Not Visible,Extreme,High,NA,NA,5,NA,1
WDC,2018-11-08T00:00:00Z,2018-11-08T11:56:00Z,NA,NA,Extreme,Low,NA,NA,4,NA,1
WDC,2018-12-06T00:00:00Z,2018-12-06T11:00:00Z,NA,Not Visible,Medium,Not Visible,NA,NA,3,NA,NA
WDC,2019-01-23T00:00:00Z,2019-01-23T11:04:00Z,NA,Not Visible,Low,Not Visible,NA,NA,1,NA,NA
WDC,2019-02-20T00:00:00Z,2019-02-20T11:27:00Z,NA,Not Visible,Low,Not Visible,NA,NA,1,NA,NA
WDC,2019-03-26T00:00:00Z,2019-03-26T11:03:00Z,NA,Not Visible,Not Visible,Not Visible,NA,NA,NA,NA,NA
WDC,2019-04-25T00:00:00Z,2019-04-25T10:45:00Z,NA,Low,Not Visible,Not Visible,NA,NA,NA,NA,NA
WDC,2019-05-22T00:00:00Z,2019-05-22T11:19:00Z,NA,Not Visible,Not Visible,Not Visible,NA,NA,NA,NA,NA
WDC,2019-06-26T00:00:00Z,2019-06-26T10:58:00Z,NA,Not Visible,Low,Not Visible,NA,NA,2,NA,2
WDC,2019-08-01T00:00:00Z,2019-08-01T09:49:00Z,NA,Medium,High,Medium,NA,NA,3,NA,3
WDC,2019-09-10T00:00:00Z,2019-09-10T10:57:00Z,NA,High,Medium,Low,NA,NA,2,NA,1
WDC,2019-10-18T00:00:00Z,2019-10-18T12:35:00Z,NA,High,NA,Not Visible,NA,NA,4,NA,4
WDC,2019-12-03T00:00:00Z,2019-12-03T12:59:00Z,NA,Not Visible,Low,Not Visible,NA,NA,2,NA,NA
WDC,2020-01-08T00:00:00Z,2020-01-08T12:45:00Z,NA,Not Visible,Low,Not Visible,NA,NA,2,NA,NA
WDC,2020-02-11T00:00:00Z,2020-02-11T12:45:00Z,NA,Not Visible,High,Not Visible,NA,NA,4,NA,NA
WDC,2020-03-12T00:00:00Z,2020-03-12T12:02:00Z,NA,Not Visible,Medium,Not Visible,NA,NA,3,NA,NA
WDC,2020-04-13T00:00:00Z,2020-04-13T10:28:00Z,NA,Medium,High,Not Visible,NA,NA,4,NA,3
WDC,2020-05-14T00:00:00Z,2020-05-14T11:20:00Z,NA,Medium,High,Medium,NA,NA,4,NA,4
WDC,2020-06-18T00:00:00Z,2020-06-18T11:15:00Z,NA,Low,Extreme,Medium,NA,NA,4,NA,5
WDC,2020-07-16T00:00:00Z,2020-07-16T11:03:00Z,NA,High,High,Low,NA,NA,4,NA,2
WDC,2020-08-13T00:00:00Z,2020-08-13T10:48:00Z,NA,Low,High,Medium,NA,NA,NA,NA,NA
WDC,2020-09-10T00:00:00Z,2020-09-10T10:43:00Z,NA,Not Visible,Medium,Medium,NA,NA,NA,NA,NA
WDC,2020-10-22T00:00:00Z,2020-10-22T10:30:00Z,NA,NA,NA,NA,NA,NA,NA,NA,NA
WDC,2020-11-25T00:00:00Z,2020-11-25T10:12:00Z,NA,Not Visible,Low,Not Visible,NA,NA,NA,NA,NA
WDC,2020-12-16T00:00:00Z,2020-12-16T10:15:00Z,NA,NA,Medium,NA,NA,NA,NA,NA,NA
WDC,2021-01-13T00:00:00Z,2021-01-13T08:33:00Z,NA,Low,Not Visible,Not Visible,NA,NA,NA,NA,NA
WDC,2021-02-10T00:00:00Z,2021-02-10T08:42:00Z,NA,NA,NA,Not Visible,NA,NA,NA,NA,NA
WDC,2021-03-11T00:00:00Z,2021-03-11T08:39:00Z,NA,Not Visible,Not Visible,Not Visible,NA,NA,NA,NA,NA
WDC,2021-04-13T00:00:00Z,2021-04-13T07:44:00Z,NA,NA,NA,NA,NA,NA,NA,NA,NA
WDC,2021-05-12T00:00:00Z,2021-05-12T07:33:00Z,NA,Low,Low,Not Visible,NA,NA,NA,NA,NA
WDC,2021-06-15T00:00:00Z,2021-06-15T10:15:00Z,NA,Medium,Low,NA,NA,NA,NA,NA,NA
WDC,2021-07-14T00:00:00Z,2021-07-14T07:50:00Z,NA,Medium,High,Medium,NA,NA,NA,NA,NA
WDC,2021-08-17T00:00:00Z,2021-08-17T08:12:00Z,NA,NA,Low,Not Visible,NA,NA,NA,NA,NA
WDC,2021-09-22T00:00:00Z,2021-09-22T09:00:00Z,NA,Not Visible,Not Visible,Not Visible,NA,NA,NA,NA,NA
WDC,2021-10-14T00:00:00Z,2021-10-14T09:53:00Z,NA,NA,NA,Not Visible,NA,NA,NA,NA,NA
WDC,2021-11-10T00:00:00Z,2021-11-10T09:35:00Z,NA,NA,NA,Not Visible,NA,NA,NA,NA,NA
WDC,2021-12-09T00:00:00Z,2021-12-09T08:19:00Z,NA,Not Visible,Not Visible,Not Visible,NA,NA,NA,NA,NA
WDC,2022-01-26T00:00:00Z,2022-01-26T09:15:00Z,NA,NA,NA,Not Visible,NA,NA,NA,NA,NA
WDC,2022-02-16T00:00:00Z,2022-02-16T08:20:00Z,NA,Low,Low,Not Visible,NA,NA,NA,NA,NA
WDC,2022-03-23T00:00:00Z,2022-03-23T07:18:00Z,NA,Not Visible,Medium,Medium,NA,NA,NA,NA,NA
WDC,2022-04-25T00:00:00Z,2022-04-25T08:10:00Z,NA,NA,Not Visible,Not Visible,NA,NA,NA,NA,NA
WDC,2022-07-13T00:00:00Z,2022-07-13T08:12:00Z,NA,NA,NA,NA,NA,NA,NA,NA,NA
WDC,2022-08-16T00:00:00Z,2022-08-16T09:19:00Z,NA,NA,NA,NA,NA,NA,NA,NA,NA
WDC,2022-09-20T00:00:00Z,2022-09-20T08:37:00Z,NA,NA,NA,NA,NA,NA,NA,NA,NA
WDC,2022-10-13T00:00:00Z,2022-10-13T09:27:00Z,NA,NA,NA,NA,NA,NA,NA,NA,NA
WDC,2022-11-22T00:00:00Z,2022-11-22T10:55:00Z,NA,Low,Medium,Low,NA,NA,NA,NA,NA
WDC,2023-01-12T00:00:00Z,2023-01-12T11:41:00Z,NA,Not Visible,Not Visible,Not Visible,NA,NA,NA,NA,NA
WDC,2023-02-16T00:00:00Z,2023-02-16T09:06:00Z,NA,NA,NA,NA,NA,NA,NA,NA,NA
WDC,2023-04-06T00:00:00Z,2023-04-06T10:28:00Z,NA,Not Visible,Not Visible,Not Visible,NA,NA,NA,NA,NA
WDC,2023-05-25T00:00:00Z,2023-05-25T10:01:00Z,NA,Low,Not Visible,Not Visible,NA,NA,NA,NA,NA
WDC,2023-07-31T00:00:00Z,2023-07-31T10:15:00Z,NA,Low,Low,Not Visible,NA,NA,NA,NA,NA
WDC,2023-09-12T00:00:00Z,2023-09-12T12:15:00Z,NA,Not Visible,Low,Not Visible,NA,NA,NA,NA,NA
WDC,2023-10-19T00:00:00Z,2023-10-19T10:56:00Z,NA,Not Visible,Low,Low,NA,NA,NA,NA,NA
WDC,2023-12-07T00:00:00Z,2023-12-07T12:06:00Z,NA,Not Visible,Not Visible,Not Visible,NA,NA,NA,NA,NA
WDC,2024-01-11T00:00:00Z,2024-01-11T13:57:00Z,NA,Not Visible,Not Visible,Not Visible,NA,NA,NA,NA,NA
WDC,2024-02-22T00:00:00Z,2024-02-22T10:55:00Z,NA,Not Visible,Not Visible,Not Visible,NA,NA,NA,NA,NA
WDC,2024-03-21T00:00:00Z,2024-03-21T08:17:00Z,NA,NA,NA,Low,NA,NA,NA,NA,NA
WDC,2024-05-02T00:00:00Z,2024-05-02T08:13:00Z,NA,Not Visible,Not Visible,Not Visible,NA,NA,NA,NA,NA
WDC,2024-06-06T00:00:00Z,2024-06-06T09:11:00Z,NA,NA,NA,High,NA,NA,NA,NA,NA
WDC,2024-07-11T00:00:00Z,2024-07-11T08:05:00Z,NA,NA,NA,NA,NA,NA,NA,NA,NA
WDC,2024-08-22T00:00:00Z,2024-08-22T07:30:00Z,NA,NA,NA,NA,NA,NA,NA,NA,NA
WDC,2024-09-25T00:00:00Z,2024-09-25T09:36:00Z,NA,NA,NA,Medium,NA,NA,NA,NA,NA
WDC,2024-10-24T00:00:00Z,2024-10-24T08:19:00Z,NA,Not Visible,Not Visible,Extreme,NA,NA,NA,NA,NA
WDC,2024-12-10T00:00:00Z,2024-12-10T11:00:00Z,NA,NA,NA,NA,NA,NA,NA,NA,NA
WDC,2025-01-23T00:00:00Z,2025-01-23T11:19:00Z,Egeria,Low,High,Not Visible,NA,NA,3,NA,3
YBT,2025-09-25T00:00:00Z,2025-09-25T07:17:00Z,NA,Not Visible,High,Not Visible,NA,NA,NA,NA,4
YBT,2025-10-28T00:00:00Z,2025-10-28T07:31:00Z,NA,High,High,Not Visible,NA,NA,NA,NA,NA
YBT,2025-11-25T00:00:00Z,2025-11-25T08:29:00Z,NA,Medium,Medium,Not Visible,NA,NA,NA,NA,3
